Date,Open,High,Low,Close,Volume,Dividends,Stock Splits
2019-03-20 00:00:00-04:00,34.966190253356416,35.46333987781172,32.8118752140501,33.01073455810547,2350800,0.0,0.0
2019-03-21 00:00:00-04:00,33.13666667462798,33.14329422087378,31.950136134648854,32.46717071533203,1764700,0.0,0.0
2019-03-22 00:00:00-04:00,32.34785612884066,33.11015294213296,31.923622348050536,32.21528244018555,844700,0.0,0.0
2019-03-25 00:00:00-04:00,32.21529372764841,32.74558866807143,31.81757505096482,32.579872131347656,440900,0.0,0.0
2019-03-26 00:00:00-04:00,32.48043907518304,32.97758865286441,31.936889072542087,32.38100814819336,504700,0.0,0.0
2019-03-27 00:00:00-04:00,32.48043920643939,33.660340066408544,32.48043920643939,33.209590911865234,1788600,0.0,0.0
2019-03-28 00:00:00-04:00,33.73989429895162,33.806179914781836,33.086970615623876,33.706748962402344,585400,0.0,0.0
2019-03-29 00:00:00-04:00,32.82513719993648,34.787220704809876,32.59976257244196,34.223785400390625,1769000,0.0,0.0
2019-04-01 00:00:00-04:00,34.6679008346509,36.05329125704653,33.97189184884044,35.463340759277344,19663400,0.0,0.0
2019-04-02 00:00:00-04:00,36.53718110079334,38.04188754911328,35.99363106572509,37.28622055053711,17414200,0.0,0.0
2019-04-03 00:00:00-04:00,37.83640063856186,37.91594386766739,36.7956984681936,37.703826904296875,15066200,0.0,0.0
2019-04-04 00:00:00-04:00,37.91594563388359,40.11666112784255,37.84965749934641,39.57973861694336,13309200,0.0,0.0
2019-04-05 00:00:00-04:00,38.704749761745184,39.0958408476162,37.2994743890533,37.94245529174805,17000800,0.0,0.0
2019-04-08 00:00:00-04:00,37.451940823133555,38.70475755405164,37.29948189844006,37.88280487060547,10764600,0.0,0.0
2019-04-09 00:00:00-04:00,37.65079870622336,37.91594619100048,37.17353677371189,37.29948043823242,9179900,0.0,0.0
2019-04-10 00:00:00-04:00,37.113876486964344,37.39227905348869,36.523923495200236,36.92827224731445,9081900,0.0,0.0
2019-04-11 00:00:00-04:00,36.921642300298195,37.25970289892444,36.34494950093178,36.38471984863281,7346100,0.0,0.0
2019-04-12 00:00:00-04:00,37.07409644716935,38.664975895735246,37.07409644716935,38.64508819580078,9281700,0.0,0.0
2019-04-15 00:00:00-04:00,38.82406843651333,39.00967014090472,37.97560061228579,38.3004035949707,5727300,0.0,0.0
2019-04-16 00:00:00-04:00,38.91686544913011,39.10246966384315,38.34017268978716,38.77766418457031,6681600,0.0,0.0
2019-04-17 00:00:00-04:00,39.07595054980625,39.14223613724035,38.5788010581513,38.65834426879883,6420700,0.0,0.0
2019-04-18 00:00:00-04:00,38.68486859216571,38.850585128267426,38.147946104888035,38.29377746582031,5178800,0.0,0.0
2019-04-22 00:00:00-04:00,38.10155029688618,38.71801608822178,37.95571891827183,38.37332534790039,4401700,0.0,0.0
2019-04-23 00:00:00-04:00,37.9755861536429,38.340161875019255,37.783354445207735,38.20758819580078,5687200,0.0,0.0
2019-04-24 00:00:00-04:00,38.108171773760425,38.373316686645865,37.031014401619395,37.107242584228516,5431300,0.0,0.0
2019-04-25 00:00:00-04:00,36.96141408005825,37.107245436968206,36.33832083181007,36.67638397216797,6260500,0.0,0.0
2019-04-26 00:00:00-04:00,36.656491031928454,36.85535033562851,36.42448893238393,36.623348236083984,4009800,0.0,0.0
2019-04-29 00:00:00-04:00,36.49078743339638,36.911708928293315,36.32507086691535,36.78907775878906,5935200,0.0,0.0
2019-04-30 00:00:00-04:00,36.961408339041846,37.919252068856785,36.85534987648089,37.60438919067383,6454100,0.0,0.0
2019-05-01 00:00:00-04:00,37.664057062886066,38.10154865119894,37.04096374881435,37.20668029785156,7644400,0.0,0.0
2019-05-02 00:00:00-04:00,36.815592323955705,37.44531577046807,34.48893035828138,34.93305206298828,13932700,0.0,0.0
2019-05-03 00:00:00-04:00,35.26448297547491,35.363911390070164,34.283441285391675,35.33076858520508,7401700,0.0,0.0
2019-05-06 00:00:00-04:00,34.56846057159417,35.81464674662687,34.27017038605812,35.43681335449219,6089500,0.0,0.0
2019-05-07 00:00:00-04:00,35.03910445864274,35.34733731395264,34.89990317653727,35.09876251220703,7330800,0.0,0.0
2019-05-08 00:00:00-04:00,35.35065394639549,35.39373933699906,34.674530151729286,34.78721618652344,5390700,0.0,0.0
2019-05-09 00:00:00-04:00,34.641381025796726,35.224703897644716,34.1707467050327,35.08550262451172,4579700,0.0,0.0
2019-05-10 00:00:00-04:00,35.092125660873656,35.60518532821614,34.793837979265035,35.17829895019531,4758100,0.0,0.0
2019-05-13 00:00:00-04:00,34.65464386657929,34.83361804267125,33.64708694671002,33.773033142089844,4213100,0.0,0.0
2019-05-14 00:00:00-04:00,34.02492161065008,35.131906897253295,33.70011607579361,34.78721618652344,4204500,0.0,0.0
2019-05-15 00:00:00-04:00,34.45578154919561,35.34733731395264,34.250292136111135,35.09876251220703,2928700,0.0,0.0
2019-05-16 00:00:00-04:00,35.324141784081405,35.49648589021157,34.9529357872797,35.11865234375,3689700,0.0,0.0
2019-05-17 00:00:00-04:00,34.694409770351754,34.813725863747834,33.58079458441059,33.6735954284668,4440800,0.0,0.0
2019-05-20 00:00:00-04:00,33.40844410619627,33.50124493243374,33.09026623247798,33.196327209472656,5168400,0.0,0.0
2019-05-21 00:00:00-04:00,33.328908421764,33.93211650280129,33.15656433945347,33.5609130859375,4968400,0.0,0.0
2019-05-22 00:00:00-04:00,33.448225387923635,33.5476563220727,33.120107351045625,33.282508850097656,3019100,0.0,0.0
2019-05-23 00:00:00-04:00,32.81186897145078,33.050501150369925,31.95677117320159,32.288204193115234,4919200,0.0,0.0
2019-05-24 00:00:00-04:00,32.73895404661594,32.86158517707926,32.109230788740305,32.61301040649414,2918900,0.0,0.0
2019-05-28 00:00:00-04:00,32.725701711196564,32.76547459122625,31.88386138198774,32.18878173828125,6613000,0.0,0.0
2019-05-29 00:00:00-04:00,31.950143625401957,32.76546855095353,31.824197459509477,32.288204193115234,3525900,0.0,0.0
2019-05-30 00:00:00-04:00,32.36218498114922,32.67827531330594,32.294932919861346,32.597572326660156,3777600,0.7,0.0
2019-05-31 00:00:00-04:00,32.25458169979599,32.2814835518096,31.440819917647893,31.44754409790039,3396900,0.0,0.0
2019-06-03 00:00:00-04:00,31.508079192366246,32.25458908081055,31.508079192366246,32.25458908081055,5905200,0.0,0.0
2019-06-04 00:00:00-04:00,32.73880787436312,33.579471588134766,32.71190601980194,33.579471588134766,7043000,0.0,0.0
2019-06-05 00:00:00-04:00,33.95608237080848,34.009883502569835,32.9876363440893,33.855201721191406,6413300,0.0,0.0
2019-06-06 00:00:00-04:00,33.814859625448484,34.50756833617544,33.72743243804305,34.33943557739258,6228100,0.0,0.0
2019-06-07 00:00:00-04:00,34.38650639461757,34.763122065012354,34.21164692007555,34.50083541870117,5391100,0.0,0.0
2019-06-10 00:00:00-04:00,34.78330383304187,35.03886376361797,34.68914990435571,34.71604919433594,5434400,0.0,0.0
2019-06-11 00:00:00-04:00,34.97160279003611,35.085931798485895,34.67569015154711,34.998504638671875,5144300,0.0,0.0
2019-06-12 00:00:00-04:00,35.01196275713246,35.40202938049477,34.75640027358349,35.301151275634766,3103900,0.0,0.0
2019-06-13 00:00:00-04:00,35.428924107874444,35.61050773869801,34.99850478984888,35.56343078613281,4179800,0.0,0.0
2019-06-14 00:00:00-04:00,35.3953050752393,35.43565529084061,34.299078894201706,34.399959564208984,3919300,0.0,0.0
2019-06-17 00:00:00-04:00,33.6669024895469,33.84848616582128,32.98764474879807,33.18940353393555,5787300,0.0,0.0
2019-06-18 00:00:00-04:00,33.458419377400816,34.00989462722532,33.223034538635105,33.36426544189453,5014200,0.0,0.0
2019-06-19 00:00:00-04:00,33.59293035318842,33.78796499600867,32.50343064428307,32.617759704589844,5404000,0.0,0.0
2019-06-20 00:00:00-04:00,33.017904858053164,33.35080693018749,32.69845114607427,32.90693664550781,4228300,0.0,0.0
2019-06-21 00:00:00-04:00,32.83296519491966,33.135604676272315,32.489975493054864,32.52360153198242,9478500,0.0,0.0
2019-06-24 00:00:00-04:00,32.62447148507005,33.42478486499422,32.49669154291907,33.34408187866211,4602300,0.0,0.0
2019-06-25 00:00:00-04:00,33.28355997123801,33.776523772932755,32.987644692406896,33.41806411743164,4005200,0.0,0.0
2019-06-26 00:00:00-04:00,33.52566388610852,34.44703305382873,33.4987646002531,33.92918395996094,5244400,0.0,0.0
2019-06-27 00:00:00-04:00,34.03678193592601,34.39322241527161,33.98365040538499,34.23854064941406,4097200,0.0,0.0
2019-06-28 00:00:00-04:00,34.325976583669835,34.43358142138816,33.00781668024485,33.162498474121094,6507400,0.0,0.0
2019-07-01 00:00:00-04:00,33.62654889371878,33.761055602394066,33.303734332199326,33.734153747558594,4641700,0.0,0.0
2019-07-02 00:00:00-04:00,33.62654377473086,33.666896550841145,32.79260436029679,33.223026275634766,4725800,0.0,0.0
2019-07-03 00:00:00-04:00,33.26339156174524,33.391174127923406,33.0885345836894,33.17596435546875,2479400,0.0,0.0
2019-07-05 00:00:00-04:00,32.96073715858524,33.202848684826904,32.927111127829825,33.162498474121094,2529800,0.0,0.0
2019-07-08 00:00:00-04:00,33.18267012494138,33.29027495145735,32.540401972720055,32.631195068359375,5936000,0.0,0.0
2019-07-09 00:00:00-04:00,32.48324599276989,32.570675738973065,31.945221719023596,32.19405746459961,4967400,0.0,0.0
2019-07-10 00:00:00-04:00,32.51014371414124,32.563944851923964,31.958668582984046,31.978843688964844,3507400,0.0,0.0
2019-07-11 00:00:00-04:00,32.09989981620926,32.321836246496616,31.730008331232142,32.13352584838867,4202000,0.0,0.0
2019-07-12 00:00:00-04:00,32.59084728766941,33.65344735706646,32.335287388993166,33.43151092529297,4328400,0.0,0.0
2019-07-15 00:00:00-04:00,33.47186688873055,34.265453643406666,33.397888071099416,34.25200271606445,4923800,0.0,0.0
2019-07-16 00:00:00-04:00,34.265454251365234,35.405394067447126,34.265454251365234,35.18682098388672,6011200,0.0,0.0
2019-07-17 00:00:00-04:00,35.07920528704463,35.17335918550907,34.45375145810077,34.70258712768555,4417500,0.0,0.0
2019-07-18 00:00:00-04:00,34.66897913167486,35.0052446956397,34.487395419273525,34.80348587036133,3620300,0.0,0.0
2019-07-19 00:00:00-04:00,34.81692499180196,34.857277769372104,34.63534134098899,34.6487922668457,3221500,0.0,0.0
2019-07-22 00:00:00-04:00,34.63803971203183,34.6824254675819,34.03006953894931,34.218379974365234,2814900,0.0,0.0
2019-07-23 00:00:00-04:00,34.29907343161894,35.57688307586029,34.265447402139245,35.388572692871094,4387700,0.0,0.0
2019-07-24 00:00:00-04:00,35.30787222274652,35.63741349231294,34.99850862470574,35.502906799316406,3516400,0.0,0.0
2019-07-25 00:00:00-04:00,34.729495082474095,34.964882435534534,33.82830357860385,34.14439392089844,4254600,0.0,0.0
2019-07-26 00:00:00-04:00,33.80813578390746,33.828310894203554,32.9002173380482,33.02799987792969,5066000,0.0,0.0
2019-07-29 00:00:00-04:00,32.631199597095964,32.873311131733814,32.26803229513919,32.31510925292969,4219800,0.0,0.0
2019-07-30 00:00:00-04:00,32.13352792680198,32.57739825058465,32.13352792680198,32.550498962402344,4194300,0.0,0.0
2019-07-31 00:00:00-04:00,32.61102117212584,33.24319923061802,32.247853907129645,32.577392578125,5188500,0.0,0.0
2019-08-01 00:00:00-04:00,32.38235432767648,32.6849910911773,31.460985418770726,31.5080623626709,5803200,0.0,0.0
2019-08-02 00:00:00-04:00,31.400460913718337,31.9452117642256,30.512720497299963,30.667402267456055,5346400,0.0,0.0
2019-08-05 00:00:00-04:00,30.304251318534547,30.351328288785844,29.638444422048035,30.109216690063477,5147300,0.0,0.0
2019-08-06 00:00:00-04:00,30.33786970030438,30.566530311870146,29.413139700891655,29.88054847717285,4702800,0.0,0.0
2019-08-07 00:00:00-04:00,29.65861649740877,30.263895432254746,29.53083652916449,30.189916610717773,4490100,0.0,0.0
2019-08-08 00:00:00-04:00,30.39637863811791,31.48789704545484,30.39167094226527,31.467721939086914,4573400,0.0,0.0
2019-08-09 00:00:00-04:00,31.218886542192383,31.60223155714991,31.003676836024475,31.366844177246094,4468000,0.0,0.0
2019-08-12 00:00:00-04:00,31.198707932485807,31.47444549791092,30.613606769852378,30.727935791015625,4491600,0.0,0.0
2019-08-13 00:00:00-04:00,30.78845471676707,32.12006519887419,30.653950628767163,31.5080623626709,5407300,0.0,0.0
2019-08-14 00:00:00-04:00,30.80191990304078,31.037307297050614,29.591364591926066,29.64516830444336,6178300,0.0,0.0
2019-08-15 00:00:00-04:00,29.820023732110105,29.840198840533393,28.891930262107447,29.174394607543945,3494600,0.0,0.0
2019-08-16 00:00:00-04:00,29.113863111262734,30.13611038131339,28.76414673739,29.934349060058594,4586000,0.0,0.0
2019-08-19 00:00:00-04:00,30.5059963183807,30.844278189397937,30.364765471564436,30.667402267456055,3615500,0.0,0.0
2019-08-20 00:00:00-04:00,30.432025647563865,30.432025647563865,28.96590796361234,29.02643585205078,5972800,0.0,0.0
2019-08-21 00:00:00-04:00,29.490483967883154,29.75277321863348,29.08024220394513,29.107141494750977,4397800,0.0,0.0
2019-08-22 00:00:00-04:00,29.134042890407127,29.52411210419987,28.259753098236523,28.27992820739746,6072100,0.0,0.0
2019-08-23 00:00:00-04:00,28.24629816933883,28.25974909537492,27.197149028039874,27.378732681274414,6696800,0.0,0.0
2019-08-26 00:00:00-04:00,27.755344738018948,27.80914586469037,27.311474539599384,27.45270538330078,3402400,0.0,0.0
2019-08-27 00:00:00-04:00,27.701546018231024,28.064713309080794,27.519290211358516,27.688095092773438,4152200,0.0,0.0
2019-08-28 00:00:00-04:00,27.674654796673018,28.67672466298079,27.412365522076612,28.59602165222168,4539300,0.0,0.0
2019-08-29 00:00:00-04:00,28.944755480925153,29.402892318485183,28.862699019630412,28.972105026245117,3292500,0.7,0.0
2019-08-30 00:00:00-04:00,29.286645225015306,29.402887948572552,28.90372295455199,29.149887084960938,4099200,0.0,0.0
2019-09-03 00:00:00-04:00,28.814828284030096,28.876369313453882,28.137879568812906,28.582340240478516,3343300,0.0,0.0
2019-09-04 00:00:00-04:00,29.122535364729877,29.259293506801008,28.616531021600064,29.088346481323242,2651400,0.0,0.0
2019-09-05 00:00:00-04:00,29.50545679500161,30.066162813819247,29.464428571023053,29.649051666259766,4041400,0.0,0.0
2019-09-06 00:00:00-04:00,29.77213342900772,29.854187267691437,29.170399192289945,29.566997528076172,3217900,0.0,0.0
2019-09-09 00:00:00-04:00,29.765297917449693,30.51541361615335,29.580674800322345,30.394384384155273,3848000,0.0,0.0
2019-09-10 00:00:00-04:00,30.838837281647386,31.707248341285563,30.620025333693032,31.673059463500977,4704000,0.0,0.0
2019-09-11 00:00:00-04:00,31.809812811045077,32.172219556393735,31.16705313641008,32.05597686767578,4445000,0.0,0.0
2019-09-12 00:00:00-04:00,32.18591241843494,32.26796627730449,31.16023005300758,32.11753463745117,3649700,0.0,0.0
2019-09-13 00:00:00-04:00,32.57565405212473,33.122683832190404,32.30897719737045,32.95857620239258,4027600,0.0,0.0
2019-09-16 00:00:00-04:00,33.29364678420191,34.17573419525607,33.01329372430621,33.51245880126953,5040600,0.0,0.0
2019-09-17 00:00:00-04:00,33.27996368372624,33.567156025796976,32.5551500083202,32.82182693481445,3741900,0.0,0.0
2019-09-18 00:00:00-04:00,32.753442480947605,32.753442480947605,32.1517083797052,32.48676300048828,2588200,0.0,0.0
2019-09-19 00:00:00-04:00,32.903874787510475,33.10217391520335,32.473090265418456,32.57565689086914,2418300,0.0,0.0
2019-09-20 00:00:00-04:00,32.459421852109976,33.40304754942534,32.18590556948708,32.965423583984375,10570400,0.0,0.0
2019-09-23 00:00:00-04:00,32.40472188168429,32.968847659686936,32.2200987575137,32.760292053222656,3599400,0.0,0.0
2019-09-24 00:00:00-04:00,32.67139306309171,32.82182727279425,31.42006225470756,31.86452293395996,4515300,0.0,0.0
2019-09-25 00:00:00-04:00,31.83032718944647,32.8013073933091,31.543137514782536,32.60300827026367,4396200,0.0,0.0
2019-09-26 00:00:00-04:00,32.48675929147496,32.60984131195963,32.092897347612734,32.2952995300293,2994200,0.0,0.0
2019-09-27 00:00:00-04:00,32.41154525585683,32.739763112083885,32.14486580225642,32.18589401245117,3722300,0.0,0.0
2019-09-30 00:00:00-04:00,32.315817153256155,32.678226538075414,32.21325052650822,32.582496643066406,2512200,0.0,0.0
2019-10-01 00:00:00-04:00,32.78079546716186,33.21158263340247,31.385869942932555,31.433734893798828,3838400,0.0,0.0
2019-10-02 00:00:00-04:00,30.544801287908857,30.886695204854927,30.332828728806188,30.72258758544922,4759500,0.0,0.0
2019-10-03 00:00:00-04:00,30.667898315885957,31.037144552927273,30.33968030799752,30.98244285583496,3422400,0.0,0.0
2019-10-04 00:00:00-04:00,30.893540882106734,31.303812623236805,30.777295570105274,31.002946853637695,3512300,0.0,0.0
2019-10-07 00:00:00-04:00,30.825166977305262,31.296979799366056,30.609772069137414,30.88670539855957,2977900,0.0,0.0
2019-10-08 00:00:00-04:00,30.59951442860357,30.804650316491934,29.970430691286676,29.98410415649414,2985900,0.0,0.0
2019-10-09 00:00:00-04:00,30.353346004933453,30.455915238519253,30.08666912774313,30.093505859375,2844600,0.0,0.0
2019-10-10 00:00:00-04:00,30.31232681456838,30.96876274482445,30.10035157089538,30.71575927734375,4325000,0.0,0.0
2019-10-11 00:00:00-04:00,31.283300554025473,32.6303637295239,31.114403793585364,32.2269287109375,3675700,0.0,0.0
2019-10-14 00:00:00-04:00,31.946575857380928,32.322658731721056,31.618357933859862,32.01495361328125,3196500,0.0,0.0
2019-10-15 00:00:00-04:00,32.014947782534854,32.89019541918591,31.816648674717445,32.27478790283203,3216800,0.0,0.0
2019-10-16 00:00:00-04:00,32.4730962346331,32.76712270172827,32.14487566921419,32.2200927734375,3626900,0.0,0.0
2019-10-17 00:00:00-04:00,32.43890253140893,33.19107091387629,32.23376664835211,32.6919059753418,2724400,0.0,0.0
2019-10-18 00:00:00-04:00,32.76028667324994,32.95243252106315,32.384203752491054,32.79447555541992,2757600,0.0,0.0
2019-10-21 00:00:00-04:00,33.225262059977354,33.485102254082136,32.19957996626549,32.2200927734375,3967000,0.0,0.0
2019-10-22 00:00:00-04:00,32.192739952132776,32.40060947778519,31.467923740746134,32.01495361328125,4645400,0.0,0.0
2019-10-23 00:00:00-04:00,31.987594478817623,32.48675929147496,31.830323587852458,32.2952995300293,4152000,0.0,0.0
2019-10-24 00:00:00-04:00,33.266286102811975,34.18256209573436,32.71241690276198,33.82699203491211,6098900,0.0,0.0
2019-10-25 00:00:00-04:00,34.03895664963518,34.709068396377894,33.437225249566325,34.517608642578125,5361100,0.0,0.0
2019-10-28 00:00:00-04:00,34.70224657813232,35.174059434932865,34.48343459163542,35.016788482666016,4504100,0.0,0.0
2019-10-29 00:00:00-04:00,34.845838695136536,35.303978048882016,34.4424036379046,35.208248138427734,3462100,0.0,0.0
2019-10-30 00:00:00-04:00,35.00994878593057,35.19457187299361,34.41505391102371,34.89370346069336,3602100,0.0,0.0
2019-10-31 00:00:00-04:00,34.79113291721334,34.89369954845244,33.99109962963896,34.52445602416992,3744000,0.0,0.0
2019-11-01 00:00:00-04:00,34.859519554368475,35.892041121016476,34.80481785879055,35.768959045410156,3207100,0.0,0.0
2019-11-04 00:00:00-05:00,36.001438917400414,37.20490463878811,35.8715175291725,37.040794372558594,5430200,0.0,0.0
2019-11-05 00:00:00-05:00,36.931384624801325,37.60833581722673,36.685223163272376,37.06130599975586,6044500,0.0,0.0
2019-11-06 00:00:00-05:00,37.03396635443677,37.43056473621866,36.794641543668256,37.11602020263672,3847000,0.0,0.0
2019-11-07 00:00:00-05:00,37.5673107241237,38.25109870488751,37.211740661113225,38.15536880493164,5974300,0.0,0.0
2019-11-08 00:00:00-05:00,37.95022872853262,38.28528594970703,37.62201084713695,38.28528594970703,4812000,0.0,0.0
2019-11-11 00:00:00-05:00,37.98442221948379,38.46307433287057,37.758773539788585,38.162208557128906,3184900,0.0,0.0
2019-11-12 00:00:00-05:00,38.29212877051463,38.36734586937923,37.286959555586456,37.71774673461914,2742700,0.0,0.0
2019-11-13 00:00:00-05:00,37.05447301982172,37.252772177829726,36.55530806267507,36.69206619262695,3426000,0.0,0.0
2019-11-14 00:00:00-05:00,36.4459060960789,37.02028821840777,36.34333944364729,36.8903694152832,2595500,0.0,0.0
2019-11-15 00:00:00-05:00,37.10917635092943,37.80664044796107,37.02028317750386,37.512611389160156,3865000,0.0,0.0
2019-11-18 00:00:00-05:00,37.437396846217275,37.546802833119585,37.00660963159498,37.143367767333984,3439900,0.0,0.0
2019-11-19 00:00:00-05:00,37.478418916402894,37.478418916402894,36.09716692825235,36.50743865966797,5208300,0.0,0.0
2019-11-20 00:00:00-05:00,36.33648733781076,36.548462518553556,35.625347320264346,36.015106201171875,5394100,0.0,0.0
2019-11-21 00:00:00-05:00,36.04247291340548,36.869855952389415,35.79630876100982,36.842506408691406,4618400,0.0,0.0
2019-11-22 00:00:00-05:00,36.910871821784895,37.375847818746124,36.651031680319754,37.06130599975586,3115600,0.0,0.0
2019-11-25 00:00:00-05:00,37.485261732138724,37.765614736077744,37.170719846440214,37.74510192871094,5073700,0.0,0.0
2019-11-26 00:00:00-05:00,37.77928193575807,38.12117588992783,37.48525292649657,37.86133575439453,4643800,0.0,0.0
2019-11-27 00:00:00-05:00,37.868273606799185,38.020634001329526,37.3280905961457,37.59125518798828,3926000,0.7,0.0
2019-11-29 00:00:00-05:00,37.404263989431776,37.591251005045756,36.78790085009853,36.961036682128906,1887600,0.0,0.0
2019-12-02 00:00:00-05:00,36.7047907244588,37.22419814037096,36.628610547430185,36.81559753417969,3349500,0.0,0.0
2019-12-03 00:00:00-05:00,35.98455560153006,36.01918224428874,35.3543411926855,35.88759994506836,3950100,0.0,0.0
2019-12-04 00:00:00-05:00,37.04414477088122,37.04414477088122,36.15768749080769,36.2061653137207,3791400,0.0,0.0
2019-12-05 00:00:00-05:00,36.37930763069128,36.46241474921184,35.7906467379776,36.01226043701172,2692600,0.0,0.0
2019-12-06 00:00:00-05:00,36.42085937158895,37.22420965094015,36.42085937158895,36.85716247558594,2818800,0.0,0.0
2019-12-09 00:00:00-05:00,37.36963090143748,37.383482082630394,36.69786578555887,36.89177703857422,2377200,0.0,0.0
2019-12-10 00:00:00-05:00,36.954111150581184,36.97488660432628,36.490105762810735,36.79482650756836,2609700,0.0,0.0
2019-12-11 00:00:00-05:00,37.05106238244303,37.445811807693595,36.739417404128694,36.774044036865234,3253300,0.0,0.0
2019-12-12 00:00:00-05:00,36.87793186103069,37.79901574648948,36.580138021509654,37.708984375,2882300,0.0,0.0
2019-12-13 00:00:00-05:00,37.840559885321944,37.96521787220821,36.87792526357783,36.89870071411133,3198600,0.0,0.0
2019-12-16 00:00:00-05:00,37.12724173452258,37.771307128112106,37.05798582874578,37.51506423950195,4040000,0.0,0.0
2019-12-17 00:00:00-05:00,37.46658692685483,37.909816804218956,37.34885584822565,37.85441207885742,2665300,0.0,0.0
2019-12-18 00:00:00-05:00,37.64665672276062,37.875194653251995,37.07877139021452,37.57047653198242,3659100,0.0,0.0
2019-12-19 00:00:00-05:00,37.695136352728035,37.9998544886056,37.43889604206183,37.75746536254883,3356000,0.0,0.0
2019-12-20 00:00:00-05:00,38.12450798620883,38.26301717403094,37.41118923541305,37.81978988647461,10476700,0.0,0.0
2019-12-23 00:00:00-05:00,37.736679046542,38.124501536623704,37.5496920708915,38.04139709472656,2678600,0.0,0.0
2019-12-24 00:00:00-05:00,38.08987551580056,38.26301131359965,37.84748645561887,38.02062225341797,926200,0.0,0.0
2019-12-26 00:00:00-05:00,38.07603315366519,38.24916899156391,37.75746384597392,38.242244720458984,1909600,0.0,0.0
2019-12-27 00:00:00-05:00,38.29071816653785,38.47077825495801,37.89596871260182,37.97214889526367,1688500,0.0,0.0
2019-12-30 00:00:00-05:00,37.9929200188592,38.12450227456347,37.56354397859661,37.63279724121094,1943300,0.0,0.0
2019-12-31 00:00:00-05:00,37.41118421073207,37.93751588355307,37.34885521667565,37.902889251708984,2145700,0.0,0.0
2020-01-02 00:00:00-05:00,38.249168856818294,38.463858246119955,37.14802482598786,37.224205017089844,5145200,0.0,0.0
2020-01-03 00:00:00-05:00,36.780976242229,37.12032099046719,36.296195388617036,36.30311965942383,5004300,0.0,0.0
2020-01-06 00:00:00-05:00,36.233868333057266,36.62169356517716,36.0122546695154,36.15768814086914,4293100,0.0,0.0
2020-01-07 00:00:00-05:00,36.213089074135155,36.74980853590395,36.00532661661682,36.14383316040039,5122800,0.0,0.0
2020-01-08 00:00:00-05:00,36.29620474219665,36.822536639972014,35.956857264665054,36.517818450927734,3629700,0.0,0.0
2020-01-09 00:00:00-05:00,36.53165835178614,36.75327199205143,35.880668613737214,36.14383316040039,2667800,0.0,0.0
2020-01-10 00:00:00-05:00,36.60783672344292,36.61476099355207,35.59672420956443,35.665977478027344,3277300,0.0,0.0
2020-01-13 00:00:00-05:00,35.66597795651435,36.28926794841389,35.64520250406532,36.254638671875,2665500,0.0,0.0
2020-01-14 00:00:00-05:00,36.14383370386817,36.68401927174979,35.977624792091525,36.178462982177734,3689800,0.0,0.0
2020-01-15 00:00:00-05:00,36.14382928374376,36.462401169068855,35.80448458929072,36.19923400878906,2235400,0.0,0.0
2020-01-16 00:00:00-05:00,36.41392525195438,36.61476078609605,36.129979984073834,36.344669342041016,3765600,0.0,0.0
2020-01-17 00:00:00-05:00,36.37929327112998,36.954105392378565,36.30657655250985,36.94025421142578,3897500,0.0,0.0
2020-01-21 00:00:00-05:00,36.69094737129395,36.80868111777828,36.15076438888302,36.42778015136719,4156000,0.0,0.0
2020-01-22 00:00:00-05:00,36.5178101479377,36.56628797058507,35.09948114943548,35.229679107666016,5149600,0.0,0.0
2020-01-23 00:00:00-05:00,34.77953658192951,35.14658380385062,34.038515223422436,34.80031204223633,5797600,0.0,0.0
2020-01-24 00:00:00-05:00,34.54406337092254,34.81415485733287,33.26978348895731,33.58142852783203,5919300,0.0,0.0
2020-01-27 00:00:00-05:00,32.76421805762758,32.951205029029836,32.30021276373846,32.67418670654297,4827000,0.0,0.0
2020-01-28 00:00:00-05:00,32.826550896816705,33.0481645240521,32.56338372378362,32.66033935546875,5813800,0.0,0.0
2020-01-29 00:00:00-05:00,33.920770494545536,34.59253834049103,33.657603301003526,34.398624420166016,6828000,0.0,0.0
2020-01-30 00:00:00-05:00,33.45677053060477,33.92077331174983,33.00661629177884,33.56757736206055,5644800,0.0,0.0
2020-01-31 00:00:00-05:00,33.03432412217626,33.14859442902751,31.801594946330994,31.90547752380371,7532200,0.0,0.0
2020-02-03 00:00:00-05:00,32.0716862555265,32.52876480027266,31.670009809799918,32.36948013305664,6364900,0.0,0.0
2020-02-04 00:00:00-05:00,32.99968716391117,33.50524342313844,32.85425107253228,33.276702880859375,5287000,0.0,0.0
2020-02-05 00:00:00-05:00,33.851510910755216,34.44709846002723,33.60219494670251,34.3570671081543,5403200,0.0,0.0
2020-02-06 00:00:00-05:00,34.35707421421316,34.3917008515284,33.62990426322088,34.0731315612793,5985200,0.0,0.0
2020-02-07 00:00:00-05:00,33.616050254812286,33.616050254812286,32.86117800067051,33.26285171508789,3802100,0.0,0.0
2020-02-10 00:00:00-05:00,33.10356957399811,33.74071079073092,33.10356957399811,33.373661041259766,2488300,0.0,0.0
2020-02-11 00:00:00-05:00,33.61605255927208,34.63408941815642,33.588350193111715,33.789188385009766,3705400,0.0,0.0
2020-02-12 00:00:00-05:00,34.41248264392301,34.883412395310565,33.92770434853309,34.19779586791992,2964200,0.0,0.0
2020-02-13 00:00:00-05:00,33.86537196891991,33.927700978112995,33.25593306145898,33.44984436035156,3302600,0.0,0.0
2020-02-14 00:00:00-05:00,33.595271966534305,33.893065776015035,33.505243245969694,33.67837905883789,3207000,0.0,0.0
2020-02-18 00:00:00-05:00,33.373665580162914,33.60220617083137,32.70813238553121,33.0620231628418,3594300,0.0,0.0
2020-02-19 00:00:00-05:00,33.11741894390248,33.44291512603348,32.833476309014664,32.93735885620117,5644900,0.0,0.0
2020-02-20 00:00:00-05:00,32.90965380934295,33.80303518844192,32.854249084200674,33.76840591430664,4154200,0.0,0.0
2020-02-21 00:00:00-05:00,33.643758301087445,33.77534059078694,33.29748661486881,33.44984436035156,3972800,0.0,0.0
2020-02-24 00:00:00-05:00,32.27944894156702,32.57724282086376,31.718487825296627,32.02320861816406,5075900,0.0,0.0
2020-02-25 00:00:00-05:00,32.20325759083514,32.22749649625132,30.181032790849923,30.437273025512695,5529300,0.0,0.0
2020-02-26 00:00:00-05:00,30.783549382501743,31.081343204811546,29.793212278884106,29.813987731933594,6470700,0.0,0.0
2020-02-27 00:00:00-05:00,29.095919940021133,29.187436744044835,27.807616421813897,27.842815399169922,10009300,0.7,0.0
2020-02-28 00:00:00-05:00,26.836107679104675,28.50456651145398,26.786828576259897,28.448246002197266,10280000,0.0,0.0
2020-03-02 00:00:00-05:00,28.898797522375695,29.159273147583008,28.004729635302457,29.159273147583008,7706700,0.0,0.0
2020-03-03 00:00:00-05:00,29.11000246586492,30.091365809298072,27.976580158222927,28.553852081298828,6765300,0.0,0.0
2020-03-04 00:00:00-05:00,29.180397523664045,29.546472790026844,28.30744839841279,29.50423240661621,4967000,0.0,0.0
2020-03-05 00:00:00-05:00,28.1807337823891,28.603129617653508,27.920258096224313,28.230012893676758,5447400,0.0,0.0
2020-03-06 00:00:00-05:00,27.258498395325052,27.941366987822477,26.96986255259706,27.43449592590332,6928400,0.0,0.0
2020-03-09 00:00:00-04:00,24.46366316636234,24.597420357898457,21.4224252551978,21.49282455444336,15081500,0.0,0.0
2020-03-10 00:00:00-04:00,22.886719552707522,23.46399397053558,20.637472486919727,22.10529136657715,12975400,0.0,0.0
2020-03-11 00:00:00-04:00,21.2534682772153,21.352026492984987,19.60613081010922,19.704689025878906,12444100,0.0,0.0
2020-03-12 00:00:00-04:00,17.91654934085098,18.578299096092188,15.762338576838886,16.6634464263916,18163300,0.0,0.0
2020-03-13 00:00:00-04:00,19.662448283767265,19.718767451163913,15.89610010369618,18.08551025390625,17350800,0.0,0.0
2020-03-16 00:00:00-04:00,16.262172872158107,17.902469881928646,15.452584461308684,15.487783432006836,12345400,0.0,0.0
2020-03-17 00:00:00-04:00,18.07142982660449,19.43013122811009,16.008738172940955,18.72614097595215,19873300,0.0,0.0
2020-03-18 00:00:00-04:00,17.487114255091996,19.915880646037103,17.2547975749563,18.61349868774414,16955900,0.0,0.0
2020-03-19 00:00:00-04:00,18.500863412111894,22.070093602469427,18.254466567265197,19.796205520629883,13893400,0.0,0.0
2020-03-20 00:00:00-04:00,20.127081982930722,20.90147155064439,18.719101438998557,19.317493438720703,12649100,0.0,0.0
2020-03-23 00:00:00-04:00,19.10629314772739,20.014441128832463,18.310784831300257,18.712059020996094,11703100,0.0,0.0
2020-03-24 00:00:00-04:00,20.17636298664887,21.091549889263895,18.93733983020906,20.042604446411133,12333600,0.0,0.0
2020-03-25 00:00:00-04:00,20.542442159836746,22.826890486424016,20.13412774034279,21.387229919433594,10539200,0.0,0.0
2020-03-26 00:00:00-04:00,21.316828457255486,22.034897599685728,20.38052133774116,20.894433975219727,14298600,0.0,0.0
2020-03-27 00:00:00-04:00,19.711726688155505,20.60016175730403,18.951417283893985,20.105960845947266,9101400,0.0,0.0
2020-03-30 00:00:00-04:00,19.92996614456728,20.690275657871627,19.57797097465314,20.169322967529297,6817000,0.0,0.0
2020-03-31 00:00:00-04:00,20.0989174600177,21.176022830820664,20.02851952197227,20.584671020507812,7599900,0.0,0.0
2020-04-01 00:00:00-04:00,19.59908794336132,19.9018039545187,18.965497010319357,19.03589630126953,10339900,0.0,0.0
2020-04-02 00:00:00-04:00,19.085176129284832,21.007069191749487,18.95493696610051,19.732847213745117,10680300,0.0,0.0
2020-04-03 00:00:00-04:00,19.556851782819965,20.11300344335441,19.303414835219215,19.690608978271484,8005100,0.0,0.0
2020-04-06 00:00:00-04:00,20.788837896977235,21.809623215594318,20.767717700669436,21.499868392944336,8021100,0.0,0.0
2020-04-07 00:00:00-04:00,23.062717353437783,24.688935652821705,22.39392748118131,22.7600040435791,15028000,0.0,0.0
2020-04-08 00:00:00-04:00,23.210559256905196,24.5974182145972,22.781124777405612,24.4918212890625,7220700,0.0,0.0
2020-04-09 00:00:00-04:00,25.16764958678462,26.56859126288995,25.01981228967823,25.737882614135742,9892300,0.0,0.0
2020-04-13 00:00:00-04:00,25.674525721108758,25.977241748687423,24.336943148760728,24.801576614379883,7170600,0.0,0.0
2020-04-14 00:00:00-04:00,25.60412726992685,26.1462001403552,24.703020516752417,24.900136947631836,7348800,0.0,0.0
2020-04-15 00:00:00-04:00,23.830071183122747,23.830071183122747,22.436172018906802,22.689607620239258,7586700,0.0,0.0
2020-04-16 00:00:00-04:00,23.013437290627184,23.013437290627184,21.577298067014475,22.267208099365234,6918500,0.0,0.0
2020-04-17 00:00:00-04:00,23.25984080618703,23.977911254504455,22.950083346808956,23.527355194091797,6544100,0.0,0.0
2020-04-20 00:00:00-04:00,22.654408934660243,23.112003721352817,22.175695297523696,22.196815490722656,7140700,0.0,0.0
2020-04-21 00:00:00-04:00,21.401300891614902,21.93633358174961,20.85218941857891,21.739215850830078,7315100,0.0,0.0
2020-04-22 00:00:00-04:00,22.38688644111039,22.545285837639188,21.739215443376455,22.41504669189453,5331100,0.0,0.0
2020-04-23 00:00:00-04:00,22.598085139356638,23.46399547901253,22.53472591171132,22.92192268371582,7724700,0.0,0.0
2020-04-24 00:00:00-04:00,23.259838563650973,23.47807382297955,22.696646899321223,23.3161563873291,4979100,0.0,0.0
2020-04-27 00:00:00-04:00,23.44991534321943,24.460139596579324,23.097920230994333,24.24542236328125,4885900,0.0,0.0
2020-04-28 00:00:00-04:00,24.97757472980939,25.477407182439524,24.43550189373496,25.25213050842285,5868600,0.0,0.0
2020-04-29 00:00:00-04:00,26.047642737069122,26.814992319716694,25.97724477684863,26.37851905822754,6887300,0.0,0.0
2020-04-30 00:00:00-04:00,26.23771664570383,26.29403446860762,25.378847690966445,25.82940101623535,10990200,0.0,0.0
2020-05-01 00:00:00-04:00,24.44957847467803,24.703015367558443,23.61183113255391,23.88638687133789,8709300,0.0,0.0
2020-05-04 00:00:00-04:00,22.59809289265501,23.33024362208512,22.35873736946236,23.27392578125,6248300,0.0,0.0
2020-05-05 00:00:00-04:00,23.675192130978086,24.322861852005214,23.393594965438705,23.49215316772461,5041600,0.0,0.0
2020-05-06 00:00:00-04:00,23.027517694909907,23.495671800016755,22.443205910597204,22.49952507019043,4601500,0.0,0.0
2020-05-07 00:00:00-04:00,22.900802885194974,23.794870860563705,22.88672275737305,23.126079559326172,5056200,0.0,0.0
2020-05-08 00:00:00-04:00,23.780789140730267,24.196143484386738,23.492153253478115,24.167985916137695,4175700,0.0,0.0
2020-05-11 00:00:00-04:00,24.076467153101028,24.104627407700544,23.287998822882365,23.865270614624023,4321000,0.0,0.0
2020-05-12 00:00:00-04:00,24.11166907846445,24.928297763190578,23.75967390943577,23.78783416748047,5675400,0.0,0.0
2020-05-13 00:00:00-04:00,23.583675948586134,23.628027145819292,22.3798531342404,22.774085998535156,5865200,0.0,0.0
2020-05-14 00:00:00-04:00,21.95745758129283,23.618873757176154,21.753299752110536,23.590713500976562,6187900,0.0,0.0
2020-05-15 00:00:00-04:00,23.3795173100725,23.921590165457385,23.112002928591558,23.62591552734375,4829200,0.0,0.0
2020-05-18 00:00:00-04:00,25.259176584248213,26.75867421932101,25.139496818454774,25.864608764648438,8544900,0.0,0.0
2020-05-19 00:00:00-04:00,25.787159470859336,25.822358440608316,25.047970364093796,25.090208053588867,4415500,0.0,0.0
2020-05-20 00:00:00-04:00,25.58300384831197,26.047637270583074,25.17468824529612,25.470365524291992,5656200,0.0,0.0
2020-05-21 00:00:00-04:00,25.343654599287454,25.878686125870114,25.104297753984884,25.216936111450195,3941800,0.0,0.0
2020-05-22 00:00:00-04:00,25.118381963605014,25.470377223537245,24.900143935663174,25.428136825561523,3040600,0.0,0.0
2020-05-26 00:00:00-04:00,27.005072755514025,27.42042720788337,26.695315254113645,27.307788848876953,6188600,0.0,0.0
2020-05-27 00:00:00-04:00,28.12441936816082,28.62777265365901,27.476746749553342,28.032899856567383,6895200,0.0,0.0
2020-05-28 00:00:00-04:00,28.355359297077957,28.441349007846217,27.481121914649176,27.739093780517578,5266800,0.7,0.0
2020-05-29 00:00:00-04:00,27.330635511231478,27.939736274502916,27.02967019779352,27.66026496887207,5254200,0.0,0.0
2020-06-01 00:00:00-04:00,27.667434692382812,27.954067957761563,27.359301950267135,27.667434692382812,3014400,0.0,0.0
2020-06-02 00:00:00-04:00,28.09022419133479,29.5448956124766,28.01139914679856,29.09344482421875,6083400,0.0,0.0
2020-06-03 00:00:00-04:00,29.731202131380307,30.311635974866363,29.709702658003124,29.831523895263672,5160600,0.0,0.0
2020-06-04 00:00:00-04:00,29.7383683884757,30.64126704521342,29.60938247557557,30.605438232421875,3901500,0.0,0.0
2020-06-05 00:00:00-04:00,32.0386157852982,32.76953511959243,31.41303705270249,31.508342742919922,7656600,0.0,0.0
2020-06-08 00:00:00-04:00,31.587172447402757,32.91285798284042,31.587172447402757,32.891361236572266,5727300,0.0,0.0
2020-06-09 00:00:00-04:00,31.8666332241634,32.1174376473178,31.471791889130515,31.823637008666992,5535400,0.0,0.0
2020-06-10 00:00:00-04:00,31.809306196789038,31.88813122820642,31.099886381159223,31.228872299194336,4267700,0.0,0.0
2020-06-11 00:00:00-04:00,29.54130503648065,30.125325330433412,27.91107086229382,28.133211135864258,9225100,0.0,0.0
2020-06-12 00:00:00-04:00,29.967676000577047,30.03575265821612,28.652739165901796,29.544889450073242,5034900,0.0,0.0
2020-06-15 00:00:00-04:00,28.290862681357854,30.419127566682565,28.15471209573994,30.08233070373535,5665300,0.0,0.0
2020-06-16 00:00:00-04:00,31.644497712171873,31.888137523944565,29.695379217990336,30.275815963745117,5592400,0.0,0.0
2020-06-17 00:00:00-04:00,30.598270326155056,30.667063170232304,29.40156842386701,29.501890182495117,3525100,0.0,0.0
2020-06-18 00:00:00-04:00,29.129266233038635,30.089493040710348,28.935787391168645,29.795692443847656,4106800,0.0,0.0
2020-06-19 00:00:00-04:00,30.548114692128813,30.813251204537554,29.71687360618615,29.84585952758789,7494400,0.0,0.0
2020-06-22 00:00:00-04:00,29.709704525617724,30.189819368964493,29.14359998404587,29.910350799560547,3316000,0.0,0.0
2020-06-23 00:00:00-04:00,30.440628596105917,30.440628596105917,29.616554829870438,29.630884170532227,3603900,0.0,0.0
2020-06-24 00:00:00-04:00,29.093435047899025,29.179427467713506,27.459617341303687,27.55277442932129,7707200,0.0,0.0
2020-06-25 00:00:00-04:00,27.230323275082707,28.684994933195263,27.001015508293463,28.649166107177734,5986900,0.0,0.0
2020-06-26 00:00:00-04:00,28.34818702169613,28.663484365635483,27.75341840899901,28.520166397094727,8333800,0.0,0.0
2020-06-29 00:00:00-04:00,28.921458452288373,29.519808079743058,28.799637212635954,29.365741729736328,7756700,0.0,0.0
2020-06-30 00:00:00-04:00,29.086278927692288,29.34425079582389,28.49151015021514,29.208097457885742,4835300,0.0,0.0
2020-07-01 00:00:00-04:00,29.200927734375004,29.595050138678474,28.899962429345752,29.200927734375,4023600,0.0,0.0
2020-07-02 00:00:00-04:00,29.853023053363433,30.275809616522494,29.315582645969545,29.8028621673584,4017500,0.0,0.0
2020-07-06 00:00:00-04:00,30.548116253311036,30.6556027042634,29.781368088884054,30.419130325317383,4679000,0.0,0.0
2020-07-07 00:00:00-04:00,29.910352804588523,30.146825173950138,29.501895560121362,29.874521255493164,4535900,0.0,0.0
2020-07-08 00:00:00-04:00,29.73119913403878,29.939007309605756,28.40192769590513,28.914287567138672,4824200,0.0,0.0
2020-07-09 00:00:00-04:00,28.94295977119629,29.03611688289548,28.06872241578126,28.2622013092041,3671900,0.0,0.0
2020-07-10 00:00:00-04:00,28.26220243044564,29.25109368042889,28.25002167085175,29.208097457885742,3007800,0.0,0.0
2020-07-13 00:00:00-04:00,29.45173656400829,29.98201236206826,29.021785282872646,29.552061080932617,3089000,0.0,0.0
2020-07-14 00:00:00-04:00,29.609379967593362,30.583938900930004,29.55205441869513,30.411956787109375,4350800,0.0,0.0
2020-07-15 00:00:00-04:00,31.279028420496033,31.60149043289388,30.494364660918738,31.049720764160156,3788300,0.0,0.0
2020-07-16 00:00:00-04:00,30.949396251563115,31.719727940399313,30.698591856854996,31.40801429748535,4259800,0.0,0.0
2020-07-17 00:00:00-04:00,31.579995711984076,31.63732399651217,30.78458353231667,31.293359756469727,4610600,0.0,0.0
2020-07-20 00:00:00-04:00,31.056891173400505,31.296947243382654,30.182653863539066,30.3116397857666,3580900,0.0,0.0
2020-07-21 00:00:00-04:00,30.454955485745494,31.12138178917745,30.419126673063136,30.8419132232666,3399600,0.0,0.0
2020-07-22 00:00:00-04:00,30.770256196542718,31.88813331480759,30.730843678255066,31.773479461669922,5792500,0.0,0.0
2020-07-23 00:00:00-04:00,30.81325488823792,30.956572899547115,30.010677851895608,30.684268951416016,6574300,0.0,0.0
2020-07-24 00:00:00-04:00,30.684269457936725,31.157216989569662,30.311643715807175,30.53378677368164,2999600,0.0,0.0
2020-07-27 00:00:00-04:00,30.677093307385803,31.873792396581848,30.404789456661092,31.529830932617188,4733600,0.0,0.0
2020-07-28 00:00:00-04:00,31.343526625774576,31.544170175324243,30.51945021830128,30.54094696044922,3395400,0.0,0.0
2020-07-29 00:00:00-04:00,30.669935037321206,31.26900368727701,30.626941550001824,31.18587875366211,3186900,0.0,0.0
2020-07-30 00:00:00-04:00,30.569605386234933,30.691426613928776,29.623710638812078,29.903179168701172,4118700,0.0,0.0
2020-07-31 00:00:00-04:00,29.731203616952676,30.039333592749397,29.086274054673066,29.423070907592773,7462100,0.0,0.0
2020-08-03 00:00:00-04:00,29.537729808196122,29.55206188243116,28.720820711744384,28.727985382080078,5079900,0.0,0.0
2020-08-04 00:00:00-04:00,28.69215559258929,29.999927936484184,28.591833809901647,29.609386444091797,5408800,0.0,0.0
2020-08-05 00:00:00-04:00,30.02500175434258,30.440620867098247,29.91751259172557,30.089494705200195,3563600,0.0,0.0
2020-08-06 00:00:00-04:00,29.874524010802848,30.32382620108658,29.4202084647744,30.132495880126953,3724900,0.0,0.0
2020-08-07 00:00:00-04:00,29.79570244280186,30.573199038473362,29.698245428925212,30.548118591308594,2913100,0.0,0.0
2020-08-10 00:00:00-04:00,30.67710403651347,32.167604234986904,30.67710403651347,32.103111267089844,4245900,0.0,0.0
2020-08-11 00:00:00-04:00,32.63338347901348,33.01317384046485,31.773478246583856,31.888132095336914,4373800,0.0,0.0
2020-08-12 00:00:00-04:00,32.40407780412605,32.51873166003564,31.479679553225427,31.730484008789062,2577300,0.0,0.0
2020-08-13 00:00:00-04:00,31.429518115568378,32.153270055868845,31.322028931588264,31.83797264099121,2767100,0.0,0.0
2020-08-14 00:00:00-04:00,31.494015467646012,32.34675345411843,31.40802574861814,32.15327453613281,1998300,0.0,0.0
2020-08-17 00:00:00-04:00,32.31808579724616,32.561725586030576,31.680323544312618,31.85947036743164,3257300,0.0,0.0
2020-08-18 00:00:00-04:00,31.82363296796556,32.267916204097595,31.751975351466562,32.03860855102539,2447100,0.0,0.0
2020-08-19 00:00:00-04:00,32.024281725493985,32.31808237495491,31.708984334275502,31.988452911376953,3453400,0.0,0.0
2020-08-20 00:00:00-04:00,31.54416856727102,31.630158265042542,31.193039639895545,31.307693481445312,3324000,0.0,0.0
2020-08-21 00:00:00-04:00,31.171550956662887,31.436687521241204,30.992404112084365,31.23604393005371,2511600,0.0,0.0
2020-08-24 00:00:00-04:00,31.74481500911361,33.07050307765527,31.544171451446886,33.04900360107422,4609000,0.0,0.0
2020-08-25 00:00:00-04:00,33.25680977540074,33.4359565642649,32.58536741392131,32.66920852661133,4188000,0.0,0.0
2020-08-26 00:00:00-04:00,32.733706114746674,33.43596129849972,32.44707011855368,33.2066535949707,3928500,0.0,0.0
2020-08-27 00:00:00-04:00,33.45029293306779,33.64377181792667,32.82686279312037,33.077667236328125,3702300,0.0,0.0
2020-08-28 00:00:00-04:00,33.041284613592,33.62338112473921,32.721132226374806,33.506961822509766,3772900,0.7,0.0
2020-08-31 00:00:00-04:00,33.46330909991503,33.550622889929514,32.80844873566802,32.83027648925781,3916800,0.0,0.0
2020-09-01 00:00:00-04:00,32.590160366152716,34.401935941792296,32.35732176025249,34.39466094970703,5428300,0.0,0.0
2020-09-02 00:00:00-04:00,34.692981142056276,35.857174022398524,34.503798064216426,35.81351852416992,7305900,0.0,0.0
2020-09-03 00:00:00-04:00,35.857173363127565,36.23553673619589,34.86760804520344,35.209590911865234,6726900,0.0,0.0
2020-09-04 00:00:00-04:00,35.86445287561262,36.162777483715594,34.984031809705655,35.36239242553711,5325900,0.0,0.0
2020-09-08 00:00:00-04:00,34.700259039275686,35.22778615084023,34.51471760495592,34.8748893737793,4280800,0.0,0.0
2020-09-09 00:00:00-04:00,35.34056701018595,36.293751931065415,35.289633740242124,35.820796966552734,4168100,0.0,0.0
2020-09-10 00:00:00-04:00,35.871741029603704,36.19917127465639,35.40606369248694,35.4351692199707,4211300,0.0,0.0
2020-09-11 00:00:00-04:00,35.806245846857344,36.68666701123755,35.68255155008805,36.27192306518555,6225700,0.0,0.0
2020-09-14 00:00:00-04:00,36.432003330208275,36.752155747449166,36.15914530480189,36.446556091308594,5298900,0.0,0.0
2020-09-15 00:00:00-04:00,36.82491325657271,37.51615402454393,36.66483568749488,37.15961837768555,4771700,0.0,0.0
2020-09-16 00:00:00-04:00,36.519321364706485,37.181456805606686,35.96633025691357,36.16278839111328,5863500,0.0,0.0
2020-09-17 00:00:00-04:00,35.92266484518773,37.29059374410619,35.54430141460794,37.08686065673828,5253700,0.0,0.0
2020-09-18 00:00:00-04:00,36.766710763157334,37.276046330280465,36.562977646570296,36.650291442871094,6271100,0.0,0.0
2020-09-21 00:00:00-04:00,35.682553052954674,35.89356391878917,34.32917684540278,34.8603401184082,6468800,0.0,0.0
2020-09-22 00:00:00-04:00,34.91127986418106,35.03861307383774,34.34373597219369,34.78030776977539,4181900,0.0,0.0
2020-09-23 00:00:00-04:00,34.692984801420835,35.01313718337046,33.812563669318074,34.0090217590332,4018000,0.0,0.0
2020-09-24 00:00:00-04:00,33.95808979924989,34.19093120355139,33.245021152064275,33.7689094543457,4648700,0.0,0.0
2020-09-25 00:00:00-04:00,33.30322909973995,33.76163132160324,33.20136255613814,33.49968719482422,4090200,0.0,0.0
2020-09-28 00:00:00-04:00,33.83438264290231,35.12954736984058,33.83438264290231,34.54745101928711,3993100,0.0,0.0
2020-09-29 00:00:00-04:00,34.36555637026276,34.76574756162416,33.65976276551189,33.88532638549805,2716800,0.0,0.0
2020-09-30 00:00:00-04:00,34.33645135576204,35.013139450036284,33.91443240567409,34.23458480834961,4663200,0.0,0.0
2020-10-01 00:00:00-04:00,34.35100731649578,34.5620181990261,33.41965276692126,33.55062484741211,3407600,0.0,0.0
2020-10-02 00:00:00-04:00,33.01217257697567,34.540178739695584,32.8375450459334,34.42375946044922,4559000,0.0,0.0
2020-10-05 00:00:00-04:00,34.85307176084015,35.56832217960754,34.70754690236628,35.34785461425781,3913400,0.0,0.0
2020-10-06 00:00:00-04:00,35.74075354970548,36.22826121045258,34.823952033781005,34.838504791259766,4474700,0.0,0.0
2020-10-07 00:00:00-04:00,35.25325594911702,35.69710542914201,34.92582577732356,35.14411163330078,4506400,0.0,0.0
2020-10-08 00:00:00-04:00,35.37694930366449,35.951770837034196,35.272173872016836,35.9299430847168,2962000,0.0,0.0
2020-10-09 00:00:00-04:00,36.23554625574803,36.446557134257844,35.435163801914484,35.9153938293457,4472800,0.0,0.0
2020-10-12 00:00:00-04:00,35.94450403591044,36.017265077319465,35.1164703946065,35.34785461425781,3005700,0.0,0.0
2020-10-13 00:00:00-04:00,35.275076413003866,35.63888702300884,34.78029376134472,34.838504791259766,6832200,0.0,0.0
2020-10-14 00:00:00-04:00,34.809404487045505,35.63161736592002,34.503802085554184,35.52975082397461,5322100,0.0,0.0
2020-10-15 00:00:00-04:00,34.83851070547632,35.708017988944164,34.809405185577816,35.66072082519531,2793200,0.0,0.0
2020-10-16 00:00:00-04:00,35.92266789530724,36.37743127226302,35.74804031292323,35.871734619140625,2754300,0.0,0.0
2020-10-19 00:00:00-04:00,35.89356112046908,36.62118244193988,35.464264429775106,35.537025451660156,2903500,0.0,0.0
2020-10-20 00:00:00-04:00,35.90810812120491,36.49020735054688,35.80624158876652,35.90083312988281,2503600,0.0,0.0
2020-10-21 00:00:00-04:00,35.92994639633561,36.17369890519686,35.326019287109375,35.326019287109375,4092500,0.0,0.0
2020-10-22 00:00:00-04:00,36.24282648894643,36.49749289366909,34.307353486087294,35.52248001098633,5244000,0.0,0.0
2020-10-23 00:00:00-04:00,36.03180874330329,36.34468613854626,35.224148619567025,35.31146240234375,3123400,0.0,0.0
2020-10-26 00:00:00-04:00,34.88216507722479,35.0276898963377,34.06504831123284,34.30734634399414,4026400,0.0,0.0
2020-10-27 00:00:00-04:00,34.139992750276605,34.33645084981515,33.75435431913901,33.88532638549805,4141200,0.0,0.0
2020-10-28 00:00:00-04:00,32.699297749986016,33.25229145053446,32.25545112210066,32.87392807006836,6157100,0.0,0.0
2020-10-29 00:00:00-04:00,32.47373181092081,33.950801816695005,32.43007354388278,33.6524772644043,4300100,0.0,0.0
2020-10-30 00:00:00-04:00,33.36871019848405,33.608823762098346,32.546497427788985,33.099491119384766,5165900,0.0,0.0
2020-11-02 00:00:00-05:00,33.65249527630071,34.96949122580933,33.383276091273935,34.79486083984375,3675800,0.0,0.0
2020-11-03 00:00:00-05:00,35.10773891547835,35.67528282217154,34.67844210061518,35.45699691772461,3293500,0.0,0.0
2020-11-04 00:00:00-05:00,34.889455602846134,35.17322757727315,33.653952795332856,33.79802322387695,4542300,0.0,0.0
2020-11-05 00:00:00-05:00,34.12544617644178,35.980880267766075,34.11089341476347,35.631622314453125,4253000,0.0,0.0
2020-11-06 00:00:00-05:00,35.82079526028559,36.250091926259685,34.94837639125264,35.09317398071289,3061500,0.0,0.0
2020-11-09 00:00:00-05:00,37.5379874988112,39.422527003796766,37.50160698456081,37.92362594604492,9208300,0.0,0.0
2020-11-10 00:00:00-05:00,38.07642202093213,39.07326237394954,37.887238938206146,38.89863204956055,6148700,0.0,0.0
2020-11-11 00:00:00-05:00,38.92774513174917,39.00414504612536,37.85086578641681,37.989112854003906,4118500,0.0,0.0
2020-11-12 00:00:00-05:00,37.64713386348191,37.88724749110983,36.77398759573713,37.13779830932617,3467600,0.0,0.0
2020-11-13 00:00:00-05:00,36.57752675336151,37.93090295123055,36.52659347930453,37.814483642578125,3482900,0.0,0.0
2020-11-16 00:00:00-05:00,38.96412276901581,39.24789465164146,37.93817677570873,39.24061965942383,4075600,0.0,0.0
2020-11-17 00:00:00-05:00,38.68035565571008,39.69902678240251,38.44024202374954,39.64081573486328,4795000,0.0,0.0
2020-11-18 00:00:00-05:00,39.76450509648272,40.946889707234945,39.67718854214021,40.237457275390625,5903500,0.0,0.0
2020-11-19 00:00:00-05:00,39.953682245047744,40.37570389727685,39.23333599493952,40.26655960083008,3514000,0.0,0.0
2020-11-20 00:00:00-05:00,40.070099450070465,40.32476576100424,39.49527803321466,39.82270812988281,2871700,0.0,0.0
2020-11-23 00:00:00-05:00,40.222906474449495,40.95780557650605,40.222906474449495,40.7031364440918,4560700,0.0,0.0
2020-11-24 00:00:00-05:00,41.47442140729093,42.33301491461711,41.19064949439855,42.005584716796875,4442800,0.0,0.0
2020-11-25 00:00:00-05:00,41.80185519224953,41.80185519224953,40.866861687806704,41.0596809387207,4158500,0.0,0.0
2020-11-27 00:00:00-05:00,41.19229414629474,41.295440203430125,40.52920833539693,40.81654739379883,2847400,0.7,0.0
2020-11-30 00:00:00-05:00,40.44080192704389,40.521846068864754,38.90097166400625,39.05569076538086,8760600,0.0,0.0
2020-12-01 00:00:00-05:00,40.101882711354314,40.101882711354314,38.97463980759037,39.43879699707031,4328700,0.0,0.0
2020-12-02 00:00:00-05:00,39.284077758181795,39.46458333106099,38.819917760259315,39.1956672668457,3723000,0.0,0.0
2020-12-03 00:00:00-05:00,39.04095004580936,39.7032966219114,38.900963716529105,39.49037170410156,3213800,0.0,0.0
2020-12-04 00:00:00-05:00,39.64509221215667,40.5955113296185,39.637723031650154,40.55867385864258,3294500,0.0,0.0
2020-12-07 00:00:00-05:00,40.47027053855291,40.47763690984605,39.06305753793548,39.203041076660156,3602700,0.0,0.0
2020-12-08 00:00:00-05:00,38.97464638707744,40.27871049444953,38.900968622764196,40.19029998779297,3161500,0.0,0.0
2020-12-09 00:00:00-05:00,40.47762767719336,41.07440479451476,40.042938796543666,40.27133560180664,3219100,0.0,0.0
2020-12-10 00:00:00-05:00,40.27134521068191,40.60288813274547,39.81455430168289,40.101890563964844,3402000,0.0,0.0
2020-12-11 00:00:00-05:00,39.99874508034177,40.11662669761211,39.46827639736552,39.78508377075195,2674800,0.0,0.0
2020-12-14 00:00:00-05:00,40.22713879976142,40.34502041605557,39.07042456158774,39.092529296875,3121900,0.0,0.0
2020-12-15 00:00:00-05:00,39.67456445803401,39.89559492696322,39.15883419191695,39.880859375,2335500,0.0,0.0
2020-12-16 00:00:00-05:00,39.807178071511856,39.86612027411767,39.2251392786335,39.659828186035156,1948800,0.0,0.0
2020-12-17 00:00:00-05:00,39.93242884678975,40.02820852076473,39.479319798444045,39.659828186035156,2222300,0.0,0.0
2020-12-18 00:00:00-05:00,40.60287324364714,41.07439953299771,39.9618923697186,41.00809097290039,11536700,0.0,0.0
2020-12-21 00:00:00-05:00,39.82192209650453,40.66919817089549,39.58615885694729,40.580787658691406,4458800,0.0,0.0
2020-12-22 00:00:00-05:00,40.529204344091816,40.72076369749503,40.109250975386516,40.27870559692383,2268300,0.0,0.0
2020-12-23 00:00:00-05:00,40.53657220156021,41.08914270134618,40.32291093378511,40.337646484375,2251600,0.0,0.0
2020-12-24 00:00:00-05:00,40.46288805397435,40.49825280769738,40.03188380678049,40.36711120605469,1074700,0.0,0.0
2020-12-28 00:00:00-05:00,40.72077021960608,41.089150623824864,39.91770082598837,39.99874496459961,3668200,0.0,0.0
2020-12-29 00:00:00-05:00,40.15345765468516,40.38922085093537,39.674562081384984,40.0282096862793,2222000,0.0,0.0
2020-12-30 00:00:00-05:00,40.04293303812175,41.00809032870598,40.006095574317115,40.868106842041016,3790000,0.0,0.0
2020-12-31 00:00:00-05:00,40.86811109421657,41.33226824538187,40.60287683039719,40.89021301269531,2663500,0.0,0.0
2021-01-04 00:00:00-05:00,41.12598950625335,41.34775355034576,39.52721984640849,39.81455612182617,4852800,0.0,0.0
2021-01-05 00:00:00-05:00,39.888225321605326,41.38384869848071,39.78507926947862,41.11124801635742,3112800,0.0,0.0
2021-01-06 00:00:00-05:00,41.958521824062835,43.62359974550344,41.663816424090825,43.048927307128906,6208400,0.0,0.0
2021-01-07 00:00:00-05:00,43.46887448824149,44.0361804756045,42.809473427810175,43.10786056518555,4437600,0.0,0.0
2021-01-08 00:00:00-05:00,43.00472242304676,43.36573641233743,42.54793156376639,42.8868408203125,4063500,0.0,0.0
2021-01-11 00:00:00-05:00,42.51109556297099,43.432046494532244,42.179552665505106,43.36573791503906,3455900,0.0,0.0
2021-01-12 00:00:00-05:00,43.70464492144999,45.097122208221606,43.46888172001347,44.97187423706055,6235000,0.0,0.0
2021-01-13 00:00:00-05:00,44.75821367312587,45.170800687496296,43.95514437710499,44.227745056152344,3236300,0.0,0.0
2021-01-14 00:00:00-05:00,44.36036098690555,44.57402226401797,43.77831936050372,43.947776794433594,3578800,0.0,0.0
2021-01-15 00:00:00-05:00,43.188921264566815,43.336274000166185,42.09114914591683,42.2237663269043,6692900,0.0,0.0
2021-01-19 00:00:00-05:00,42.55529278837588,42.879469264583676,41.50172767225681,42.40057373046875,4919300,0.0,0.0
2021-01-20 00:00:00-05:00,42.63633986715055,43.19627955918723,42.16481348050005,43.15207290649414,3724400,0.0,0.0
2021-01-21 00:00:00-05:00,43.10786796737301,43.29942732613876,42.22375736251871,42.4079475402832,3442000,0.0,0.0
2021-01-22 00:00:00-05:00,41.98799608512858,42.57371952822812,41.89958277217381,42.36374282836914,2621500,0.0,0.0
2021-01-25 00:00:00-05:00,41.89220953668789,42.304793687458584,41.008096225649815,42.16481018066406,3682400,0.0,0.0
2021-01-26 00:00:00-05:00,42.65107714819654,42.91631145407646,41.03757220145246,41.06704330444336,3060300,0.0,0.0
2021-01-27 00:00:00-05:00,40.25660074268519,40.58077722159001,38.797815019169825,40.072410583496094,6283500,0.0,0.0
2021-01-28 00:00:00-05:00,39.88822441065224,40.41132384050221,39.04831765049447,40.06504821777344,5817000,0.0,0.0
2021-01-29 00:00:00-05:00,39.67456575331347,40.3044986756007,38.13473565437424,38.237884521484375,8895400,0.0,0.0
2021-02-01 00:00:00-05:00,38.59889001434038,38.93043286903454,37.817925523859515,38.8641242980957,4128300,0.0,0.0
2021-02-02 00:00:00-05:00,39.46090648022279,40.42606125661468,38.95253976787548,40.23450469970703,5229500,0.0,0.0
2021-02-03 00:00:00-05:00,40.013472285771655,40.8128569239386,39.813810215215454,40.779701232910156,3984200,0.0,0.0
2021-02-04 00:00:00-05:00,40.868124540922025,41.531207608123914,40.38922887250993,41.50910568237305,4312200,0.0,0.0
2021-02-05 00:00:00-05:00,41.80379607523095,42.606865210811314,41.58276565530429,42.172176361083984,3732500,0.0,0.0
2021-02-08 00:00:00-05:00,42.5479326535301,42.923679393582184,42.15008118016729,42.25322723388672,2543200,0.0,0.0
2021-02-09 00:00:00-05:00,42.363734932450875,42.3747858918807,41.53119465900705,41.70064926147461,4209500,0.0,0.0
2021-02-10 00:00:00-05:00,41.99537374509222,43.01210463323478,41.61225771752372,42.4890022277832,3453000,0.0,0.0
2021-02-11 00:00:00-05:00,42.59215112062545,42.68792801962761,41.766976841007164,42.4890022277832,2326500,0.0,0.0
2021-02-12 00:00:00-05:00,42.407943404152284,42.93104278345994,42.32321469401599,42.84263229370117,1975100,0.0,0.0
2021-02-16 00:00:00-05:00,43.39520608545678,43.7304307404108,43.12997178541635,43.284690856933594,4072700,0.0,0.0
2021-02-17 00:00:00-05:00,43.159441652035355,43.40257121309855,42.44478289855703,43.12997055053711,3277800,0.0,0.0
2021-02-18 00:00:00-05:00,42.95314889257542,43.22206778873996,42.06903547720205,42.4079475402832,3112600,0.0,0.0
2021-02-19 00:00:00-05:00,42.5479293912731,44.596123188144944,42.5479293912731,44.492977142333984,4037100,0.0,0.0
2021-02-22 00:00:00-05:00,44.66243109845358,46.09174859922584,44.35299296561768,46.032806396484375,5672600,0.0,0.0
2021-02-23 00:00:00-05:00,46.37171786491619,46.393822597268716,45.31814982956171,45.767574310302734,4147200,0.0,0.0
2021-02-24 00:00:00-05:00,45.679165086193656,47.137950988780766,45.637170309331424,46.92428970336914,4668600,0.0,0.0
2021-02-25 00:00:00-05:00,46.5443641478197,46.81031234298115,45.53495965716597,45.702571868896484,3260300,0.7,0.0
2021-02-26 00:00:00-05:00,45.330102426120796,45.47909265285356,43.80295899605243,44.182884216308594,6399700,0.0,0.0
2021-03-01 00:00:00-05:00,45.553579265654264,46.3879203751875,45.12150798640838,45.84410858154297,4083800,0.0,0.0
2021-03-02 00:00:00-05:00,46.343228842654135,47.706485471606754,46.03780018112543,46.7306022644043,7316000,0.0,0.0
2021-03-03 00:00:00-05:00,46.55926103094016,47.22226445334047,46.19423517408681,46.373023986816406,5390300,0.0,0.0
2021-03-04 00:00:00-05:00,46.23149928712556,46.64866857745788,44.76395001198536,45.590843200683594,6050400,0.0,0.0
2021-03-05 00:00:00-05:00,46.276182908633366,46.96153675286045,45.25560463679456,46.86469268798828,3883800,0.0,0.0
2021-03-08 00:00:00-05:00,47.05837749541628,47.87781939726867,46.56671178595447,47.25951385498047,4437600,0.0,0.0
2021-03-09 00:00:00-05:00,47.43086265143322,47.46066126906903,46.11975473473612,46.38048553466797,5823200,0.0,0.0
2021-03-10 00:00:00-05:00,46.648664142328975,48.01936919828518,46.46242705777924,47.743736267089844,4238500,0.0,0.0
2021-03-11 00:00:00-05:00,47.92251683841492,48.6227642490237,47.840572085550576,47.91506576538086,3651800,0.0,0.0
2021-03-12 00:00:00-05:00,48.18324365460569,48.458876499493115,47.58728573900712,47.92995834350586,2690800,0.0,0.0
2021-03-15 00:00:00-04:00,47.72882672234917,47.89271622120448,46.52201154085066,46.85723876953125,5353300,0.0,0.0
2021-03-16 00:00:00-04:00,46.70081191141319,47.55005543335952,46.08250624706692,47.06583786010742,6461600,0.0,0.0
2021-03-17 00:00:00-04:00,47.2893058325579,49.35281244484697,47.06582196719569,49.17402648925781,5138900,0.0,0.0
2021-03-18 00:00:00-04:00,49.21127875249308,50.11266543788358,48.146002545485395,48.213050842285156,4203500,0.0,0.0
2021-03-19 00:00:00-04:00,48.21304726476681,48.2726444833879,46.678452986295234,47.60963821411133,6445800,0.0,0.0
2021-03-22 00:00:00-04:00,47.527692602884876,47.527692602884876,46.484766871576525,47.3116569519043,4631100,0.0,0.0
2021-03-23 00:00:00-04:00,46.685902990478404,46.699313217702894,44.99487305329509,45.2556037902832,5523500,0.0,0.0
2021-03-24 00:00:00-04:00,45.888811827170095,47.24461743739884,45.74205806524197,46.216590881347656,4322600,0.0,0.0
2021-03-25 00:00:00-04:00,45.79196463028759,47.16266936810774,45.62807512456126,47.11052322387695,3921200,0.0,0.0
2021-03-26 00:00:00-04:00,47.22226839592382,47.78097957494185,46.99878449266701,47.66923904418945,4256300,0.0,0.0
2021-03-29 00:00:00-04:00,47.39361208907886,48.511037428900295,47.30421908492399,47.60219955444336,3193700,0.0,0.0
2021-03-30 00:00:00-04:00,47.468100074248326,48.26519441857217,47.289311256401476,48.131103515625,2605100,0.0,0.0
2021-03-31 00:00:00-04:00,47.87781996214596,48.39183605656961,47.31166056101855,47.631988525390625,3643800,0.0,0.0
2021-04-01 00:00:00-04:00,47.63944255489364,48.2130530652493,47.2893159577507,48.1236572265625,3698900,0.0,0.0
2021-04-05 00:00:00-04:00,48.42163480960177,48.58552432908721,47.86292363872175,48.11620330810547,4077900,0.0,0.0
2021-04-06 00:00:00-04:00,47.85547539400639,48.71216704336596,47.77353062941956,48.1236572265625,3420300,0.0,0.0
2021-04-07 00:00:00-04:00,48.0417103217828,48.39928797709611,47.42340476138055,47.66923904418945,2374000,0.0,0.0
2021-04-08 00:00:00-04:00,47.57238944466323,47.69902926647111,46.64865248574913,47.073272705078125,3638900,0.0,0.0
2021-04-09 00:00:00-04:00,47.073280475771895,47.34891338359253,46.58906580205721,47.036033630371094,3721000,0.0,0.0
2021-04-12 00:00:00-04:00,47.378706430249565,47.78843023135276,47.155222528944535,47.52024841308594,3143800,0.0,0.0
2021-04-13 00:00:00-04:00,47.37125471581511,47.43830016545299,46.52201424823647,47.16267013549805,4471600,0.0,0.0
2021-04-14 00:00:00-04:00,47.37125792165612,48.257745289748286,47.199920170264456,47.855472564697266,4234400,0.0,0.0
2021-04-15 00:00:00-04:00,48.332239047533186,48.36203765871124,47.527696437989555,48.1013069152832,2632500,0.0,0.0
2021-04-16 00:00:00-04:00,48.622763293361366,48.801554941644106,47.870369753309056,48.18324661254883,3698800,0.0,0.0
2021-04-19 00:00:00-04:00,48.27265140944231,48.45143740745382,47.631992584352425,48.0864143371582,2566600,0.0,0.0
2021-04-20 00:00:00-04:00,47.6766826688985,47.71393235063496,46.3953709128113,46.54436111450195,4532200,0.0,0.0
2021-04-21 00:00:00-04:00,46.52946964120002,48.436535450199464,46.466149718393886,48.28754806518555,4283500,0.0,0.0
2021-04-22 00:00:00-04:00,47.67669298242209,47.71394267221648,45.23326337643371,45.38970184326172,12028900,0.0,0.0
2021-04-23 00:00:00-04:00,45.516330938865586,46.551811256952334,45.032116345240354,46.26873016357422,5682300,0.0,0.0
2021-04-26 00:00:00-04:00,46.45497652665474,46.79765206325364,46.13464852973552,46.335784912109375,4871600,0.0,0.0
2021-04-27 00:00:00-04:00,46.38792414107942,46.81999261365014,45.97820320485233,46.67100524902344,3781300,0.0,0.0
2021-04-28 00:00:00-04:00,46.95408271342921,47.72510680514073,46.7082512925915,47.16267013549805,5584300,0.0,0.0
2021-04-29 00:00:00-04:00,47.54259995640366,48.19070701907224,47.25579611321868,47.72138595581055,4366000,0.0,0.0
2021-04-30 00:00:00-04:00,47.26695878978585,47.46064405064564,46.41026731495047,46.55925750732422,4932300,0.0,0.0
2021-05-03 00:00:00-04:00,47.06583313497971,48.44771471206972,47.02113521460073,48.0864143371582,6327800,0.0,0.0
2021-05-04 00:00:00-04:00,47.862922165775615,49.36771503896185,47.52769490521358,49.33047103881836,7367200,0.0,0.0
2021-05-05 00:00:00-04:00,49.53160249975436,50.83153910949484,49.27087177554519,50.708621978759766,7467100,0.0,0.0
2021-05-06 00:00:00-04:00,50.67137822847311,51.468472640654554,50.03817334312407,51.43122863769531,4670600,0.0,0.0
2021-05-07 00:00:00-04:00,50.91721251872172,51.63981324148048,50.49259223715785,51.43122863769531,5174900,0.0,0.0
2021-05-10 00:00:00-04:00,51.96013531934393,52.593340132771424,51.14814453490828,51.20029067993164,5039000,0.0,0.0
2021-05-11 00:00:00-04:00,50.537293297433685,51.32694241261568,50.060526808477135,51.08110809326172,5693400,0.0,0.0
2021-05-12 00:00:00-04:00,51.21519307334478,51.47592382865369,50.20951405515085,50.35850143432617,4886200,0.0,0.0
2021-05-13 00:00:00-04:00,50.25420973730256,51.103450312536665,50.149917433923235,50.71607971191406,3068400,0.0,0.0
2021-05-14 00:00:00-04:00,51.028943488946176,52.17616421436764,50.93210228459021,52.01972579956055,4817200,0.0,0.0
2021-05-17 00:00:00-04:00,51.833504797752624,52.950927263268106,51.751560028934456,52.82428741455078,3607500,0.0,0.0
2021-05-18 00:00:00-04:00,52.89132808964698,53.17440639110747,51.78135673942857,51.7962532043457,3523800,0.0,0.0
2021-05-19 00:00:00-04:00,51.028950573768284,51.33438205710906,50.11266180724955,51.066200256347656,4398500,0.0,0.0
2021-05-20 00:00:00-04:00,50.99915751502375,51.192845655210526,50.55218969294243,50.85017013549805,3126500,0.0,0.0
2021-05-21 00:00:00-04:00,51.16305975745466,51.84841096720052,51.066218505046756,51.274803161621094,3855700,0.0,0.0
2021-05-24 00:00:00-04:00,51.84095015747427,52.15383276709341,51.47220438151942,51.8111572265625,3420100,0.0,0.0
2021-05-25 00:00:00-04:00,51.744105543373074,52.481602730614696,51.3716314127555,51.43122863769531,4419400,0.0,0.0
2021-05-26 00:00:00-04:00,51.27478591397405,51.878192136593064,50.81291598441775,51.826045989990234,6059200,0.0,0.0
2021-05-27 00:00:00-04:00,52.16467848240609,52.64629075212512,51.35195562427855,51.66801834106445,6256600,0.7,0.0
2021-05-28 00:00:00-04:00,51.98407355006128,52.05179758196829,50.95311927017749,51.48740768432617,3815200,0.0,0.0
2021-06-01 00:00:00-04:00,52.05181057773774,53.07523830694953,51.811004390939225,52.98493957519531,4139100,0.0,0.0
2021-06-02 00:00:00-04:00,52.91719618516429,52.91719618516429,51.818517881431504,51.8862419128418,4797800,0.0,0.0
2021-06-03 00:00:00-04:00,52.18726396234421,53.203164874642134,51.50322581366226,53.135440826416016,4322500,0.0,0.0
2021-06-04 00:00:00-04:00,53.42892336204647,53.534275709374064,52.586098842153326,52.954837799072266,3041900,0.0,0.0
2021-06-07 00:00:00-04:00,52.954824223946574,53.03007506113661,51.84109231321312,52.10447311401367,2803900,0.0,0.0
2021-06-08 00:00:00-04:00,51.93893498548943,52.46570250237935,51.40464640128553,52.209842681884766,3469400,0.0,0.0
2021-06-09 00:00:00-04:00,52.11200270952132,52.30765948970505,51.52503811024129,51.803466796875,3379200,0.0,0.0
2021-06-10 00:00:00-04:00,52.66886970377634,52.804323524455064,51.13372831650802,51.1638298034668,4022000,0.0,0.0
2021-06-11 00:00:00-04:00,51.525053016709585,51.938935633782584,51.05096167146386,51.17136764526367,2726100,0.0,0.0
2021-06-14 00:00:00-04:00,51.04343116850364,51.30681201091285,50.14040375575122,50.388736724853516,3712800,0.0,0.0
2021-06-15 00:00:00-04:00,50.35111319759342,50.73866051706195,49.99742789836467,50.58439254760742,3255000,0.0,0.0
2021-06-16 00:00:00-04:00,50.42636314223808,50.50914079552302,49.06429813717694,49.35778045654297,5428800,0.0,0.0
2021-06-17 00:00:00-04:00,49.49322915696035,49.515809575651886,46.9045647169478,47.81511306762695,5696100,0.0,0.0
2021-06-18 00:00:00-04:00,47.070121898705125,47.44638187051034,46.56593491439131,46.64118576049805,8745300,0.0,0.0
2021-06-21 00:00:00-04:00,47.51409841745712,48.12288836586157,47.250717642891004,47.49152374267578,5260000,0.0,0.0
2021-06-22 00:00:00-04:00,47.75492124491982,48.02582891973049,47.167956529920794,47.7850227355957,4019100,0.0,0.0
2021-06-23 00:00:00-04:00,48.16127778522125,48.3644556497181,47.48400866811224,47.521636962890625,3254400,0.0,0.0
2021-06-24 00:00:00-04:00,47.99571061702667,48.033338902509094,47.22814009747452,47.49152374267578,4253700,0.0,0.0
2021-06-25 00:00:00-04:00,47.5968821585846,48.06344367794219,47.49152983524278,47.626983642578125,4259700,0.0,0.0
2021-06-28 00:00:00-04:00,47.634506127307304,47.634506127307304,46.78415788952274,47.333499908447266,2727000,0.0,0.0
2021-06-29 00:00:00-04:00,47.61945502609482,48.01829249725917,47.09269342940958,47.393699645996094,2652900,0.0,0.0
2021-06-30 00:00:00-04:00,47.295877254530474,47.875317954935866,47.220626408508274,47.61946105957031,3356500,0.0,0.0
2021-07-01 00:00:00-04:00,48.326838085217055,48.477339797324184,47.72481975424393,47.7850227355957,3324700,0.0,0.0
2021-07-02 00:00:00-04:00,47.657086747901005,47.988194471187775,47.258249248006834,47.792537689208984,3172800,0.0,0.0
2021-07-06 00:00:00-04:00,47.70976275708694,47.74738817791947,46.208483491339386,46.60355758666992,3727000,0.0,0.0
2021-07-07 00:00:00-04:00,46.43047879192998,47.02497020684791,45.97445248656889,46.844364166259766,3424300,0.0,0.0
2021-07-08 00:00:00-04:00,45.90372048214146,46.67129123467982,45.64033962762948,46.21225357055664,4251300,0.0,0.0
2021-07-09 00:00:00-04:00,46.829319891972006,47.91294767327043,46.731491486864364,47.468963623046875,5063200,0.0,0.0
2021-07-12 00:00:00-04:00,47.07765104479699,47.86026964335383,46.63742467422862,47.57431411743164,3100400,0.0,0.0
2021-07-13 00:00:00-04:00,47.72481103724907,47.927991756245866,46.89704028930859,47.18299865722656,3074500,0.0,0.0
2021-07-14 00:00:00-04:00,47.36360672142462,47.89413468762302,46.7841659897345,46.89704513549805,2571700,0.0,0.0
2021-07-15 00:00:00-04:00,46.50573095461387,47.198050780782005,46.4229533032707,46.58850860595703,2745800,0.0,0.0
2021-07-16 00:00:00-04:00,46.129473369506464,46.44553324814781,45.00069341982538,45.158721923828125,6961300,0.0,0.0
2021-07-19 00:00:00-04:00,43.75149798333291,44.007354814197114,42.93501474022033,43.48811721801758,7815400,0.0,0.0
2021-07-20 00:00:00-04:00,43.75150745957916,44.54165279729972,43.366216481751,44.11271667480469,6771700,0.0,0.0
2021-07-21 00:00:00-04:00,44.78998861682078,45.18882327927145,44.44006671861765,44.94801712036133,7428300,0.0,0.0
2021-07-22 00:00:00-04:00,44.067564802357275,45.820934613957476,43.64615263999065,45.51240158081055,7111300,0.0,0.0
2021-07-23 00:00:00-04:00,45.78330981239374,46.11441752759956,45.0006884448503,45.233970642089844,4690500,0.0,0.0
2021-07-26 00:00:00-04:00,45.30170185779343,46.68633868959471,45.30170185779343,46.663761138916016,6534300,0.0,0.0
2021-07-27 00:00:00-04:00,46.28750356225046,46.972296641882025,45.798367288591315,46.618614196777344,3568500,0.0,0.0
2021-07-28 00:00:00-04:00,46.52830440236748,46.88198678514853,45.9488637646867,46.55840301513672,4113600,0.0,0.0
2021-07-29 00:00:00-04:00,46.98734305117602,47.35607907725151,46.66375925399826,47.10774612426758,3708600,0.0,0.0
2021-07-30 00:00:00-04:00,47.02496714712986,47.57806683092774,46.40413769071213,46.776634216308594,4646800,0.0,0.0
2021-08-02 00:00:00-04:00,46.88199500226969,47.85274648245109,46.04669735051528,46.06927490234375,3714500,0.0,0.0
2021-08-03 00:00:00-04:00,46.016587651924965,46.859409037584726,45.26782837212967,46.829307556152344,4819700,0.0,0.0
2021-08-04 00:00:00-04:00,46.46058057666311,46.80673904683347,45.88866383664322,45.89619064331055,3340100,0.0,0.0
2021-08-05 00:00:00-04:00,46.12194468306815,46.50572856335608,45.828462385676985,45.90371322631836,3037100,0.0,0.0
2021-08-06 00:00:00-04:00,46.36275243359213,46.934666306049856,46.31760020525244,46.65623474121094,3142800,0.0,0.0
2021-08-09 00:00:00-04:00,46.44553162494198,46.825552127862274,46.17462398718462,46.520782470703125,3178100,0.0,0.0
2021-08-10 00:00:00-04:00,46.67128323649548,47.83768847472939,46.61108026827503,47.499053955078125,3560000,0.0,0.0
2021-08-11 00:00:00-04:00,47.72480712654242,48.38702826364752,47.57430545425715,48.34187316894531,3583600,0.0,0.0
2021-08-12 00:00:00-04:00,48.4321888415734,48.6278456539057,47.636775779248964,48.16880798339844,3581400,0.0,0.0
2021-08-13 00:00:00-04:00,48.138701308895676,48.2365268338894,47.6721368809002,47.92799377441406,2385600,0.0,0.0
2021-08-16 00:00:00-04:00,47.559261245791006,47.8565069694652,46.761589068185486,47.64956283569336,3163400,0.0,0.0
2021-08-17 00:00:00-04:00,47.17547424961694,47.31469147266718,46.00906891070021,46.88951873779297,3974300,0.0,0.0
2021-08-18 00:00:00-04:00,46.58850408987957,47.28082384893738,46.437999544811746,46.5659294128418,4574000,0.0,0.0
2021-08-19 00:00:00-04:00,45.93381858985602,46.197199424978436,45.264076291428324,45.56508255004883,3981600,0.0,0.0
2021-08-20 00:00:00-04:00,45.45972888817596,45.98649341367044,45.3920019796033,45.82093811035156,3203600,0.0,0.0
2021-08-23 00:00:00-04:00,46.27997332539496,46.972290247642135,46.249871840783634,46.701385498046875,3439900,0.0,0.0
2021-08-24 00:00:00-04:00,47.002392910026266,47.80758898442453,47.002392910026266,47.604408264160156,2896000,0.0,0.0
2021-08-25 00:00:00-04:00,47.63450236280766,48.296720584982076,47.2732932063403,48.063438415527344,3246700,0.0,0.0
2021-08-26 00:00:00-04:00,48.04086974351904,48.582682110607465,47.76243818886002,47.897891998291016,3618500,0.0,0.0
2021-08-27 00:00:00-04:00,48.304261706555145,49.55720822324521,48.251585535039894,49.19975662231445,5348700,0.0,0.0
2021-08-30 00:00:00-04:00,49.443163603948086,49.69266364264214,48.64446692607108,48.66728591918945,3925000,0.7,0.0
2021-08-31 00:00:00-04:00,48.454298609955494,48.59121836556631,47.686026325505594,47.845767974853516,5450000,0.0,0.0
2021-09-01 00:00:00-04:00,47.79253469761308,47.92184622317528,47.01665683912865,47.57194137573242,3949200,0.0,0.0
2021-09-02 00:00:00-04:00,47.739282131564934,48.195682375534616,47.480656197159846,47.632789611816406,3414600,0.0,0.0
2021-09-03 00:00:00-04:00,47.503469559979685,47.78871857306799,46.91014963959796,47.25244903564453,3690400,0.0,0.0
2021-09-07 00:00:00-04:00,47.14596371250051,47.38937600858988,46.88733778519262,47.06229019165039,2514300,0.0,0.0
2021-09-08 00:00:00-04:00,47.031858997689106,47.24484400039699,46.02777979507314,46.16469955444336,4629000,0.0,0.0
2021-09-09 00:00:00-04:00,45.83000998605244,46.54503316362834,45.69309022200765,45.85282897949219,4439100,0.0,0.0
2021-09-10 00:00:00-04:00,46.286404687872995,46.73519657798626,45.898467312481586,45.95171356201172,4093300,0.0,0.0
2021-09-13 00:00:00-04:00,46.60589139223526,46.849303680648845,45.80339050641117,46.18752670288086,4549200,0.0,0.0
2021-09-14 00:00:00-04:00,46.58307131433365,46.62870930378592,45.27624861076804,45.37361526489258,4493600,0.0,0.0
2021-09-15 00:00:00-04:00,45.449673735663914,46.149483218776425,45.388819223200464,45.79197311401367,5167600,0.0,0.0
2021-09-16 00:00:00-04:00,45.74633016779088,45.88324991295954,44.932419961345325,45.23668670654297,4650700,0.0,0.0
2021-09-17 00:00:00-04:00,44.72705297523458,45.008497907920216,43.715371129887174,43.9283561706543,9622900,0.0,0.0
2021-09-20 00:00:00-04:00,42.794959588313674,43.45673942287598,42.072331038332266,42.734107971191406,7683900,0.0,0.0
2021-09-21 00:00:00-04:00,43.04597466167054,43.25135428408079,41.996257558807976,42.23966979980469,6156400,0.0,0.0
2021-09-22 00:00:00-04:00,42.79496260050616,43.342641701671646,42.79116136908939,42.82538986206055,6823800,0.0,0.0
2021-09-23 00:00:00-04:00,43.182905909372764,44.152750999255844,43.05359148969954,43.68494415283203,7814100,0.0,0.0
2021-09-24 00:00:00-04:00,43.50998017328867,43.616472666061895,43.1600754394044,43.213321685791016,7964900,0.0,0.0
2021-09-27 00:00:00-04:00,43.266573287412776,45.92889754307866,43.266573287412776,45.40403747558594,12374000,0.0,0.0
2021-09-28 00:00:00-04:00,45.75395564683872,46.13048363686618,44.985683131925825,45.229095458984375,6681800,0.0,0.0
2021-09-29 00:00:00-04:00,45.229084515575444,45.335577020184175,44.7042273564168,44.74225997924805,4578800,0.0,0.0
2021-09-30 00:00:00-04:00,44.81832952341417,45.008495557512234,43.77622046903373,43.78382873535156,4929000,0.0,0.0
2021-10-01 00:00:00-04:00,43.86750047415685,44.88679055904319,43.54802292152404,44.55970764160156,6925300,0.0,0.0
2021-10-04 00:00:00-04:00,44.55970087144713,44.8791783755403,43.875102074528854,44.30107498168945,5652900,0.0,0.0
2021-10-05 00:00:00-04:00,44.316288028349575,45.21767600785016,44.19458189160589,44.95524597167969,5646200,0.0,0.0
2021-10-06 00:00:00-04:00,44.392358373639574,44.5520971419492,42.82538924655043,43.47956085205078,8699100,0.0,0.0
2021-10-07 00:00:00-04:00,44.03484354616037,45.23669419682009,43.958778298117466,44.50645446777344,7235900,0.0,0.0
2021-10-08 00:00:00-04:00,44.73465656009632,45.099774978214526,44.42278439659723,44.65858840942383,4260200,0.0,0.0
2021-10-11 00:00:00-04:00,45.06934617542694,45.47249720423174,44.27825484572799,44.2934684753418,4139000,0.0,0.0
2021-10-12 00:00:00-04:00,44.13373086634319,44.39996213726047,43.73818519119237,43.920745849609375,5443800,0.0,0.0
2021-10-13 00:00:00-04:00,44.05766385291736,44.15655099968202,43.09162298683609,43.28939437866211,7689800,0.0,0.0
2021-10-14 00:00:00-04:00,43.68493697044289,44.71183228541399,43.4643436977829,44.6814079284668,6430400,0.0,0.0
2021-10-15 00:00:00-04:00,45.23669520087019,45.43446659119329,44.7574760027944,44.8487548828125,4288200,0.0,0.0
2021-10-18 00:00:00-04:00,43.89031827052497,45.17583952914252,43.81425012102786,44.841148376464844,4660100,0.0,0.0
2021-10-19 00:00:00-04:00,44.94764309197548,45.084562866092845,44.52927840515167,45.02370834350586,3650600,0.0,0.0
2021-10-20 00:00:00-04:00,45.00088321725248,46.10232613204363,44.834299352517974,45.55616760253906,5875300,0.0,0.0
2021-10-21 00:00:00-04:00,45.69308512805817,46.529814346871206,44.08808366311966,45.07694625854492,8916600,0.0,0.0
2021-10-22 00:00:00-04:00,45.36600082514743,45.78436544784476,44.407565454937135,44.42277908325195,5889500,0.0,0.0
2021-10-25 00:00:00-04:00,45.061742353729905,45.286136869381444,44.582523160454585,44.65858840942383,6293200,0.0,0.0
2021-10-26 00:00:00-04:00,44.65858840942383,45.45728513041386,44.255437366821,44.65858840942383,6875200,0.0,0.0
2021-10-27 00:00:00-04:00,44.55970568565993,44.55970568565993,42.52112560537041,42.597190856933594,11512700,0.0,0.0
2021-10-28 00:00:00-04:00,42.787353266997926,43.251358806699194,42.75692600826598,43.030765533447266,5974400,0.0,0.0
2021-10-29 00:00:00-04:00,42.6960736543138,43.09161930588099,42.33856062465242,42.57436752319336,5894900,0.0,0.0
2021-11-01 00:00:00-04:00,42.604789460469554,44.103298472433885,42.604789460469554,43.69253921508789,7562000,0.0,0.0
2021-11-02 00:00:00-04:00,43.844679641367236,44.681411918756424,43.540415732801186,44.47603225708008,5929500,0.0,0.0
2021-11-03 00:00:00-04:00,44.49123963279757,45.324164758286734,44.18697286530464,44.91720962524414,6234300,0.0,0.0
2021-11-04 00:00:00-04:00,44.87918412317209,44.89059362096475,43.20191830676811,43.48716735839844,9047900,0.0,0.0
2021-11-05 00:00:00-04:00,43.5404139928341,44.68521136443424,43.5404139928341,44.35432434082031,4979100,0.0,0.0
2021-11-08 00:00:00-05:00,44.82593686830142,45.396434958868596,44.34291352666734,44.55209732055664,4894100,0.0,0.0
2021-11-09 00:00:00-05:00,44.52928204353229,44.970465761522604,44.41898538860881,44.71944808959961,4447800,0.0,0.0
2021-11-10 00:00:00-05:00,44.75746782179186,45.0997671864216,44.49123659469249,44.69661331176758,5103900,0.0,0.0
2021-11-11 00:00:00-05:00,44.94003747392185,45.624633438942396,44.89439658223914,45.39643478393555,4140400,0.0,0.0
2021-11-12 00:00:00-05:00,45.48010239181485,46.05820576949788,45.229081872730774,45.685482025146484,3499400,0.0,0.0
2021-11-15 00:00:00-05:00,46.0201813534638,46.26359365080039,45.472502233604736,45.57899475097656,3470400,0.0,0.0
2021-11-16 00:00:00-05:00,45.617031329335916,45.63224496098233,44.75748000238679,44.7726936340332,4004700,0.0,0.0
2021-11-17 00:00:00-05:00,44.635777444662345,44.86397613432428,44.24783706070366,44.37715148925781,3342400,0.0,0.0
2021-11-18 00:00:00-05:00,44.384750731682864,44.39996436245535,43.867498892231986,44.10330581665039,3801500,0.0,0.0
2021-11-19 00:00:00-05:00,43.70015147842774,43.75339773128481,42.62000698824909,43.616477966308594,7424300,0.0,0.0
2021-11-22 00:00:00-05:00,43.783831491152824,45.099780181734246,43.669730702831004,44.71944808959961,5309200,0.0,0.0
2021-11-23 00:00:00-05:00,45.137800327520175,45.4268534500804,44.74986297757845,45.01609420776367,5279400,0.0,0.0
2021-11-24 00:00:00-05:00,44.80312367544335,45.1606338853398,44.56731672285758,44.59774398803711,3307100,0.0,0.0
2021-11-26 00:00:00-05:00,43.084010356222564,43.94356152581733,42.581972210611184,43.814247131347656,4317500,0.0,0.0
2021-11-29 00:00:00-05:00,44.58427854410476,44.9538887812054,43.413844657918894,43.78345489501953,4564300,0.7,0.0
2021-11-30 00:00:00-05:00,43.321445450744726,43.4985531325463,41.89690562899498,42.29731750488281,10398200,0.0,0.0
2021-12-01 00:00:00-05:00,42.72852060494026,42.96722553680539,40.58015859374981,40.62635803222656,9113300,0.0,0.0
2021-12-02 00:00:00-05:00,40.42615289863192,41.176923134646245,40.09504322085107,40.94976806640625,7333300,0.0,0.0
2021-12-03 00:00:00-05:00,40.81116522433683,41.44258301734394,40.603258935800234,40.86506652832031,6969100,0.0,0.0
2021-12-06 00:00:00-05:00,41.85840268250857,42.134068978503905,41.457990829827025,41.488792419433594,6066400,0.0,0.0
2021-12-07 00:00:00-05:00,41.92769929454397,42.643820003320606,41.78909509688392,42.243408203125,5806900,0.0,0.0
2021-12-08 00:00:00-05:00,42.589919932448915,42.720822268812626,42.18180625532467,42.28190994262695,5013700,0.0,0.0
2021-12-09 00:00:00-05:00,41.765994891002926,42.027802490495745,41.36943109056167,41.88149642944336,5607700,0.0,0.0
2021-12-10 00:00:00-05:00,42.46671628809601,42.55141624429563,41.80064593720148,42.10480499267578,3628600,0.0,0.0
2021-12-13 00:00:00-05:00,41.935399887603936,42.0817059561669,40.86276091730066,41.05757522583008,5398800,0.0,0.0
2021-12-14 00:00:00-05:00,41.00367766403463,41.96620530873028,40.91743556305726,41.488792419433594,4048700,0.0,0.0
2021-12-15 00:00:00-05:00,41.41948637169622,41.63509160363127,40.70336563716799,41.61199188232422,4955200,0.0,0.0
2021-12-16 00:00:00-05:00,41.91229911205974,42.628419831264075,41.78909570539023,42.0432014465332,5605900,0.0,0.0
2021-12-17 00:00:00-05:00,41.989301397009775,42.093256018581734,41.10377780299476,41.6581916809082,10400000,0.0,0.0
2021-12-20 00:00:00-05:00,40.88816380303807,41.265475845762104,40.403052096193626,41.20387268066406,6251000,0.0,0.0
2021-12-21 00:00:00-05:00,41.71208868869137,42.20490521671589,41.50418534178501,41.735191345214844,4422000,0.0,0.0
2021-12-22 00:00:00-05:00,41.67359406792953,41.87380145329367,41.303983822720085,41.758296966552734,3729600,0.0,0.0
2021-12-23 00:00:00-05:00,41.96620125606899,42.892537090391066,41.85069677489924,42.459014892578125,6240200,0.0,0.0
2021-12-27 00:00:00-05:00,42.589915378692886,43.03652658504156,42.4821098376012,43.02112579345703,3249000,0.0,0.0
2021-12-28 00:00:00-05:00,43.128937927352645,43.891261123533745,43.051936889815735,43.606353759765625,4748100,0.0,0.0
2021-12-29 00:00:00-05:00,43.63714697956143,43.97595855230526,43.5524470237764,43.93745803833008,3580900,0.0,0.0
2021-12-30 00:00:00-05:00,44.04525829655486,44.530372971417236,43.67949608985198,43.72184753417969,3678700,0.0,0.0
2021-12-31 00:00:00-05:00,43.768049550913965,43.88432362210823,43.34838604350053,43.6756477355957,3093900,0.0,0.0
2022-01-03 00:00:00-05:00,44.04525780252035,44.58427377549924,43.72954890850997,43.7911491394043,5231900,0.0,0.0
2022-01-04 00:00:00-05:00,44.08375676952025,45.20028918784412,43.96825230171409,44.97698211669922,9068000,0.0,0.0
2022-01-05 00:00:00-05:00,45.26960156341724,45.88561867770178,44.903839290553606,44.930789947509766,6706300,0.0,0.0
2022-01-06 00:00:00-05:00,45.03859393447949,45.323501289089535,44.076066309201174,44.84608840942383,5820800,0.0,0.0
2022-01-07 00:00:00-05:00,45.146396209076734,45.82786447004244,44.992391202744024,45.508304595947266,4633100,0.0,0.0
2022-01-10 00:00:00-05:00,45.308096509145244,45.662305939113935,44.64972802385532,44.96928787231445,5544300,0.0,0.0
2022-01-11 00:00:00-05:00,45.46980444655359,45.79321525620872,44.976990772223104,45.569908142089844,5720400,0.0,0.0
2022-01-12 00:00:00-05:00,45.82785283610522,46.309116522844796,45.34658914936565,45.63149642944336,3742400,0.0,0.0
2022-01-13 00:00:00-05:00,45.66230720513696,46.376119152994484,45.590696305591194,46.155120849609375,4482600,0.0,0.0
2022-01-14 00:00:00-05:00,45.97801258579549,46.84043933454862,45.65460475806366,46.77113723754883,6795300,0.0,0.0
2022-01-18 00:00:00-05:00,46.786545770990074,47.08608434821286,45.870220445875574,46.3553352355957,4796900,0.0,0.0
2022-01-19 00:00:00-05:00,46.78654395923023,46.90974738420076,45.73161444933245,46.078125,4351100,0.0,0.0
2022-01-20 00:00:00-05:00,46.12431877736937,46.239820314434084,44.48417110192333,44.51497268676758,5765700,0.0,0.0
2022-01-21 00:00:00-05:00,44.41486813294326,44.48417022878214,43.537043543917946,43.6756477355957,6189500,0.0,0.0
2022-01-24 00:00:00-05:00,42.890217930231415,43.752641585746446,42.04319212691107,43.598636627197266,8872700,0.0,0.0
2022-01-25 00:00:00-05:00,43.03652483450787,44.245459019413,42.07322783119333,44.02985382080078,5644100,0.0,0.0
2022-01-26 00:00:00-05:00,44.2223537504868,44.85377141350464,43.62173766551865,44.06064987182617,6126000,0.0,0.0
2022-01-27 00:00:00-05:00,45.23108952073665,47.19464485736473,45.23108952073665,46.33992004394531,11664200,0.0,0.0
2022-01-28 00:00:00-05:00,46.74803383201145,47.04834193507008,45.48519825125172,46.232120513916016,6971900,0.0,0.0
2022-01-31 00:00:00-05:00,45.81631111682496,46.23982264891206,44.87688329345285,45.99341583251953,8056100,0.0,0.0
2022-02-01 00:00:00-05:00,46.04732003673779,47.733670280671795,45.97031900329654,47.59506607055664,6659400,0.0,0.0
2022-02-02 00:00:00-05:00,47.51805755038814,48.11867671585158,47.06374444681748,47.479557037353516,5463400,0.0,0.0
2022-02-03 00:00:00-05:00,47.356356110875886,48.08402671368507,47.09069756345631,47.13304901123047,5363800,0.0,0.0
2022-02-04 00:00:00-05:00,47.125345021289036,47.52575679707092,46.617130639989085,46.663330078125,4995100,0.0,0.0
2022-02-07 00:00:00-05:00,46.91743797522932,47.04834029768863,45.99341104131418,46.132015228271484,6214400,0.0,0.0
2022-02-08 00:00:00-05:00,46.493930666886435,47.10224583388352,46.493930666886435,47.040645599365234,5595500,0.0,0.0
2022-02-09 00:00:00-05:00,47.34865446313185,47.918469102888956,47.163847889150645,47.733665466308594,5515900,0.0,0.0
2022-02-10 00:00:00-05:00,47.656661889005846,48.095574201188185,46.74803567916149,46.93284225463867,6537200,0.0,0.0
2022-02-11 00:00:00-05:00,46.8173385072595,47.67206342453248,46.47082800871628,47.040645599365234,6042100,0.0,0.0
2022-02-14 00:00:00-05:00,47.04834602581821,47.256252331566735,46.29757570289385,46.8404426574707,4472000,0.0,0.0
2022-02-15 00:00:00-05:00,46.83273661601916,47.74906171529123,46.74803372818547,47.63356018066406,4076800,0.0,0.0
2022-02-16 00:00:00-05:00,47.47185737722284,48.44208380276893,47.44875471983785,47.8029670715332,5613600,0.0,0.0
2022-02-17 00:00:00-05:00,47.24855522040182,47.82222084657783,46.68258852255654,47.10224914550781,3927800,0.0,0.0
2022-02-18 00:00:00-05:00,46.7788392434698,47.217751574218916,46.34762584071584,46.655635833740234,5078900,0.0,0.0
2022-02-22 00:00:00-05:00,46.9097401009701,47.002144858402204,46.15511887301329,46.43232727050781,5664000,0.0,0.0
2022-02-23 00:00:00-05:00,46.871236857525275,47.11764365485783,46.105065813863135,46.178218841552734,5155100,0.0,0.0
2022-02-24 00:00:00-05:00,45.346592936566466,45.40819610356623,44.29166366960116,45.21569061279297,8108500,0.0,0.0
2022-02-25 00:00:00-05:00,45.52741674762263,46.871732060103824,45.449486717699116,46.4859733581543,5445200,0.7,0.0
2022-02-28 00:00:00-05:00,45.44949422290356,46.119703293143594,45.20790633370245,45.9482536315918,6438200,0.0,0.0
2022-03-01 00:00:00-05:00,46.0729357613012,46.2171095864261,43.85189721275058,44.5221061706543,7668100,0.0,0.0
2022-03-02 00:00:00-05:00,44.84941435202141,46.59507490386527,44.81824115204349,46.13528060913086,6499800,0.0,0.0
2022-03-03 00:00:00-05:00,46.20541611785226,46.71196721006069,45.77679504818673,46.50155258178711,4514800,0.0,0.0
2022-03-04 00:00:00-05:00,45.51183459626042,45.88200670966517,45.06762687103864,45.84693908691406,5869500,0.0,0.0
2022-03-07 00:00:00-05:00,45.7845953338449,46.065148223459936,44.92345564217896,45.18452453613281,6987800,0.0,0.0
2022-03-08 00:00:00-05:00,45.285827377566854,46.15086429894696,44.90396313401679,45.07541275024414,6583400,0.0,0.0
2022-03-09 00:00:00-05:00,46.17425358717104,47.46012006607655,45.932665704931196,46.602874755859375,7484700,0.0,0.0
2022-03-10 00:00:00-05:00,46.166455176733315,47.569216516055086,46.15866039008794,47.249698638916016,5421000,0.0,0.0
2022-03-11 00:00:00-05:00,47.58480497342623,48.69922167999864,47.43673374978643,47.4679069519043,6140000,0.0,0.0
2022-03-14 00:00:00-04:00,47.82638671883237,48.34073262865936,46.5794884443548,46.97693634033203,5836200,0.0,0.0
2022-03-15 00:00:00-04:00,46.65741730891088,46.96524596305965,44.903964981903385,45.87810516357422,8354400,0.0,0.0
2022-03-16 00:00:00-04:00,46.10410664195298,46.87562697794809,45.761210366421786,46.47817611694336,6154800,0.0,0.0
2022-03-17 00:00:00-04:00,46.275557819777504,49.003150434392495,46.08852158958287,48.97197723388672,9420600,0.0,0.0
2022-03-18 00:00:00-04:00,48.496590855062436,49.43176595475915,48.165383812397266,48.621280670166016,9510800,0.0,0.0
2022-03-21 00:00:00-04:00,49.19018747235965,49.65777659736376,48.73039313450109,49.361637115478516,4836500,0.0,0.0
2022-03-22 00:00:00-04:00,49.87597869796187,50.289013195245566,49.28370275897317,49.52528762817383,5136700,0.0,0.0
2022-03-23 00:00:00-04:00,49.40838877443552,49.75128503130362,49.1122493413714,49.3304557800293,2936100,0.0,0.0
2022-03-24 00:00:00-04:00,49.688949709067955,50.03184604235123,49.416191599960854,49.94612121582031,3611400,0.0,0.0
2022-03-25 00:00:00-04:00,49.94611642370302,50.44488170551984,49.75129134506231,50.4214973449707,3962900,0.0,0.0
2022-03-28 00:00:00-04:00,50.10977547072706,50.30460351541001,49.12784046073456,49.96170425415039,3879300,0.0,0.0
2022-03-29 00:00:00-04:00,49.83701543153503,50.12536011109724,48.95639181937791,50.024051666259766,4225600,0.0,0.0
2022-03-30 00:00:00-04:00,50.2500552940631,50.60853820700613,49.89936122254372,50.07860565185547,3145900,0.0,0.0
2022-03-31 00:00:00-04:00,49.992872692270275,50.48773754341269,49.649973463676545,49.65776824951172,4302100,0.0,0.0
2022-04-01 00:00:00-04:00,50.10197923788917,50.60073854222577,49.43956212138466,50.01625442504883,3317100,0.0,0.0
2022-04-04 00:00:00-04:00,50.27342604528788,50.27342604528788,49.346042728737814,49.88376998901367,3650000,0.0,0.0
2022-04-05 00:00:00-04:00,49.87597878165578,50.37473809381794,49.41618448334879,49.47853088378906,3432500,0.0,0.0
2022-04-06 00:00:00-04:00,49.26031822354965,49.32266461989992,47.76404038522087,48.060176849365234,4977000,0.0,0.0
2022-04-07 00:00:00-04:00,48.16148542464445,48.16148542464445,46.78210270133402,47.73286437988281,4644800,0.0,0.0
2022-04-08 00:00:00-04:00,48.13811612389635,48.53556404753275,47.78742503078177,48.06797790527344,3913900,0.0,0.0
2022-04-11 00:00:00-04:00,47.81080367441506,48.80053055400364,47.65494360814427,48.27839279174805,2760400,0.0,0.0
2022-04-12 00:00:00-04:00,48.71480930814565,49.681157843264415,48.543362628100375,49.299293518066406,4137300,0.0,0.0
2022-04-13 00:00:00-04:00,49.47853069001635,50.05522300047035,49.26811604861449,50.00067138671875,3465600,0.0,0.0
2022-04-14 00:00:00-04:00,50.25784669501765,51.43460988908894,50.17991665704913,51.03715896606445,7000200,0.0,0.0
2022-04-18 00:00:00-04:00,51.03715225651358,51.80867558431249,50.889086987542875,51.34108352661133,4958900,0.0,0.0
2022-04-19 00:00:00-04:00,51.45798216002299,52.486673997115645,51.36446850390189,52.25288391113281,5292500,0.0,0.0
2022-04-20 00:00:00-04:00,52.268465079097105,53.12570724539005,52.245086666166905,52.634742736816406,5021500,0.0,0.0
2022-04-21 00:00:00-04:00,53.772547241931704,56.0013808351503,53.686822415601696,54.16999816894531,10282500,0.0,0.0
2022-04-22 00:00:00-04:00,54.60640878103041,55.51041383935091,53.18026594541131,53.38288879394531,7439400,0.0,0.0
2022-04-25 00:00:00-04:00,52.53344369910726,53.2581984123487,51.06833280606645,53.047786712646484,7252100,0.0,0.0
2022-04-26 00:00:00-04:00,53.18024829441306,53.75694344531646,52.48666110207657,52.50225067138672,6612800,0.0,0.0
2022-04-27 00:00:00-04:00,53.08674940760583,53.2504042567505,52.25366447235588,52.564605712890625,5412300,0.0,0.0
2022-04-28 00:00:00-04:00,53.02440204282575,53.02440204282575,51.520329280518325,52.845157623291016,5532300,0.0,0.0
2022-04-29 00:00:00-04:00,53.08674469415564,53.55043041938916,51.67618568893522,51.824256896972656,6499800,0.0,0.0
2022-05-02 00:00:00-04:00,52.33081089193768,52.45549774139715,51.28652954252593,52.26066970825195,7250100,0.0,0.0
2022-05-03 00:00:00-04:00,52.30742838356842,53.25039527667481,52.26066561621291,53.1101188659668,4599500,0.0,0.0
2022-05-04 00:00:00-04:00,53.632259899780685,55.159710942615774,53.328328648412864,55.02722930908203,5589800,0.0,0.0
2022-05-05 00:00:00-04:00,54.7544820124423,54.83241205067257,52.626956889239295,53.35951232910156,6530600,0.0,0.0
2022-05-06 00:00:00-04:00,53.047781975362085,53.281578016980134,51.941160062488,52.93867874145508,5807800,0.0,0.0
2022-05-09 00:00:00-04:00,52.08922629551438,52.84516010551501,51.800884577331345,51.92557144165039,7266900,0.0,0.0
2022-05-10 00:00:00-04:00,52.5490212448053,52.8763309378618,50.87349884604443,51.28653335571289,7885500,0.0,0.0
2022-05-11 00:00:00-04:00,51.74632737698949,53.382881684758544,51.29432490802401,52.05025863647461,5683300,0.0,0.0
2022-05-12 00:00:00-04:00,51.84764338439492,52.5178523994858,51.173539948473284,52.245094299316406,6035700,0.0,0.0
2022-05-13 00:00:00-04:00,52.60356894980861,53.24260466070502,52.41653570277739,52.650325775146484,3924400,0.0,0.0
2022-05-16 00:00:00-04:00,52.45549840517319,53.45769624619133,51.96453389587927,52.97764205932617,4028300,0.0,0.0
2022-05-17 00:00:00-04:00,54.24791625147992,54.77862760615909,53.694605368914395,54.52846908569336,4502600,0.0,0.0
2022-05-18 00:00:00-04:00,54.0920485767043,54.847976219578044,53.378977385822736,53.702392578125,4623900,0.0,0.0
2022-05-19 00:00:00-04:00,53.23480860579689,54.21674353424699,52.83736370853816,53.58550262451172,4988400,0.0,0.0
2022-05-20 00:00:00-04:00,53.67902826444486,54.34144846588152,52.11261484623771,53.07896041870117,5232200,0.0,0.0
2022-05-23 00:00:00-04:00,52.837358750591044,53.09452720536858,52.08921395913943,52.595767974853516,6582300,0.0,0.0
2022-05-24 00:00:00-04:00,52.36977921310328,52.51785043867282,51.02157239159683,52.268470764160156,4664400,0.0,0.0
2022-05-25 00:00:00-04:00,51.98791088666655,52.74384459546507,51.74632603173575,52.44770812988281,6264900,0.0,0.0
2022-05-26 00:00:00-04:00,52.34640014484501,53.21923196759492,52.14378324948551,52.86853790283203,5732800,0.0,0.0
2022-05-27 00:00:00-04:00,53.22287936877328,54.38828910984909,53.01027396054009,54.38041305541992,4784300,0.7,0.0
2022-05-31 00:00:00-04:00,54.04969280045801,54.13631137927842,53.2425684110876,53.52998733520508,7876000,0.0,0.0
2022-06-01 00:00:00-04:00,54.05757928717109,54.95368344240425,53.54180874590615,53.632362365722656,5958100,0.0,0.0
2022-06-02 00:00:00-04:00,53.88433312984312,54.30954998053623,52.83704010911765,53.62447738647461,4598700,0.0,0.0
2022-06-03 00:00:00-04:00,53.222880506774786,53.67172550379506,52.506315737800676,52.781917572021484,4966800,0.0,0.0
2022-06-06 00:00:00-04:00,52.78978955834365,53.23862851310448,52.49843563738106,52.813411712646484,3117300,0.0,0.0
2022-06-07 00:00:00-04:00,52.56931487472569,53.1205185716399,52.301583073603275,53.049652099609375,4873800,0.0,0.0
2022-06-08 00:00:00-04:00,52.80553812897505,53.39611604484996,52.64017703345038,52.9472770690918,3200900,0.0,0.0
2022-06-09 00:00:00-04:00,52.679554065267546,52.770107668311844,51.821244325113916,51.860618591308594,3113400,0.0,0.0
2022-06-10 00:00:00-04:00,51.191297886952135,51.24641825477235,48.71086931970319,48.71874237060547,6448900,0.0,0.0
2022-06-13 00:00:00-04:00,47.632076184795565,47.70294565091819,45.64773413719651,46.20681381225586,8509300,0.0,0.0
2022-06-14 00:00:00-04:00,45.8918355047375,46.561158875261654,45.24613729099327,46.11231994628906,7128900,0.0,0.0
2022-06-15 00:00:00-04:00,46.474538444873424,46.978497713057386,44.69886692639639,45.206764221191406,6387900,0.0,0.0
2022-06-16 00:00:00-04:00,43.83662981830354,44.07286339396054,43.03344647487464,43.6397705078125,7641800,0.0,0.0
2022-06-17 00:00:00-04:00,43.43504888063202,44.0649982291149,42.49799941250345,43.12794876098633,12735800,0.0,0.0
2022-06-21 00:00:00-04:00,44.364213473009826,44.639815300824566,43.238177998507375,43.269676208496094,6391700,0.0,0.0
2022-06-22 00:00:00-04:00,41.18297169559547,41.56881730839603,40.60814280602996,41.21446990966797,10383100,0.0,0.0
2022-06-23 00:00:00-04:00,41.14359992657492,41.458576055776476,39.70258819065504,40.20655059814453,9662000,0.0,0.0
2022-06-24 00:00:00-04:00,40.56089393407539,42.36412606900657,40.30891423879988,41.844417572021484,9109000,0.0,0.0
2022-06-27 00:00:00-04:00,41.6554297742147,41.97040285715161,40.923112925730365,41.119972229003906,7507300,0.0,0.0
2022-06-28 00:00:00-04:00,41.57668694349457,42.63972905232485,41.21840455032504,41.364078521728516,5169400,0.0,0.0
2022-06-29 00:00:00-04:00,41.505824886207535,41.74205550688115,40.37978915703345,40.93099594116211,4392800,0.0,0.0
2022-06-30 00:00:00-04:00,40.285289629789915,41.056977775094886,40.04118300066738,40.6396369934082,5848000,0.0,0.0
2022-07-01 00:00:00-04:00,40.088429014924316,40.97823392047725,39.29311873915666,40.70262908935547,5255100,0.0,0.0
2022-07-05 00:00:00-04:00,39.97818781527201,40.0175590753036,38.86396343375374,39.94668960571289,5891000,0.0,0.0
2022-07-06 00:00:00-04:00,39.86007468665211,40.35616101927995,39.39942459398655,40.30104064941406,5657000,0.0,0.0
2022-07-07 00:00:00-04:00,41.056984132467484,41.584568734177246,40.74201098568474,41.1672248840332,5507600,0.0,0.0
2022-07-08 00:00:00-04:00,41.28533122765329,41.63967855632988,40.39946440787902,40.45852279663086,4226900,0.0,0.0
2022-07-11 00:00:00-04:00,39.95457745466433,40.43491177498048,39.77346419815184,40.16718292236328,3919100,0.0,0.0
2022-07-12 00:00:00-04:00,40.07267976875661,40.6041992931287,39.56872042701611,39.70258331298828,6068200,0.0,0.0
2022-07-13 00:00:00-04:00,39.371859037906745,39.537220124945684,38.608044011344326,39.112003326416016,6071500,0.0,0.0
2022-07-14 00:00:00-04:00,38.379701659674424,38.63955444957857,38.00960510634915,38.50569152832031,4969400,0.0,0.0
2022-07-15 00:00:00-04:00,39.159256042245595,39.56085074199578,38.71829007879154,39.01751708984375,4809900,0.0,0.0
2022-07-18 00:00:00-04:00,39.7025843529436,40.198670657141356,39.52935020207931,39.74195861816406,4839000,0.0,0.0
2022-07-19 00:00:00-04:00,40.27742227057586,41.584568171431435,40.22230189553892,41.301090240478516,6999400,0.0,0.0
2022-07-20 00:00:00-04:00,41.301090685915,41.47432486482724,40.79713124937906,41.37983322143555,5977700,0.0,0.0
2022-07-21 00:00:00-04:00,39.8207031104371,40.50577270470341,39.33249283667081,40.47427749633789,10059700,0.0,0.0
2022-07-22 00:00:00-04:00,40.55302275570138,40.79712941095127,39.71833809915487,40.04118728637695,5074800,0.0,0.0
2022-07-25 00:00:00-04:00,40.29316043473599,40.92311260331587,40.18291970638487,40.61601257324219,5933200,0.0,0.0
2022-07-26 00:00:00-04:00,40.293159211125584,40.78924547747515,40.11992507347794,40.39552688598633,4130900,0.0,0.0
2022-07-27 00:00:00-04:00,40.5057784257654,41.32392703079189,40.324668185785434,41.1357307434082,4342000,0.0,0.0
2022-07-28 00:00:00-04:00,41.30108875594219,41.66330920854667,40.75775507320042,41.1829719543457,6137900,0.0,0.0
2022-07-29 00:00:00-04:00,41.545188762938615,42.36018621173116,41.31683423909525,41.8995361328125,9754300,0.0,0.0
2022-08-01 00:00:00-04:00,41.403450776101046,41.419196877243216,40.49789676486009,41.308956146240234,5913400,0.0,0.0
2022-08-02 00:00:00-04:00,41.1829699391877,41.47432089734497,40.5845189165086,40.59239196777344,5797800,0.0,0.0
2022-08-03 00:00:00-04:00,40.94673478149579,40.94673478149579,40.42387532235191,40.545143127441406,5139300,0.0,0.0
2022-08-04 00:00:00-04:00,40.40340791191036,40.71050797044912,40.04906053519838,40.15142822265625,6963700,0.0,0.0
2022-08-05 00:00:00-04:00,39.9781873769321,40.76562458426855,39.94668916771834,40.545143127441406,5954500,0.0,0.0
2022-08-08 00:00:00-04:00,40.8522528407725,41.54519558471378,40.78925640741315,41.06486129760742,4511400,0.0,0.0
2022-08-09 00:00:00-04:00,41.064855749561794,41.61605944780971,41.03335753713767,41.513694763183594,4339000,0.0,0.0
2022-08-10 00:00:00-04:00,42.40350462449107,43.03739199924453,42.37200941004219,42.55311965942383,5998300,0.0,0.0
2022-08-11 00:00:00-04:00,43.12006764384409,43.87600977714061,43.12006764384409,43.51378631591797,5066200,0.0,0.0
2022-08-12 00:00:00-04:00,43.56890541855174,44.049239628129975,43.55315631275388,44.04136657714844,4389100,0.0,0.0
2022-08-15 00:00:00-04:00,43.68701914846959,43.70276825424661,43.19880888472112,43.576778411865234,5991700,0.0,0.0
2022-08-16 00:00:00-04:00,43.59252751934522,44.431147126119484,43.57677841356758,44.18310546875,3925900,0.0,0.0
2022-08-17 00:00:00-04:00,43.71851195993259,44.02561197506466,43.316917321810344,43.6712646484375,4198000,0.0,0.0
2022-08-18 00:00:00-04:00,43.87601303234028,44.27366675787592,43.63977940850151,44.11224365234375,3561500,0.0,0.0
2022-08-19 00:00:00-04:00,43.84450870224551,44.03349197036495,43.427167898299764,43.69489669799805,3517800,0.0,0.0
2022-08-22 00:00:00-04:00,42.90745595388726,43.071243041794894,42.44286786836412,42.844459533691406,6342700,0.0,0.0
2022-08-23 00:00:00-04:00,43.04132122324282,43.90750102203337,42.93895353667618,43.79726028442383,3894500,0.0,0.0
2022-08-24 00:00:00-04:00,43.702767610604944,43.8130083455857,42.58460815141753,42.71059799194336,6957200,0.0,0.0
2022-08-25 00:00:00-04:00,43.175191068080544,43.93113019835819,43.11770667602417,43.90750503540039,5736200,0.0,0.0
2022-08-26 00:00:00-04:00,44.08073597979235,44.38783602030597,42.72634297667111,42.88383102416992,5777700,0.0,0.0
2022-08-29 00:00:00-04:00,41.73417869076057,42.52948907619897,41.37195823813853,42.18301773071289,9304900,0.0,0.0
2022-08-30 00:00:00-04:00,42.151099692798454,42.25481968141654,40.8984521032808,40.994197845458984,7452200,0.7,0.0
2022-08-31 00:00:00-04:00,40.88249796430133,41.20164131085553,40.35590855106164,40.691009521484375,6069600,0.0,0.0
2022-09-01 00:00:00-04:00,40.26016038475797,40.284098340922824,39.20698162166505,39.861228942871094,6378300,0.0,0.0
2022-09-02 00:00:00-04:00,40.316015430868546,40.499523551151576,39.01948808755098,39.34262466430664,5124900,0.0,0.0
2022-09-06 00:00:00-04:00,39.8133633584523,39.95697893631714,38.568696031492216,38.76816177368164,8104700,0.0,0.0
2022-09-07 00:00:00-04:00,38.56869934662145,39.29076442145766,38.3213607093488,39.071353912353516,6517500,0.0,0.0
2022-09-08 00:00:00-04:00,38.68837358938049,39.50219107382886,38.257526890362804,39.4144287109375,5964100,0.0,0.0
2022-09-09 00:00:00-04:00,40.0766520108571,40.46361599380058,39.90910153688323,40.300052642822266,6265600,0.0,0.0
2022-09-12 00:00:00-04:00,40.922389675438254,41.321321133275774,40.53143550757107,40.63515853881836,5042800,0.0,0.0
2022-09-13 00:00:00-04:00,38.89581913712613,39.58995905720988,37.94237314740708,38.19369888305664,9104300,0.0,0.0
2022-09-14 00:00:00-04:00,37.98625519740271,38.19369822336456,37.004884142895335,37.5554084777832,11484300,0.0,0.0
2022-09-15 00:00:00-04:00,37.5793501539091,38.10593966921564,37.2522264102127,37.427757263183594,6535500,0.0,0.0
2022-09-16 00:00:00-04:00,36.70967288302451,37.339985342147685,36.23095633186587,37.03679656982422,10059000,0.0,0.0
2022-09-19 00:00:00-04:00,36.41446694367928,37.40381840587227,36.2788316941979,37.292118072509766,4900300,0.0,0.0
2022-09-20 00:00:00-04:00,36.6618058303953,36.925099040389526,36.19904382477308,36.77350616455078,4996000,0.0,0.0
2022-09-21 00:00:00-04:00,37.03679613884618,37.17243442104632,35.879897313074096,35.887874603271484,5819100,0.0,0.0
2022-09-22 00:00:00-04:00,36.127226528471155,36.34264984921733,35.704360219379595,35.72031784057617,4652900,0.0,0.0
2022-09-23 00:00:00-04:00,35.105969158130236,35.26554235393375,34.3400214706,35.02618408203125,6729600,0.0,0.0
2022-09-26 00:00:00-04:00,34.72298570040722,35.31340240472087,34.43575463620935,34.6192626953125,5497600,0.0,0.0
2022-09-27 00:00:00-04:00,35.05809695848409,35.24160507191464,34.52752040940244,34.938419342041016,5444700,0.0,0.0
2022-09-28 00:00:00-04:00,35.16980058769103,36.3107418155064,35.03416230239474,35.9437255859375,8315400,0.0,0.0
2022-09-29 00:00:00-04:00,35.50490084076239,35.65649370371033,34.69906061030457,35.23362731933594,4904800,0.0,0.0
2022-09-30 00:00:00-04:00,35.24160672007953,35.77617650473046,34.946398266720344,35.05012130737305,5869800,0.0,0.0
2022-10-03 00:00:00-04:00,35.855958086703204,36.4942508497122,35.465006965145925,36.12723159790039,6868700,0.0,0.0
2022-10-04 00:00:00-04:00,36.5421293032437,37.284142228350696,36.402503869724896,37.19637680053711,6959800,0.0,0.0
2022-10-05 00:00:00-04:00,36.637865568466225,37.052754671836674,36.31074187744798,36.749568939208984,5564500,0.0,0.0
2022-10-06 00:00:00-04:00,36.46232968585674,36.781472971966274,36.15515081087565,36.3187141418457,5430600,0.0,0.0
2022-10-07 00:00:00-04:00,35.94371809407577,36.25488409531408,35.26553593976689,35.43308639526367,5265100,0.0,0.0
2022-10-10 00:00:00-04:00,35.8878752878791,36.25489151607162,35.55277430829608,35.80809020996094,4686100,0.0,0.0
2022-10-11 00:00:00-04:00,35.329359853784574,35.73627154063651,34.643197435645796,35.06606674194336,5222700,0.0,0.0
2022-10-12 00:00:00-04:00,35.05809238467036,35.28947334065466,34.738949072186536,34.95437240600586,4982100,0.0,0.0
2022-10-13 00:00:00-04:00,34.30811565245448,37.10063669393333,34.23630784678648,36.637874603271484,8304900,0.0,0.0
2022-10-14 00:00:00-04:00,36.933073918122616,37.02083932302219,35.692396880363134,35.99957275390625,5888400,0.0,0.0
2022-10-17 00:00:00-04:00,36.62988296949575,36.75754090252389,35.89983773830115,36.111270904541016,6195300,0.0,0.0
2022-10-18 00:00:00-04:00,36.92509850138957,37.45168795729717,36.203033463563266,37.004886627197266,8009100,0.0,0.0
2022-10-19 00:00:00-04:00,36.89318530454267,37.18041341892443,35.97564166581666,36.0075569152832,8371500,0.0,0.0
2022-10-20 00:00:00-04:00,36.214996704427875,38.00221094753026,35.824045586115304,35.84798049926758,9259900,0.0,0.0
2022-10-21 00:00:00-04:00,35.91979062605884,37.4357284155234,35.863940462655734,37.395835876464844,7483600,0.0,0.0
2022-10-24 00:00:00-04:00,37.41179820600268,37.746902272172186,36.96499684258469,37.53147888183594,5645700,0.0,0.0
2022-10-25 00:00:00-04:00,37.26817870301421,38.24954979364065,37.12855329159279,38.17774200439453,5202500,0.0,0.0
2022-10-26 00:00:00-04:00,38.29742125996926,38.73624526985196,38.209655849271606,38.28944396972656,6020700,0.0,0.0
2022-10-27 00:00:00-04:00,38.39316364591942,38.684384956880955,37.874554563442196,37.994232177734375,4524400,0.0,0.0
2022-10-28 00:00:00-04:00,37.65913715825358,38.11391886038445,37.347971050859414,37.882537841796875,6943200,0.0,0.0
2022-10-31 00:00:00-04:00,37.882534989884675,38.155403381899625,37.200362488044384,37.292118072509766,6434000,0.0,0.0
2022-11-01 00:00:00-04:00,37.834661487442474,37.95434215326639,37.300094745602046,37.44371032714844,4892300,0.0,0.0
2022-11-02 00:00:00-04:00,37.38786016139215,38.79209768321651,37.32004253777462,37.44371032714844,7310300,0.0,0.0
2022-11-03 00:00:00-04:00,36.917120537218175,37.47562523326134,36.67776225137274,37.0926513671875,5122300,0.0,0.0
2022-11-04 00:00:00-04:00,38.51284621115719,39.79740608930747,38.40114588151034,39.11922073364258,10593100,0.0,0.0
2022-11-07 00:00:00-05:00,39.08731569521037,39.5181594680515,38.54476852863357,39.494224548339844,5849000,0.0,0.0
2022-11-08 00:00:00-05:00,39.80538081370807,40.17239702848859,39.45432222264916,39.613895416259766,4739700,0.0,0.0
2022-11-09 00:00:00-05:00,39.37453237821562,39.40644762425997,37.954337408901445,38.0421028137207,5089900,0.0,0.0
2022-11-10 00:00:00-05:00,39.45432021133284,39.90910181159545,39.19102399875693,39.861228942871094,6592000,0.0,0.0
2022-11-11 00:00:00-05:00,40.69100757971885,42.63779194469765,40.61122250778901,42.398433685302734,9009800,0.0,0.0
2022-11-14 00:00:00-05:00,41.863871351790955,42.202962508089456,41.377174449138785,41.44898223876953,5484400,0.0,0.0
2022-11-15 00:00:00-05:00,41.81599354112673,42.047374507467474,40.802707315336065,41.16972351074219,4445700,0.0,0.0
2022-11-16 00:00:00-05:00,40.81068744155104,40.86653759954233,40.06468455465973,40.300052642822266,4294900,0.0,0.0
2022-11-17 00:00:00-05:00,39.61389808394973,40.012829573038424,39.24687880084778,39.99687194824219,3620400,0.0,0.0
2022-11-18 00:00:00-05:00,40.284105364541716,40.30804028127432,39.38251929647445,39.94900131225586,3751300,0.0,0.0
2022-11-21 00:00:00-05:00,39.44634231496539,40.42771335740093,38.76018274915938,40.02878189086914,5719800,0.0,0.0
2022-11-22 00:00:00-05:00,40.683031194130265,41.313340581037295,40.587285453360074,41.145790100097656,4495500,0.0,0.0
2022-11-23 00:00:00-05:00,40.92239779080273,41.281436782779,40.802717112275275,41.12984085083008,3354800,0.0,0.0
2022-11-25 00:00:00-05:00,41.0899406968481,41.34525658972842,41.02611020182526,41.137813568115234,1648100,0.0,0.0
2022-11-28 00:00:00-05:00,40.57133591523814,40.814684395215664,39.84528064286754,40.05272674560547,5657800,0.0,0.0
2022-11-29 00:00:00-05:00,40.65957864805928,41.12483812554049,40.360195550135565,40.983238220214844,4905000,0.7,0.0
2022-11-30 00:00:00-05:00,40.878044584062486,41.24216079711914,39.95399841285445,41.24216079711914,7194200,0.0,0.0
2022-12-01 00:00:00-05:00,41.46872848303823,41.67910506453493,41.104612200979766,41.323081970214844,4757300,0.0,0.0
2022-12-02 00:00:00-05:00,40.837595569095555,41.832844680272814,40.80522899150116,41.71147155761719,4858300,0.0,0.0
2022-12-05 00:00:00-05:00,41.638647008942804,42.027036668080264,41.2583505372761,41.468727111816406,5109900,0.0,0.0
2022-12-06 00:00:00-05:00,41.630555793656875,41.966352071831565,40.91850656097664,41.3068962097168,4373400,0.0,0.0
2022-12-07 00:00:00-05:00,41.12078971742007,41.540737206664986,40.663623447072816,41.0236930847168,4248500,0.0,0.0
2022-12-08 00:00:00-05:00,41.41208521659484,41.61437168088589,40.70812918512301,40.91041564941406,3815800,0.0,0.0
2022-12-09 00:00:00-05:00,40.869958623270065,41.59010107713904,40.55439221171394,40.61912536621094,3807000,0.0,0.0
2022-12-12 00:00:00-05:00,40.71621237299133,41.371621517215225,40.327822797888786,41.355438232421875,5208100,0.0,0.0
2022-12-13 00:00:00-05:00,42.4801624279704,42.747182073393844,41.50514007541412,41.719566345214844,4884100,0.0,0.0
2022-12-14 00:00:00-05:00,41.67101155431383,42.114423754710835,41.24216523866621,41.55773162841797,4064300,0.0,0.0
2022-12-15 00:00:00-05:00,40.829494018597885,40.91202784856485,39.93943492358268,40.076988220214844,6189600,0.0,0.0
2022-12-16 00:00:00-05:00,39.826156793906776,40.433016136747796,39.55104710168633,40.29545974731445,8969100,0.0,0.0
2022-12-19 00:00:00-05:00,40.30355842413654,40.71217488159509,39.45395275910368,39.91516876220703,4674700,0.0,0.0
2022-12-20 00:00:00-05:00,39.93134978117154,40.46134245588399,39.93134978117154,40.182186126708984,4003400,0.0,0.0
2022-12-21 00:00:00-05:00,40.58675334996407,41.2097959885941,40.51393010423728,40.99941635131836,3840500,0.0,0.0
2022-12-22 00:00:00-05:00,40.58675090400089,40.65957414533898,39.76546845741613,40.59484100341797,3340600,0.0,0.0
2022-12-23 00:00:00-05:00,40.61912770119961,41.19442929195573,40.4168412117381,41.15316390991211,2634200,0.0,0.0
2022-12-27 00:00:00-05:00,41.19361759571771,41.444453935607164,41.06415437534014,41.4201774597168,3094500,0.0,0.0
2022-12-28 00:00:00-05:00,41.403996685004564,41.54964320260247,40.380427554464255,40.4492073059082,3340300,0.0,0.0
2022-12-29 00:00:00-05:00,40.51393214925392,41.10622564752166,40.45729218712366,40.983238220214844,2743400,0.0,0.0
2022-12-30 00:00:00-05:00,40.66767164926201,40.88695011447819,40.4411117845801,40.77286148071289,2700300,0.0,0.0
2023-01-03 00:00:00-05:00,40.94277908467282,41.38781177485231,40.7081291322513,41.298805236816406,3962500,0.0,0.0
2023-01-04 00:00:00-05:00,41.800468711778024,42.484197848281006,41.59009217797113,42.34259796142578,4527800,0.0,0.0
2023-01-05 00:00:00-05:00,42.09176937695914,42.86854868703476,41.68719643379727,42.81190872192383,4803000,0.0,0.0
2023-01-06 00:00:00-05:00,43.402584814227424,44.69317348962035,43.143658377740266,44.51920700073242,6100700,0.0,0.0
2023-01-09 00:00:00-05:00,44.53539045546576,45.465906375495805,44.35737737222236,44.729583740234375,6510900,0.0,0.0
2023-01-10 00:00:00-05:00,44.83477477427296,45.781477094549494,44.74576823026057,45.69247055053711,6611700,0.0,0.0
2023-01-11 00:00:00-05:00,46.37214459336052,46.84144752886739,46.13749158228402,46.590614318847656,8926300,0.0,0.0
2023-01-12 00:00:00-05:00,46.89809257679006,47.57615780936428,46.5258862277631,47.35121536254883,7305900,0.0,0.0
2023-01-13 00:00:00-05:00,46.93045913534829,47.55754840155679,46.76053924823959,47.48067855834961,4041200,0.0,0.0
2023-01-17 00:00:00-05:00,47.18129171628468,47.31884501779973,46.33168617484721,46.444969177246094,5948400,0.0,0.0
2023-01-18 00:00:00-05:00,46.94664029525795,47.21365680766488,45.93520803214048,45.99184799194336,5641500,0.0,0.0
2023-01-19 00:00:00-05:00,45.773379810827926,46.11322266785965,45.19079381971435,45.79765319824219,4997500,0.0,0.0
2023-01-20 00:00:00-05:00,45.90283653116769,46.57038237049215,45.571086907944974,46.47732925415039,6712600,0.0,0.0
2023-01-23 00:00:00-05:00,46.469242539225576,47.25411493603342,46.29527607250981,46.96282196044922,5213700,0.0,0.0
2023-01-24 00:00:00-05:00,46.695806147302676,47.30266553330291,46.25886664858736,47.092288970947266,5262500,0.0,0.0
2023-01-25 00:00:00-05:00,46.41261101201654,46.91023403015865,45.999944859431274,46.84145736694336,5491500,0.0,0.0
2023-01-26 00:00:00-05:00,45.84620885565693,47.3916774782222,45.174619330239004,47.02756118774414,8002500,0.0,0.0
2023-01-27 00:00:00-05:00,46.962822385038905,48.0066211947705,46.7767192237656,47.715328216552734,6773300,0.0,0.0
2023-01-30 00:00:00-05:00,47.440214917157796,47.9297477124093,46.76862248104094,46.88999557495117,4824700,0.0,0.0
2023-01-31 00:00:00-05:00,46.98710230755931,48.103724517182826,46.78481583195017,48.02280807495117,5739100,0.0,0.0
2023-02-01 00:00:00-05:00,47.96616935022151,49.12729486146421,47.57777967739687,48.726768493652344,5645100,0.0,0.0
2023-02-02 00:00:00-05:00,48.60538978724658,48.88858959323997,48.17330559278353,48.50829315185547,4726200,0.0,0.0
2023-02-03 00:00:00-05:00,48.22509604012157,48.74537813081042,48.071359425102855,48.54875564575195,3960900,0.0,0.0
2023-02-06 00:00:00-05:00,48.54875115166212,48.79149429009114,47.98234843756343,48.62157440185547,4658600,0.0,0.0
2023-02-07 00:00:00-05:00,48.6053912720838,49.256753932413346,48.28982488243773,48.9614143371582,4777500,0.0,0.0
2023-02-08 00:00:00-05:00,48.71058595234759,48.96141921699092,48.19273304730059,48.39501953125,3410400,0.0,0.0
2023-02-09 00:00:00-05:00,48.96950541796247,49.12324201263623,47.622276886285064,47.80433654785156,3874700,0.0,0.0
2023-02-10 00:00:00-05:00,47.73960354696701,48.41928616161002,47.504950517551194,48.40310287475586,3826300,0.0,0.0
2023-02-13 00:00:00-05:00,48.40311285719847,48.88455570879976,48.24128304192815,48.80768585205078,3520600,0.0,0.0
2023-02-14 00:00:00-05:00,48.581108487803206,48.581108487803206,47.74768631927344,48.35454559326172,3749100,0.0,0.0
2023-02-15 00:00:00-05:00,47.990432498185456,48.35454559326172,47.75577950478164,48.35454559326172,2357500,0.0,0.0
2023-02-16 00:00:00-05:00,47.7153315948215,48.051124775542085,47.165112171820184,47.48067855834961,4302100,0.0,0.0
2023-02-17 00:00:00-05:00,47.14083125909199,47.339074195367,46.72007817443171,47.03564453125,4317200,0.0,0.0
2023-02-21 00:00:00-05:00,46.68771388283158,46.833360375652205,45.87856807233761,45.99184799194336,6615600,0.0,0.0
2023-02-22 00:00:00-05:00,45.943298991148794,46.47329160585141,45.87856893015506,46.12940216064453,3735400,0.0,0.0
2023-02-23 00:00:00-05:00,46.453064195773415,46.7039005262479,45.579188262686806,46.27505111694336,4154000,0.0,0.0
2023-02-24 00:00:00-05:00,45.60345746105568,46.82931284556872,45.360714340092564,46.760536193847656,4831800,0.0,0.0
2023-02-27 00:00:00-05:00,46.99806646663101,47.2110225169825,46.52300609543449,46.67863082885742,5443100,0.7,0.0
2023-02-28 00:00:00-05:00,46.785112474668175,47.10454814782903,46.58034569705295,46.85063934326172,5835300,0.0,0.0
2023-03-01 00:00:00-05:00,46.92435163627597,48.042376400086496,46.87520648888597,47.52227020263672,4535100,0.0,0.0
2023-03-02 00:00:00-05:00,47.30931373103949,48.035008472375544,46.97349634920853,47.86627960205078,3992400,0.0,0.0
2023-03-03 00:00:00-05:00,47.96456757910731,48.1201891938103,47.33797866120116,47.76799011230469,3463600,0.0,0.0
2023-03-06 00:00:00-05:00,47.514074923442664,47.71065237668128,46.498433601105575,46.77691650390625,4841200,0.0,0.0
2023-03-07 00:00:00-05:00,46.58853527019943,46.85063647956681,45.49098528428867,45.703941345214844,5499200,0.0,0.0
2023-03-08 00:00:00-05:00,46.0397586366945,46.580342770656934,45.941471464472116,46.080711364746094,4232700,0.0,0.0
2023-03-09 00:00:00-05:00,46.13805144792247,46.4165312636475,45.011834180414425,45.13059616088867,4566100,0.0,0.0
2023-03-10 00:00:00-05:00,45.179741100066245,45.19612281700144,43.66856130109487,44.1313362121582,5399000,0.0,0.0
2023-03-13 00:00:00-04:00,43.36959554118845,43.60712570609448,42.583292020629656,42.91910934448242,8481300,0.0,0.0
2023-03-14 00:00:00-04:00,43.6317029890536,44.01666550998451,42.25976627814137,42.829017639160156,8450400,0.0,0.0
2023-03-15 00:00:00-04:00,41.79699046296344,41.79699046296344,40.68305877767501,41.34650421142578,8006200,0.0,0.0
2023-03-16 00:00:00-04:00,40.625721079354776,41.75603438998345,40.29809616107329,41.698699951171875,6851400,0.0,0.0
2023-03-17 00:00:00-04:00,41.52670390208351,41.641372799774196,40.70763677630077,40.9697380065918,11632000,0.0,0.0
2023-03-20 00:00:00-04:00,41.50212855031739,42.1082395804536,41.45953858577447,41.98537826538086,5403200,0.0,0.0
2023-03-21 00:00:00-04:00,42.93549798999272,43.07474102856468,42.24338838117158,42.6406364440918,4277400,0.0,0.0
2023-03-22 00:00:00-04:00,42.64881905374475,43.1304314815086,42.04680430016311,42.08366394042969,4524000,0.0,0.0
2023-03-23 00:00:00-04:00,42.165570365055984,43.36140747998722,41.89937295518271,42.304813385009766,4781100,0.0,0.0
2023-03-24 00:00:00-04:00,41.64956038416042,42.53415434339934,41.32193542201092,42.411293029785156,4338400,0.0,0.0
2023-03-27 00:00:00-04:00,42.79625082015991,43.16483159566269,42.51367170485901,42.59148406982422,4328000,0.0,0.0
2023-03-28 00:00:00-04:00,42.73072677288924,43.37779049641886,42.68977404502507,43.33683776855469,3083600,0.0,0.0
2023-03-29 00:00:00-04:00,44.033047227456706,44.106763393623204,43.54160820267545,43.90199661254883,3710400,0.0,0.0
2023-03-30 00:00:00-04:00,44.43439248756126,44.47534521979402,43.885619001757334,44.2296257019043,3643800,0.0,0.0
2023-03-31 00:00:00-04:00,44.368861715580906,44.95859100626307,44.19685838062958,44.9012565612793,4410800,0.0,0.0
2023-04-03 00:00:00-04:00,45.22889090987086,45.95786020386589,45.06098063735859,45.31898880004883,6588800,0.0,0.0
2023-04-04 00:00:00-04:00,45.12239677645436,45.27801836653601,44.22551749864685,44.442569732666016,5014500,0.0,0.0
2023-04-05 00:00:00-04:00,43.9429514566873,44.78658957545338,43.779137410700564,44.75382614135742,3959800,0.0,0.0
2023-04-06 00:00:00-04:00,44.54086107862525,45.09782684786676,44.40161807406866,44.770198822021484,5022100,0.0,0.0
2023-04-10 00:00:00-04:00,45.04868608938312,45.71213150024414,45.02411507862658,45.71213150024414,4046400,0.0,0.0
2023-04-11 00:00:00-04:00,45.916896191990695,46.47386199039245,45.867751048193156,46.023372650146484,4411100,0.0,0.0
2023-04-12 00:00:00-04:00,47.05540415134452,47.29293435331454,46.518913091792506,46.59672546386719,4679700,0.0,0.0
2023-04-13 00:00:00-04:00,46.375576433885044,46.81787339970685,45.93328259255614,46.62129592895508,5147600,0.0,0.0
2023-04-14 00:00:00-04:00,46.72776891283311,47.04474867261798,46.07251597716745,46.27728271484375,3394800,0.0,0.0
2023-04-17 00:00:00-04:00,46.42471607111084,46.64176831806228,46.2035676144549,46.60491180419922,2874400,0.0,0.0
2023-04-18 00:00:00-04:00,46.695011175832725,46.883399347007895,46.183094269252635,46.50662612915039,3354600,0.0,0.0
2023-04-19 00:00:00-04:00,46.19538529026327,46.34936967876799,45.73670659341279,46.228145599365234,3828000,0.0,0.0
2023-04-20 00:00:00-04:00,45.70393379353929,46.00289459596342,45.34764168081261,45.62202835083008,3334700,0.0,0.0
2023-04-21 00:00:00-04:00,45.34355155836005,45.441838727703896,44.80706365026278,44.94220733642578,4179500,0.0,0.0
2023-04-24 00:00:00-04:00,45.16335534419193,45.37631452081155,44.86849071471415,45.36812210083008,5036400,0.0,0.0
2023-04-25 00:00:00-04:00,44.60638913252735,45.04868607293992,43.00101852416992,43.00101852416992,8369800,0.0,0.0
2023-04-26 00:00:00-04:00,42.81263548109336,43.53341536673031,42.763490332813724,43.06654739379883,5952500,0.0,0.0
2023-04-27 00:00:00-04:00,43.11569677255112,43.836476781143574,42.88226274626464,43.82009506225586,3910700,0.0,0.0
2023-04-28 00:00:00-04:00,43.60712954313173,44.97496996751408,43.54979197716745,44.557247161865234,6014400,0.0,0.0
2023-05-01 00:00:00-04:00,44.606393456745025,44.73744406759086,44.08628722371428,44.31972122192383,4013200,0.0,0.0
2023-05-02 00:00:00-04:00,43.82008165778888,44.13951726715117,43.06654156642066,44.04941940307617,4206000,0.0,0.0
2023-05-03 00:00:00-04:00,44.02486099387115,44.3688677102525,43.3368444366151,43.410560607910156,3343000,0.0,0.0
2023-05-04 00:00:00-04:00,43.32864376376826,43.74636654177275,42.81263070018064,43.705413818359375,3899900,0.0,0.0
2023-05-05 00:00:00-04:00,44.44257981584189,44.704684164407894,44.090383834644456,44.5654411315918,4145300,0.0,0.0
2023-05-08 00:00:00-04:00,44.57361952772798,44.97496368647127,44.23780222122534,44.352474212646484,2725300,0.0,0.0
2023-05-09 00:00:00-04:00,44.13951962081526,44.18047234544423,43.79551298454075,43.95932388305664,3285300,0.0,0.0
2023-05-10 00:00:00-04:00,44.458956844867686,44.700583240499036,43.287690756331834,43.77913284301758,3888200,0.0,0.0
2023-05-11 00:00:00-04:00,43.410556391159375,43.41874568739964,42.54234413851869,42.869972229003906,5499600,0.0,0.0
2023-05-12 00:00:00-04:00,43.04197228892845,43.197597026065814,42.636534979346,42.84539794921875,3260200,0.0,0.0
2023-05-15 00:00:00-04:00,43.099304161148474,43.13206759064359,42.386716754339254,42.804439544677734,3774800,0.0,0.0
2023-05-16 00:00:00-04:00,42.59967101475753,42.67338716579103,41.75603304975721,41.82155990600586,4611000,0.0,0.0
2023-05-17 00:00:00-04:00,42.034522511623535,42.46043777035114,41.84531884003751,42.16557312011719,4777300,0.0,0.0
2023-05-18 00:00:00-04:00,41.96080204484542,42.5955802197905,41.6495557099149,42.48500442504883,4451900,0.0,0.0
2023-05-19 00:00:00-04:00,42.796256618169224,42.8699727832568,42.27205416621006,42.550537109375,3747400,0.0,0.0
2023-05-22 00:00:00-04:00,42.6078734767552,42.763495110287224,42.2147216200744,42.403106689453125,3478200,0.0,0.0
2023-05-23 00:00:00-04:00,42.403101833994796,42.853588089576824,42.14100062622006,42.55872344970703,3611400,0.0,0.0
2023-05-24 00:00:00-04:00,42.68158289091341,42.68158289091341,41.92803960815158,42.03451919555664,3162400,0.0,0.0
2023-05-25 00:00:00-04:00,41.772421836003154,41.870709012523946,40.92468751784046,41.25640869140625,4688200,0.0,0.0
2023-05-26 00:00:00-04:00,41.55127389762557,41.60041904878555,41.15812206182492,41.23183822631836,3511000,0.0,0.0
2023-05-30 00:00:00-04:00,41.14046849669052,41.319051319672994,40.61718194720493,41.11555099487305,5222800,0.7,0.0
2023-05-31 00:00:00-04:00,40.808227406395446,41.00757377702096,40.152039001933495,40.51750946044922,8465200,0.0,0.0
2023-06-01 00:00:00-04:00,40.70024490356445,40.98680886631233,40.29324106036535,40.70024490356445,4573900,0.0,0.0
2023-06-02 00:00:00-04:00,41.62222686434582,42.926295566780205,41.5391632462765,42.8681526184082,7786600,0.0,0.0
2023-06-05 00:00:00-04:00,42.93460676399567,43.49527597199878,42.75187311402649,42.776790618896484,5567400,0.0,0.0
2023-06-06 00:00:00-04:00,42.45284261963036,43.923035340678695,42.41961717350936,43.68215560913086,7378400,0.0,0.0
2023-06-07 00:00:00-04:00,43.87320241472197,44.81180078421666,43.79014195804597,44.7453498840332,6453700,0.0,0.0
2023-06-08 00:00:00-04:00,44.94469581253457,45.13573738241502,43.399747361223945,43.83997344970703,5092000,0.0,0.0
2023-06-09 00:00:00-04:00,43.540948169108084,43.75691039598536,42.888913852762435,42.976131439208984,5478000,0.0,0.0
2023-06-12 00:00:00-04:00,43.02596664428711,43.449583154425355,42.66049624824185,43.02596664428711,3888400,0.0,0.0
2023-06-13 00:00:00-04:00,43.31668315267697,44.47954519477365,43.17547659763751,44.13899230957031,4273600,0.0,0.0
2023-06-14 00:00:00-04:00,44.48785775834079,44.73704228118914,43.611556370957494,43.86489486694336,3319800,0.0,0.0
2023-06-15 00:00:00-04:00,43.806758385748346,44.63737569692743,43.673859742701836,44.42141342163086,3283600,0.0,0.0
2023-06-16 00:00:00-04:00,44.27189502900872,44.28020297519258,43.69046236970892,44.155609130859375,9535900,0.0,0.0
2023-06-20 00:00:00-04:00,43.45790052852866,43.55757372569602,42.56083541691491,43.12565231323242,5083700,0.0,0.0
2023-06-21 00:00:00-04:00,42.92629460678388,43.59909563961025,42.57743375580069,43.0924186706543,3591400,0.0,0.0
2023-06-22 00:00:00-04:00,41.87971748161684,42.76848079598559,41.69698385319936,42.68541717529297,4734000,0.0,0.0
2023-06-23 00:00:00-04:00,42.13721362146525,42.776789297991726,41.74682249160473,42.66050338745117,3703100,0.0,0.0
2023-06-26 00:00:00-04:00,42.71864098104209,43.37898010525444,42.61065986257012,43.15056228637695,3073900,0.0,0.0
2023-06-27 00:00:00-04:00,43.13394814226662,43.707072825644175,42.87645568933025,43.66554260253906,3176300,0.0,0.0
2023-06-28 00:00:00-04:00,43.66553891609594,43.997787009992784,43.084106336052784,43.989479064941406,3364600,0.0,0.0
2023-06-29 00:00:00-04:00,43.98117382074597,44.33003146393052,43.765211611443775,44.22205352783203,2559400,0.0,0.0
2023-06-30 00:00:00-04:00,44.50447076621497,44.51277554398987,44.014406495114265,44.238670349121094,4158100,0.0,0.0
2023-07-03 00:00:00-04:00,44.230359593034635,44.845017627551734,44.21374687117712,44.67058563232422,2228500,0.0,0.0
2023-07-05 00:00:00-04:00,44.17222244097344,44.38818151632393,43.624015222026536,43.88981246948242,5878100,0.0,0.0
2023-07-06 00:00:00-04:00,43.43297298863279,43.918883277204436,42.99274372977238,43.831668853759766,5287100,0.0,0.0
2023-07-07 00:00:00-04:00,43.540953952308705,44.80349253015597,43.45789349620234,44.10577392578125,5400200,0.0,0.0
2023-07-10 00:00:00-04:00,43.83167015849344,44.579223739651475,43.7527605103147,44.246978759765625,3663100,0.0,0.0
2023-07-11 00:00:00-04:00,44.43801766557658,44.77026579404881,44.33003654854016,44.37156677246094,3470800,0.0,0.0
2023-07-12 00:00:00-04:00,45.15234880666113,45.401533318092326,44.163912369724784,44.94469451904297,5983900,0.0,0.0
2023-07-13 00:00:00-04:00,45.01114301378456,45.22710525099323,44.68720282652457,45.02775573730469,3291900,0.0,0.0
2023-07-14 00:00:00-04:00,44.86163744871161,44.903170847137844,43.815061080571425,43.95626449584961,3885600,0.0,0.0
2023-07-17 00:00:00-04:00,43.64062758294745,43.7610674547852,43.33329694368433,43.549259185791016,4318300,0.0,0.0
2023-07-18 00:00:00-04:00,43.54925709097633,44.31757731507006,43.50772686750831,44.00609588623047,4815500,0.0,0.0
2023-07-19 00:00:00-04:00,43.88981600296048,44.055940088133,43.63232351251541,43.87320327758789,3731800,0.0,0.0
2023-07-20 00:00:00-04:00,44.28851418257438,44.30512690880083,43.69046871263645,44.064247131347656,3751900,0.0,0.0
2023-07-21 00:00:00-04:00,44.105777362637006,44.17222826754279,43.69046871263645,44.064247131347656,4095300,0.0,0.0
2023-07-24 00:00:00-04:00,44.16391518962472,44.321734486165305,43.40390285651514,43.64893341064453,6687900,0.0,0.0
2023-07-25 00:00:00-04:00,43.97287931314129,45.80439200519689,43.89812362839303,44.42141342163086,9077400,0.0,0.0
2023-07-26 00:00:00-04:00,44.23036288710208,44.820100298477406,44.18883266364168,44.60414123535156,7582000,0.0,0.0
2023-07-27 00:00:00-04:00,44.93638338405311,45.708857532655095,44.68719889030631,45.63410186767578,8079600,0.0,0.0
2023-07-28 00:00:00-04:00,46.06603240966797,46.40658535901219,45.81269389226579,46.06603240966797,4560900,0.0,0.0
2023-07-31 00:00:00-04:00,46.12417082861242,46.9215657266974,46.057723102094634,46.90495300292969,6387600,0.0,0.0
2023-08-01 00:00:00-04:00,46.72221634463089,46.86341974423363,46.13247890766696,46.331825256347656,5563300,0.0,0.0
2023-08-02 00:00:00-04:00,45.73378374352584,46.09094938965855,45.40984037698098,45.43476104736328,4498900,0.0,0.0
2023-08-03 00:00:00-04:00,45.15235323290664,46.29029795341105,45.15235323290664,45.600887298583984,4630200,0.0,0.0
2023-08-04 00:00:00-04:00,45.65071774280308,46.05772153992481,45.222950418090754,45.276939392089844,3626600,0.0,0.0
2023-08-07 00:00:00-04:00,45.57596516392356,46.36505214260527,45.5510476617036,46.115867614746094,3263400,0.0,0.0
2023-08-08 00:00:00-04:00,45.451372725996876,45.783617694105246,45.069286418270316,45.6922492980957,3607400,0.0,0.0
2023-08-09 00:00:00-04:00,46.03280427474181,46.54363525324883,45.56766066483956,46.13248062133789,4619700,0.0,0.0
2023-08-10 00:00:00-04:00,46.431492350003865,46.70559431697649,46.19891743146828,46.49794006347656,5147000,0.0,0.0
2023-08-11 00:00:00-04:00,46.26537446543806,46.5104049962447,45.909039009294226,46.05772018432617,4547000,0.0,0.0
2023-08-14 00:00:00-04:00,45.966354935599135,46.132479005554266,45.534433621137026,45.99958038330078,3637200,0.0,0.0
2023-08-15 00:00:00-04:00,45.43475624651072,45.825144130981045,44.37322768843168,44.46293258666992,5280400,0.0,0.0
2023-08-16 00:00:00-04:00,44.180532049834255,44.65398364667133,44.09747158912909,44.28851318359375,3549100,0.0,0.0
2023-08-17 00:00:00-04:00,44.66228199270579,45.40153070714532,44.60413904900063,44.737037658691406,3614900,0.0,0.0
2023-08-18 00:00:00-04:00,44.653979464135006,44.96131011077548,44.38818221251034,44.86994171142578,2921100,0.0,0.0
2023-08-21 00:00:00-04:00,45.060976797034435,45.18557062702797,44.70381119750921,44.99452590942383,3112700,0.0,0.0
2023-08-22 00:00:00-04:00,45.10251121567928,45.25202255816702,44.458784816934894,44.678897857666016,2745900,0.0,0.0
2023-08-23 00:00:00-04:00,44.56260803786562,44.811792530550846,43.86488955721534,44.35495376586914,3391300,0.0,0.0
2023-08-24 00:00:00-04:00,44.02271077199525,44.76195955912252,44.02271077199525,44.47124481201172,3198500,0.0,0.0
2023-08-25 00:00:00-04:00,44.83671569824219,45.16896384286587,44.5584596990379,44.83671569824219,3282700,0.0,0.0
2023-08-28 00:00:00-04:00,44.986225601896514,45.584270975593824,44.97792082439651,45.3516960144043,3429700,0.0,0.0
2023-08-29 00:00:00-04:00,45.50951101383238,45.920665585214415,45.26032652113274,45.8832893371582,3789500,0.0,0.0
2023-08-30 00:00:00-04:00,45.900117785420555,46.18615236493002,45.71503564302616,46.059959411621094,3482600,0.7,0.0
2023-08-31 00:00:00-04:00,45.96741651913368,46.18615053497327,45.866464086018475,45.900115966796875,4116300,0.0,0.0
2023-09-01 00:00:00-04:00,46.295517677346815,46.74139710681405,46.06837227951714,46.514251708984375,4335600,0.0,0.0
2023-09-05 00:00:00-04:00,46.421710760276966,46.606792909206035,45.41638401353997,45.588844299316406,4913900,0.0,0.0
2023-09-06 00:00:00-04:00,45.39534957453461,46.21139007210042,45.36169769213146,46.177738189697266,4645100,0.0,0.0
2023-09-07 00:00:00-04:00,46.05996207161336,46.21980370704486,45.02519070606986,45.51313018798828,4275500,0.0,0.0
2023-09-08 00:00:00-04:00,45.68980051900136,46.085198920434955,45.09249081525055,45.18503189086914,3988400,0.0,0.0
2023-09-11 00:00:00-04:00,45.546780230199566,46.177738589227204,45.10931538283399,45.1513786315918,3322400,0.0,0.0
2023-09-12 00:00:00-04:00,45.15138167745303,45.61408707266302,44.97051001651508,45.117733001708984,2527600,0.0,0.0
2023-09-13 00:00:00-04:00,45.142968058558004,45.26916101626844,44.238593752887155,44.43629455566406,3079000,0.0,0.0
2023-09-14 00:00:00-04:00,44.9242405925475,45.6250252286927,44.83169951120754,45.4626579284668,4604300,0.0,0.0
2023-09-15 00:00:00-04:00,45.4626593010316,45.52154849834942,45.10511682896753,45.294403076171875,7464100,0.0,0.0
2023-09-18 00:00:00-04:00,45.277566896904446,45.38693389972185,44.79383156324807,44.907405853271484,4593700,0.0,0.0
2023-09-19 00:00:00-04:00,44.9578848361465,45.20185617031002,44.040051082766745,44.503597259521484,3986200,0.0,0.0
2023-09-20 00:00:00-04:00,44.55406936059075,44.99994875527207,44.1081931751294,44.13343048095703,2309200,0.0,0.0
2023-09-21 00:00:00-04:00,43.78850764996148,44.02406760978549,42.888340685330554,42.90516662597656,4359000,0.0,0.0
2023-09-22 00:00:00-04:00,42.98929289179687,43.11548584136204,42.12698510050164,42.274208068847656,4465100,0.0,0.0
2023-09-25 00:00:00-04:00,42.736909417540296,43.203818829454235,42.43404891151828,42.98088073730469,4331600,0.0,0.0
2023-09-26 00:00:00-04:00,42.50976802290197,43.12810774579027,42.354133677154756,42.46770477294922,3451800,0.0,0.0
2023-09-27 00:00:00-04:00,42.778973675741554,43.20802713916454,42.577068806429594,42.90516662597656,3048800,0.0,0.0
2023-09-28 00:00:00-04:00,42.87151263470675,43.05659476348368,42.50135158637275,42.846275329589844,3965200,0.0,0.0
2023-09-29 00:00:00-04:00,43.19120720405497,43.552956955193565,43.06501423627342,43.37628936767578,4234800,0.0,0.0
2023-10-02 00:00:00-04:00,43.14913563180953,43.46040749397647,42.68643352118951,43.15754699707031,4691000,0.0,0.0
2023-10-03 00:00:00-04:00,42.863104067018945,43.78850835286364,42.81262624427065,42.921993255615234,5179200,0.0,0.0
2023-10-04 00:00:00-04:00,43.3089830857829,43.3089830857829,42.23635575868524,42.997711181640625,4727300,0.0,0.0
2023-10-05 00:00:00-04:00,42.728502233814105,43.031362769476715,41.845161144278336,41.94611358642578,5161800,0.0,0.0
2023-10-06 00:00:00-04:00,41.87039207061386,42.83365543502315,41.66848400787357,42.299442291259766,4215600,0.0,0.0
2023-10-09 00:00:00-04:00,42.29944757100006,42.82104212767537,42.01341298512721,42.74532699584961,3333600,0.0,0.0
2023-10-10 00:00:00-04:00,43.01453576982801,43.590809021751525,42.955646579255095,43.16596603393555,2906500,0.0,0.0
2023-10-11 00:00:00-04:00,42.98929727975487,43.33422107332367,42.49294321493926,42.81262969970703,3049700,0.0,0.0
2023-10-12 00:00:00-04:00,43.1659636630321,43.1659636630321,41.85356918259046,42.274208068847656,3012500,0.0,0.0
2023-10-13 00:00:00-04:00,42.53500447870066,42.661194216509415,41.735789969032055,41.83674240112305,3659600,0.0,0.0
2023-10-16 00:00:00-04:00,42.34151740873841,42.509770418029305,41.88722658152394,42.22373580932617,2786400,0.0,0.0
2023-10-17 00:00:00-04:00,41.85356865571586,42.93040316402811,41.83674271537098,42.67802047729492,3309300,0.0,0.0
2023-10-18 00:00:00-04:00,42.39198914052991,42.762153437887136,42.00500211076574,42.131195068359375,3495300,0.0,0.0
2023-10-19 00:00:00-04:00,41.89562308660647,42.3078505152682,41.54649211865676,41.60117721557617,3754300,0.0,0.0
2023-10-20 00:00:00-04:00,41.62642337331636,41.70213850043734,41.1553066702058,41.21419906616211,3920000,0.0,0.0
2023-10-23 00:00:00-04:00,41.02911669438375,41.13848370164293,40.486492154684704,40.5832405090332,5592100,0.0,0.0
2023-10-24 00:00:00-04:00,40.74308243983206,41.82833152753798,40.38133274393009,41.42451858520508,5506600,0.0,0.0
2023-10-25 00:00:00-04:00,41.163722224851746,41.247848719557574,39.7587866568799,39.994346618652344,4920200,0.0,0.0
2023-10-26 00:00:00-04:00,39.876563941202036,40.61688600057676,39.876563941202036,40.398155212402344,6216100,0.0,0.0
2023-10-27 00:00:00-04:00,40.3981580124234,40.83982690643207,40.24672776041473,40.473873138427734,4714900,0.0,0.0
2023-10-30 00:00:00-04:00,40.93657464754931,41.26467245225349,40.377124180953764,40.66736602783203,3698600,0.0,0.0
2023-10-31 00:00:00-04:00,40.70942927293412,41.05014573024695,40.47387253298648,40.66736602783203,4660500,0.0,0.0
2023-11-01 00:00:00-04:00,40.583239171435984,40.7388734978314,40.044818727639836,40.55799865722656,4702900,0.0,0.0
2023-11-02 00:00:00-04:00,40.86927531132652,41.29832555886543,40.81038291537021,41.21419906616211,3741600,0.0,0.0
2023-11-03 00:00:00-04:00,41.59277108178485,42.12698425375711,41.59277108178485,41.83674240112305,3744000,0.0,0.0
2023-11-06 00:00:00-05:00,41.8367457562237,41.895634947101065,41.34039171224289,41.50864791870117,3641100,0.0,0.0
2023-11-07 00:00:00-05:00,40.97863590034016,41.11324020365456,40.58323756454019,40.827205657958984,5172700,0.0,0.0
2023-11-08 00:00:00-05:00,40.83562849840268,40.90292905907357,40.19625552131705,40.63372039794922,4133300,0.0,0.0
2023-11-09 00:00:00-05:00,41.012286622276505,41.03752392555531,40.58323642043857,40.68418884277344,3340800,0.0,0.0
2023-11-10 00:00:00-05:00,40.835622948653196,41.7946790747211,40.810382433764076,41.62642288208008,3825200,0.0,0.0
2023-11-13 00:00:00-05:00,41.33197751752504,41.660075332594275,41.142688094755876,41.42451858520508,3161000,0.0,0.0
2023-11-14 00:00:00-05:00,42.06388650330197,43.31739173315711,42.00499731893494,42.947227478027344,4848900,0.0,0.0
2023-11-15 00:00:00-05:00,43.06500912282128,43.662318795614055,42.79580048545838,43.351043701171875,5032500,0.0,0.0
2023-11-16 00:00:00-05:00,43.30057010652939,43.452000369762516,42.7958014926789,43.27532958984375,5034100,0.0,0.0
2023-11-17 00:00:00-05:00,43.64549076878965,43.64549076878965,43.11548488527686,43.49406051635742,3306100,0.0,0.0
2023-11-20 00:00:00-05:00,43.46881549819146,43.6538976118167,43.208021475413645,43.477230072021484,3761300,0.0,0.0
2023-11-21 00:00:00-05:00,43.485646672534045,43.62025098704504,43.28794909279915,43.5192985534668,2840700,0.0,0.0
2023-11-22 00:00:00-05:00,43.53612225050508,43.56135955529415,42.98929044579631,43.241676330566406,3139600,0.0,0.0
2023-11-24 00:00:00-05:00,43.376284616793534,43.69596787084395,43.28374354511889,43.46882247924805,1679700,0.0,0.0
2023-11-27 00:00:00-05:00,43.24168256826208,43.40993557008652,42.92199608819911,43.00612258911133,3896200,0.0,0.0
2023-11-28 00:00:00-05:00,43.073417219563716,43.721201408670936,42.56444461581225,43.48564147949219,6376900,0.0,0.0
2023-11-29 00:00:00-05:00,43.48565056462194,44.32142064197762,43.46859363407058,43.775611877441406,3551700,0.7,0.0
2023-11-30 00:00:00-05:00,43.92059374085947,44.244668935690186,43.690330043475306,44.1338005065918,4649800,0.0,0.0
2023-12-01 00:00:00-05:00,44.176442141904325,44.875760088010864,43.98029230368197,44.60285568237305,4274000,0.0,0.0
2023-12-04 00:00:00-05:00,44.57727524453786,45.00368881689432,44.32142775177945,44.43229293823242,6354700,0.0,0.0
2023-12-05 00:00:00-05:00,44.12527316559404,44.22334645488043,43.46859594421322,43.61357498168945,4691000,0.0,0.0
2023-12-06 00:00:00-05:00,43.86942196023327,44.116742583712394,43.29802940248183,43.400367736816406,3603700,0.0,0.0
2023-12-07 00:00:00-05:00,43.587992648220116,43.72017980478037,43.16584415387046,43.55387878417969,2822900,0.0,0.0
2023-12-08 00:00:00-05:00,43.52829450229801,44.159384713259044,43.408899232833875,43.42595291137695,3664100,0.0,0.0
2023-12-11 00:00:00-05:00,43.38330843797733,43.937647287485056,43.28949694775816,43.732967376708984,3582700,0.0,0.0
2023-12-12 00:00:00-05:00,43.73297121164492,43.80290365617898,43.1445217031375,43.34067153930664,4350500,0.0,0.0
2023-12-13 00:00:00-05:00,43.1104028186269,44.69239646256641,43.03364826095409,44.62843704223633,4774200,0.0,0.0
2023-12-14 00:00:00-05:00,45.097494616104264,46.436432803594435,44.98662619040468,46.248809814453125,7892900,0.0,0.0
2023-12-15 00:00:00-05:00,45.67742060451582,46.376738565600455,45.30217459876889,46.25734329223633,9909800,0.0,0.0
2023-12-18 00:00:00-05:00,46.69228653094736,46.760514264620525,46.05266616750972,46.265872955322266,3219100,0.0,0.0
2023-12-19 00:00:00-05:00,46.453491620440914,46.922545859057855,46.393793985704775,46.83726119995117,3796900,0.0,0.0
2023-12-20 00:00:00-05:00,46.71786888323043,47.20398008439284,46.53877596770266,46.547306060791016,4953500,0.0,0.0
2023-12-21 00:00:00-05:00,46.91400485902668,47.076044047016815,46.462007657320186,46.8798942565918,2653900,0.0,0.0
2023-12-22 00:00:00-05:00,46.9822439874268,47.46835516297256,46.777564056697315,47.00782775878906,2341900,0.0,0.0
2023-12-26 00:00:00-05:00,47.08458421492903,47.66877195959309,47.007829644486144,47.5109977722168,2266200,0.0,0.0
2023-12-27 00:00:00-05:00,47.493940839532016,47.637218423428735,47.306321086553936,47.5109977722168,2535300,0.0,0.0
2023-12-28 00:00:00-05:00,47.40864554168841,47.502457017335324,47.04192972958299,47.101627349853516,2172600,0.0,0.0
2023-12-29 00:00:00-05:00,46.990772772687684,47.12722498106548,46.63258694567494,46.769039154052734,2271400,0.0,0.0
2024-01-02 00:00:00-05:00,46.68375964651955,47.48541599675315,46.55156922597274,47.186927795410156,3533500,0.0,0.0
2024-01-03 00:00:00-05:00,46.77756650208617,46.973719603708226,46.01002404159936,46.58994674682617,4120000,0.0,0.0
2024-01-04 00:00:00-05:00,46.56435008081847,46.896955323443194,46.09103086419954,46.214691162109375,4579500,0.0,0.0
2024-01-05 00:00:00-05:00,46.07824190047409,46.93106890290834,46.035601201007744,46.751976013183594,3796400,0.0,0.0
2024-01-08 00:00:00-05:00,46.632580818382536,47.024880459262796,46.38526020654535,46.97371292114258,3966100,0.0,0.0
2024-01-09 00:00:00-05:00,46.555826589548076,46.555826589548076,45.86503554051298,46.001487731933594,4287000,0.0,0.0
2024-01-10 00:00:00-05:00,45.75416655687999,45.9929570586378,45.2382033961472,45.523902893066406,4062200,0.0,0.0
2024-01-11 00:00:00-05:00,45.40450716643088,45.77121975316937,44.97809370160191,45.745635986328125,4497400,0.0,0.0
2024-01-12 00:00:00-05:00,46.06971976890566,46.18911504092095,45.2126276329713,45.515380859375,3673500,0.0,0.0
2024-01-16 00:00:00-05:00,45.5153741442376,45.53243107390573,44.57726578542703,45.28511047363281,5962800,0.0,0.0
2024-01-17 00:00:00-05:00,44.62844560279366,44.875762999822356,44.38112495248763,44.747840881347656,3469000,0.0,0.0
2024-01-18 00:00:00-05:00,44.841646121125486,44.96956822172559,44.43228629002985,44.858699798583984,4230400,0.0,0.0
2024-01-19 00:00:00-05:00,44.93545824195207,45.19727873541666,44.44934706047036,45.03779983520508,4171500,0.0,0.0
2024-01-22 00:00:00-05:00,44.96104290635294,45.728585295789884,44.8160606168283,45.67741775512695,5615500,0.0,0.0
2024-01-23 00:00:00-05:00,46.052660937096555,46.44069880841729,45.83518912730936,45.97590637207031,4668100,0.0,0.0
2024-01-24 00:00:00-05:00,45.81386653506767,46.16352546771671,45.22541383512108,45.27658462524414,6016900,0.0,0.0
2024-01-25 00:00:00-05:00,46.70079997856604,47.01634827639812,45.85650316278385,46.85430908203125,7240800,0.0,0.0
2024-01-26 00:00:00-05:00,46.90548851374642,47.157070936019885,45.84457208871755,46.10383224487305,5240800,0.0,0.0
2024-01-29 00:00:00-05:00,46.19763185300256,46.24027580084671,45.549484837054926,46.11235046386719,3742400,0.0,0.0
2024-01-30 00:00:00-05:00,45.711533076765264,46.50892761815968,45.62625166468427,46.453495025634766,4640900,0.0,0.0
2024-01-31 00:00:00-05:00,46.4790744277349,46.53024522213782,45.69447509988556,45.71152877807617,5471900,0.0,0.0
2024-02-01 00:00:00-05:00,45.97589966744916,46.061181059140914,44.918392842778026,45.66035461425781,5039900,0.0,0.0
2024-02-02 00:00:00-05:00,45.276590297666424,45.84457345141216,44.76489534543574,45.558021545410156,5720200,0.0,0.0
2024-02-05 00:00:00-05:00,44.807536561692594,45.65951130205497,44.65402742361231,45.33628845214844,5482000,0.0,0.0
2024-02-06 00:00:00-05:00,45.387458779723865,46.18058823384113,45.24247648269139,46.08677673339844,5212500,0.0,0.0
2024-02-07 00:00:00-05:00,46.265865797695234,46.38526105987466,45.79681158772882,46.12941360473633,3455800,0.0,0.0
2024-02-08 00:00:00-05:00,46.19763856323592,46.22322558631423,45.626246015825615,45.950321197509766,3554400,0.0,0.0
2024-02-09 00:00:00-05:00,45.87356997860849,46.1550012267683,45.6731550918174,46.04413604736328,3897400,0.0,0.0
2024-02-12 00:00:00-05:00,46.05265674617956,47.14427423541082,45.9247313983517,46.72639083862305,5262800,0.0,0.0
2024-02-13 00:00:00-05:00,46.05266577614025,46.28292949541424,44.858706473225666,45.35334777832031,5105400,0.0,0.0
2024-02-14 00:00:00-05:00,45.61771870471512,45.95884756055061,45.39598185780899,45.69447326660156,3766500,0.0,0.0
2024-02-15 00:00:00-05:00,45.97590775540227,47.229564604125486,45.91621012006089,47.05046844482422,4500400,0.0,0.0
2024-02-16 00:00:00-05:00,47.016357861934836,47.71994085404844,46.871375566536315,47.31484603881836,5060900,0.0,0.0
2024-02-20 00:00:00-05:00,46.72639270046124,47.28925839743338,46.43387105777738,46.658164978027344,4493800,0.0,0.0
2024-02-21 00:00:00-05:00,46.769036297429814,47.61333652182624,46.70080857076959,47.545108795166016,4065900,0.0,0.0
2024-02-22 00:00:00-05:00,47.545105474335806,47.91608639226589,47.46835091384257,47.7583122253418,5088600,0.0,0.0
2024-02-23 00:00:00-05:00,47.783897428742954,48.457631562931795,47.75831365890288,48.09091567993164,4414200,0.0,0.0
2024-02-26 00:00:00-05:00,47.87770987054236,48.16767119648681,47.630389246268,47.81801223754883,3741600,0.0,0.0
2024-02-27 00:00:00-05:00,48.07386020061348,48.235899423232176,47.71652675751213,47.98857879638672,3913000,0.0,0.0
2024-02-28 00:00:00-05:00,47.90221820750641,48.092201324788995,47.50497359299036,47.58269500732422,4432800,0.7,0.0
2024-02-29 00:00:00-05:00,47.6604137504501,48.39445002118679,47.47043064381543,48.25627899169922,6733400,0.0,0.0
2024-03-01 00:00:00-05:00,48.24765252238471,48.558538233645685,48.02312578328399,48.16129684448242,4651400,0.0,0.0
2024-03-04 00:00:00-05:00,47.95403636465895,49.361656249642145,47.91085852772551,49.24075698852539,7042200,0.0,0.0
2024-03-05 00:00:00-05:00,48.89532540795677,49.862526039977524,48.89532540795677,49.20621109008789,6093400,0.0,0.0
2024-03-06 00:00:00-05:00,50.04387226993647,50.17340576778514,48.663024956128766,49.10258102416992,4840100,0.0,0.0
2024-03-07 00:00:00-05:00,49.543008171045,49.78912548030012,48.843518604876756,49.17167282104492,4568700,0.0,0.0
2024-03-08 00:00:00-05:00,49.30984329655889,49.81934970367798,48.852152272865766,48.886695861816406,4723600,0.0,0.0
2024-03-11 00:00:00-04:00,48.95576742806962,49.91001159649968,48.834868191418884,49.594810485839844,4438400,0.0,0.0
2024-03-12 00:00:00-04:00,49.77616350913304,49.96614992221226,49.361650394079895,49.810707092285156,4048300,0.0,0.0
2024-03-13 00:00:00-04:00,49.966152570895545,50.72609496923922,49.74162256276198,50.0611457824707,7650600,0.0,0.0
2024-03-14 00:00:00-04:00,49.79344224786607,50.009334731301884,49.15871781948351,49.49982833862305,6871500,0.0,0.0
2024-03-15 00:00:00-04:00,49.52573067413736,49.91433777407568,49.171667159584125,49.258026123046875,20629600,0.0,0.0
2024-03-18 00:00:00-04:00,49.56891460164977,49.57754885135473,48.84264934909236,48.998958587646484,7409100,0.0,0.0
2024-03-19 00:00:00-04:00,48.97304988456813,49.266663792208035,48.718298336748575,49.01622772216797,6782700,0.0,0.0
2024-03-20 00:00:00-04:00,48.85215318920315,50.700192407373265,48.68807607999689,50.233863830566406,7789700,0.0,0.0
2024-03-21 00:00:00-04:00,50.5188344173799,50.62246187327988,49.70276120187051,50.0265998840332,5870700,0.0,0.0
2024-03-22 00:00:00-04:00,50.07841492032792,50.26839803914974,49.724351428662274,49.810707092285156,3376000,0.0,0.0
2024-03-25 00:00:00-04:00,49.88843351587025,49.95751739485285,49.465282815417545,49.56027603149414,3422400,0.0,0.0
2024-03-26 00:00:00-04:00,49.80207618617641,49.81934798005417,49.27530129706504,49.283935546875,3621600,0.0,0.0
2024-03-27 00:00:00-04:00,49.70708556829696,50.22522620037526,49.59482055678547,50.20795440673828,5126900,0.0,0.0
2024-03-28 00:00:00-04:00,50.25976413050123,50.467019042301196,49.914334885158055,50.0265998840332,4064500,0.0,0.0
2024-04-01 00:00:00-04:00,49.966154676343805,50.38066783083665,49.57754756455123,50.311580657958984,3827200,0.0,0.0
2024-04-02 00:00:00-04:00,50.37203867072962,51.27446772138208,50.096559635423496,51.20106506347656,6330200,0.0,0.0
2024-04-03 00:00:00-04:00,51.27877533440313,52.05598617312003,51.27877533440313,51.8055534362793,4943200,0.0,0.0
2024-04-04 00:00:00-04:00,52.16825345956385,52.410051958547854,51.507623064655796,51.69329071044922,5382100,0.0,0.0
2024-04-05 00:00:00-04:00,51.80555567118779,51.80555567118779,51.028341504684285,51.54648208618164,3862400,0.0,0.0
2024-04-08 00:00:00-04:00,51.77101257138444,51.978267488218385,51.080157358175455,51.39967727661133,3775900,0.0,0.0
2024-04-09 00:00:00-04:00,51.771014355889626,52.030084657990756,51.36772804364922,51.701927185058594,3574800,0.0,0.0
2024-04-10 00:00:00-04:00,51.13197257209514,51.503307889612586,50.40657373023055,50.82108688354492,4251900,0.0,0.0
2024-04-11 00:00:00-04:00,50.91607214096208,50.95061572190374,50.337481984346624,50.48428726196289,3432000,0.0,0.0
2024-04-12 00:00:00-04:00,50.190682709858294,50.622467668841864,49.707085664121685,49.8193473815918,3788300,0.0,0.0
2024-04-15 00:00:00-04:00,50.2856768465591,50.6656464314733,49.15008356961954,49.49982833862305,3885300,0.0,0.0
2024-04-16 00:00:00-04:00,49.20620848130035,49.32710773032877,48.91259460754957,49.10258102416992,3098000,0.0,0.0
2024-04-17 00:00:00-04:00,49.37028707224073,49.53436745315893,48.93850214436348,49.06803894042969,2815400,0.0,0.0
2024-04-18 00:00:00-04:00,49.48255144714967,49.48255144714967,48.39445489219782,48.78306198120117,3856200,0.0,0.0
2024-04-19 00:00:00-04:00,48.78306149985073,49.154393498726016,48.63193414309908,48.929866790771484,3862100,0.0,0.0
2024-04-22 00:00:00-04:00,48.89532434597039,49.49118965519898,48.60171046303012,49.214847564697266,3211600,0.0,0.0
2024-04-23 00:00:00-04:00,48.92123716327068,49.311570476239126,48.74852252085136,48.998958587646484,3099300,0.0,0.0
2024-04-24 00:00:00-04:00,48.71397652479949,49.413469309594525,48.68807048270777,49.20621109008789,4954700,0.0,0.0
2024-04-25 00:00:00-04:00,49.836613678314414,50.000694052955204,47.54815562467167,48.7398796081543,7082800,0.0,0.0
2024-04-26 00:00:00-04:00,49.78480075811637,50.268397742361145,49.353015854036464,49.473915100097656,5573600,0.0,0.0
2024-04-29 00:00:00-04:00,49.422102602440596,49.940246494051074,49.37028722500228,49.914337158203125,4249500,0.0,0.0
2024-04-30 00:00:00-04:00,49.45664301262489,50.04387074219959,49.119851316539446,49.137123107910156,5566000,0.0,0.0
2024-05-01 00:00:00-04:00,49.25802679042014,50.04387525016134,48.73124863606197,49.42210388183594,5102800,0.0,0.0
2024-05-02 00:00:00-04:00,49.71572684270513,49.8798039640535,48.69671393394352,49.07668685913086,4453100,0.0,0.0
2024-05-03 00:00:00-04:00,49.387559626854575,49.59481784490755,49.00759007039133,49.258026123046875,2544400,0.0,0.0
2024-05-06 00:00:00-04:00,49.448010300911825,49.54300351560295,48.98168506537184,49.51709747314453,3862600,0.0,0.0
2024-05-07 00:00:00-04:00,49.7502641425305,51.06289083007339,49.54300591007305,50.39794158935547,6215200,0.0,0.0
2024-05-08 00:00:00-04:00,50.035236613346015,51.23560148858241,50.035236613346015,50.63973617553711,4950700,0.0,0.0
2024-05-09 00:00:00-04:00,50.73472624430193,51.460125015139695,50.73472624430193,51.33922576904297,4208200,0.0,0.0
2024-05-10 00:00:00-04:00,51.54648984991379,51.92646274154887,51.192426297236175,51.304691314697266,3053500,0.0,0.0
2024-05-13 00:00:00-04:00,51.38240055117748,51.74509826794234,51.1492363214327,51.26150131225586,2257700,0.0,0.0
2024-05-14 00:00:00-04:00,51.434222397439626,51.7623765746066,51.395360040461306,51.51194381713867,3516800,0.0,0.0
2024-05-15 00:00:00-04:00,51.84873178891174,51.978265282872705,50.92471236277594,51.00243377685547,3541000,0.0,0.0
2024-05-16 00:00:00-04:00,50.98516892811318,51.30468887650134,50.52747462987304,50.69155502319336,4871300,0.0,0.0
2024-05-17 00:00:00-04:00,51.00244241049517,51.13197592638343,50.691556701550674,51.11470413208008,2668700,0.0,0.0
2024-05-20 00:00:00-04:00,51.03697633070877,51.33922775188162,50.77790603703026,51.15787887573242,1915100,0.0,0.0
2024-05-21 00:00:00-04:00,51.106066181328224,51.201059395988985,50.78222747367073,50.872901916503906,2252900,0.0,0.0
2024-05-22 00:00:00-04:00,50.53610891391425,50.65700816797802,49.47391837487994,49.74162292480469,4851900,0.0,0.0
2024-05-23 00:00:00-04:00,49.646630067236565,49.67253610749988,49.06803657871564,49.15439224243164,3423500,0.0,0.0
2024-05-24 00:00:00-04:00,49.47392325253883,49.931614272120676,49.46528570824978,49.879798889160156,2675800,0.0,0.0
2024-05-28 00:00:00-04:00,50.00069803231812,50.40225816360994,49.87979548033947,50.12159729003906,2493700,0.0,0.0
2024-05-29 00:00:00-04:00,49.65526513886034,49.75025834707674,49.19757418391671,49.223480224609375,2969500,0.0,0.0
2024-05-30 00:00:00-04:00,49.22348429759185,49.69844708371707,49.206212504281766,49.56027603149414,3174100,0.0,0.0
2024-05-31 00:00:00-04:00,49.50782404303598,50.48696423378832,49.47372766969171,50.382057189941406,5920100,0.7,0.0
2024-06-03 00:00:00-04:00,50.312114095871166,50.347084220156674,48.46748172649309,49.01824951171875,4696600,0.0,0.0
2024-06-04 00:00:00-04:00,48.58113505624954,48.712271360503394,48.17024441552659,48.213958740234375,4600600,0.0,0.0
2024-06-05 00:00:00-04:00,48.213955642817986,48.90459724070631,48.109045272180786,48.686038970947266,3945300,0.0,0.0
2024-06-06 00:00:00-04:00,48.6248443126931,48.957053826008426,48.458741223502756,48.67729949951172,3463500,0.0,0.0
2024-06-07 00:00:00-04:00,48.406287653921225,49.19747090726239,48.31886567457076,48.721012115478516,4143500,0.0,0.0
2024-06-10 00:00:00-04:00,48.50245413191666,49.114417995956174,48.40628795307598,49.00076675415039,4131500,0.0,0.0
2024-06-11 00:00:00-04:00,48.87837456579182,49.09693285008439,48.52867997694982,49.088191986083984,3276300,0.0,0.0
2024-06-12 00:00:00-04:00,49.72638120721922,50.02362060385446,48.99639401148177,49.17561340332031,3990800,0.0,0.0
2024-06-13 00:00:00-04:00,48.98328459151239,49.22807215258305,48.528682932306815,49.00951385498047,2831400,0.0,0.0
2024-06-14 00:00:00-04:00,48.537420182524215,49.06195868769666,47.724383165052785,48.100303649902344,3446000,0.0,0.0
2024-06-17 00:00:00-04:00,48.082812775305904,48.41502223371683,47.70689233590424,48.28388595581055,3243800,0.0,0.0
2024-06-18 00:00:00-04:00,48.41503166707266,48.81717810643758,48.170244122947935,48.46748352050781,6081900,0.0,0.0
2024-06-20 00:00:00-04:00,47.99540444425064,48.082826431060376,47.26541718115574,47.392181396484375,8512500,0.0,0.0
2024-06-21 00:00:00-04:00,47.29600719557316,47.383432502503425,46.74524276911757,47.19984436035156,10457200,0.0,0.0
2024-06-24 00:00:00-04:00,47.39217870480148,47.89923553731726,47.30475672295696,47.750614166259766,6987500,0.0,0.0
2024-06-25 00:00:00-04:00,47.45337186361136,47.47085692590034,46.38680974346042,46.4742317199707,7021000,0.0,0.0
2024-06-26 00:00:00-04:00,46.0283810678645,46.54854757392941,45.67868644056555,46.50920867919922,4799100,0.0,0.0
2024-06-27 00:00:00-04:00,46.6053648227698,46.71027185437296,46.168248300333175,46.299381256103516,3952900,0.0,0.0
2024-06-28 00:00:00-04:00,46.3081262912161,46.74524282155437,46.29064122981043,46.3780632019043,13623000,0.0,0.0
2024-07-01 00:00:00-04:00,46.334356287788644,46.771472856541365,45.766103414436195,46.01089096069336,3715600,0.0,0.0
2024-07-02 00:00:00-04:00,45.923463581193545,46.26441395590146,45.65245345511013,46.08082580566406,3847100,0.0,0.0
2024-07-03 00:00:00-04:00,46.08956925110402,46.51794159465833,46.02837320202483,46.22944641113281,1905600,0.0,0.0
2024-07-05 00:00:00-04:00,45.967177429829846,46.124536317742354,45.37706742668598,45.66119384765625,3223800,0.0,0.0
2024-07-08 00:00:00-04:00,45.897242277278934,46.29064787807117,45.731139172471075,46.15951156616211,3885500,0.0,0.0
2024-07-09 00:00:00-04:00,46.03711122233031,46.10705146549261,45.053599063667306,45.09294128417969,4380600,0.0,0.0
2024-07-10 00:00:00-04:00,45.328984659572974,45.58251305760681,44.56840280040604,45.20659255981445,5481100,0.0,0.0
2024-07-11 00:00:00-04:00,45.468863156875955,46.13328219641454,45.328985990910155,45.81855773925781,3798900,0.0,0.0
2024-07-12 00:00:00-04:00,46.18573935103748,46.649081857730046,45.83604475376414,46.25567626953125,3084300,0.0,0.0
2024-07-15 00:00:00-04:00,46.343097751779425,46.80644358841172,46.05897464635952,46.57040023803711,2396200,0.0,0.0
2024-07-16 00:00:00-04:00,46.62285437291332,47.89923394093947,46.48297387072825,47.820552825927734,3730000,0.0,0.0
2024-07-17 00:00:00-04:00,47.803063929280036,48.59861587951217,47.75060874516762,48.441253662109375,4386300,0.0,0.0
2024-07-18 00:00:00-04:00,48.152761666202856,48.9308286064375,47.873004000732905,47.88174819946289,3287800,0.0,0.0
2024-07-19 00:00:00-04:00,47.93420329293716,47.93420329293716,46.780212513076265,47.12116622924805,3456500,0.0,0.0
2024-07-22 00:00:00-04:00,47.27852385905813,47.724381236948254,46.9812844954866,47.57575988769531,3341700,0.0,0.0
2024-07-23 00:00:00-04:00,47.33098288930366,47.42277697118395,46.858896181118,47.2697868347168,2477700,0.0,0.0
2024-07-24 00:00:00-04:00,47.304757866043026,47.47960516889197,46.57914272644713,46.614112854003906,3761900,0.0,0.0
2024-07-25 00:00:00-04:00,44.39355802454034,46.544174095239455,44.13128874809453,46.20322036743164,6188200,0.0,0.0
2024-07-26 00:00:00-04:00,46.220704517468235,46.50920305031393,45.77484708981138,46.21196365356445,4087400,0.0,0.0
2024-07-29 00:00:00-04:00,46.334355757825755,46.39555180995641,45.93220931955726,46.21196365356445,3314600,0.0,0.0
2024-07-30 00:00:00-04:00,46.246934644836365,47.217330633189775,46.246934644836365,46.93757629394531,4401400,0.0,0.0
2024-07-31 00:00:00-04:00,47.339729587748934,48.00414535902699,47.23481920154579,47.619483947753906,5059300,0.0,0.0
2024-08-01 00:00:00-04:00,47.80306350027199,48.10030287103919,46.19447455287318,46.57913589477539,4273100,0.0,0.0
2024-08-02 00:00:00-04:00,45.94095884859257,46.133291240099716,45.06672555619334,45.4688720703125,4981200,0.0,0.0
2024-08-05 00:00:00-04:00,44.30613599179855,44.874388869206804,44.06135177872904,44.59463119506836,5124500,0.0,0.0
2024-08-06 00:00:00-04:00,45.031742186569545,46.5529091355531,45.00551626268626,45.8797492980957,5549600,0.0,0.0
2024-08-07 00:00:00-04:00,46.26441662168321,46.9026097548837,45.59126003202508,45.608741760253906,4293100,0.0,0.0
2024-08-08 00:00:00-04:00,45.88849758357909,46.23818882793136,45.748620418851246,46.04585647583008,3362600,0.0,0.0
2024-08-09 00:00:00-04:00,45.95843588842211,46.2425623258189,45.51257845453488,46.03711700439453,2592700,0.0,0.0
2024-08-12 00:00:00-04:00,46.13327806806949,46.290640282565924,45.56065649222292,45.65245056152344,2555300,0.0,0.0
2024-08-13 00:00:00-04:00,45.65245884214488,46.21196755742503,45.64371464256769,46.124542236328125,2379600,0.0,0.0
2024-08-14 00:00:00-04:00,46.19448249320564,46.35184473624506,45.83604701404587,46.124542236328125,2310100,0.0,0.0
2024-08-15 00:00:00-04:00,46.82392245026754,47.27852402764113,46.52668308563613,47.094932556152344,3501500,0.0,0.0
2024-08-16 00:00:00-04:00,46.9812914789711,47.191105569777214,46.686673330004496,47.12990951538086,6049300,0.0,0.0
2024-08-19 00:00:00-04:00,47.20858721393149,47.33097931385955,46.83266671561838,46.90260696411133,2096000,0.0,0.0
2024-08-20 00:00:00-04:00,46.797695752961154,46.81518081477114,45.932206870441576,46.089569091796875,4391500,0.0,0.0
2024-08-21 00:00:00-04:00,46.33435277123884,46.43925980599583,46.168249688295724,46.29064178466797,2809500,0.0,0.0
2024-08-22 00:00:00-04:00,46.43052315290755,46.49084545372302,45.892868298022,45.9496955871582,2916000,0.0,0.0
2024-08-23 00:00:00-04:00,46.34309734105778,47.21733048213359,46.24693449688464,46.797698974609375,4901500,0.0,0.0
2024-08-26 00:00:00-04:00,47.296009740862836,47.69815950451529,47.14739171348503,47.23481369018555,2823300,0.0,0.0
2024-08-27 00:00:00-04:00,47.112421993542014,47.31349520962821,46.87200988808305,47.00751495361328,3650100,0.0,0.0
2024-08-28 00:00:00-04:00,46.640331434390845,47.02499610704465,46.53979650217225,46.780208587646484,2630800,0.0,0.0
2024-08-29 00:00:00-04:00,47.12990407067377,47.4271434440894,46.39554816781952,47.0861930847168,3065900,0.0,0.0
2024-08-30 00:00:00-04:00,47.11277045369999,47.47415521422252,46.77176015071522,47.458213806152344,5339100,0.7,0.0
2024-09-03 00:00:00-04:00,46.69647005407231,47.000279216242085,45.89486865895115,45.99673080444336,3891400,0.0,0.0
2024-09-04 00:00:00-04:00,45.98787181244806,46.51046141844627,45.49894229538371,45.68672180175781,3776000,0.0,0.0
2024-09-05 00:00:00-04:00,45.72214571211469,45.81957818090556,45.19955614402132,45.447566986083984,4508900,0.0,0.0
2024-09-06 00:00:00-04:00,45.394427407019016,45.801869261602214,44.61497092692816,44.88955307006836,4144200,0.0,0.0
2024-09-09 00:00:00-04:00,44.93383497450993,45.86829604367193,44.93383497450993,45.4387092590332,4022400,0.0,0.0
2024-09-10 00:00:00-04:00,45.43870689698246,45.49185280058741,44.72568207314506,45.0135498046875,3196500,0.0,0.0
2024-09-11 00:00:00-04:00,45.066700975742464,45.14641815104322,44.07466426558891,44.933837890625,3717200,0.0,0.0
2024-09-12 00:00:00-04:00,44.88954692319932,45.09326782259477,43.86208308602977,44.51753234863281,5680600,0.0,0.0
2024-09-13 00:00:00-04:00,44.64154118998485,45.17298674128412,44.313813167130164,44.42010498046875,4411800,0.0,0.0
2024-09-16 00:00:00-04:00,44.56182445644594,45.20841778911261,44.53347929684131,44.87183380126953,3189400,0.0,0.0
2024-09-17 00:00:00-04:00,45.0312664939738,45.93472661001775,44.916118722037766,45.62471389770508,4029600,0.0,0.0
2024-09-18 00:00:00-04:00,45.74872369018229,46.315599863927254,45.45465574586875,45.739864349365234,3428100,0.0,0.0
2024-09-19 00:00:00-04:00,46.545896295956325,47.13048782590873,46.28902945036466,46.847049713134766,4746700,0.0,0.0
2024-09-20 00:00:00-04:00,46.625607591188796,46.767326629687766,45.43870937669181,45.80186462402344,8466000,0.0,0.0
2024-09-23 00:00:00-04:00,45.94358360847445,46.27131162993209,45.713291438252696,46.09416198730469,5029600,0.0,0.0
2024-09-24 00:00:00-04:00,46.66989536999224,47.5467842664505,46.61675284095437,47.34306335449219,4675800,0.0,0.0
2024-09-25 00:00:00-04:00,47.52906388440355,47.591065747553934,46.53703069514922,46.80275344848633,3863200,0.0,0.0
2024-09-26 00:00:00-04:00,47.35191620268161,48.503383767048255,47.32977460998795,48.46795654296875,5672100,0.0,0.0
2024-09-27 00:00:00-04:00,48.71596587882228,49.30941329586252,48.39709719790879,48.786827087402344,5513500,0.0,0.0
2024-09-30 00:00:00-04:00,48.83996918899743,49.025974791625124,47.803649363915966,48.388240814208984,5537800,0.0,0.0
2024-10-01 00:00:00-04:00,48.33509634980326,48.57601838213235,47.971941095288045,48.30852508544922,5461300,0.0,0.0
2024-10-02 00:00:00-04:00,48.43253707885742,48.78683643192264,48.17744073372669,48.43253707885742,6312700,0.0,0.0
2024-10-03 00:00:00-04:00,48.23766738432833,48.4856782587848,47.74165239311282,48.27309799194336,4066300,0.0,0.0
2024-10-04 00:00:00-04:00,48.80454010964958,49.26955750959413,48.63624980375507,49.017120361328125,3443800,0.0,0.0
2024-10-07 00:00:00-04:00,48.73367853845309,48.835537296703286,48.029509676476955,48.37937927246094,3096500,0.0,0.0
2024-10-08 00:00:00-04:00,47.60878088696839,47.78593051487557,47.04633445062482,47.13047790527344,4219200,0.0,0.0
2024-10-09 00:00:00-04:00,47.01533636547125,47.582212506014514,46.82490109524047,47.31648635864258,3186200,0.0,0.0
2024-10-10 00:00:00-04:00,47.316487442272056,47.8745076341451,47.21019900819808,47.49363708496094,2494200,0.0,0.0
2024-10-11 00:00:00-04:00,47.60878563883484,47.98079685360731,47.5644990721498,47.63535690307617,4288600,0.0,0.0
2024-10-14 00:00:00-04:00,47.47592542964412,47.67964973063676,47.23677727931975,47.42278289794922,2736000,0.0,0.0
2024-10-15 00:00:00-04:00,47.2101918586857,47.44048737295981,46.554742672500986,46.5635986328125,4210700,0.0,0.0
2024-10-16 00:00:00-04:00,46.590177337560846,47.227914705030976,46.37760046763642,46.89133071899414,4492900,0.0,0.0
2024-10-17 00:00:00-04:00,46.94447768689644,47.13934263777168,46.70975583907772,47.01533889770508,3894000,0.0,0.0
2024-10-18 00:00:00-04:00,47.36963290380491,47.36963290380491,46.785041453616365,47.041908264160156,2395700,0.0,0.0
2024-10-21 00:00:00-04:00,47.07733800161109,47.11276522608531,46.156162588315446,46.24473571777344,3542700,0.0,0.0
2024-10-22 00:00:00-04:00,46.27131355354719,46.3244560833508,45.69557803578544,46.12073516845703,4413700,0.0,0.0
2024-10-23 00:00:00-04:00,45.8195791228982,46.0498746682018,45.280159500468855,45.60700225830078,4522300,0.0,0.0
2024-10-24 00:00:00-04:00,46.07644727430169,46.200451012071895,44.92497965077319,45.16413116455078,5804600,0.0,0.0
2024-10-25 00:00:00-04:00,44.83640232866731,44.933834800539906,44.012659366824224,44.02151870727539,5889700,0.0,0.0
2024-10-28 00:00:00-04:00,44.145522562163116,44.42010467646934,43.817797920399705,44.384674072265625,6457100,0.0,0.0
2024-10-29 00:00:00-04:00,44.14551735468057,44.269521075917496,43.684929690909144,43.8266487121582,4900600,0.0,0.0
2024-10-30 00:00:00-04:00,43.75580170540798,44.41125107361423,43.525506127179646,43.70265579223633,4775700,0.0,0.0
2024-10-31 00:00:00-04:00,43.63179106794167,43.96837506661288,43.54764760241029,43.73808288574219,4835200,0.0,0.0
2024-11-01 00:00:00-04:00,43.84437122230469,44.03923617563536,43.27749504408662,43.37492752075195,4980400,0.0,0.0
2024-11-04 00:00:00-05:00,42.78147540918151,43.11805939692121,42.022393454318895,42.471466064453125,14634400,0.0,0.0
2024-11-05 00:00:00-05:00,42.33860092156111,42.42717742919922,41.77172478807031,42.42717742919922,7193500,0.0,0.0
2024-11-06 00:00:00-05:00,44.021521320659495,44.021521320659495,42.493609371570976,42.82576370239258,8862800,0.0,0.0
2024-11-07 00:00:00-05:00,42.99405475276953,43.3306353545661,42.53346703684707,43.312923431396484,20309400,0.0,0.0
2024-11-08 00:00:00-05:00,43.038338737320565,43.038338737320565,41.08084359618016,41.17827606201172,12571500,0.0,0.0
2024-11-11 00:00:00-05:00,41.098557644870404,41.612287841536045,40.894833379512846,40.9834098815918,6734700,0.0,0.0
2024-11-12 00:00:00-05:00,41.06313049627073,41.06313049627073,39.77879982835913,39.89394760131836,7101300,0.0,0.0
2024-11-13 00:00:00-05:00,39.769949415188584,39.9639257472423,39.59279975027116,39.849666595458984,6000300,0.0,0.0
2024-11-14 00:00:00-05:00,39.85851656612913,39.976320112617415,39.3004963881258,39.495361328125,5542400,0.0,0.0
2024-11-15 00:00:00-05:00,39.47764525943699,39.70794079838882,38.97277099638262,39.008201599121094,9814100,0.0,0.0
2024-11-18 00:00:00-05:00,39.11449096595642,39.45993090381517,39.00820253404181,39.16763687133789,5075800,0.0,0.0
2024-11-19 00:00:00-05:00,38.733623336583896,38.97277486050793,38.39703933489281,38.66276550292969,6289700,0.0,0.0
2024-11-20 00:00:00-05:00,38.574186436823204,38.99934354718332,38.37932487302171,38.910770416259766,4808100,0.0,0.0
2024-11-21 00:00:00-05:00,38.80447893871572,39.98251770604019,38.636185272777865,39.690223693847656,6158200,0.0,0.0
2024-11-22 00:00:00-05:00,39.64593861299227,40.336821904303505,39.55736547816061,40.265960693359375,5494100,0.0,0.0
2024-11-25 00:00:00-05:00,40.584825680279046,41.05515797103967,40.27481635781778,40.629112243652344,9463700,0.0,0.0
2024-11-26 00:00:00-05:00,40.28367545182157,40.310246716142366,39.05692031885049,39.45107650756836,9225300,0.0,0.0
2024-11-27 00:00:00-05:00,39.53965377807617,39.92938371608208,39.46879593952434,39.53965377807617,5700600,0.0,0.0
2024-11-29 00:00:00-05:00,39.55765175930565,39.81861070983398,39.28139680125904,39.782615661621094,4339600,0.7,0.0
2024-12-02 00:00:00-05:00,39.845601225294104,40.08856262699423,39.38667642164477,39.93558883666992,7611000,0.0,0.0
2024-12-03 00:00:00-05:00,39.95358359301563,40.03457072130905,39.4046712159909,39.47665786743164,9478500,0.0,0.0
2024-12-04 00:00:00-05:00,39.188706918911954,39.251696530230824,37.99190087117703,38.558807373046875,10962600,0.0,0.0
2024-12-05 00:00:00-05:00,38.50481244207771,38.711778767062285,37.63195162710616,37.96489715576172,9742500,0.0,0.0
2024-12-06 00:00:00-05:00,38.0728884908868,38.27985484967417,37.550970638806675,37.784934997558594,8620000,0.0,0.0
2024-12-09 00:00:00-05:00,39.46316216542512,39.62963666710601,38.171868299437236,38.45082473754883,12855800,0.0,0.0
2024-12-10 00:00:00-05:00,38.15387139155786,38.30234492784319,37.59146175095515,37.955902099609375,7585200,0.0,0.0
2024-12-11 00:00:00-05:00,37.964896926526976,37.996391727254554,37.12803115556473,37.343997955322266,7135900,0.0,0.0
2024-12-12 00:00:00-05:00,37.22701755066778,37.559966525684274,37.10103834181872,37.14603042602539,5738700,0.0,0.0
2024-12-13 00:00:00-05:00,37.11903617464479,37.11903617464479,36.38565524113942,36.76809310913086,7580000,0.0,0.0
2024-12-16 00:00:00-05:00,36.309164057536755,36.61511503118596,36.03021108013738,36.09320068359375,8419800,0.0,0.0
2024-12-17 00:00:00-05:00,36.26417590207413,36.84548247170582,36.219183813685554,36.507137298583984,9702700,0.0,0.0
2024-12-18 00:00:00-05:00,36.7590922092884,37.218020391733894,36.093201126667836,36.12919616699219,11720500,0.0,0.0
2024-12-19 00:00:00-05:00,36.04821686665701,36.516142194406086,35.17535582906,35.18435287475586,9553500,0.0,0.0
2024-12-20 00:00:00-05:00,35.08536380395611,36.25067490749465,34.95938116361934,35.940223693847656,17715600,0.0,0.0
2024-12-23 00:00:00-05:00,35.98522545896431,36.228183440112375,35.70896708256465,35.967227935791016,6718700,0.0,0.0
2024-12-24 00:00:00-05:00,35.913232493664616,36.156193888055384,35.48130227008423,36.0752067565918,3784100,0.0,0.0
2024-12-26 00:00:00-05:00,35.98522570872222,36.32267154704128,35.85924304563478,36.19219207763672,5274200,0.0,0.0
2024-12-27 00:00:00-05:00,36.10219683820016,36.61961436757247,35.904230989073355,36.021209716796875,4855000,0.0,0.0
2024-12-30 00:00:00-05:00,35.90423921751902,35.92223330846505,35.30133419052766,35.49030303955078,7954900,0.0,0.0
2024-12-31 00:00:00-05:00,35.580283598131835,36.24167787116127,35.48129895418512,36.11119842529297,6867200,0.0,0.0
2025-01-02 00:00:00-05:00,36.29118036697866,36.53413837409823,35.54429852249201,35.589290618896484,7130500,0.0,0.0
2025-01-03 00:00:00-05:00,35.6792752667746,35.82774882925086,35.27433956757429,35.45431137084961,6839900,0.0,0.0
2025-01-06 00:00:00-05:00,35.814252500344324,36.120203544272975,35.58928859841669,35.76926040649414,6899400,0.0,0.0
2025-01-07 00:00:00-05:00,35.54429356229906,35.94472899996907,35.233842304880746,35.46330642700195,7248700,0.0,0.0
2025-01-08 00:00:00-05:00,35.139355371561074,35.19334793545474,34.49146176821804,35.02237319946289,6196900,0.0,0.0
2025-01-10 00:00:00-05:00,34.842405186068,34.945886643678286,34.599443795230144,34.64443588256836,7833500,0.0,0.0
2025-01-13 00:00:00-05:00,34.68942843779023,35.71526314671328,34.68942843779023,35.697265625,8230600,0.0,0.0
2025-01-14 00:00:00-05:00,35.92222771916332,36.09320245063767,35.68826681382486,36.06620788574219,4516000,0.0,0.0
2025-01-15 00:00:00-05:00,36.426150779633474,36.68710970242716,36.1201997676938,36.354164123535156,5446400,0.0,0.0
2025-01-16 00:00:00-05:00,36.291176400865794,36.9390700701739,36.08420660120561,36.777095794677734,5812300,0.0,0.0
2025-01-17 00:00:00-05:00,36.99306239863136,37.23602381029321,36.88058045430697,36.93007278442383,6194800,0.0,0.0
2025-01-21 00:00:00-05:00,37.18202838827493,37.57796356615309,37.029054603416185,37.415992736816406,5583600,0.0,0.0
2025-01-22 00:00:00-05:00,37.25401541212833,37.31250477811712,36.72310058199414,36.73209762573242,5607300,0.0,0.0
2025-01-23 00:00:00-05:00,36.8490836966266,37.370998105672825,36.804091607813774,37.31700897216797,5442400,0.0,0.0
2025-01-24 00:00:00-05:00,37.54197174142331,37.721940091365575,37.17303113175969,37.227020263671875,5111600,0.0,0.0
2025-01-27 00:00:00-05:00,37.55997206113188,37.766938425125254,37.14153909425844,37.72194290161133,6182700,0.0,0.0
2025-01-28 00:00:00-05:00,37.80292952096109,37.950507146872226,37.1460353922282,37.27201461791992,6009600,0.0,0.0
2025-01-29 00:00:00-05:00,37.101042106295765,37.321505744151075,36.745598769448684,36.93906784057617,6765200,0.0,0.0
2025-01-30 00:00:00-05:00,35.38231941166834,35.52629616016508,33.7355855652792,34.689430236816406,18933200,0.0,0.0
2025-01-31 00:00:00-05:00,34.93688860222856,35.34632104780079,34.56344776589401,35.13935470581055,12725800,0.0,0.0
2025-02-03 00:00:00-05:00,34.37448564884201,34.46446983849984,32.988707158979885,33.63660430908203,14986900,0.0,0.0
2025-02-04 00:00:00-05:00,33.81657270085089,35.02237582408827,33.78057765555759,34.689430236816406,10017100,0.0,0.0
2025-02-05 00:00:00-05:00,34.39248614097371,34.59945254118691,33.9425582885075,34.1495246887207,6757400,0.0,0.0
2025-02-06 00:00:00-05:00,34.39247793305076,34.995379463785255,34.36547993412557,34.88739776611328,7610300,0.0,0.0
2025-02-07 00:00:00-05:00,35.004376488509955,35.1168584136881,34.49595598979212,34.71642303466797,5966200,0.0,0.0
2025-02-10 00:00:00-05:00,35.00438195504485,35.09436613616956,34.32949029858005,34.707427978515625,5911100,0.0,0.0
2025-02-11 00:00:00-05:00,34.77941491004128,34.941389167492495,34.58594584878989,34.761417388916016,5446500,0.0,0.0
2025-02-12 00:00:00-05:00,34.53645191860743,34.69842616853007,34.242199498872374,34.428466796875,5607400,0.0,0.0
2025-02-13 00:00:00-05:00,34.527452328459944,34.792911468688274,34.23949886180025,34.500457763671875,6619000,0.0,0.0
2025-02-14 00:00:00-05:00,34.94139305734517,35.55329168034299,34.74342373560448,34.79741287231445,5387700,0.0,0.0
2025-02-18 00:00:00-05:00,34.842408237664124,36.01221977429436,34.815410236755646,35.74226379394531,7612300,0.0,0.0
2025-02-19 00:00:00-05:00,35.09436328465445,35.4453063682728,34.9053944600409,35.02237319946289,6219800,0.0,0.0
2025-02-20 00:00:00-05:00,35.094371119841526,35.64328362761095,35.03138149757391,35.62528610229492,5747100,0.0,0.0
2025-02-21 00:00:00-05:00,35.85024914696779,36.075213058926,35.23384679243861,35.55329513549805,5962900,0.0,0.0
2025-02-24 00:00:00-05:00,35.46330321768263,35.490297782779926,34.999878209239675,35.13935470581055,7411700,0.0,0.0
2025-02-25 00:00:00-05:00,35.26533552285624,35.60728157122876,35.08086693184595,35.30133056640625,6180000,0.0,0.0
2025-02-26 00:00:00-05:00,35.58029129463989,35.60728586421885,34.680435693456346,34.959388732910156,6294900,0.0,0.0
2025-02-27 00:00:00-05:00,34.869401090548784,34.90539613487167,34.33848620115337,34.58144760131836,7949600,0.0,0.0
2025-02-28 00:00:00-05:00,34.64560520196701,35.113047874470475,34.480625846537826,34.92973709106445,10056900,0.7,0.0
2025-03-03 00:00:00-05:00,35.442997416311144,35.46132884135404,33.004973827395446,33.050804138183594,10954300,0.0,0.0
2025-03-04 00:00:00-05:00,32.89499482642601,33.1882906883573,32.51920928480388,32.647525787353516,8840500,0.0,0.0
2025-03-05 00:00:00-05:00,33.234116509218644,34.85641116331837,33.17912572199103,34.62727355957031,10393200,0.0,0.0
2025-03-06 00:00:00-05:00,34.210245782882524,34.54478473464541,33.660313422502,34.31564712524414,9128500,0.0,0.0
2025-03-07 00:00:00-05:00,34.08650498799092,34.48062190351792,33.69238807246393,34.32481002807617,8667000,0.0,0.0
2025-03-10 00:00:00-04:00,34.24232121714515,35.16253574340008,34.05992649697455,34.27898406982422,6310800,0.0,0.0
2025-03-11 00:00:00-04:00,34.466877309344376,34.55395071602093,33.151626229061534,33.609901428222656,6997100,0.0,0.0
2025-03-12 00:00:00-04:00,33.72905903493854,33.72905903493854,32.748350240853924,32.76668167114258,6923900,0.0,0.0
2025-03-13 00:00:00-04:00,32.70252101863788,34.09567815129477,32.64752673179893,33.20662307739258,7958400,0.0,0.0
2025-03-14 00:00:00-04:00,33.710725607280885,34.077347198605885,33.60074052842843,33.88487243652344,5991200,0.0,0.0
2025-03-17 00:00:00-04:00,33.92153128452437,34.63185929581638,33.92153128452437,34.37980651855469,5097100,0.0,0.0
2025-03-18 00:00:00-04:00,34.618110178778096,34.64560557285651,34.20566178578979,34.47146224975586,4866000,0.0,0.0
2025-03-19 00:00:00-04:00,34.37064160051122,34.57228381673688,33.94902923600528,34.086509704589844,5525100,0.0,0.0
2025-03-20 00:00:00-04:00,33.692393036957284,33.91236668357457,33.45409145812086,33.55491256713867,5406300,0.0,0.0
2025-03-21 00:00:00-04:00,33.22495612095997,33.32119350533302,32.82533934178042,33.15163040161133,13257700,0.0,0.0
2025-03-24 00:00:00-04:00,33.48158589715002,33.78221712167316,32.968319896963976,33.26161575317383,6797400,0.0,0.0
2025-03-25 00:00:00-04:00,33.261617485593355,33.28911288093187,32.2854889947252,32.372562408447266,7218000,0.0,0.0
2025-03-26 00:00:00-04:00,32.326734649683004,32.79417383873917,32.1984181466622,32.61086654663086,5801600,0.0,0.0
2025-03-27 00:00:00-04:00,32.079266461029526,32.445888047700606,31.721812337024634,32.29924011230469,6911900,0.0,0.0
2025-03-28 00:00:00-04:00,32.13425599275621,32.28090390645137,31.277280171135132,31.4926700592041,6913700,0.0,0.0
2025-03-31 00:00:00-04:00,31.272703562867996,32.27174379506178,31.09856021830682,32.005943298339844,8477200,0.0,0.0
2025-04-01 00:00:00-04:00,31.60265685816456,31.863873578059273,31.248870451397334,31.72180938720703,6446000,0.0,0.0
2025-04-02 00:00:00-04:00,31.456009693390236,32.23507614091565,31.437678265683925,31.978443145751953,5146700,0.0,0.0
2025-04-03 00:00:00-04:00,30.686107068568642,30.832754993173562,28.761350872902618,28.834674835205078,18080900,0.0,0.0
2025-04-04 00:00:00-04:00,27.688988434539777,27.899796368021597,25.704657606504043,25.846723556518555,18677500,0.0,0.0
2025-04-07 00:00:00-04:00,24.948500710303822,26.845761465075498,24.13093758966246,25.223466873168945,19652900,0.0,0.0
2025-04-08 00:00:00-04:00,26.57996243387741,26.57996243387741,23.207056576352247,23.656166076660156,17050500,0.0,0.0
2025-04-09 00:00:00-04:00,23.23455382502212,27.624829489817923,22.968753360338454,27.368196487426758,19876900,0.0,0.0
2025-04-10 00:00:00-04:00,26.39665053061442,26.414981957976423,24.398572149046522,25.01266098022461,15213200,0.0,0.0
2025-04-11 00:00:00-04:00,24.756027746716416,26.130853415187428,24.26108966693986,26.05752944946289,11189100,0.0,0.0
2025-04-14 00:00:00-04:00,26.71744354290845,26.99240970906459,25.901714254492287,26.469974517822266,10448500,0.0,0.0
2025-04-15 00:00:00-04:00,25.727567544435978,26.359987763127233,25.37469545676698,25.388444900512695,12375800,0.0,0.0
2025-04-16 00:00:00-04:00,25.388445006114335,25.828388747824683,24.95308324688427,25.177637100219727,8672400,0.0,0.0
2025-04-17 00:00:00-04:00,25.415944418964685,26.03919902576346,25.415944418964685,25.80089569091797,8474900,0.0,0.0
2025-04-21 00:00:00-04:00,25.819224265390048,25.97503789986215,25.397610181685074,25.77339744567871,7745100,0.0,0.0
2025-04-22 00:00:00-04:00,26.158349429056997,26.90075476850262,26.12168657368627,26.5799617767334,8488300,0.0,0.0
2025-04-23 00:00:00-04:00,27.55150471770258,28.183924987398346,26.337076478536392,26.5799617767334,10727000,0.0,0.0
2025-04-24 00:00:00-04:00,26.140020271114626,27.660577890476986,25.709240424009685,27.27654266357422,13069300,0.0,0.0
2025-04-25 00:00:00-04:00,26.89158844532965,27.569835520689413,26.689947989903057,27.514842987060547,12991600,0.0,0.0
2025-04-28 00:00:00-04:00,27.725649925049797,28.358070197954884,27.23071186412029,27.450685501098633,9347200,0.0,0.0
2025-04-29 00:00:00-04:00,27.313203548769426,28.151848075378275,27.285708153261794,28.09227180480957,9498800,0.0,0.0
2025-04-30 00:00:00-04:00,27.693572701406868,28.08310595343866,27.276542305820094,28.03727912902832,11306100,0.0,0.0
2025-05-01 00:00:00-04:00,28.119766757267218,28.270996665318524,27.74398123037468,27.982284545898438,7009600,0.0,0.0
2025-05-02 00:00:00-04:00,28.284746681095413,28.46805571722673,27.68898750617034,27.8814640045166,8619400,0.0,0.0
2025-05-05 00:00:00-04:00,27.409439444567457,27.496511100373446,26.506636770687248,26.534133911132812,9061700,0.0,0.0
2025-05-06 00:00:00-04:00,26.479138075293946,26.83659388737089,26.240834783302983,26.396648406982422,7691300,0.0,0.0
2025-05-07 00:00:00-04:00,26.57996302492479,26.680784133747675,25.915463599665422,26.07586097717285,8814500,0.0,0.0
2025-05-08 00:00:00-04:00,26.34165917180025,27.258209602613817,26.267419160307785,26.79993438720703,7787000,0.0,0.0
2025-05-09 00:00:00-04:00,26.992411602862756,27.27654175446243,26.767855972156056,27.019906997680664,8162800,0.0,0.0
2025-05-12 00:00:00-04:00,29.00882037141051,29.68706747074645,28.358070413951598,28.394731521606445,11832500,0.0,0.0
2025-05-13 00:00:00-04:00,28.348903168080668,28.61470186580399,28.04644161650249,28.202255249023438,8502800,0.0,0.0
2025-05-14 00:00:00-04:00,28.119767513634333,28.202257192310647,27.54233976290015,27.652326583862305,6434900,0.0,0.0
2025-05-15 00:00:00-04:00,27.313202242433263,27.45893412510634,26.942000435383644,27.404857635498047,6481000,0.0,0.0
2025-05-16 00:00:00-04:00,27.395691932268555,27.766895487647016,27.065734964557805,27.670658111572266,5872600,0.0,0.0
2025-05-19 00:00:00-04:00,27.175719802733738,27.69815326625749,26.951165927167803,27.597333908081055,5937100,0.0,0.0
2025-05-20 00:00:00-04:00,27.6248283336796,27.758644607377793,27.2325452263127,27.30403709411621,5576400,0.0,0.0
2025-05-21 00:00:00-04:00,27.047402879273715,27.19405080540088,26.29583182082671,26.3508243560791,8938600,0.0,0.0
2025-05-22 00:00:00-04:00,26.15834936926769,26.437895774015306,25.956707161551893,26.27750015258789,6885100,0.0,0.0
2025-05-23 00:00:00-04:00,25.80089525898981,26.094191128295382,25.580923357010633,25.956708908081055,7095200,0.0,0.0
2025-05-27 00:00:00-04:00,26.44247932510774,26.61662439017349,26.295831401320104,26.506637573242188,8763100,0.0,0.0
2025-05-28 00:00:00-04:00,26.579963605580765,26.662453287659485,25.901716468185633,25.975040435791016,7731600,0.0,0.0
2025-05-29 00:00:00-04:00,26.433314233192807,26.662451838024104,25.846722524242672,26.387487411499023,10227600,0.0,0.0
2025-05-30 00:00:00-04:00,26.260667804611593,26.340516948427492,25.767488029351426,26.058698654174805,13965300,0.7,0.0
2025-06-02 00:00:00-04:00,25.983548644182694,26.049305711629433,25.226399910303332,25.551429748535156,12390500,0.0,0.0
2025-06-03 00:00:00-04:00,25.551428352346488,26.35460698955104,24.8844600080906,26.105669021606445,10557600,0.0,0.0
2025-06-04 00:00:00-04:00,26.162033060474634,26.612940195878302,26.011730682006746,26.56597137451172,8844700,0.0,0.0
2025-06-05 00:00:00-04:00,26.78203143366311,26.87127291300407,26.255973096963768,26.47203254699707,8634700,0.0,0.0
2025-06-06 00:00:00-04:00,26.631729694948564,27.09672714030521,26.58945703703016,26.81960678100586,6728400,0.0,0.0
2025-06-09 00:00:00-04:00,27.054453380512513,27.989147982308562,27.035666926893956,27.608694076538086,11394400,0.0,0.0
2025-06-10 00:00:00-04:00,27.881115515261033,29.013081206746232,27.758993724157275,28.83929443359375,10985100,0.0,0.0
2025-06-11 00:00:00-04:00,29.1774747282686,29.290202400976476,28.440053169885243,28.820507049560547,7842300,0.0,0.0
2025-06-12 00:00:00-04:00,28.37899521325384,28.604450582032147,28.134755181944563,28.3132381439209,6817200,0.0,0.0
2025-06-13 00:00:00-04:00,28.10657205899508,29.139902269819416,27.984452046616124,28.087783813476562,10271600,0.0,0.0
2025-06-16 00:00:00-04:00,28.501115090638926,28.717174530029297,28.068994420112553,28.717174530029297,10658500,0.0,0.0
2025-06-17 00:00:00-04:00,28.604449325477297,28.75475170356308,27.64157236419903,27.655664443969727,8850700,0.0,0.0
2025-06-18 00:00:00-04:00,27.561724788050796,27.63687597648925,26.75384816852819,26.77263641357422,12211600,0.0,0.0
2025-06-20 00:00:00-04:00,26.7867291465476,26.87597242278943,25.852036267010774,26.077489852905273,22583000,0.0,0.0
2025-06-23 00:00:00-04:00,25.551431089708835,25.9506714725888,24.99719036107225,25.241432189941406,17264100,0.0,0.0
2025-06-24 00:00:00-04:00,25.598397259071493,26.17894075585341,25.401126066837644,25.861427307128906,19116200,0.0,0.0
2025-06-25 00:00:00-04:00,25.861428286962354,25.880214740449535,25.194459915161133,25.194459915161133,15726100,0.0,0.0
2025-06-26 00:00:00-04:00,25.457488654850717,25.880213400224978,25.363549225296797,25.504457473754883,13857800,0.0,0.0
2025-06-27 00:00:00-04:00,25.739306126862274,26.07748736936965,25.11930837676253,25.363550186157227,18629400,0.0,0.0
2025-06-30 00:00:00-04:00,25.269609008288686,25.288397251963104,24.781125423226946,24.875064849853516,11746900,0.0,0.0
2025-07-01 00:00:00-04:00,24.82809894519572,26.722850360982132,24.7717359993056,26.143245697021484,21426600,0.0,0.0
2025-07-02 00:00:00-04:00,26.443850463749328,26.988697052001953,25.927186244314264,26.988697052001953,14120500,0.0,0.0
2025-07-03 00:00:00-04:00,26.932332726283693,27.035666281574898,26.65051621952942,26.73505973815918,5950000,0.0,0.0
2025-07-07 00:00:00-04:00,26.31233467373405,26.753847673675295,25.44339716975699,25.814456939697266,13061900,0.0,0.0
2025-07-08 00:00:00-04:00,26.03051492484761,27.810660696344627,25.992940229294533,27.29869270324707,18326600,0.0,0.0
2025-07-09 00:00:00-04:00,27.58520691832098,28.491719061785393,27.43020838886742,28.031417846679688,15427600,0.0,0.0
2025-07-10 00:00:00-04:00,27.899905431288097,29.052537184689445,27.791873920471883,28.397781372070312,12068000,0.0,0.0
2025-07-11 00:00:00-04:00,27.82475391161119,28.01263098054251,27.35505855166448,27.758995056152344,12318800,0.0,0.0
2025-07-14 00:00:00-04:00,27.477179130621717,27.618087383198855,26.368697771322463,26.53778839111328,13284400,0.0,0.0
2025-07-15 00:00:00-04:00,26.932330714748876,27.09672336611969,26.246575952251312,26.29354476928711,9162900,0.0,0.0
2025-07-16 00:00:00-04:00,26.265365245169622,26.575365921422847,25.931881949603877,26.43445587158203,8757000,0.0,0.0
2025-07-17 00:00:00-04:00,26.31233497802777,26.772636227990763,26.284152610654083,26.73505973815918,7623200,0.0,0.0
2025-07-18 00:00:00-04:00,26.908847986963806,26.998089461604074,26.39687996561568,26.622333526611328,9013200,0.0,0.0
2025-07-21 00:00:00-04:00,26.85718084752821,27.162483548446854,26.612939045142415,26.669301986694336,7026100,0.0,0.0
2025-07-22 00:00:00-04:00,26.74915377786001,27.94218054125139,26.74915377786001,27.86233139038086,9296400,0.0,0.0
2025-07-23 00:00:00-04:00,28.37899650641415,29.00838844288117,28.195815578712217,28.529300689697266,20963300,0.0,0.0
2025-07-24 00:00:00-04:00,25.542034830921356,25.92718489261978,22.892953219533876,23.550525665283203,66003500,0.0,0.0
2025-07-25 00:00:00-04:00,23.146586930240577,24.095371779123234,22.939921615415436,23.963857650756836,36918200,0.0,0.0
2025-07-28 00:00:00-04:00,23.7947676094007,24.54627949218354,23.409617545506286,24.151735305786133,17843700,0.0,0.0
2025-07-29 00:00:00-04:00,24.048402351687482,24.048402351687482,23.465979327543266,23.653858184814453,13123800,0.0,0.0
2025-07-30 00:00:00-04:00,23.51295056939232,23.531737022227667,22.338712159266276,22.470226287841797,16559800,0.0,0.0
2025-07-31 00:00:00-04:00,22.202499486957574,22.22316548040315,21.54962323485946,21.87841033935547,21303600,0.0,0.0
2025-08-01 00:00:00-04:00,21.601289828177798,21.681137177245553,20.469324111938477,20.469324111938477,25059000,0.0,0.0
2025-08-04 00:00:00-04:00,20.54447651221087,20.563262965503682,20.023114358739942,20.28144645690918,18562100,0.0,0.0
2025-08-05 00:00:00-04:00,20.619628753872,21.286595361095692,20.45993224637896,21.0235652923584,22028700,0.0,0.0
2025-08-06 00:00:00-04:00,21.249021048709604,21.399323435947068,19.9620548422748,20.009023666381836,19480800,0.0,0.0
2025-08-07 00:00:00-04:00,20.43174796714241,20.80280772805888,20.018415552555133,20.300233840942383,12719600,0.0,0.0
2025-08-08 00:00:00-04:00,20.319022309336923,20.459932363383363,19.877509276329274,19.93387222290039,11325700,0.0,0.0
2025-08-11 00:00:00-04:00,19.990237374676042,20.290842151600437,19.1654519877359,19.605087280273438,20712400,0.0,0.0
2025-08-12 00:00:00-04:00,19.623872527067903,20.66659685061673,19.553419294670032,20.39417266845703,15785300,0.0,0.0
2025-08-13 00:00:00-04:00,20.48810998239584,21.596591258126924,20.394170557177944,21.530834197998047,16243300,0.0,0.0
2025-08-14 00:00:00-04:00,21.4415956347121,22.03810721341675,21.108110540416003,21.953563690185547,11822600,0.0,0.0
2025-08-15 00:00:00-04:00,22.15083340700086,22.409165500162946,21.934773968483157,21.944168090820312,10779700,0.0,0.0
2025-08-18 00:00:00-04:00,21.887804825331365,22.207197839241417,21.812653633337575,21.83144187927246,12231500,0.0,0.0
2025-08-19 00:00:00-04:00,22.103866577148438,22.77083319742517,21.887805327432364,22.103866577148438,8879800,0.0,0.0
2025-08-20 00:00:00-04:00,22.14144154453378,22.986892931967045,22.103866843095716,22.62053108215332,12660700,0.0,0.0
2025-08-21 00:00:00-04:00,22.395075812101236,22.498409368830817,21.99583545668442,22.254167556762695,9431100,0.0,0.0
2025-08-22 00:00:00-04:00,22.52658796673875,23.71022043278719,22.46083090613809,23.58810043334961,20539200,0.0,0.0
2025-08-25 00:00:00-04:00,23.48476956863535,23.48476956863535,23.024468300099585,23.409618377685547,10012300,0.0,0.0
2025-08-26 00:00:00-04:00,23.30628326306591,23.48007183633434,23.12310235933299,23.24052619934082,8049300,0.0,0.0
2025-08-27 00:00:00-04:00,23.015072641535255,23.559919187501777,22.930527333389968,23.24052619934082,10348200,0.0,0.0
2025-08-28 00:00:00-04:00,23.541132801876323,23.541132801876323,22.817803252041035,23.08083152770996,11714200,0.0,0.0
2025-08-29 00:00:00-04:00,23.147539482725342,23.71931749202195,23.099890103525315,23.471546173095703,8791800,0.35,0.0
2025-09-02 00:00:00-04:00,23.090360097199408,23.58113870317744,22.9378857198969,23.26189422607422,12152500,0.0,0.0
2025-09-03 00:00:00-04:00,23.109418803061832,23.366719984731073,22.671055442562714,22.80447006225586,11528200,0.0,0.0
2025-09-04 00:00:00-04:00,22.642467330113107,22.85688499583764,22.108806998028253,22.785411834716797,11630400,0.0,0.0
2025-09-05 00:00:00-04:00,22.77588213165187,23.74790767855792,22.656761407304696,23.3476619720459,18476700,0.0,0.0
2025-09-08 00:00:00-04:00,23.19518771541543,23.200906004612477,22.032570093865143,22.85211944580078,15488100,0.0,0.0
2025-09-09 00:00:00-04:00,22.723467923226494,23.21424652627635,22.585289269246616,23.004592895507812,10959400,0.0,0.0
2025-09-10 00:00:00-04:00,22.814001930285567,23.309542768559044,22.599584260166356,22.70917510986328,11492700,0.0,0.0
2025-09-11 00:00:00-04:00,22.5471686387785,23.957557458699284,22.5471686387785,23.843202590942383,25711700,0.0,0.0
2025-09-12 00:00:00-04:00,23.82414512850685,24.29109815490902,23.700260373599345,23.86226463317871,14732800,0.0,0.0
2025-09-15 00:00:00-04:00,24.0290334108495,24.1862718267246,22.914063323447845,23.033184051513672,13192300,0.0,0.0
2025-09-16 00:00:00-04:00,23.252364647532378,23.70978778528733,23.04747685960585,23.328601837158203,11070800,0.0,0.0
2025-09-17 00:00:00-04:00,23.44295777042892,24.557927768584623,23.047476112439792,23.385780334472656,14775200,0.0,0.0
2025-09-18 00:00:00-04:00,23.64308051010289,23.814614641450056,22.766351919158023,22.97600555419922,15350400,0.0,0.0
2025-09-19 00:00:00-04:00,23.01412344361826,23.01412344361826,22.25175153938084,22.38516616821289,19106700,0.0,0.0
2025-09-22 00:00:00-04:00,22.251751493962995,22.289869180278068,21.861035666634056,22.080217361450195,12901800,0.0,0.0
2025-09-23 00:00:00-04:00,22.432814670522877,22.582429900950252,21.765737917187348,21.78479766845703,11016900,0.0,0.0
2025-09-24 00:00:00-04:00,21.889624610590754,22.280340458154264,21.832447169338018,22.042098999023438,11913600,0.0,0.0
2025-09-25 00:00:00-04:00,21.937271527341288,21.94203555622769,21.122486264925488,21.155839920043945,16437600,0.0,0.0
2025-09-26 00:00:00-04:00,21.3750219395622,22.108805999046744,21.294018906109486,21.88009262084961,12623800,0.0,0.0
2025-09-29 00:00:00-04:00,22.14692337927806,22.15645325470846,21.651380762724607,21.813385009765625,11803800,0.0,0.0
2025-09-30 00:00:00-04:00,21.70856077833647,21.8762815024206,21.263524850047567,21.851505279541016,14368700,0.0,0.0
2025-10-01 00:00:00-04:00,21.82291775916463,22.127866542546087,21.741916533795607,21.965862274169922,12531500,0.0,0.0
2025-10-02 00:00:00-04:00,22.042097741000873,22.84068425879976,21.87056542703264,22.575759887695312,17945200,0.0,0.0
2025-10-03 00:00:00-04:00,22.59481727361011,22.90453187234284,22.2993983972563,22.699644088745117,8354600,0.0,0.0
2025-10-06 00:00:00-04:00,22.709174380061743,22.76635181771002,22.20410186419438,22.318458557128906,9417100,0.0,0.0
2025-10-07 00:00:00-04:00,22.43281380818937,22.556698551404246,21.203487163119846,21.441728591918945,19270000,0.0,0.0
2025-10-08 00:00:00-04:00,21.451260291934325,21.87056575122747,21.384552977018192,21.53702735900879,10240600,0.0,0.0
2025-10-09 00:00:00-04:00,21.451260418393353,21.54655736210877,20.784183630023453,21.041484832763672,15428400,0.0,0.0
2025-10-10 00:00:00-04:00,21.17489937425593,21.29878594585593,19.678743362426758,19.678743362426758,18840800,0.0,0.0
2025-10-13 00:00:00-04:00,20.012281383965753,20.698416091352048,20.012281383965753,20.412527084350586,12276700,0.0,0.0
2025-10-14 00:00:00-04:00,20.02657663947938,21.051015649318717,19.90745590892309,20.88901138305664,9683300,0.0,0.0
2025-10-15 00:00:00-04:00,21.14631004463326,21.503672193163474,20.869949110637044,21.155839920043945,10597900,0.0,0.0
2025-10-16 00:00:00-04:00,21.260667091835323,21.413141478747175,20.550708568584152,20.869951248168945,10929900,0.0,0.0
2025-10-17 00:00:00-04:00,20.869950102914572,21.008130576482575,20.655532440074214,20.86042022705078,9111200,0.0,0.0
2025-10-20 00:00:00-04:00,20.955716255864985,21.046247346173292,20.431585829637292,20.612648010253906,10342700,0.0,0.0
2025-10-21 00:00:00-04:00,20.669829471067402,21.031955688623793,20.55070874168676,20.727006912231445,10565100,0.0,0.0
2025-10-22 00:00:00-04:00,20.727007000936094,20.974778337224777,20.550708829636914,20.679359436035156,12026100,0.0,0.0
2025-10-23 00:00:00-04:00,22.356575943372857,23.55921972592702,22.2517509453623,23.35719108581543,33606400,0.0,0.0
2025-10-24 00:00:00-04:00,23.57637244598674,23.72884682063458,23.06177188595976,23.64307975769043,14496700,0.0,0.0
2025-10-27 00:00:00-04:00,23.824143268349058,24.824756558564566,23.77649570886751,24.519807815551758,17744700,0.0,0.0
2025-10-28 00:00:00-04:00,24.319686200159694,24.3387459512548,23.624021643929375,24.186269760131836,11767500,0.0,0.0
2025-10-29 00:00:00-04:00,24.119560696542557,24.443569171067114,23.571606524653802,23.69072723388672,12570700,0.0,0.0
2025-10-30 00:00:00-04:00,23.223777907152652,23.342898635032174,22.661527926150256,22.680585861206055,11446600,0.0,0.0
2025-10-31 00:00:00-04:00,22.794942561546733,22.956946824181312,22.489993788972953,22.728235244750977,13052700,0.0,0.0
2025-11-03 00:00:00-05:00,22.48046414020217,22.575761087005713,21.841976959547935,22.13739585876465,13200100,0.0,0.0
2025-11-04 00:00:00-05:00,21.765737774283714,21.889622521447443,21.498906711173806,21.527496337890625,12009900,0.0,0.0
2025-11-05 00:00:00-05:00,21.64185257279837,22.127865351772925,21.556087322521005,21.699031829833984,12998600,0.0,0.0
2025-11-06 00:00:00-05:00,21.756209791961133,21.86103661474037,21.17490005493164,21.17490005493164,15504300,0.0,0.0
2025-11-07 00:00:00-05:00,21.155840602191873,21.42266985174315,20.85089003213079,21.241607666015625,13745900,0.0,0.0
2025-11-10 00:00:00-05:00,21.632322863561765,21.6799704231509,20.67935713067601,21.060543060302734,14784800,0.0,0.0
2025-11-11 00:00:00-05:00,21.184430604904794,21.432201946309533,21.027192183374517,21.26066780090332,9556900,0.0,0.0
2025-11-12 00:00:00-05:00,21.365493265930425,21.622794467648415,21.05101462526555,21.136781692504883,8406100,0.0,0.0
2025-11-13 00:00:00-05:00,21.10819080727247,22.070686424147848,21.031953620670357,22.023038864135742,18599300,0.0,0.0
2025-11-14 00:00:00-05:00,21.775268091056063,22.089746720761237,21.476990068388204,21.851505279541016,12069100,0.0,0.0
2025-11-17 00:00:00-05:00,21.7466785504852,21.7466785504852,20.598354871929754,20.650768280029297,13080800,0.0,0.0
2025-11-18 00:00:00-05:00,20.55547268492892,20.970012312497058,20.250523909814973,20.822303771972656,12329300,0.0,0.0
2025-11-19 00:00:00-05:00,20.850891337299487,20.950954129782623,20.164756601398576,20.307701110839844,13044100,0.0,0.0
2025-11-20 00:00:00-05:00,20.436350987793386,20.731769872483603,19.945574189699283,19.96463394165039,12657200,0.0,0.0
2025-11-21 00:00:00-05:00,20.279111376277633,21.39408135239742,20.240991874634894,21.155839920043945,19595100,0.0,0.0
2025-11-24 00:00:00-05:00,21.15584111220246,21.508437434077642,20.917599666423772,21.470319747924805,15713700,0.0,0.0
2025-11-25 00:00:00-05:00,21.689501162007456,22.251751112203014,21.565614593923442,22.108806610107422,14209700,0.0,0.0
2025-11-26 00:00:00-05:00,22.12786493237422,22.966475843288404,22.108806998028253,22.785411834716797,10506200,0.0,0.0
2025-11-28 00:00:00-05:00,22.94982427075016,23.23029077635895,22.81442766508545,23.065879821777344,7253900,0.35,0.0
2025-12-01 00:00:00-05:00,22.824096518500014,23.486575063969266,22.79024737093415,23.05620574951172,11456100,0.0,0.0
2025-12-02 00:00:00-05:00,23.085219620337003,23.297985949895075,22.63550741805095,23.07554817199707,10733800,0.0,0.0
2025-12-03 00:00:00-05:00,23.19160431901103,23.66065946765443,22.954660265828537,22.978837966918945,10524700,0.0,0.0
2025-12-04 00:00:00-05:00,23.065877123353033,23.143246866773044,22.002041767847743,22.11809730529785,10415800,0.0,0.0
2025-12-05 00:00:00-05:00,22.40823398767513,22.9063016091146,22.180959553205355,22.205137252807617,9023600,0.0,0.0
2025-12-08 00:00:00-05:00,22.147110999203235,22.48560433663985,22.011714402084706,22.108427047729492,11723700,0.0,0.0
2025-12-09 00:00:00-05:00,22.132603396865242,23.061040311240802,22.09875424965198,22.35020637512207,11305700,0.0,0.0
2025-12-10 00:00:00-05:00,22.427576123596914,23.887931634592263,22.413068028616046,23.78154754638672,11997200,0.0,0.0
2025-12-11 00:00:00-05:00,23.733195242003358,24.226426264272103,23.621974492761918,23.771879196166992,11607200,0.0,0.0
2025-12-12 00:00:00-05:00,23.88793348300673,24.06685068140027,23.143248497225606,23.18193244934082,9613300,0.0,0.0
2025-12-15 00:00:00-05:00,23.230289142897504,23.44305548607265,22.350207578679914,22.67902946472168,17458900,0.0,0.0
2025-12-16 00:00:00-05:00,22.44691708555463,22.485602879161114,21.77960374760432,22.089082717895508,17492000,0.0,0.0
2025-12-17 00:00:00-05:00,22.224480335147273,22.607460855309192,22.15678203784192,22.311521530151367,14084900,0.0,0.0
2025-12-18 00:00:00-05:00,22.06006921762098,22.48076893832409,22.002042369628917,22.282508850097656,11153200,0.0,0.0
2025-12-19 00:00:00-05:00,22.272839595040193,22.780578715419928,22.160652253946957,22.495277404785156,15644300,0.0,0.0
2025-12-22 00:00:00-05:00,22.562975582272678,22.959495795566596,22.50494872888929,22.65001678466797,10433100,0.0,0.0
2025-12-23 00:00:00-05:00,22.495276693211583,22.630673295792516,22.021386739537952,22.147111892700195,7884500,0.0,0.0
2025-12-24 00:00:00-05:00,22.195469018837883,22.32119417131498,22.115197649276528,22.301851272583008,3448700,0.0,0.0
2025-12-26 00:00:00-05:00,22.29217899792902,22.54363113821445,22.118098449707063,22.524290084838867,8930500,0.0,0.0
2025-12-29 00:00:00-05:00,22.427577854583976,22.591988801481897,22.22448111093816,22.582317352294922,10431000,0.0,0.0
2025-12-30 00:00:00-05:00,22.53395998958441,22.843440828042826,22.47593313940359,22.737056732177734,7490500,0.0,0.0
2025-12-31 00:00:00-05:00,22.68869786793515,22.94014999363444,22.529123580161478,22.611328125,8939800,0.0,0.0
2026-01-02 00:00:00-05:00,22.77573924974262,23.61713682525738,22.538795217052733,23.472068786621094,10052700,0.0,0.0
2026-01-05 00:00:00-05:00,23.45272848907116,24.318303859525834,23.385030186513212,24.081357955932617,13203100,0.0,0.0
2026-01-06 00:00:00-05:00,23.955630989589068,24.826041096728353,23.873424596525332,24.680973052978516,11674600,0.0,0.0
2026-01-07 00:00:00-05:00,24.690644959536662,24.768014707280123,23.74286324387887,23.984643936157227,8259900,0.0,0.0
2026-01-08 00:00:00-05:00,23.694508940512723,25.52237046849593,23.549440887356027,25.06782341003418,10493800,0.0,0.0
2026-01-09 00:00:00-05:00,25.454672575007223,25.61908352979305,24.893741407733312,25.464344024658203,8765100,0.0,0.0
2026-01-12 00:00:00-05:00,25.483683717529754,25.739970644792503,25.21288869529578,25.628751754760742,7686400,0.0,0.0
2026-01-13 00:00:00-05:00,25.764149961380692,26.180013046959182,25.594904214757022,25.677108764648438,10247800,0.0,0.0
2026-01-14 00:00:00-05:00,26.015603052123723,27.587177608228153,25.952739553380248,27.330890655517578,21174700,0.0,0.0
2026-01-15 00:00:00-05:00,27.359905249030007,27.427603550757542,26.315410840752456,27.021411895751953,9559300,0.0,0.0
2026-01-16 00:00:00-05:00,26.44597122865307,26.939204057992683,26.325080883559256,26.66357421875,14028400,0.0,0.0
2026-01-20 00:00:00-05:00,25.6771090046554,26.27189113609874,25.440164957167518,25.70612335205078,11465600,0.0,0.0
2026-01-21 00:00:00-05:00,25.986587953305516,27.60651774995957,25.870532416803414,27.475955963134766,12572300,0.0,0.0
2026-01-22 00:00:00-05:00,27.669383221993783,28.13360171193374,27.340561330459575,27.398588180541992,11409000,0.0,0.0
2026-01-23 00:00:00-05:00,27.553325812513908,27.669381349464977,27.200326244388005,27.321216583251953,8892300,0.0,0.0
2026-01-26 00:00:00-05:00,27.43727289498891,27.62102488711005,27.050422323988077,27.25351905822754,8707100,0.0,0.0
2026-01-27 00:00:00-05:00,27.282532021481096,27.451779610318034,26.731272346508764,26.89568328857422,12804900,0.0,0.0
2026-01-28 00:00:00-05:00,27.17615152211529,27.224506925101107,26.305741355887903,26.86667251586914,17825500,0.0,0.0
2026-01-29 00:00:00-05:00,25.725465383476852,26.653902333161067,24.97110897837824,26.267053604125977,23608400,0.0,0.0
2026-01-30 00:00:00-05:00,26.392781497266036,27.07943778422438,26.034945257761336,26.64423179626465,18949400,0.0,0.0
2026-02-02 00:00:00-05:00,26.59587527920897,28.07073708485524,26.2090265531667,27.930503845214844,17168900,0.0,0.0
2026-02-03 00:00:00-05:00,27.949846433254002,30.12103776638008,27.862805240278067,29.487571716308594,21848200,0.0,0.0
2026-02-04 00:00:00-05:00,29.990475987080735,31.76998010777801,29.932449139957182,31.33477783203125,26129300,0.0,0.0
2026-02-05 00:00:00-05:00,30.851216796860356,31.17036724547945,29.16842335462874,29.593957901000977,15877500,0.0,0.0
2026-02-06 00:00:00-05:00,29.980806299507865,30.80769583699029,29.79705245407611,30.73516273498535,8977200,0.0,0.0
2026-02-09 00:00:00-05:00,30.464366115786994,31.47017464440219,30.000147646260086,31.025299072265625,10275400,0.0,0.0
2026-02-10 00:00:00-05:00,31.334778823403038,32.87250415562946,31.334778823403038,32.495323181152344,13531200,0.0,0.0
2026-02-11 00:00:00-05:00,32.592035560207854,33.626856548742474,32.408279887013656,32.882171630859375,12754800,0.0,0.0
2026-02-12 00:00:00-05:00,33.08526818624716,33.29803637049328,31.018529568150683,31.57655906677246,15685900,0.0,0.0
2026-02-13 00:00:00-05:00,31.547542987772008,32.060120552614215,31.258373492893778,31.42181968688965,10184100,0.0,0.0
2026-02-17 00:00:00-05:00,31.238064440896512,31.61524172738294,29.9131072913907,30.38699722290039,9911400,0.0,0.0
2026-02-18 00:00:00-05:00,30.60943490065405,31.41214671545464,30.4063400070415,30.541736602783203,10918600,0.0,0.0
2026-02-19 00:00:00-05:00,30.45469719318008,30.686806447196016,29.874423135820052,30.35798454284668,8869400,0.0,0.0
2026-02-20 00:00:00-05:00,29.951790427511625,30.048503069902964,28.52044922296853,29.516586303710938,17925100,0.0,0.0
2026-02-23 00:00:00-05:00,29.100724756888933,29.88409369647297,29.100724756888933,29.30381965637207,9417700,0.0,0.0
2026-02-24 00:00:00-05:00,29.63264126270711,30.435353092902677,29.506916113484323,30.02916145324707,10487400,0.0,0.0
2026-02-25 00:00:00-05:00,30.135545099350367,30.270941695669105,28.670354706031716,29.03302574157715,11139300,0.0,0.0
2026-02-26 00:00:00-05:00,29.00401049271177,29.062037340095277,28.24965409816535,28.916969299316406,9211200,0.0,0.0
2026-02-27 00:00:00-05:00,28.613611000889247,30.198907656080227,28.578382891447436,30.071691513061523,13297800,0.35,0.0
2026-03-02 00:00:00-05:00,30.042335221616195,30.879018681676563,29.49433038243445,29.944477081298828,13479000,0.0,0.0
2026-03-03 00:00:00-05:00,29.19097256580777,30.33590854356309,28.75550579019161,30.081478118896484,13304900,0.0,0.0
2026-03-04 00:00:00-05:00,31.314486873088892,31.696131584578225,30.375053162810882,31.64720344543457,13279500,0.0,0.0
2026-03-05 00:00:00-05:00,32.78235422019536,33.85096018422144,32.49856578028496,32.997642517089844,24545900,0.0,0.0
2026-03-06 00:00:00-05:00,34.250221110315366,34.39700926540785,32.24413747759246,32.56706619262695,19447200,0.0,0.0
2026-03-09 00:00:00-04:00,34.20128986628104,34.98317320534957,33.369496617861266,33.57500076293945,28495500,0.0,0.0
2026-03-10 00:00:00-04:00,33.87835892306903,34.42636377884884,32.474102312910894,33.163997650146484,22301900,0.0,0.0
2026-03-11 00:00:00-04:00,33.22271571567012,33.834326815984454,32.97807127554439,33.63371658325195,11106300,0.0,0.0
2026-03-12 00:00:00-04:00,34.98415294336667,36.87280821209433,34.74929265172619,36.77495193481445,25159600,0.0,0.0
2026-03-13 00:00:00-04:00,36.892379768760044,36.94130790680929,35.72786992510857,35.835514068603516,16375100,0.0,0.0
2026-03-16 00:00:00-04:00,35.61044262604103,35.84530292130189,35.19944177555671,35.228797912597656,9567400,0.0,0.0
2026-03-17 00:00:00-04:00,35.40494334637569,36.76516582362535,35.25815519046589,36.11930465698242,14301700,0.0,0.0
2026-03-18 00:00:00-04:00,36.696662833076275,37.44038022398315,36.25923998584175,36.882591247558594,15273900,0.0,0.0
2026-03-19 00:00:00-04:00,37.19573530375211,37.75352800563602,36.27587364500664,36.6868782043457,13780000,0.0,0.0
2026-03-20 00:00:00-04:00,37.009806025078355,37.49909484479962,35.69851183890626,35.864871978759766,15453500,0.0,0.0
2026-03-23 00:00:00-04:00,35.15050851176942,35.89912357347987,34.78843581501173,35.267940521240234,14991500,0.0,0.0
2026-03-24 00:00:00-04:00,35.45386790884623,37.64588349337233,35.45386790884623,37.48931121826172,16393500,0.0,0.0
2026-03-25 00:00:00-04:00,37.479525583914956,38.84464193868853,37.18595301721669,38.77124786376953,12223800,0.0,0.0
2026-03-26 00:00:00-04:00,38.771246539532385,39.333929450722565,38.379817708296564,38.62446212768555,9711600,0.0,0.0
2026-03-27 00:00:00-04:00,38.78103526368526,40.175507738419356,38.46789069858629,39.94554138183594,12322100,0.0,0.0
2026-03-30 00:00:00-04:00,40.728404727413704,41.589554188791894,40.32718800102918,40.97304916381836,15306500,0.0,0.0
2026-03-31 00:00:00-04:00,40.78711904553448,41.82441275676994,39.984685626023584,40.75776290893555,21086600,0.0,0.0
2026-04-01 00:00:00-04:00,40.69904646090798,40.86051267640454,38.73699713833027,39.81832504272461,21922000,0.0,0.0
2026-04-02 00:00:00-04:00,41.217692157657815,41.46233658550024,39.92596987728803,40.513118743896484,13355400,0.0,0.0
2026-04-06 00:00:00-04:00,39.5834683749496,40.188229418270105,39.07950146101212,39.69111251831055,13059100,0.0,0.0
2026-04-07 00:00:00-04:00,39.96511443777858,41.1491925890979,39.78897014864274,40.52290344238281,14260200,0.0,0.0
2026-04-08 00:00:00-04:00,35.8355134960664,38.502139906389345,34.984151962083,38.43852996826172,27145700,0.0,0.0
2026-04-09 00:00:00-04:00,38.75167255116422,39.730250178546925,37.08809357099554,37.225093841552734,18500500,0.0,0.0
2026-04-10 00:00:00-04:00,37.6752396311566,38.28195673063244,37.42570128446979,38.174312591552734,10924300,0.0,0.0
2026-04-13 00:00:00-04:00,39.14310735286453,39.74786839133011,38.92879710800598,39.25075149536133,9495700,0.0,0.0
2026-04-14 00:00:00-04:00,38.849534990176416,38.87399719260872,37.332740319201406,38.321102142333984,13086700,0.0,0.0
2026-04-15 00:00:00-04:00,38.31131788490781,38.57064037431862,37.890529181456365,38.007957458496094,9404300,0.0,0.0
2026-04-16 00:00:00-04:00,38.653818500671015,39.15289147677712,38.34067394056961,39.0648193359375,11306200,0.0,0.0
2026-04-17 00:00:00-04:00,35.512585190548144,35.767013746897305,34.0545027930365,34.837364196777344,27285900,0.0,0.0
2026-04-20 00:00:00-04:00,35.272832524572664,36.48137661972,35.15051030818897,35.982303619384766,12428600,0.0,0.0
2026-04-21 00:00:00-04:00,36.08994487628294,37.50888321927273,36.08994487628294,37.48931121826172,13555500,0.0,0.0
2026-04-22 00:00:00-04:00,37.6752429203261,38.16453178942125,37.46974249122082,37.97860336303711,14665300,0.0,0.0
2026-04-23 00:00:00-04:00,38.5363907554316,39.19203602063209,35.93826443131417,37.70459747314453,22976900,0.0,0.0
2026-04-24 00:00:00-04:00,38.10581437427933,38.64403509679356,37.117452537710605,37.83181381225586,12672400,0.0,0.0
2026-04-27 00:00:00-04:00,38.65381996390355,38.86910825698956,36.5743423076176,37.283809661865234,11226400,0.0,0.0
2026-04-28 00:00:00-04:00,38.06667710531163,38.262389674775626,37.03916745073577,37.19573974609375,9268100,0.0,0.0
2026-04-29 00:00:00-04:00,37.76331364751231,38.849535493376315,37.6850256395686,38.7027473449707,11659400,0.0,0.0
2026-04-30 00:00:00-04:00,38.55596217646745,39.974896829444525,38.04710133370548,39.62261199951172,15935600,0.0,0.0
2026-05-01 00:00:00-04:00,40.06296838604676,40.57182922138945,38.58531774980317,39.42689514160156,9176900,0.0,0.0
2026-05-04 00:00:00-04:00,39.8672580161001,40.11190244647314,38.772226320457605,39.71068572998047,8787400,0.0,0.0
2026-05-05 00:00:00-04:00,39.573679611859355,40.58650735050222,39.44157326898314,39.925968170166016,7117500,0.0,0.0
2026-05-06 00:00:00-04:00,37.2544508744258,38.07645625057373,36.77984011642084,37.67523956298828,17871600,0.0,0.0
2026-05-07 00:00:00-04:00,36.74559167834784,36.95109209825846,36.0703744130797,36.5205192565918,17292200,0.0,0.0
2026-05-08 00:00:00-04:00,36.7064473553377,36.83855743340073,35.9333738205452,36.08015823364258,9781500,0.0,0.0
2026-05-11 00:00:00-04:00,36.696662218482764,37.98838442993515,36.68687808440128,37.92966842651367,9412500,0.0,0.0
2026-05-12 00:00:00-04:00,38.154742897101364,38.99142631097213,37.7153602632954,38.5853157043457,8792700,0.0,0.0
2026-05-13 00:00:00-04:00,39.15289155883308,39.30946383921192,37.978601322480564,38.007957458496094,8415300,0.0,0.0
2026-05-14 00:00:00-04:00,37.90031350026038,38.237923997992546,37.72416921735469,37.949241638183594,5643100,0.0,0.0
2026-05-15 00:00:00-04:00,38.16452813917591,38.570638757597116,37.78386149515638,37.919883728027344,9184900,0.0,0.0
2026-05-18 00:00:00-04:00,37.64588705161277,37.977621861118735,37.073416233619525,37.73395919799805,8719400,0.0,0.0
2026-05-19 00:00:00-04:00,37.880744069751515,38.04710422955575,36.407987233514,36.93152618408203,10566300,0.0,0.0
2026-05-20 00:00:00-04:00,36.77494952774275,37.07830620724104,35.15050706059274,35.493011474609375,15321300,0.0,0.0
2026-05-21 00:00:00-04:00,35.79637316594142,36.549874691147124,34.803113689487816,35.140724182128906,12844700,0.0,0.0
2026-05-22 00:00:00-04:00,35.3755866297485,35.815943624319246,34.793331682602194,35.238582611083984,9010400,0.0,0.0
2026-05-26 00:00:00-04:00,35.4342970581187,35.52236919903855,34.26979095749189,34.52421951293945,14114900,0.0,0.0
2026-05-27 00:00:00-04:00,33.858784813760856,34.14257322496492,33.35481792698868,33.75114440917969,16013100,0.0,0.0
2026-05-28 00:00:00-04:00,34.14257476109612,34.77865174820926,33.697323856499004,34.025146484375,12484100,0.0,0.0
2026-05-29 00:00:00-04:00,34.08445634363926,34.12399838183816,33.06132967359455,33.362831115722656,17171300,0.35,0.0
2026-06-01 00:00:00-04:00,33.85709826227282,35.003791074478755,33.81261629358366,34.292049407958984,10533500,0.0,0.0
2026-06-02 00:00:00-04:00,34.15859678483618,34.524351211502434,33.86697896625771,34.32170486450195,11207900,0.0,0.0
2026-06-03 00:00:00-04:00,34.29204613910568,35.304301192413796,34.282162515095784,34.99390411376953,10733800,0.0,0.0
2026-06-04 00:00:00-04:00,34.55895148856339,35.11252874256534,34.13388398067442,34.39090347290039,9243900,0.0,0.0
2026-06-05 00:00:00-04:00,34.13388430993853,34.2030809959892,33.26892196336863,33.5803108215332,8121900,0.0,0.0
2026-06-08 00:00:00-04:00,33.59019314783117,34.00537701902254,33.268920677336894,33.80767059326172,6846800,0.0,0.0
2026-06-09 00:00:00-04:00,33.63961851324049,33.69893157172371,32.196368028576344,32.83891296386719,13901100,0.0,0.0
2026-06-10 00:00:00-04:00,32.86856897944932,34.06963112457343,32.50281453087859,33.84721374511719,13017500,0.0,0.0
2026-06-11 00:00:00-04:00,34.509524364121475,35.62656244954263,33.05144656400091,33.24420928955078,12414900,0.0,0.0
2026-06-12 00:00:00-04:00,32.93776632989877,33.79778499100738,32.37430543769624,33.46168518066406,15932500,0.0,0.0
2026-06-15 00:00:00-04:00,32.33476164642575,32.92788092307718,31.54393971516025,32.84879684448242,15288000,0.0,0.0
2026-06-16 00:00:00-04:00,32.44350055350709,33.00696141842126,32.072802417593216,32.58189392089844,10758000,0.0,0.0
2026-06-17 00:00:00-04:00,32.47315396812225,33.5901920312429,32.10739954373163,32.12717056274414,10897200,0.0,0.0
2026-06-18 00:00:00-04:00,32.226023575815034,32.226023575815034,31.010136010312436,31.366004943847656,17423500,0.0,0.0
2026-06-22 00:00:00-04:00,30.84208502839251,31.02990405585859,30.313222516194713,30.43678855895996,13107300,0.0,0.0
2026-06-23 00:00:00-04:00,30.179771627767266,30.728403285922674,29.838728135531916,29.982065200805664,14159300,0.0,0.0
2026-06-24 00:00:00-04:00,29.65585145428196,29.65585145428196,28.444903809471796,29.0429630279541,23935400,0.0,0.0
2026-06-25 00:00:00-04:00,28.499273156410162,29.1764145696446,28.064320140723076,28.973766326904297,12740100,0.0,0.0
2026-06-26 00:00:00-04:00,28.66732327009921,28.962893047125373,28.40536385046367,28.706865310668945,12286800,0.0,0.0
2026-06-29 00:00:00-04:00,28.80571631345936,28.972778227669913,27.224072418028378,27.599712371826172,12783500,0.0,0.0
2026-06-30 00:00:00-04:00,27.589826706387463,27.85771780464557,26.82371759532814,27.0461368560791,12814600,0.0,0.0
2026-07-01 00:00:00-04:00,26.492559781541885,27.34763848789595,26.492559781541885,26.710037231445312,13818400,0.0,0.0
2026-07-02 00:00:00-04:00,26.937398213934177,28.00995059559267,26.937398213934177,27.392120361328125,11721600,0.0,0.0
2026-07-06 00:00:00-04:00,26.887971637425085,27.14004553484944,26.592399989081983,27.0164794921875,8510800,0.0,0.0
2026-07-07 00:00:00-04:00,27.233956755225552,28.37076592733249,27.233956755225552,28.311452865600586,13926600,0.0,0.0
2026-07-08 00:00:00-04:00,29.14181616199841,29.5569981566198,28.637666462424697,28.696979522705078,16014100,0.0,0.0
2026-07-09 00:00:00-04:00,28.449848094893433,28.706865705728937,27.668909752108448,28.173059463500977,9547000,0.0,0.0
2026-07-10 00:00:00-04:00,28.449847427941588,28.82548738237606,28.30156666270889,28.696979522705078,5713300,0.0,0.0
2026-07-13 00:00:00-04:00,29.220898990722425,30.090805039020907,28.944112245283332,30.021608352661133,12392800,0.0,0.0
2026-07-14 00:00:00-04:00,30.60483667237439,30.8519687587552,29.794243730720254,29.96229362487793,8630000,0.0,0.0
2026-07-15 00:00:00-04:00,29.853557162962016,29.96229400021334,28.97376564230689,29.35929298400879,8806400,0.0,0.0
2026-07-16 00:00:00-04:00,29.299980336182784,29.63608013342514,28.86997102238998,28.96388053894043,7007900,0.0,0.0
2026-07-17 00:00:00-04:00,29.665736579167195,30.189657293492,29.299980253040776,29.57676887512207,8538800,0.0,0.0
2026-07-20 00:00:00-04:00,29.408719914747735,30.20942739121815,29.18135883514611,30.021608352661133,9089500,0.0,0.0
2026-07-21 00:00:00-04:00,30.268739366030463,30.891511406377006,30.090803958654817,30.120458602905273,8324300,0.0,0.0
2026-07-22 00:00:00-04:00,30.634494311707677,31.22266801984096,30.456558901390178,30.891511917114258,11532400,0.0,0.0
2026-07-23 00:00:00-04:00,31.435201667664025,32.354533360921394,30.318165430078484,30.5455265045166,16614800,0.0,0.0
2026-07-24 00:00:00-04:00,30.258853675120722,30.421959873927243,28.963880167174597,29.4976863861084,10427200,0.0,0.0
2026-07-27 00:00:00-04:00,28.59812622051939,28.884798469127574,27.906155603103915,28.420190811157227,13172000,0.0,0.0
2026-07-28 00:00:00-04:00,28.66732184256619,29.151700502615437,28.37076409493381,28.51904296875,12162300,0.0,0.0
2026-07-29 00:00:00-04:00,29.329636144539286,30.278622453075585,29.191242779244792,30.100688934326172,13813700,0.0,0.0
2026-07-30 00:00:00-04:00,29.715163110410227,30.130345112911574,29.112162069861057,29.74481964111328,9163500,0.0,0.0
2026-07-31 00:00:00-04:00,29.626195194784472,30.160001430864256,29.255497048218494,29.94252586364746,9113800,0.0,0.0
2026-08-03 00:00:00-04:00,29.843671144832356,30.10068873976672,29.398832637163615,29.54711151123047,9264400,0.0,0.0
2026-08-04 00:00:00-04:00,28.696979081959928,30.099699563259023,28.36087928740614,29.982065200805664,9348800,0.0,0.0
2026-08-05 00:00:00-04:00,30.258854745822426,30.32805143173238,28.835373330430986,29.32963752746582,10208500,0.0,0.0
2026-08-06 00:00:00-04:00,29.655851978663378,30.555412671178704,29.379063348093933,29.952409744262695,9296800,0.0,0.0
2026-08-07 00:00:00-04:00,29.458143916970613,29.59653916734274,28.92928140340976,29.003421783447266,9022100,0.0,0.0
2026-08-10 00:00:00-04:00,29.30986674033434,30.229198455810547,29.206071710643357,30.229198455810547,7474900,0.0,0.0
2026-08-11 00:00:00-04:00,30.056206383937514,31.079333116995787,30.056206383937514,30.901397705078125,7519400,0.0,0.0
2026-08-12 00:00:00-04:00,30.75311890501217,30.86185574610759,30.14517416966366,30.21931266784668,6615000,0.0,0.0
2026-08-13 00:00:00-04:00,30.001837054527584,30.37253520128336,29.838728964930272,30.011722564697266,6867500,0.0,0.0
2026-08-14 00:00:00-04:00,30.33793542184027,30.842085103811467,30.278622363630824,30.71357536315918,7305700,0.0,0.0
2026-08-17 00:00:00-04:00,30.73334809419347,31.173242930337565,30.466444973790885,30.980480194091797,6020000,0.0,0.0
2026-08-18 00:00:00-04:00,31.237497492985657,31.563711786182257,30.704681128342596,30.83220100402832,7367900,0.0,0.0
2026-08-19 00:00:00-04:00,31.039791204668465,31.756474667646753,30.990365539139592,31.38577651977539,6137700,0.0,0.0
2026-08-20 00:00:00-04:00,31.405544958200657,33.01684716433891,31.405544958200657,32.5225830078125,14366300,0.0,0.0
2026-08-21 00:00:00-04:00,32.40395887493839,32.942708799354726,31.909694688214195,31.978891372680664,9183700,0.0,0.0
2026-08-24 00:00:00-04:00,31.662562352932124,31.682333372762407,30.91128245406361,31.07933235168457,8242700,0.0,0.0
2026-08-25 00:00:00-04:00,30.604838306623,30.604838306623,29.794245321684517,29.814016342163086,9173300,0.0,0.0
2026-08-26 00:00:00-04:00,29.665736426041683,30.06114739449666,29.388947805389083,29.982065200805664,9601600,0.0,0.0
2026-08-27 00:00:00-04:00,29.96229418101586,30.24896831156336,29.61136706435383,29.982065200805664,6433100,0.0,0.0
2026-08-28 00:00:00-04:00,30.27862410707354,30.48621605182338,29.764590771270928,30.160001754760742,5963800,0.0,0.0
2026-08-31 00:00:00-04:00,30.549999237060547,31.260000228881836,30.190000534057617,30.520000457763672,9531100,0.35,0.0
2026-09-01 00:00:00-04:00,30.700000762939453,30.850000381469727,30.075000762939453,30.459999084472656,7678800,0.0,0.0
2026-09-02 00:00:00-04:00,30.260000228881836,31.459999084472656,30.260000228881836,31.280000686645508,7906700,0.0,0.0
2026-09-03 00:00:00-04:00,31.549999237060547,31.690000534057617,30.329999923706055,30.360000610351562,8175200,0.0,0.0
2026-09-04 00:00:00-04:00,30.100000381469727,30.450000762939453,29.100000381469727,29.440000534057617,9411400,0.0,0.0
2026-09-08 00:00:00-04:00,29.75,30.299999237060547,29.524999618530273,29.56999969482422,8606600,0.0,0.0
2026-09-09 00:00:00-04:00,30.049999237060547,30.200000762939453,28.954999923706055,29.399999618530273,9144200,0.0,0.0
2026-09-10 00:00:00-04:00,29.899999618530273,30.260000228881836,29.594999313354492,29.639999389648438,7354700,0.0,0.0
2026-09-11 00:00:00-04:00,29.420000076293945,29.690000534057617,28.709999084472656,29.030000686645508,10492800,0.0,0.0
2026-09-14 00:00:00-04:00,29.399999618530273,29.600000381469727,28.75,28.899999618530273,7604300,0.0,0.0
2026-09-15 00:00:00-04:00,29.010000228881836,29.899999618530273,28.8700008392334,29.850000381469727,8694300,0.0,0.0
2026-09-16 00:00:00-04:00,29.399999618530273,30.485000610351562,29.15999984741211,30.079999923706055,12243000,0.0,0.0
2026-09-17 00:00:00-04:00,29.56999969482422,30.020000457763672,29.34000015258789,29.489999771118164,7749700,0.0,0.0
2026-09-18 00:00:00-04:00,29.3700008392334,29.3700008392334,28.440000534057617,28.729999542236328,13630800,0.0,0.0
2026-09-21 00:00:00-04:00,28.520000457763672,28.639999389648438,27.920000076293945,28.270000457763672,9637600,0.0,0.0
2026-09-22 00:00:00-04:00,28.100000381469727,28.670000076293945,27.8700008392334,28.200000762939453,8818900,0.0,0.0
2026-09-23 00:00:00-04:00,28.440000534057617,28.924999237060547,28.3700008392334,28.649999618530273,7922500,0.0,0.0
2026-09-24 00:00:00-04:00,28.899999618530273,29.125,28.514999389648438,28.559999465942383,7250500,0.0,0.0
2026-09-25 00:00:00-04:00,28.260000228881836,28.34000015258789,27.540000915527344,28.020000457763672,8840500,0.0,0.0
2026-09-28 00:00:00-04:00,28.30500030517578,28.405000686645508,27.844999313354492,27.889999389648438,7993900,0.0,0.0
2026-09-29 00:00:00-04:00,27.5,27.815000534057617,27.200000762939453,27.610000610351562,8402400,0.0,0.0
2026-09-30 00:00:00-04:00,27.475000381469727,27.850000381469727,27.389999389648438,27.540000915527344,11745700,0.0,0.0
2026-10-01 00:00:00-04:00,27.049999237060547,27.6299991607666,26.604999542236328,27.59000015258789,10057900,0.0,0.0
2026-10-02 00:00:00-04:00,27.28499984741211,28.149999618530273,27.260000228881836,27.969999313354492,7349600,0.0,0.0
2026-10-05 00:00:00-04:00,27.979999542236328,28.71500015258789,27.704999923706055,28.510000228881836,7157900,0.0,0.0
2026-10-06 00:00:00-04:00,28.149999618530273,28.594999313354492,28.0,28.15999984741211,8442700,0.0,0.0
2026-10-07 00:00:00-04:00,28.34000015258789,28.6299991607666,27.6299991607666,27.770000457763672,7837000,0.0,0.0
2026-10-08 00:00:00-04:00,28.260000228881836,28.84000015258789,27.888999938964844,28.59000015258789,14127000,0.0,0.0
2026-10-09 00:00:00-04:00,28.579999923706055,28.950000762939453,28.360000610351562,28.420000076293945,8410700,0.0,0.0
