Date,Open,High,Low,Close,Volume,Dividends,Stock Splits
2005-11-16 00:00:00-05:00,6.609475833299526,7.492433838383636,6.53490713769271,6.651844024658203,97759000,0.0,0.0
2005-11-17 00:00:00-05:00,6.829795820165872,7.075532845500451,5.762110479147682,5.973952770233154,34308500,0.0,0.0
2005-11-18 00:00:00-05:00,6.134951784463608,6.262057223943755,5.857015079380809,5.931583404541016,12810000,0.0,0.0
2005-11-21 00:00:00-05:00,5.973950706435817,6.094276850234414,5.901077012569915,6.084108352661133,6404000,0.0,0.0
2005-11-22 00:00:00-05:00,6.007845309613623,6.0095399244898475,5.812950456854372,5.923108100891113,6533000,0.0,0.0
2005-11-23 00:00:00-05:00,5.880740348361933,5.923108551892259,5.34689783223533,5.753634929656982,12421000,0.0,0.0
2005-11-25 00:00:00-05:00,5.719740021815824,5.838371553576791,5.702792660135685,5.787529468536377,1316000,0.0,0.0
2005-11-28 00:00:00-05:00,5.745160571202919,5.745160571202919,5.516371014175989,5.6434760093688965,3155000,0.0,0.0
2005-11-29 00:00:00-05:00,5.643476953210102,5.675677063108556,5.299445454787812,5.418076992034912,4477500,0.0,0.0
2005-11-30 00:00:00-05:00,5.4401076423591705,5.492644335496672,5.355370845013077,5.474002361297607,3894500,0.0,0.0
2005-12-01 00:00:00-05:00,5.47400414565813,5.965478134528114,5.448582896139279,5.931583404541016,5688500,0.0,0.0
2005-12-02 00:00:00-05:00,5.931582847783866,6.151898976077492,5.9146354843810505,6.118003845214844,5120000,0.0,0.0
2005-12-05 00:00:00-05:00,6.131560997784421,6.346792438173702,6.131560997784421,6.2383294105529785,4592500,0.0,0.0
2005-12-06 00:00:00-05:00,6.238330286199773,6.373909190770525,6.177319698331533,6.1993513107299805,3202500,0.0,0.0
2005-12-07 00:00:00-05:00,6.211214722037206,6.211214722037206,5.8468461965188645,6.007846355438232,2473000,0.0,0.0
2005-12-08 00:00:00-05:00,6.050214011920154,6.1485089559221615,6.024793170439732,6.101056098937988,1823500,0.0,0.0
2005-12-09 00:00:00-05:00,6.101057336773445,6.17901530016231,6.063773374496733,6.134952068328857,808000,0.0,0.0
2005-12-12 00:00:00-05:00,6.177319049835205,6.1857929325097905,6.109529604666379,6.177319049835205,953500,0.0,0.0
2005-12-13 00:00:00-05:00,6.175624642946381,6.175624642946381,6.018014137214122,6.031571865081787,1843000,0.0,0.0
2005-12-14 00:00:00-05:00,6.0163202295087626,6.050214959495861,5.897688674553917,5.931583404541016,1422000,0.0,0.0
2005-12-15 00:00:00-05:00,5.9231080514504475,5.9231080514504475,5.702792361159001,5.762108325958252,3273000,0.0,0.0
2005-12-16 00:00:00-05:00,5.736687238136351,5.84515026932954,5.6773712717303635,5.794308185577393,8170500,0.0,0.0
2005-12-19 00:00:00-05:00,5.762109588188334,5.829899046204685,5.738382954636978,5.824814796447754,2242000,0.0,0.0
2005-12-20 00:00:00-05:00,5.867182650551806,6.001066943247488,5.829898693333754,5.921414375305176,2423500,0.0,0.0
2005-12-21 00:00:00-05:00,5.914635688734291,5.931583052722646,5.8553197127465335,5.895993709564209,916500,0.0,0.0
2005-12-22 00:00:00-05:00,5.8959933905289015,5.8959933905289015,5.812951190262311,5.880740642547607,1171000,0.0,0.0
2005-12-23 00:00:00-05:00,5.838372420040933,5.8790464173552115,5.772277578462265,5.804477691650391,985000,0.0,0.0
2005-12-27 00:00:00-05:00,5.846847314770451,6.007847504482262,5.846847314770451,5.973952770233154,1214000,0.0,0.0
2005-12-28 00:00:00-05:00,5.973950763031632,6.007845485892373,5.936666406262029,5.9451398849487305,581000,0.0,0.0
2005-12-29 00:00:00-05:00,5.9146367936456485,6.13834220170508,5.9146367936456485,6.124784469604492,1076500,0.0,0.0
2005-12-30 00:00:00-05:00,6.143424418850612,6.160371780395508,6.00784552649145,6.160371780395508,923500,0.0,0.0
2006-01-03 00:00:00-05:00,6.185793204095117,6.482372241758421,6.10105598985676,6.4162774085998535,2993000,0.0,0.0
2006-01-04 00:00:00-05:00,6.423057072717837,6.423057072717837,6.162067341602342,6.2535834312438965,1196500,0.0,0.0
2006-01-05 00:00:00-05:00,6.473899406199798,6.7348891470326055,6.473899406199798,6.662015438079834,3478500,0.0,0.0
2006-01-06 00:00:00-05:00,6.651846607648012,6.84674149493713,6.6264257637729695,6.833183765411377,2306500,0.0,0.0
2006-01-09 00:00:00-05:00,6.948424099886484,7.5059927719670725,6.931477143858115,7.390750885009766,8702000,0.0,0.0
2006-01-10 00:00:00-05:00,7.348382479439403,7.931372005222555,7.348382479439403,7.797487735748291,8667500,0.0,0.0
2006-01-11 00:00:00-05:00,7.8788373987294875,8.168637608795335,7.685636719942878,7.9517107009887695,7560000,0.0,0.0
2006-01-12 00:00:00-05:00,8.022891991872312,8.109323043186265,7.3314387326752035,7.450069904327393,4841500,0.0,0.0
2006-01-13 00:00:00-05:00,7.407700639954752,7.560227342409947,7.28737486315935,7.550058841705322,2010500,0.0,0.0
2006-01-17 00:00:00-05:00,7.711058046347161,7.965268094024117,7.626320825045487,7.860194683074951,2609500,0.0,0.0
2006-01-18 00:00:00-05:00,7.855109960447372,7.855109960447372,7.626319973352116,7.758509635925293,1397500,0.0,0.0
2006-01-19 00:00:00-05:00,7.744952899637419,8.100847941929965,7.456847312246878,8.041531562805176,3307000,0.0,0.0
2006-01-20 00:00:00-05:00,8.13474333686053,8.20422741261935,7.836469225949018,7.846637725830078,2309500,0.0,0.0
2006-01-23 00:00:00-05:00,7.84663885129694,8.10423899963257,7.8178279628158185,8.095765113830566,1744500,0.0,0.0
2006-01-24 00:00:00-05:00,8.090677882179703,9.04820475810474,7.95001434592952,8.944825172424316,5615000,0.0,0.0
2006-01-25 00:00:00-05:00,9.066847385266039,9.349869105555923,8.499110137774348,8.982110977172852,7019000,0.0,0.0
2006-01-26 00:00:00-05:00,9.024477733244328,9.177004381527928,8.848225669228531,8.888898849487305,2424000,0.0,0.0
2006-01-27 00:00:00-05:00,8.482163988685096,8.910932339479519,8.22964773911088,8.644858360290527,6929000,0.0,0.0
2006-01-30 00:00:00-05:00,8.516055817603398,8.677055519211075,8.185581725107067,8.32455062866211,2970000,0.0,0.0
2006-01-31 00:00:00-05:00,8.324551863911577,8.643162085182963,7.807656349605784,8.612656593322754,6552500,0.0,0.0
2006-02-01 00:00:00-05:00,8.897374498530272,9.663396313605496,8.795690315520757,9.427827835083008,7184500,0.0,0.0
2006-02-02 00:00:00-05:00,9.388846579423651,9.827783336336449,8.992278425668257,9.354951858520508,10589500,0.0,0.0
2006-02-03 00:00:00-05:00,9.524427256581957,9.897270064840493,9.373596002999781,9.407490730285645,5790500,0.0,0.0
2006-02-06 00:00:00-05:00,9.71084748603472,9.71084748603472,9.273605314504048,9.441384315490723,3958000,0.0,0.0
2006-02-07 00:00:00-05:00,9.414268464325179,9.515952638335259,8.712646936353046,9.05837345123291,3575000,0.0,0.0
2006-02-08 00:00:00-05:00,9.236323246249555,9.287165749908757,8.914323686159923,9.063460350036621,1954000,0.0,0.0
2006-02-09 00:00:00-05:00,9.10582268262397,9.207506811635342,8.944822205604078,8.980411529541016,2131500,0.0,0.0
2006-02-10 00:00:00-05:00,9.02278454820936,9.02278454820936,8.29743675867598,8.766879081726074,3580500,0.0,0.0
2006-02-13 00:00:00-05:00,8.64316443127543,9.092269816203089,8.64316443127543,8.93804931640625,1660500,0.0,0.0
2006-02-14 00:00:00-05:00,8.938045516653183,8.98041330603719,8.763487282856902,8.809245109558105,1478000,0.0,0.0
2006-02-15 00:00:00-05:00,8.81263433876152,8.86517143198333,8.741455676807155,8.809245109558105,882000,0.0,0.0
2006-02-16 00:00:00-05:00,8.851615932864378,8.871952929426318,8.656720658612105,8.739763259887695,848000,0.0,0.0
2006-02-17 00:00:00-05:00,8.770270799274158,8.800775493114399,8.499112128758538,8.70417594909668,1626500,0.0,0.0
2006-02-21 00:00:00-05:00,8.705870089029622,8.709259319690279,8.261848547918529,8.412680625915527,2389500,0.0,0.0
2006-02-22 00:00:00-05:00,8.327942616884922,8.446574568186334,8.16016359313647,8.343194961547852,3314500,0.0,0.0
2006-02-23 00:00:00-05:00,8.507580944948954,8.795686406146844,8.302518054906793,8.456738471984863,7781500,0.0,0.0
2006-02-24 00:00:00-05:00,8.778742237827858,9.4481636917689,8.778742237827858,9.236321449279785,11018000,0.0,0.0
2006-02-27 00:00:00-05:00,9.32105987187549,9.693901911180292,9.205817948622284,9.634586334228516,4822000,0.0,0.0
2006-02-28 00:00:00-05:00,9.592214797665553,9.81253088513127,9.160057313007579,9.278688430786133,4038000,0.0,0.0
2006-03-01 00:00:00-05:00,9.32105732504945,9.634583701736537,9.32105732504945,9.619331359863281,3081000,0.0,0.0
2006-03-02 00:00:00-05:00,9.592215560990716,10.07013172409626,9.454942053159979,10.05996322631836,4253000,0.0,0.0
2006-03-03 00:00:00-05:00,10.253162221815968,10.670067330993753,10.168425023375644,10.270109176635742,6878500,0.0,0.0
2006-03-06 00:00:00-05:00,10.42263819026865,10.676849035516959,10.180290458536904,10.390438079833984,4600500,0.0,0.0
2006-03-07 00:00:00-05:00,10.390438204830616,10.390438204830616,10.02776391039879,10.168427467346191,3193000,0.0,0.0
2006-03-08 00:00:00-05:00,10.337898853147424,10.341288890681462,9.956583067504077,10.03115177154541,5132500,0.0,0.0
2006-03-09 00:00:00-05:00,10.073524552144178,10.931062244881883,10.073524552144178,10.84463119506836,5446500,0.0,0.0
2006-03-10 00:00:00-05:00,10.84462880467226,11.419144563072155,10.622618054366427,11.378471374511719,7088000,0.0,0.0
2006-03-13 00:00:00-05:00,11.566585934010059,12.117376240652543,11.425923185016755,12.08009147644043,9415500,0.0,0.0
2006-03-14 00:00:00-05:00,12.117374246767046,12.236005363974177,11.529300080792682,11.629289627075195,9242500,0.0,0.0
2006-03-15 00:00:00-05:00,11.651323180121953,12.04789220183063,11.43948094048337,11.742838859558105,5496000,0.0,0.0
2006-03-16 00:00:00-05:00,11.744531868208247,11.895363903629711,11.032742719197909,11.31915283203125,7085500,0.0,0.0
2006-03-17 00:00:00-05:00,11.319156479782015,11.593704377128208,10.914114307526365,11.541167259216309,5977000,0.0,0.0
2006-03-20 00:00:00-05:00,11.702166670231394,12.061450958251953,11.702166670231394,12.061450958251953,5575500,0.0,0.0
2006-03-21 00:00:00-05:00,12.151275618110674,12.471581426116588,11.79707507119136,11.905538558959961,6876500,0.0,0.0
2006-03-22 00:00:00-05:00,11.61404037663812,11.702166834653326,11.127650242302522,11.522523880004883,6843500,0.0,0.0
2006-03-23 00:00:00-05:00,11.48185122357937,11.744535186475053,11.236114222105604,11.363219261169434,2925500,0.0,0.0
2006-03-24 00:00:00-05:00,11.185271076062703,11.573366248406968,11.146292501362021,11.388639450073242,2114000,0.0,0.0
2006-03-27 00:00:00-05:00,11.498793861554384,11.978404568742866,11.398804321606475,11.83774185180664,5238500,0.0,0.0
2006-03-28 00:00:00-05:00,11.837741499439565,11.991962745561775,11.473372683401335,11.625899314880371,3080000,0.0,0.0
2006-03-29 00:00:00-05:00,11.62590052824529,11.81232108827167,11.441173774925062,11.481847763061523,1981000,0.0,0.0
2006-03-30 00:00:00-05:00,11.778426706494846,12.169911833289932,11.739448140170564,12.086869239807129,5514000,0.0,0.0
2006-03-31 00:00:00-05:00,12.15974877007215,12.395317312502357,11.40897909593109,11.702169418334961,9687000,0.0,0.0
2006-04-03 00:00:00-04:00,11.854689419443527,11.880111065502934,10.534489147462567,10.693794250488281,10266000,0.0,0.0
2006-04-04 00:00:00-04:00,10.854796911896232,11.222555059521255,10.27350109755459,11.015796661376953,9966500,0.0,0.0
2006-04-05 00:00:00-04:00,11.142901052895974,11.16493266436521,10.492122015158214,10.648037910461426,9132500,0.0,0.0
2006-04-06 00:00:00-04:00,10.648037477793581,10.922585302493891,9.953195245351274,10.13453197479248,12852000,0.0,0.0
2006-04-07 00:00:00-04:00,9.829479906788631,9.829479906788631,8.871952919349122,8.982110977172852,24447000,0.0,0.0
2006-04-10 00:00:00-04:00,9.024478793759638,9.304110476398005,8.916016158876323,9.246489524841309,7960000,0.0,0.0
2006-04-11 00:00:00-04:00,9.29563882294376,9.617639163010915,9.263438708125634,9.593912124633789,9023500,0.0,0.0
2006-04-12 00:00:00-04:00,9.636279188239865,9.807448234622438,9.244794835685171,9.768468856811523,7027000,0.0,0.0
2006-04-13 00:00:00-04:00,9.768467053154264,10.031151726779848,9.59221419426885,9.956583023071289,4786000,0.0,0.0
2006-04-17 00:00:00-04:00,10.041322233306712,10.159953367371862,9.748132011999427,9.807448387145996,4060000,0.0,0.0
2006-04-18 00:00:00-04:00,9.99895282083313,11.253058359686861,9.985395093474944,11.212385177612305,13185500,0.0,0.0
2006-04-19 00:00:00-04:00,11.229330518242188,11.79028837691599,10.915804178663029,11.741141319274902,11672500,0.0,0.0
2006-04-20 00:00:00-04:00,11.783514234018055,11.930956269056228,11.402198319634667,11.863166809082031,8156500,0.0,0.0
2006-04-21 00:00:00-04:00,11.863165843477583,11.947903065605182,11.592008025651731,11.693692207336426,4925500,0.0,0.0
2006-04-24 00:00:00-04:00,11.54116370903635,11.592006195910482,11.312374538387546,11.397110939025879,6188500,0.0,0.0
2006-04-25 00:00:00-04:00,11.270003422503152,11.830961227416992,11.246277203287224,11.830961227416992,5205000,0.0,0.0
2006-04-26 00:00:00-04:00,11.820796153703082,11.944511937202103,11.629290921933746,11.915701866149902,4119000,0.0,0.0
2006-04-27 00:00:00-04:00,11.830963344072117,12.329216461089304,11.571668692692448,12.134321212768555,4162500,0.0,0.0
2006-04-28 00:00:00-04:00,12.032642206966592,12.25804223452975,11.968241968201626,12.085179328918457,4768000,0.0,0.0
2006-05-01 00:00:00-04:00,12.086869735420205,12.086869735420205,11.151374407911232,11.3479642868042,7722000,0.0,0.0
2006-05-02 00:00:00-04:00,11.771651342195353,11.778429803452871,11.109008267425507,11.473377227783203,7205500,0.0,0.0
2006-05-03 00:00:00-04:00,11.439480668991525,11.981797080516605,11.405585943778332,11.88689136505127,3033500,0.0,0.0
2006-05-04 00:00:00-04:00,11.842826979047787,11.895364080811435,11.690300326502449,11.695384979248047,3575000,0.0,0.0
2006-05-05 00:00:00-04:00,11.69708062596224,12.710533950310882,11.608954179661142,12.57664966583252,8049000,0.0,0.0
2006-05-08 00:00:00-04:00,12.624103100111107,13.4782513647323,12.380060738790766,13.363009452819824,9139000,0.0,0.0
2006-05-09 00:00:00-04:00,13.227427961639751,13.652807017716459,13.049480464034106,13.085070610046387,6700500,0.0,0.0
2006-05-10 00:00:00-04:00,13.051180059840153,13.48672775287294,12.837642347949338,13.186758995056152,3869500,0.0,0.0
2006-05-11 00:00:00-04:00,13.388428166136626,13.964638442129882,13.068122516854562,13.417238235473633,6002500,0.0,0.0
2006-05-12 00:00:00-04:00,13.452831912313473,13.452831912313473,12.727484022090405,12.808831214904785,4223000,0.0,0.0
2006-05-15 00:00:00-04:00,12.702061801999033,13.185062707599972,12.55970361482884,12.949493408203125,5013000,0.0,0.0
2006-05-16 00:00:00-04:00,12.956266325838927,13.086761334115609,12.59698220758489,12.842719078063965,2744000,0.0,0.0
2006-05-17 00:00:00-04:00,12.710535866873606,12.719009751398907,11.727587889133638,11.863166809082031,8265500,0.0,0.0
2006-05-18 00:00:00-04:00,11.9038382928967,12.227533178713044,11.308984816368332,11.51404857635498,7894500,0.0,0.0
2006-05-19 00:00:00-04:00,11.683522907391989,12.007217813070591,11.341185620175974,11.866554260253906,6728500,0.0,0.0
2006-05-22 00:00:00-04:00,11.51404592022611,11.51404592022611,9.704065876201863,10.105718612670898,24043000,0.0,0.0
2006-05-23 00:00:00-04:00,10.275194752400193,10.490426189075565,9.987089221541822,9.988783836364746,11621500,0.0,0.0
2006-05-24 00:00:00-04:00,10.017592899934133,10.070129994745395,9.012613680477306,9.204119682312012,12526000,0.0,0.0
2006-05-25 00:00:00-04:00,9.319360871351838,9.558318490157431,8.880423384107074,9.49052906036377,10506000,0.0,0.0
2006-05-26 00:00:00-04:00,9.675259698553363,9.785417768590568,9.439691213440756,9.734575271606445,6745000,0.0,0.0
2006-05-30 00:00:00-04:00,9.666780902030993,9.666780902030993,8.961770420170044,9.005833625793457,6343500,0.0,0.0
2006-05-31 00:00:00-04:00,9.085492009748764,9.454944844365961,9.066849623633512,9.439692497253418,8712500,0.0,0.0
2006-06-01 00:00:00-04:00,9.36342750790078,9.553238142403442,9.007532467194032,9.4464693069458,7566000,0.0,0.0
2006-06-02 00:00:00-04:00,9.609163833399071,9.702374125145681,9.129553030057195,9.282079696655273,6612000,0.0,0.0
2006-06-05 00:00:00-04:00,9.47358290497794,9.532898459015394,8.71095054338842,8.741456031799316,8163000,0.0,0.0
2006-06-06 00:00:00-04:00,8.74484705645324,8.846531230584791,8.227952302589358,8.534699440002441,7579000,0.0,0.0
2006-06-07 00:00:00-04:00,8.556734837927374,8.7787456658636,8.365229518163861,8.590629577636719,4884500,0.0,0.0
2006-06-08 00:00:00-04:00,8.431316482378998,8.64315860911271,7.744948444305379,8.46860122680664,8556000,0.0,0.0
2006-06-09 00:00:00-04:00,8.685534811222105,8.785524408567051,8.504198005090958,8.616050720214844,5121000,0.0,0.0
2006-06-12 00:00:00-04:00,8.658413832308076,8.714340154266823,8.270318807771982,8.304213523864746,5649000,0.0,0.0
2006-06-13 00:00:00-04:00,8.30421620037267,8.507584562476318,7.792405256731995,7.795794486999512,5019000,0.0,0.0
2006-06-14 00:00:00-04:00,7.829687820618317,8.041530028804617,7.672077327631199,7.965266704559326,4730500,0.0,0.0
2006-06-15 00:00:00-04:00,8.050007433250094,8.471997419426465,8.016112697434664,8.305912971496582,5053500,0.0,0.0
2006-06-16 00:00:00-04:00,8.175415341821044,8.617742194055504,7.931372996320236,8.573678970336914,7662000,0.0,0.0
2006-06-19 00:00:00-04:00,8.73637613254581,8.73637613254581,8.327943912317675,8.50080680847168,4722500,0.0,0.0
2006-06-20 00:00:00-04:00,8.500805938801511,8.592322435994337,8.243205832302746,8.40759563446045,2499500,0.0,0.0
2006-06-21 00:00:00-04:00,8.43979484407686,9.25496369020521,8.358447663406297,9.102437019348145,5212500,0.0,0.0
2006-06-22 00:00:00-04:00,9.151584666907182,9.171921663591432,8.81602664595903,8.983805656433105,3363000,0.0,0.0
2006-06-23 00:00:00-04:00,8.897374592654133,9.361733093945945,8.85500598059011,9.226153373718262,3818500,0.0,0.0
2006-06-26 00:00:00-04:00,9.268519933817418,9.360035598421982,9.080403952066987,9.278688430786133,1952000,0.0,0.0
2006-06-27 00:00:00-04:00,9.285468813243737,9.285468813243737,9.004142518294667,9.075321197509766,3021500,0.0,0.0
2006-06-28 00:00:00-04:00,8.982107395679641,9.041422938505004,8.494022905820474,8.821106910705566,3552000,0.0,0.0
2006-06-29 00:00:00-04:00,8.863480991919099,9.402407478547818,8.863480991919099,9.380375862121582,3985000,0.0,0.0
2006-06-30 00:00:00-04:00,9.473583714437858,9.819310188293457,9.100740979195495,9.819310188293457,8582500,0.0,0.0
2006-07-03 00:00:00-04:00,9.77694498423694,10.109113846928729,9.607471322082201,10.0565767288208,3111000,0.0,0.0
2006-07-05 00:00:00-04:00,9.829479961418356,9.885406298153997,9.473584944352638,9.827784538269043,6241500,0.0,0.0
2006-07-06 00:00:00-04:00,9.827780941409424,10.081991690291458,9.597297218680065,9.75660228729248,3361500,0.0,0.0
2006-07-07 00:00:00-04:00,9.58713401719689,9.732881442842833,9.2668282806003,9.299028396606445,4047000,0.0,0.0
2006-07-10 00:00:00-04:00,9.299024892434188,9.361730485466268,8.936350676280313,8.949909210205078,6166000,0.0,0.0
2006-07-11 00:00:00-04:00,8.949911446863869,9.41426912670357,8.773658542933163,9.40579605102539,8526500,0.0,0.0
2006-07-12 00:00:00-04:00,9.397320395717335,10.11588879706585,9.380372631327775,9.914215087890625,9963000,0.0,0.0
2006-07-13 00:00:00-04:00,9.914215869052352,10.448058367677763,9.780331590658573,10.13453197479248,11870500,0.0,0.0
2006-07-14 00:00:00-04:00,10.09385727922785,10.220963088953798,9.787110175659118,10.102331161499023,11385000,0.0,0.0
2006-07-17 00:00:00-04:00,10.10233248777835,10.10233248777835,9.597300836576329,9.848121643066406,9507000,0.0,0.0
2006-07-18 00:00:00-04:00,9.695597423494016,9.859986425140686,9.414270265968801,9.541376113891602,28285000,0.0,0.0
2006-07-19 00:00:00-04:00,9.643057786565324,10.007426657334399,9.502394244573635,9.961668014526367,9992500,0.0,0.0
2006-07-20 00:00:00-04:00,9.99895319419341,10.159952929825678,9.775247856031463,9.81761646270752,5661000,0.0,0.0
2006-07-21 00:00:00-04:00,9.795583382563585,9.849814285886758,9.283772565511986,9.84642505645752,7576500,0.0,0.0
2006-07-24 00:00:00-04:00,9.973532742729388,10.439585010015518,9.936247979504426,10.2955322265625,8118000,0.0,0.0
2006-07-25 00:00:00-04:00,10.417552994471336,10.42263764749307,10.097248138090578,10.19384765625,4889000,0.0,0.0
2006-07-26 00:00:00-04:00,10.192157297178541,10.21927357235139,9.663399224622369,9.693903923034668,8244500,0.0,0.0
2006-07-27 00:00:00-04:00,9.727793099111882,9.94471994401097,9.565098773551398,9.660003662109375,4263000,0.0,0.0
2006-07-28 00:00:00-04:00,9.965058756295818,10.01420582425676,9.812532091132786,9.993868827819824,6926500,0.0,0.0
2006-07-31 00:00:00-04:00,9.965058540093683,10.10741670394964,9.81761653129578,10.100637435913086,2619500,0.0,0.0
2006-08-01 00:00:00-04:00,10.015900885772332,10.158259059063072,9.861679598716865,10.019290924072266,2487000,0.0,0.0
2006-08-02 00:00:00-04:00,10.019290444247288,10.109111504784686,10.017595021121506,10.066742897033691,2370500,0.0,0.0
2006-08-03 00:00:00-04:00,10.024375937103587,10.059965282543617,9.787112826055948,9.929471015930176,4509000,0.0,0.0
2006-08-04 00:00:00-04:00,10.041322584804178,10.126058996657779,9.937942982496315,10.076911926269531,3209000,0.0,0.0
2006-08-07 00:00:00-04:00,9.992172356166114,10.073519518684831,9.934551415710612,9.956583023071289,2429000,0.0,0.0
2006-08-08 00:00:00-04:00,9.990478276096765,10.234520584826498,9.990478276096765,10.117583274841309,3949000,0.0,0.0
2006-08-09 00:00:00-04:00,10.15147804170142,10.31756241390894,10.129447241174363,10.136225700378418,3563500,0.0,0.0
2006-08-10 00:00:00-04:00,10.100639437423334,10.515850090175554,9.983702091333093,10.420945167541504,5616000,0.0,0.0
2006-08-11 00:00:00-04:00,10.556525982571685,10.556525982571685,10.139619831655006,10.214188575744629,3737000,0.0,0.0
2006-08-14 00:00:00-04:00,10.256558167009132,10.315873759888097,10.083694427598516,10.175210952758789,2581500,0.0,0.0
2006-08-15 00:00:00-04:00,10.168425308964617,10.336204287773068,10.168425308964617,10.312478065490723,3994500,0.0,0.0
2006-08-16 00:00:00-04:00,10.22774281433688,10.65820655125428,10.22774281433688,10.595500946044922,4044000,0.0,0.0
2006-08-17 00:00:00-04:00,10.583636844977482,10.936142600304652,10.507373518441206,10.819205284118652,4913000,0.0,0.0
2006-08-18 00:00:00-04:00,10.78192013631083,10.922583661484062,10.685319825665562,10.907330513000488,2513500,0.0,0.0
2006-08-21 00:00:00-04:00,10.905639435680175,11.032745276407066,10.76667128823989,10.95648193359375,4001500,0.0,0.0
2006-08-22 00:00:00-04:00,10.95817145291611,10.981897671537583,10.539570973785759,10.578550338745117,3108500,0.0,0.0
2006-08-23 00:00:00-04:00,10.67684899763749,10.792090902279226,10.592111780150686,10.597195625305176,2539000,0.0,0.0
2006-08-24 00:00:00-04:00,10.597192011957679,10.622613653404047,10.295528816572125,10.302308082580566,2737500,0.0,0.0
2006-08-25 00:00:00-04:00,10.30231276815694,10.56499752577787,10.30231276815694,10.526018142700195,2704000,0.0,0.0
2006-08-28 00:00:00-04:00,10.526017583858376,10.526017583858376,10.317564565695935,10.402301788330078,2708000,0.0,0.0
2006-08-29 00:00:00-04:00,10.38027225438211,10.505682690185996,10.354851405745396,10.49890422821045,1600000,0.0,0.0
2006-08-30 00:00:00-04:00,10.495510271006266,10.837847524513096,10.458226319716694,10.776837348937988,4468000,0.0,0.0
2006-08-31 00:00:00-04:00,10.75650131929617,10.986985123382222,10.675153333746762,10.720911979675293,4234500,0.0,0.0
2006-09-01 00:00:00-04:00,10.763280150940785,10.88699594043537,10.63448051623084,10.787006378173828,2447500,0.0,0.0
2006-09-05 00:00:00-04:00,10.846322034023883,11.151374545764142,10.829374268203559,11.053079605102539,5042500,0.0,0.0
2006-09-06 00:00:00-04:00,10.963259429632323,11.244586546469373,10.956480969249851,11.051385879516602,4680500,0.0,0.0
2006-09-07 00:00:00-04:00,11.015797509245367,11.092060852069165,10.837849978694532,10.864965438842773,2855500,0.0,0.0
2006-09-08 00:00:00-04:00,10.881914862416853,11.022578454627121,10.84632551251716,10.85818862915039,2335500,0.0,0.0
2006-09-11 00:00:00-04:00,10.761588330997988,10.890388807275547,10.697188092859207,10.746335983276367,3550500,0.0,0.0
2006-09-12 00:00:00-04:00,10.659901118235561,10.744638334826822,10.559911558228029,10.7243013381958,5207000,0.0,0.0
2006-09-13 00:00:00-04:00,10.829376679013686,11.353050799354287,10.822598217667714,10.968345642089844,9162000,0.0,0.0
2006-09-14 00:00:00-04:00,10.968344774449044,11.217470987717547,10.88530216461683,10.953091621398926,5021000,0.0,0.0
2006-09-15 00:00:00-04:00,11.524220604698247,12.691894689026537,11.397114749078423,12.60037899017334,30382000,0.0,0.0
2006-09-18 00:00:00-04:00,12.720705732019763,13.205400503669937,12.249568692196785,12.905431747436523,24093500,0.0,0.0
2006-09-19 00:00:00-04:00,12.874923507260805,12.978302295130968,12.390228060975508,12.535975456237793,10079500,0.0,0.0
2006-09-20 00:00:00-04:00,12.549534233254741,12.7698495413162,12.222449289051507,12.278375625610352,4453500,0.0,0.0
2006-09-21 00:00:00-04:00,12.269904629842383,13.039315794379222,12.269904629842383,13.02914810180664,11229000,0.0,0.0
2006-09-22 00:00:00-04:00,12.744427971120265,12.902038473493414,12.420733083594545,12.48852252960205,5949500,0.0,0.0
2006-09-25 00:00:00-04:00,12.488521282191975,12.541058380440028,11.744531257241656,11.77334213256836,12280500,0.0,0.0
2006-09-26 00:00:00-04:00,11.863164965974695,12.202112213185522,11.544553907105332,11.864859580993652,12580000,0.0,0.0
2006-09-27 00:00:00-04:00,11.929261963011143,12.261430810363844,11.651324846666446,12.132630348205566,8278000,0.0,0.0
2006-09-28 00:00:00-04:00,12.129241301946184,12.246177842370743,11.9563776062231,12.229230880737305,4873500,0.0,0.0
2006-09-29 00:00:00-04:00,12.236005871832994,12.905427232835894,12.236005871832994,12.722395896911621,11371500,0.0,0.0
2006-10-02 00:00:00-04:00,12.227533204392598,12.874922977384896,12.227533204392598,12.61732292175293,6783000,0.0,0.0
2006-10-03 00:00:00-04:00,12.803743520494306,13.312165173114415,12.790185792930263,13.085070610046387,15588000,0.0,0.0
2006-10-04 00:00:00-04:00,13.10032346231254,13.823975785413326,13.059649469923729,13.769744873046875,18027000,0.0,0.0
2006-10-05 00:00:00-04:00,13.862955505263486,14.286639948664176,13.654502513443708,14.245965957641602,11307000,0.0,0.0
2006-10-06 00:00:00-04:00,14.091743960092787,14.510345369273692,13.873123277332374,14.473060607910156,10219500,0.0,0.0
2006-10-09 00:00:00-04:00,14.151061648520828,14.72049269799294,14.151061648520828,14.39171314239502,6013500,0.0,0.0
2006-10-10 00:00:00-04:00,14.235798058223992,14.81878929343211,14.096829922023822,14.800146102905273,11099500,0.0,0.0
2006-10-11 00:00:00-04:00,14.74422187114598,15.06113837688998,14.579832060492208,14.879800796508789,10036000,0.0,0.0
2006-10-12 00:00:00-04:00,14.87979881209257,14.939114381999756,14.179871854731651,14.218852043151855,13162000,0.0,0.0
2006-10-13 00:00:00-04:00,14.286641938750495,14.31884205144309,13.90532524008245,14.061241149902344,12662000,0.0,0.0
2006-10-16 00:00:00-04:00,13.940915367738938,14.066326595214926,13.008809894826301,13.100325584411621,27830500,0.0,0.0
2006-10-17 00:00:00-04:00,13.795165330339158,14.086660095634333,13.515532868999426,13.840922355651855,35360500,0.0,0.0
2006-10-18 00:00:00-04:00,13.930747926844314,13.968031079721253,13.557905084477284,13.87651538848877,16060500,0.0,0.0
2006-10-19 00:00:00-04:00,13.791776277652136,13.835839501957173,13.569766349169848,13.820587158203125,9358000,0.0,0.0
2006-10-20 00:00:00-04:00,13.822283828501646,13.962947397577688,13.69348337410777,13.85956859588623,7047000,0.0,0.0
2006-10-23 00:00:00-04:00,13.861259188619014,14.201901821188095,13.718901845445206,13.966333389282227,11321500,0.0,0.0
2006-10-24 00:00:00-04:00,13.979892871148552,14.29680933796207,13.913798840050289,14.205293655395508,9915500,0.0,0.0
2006-10-25 00:00:00-04:00,14.24766098508743,14.427303113970783,14.066325049232626,14.157840728759766,7313000,0.0,0.0
2006-10-26 00:00:00-04:00,14.125646528234142,14.681520914555323,14.107004946380036,14.518826484680176,6712500,0.0,0.0
2006-10-27 00:00:00-04:00,14.476453237130144,14.601864470272272,14.252747848874868,14.313758850097656,6543500,0.0,0.0
2006-10-30 00:00:00-05:00,14.210374158227692,14.293415932715822,13.776520484103598,13.920573234558105,7742000,0.0,0.0
2006-10-31 00:00:00-05:00,14.405267564828556,14.473056994602178,13.984972453741095,14.306973457336426,9998000,0.0,0.0
2006-11-01 00:00:00-05:00,14.388319969177246,14.818784388617678,14.295110512306307,14.388319969177246,11351000,0.0,0.0
2006-11-02 00:00:00-05:00,14.686596224707978,14.796753454286124,13.981584783479292,14.11716365814209,13449000,0.0,0.0
2006-11-03 00:00:00-05:00,14.115469850747578,14.252742532005044,13.796858040702977,13.854479789733887,6335000,0.0,0.0
2006-11-06 00:00:00-05:00,13.854478405585004,14.488309500462945,13.823972111287366,14.388319969177246,7163500,0.0,0.0
2006-11-07 00:00:00-05:00,14.59000034790115,15.120452896671033,14.523904697080487,14.764557838439941,13303500,0.0,0.0
2006-11-08 00:00:00-05:00,14.693382161995686,15.111982110164263,14.520518443139284,14.900139808654785,8236000,0.0,0.0
2006-11-09 00:00:00-05:00,14.993346302466184,15.181462311478459,14.142588128331136,14.15106201171875,15286500,0.0,0.0
2006-11-10 00:00:00-05:00,14.152759888910605,14.725581964075332,14.066328839464655,14.423917770385742,10232000,0.0,0.0
2006-11-13 00:00:00-05:00,14.334088137789628,15.040793268956188,14.329003486366549,14.998425483703613,9567500,0.0,0.0
2006-11-14 00:00:00-05:00,15.210271353694724,16.53386010082501,15.210271353694724,16.36269187927246,28838000,0.0,0.0
2006-11-15 00:00:00-05:00,16.337269719115106,16.489794733097476,15.808511165381267,16.210163116455078,20166000,0.0,0.0
2006-11-16 00:00:00-05:00,16.244059216046313,16.767733136301548,15.820374835467357,16.032217025756836,18000500,0.0,0.0
2006-11-17 00:00:00-05:00,15.915276139081548,17.862529398186304,15.913582332887778,17.150739669799805,62613000,0.0,0.0
2006-11-20 00:00:00-05:00,17.16939882560596,17.642231450685,16.435577551298362,16.554208755493164,28042000,0.0,0.0
2006-11-21 00:00:00-05:00,16.540643584227634,17.216844343615836,16.201696300991028,17.137191772460938,17102500,0.0,0.0
2006-11-22 00:00:00-05:00,17.235485918919707,17.579517855867596,16.91518021098697,17.137191772460938,9818000,0.0,0.0
2006-11-24 00:00:00-05:00,17.0948137887266,17.7964358489844,16.862634652362093,17.642213821411133,8287000,0.0,0.0
2006-11-27 00:00:00-05:00,17.679508829952216,17.811698523348756,16.58301270576286,17.05245590209961,22039000,0.0,0.0
2006-11-28 00:00:00-05:00,17.052457550272845,17.506646828162896,16.886372301693537,17.084657669067383,16608500,0.0,0.0
2006-11-29 00:00:00-05:00,17.338866259844444,17.489697531447877,16.29490724172561,16.455907821655273,21490000,0.0,0.0
2006-11-30 00:00:00-05:00,16.523693784052604,16.888062674810236,16.43895656960675,16.650798797607422,14215500,0.0,0.0
2006-12-01 00:00:00-05:00,16.640628609272763,16.818575278287362,15.828849158295233,16.11356544494629,13158500,0.0,0.0
2006-12-04 00:00:00-05:00,16.01527460180423,16.820275839766264,15.842410916074337,16.77790641784668,14529000,0.0,0.0
2006-12-05 00:00:00-05:00,17.113460938357388,18.150641221769156,16.94737736425774,18.01506233215332,28706000,0.0,0.0
2006-12-06 00:00:00-05:00,17.955750787147345,17.991340132416685,17.357507146241137,17.794750213623047,15557500,0.0,0.0
2006-12-07 00:00:00-05:00,17.7947488968479,18.370960072104232,17.652391526304704,17.76763343811035,14484000,0.0,0.0
2006-12-08 00:00:00-05:00,17.710005722573026,18.42857402689471,17.45918498514089,18.320112228393555,13848500,0.0,0.0
2006-12-11 00:00:00-05:00,18.89632761054746,19.294592065597467,18.576023532477002,19.186128616333008,18774000,0.0,0.0
2006-12-12 00:00:00-05:00,19.235277198613815,19.286118886736343,18.443834529310312,18.640422821044922,22087500,0.0,0.0
2006-12-13 00:00:00-05:00,18.896321355584476,19.148837512534623,17.813384260877186,18.167585372924805,14858000,0.0,0.0
2006-12-14 00:00:00-05:00,18.2133492165772,18.387908320230448,17.472749846278727,17.593074798583984,17376000,0.0,0.0
2006-12-15 00:00:00-05:00,17.79305671301774,18.194710478534677,17.574435963815834,18.021846771240234,14992000,0.0,0.0
2006-12-18 00:00:00-05:00,18.048963425984304,18.667544174172765,18.01845872936629,18.23369026184082,14016500,0.0,0.0
2006-12-19 00:00:00-05:00,17.803220732796124,18.68278973902716,17.57612616562178,18.43874740600586,11444000,0.0,0.0
2006-12-20 00:00:00-05:00,18.555685523070927,18.76244310333773,18.167590396169544,18.64211654663086,10284000,0.0,0.0
2006-12-21 00:00:00-05:00,18.64211397414175,18.64211397414175,17.881176168768327,18.067598342895508,12860500,0.0,0.0
2006-12-22 00:00:00-05:00,17.965911839898016,18.20826032232761,17.591375333160155,17.664249420166016,7822000,0.0,0.0
2006-12-26 00:00:00-05:00,17.61171507595143,18.254020193391746,17.48121922157623,17.872703552246094,9528000,0.0,0.0
2006-12-27 00:00:00-05:00,17.896434748442037,18.194708041361938,17.747297293867998,18.12522315979004,5223000,0.0,0.0
2006-12-28 00:00:00-05:00,17.96422280956813,18.63703268560831,17.92185339133348,18.47264289855957,8226000,0.0,0.0
2006-12-29 00:00:00-05:00,18.320119903637238,18.565856092145093,18.1150560984933,18.286224365234375,11321000,0.0,0.0
2007-01-03 00:00:00-05:00,18.36757098819027,20.00807645773881,18.328590798702002,19.611507415771484,28144500,0.0,0.0
2007-01-04 00:00:00-05:00,19.611503689012988,20.574116036882817,19.343735148244583,20.508020401000977,18900500,0.0,0.0
2007-01-05 00:00:00-05:00,20.65885384150981,21.463854973030433,20.50632879145152,21.109655380249023,21982000,0.0,0.0
2007-01-08 00:00:00-05:00,21.243537149958858,21.65027381655586,20.752063273763852,21.301158905029297,16032500,0.0,0.0
2007-01-09 00:00:00-05:00,21.301157499711227,21.390977739950724,20.76053578669523,21.12490463256836,13874500,0.0,0.0
2007-01-10 00:00:00-05:00,21.070677448094152,23.06538420407296,20.846972077936833,22.92133140563965,26275000,0.0,0.0
2007-01-11 00:00:00-05:00,22.921335060481002,23.345019639168108,22.49934590538949,23.139957427978516,16999000,0.0,0.0
2007-01-12 00:00:00-05:00,22.763721007250723,22.963700142264802,22.241740748284432,22.83320426940918,16014000,0.0,0.0
2007-01-16 00:00:00-05:00,22.80269753703799,23.34501312933799,21.68247539668244,21.894317626953125,20353500,0.0,0.0
2007-01-17 00:00:00-05:00,21.61977284879583,22.701016532033144,21.607909734386446,22.577299118041992,19927000,0.0,0.0
2007-01-18 00:00:00-05:00,22.499339631378078,22.501035054500896,21.57401195497685,21.894317626953125,18915500,0.0,0.0
2007-01-19 00:00:00-05:00,21.577404188150027,21.86211892267132,21.02322383082524,21.507919311523438,18061000,0.0,0.0
2007-01-22 00:00:00-05:00,21.507917884989553,21.80958198313645,20.940180644378376,21.031696319580078,12591500,0.0,0.0
2007-01-23 00:00:00-05:00,21.028307910910847,22.08243444813668,20.8723920107314,21.946855545043945,13824000,0.0,0.0
2007-01-24 00:00:00-05:00,22.17564428806424,23.21790765235909,22.073959308417656,23.11622428894043,15428500,0.0,0.0
2007-01-25 00:00:00-05:00,23.404333443148786,23.811070191798702,22.16886923573642,22.326478958129883,20039000,0.0,0.0
2007-01-26 00:00:00-05:00,22.47730190695421,22.93488179213286,21.845166211580928,22.907766342163086,17612000,0.0,0.0
2007-01-29 00:00:00-05:00,22.963698410573468,22.994203097393594,21.862117827791433,22.011255264282227,14780500,0.0,0.0
2007-01-30 00:00:00-05:00,21.62485571766367,22.436635316627147,21.540118500492646,22.275634765625,14547500,0.0,0.0
2007-01-31 00:00:00-05:00,22.204454192876028,22.7094849903193,21.88245311831127,22.124801635742188,9656000,0.0,0.0
2007-02-01 00:00:00-05:00,22.362068844161094,23.0874175180977,22.362068844161094,22.97217559814453,13712000,0.0,0.0
2007-02-02 00:00:00-05:00,23.387390214257596,24.197474638330572,23.387390214257596,24.14493751525879,24137500,0.0,0.0
2007-02-05 00:00:00-05:00,24.183908371387087,24.40422285572379,23.75344385971732,24.33643341064453,12920500,0.0,0.0
2007-02-06 00:00:00-05:00,24.40422620142295,24.40422620142295,23.373825848464236,24.211027145385742,17735000,0.0,0.0
2007-02-07 00:00:00-05:00,23.811062500619542,25.099063404870353,23.387378120239223,25.09058952331543,26554500,0.0,0.0
2007-02-08 00:00:00-05:00,25.210925611009593,26.785337197157002,24.861808993269868,25.76849365234375,36817500,0.0,0.0
2007-02-09 00:00:00-05:00,25.505807488585972,26.234543737132004,24.599122907750107,25.312606811523438,24867500,0.0,0.0
2007-02-12 00:00:00-05:00,25.21770369417184,25.285493155060948,24.17035547288676,24.331356048583984,17914000,0.0,0.0
2007-02-13 00:00:00-05:00,24.534722445417284,25.632912269424935,24.49743767926621,25.566818237304688,20974500,0.0,0.0
2007-02-14 00:00:00-05:00,25.590541396950613,26.18369865652915,25.124487532751854,25.699003219604492,18046500,0.0,0.0
2007-02-15 00:00:00-05:00,25.843059217431957,26.49383993181752,25.67528019330789,26.281997680664062,16693000,0.0,0.0
2007-02-16 00:00:00-05:00,26.251488667469545,26.83108901977539,25.861699741339415,26.83108901977539,18762500,0.0,0.0
2007-02-20 00:00:00-05:00,27.031065327247813,27.94283598467902,26.703981230714817,27.55474090576172,24665500,0.0,0.0
2007-02-21 00:00:00-05:00,27.72591405272158,28.302125217567102,27.453059198320798,27.769975662231445,27973500,0.0,0.0
2007-02-22 00:00:00-05:00,27.919119239275137,27.98012862614399,27.03785458196588,27.214107513427734,21925500,0.0,0.0
2007-02-23 00:00:00-05:00,27.141224383501818,27.793698813599867,26.98022545885,27.444583892822266,21161500,0.0,0.0
2007-02-26 00:00:00-05:00,27.64965058006135,27.959785349494698,26.448080377014282,26.642974853515625,21256500,0.0,0.0
2007-02-27 00:00:00-05:00,25.81085410371446,26.02778096647855,24.25339073098612,24.502517700195312,33598500,0.0,0.0
2007-02-28 00:00:00-05:00,24.62623531431497,25.590541540567976,23.844960435102475,25.55156135559082,42330500,0.0,0.0
2007-03-01 00:00:00-05:00,24.65844303600015,25.990507790672428,24.17544287032625,25.51936912536621,35373500,0.0,0.0
2007-03-02 00:00:00-05:00,25.08212149645359,25.33633153752868,23.334846471177737,23.48567771911621,53064500,0.0,0.0
2007-03-05 00:00:00-05:00,23.028098284708115,24.107646431509583,22.751855835644328,23.23655128479004,41687000,0.0,0.0
2007-03-06 00:00:00-05:00,24.150008557156315,24.402524720560876,23.473808033099886,24.138145446777344,40535500,0.0,0.0
2007-03-07 00:00:00-05:00,23.836490406317704,23.975460170270715,21.828226684730204,21.87906837463379,63662500,0.0,0.0
2007-03-08 00:00:00-05:00,22.21801791287694,23.12978727392189,21.777387195472347,22.262081146240234,68043000,0.0,0.0
2007-03-09 00:00:00-05:00,22.675589230507704,22.79252653839673,21.582482705198114,22.20106315612793,38464500,0.0,0.0
2007-03-12 00:00:00-04:00,22.048544926933527,22.938281857920696,21.955333806385568,22.785755157470703,25969000,0.0,0.0
2007-03-13 00:00:00-04:00,22.785750249808537,22.836593549826645,21.743486842857145,21.863813400268555,28272500,0.0,0.0
2007-03-14 00:00:00-04:00,21.946855547742853,22.52306669407185,21.187613043838954,22.35867691040039,39105500,0.0,0.0
2007-03-15 00:00:00-04:00,22.470535036692922,22.624757167341652,21.407934358121953,21.709598541259766,58280000,0.0,0.0
2007-03-16 00:00:00-04:00,21.88584423610731,22.20106687826183,21.209645153644328,21.4180965423584,25297000,0.0,0.0
2007-03-19 00:00:00-04:00,21.667216545057418,22.11632252017019,21.570616245544635,21.690942764282227,24511000,0.0,0.0
2007-03-20 00:00:00-04:00,21.690955432822882,22.370545539097172,21.618081309972982,22.012956619262695,23353500,0.0,0.0
2007-03-21 00:00:00-04:00,22.158705899796903,22.497653281683764,21.79772770579598,21.989233016967773,22885000,0.0,0.0
2007-03-22 00:00:00-04:00,22.179038442118305,22.179038442118305,21.490974506394256,21.567237854003906,22048000,0.0,0.0
2007-03-23 00:00:00-04:00,21.574011066412865,21.633328246077053,20.887642721148982,20.9401798248291,22125500,0.0,0.0
2007-03-26 00:00:00-04:00,20.930013562326934,21.167275832250084,20.238560516984613,20.480907440185547,26903500,0.0,0.0
2007-03-27 00:00:00-04:00,20.547000341544425,21.119822220524366,20.404642987394244,20.835105895996094,29486000,0.0,0.0
2007-03-28 00:00:00-04:00,20.677505029729833,21.202873065465138,20.51650441790126,20.669031143188477,27576000,0.0,0.0
2007-03-29 00:00:00-04:00,20.919845363380958,21.21812025597377,20.574119630519206,20.840192794799805,23543500,0.0,0.0
2007-03-30 00:00:00-04:00,20.99441043524975,21.09948464110811,20.599536876108324,20.711389541625977,15906000,0.0,0.0
2007-04-02 00:00:00-04:00,20.93678782169567,21.67569317276539,20.43175546351461,21.670608520507812,26489500,0.0,0.0
2007-04-03 00:00:00-04:00,21.58248176650609,21.58248176650609,20.936787507454024,20.955429077148438,28036500,0.0,0.0
2007-04-04 00:00:00-04:00,20.911368065003646,21.48418991217867,20.802904632337597,21.335052490234375,19219000,0.0,0.0
2007-04-05 00:00:00-04:00,21.3384389780368,22.048535043723486,21.318103602238534,21.84177589416504,18533500,0.0,0.0
2007-04-09 00:00:00-04:00,22.029892644506273,22.35189368288552,21.67569311851677,21.77737808227539,15037500,0.0,0.0
2007-04-10 00:00:00-04:00,21.912959754790123,22.175643655055875,21.546895454739726,21.68416976928711,12485000,0.0,0.0
2007-04-11 00:00:00-04:00,21.745183465837812,21.80619284326104,21.304551205402944,21.514698028564453,11471500,0.0,0.0
2007-04-12 00:00:00-04:00,21.35370059553227,21.70959565933208,21.14524756464876,21.465553283691406,9093500,0.0,0.0
2007-04-13 00:00:00-04:00,21.538427815659876,22.11463907971232,21.523175468783823,21.996007919311523,15680500,0.0,0.0
2007-04-16 00:00:00-04:00,22.102766476526682,22.404430518642222,21.92990284826334,22.033283233642578,13721500,0.0,0.0
2007-04-17 00:00:00-04:00,22.13158353713755,22.56204649720666,22.034983199745326,22.2315731048584,16323500,0.0,0.0
2007-04-18 00:00:00-04:00,22.307841725809684,22.484094674453782,21.989231372289268,22.184125900268555,9495500,0.0,0.0
2007-04-19 00:00:00-04:00,21.98921919680169,22.234955288139457,21.746870718490793,21.980745315551758,8830500,0.0,0.0
2007-04-20 00:00:00-04:00,22.268856062241152,22.895908876493767,22.209538879509658,22.68067741394043,22640500,0.0,0.0
2007-04-23 00:00:00-04:00,22.638300652093594,22.860312118943966,22.311216622771184,22.429847717285156,13640000,0.0,0.0
2007-04-24 00:00:00-04:00,22.58916230518086,22.885740145150518,22.03159273358189,22.05870819091797,10952000,0.0,0.0
2007-04-25 00:00:00-04:00,22.260383812331703,22.345121034794822,21.916351885140237,22.118024826049805,10677000,0.0,0.0
2007-04-26 00:00:00-04:00,22.201070117276974,22.226490154804022,21.836701161259167,21.890932083129883,7902000,0.0,0.0
2007-04-27 00:00:00-04:00,21.91295885247293,21.955326648238728,21.39606333974558,21.482494354248047,6884000,0.0,0.0
2007-04-30 00:00:00-04:00,22.285804158900994,22.412910802484582,21.463856806856025,21.52317237854004,18370500,0.0,0.0
2007-05-01 00:00:00-04:00,21.741794803036168,21.743488610104315,20.680888120026218,20.84866714477539,18699500,0.0,0.0
2007-05-02 00:00:00-04:00,21.353701773679514,22.20107086602825,21.268964541198983,21.567237854003906,26203000,0.0,0.0
2007-05-03 00:00:00-04:00,22.014646558698498,22.86879564826479,21.984141869017893,22.83659553527832,28523500,0.0,0.0
2007-05-04 00:00:00-04:00,23.043348371040334,23.575496220732383,23.043348371040334,23.455169677734375,25054500,0.0,0.0
2007-05-07 00:00:00-04:00,23.468732794606275,23.536522254852226,22.89082776722666,23.24163818359375,12755000,0.0,0.0
2007-05-08 00:00:00-04:00,23.075552776765683,23.123005233623992,22.626446627426827,22.828121185302734,11664000,0.0,0.0
2007-05-09 00:00:00-04:00,22.70949188299058,23.595841202343475,22.624756263549813,23.311124801635742,15489500,0.0,0.0
2007-05-10 00:00:00-04:00,23.311120437748535,24.043247495557804,22.79422485153634,22.853540420532227,27724500,0.0,0.0
2007-05-11 00:00:00-04:00,23.346702096147524,23.875460622153547,22.99758564122393,23.819534301757812,20855500,0.0,0.0
2007-05-14 00:00:00-04:00,23.729720157226378,24.150015407886432,23.4805931523696,23.52296257019043,13759500,0.0,0.0
2007-05-15 00:00:00-04:00,23.47380765406988,23.88393509122495,23.068766485001976,23.27213478088379,14527500,0.0,0.0
2007-05-16 00:00:00-04:00,23.387386577464035,23.680575227393053,23.141648772191754,23.355186462402344,12683000,0.0,0.0
2007-05-17 00:00:00-04:00,23.32128507791224,23.783949688019685,23.300948083169725,23.692432403564453,10998000,0.0,0.0
2007-05-18 00:00:00-04:00,23.782252912348582,23.97545354329975,23.53143214642745,23.587358474731445,8733500,0.0,0.0
2007-05-21 00:00:00-04:00,23.590757270202477,24.99569450661544,23.590757270202477,24.756736755371094,32772500,0.0,0.0
2007-05-22 00:00:00-04:00,24.995687169311875,25.810855961985634,24.926203914990428,25.6583309173584,28536000,0.0,0.0
2007-05-23 00:00:00-04:00,25.988807600493967,25.990503023794638,24.99060733343104,25.161775588989258,19912500,0.0,0.0
2007-05-24 00:00:00-04:00,25.082117855960693,25.312601636181757,23.917832610421193,24.092390060424805,22277500,0.0,0.0
2007-05-25 00:00:00-04:00,24.42116738372446,24.682157439984707,24.249999178806867,24.571998596191406,11151000,0.0,0.0
2007-05-29 00:00:00-04:00,24.57200336810962,25.185499257685976,24.558446447994847,25.039751052856445,9967500,0.0,0.0
2007-05-30 00:00:00-04:00,24.912646894733008,25.49055346455103,24.35168970809757,25.20244789123535,14848500,0.0,0.0
2007-05-31 00:00:00-04:00,25.226174045837006,25.421068516569317,24.32796179456739,24.56353187561035,16595000,0.0,0.0
2007-06-01 00:00:00-04:00,24.780461059779135,25.073651331837087,24.229671478271484,24.229671478271484,10280000,0.0,0.0
2007-06-04 00:00:00-04:00,24.09239394096628,25.365142822265625,24.03477379474408,25.365142822265625,17614000,0.0,0.0
2007-06-05 00:00:00-04:00,25.365144640174663,25.658334894428954,24.84485978252124,25.21092414855957,16010500,0.0,0.0
2007-06-06 00:00:00-04:00,24.91434834339229,26.265054664758804,24.788937100317277,25.92780113220215,26034000,0.0,0.0
2007-06-07 00:00:00-04:00,26.056592960529933,26.343003084894185,24.74317184803502,24.863496780395508,25722500,0.0,0.0
2007-06-08 00:00:00-04:00,24.612674349928803,25.005854077261024,24.08222193397392,24.680463790893555,17046000,0.0,0.0
2007-06-11 00:00:00-04:00,24.912650791052396,25.534620682491113,24.631325250256257,25.283798217773438,14819000,0.0,0.0
2007-06-12 00:00:00-04:00,25.287181846061497,25.797298931054495,24.917729924644533,25.24820327758789,17150000,0.0,0.0
2007-06-13 00:00:00-04:00,25.304136512918067,25.505811102592094,24.75843155677788,25.044841766357422,11840500,0.0,0.0
2007-06-14 00:00:00-04:00,25.160089389990603,26.39555401463929,25.141447807989405,26.249807357788086,23469500,0.0,0.0
2007-06-15 00:00:00-04:00,26.732802472913374,27.153096204591915,26.285391661064004,26.604001998901367,20109500,0.0,0.0
2007-06-18 00:00:00-04:00,26.649751911824865,26.90396192923197,25.819329181424045,26.17183494567871,11184500,0.0,0.0
2007-06-19 00:00:00-04:00,26.270131677297787,26.853121255621794,26.098961825417994,26.488752365112305,13176500,0.0,0.0
2007-06-20 00:00:00-04:00,26.522654215042785,27.534413204816886,26.319285809412936,26.793813705444336,22681500,0.0,0.0
2007-06-21 00:00:00-04:00,26.819225913932588,27.083605248912683,26.439604677706075,26.870067596435547,15128500,0.0,0.0
2007-06-22 00:00:00-04:00,27.048018567108183,27.324259426127004,26.056596771635842,26.356565475463867,14029500,0.0,0.0
2007-06-25 00:00:00-04:00,26.395547176177306,26.810757841771395,25.132967409478145,25.292272567749023,15367500,0.0,0.0
2007-06-26 00:00:00-04:00,25.58038293678492,25.888825618332056,24.388981643248457,24.66861343383789,16448500,0.0,0.0
2007-06-27 00:00:00-04:00,24.488961450228814,25.599014282226562,23.938171975801104,25.599014282226562,18674500,0.0,0.0
2007-06-28 00:00:00-04:00,25.70070274699484,25.758324513681128,25.12957619886475,25.216007232666016,10689000,0.0,0.0
2007-06-29 00:00:00-04:00,25.2346461529875,25.576982616000826,24.7465614908088,25.056697845458984,7807500,0.0,0.0
2007-07-02 00:00:00-04:00,25.2837889156666,25.28548433849467,24.497431120295268,24.575389862060547,9290000,0.0,0.0
2007-07-03 00:00:00-04:00,24.763506668824817,25.319379103312233,24.62623236686051,25.231252670288086,7011500,0.0,0.0
2007-07-05 00:00:00-04:00,25.344810784238945,25.800695470919013,24.96518944926498,25.727821350097656,8780000,0.0,0.0
2007-07-06 00:00:00-04:00,26.249789123192183,26.57178853021503,25.843050903495435,26.453157424926758,13564000,0.0,0.0
2007-07-09 00:00:00-04:00,26.734487027308216,27.148002153938084,26.331139590052004,26.570098876953125,16006000,0.0,0.0
2007-07-10 00:00:00-04:00,26.571789149069755,26.753126656714528,26.01422132500158,26.392147064208984,11336500,0.0,0.0
2007-07-11 00:00:00-04:00,26.607383285909506,28.369910543140726,26.217594365513836,28.31398582458496,30740500,0.0,0.0
2007-07-12 00:00:00-04:00,28.586840483536974,29.225758076697122,28.047912457704182,28.63937759399414,31852000,0.0,0.0
2007-07-13 00:00:00-04:00,28.50888630368073,28.64107438087026,28.06486314539191,28.320770263671875,10136000,0.0,0.0
2007-07-16 00:00:00-04:00,28.50548931897683,29.51386038016955,28.374995077105165,28.807151794433594,18600000,0.0,0.0
2007-07-17 00:00:00-04:00,29.01899179384863,29.195244666935523,28.276697158813477,28.276697158813477,11554500,0.0,0.0
2007-07-18 00:00:00-04:00,27.96486188779894,28.102137794226042,27.34458929647393,27.612356185913086,14302500,0.0,0.0
2007-07-19 00:00:00-04:00,27.947931605729895,28.047921204238257,27.144627202519413,27.344606399536133,11096000,0.0,0.0
2007-07-20 00:00:00-04:00,27.310701267977635,27.985208177395215,27.059880455952722,27.15648078918457,14838500,0.0,0.0
2007-07-23 00:00:00-04:00,27.3547586738004,27.400514076943605,26.200641258332357,26.453157424926758,9199000,0.0,0.0
2007-07-24 00:00:00-04:00,26.056598946692905,26.281999753256663,24.678777302009806,25.04653549194336,12304000,0.0,0.0
2007-07-25 00:00:00-04:00,25.1583797588394,25.707473724731624,23.85343105001894,24.361852645874023,19783000,0.0,0.0
2007-07-26 00:00:00-04:00,24.065282014600218,25.019419151676278,23.878861395233738,24.800798416137695,18468000,0.0,0.0
2007-07-27 00:00:00-04:00,24.800792709876035,26.24640514183294,24.517771807111792,25.6583309173584,19105000,0.0,0.0
2007-07-30 00:00:00-04:00,26.090488600313797,26.520951500174366,25.763402867815312,26.505699157714844,12105000,0.0,0.0
2007-07-31 00:00:00-04:00,26.57518447494061,26.92260561355784,25.456657724638507,25.612573623657227,11519500,0.0,0.0
2007-08-01 00:00:00-04:00,25.46682683834321,25.68375211029694,24.57369925181071,25.42106819152832,14575000,0.0,0.0
2007-08-02 00:00:00-04:00,25.50410608889663,26.071843256413846,24.83637937591017,25.790517807006836,10473000,0.0,0.0
2007-08-03 00:00:00-04:00,25.848151170758904,26.809068552781348,25.421077317491783,26.092193603515625,14670000,0.0,0.0
2007-08-06 00:00:00-04:00,25.92948830855112,26.47688853288419,25.209224430158166,26.027782440185547,11525000,0.0,0.0
2007-08-07 00:00:00-04:00,26.114211175414653,26.802273226555748,25.810851710528073,26.581958770751953,9497500,0.0,0.0
2007-08-08 00:00:00-04:00,26.841256601429066,27.49372939743035,26.748045509331238,27.09546661376953,9403500,0.0,0.0
2007-08-09 00:00:00-04:00,26.598912533097227,27.868272232739578,26.066764578483504,26.09896469116211,13842500,0.0,0.0
2007-08-10 00:00:00-04:00,25.965078599326556,26.43791093480957,25.131268216102484,25.599014282226562,14760000,0.0,0.0
2007-08-13 00:00:00-04:00,25.887113305978502,26.082009336572252,24.82790242412623,24.912639617919922,11508500,0.0,0.0
2007-08-14 00:00:00-04:00,24.90078515428872,25.199060050717012,23.94664812607604,24.255090713500977,11763000,0.0,0.0
2007-08-15 00:00:00-04:00,24.02291281551127,24.107650043491528,22.53154309823452,22.709489822387695,16322500,0.0,0.0
2007-08-16 00:00:00-04:00,22.031592763533908,22.160393206340412,19.870802581293905,21.946855545043945,33833500,0.0,0.0
2007-08-17 00:00:00-04:00,22.70948216409011,23.04843096170777,21.812967152153373,22.63152503967285,17319500,0.0,0.0
2007-08-20 00:00:00-04:00,22.70948362955532,23.59922185637588,22.667115835232902,23.331453323364258,16705500,0.0,0.0
2007-08-21 00:00:00-04:00,23.217902634661726,23.33145070270884,22.38070321745112,22.907766342163086,13357500,0.0,0.0
2007-08-22 00:00:00-04:00,23.604310898590786,24.40253199355958,23.438225687557136,23.528047561645508,13559500,0.0,0.0
2007-08-23 00:00:00-04:00,23.96359938448376,24.212724820583997,23.31112477176456,23.65007209777832,8847000,0.0,0.0
2007-08-24 00:00:00-04:00,23.55685224968061,24.166958826701023,23.353483929416385,24.15001106262207,4773500,0.0,0.0
2007-08-27 00:00:00-04:00,24.107651804690644,24.28729396534313,23.6009238231652,23.756839752197266,4764000,0.0,0.0
2007-08-28 00:00:00-04:00,23.43314128395889,23.556857077882047,22.70948809499092,22.862014770507812,6619500,0.0,0.0
2007-08-29 00:00:00-04:00,23.099270035420968,23.799196734745756,22.951828068514146,23.661922454833984,7146000,0.0,0.0
2007-08-30 00:00:00-04:00,23.322987840341558,24.17883084692864,23.217913603811045,23.68396759033203,5905500,0.0,0.0
2007-08-31 00:00:00-04:00,24.1025684422195,24.773684657557673,23.89581080809493,24.721147537231445,7788000,0.0,0.0
2007-09-04 00:00:00-04:00,24.55166711341177,25.41937138651226,24.383886495030108,25.055004119873047,8339500,0.0,0.0
2007-09-05 00:00:00-04:00,24.743173136320358,24.82451950540956,23.755140664253194,23.877161026000977,10422500,0.0,0.0
2007-09-06 00:00:00-04:00,24.08222341258814,24.116117327037674,23.08232788479506,23.39924430847168,10293500,0.0,0.0
2007-09-07 00:00:00-04:00,22.943358455283438,23.048432654913075,22.306136414475905,22.512895584106445,8636500,0.0,0.0
2007-09-10 00:00:00-04:00,22.721346613589947,22.907768786507667,22.00616745304481,22.395957946777344,9353500,0.0,0.0
2007-09-11 00:00:00-04:00,22.472222944493385,22.845064085669936,22.184117397802865,22.277328491210938,6996500,0.0,0.0
2007-09-12 00:00:00-04:00,22.31291736058374,22.63830604482736,21.997694749395226,22.26885414123535,6708500,0.0,0.0
2007-09-13 00:00:00-04:00,22.416304569224614,22.46036780513955,21.777388456572233,21.873987197875977,8581000,0.0,0.0
2007-09-14 00:00:00-04:00,21.574010691601107,21.84686389489562,21.455379566789517,21.643495559692383,7044500,0.0,0.0
2007-09-17 00:00:00-04:00,21.662136105884382,21.841778207617374,21.302851902418393,21.438430786132812,7203500,0.0,0.0
2007-09-18 00:00:00-04:00,21.641805247168826,23.197573505101104,21.299467120509338,22.989120483398438,12521500,0.0,0.0
2007-09-19 00:00:00-04:00,23.42974822486499,23.641590435969064,22.116327162510856,22.30274772644043,10466000,0.0,0.0
2007-09-20 00:00:00-04:00,22.184116955983857,23.494148809328987,22.079042752142175,22.943359375,12541500,0.0,0.0
2007-09-21 00:00:00-04:00,23.217914617675934,23.367052093822487,22.76880999809538,22.956924438476562,8703000,0.0,0.0
2007-09-24 00:00:00-04:00,22.887436867846567,24.039859224228856,22.667120734054183,24.033079147338867,14509500,0.0,0.0
2007-09-25 00:00:00-04:00,24.74147857448792,25.785437418745502,24.726226230766983,25.615962982177734,97137000,0.0,0.0
2007-09-26 00:00:00-04:00,25.929488982400176,26.161668206086024,25.573593975370507,25.743066787719727,18728000,0.0,0.0
2007-09-27 00:00:00-04:00,25.83967407771572,26.173538371755512,25.548179210350924,25.837980270385742,11038000,0.0,0.0
2007-09-28 00:00:00-04:00,25.748151440796303,25.843056345010098,25.47868907115671,25.743066787719727,8265000,0.0,0.0
2007-10-01 00:00:00-04:00,25.81763917727483,26.402324242902495,25.719343415949353,26.09896469116211,7522500,0.0,0.0
2007-10-02 00:00:00-04:00,26.35995678614354,26.98700970220423,26.132862173418506,26.209125518798828,12032000,0.0,0.0
2007-10-03 00:00:00-04:00,26.185391703062212,26.204033274096233,25.72611795663323,26.024391174316406,7341500,0.0,0.0
2007-10-04 00:00:00-04:00,25.97355314815561,26.298941864775177,25.753237029492364,26.132858276367188,5962000,0.0,0.0
2007-10-05 00:00:00-04:00,26.38876769975724,26.89549404069361,26.231156354802998,26.736188888549805,7926500,0.0,0.0
2007-10-08 00:00:00-04:00,26.78194469779417,27.669986055505618,26.778553851318716,27.3140926361084,6865500,0.0,0.0
2007-10-09 00:00:00-04:00,27.60558342438086,27.724214553833008,27.00564770098863,27.724214553833008,8712500,0.0,0.0
2007-10-10 00:00:00-04:00,27.705575205870705,28.04621789491326,27.35984786337819,27.573387145996094,5726500,0.0,0.0
2007-10-11 00:00:00-04:00,27.946225284492947,27.963173049993692,25.951518862681127,26.505699157714844,9149500,0.0,0.0
2007-10-12 00:00:00-04:00,26.632802428023734,27.453054183491222,26.266738151751152,27.334423065185547,6226000,0.0,0.0
2007-10-15 00:00:00-04:00,27.337816162807282,27.498815089132496,26.459940966353166,26.66500473022461,5385500,0.0,0.0
2007-10-16 00:00:00-04:00,26.583663062045098,26.583663062045098,25.90576843168184,26.337926864624023,5582000,0.0,0.0
2007-10-17 00:00:00-04:00,26.607384846068705,27.027680093136,26.310805388770234,26.776859283447266,7133000,0.0,0.0
2007-10-18 00:00:00-04:00,26.607385739535708,27.708966387031015,26.419269721895283,27.434417724609375,8013500,0.0,0.0
2007-10-19 00:00:00-04:00,27.79200718953497,28.28178569416751,27.236131424078863,27.785228729248047,18446000,0.0,0.0
2007-10-22 00:00:00-04:00,27.590334214928987,27.963175389775156,26.924301197825514,27.341205596923828,11301500,0.0,0.0
2007-10-23 00:00:00-04:00,27.69880858309986,28.685147730066976,27.542894228796168,28.561431884765625,11430000,0.0,0.0
2007-10-24 00:00:00-04:00,28.447864098472778,29.822297685324916,28.132644741634177,29.739255905151367,19712000,0.0,0.0
2007-10-25 00:00:00-04:00,29.130850623919873,29.554535131749603,28.354663527716273,28.583450317382812,15684000,0.0,0.0
2007-10-26 00:00:00-04:00,29.057986290286898,29.146112770243285,28.471605628950723,28.852922439575195,7579500,0.0,0.0
2007-10-29 00:00:00-04:00,28.8783315770258,29.6036784496488,28.781729641651403,29.324045181274414,6518500,0.0,0.0
2007-10-30 00:00:00-04:00,29.2172740094191,29.708749434270295,28.92239004749048,28.96645164489746,7880000,0.0,0.0
2007-10-31 00:00:00-04:00,29.293541518758015,30.200225949249475,29.030856005898958,30.164636611938477,10199000,0.0,0.0
2007-11-01 00:00:00-04:00,29.82738750254383,29.979914171199667,28.959679944638964,29.203723907470703,9550000,0.0,0.0
2007-11-02 00:00:00-04:00,29.546057144088724,29.698583795976482,28.50718145800484,29.595203399658203,6869500,0.0,0.0
2007-11-05 00:00:00-05:00,29.149498883016737,29.95449695724131,28.77665440320916,29.622329711914062,8265500,0.0,0.0
2007-11-06 00:00:00-05:00,29.335908505796873,30.403595060562264,29.335908505796873,30.22395133972168,9124000,0.0,0.0
2007-11-07 00:00:00-05:00,29.827391013814008,30.513757871108158,29.357947839076257,29.388452529907227,7693000,0.0,0.0
2007-11-08 00:00:00-05:00,29.349468490021092,29.773152910065548,27.76997108434129,28.988487243652344,11280500,0.0,0.0
2007-11-09 00:00:00-05:00,28.430919138126274,28.941036213377853,27.880131304557377,28.037742614746094,7908000,0.0,0.0
2007-11-12 00:00:00-05:00,28.110627641423907,28.361450157709307,27.327658626446574,27.344606399536133,8169000,0.0,0.0
2007-11-13 00:00:00-05:00,27.353070491979036,28.454652786254883,27.353070491979036,28.454652786254883,6291500,0.0,0.0
2007-11-14 00:00:00-05:00,28.569888477460243,29.573174848442115,28.527520680462185,29.003742218017578,9078000,0.0,0.0
2007-11-15 00:00:00-05:00,29.122386861372565,29.437609623681265,28.56481708457864,29.23423957824707,7407500,0.0,0.0
2007-11-16 00:00:00-05:00,29.37319684812823,29.664690017700195,29.02238488158126,29.664690017700195,7449000,0.0,0.0
2007-11-19 00:00:00-05:00,29.595208085402657,31.272998289353183,29.5714818572394,30.547651290893555,14686000,0.0,0.0
2007-11-20 00:00:00-05:00,30.33580251601907,30.588318703894927,27.990287581760406,28.742748260498047,13777000,0.0,0.0
2007-11-21 00:00:00-05:00,28.0275826370129,28.697005052064736,27.53102554839323,27.99707794189453,7301500,0.0,0.0
2007-11-23 00:00:00-05:00,28.239414359521287,28.588529264034396,27.963171934544334,28.47159194946289,2426000,0.0,0.0
2007-11-26 00:00:00-05:00,28.639375165356277,28.920702268633498,27.624225617407156,27.690322875976562,7746500,0.0,0.0
2007-11-27 00:00:00-05:00,27.800480081204963,28.041133205304206,26.448080249906646,27.19546127319336,10961000,0.0,0.0
2007-11-28 00:00:00-05:00,27.39036351381874,28.74445915222168,27.285289266083147,28.74445915222168,7879000,0.0,0.0
2007-11-29 00:00:00-05:00,28.451257665078142,28.974931658210526,28.207213721165864,28.674962997436523,5944000,0.0,0.0
2007-11-30 00:00:00-05:00,29.344382610396213,29.344382610396213,27.834370133373003,28.295337677001953,6684000,0.0,0.0
2007-12-03 00:00:00-05:00,28.29364395610852,28.29364395610852,27.444581342214487,27.578466415405273,6235500,0.0,0.0
2007-12-04 00:00:00-05:00,27.454758623473648,28.119093065066316,27.454758623473648,27.549663543701172,5644500,0.0,0.0
2007-12-05 00:00:00-05:00,27.749639446445073,29.139324014308183,27.658122151240104,29.064754486083984,8251500,0.0,0.0
2007-12-06 00:00:00-05:00,29.181686443851753,29.65790794124511,28.612253861450185,29.627403259277344,4878000,0.0,0.0
2007-12-07 00:00:00-05:00,29.45792754617534,30.079897199214972,29.31895782815337,29.751117706298828,3963500,0.0,0.0
2007-12-10 00:00:00-05:00,30.07313495366916,30.368019079346656,29.71723820141413,29.881628036499023,3524000,0.0,0.0
2007-12-11 00:00:00-05:00,30.166330823460342,30.674754090739004,28.900362156839343,29.008827209472656,6023000,0.0,0.0
2007-12-12 00:00:00-05:00,29.764675031454562,30.159548543185846,29.056275979047996,29.688411712646484,6768500,0.0,0.0
2007-12-13 00:00:00-05:00,29.39693286440881,30.742552956172617,29.37320663069926,30.64426040649414,8090500,0.0,0.0
2007-12-14 00:00:00-05:00,30.310385029861433,32.3915240718142,30.310385029861433,31.476364135742188,10570000,0.0,0.0
2007-12-17 00:00:00-05:00,31.63228245743402,31.91699716539058,30.505280273527678,30.559511184692383,6330500,0.0,0.0
2007-12-18 00:00:00-05:00,30.84252823546667,31.23232033585597,29.71044477235089,30.145992279052734,6463500,0.0,0.0
2007-12-19 00:00:00-05:00,30.39682065433135,31.65431393807057,29.9900807099764,31.500093460083008,8387000,0.0,0.0
2007-12-20 00:00:00-05:00,31.8390521870402,32.015305139973606,31.05777701620158,31.917009353637695,5364500,0.0,0.0
2007-12-21 00:00:00-05:00,32.40339372639268,32.40339372639268,31.276391344152824,31.598392486572266,8734000,0.0,0.0
2007-12-24 00:00:00-05:00,31.671268360894434,32.71183820292994,31.356048878345497,32.649131774902344,2949500,0.0,0.0
2007-12-26 00:00:00-05:00,32.45423830574372,33.03384044256068,32.11529257992033,32.96266174316406,3492500,0.0,0.0
2007-12-27 00:00:00-05:00,32.75082303307671,32.852506438695336,32.116989898724384,32.137325286865234,3250000,0.0,0.0
2007-12-28 00:00:00-05:00,32.33559786771896,32.623703429904666,31.891578027504043,32.10342025756836,3374000,0.0,0.0
2007-12-31 00:00:00-05:00,32.06274209620224,32.840626043227864,31.923772370085565,32.62369918823242,2997000,0.0,0.0
2008-01-02 00:00:00-05:00,32.8558809465377,32.8558809465377,31.317060620888228,31.43738555908203,6564500,0.0,0.0
2008-01-03 00:00:00-05:00,31.666176987670543,31.671261641021694,30.278186223679672,30.48833465576172,8596000,0.0,0.0
2008-01-04 00:00:00-05:00,29.829091323556227,30.196851198208527,28.673281039563157,28.944438934326172,7218500,0.0,0.0
2008-01-07 00:00:00-05:00,29.149491218138497,29.47318610947099,27.05818282445405,27.819122314453125,12436500,0.0,0.0
2008-01-08 00:00:00-05:00,28.05469496124896,29.612157047739966,27.925894508178683,27.980125427246094,11479000,0.0,0.0
2008-01-09 00:00:00-05:00,27.771662836408883,28.593611584869663,26.537896042869242,27.595413208007812,10655500,0.0,0.0
2008-01-10 00:00:00-05:00,27.285282660989207,29.82738968097349,27.2581655856532,29.400314331054688,10333000,0.0,0.0
2008-01-11 00:00:00-05:00,29.14949983173244,29.76638187884615,28.569897708373517,29.339309692382812,6809000,0.0,0.0
2008-01-14 00:00:00-05:00,29.235936865067536,29.65792773927704,28.797001448141135,29.229158401489258,5867000,0.0,0.0
2008-01-15 00:00:00-05:00,28.837663830397506,29.207114189827955,27.541187028371827,27.678462982177734,7396500,0.0,0.0
2008-01-16 00:00:00-05:00,27.39205079737622,27.58694528177506,24.404226840705736,25.161775588989258,20562500,0.0,0.0
2008-01-17 00:00:00-05:00,25.199062185741667,25.419376722054967,22.15192243565794,22.192596435546875,18874000,0.0,0.0
2008-01-18 00:00:00-05:00,22.848464739403635,23.69244313030351,22.55696983775721,23.48907470703125,23960500,0.0,0.0
2008-01-22 00:00:00-05:00,21.84516835956081,24.06018906959002,21.501136508601498,23.365346908569336,13475500,0.0,0.0
2008-01-23 00:00:00-05:00,22.684070729022885,24.336439470350545,22.099385609486877,24.30254554748535,15194500,0.0,0.0
2008-01-24 00:00:00-05:00,24.44998997564829,25.73629607131935,24.065283973738058,25.51936912536621,13467000,0.0,0.0
2008-01-25 00:00:00-05:00,26.21758929438393,26.21758929438393,24.514377931331936,24.631315231323242,11116000,0.0,0.0
2008-01-28 00:00:00-05:00,25.84135887740198,25.870169752450607,22.929799015411355,23.768693923950195,23337500,0.0,0.0
2008-01-29 00:00:00-05:00,24.004269067646064,24.150017290345737,23.256889611046596,24.04663848876953,10225000,0.0,0.0
2008-01-30 00:00:00-05:00,23.751748833060045,24.57369601446034,23.222990218861504,23.44839096069336,10637000,0.0,0.0
2008-01-31 00:00:00-05:00,22.797613411478054,23.938172574562376,21.89262432669564,23.58905601501465,18802500,0.0,0.0
2008-02-01 00:00:00-05:00,23.556856169713754,24.085614860126697,22.755245866872755,22.955224990844727,12942000,0.0,0.0
2008-02-04 00:00:00-05:00,23.28569761071212,23.728025261590275,22.963698131187552,23.090803146362305,8993500,0.0,0.0
2008-02-05 00:00:00-05:00,22.71117882062643,23.275526756817214,21.104567638957434,21.12490463256836,18446500,0.0,0.0
2008-02-06 00:00:00-05:00,21.309634010691386,21.309634010691386,19.425084761329195,19.642011642456055,34800500,0.0,0.0
2008-02-07 00:00:00-05:00,20.774099641912724,22.480700805841142,20.658856109858323,22.097688674926758,35555000,0.0,0.0
2008-02-08 00:00:00-05:00,22.436636248186968,22.540015043261228,21.23506604683928,21.658750534057617,19474000,0.0,0.0
2008-02-11 00:00:00-05:00,22.018026662113844,22.475606515014498,21.392669469289235,22.0570068359375,10373000,0.0,0.0
2008-02-12 00:00:00-05:00,22.295972851230484,23.470425986865624,22.16208775064088,22.634920120239258,16474000,0.0,0.0
2008-02-13 00:00:00-05:00,23.011143848972722,23.422965076640068,22.672196702302113,23.33314323425293,9575000,0.0,0.0
2008-02-14 00:00:00-05:00,23.383995352051294,23.411110810782684,22.543404817781514,22.606109619140625,6911000,0.0,0.0
2008-02-15 00:00:00-05:00,22.475608470580198,22.541702481984156,21.86550356318923,22.43154525756836,6521500,0.0,0.0
2008-02-19 00:00:00-05:00,22.716260144820662,22.95182853538628,21.570616676245603,21.6214599609375,7202000,0.0,0.0
2008-02-20 00:00:00-05:00,21.428267521497148,22.823036828266776,21.023224593439263,22.762025833129883,10532000,0.0,0.0
2008-02-21 00:00:00-05:00,22.77219445108474,23.026404498784306,22.236657281182456,22.634920120239258,8291000,0.0,0.0
2008-02-22 00:00:00-05:00,22.684064638033316,22.794221878051758,21.779074028471182,22.794221878051758,6513000,0.0,0.0
2008-02-25 00:00:00-05:00,22.794223776683292,23.651762008666992,22.573907662067477,23.651762008666992,9711000,0.0,0.0
2008-02-26 00:00:00-05:00,23.461951654529862,23.719552543788154,22.83828804498666,22.96539306640625,8852500,0.0,0.0
2008-02-27 00:00:00-05:00,22.863706157617735,23.27213823265659,22.556959053715687,22.82133674621582,6506500,0.0,0.0
2008-02-28 00:00:00-05:00,22.61119359877076,22.878962180246788,22.12310889124129,22.70101547241211,6806500,0.0,0.0
2008-02-29 00:00:00-05:00,22.42985095529004,22.84506146225676,22.009557412272816,22.082429885864258,6983000,0.0,0.0
2008-03-03 00:00:00-05:00,22.084130970413565,23.22638401312056,22.082435547143625,22.528152465820312,10430500,0.0,0.0
2008-03-04 00:00:00-05:00,22.641695091567815,23.167064489740767,22.29766322207799,22.94166374206543,11051500,0.0,0.0
2008-03-05 00:00:00-05:00,23.21621195213368,24.448285022985008,23.05012676829375,23.19417953491211,24000000,0.0,0.0
2008-03-06 00:00:00-05:00,22.5010347487981,23.243329448107982,22.20784453717457,22.44510841369629,16007500,0.0,0.0
2008-03-07 00:00:00-05:00,22.11971518572794,23.104358285215834,21.701115439032286,22.35189437866211,16902500,0.0,0.0
2008-03-10 00:00:00-04:00,22.685763823445914,22.685763823445914,20.706310949957174,20.833415985107422,17830500,0.0,0.0
2008-03-11 00:00:00-04:00,21.379118803680647,23.343320755701424,21.077456302621755,23.267057418823242,15295000,0.0,0.0
2008-03-12 00:00:00-04:00,23.0009890041485,23.30095778116458,22.614589175674492,22.640010833740234,9163500,0.0,0.0
2008-03-13 00:00:00-04:00,22.223093978212585,23.70598937632023,21.43842996615086,23.434831619262695,17367500,0.0,0.0
2008-03-14 00:00:00-04:00,23.655152740260885,23.72633142421775,21.83500356472986,22.256994247436523,13357500,0.0,0.0
2008-03-17 00:00:00-04:00,21.216423871083745,21.811276589821308,18.684484710233704,20.74528694152832,25952500,0.0,0.0
2008-03-18 00:00:00-04:00,21.509611735290616,22.497642517089844,21.49605320001114,22.497642517089844,12385500,0.0,0.0
2008-03-19 00:00:00-04:00,22.53831369462799,22.53831369462799,20.692744980195762,20.76392364501953,10956500,0.0,0.0
2008-03-20 00:00:00-04:00,20.833411435494273,21.218117303718127,20.09281057683336,21.15880012512207,13361000,0.0,0.0
2008-03-24 00:00:00-04:00,21.05711779799216,22.189203040009815,21.028306918792953,21.58587646484375,7722000,0.0,0.0
2008-03-25 00:00:00-04:00,21.841781582895464,22.594245635150536,21.34352918905988,22.365455627441406,6619500,0.0,0.0
2008-03-26 00:00:00-04:00,22.202758472777422,23.109442889787406,21.768906355655353,22.682369232177734,8603000,0.0,0.0
2008-03-27 00:00:00-04:00,23.045046567939682,23.322984465852123,22.20615145305157,22.2315731048584,6927500,0.0,0.0
2008-03-28 00:00:00-04:00,22.231580031365443,22.68746478527757,21.86212633456017,21.989233016967773,5492000,0.0,0.0
2008-03-31 00:00:00-04:00,21.76890806430441,22.294275890991432,21.18761228545291,22.116329193115234,8754500,0.0,0.0
2008-04-01 00:00:00-04:00,22.473918012298462,23.575498580932617,22.370539223593557,23.575498580932617,7992500,0.0,0.0
2008-04-02 00:00:00-04:00,23.72633954108787,25.556657033530644,23.472129406781946,25.049930572509766,17975500,0.0,0.0
2008-04-03 00:00:00-04:00,24.948233277807507,25.58884456993474,24.33982370881303,25.293960571289062,7348500,0.0,0.0
2008-04-04 00:00:00-04:00,25.382090471014855,25.54648025770165,24.912647338622417,24.988910675048828,6847000,0.0,0.0
2008-04-07 00:00:00-04:00,25.285490260009524,25.829501308255303,25.134659009640558,25.40412139892578,5928000,0.0,0.0
2008-04-08 00:00:00-04:00,25.248199194799604,25.817631751960384,24.856714917836936,25.09058952331543,6957500,0.0,0.0
2008-04-09 00:00:00-04:00,25.107542013151154,25.36005825210742,24.510995470272462,24.807573318481445,6590000,0.0,0.0
2008-04-10 00:00:00-04:00,24.71945244562018,25.505810553613014,24.516082436784842,25.44818878173828,6884000,0.0,0.0
2008-04-11 00:00:00-04:00,25.02958082321799,25.756623118014197,24.838075608089675,25.06178092956543,7353000,0.0,0.0
2008-04-14 00:00:00-04:00,25.061790862301773,25.314307160519903,24.777074444974335,24.95502281188965,3237000,0.0,0.0
2008-04-15 00:00:00-04:00,25.2821036511664,25.456661147417638,24.760123353357145,25.119407653808594,4696000,0.0,0.0
2008-04-16 00:00:00-04:00,25.404123852109777,25.788829803466797,25.170250781915158,25.788829803466797,6141500,0.0,0.0
2008-04-17 00:00:00-04:00,25.654935049081075,26.861589563727946,25.621041140097045,26.641273498535156,14578500,0.0,0.0
2008-04-18 00:00:00-04:00,26.859900927972237,27.242913024996696,26.4785842541278,26.55145835876465,8342500,0.0,0.0
2008-04-21 00:00:00-04:00,26.637891095777036,27.271720770899588,26.44638423846337,27.03954315185547,6740500,0.0,0.0
2008-04-22 00:00:00-04:00,26.539595644684226,26.956501665532684,25.165163407431173,25.470216751098633,13014000,0.0,0.0
2008-04-23 00:00:00-04:00,25.59223967364689,26.097272194583237,25.33294495213593,25.670198440551758,5386000,0.0,0.0
2008-04-24 00:00:00-04:00,25.758324042706057,26.97853426616589,25.670197587166697,26.780250549316406,6968500,0.0,0.0
2008-04-25 00:00:00-04:00,26.925994352496303,27.41238361444219,26.45994208711474,27.20732307434082,7599000,0.0,0.0
2008-04-28 00:00:00-04:00,27.271725351470053,27.271725351470053,26.048125787583306,26.18878936767578,7923500,0.0,0.0
2008-04-29 00:00:00-04:00,26.275219395669886,26.32775651027576,25.59054633107264,25.7176513671875,6017000,0.0,0.0
2008-04-30 00:00:00-04:00,25.763407229531044,26.605693215764024,25.590545164087274,26.293861389160156,6207500,0.0,0.0
2008-05-01 00:00:00-04:00,26.353169281671057,27.115800857543945,25.976937337895492,27.115800857543945,8593500,0.0,0.0
2008-05-02 00:00:00-04:00,27.83776591856648,28.154682373214474,26.649754281605176,27.30561637878418,12450000,0.0,0.0
2008-05-05 00:00:00-04:00,27.298841088488135,27.79370430536389,26.94803067534125,27.549663543701172,5760000,0.0,0.0
2008-05-06 00:00:00-04:00,27.50390585128764,28.02080150911286,27.148009155548753,27.98859977722168,6423500,0.0,0.0
2008-05-07 00:00:00-04:00,27.988593242266752,28.349574507833545,27.005647081013667,27.071741104125977,5908500,0.0,0.0
2008-05-08 00:00:00-04:00,27.27171462354339,27.690317584668993,26.720926867905742,27.068347930908203,5463000,0.0,0.0
2008-05-09 00:00:00-04:00,27.00903361722951,27.09885385672963,26.368422364328012,26.532812118530273,5176500,0.0,0.0
2008-05-12 00:00:00-04:00,26.603992981774763,26.93955097692815,26.31419362970041,26.873456954956055,4712500,0.0,0.0
2008-05-13 00:00:00-04:00,27.11072215153635,27.43441706941051,26.703985437357186,27.234437942504883,4566000,0.0,0.0
2008-05-14 00:00:00-04:00,27.32764460591887,27.493728171546817,27.127665511502006,27.334423065185547,3974500,0.0,0.0
2008-05-15 00:00:00-04:00,27.253080088683653,27.683543039414126,26.776860105167284,26.946332931518555,5689000,0.0,0.0
2008-05-16 00:00:00-04:00,27.044624335871816,27.18189702835667,25.9735501687572,26.185392379760742,8131000,0.0,0.0
2008-05-19 00:00:00-04:00,26.26843628871251,27.146309887331153,25.760014617943458,25.89220428466797,6076000,0.0,0.0
2008-05-20 00:00:00-04:00,25.792218991399075,25.976945793979027,25.29905119836147,25.522756576538086,6173000,0.0,0.0
2008-05-21 00:00:00-04:00,25.592237978665462,25.815943340543413,24.236447269981973,24.287290573120117,7350000,0.0,0.0
2008-05-22 00:00:00-04:00,24.15679757017923,24.539808115097394,24.02799872245888,24.27034568786621,4996500,0.0,0.0
2008-05-23 00:00:00-04:00,24.348302293659366,24.361860832379726,23.548387298635905,24.18560791015625,5896500,0.0,0.0
2008-05-27 00:00:00-04:00,24.12289588072246,24.160179022641547,22.97725222927283,23.743274688720703,7331500,0.0,0.0
2008-05-28 00:00:00-04:00,23.82462083642546,24.31101164602195,23.21790510377788,23.590747833251953,6566500,0.0,0.0
2008-05-29 00:00:00-04:00,23.445005303951916,24.143238484799944,23.277226277645703,23.96359634399414,6249000,0.0,0.0
2008-05-30 00:00:00-04:00,23.91275388911012,24.15001780376115,23.214522299678606,23.421279907226562,6490000,0.0,0.0
2008-06-02 00:00:00-04:00,22.91624276411066,23.32975786662312,22.546789262542088,22.734905242919922,9554000,0.0,0.0
2008-06-03 00:00:00-04:00,22.723047712142325,22.963700850895364,21.81466769263003,22.392574310302734,11198500,0.0,0.0
2008-06-04 00:00:00-04:00,22.109555725223448,22.587472858217293,21.782471495010867,21.873987197875977,8877000,0.0,0.0
2008-06-05 00:00:00-04:00,22.101076388006746,23.155202865600586,21.92990653752434,23.155202865600586,9658500,0.0,0.0
2008-06-06 00:00:00-04:00,22.770501710060262,22.923028403137884,21.71129035949707,21.71129035949707,8290500,0.0,0.0
2008-06-09 00:00:00-04:00,21.946851523129496,21.99261016224601,20.833409621875127,21.531641006469727,9320500,0.0,0.0
2008-06-10 00:00:00-04:00,21.063899235553798,21.860426578411587,21.063899235553798,21.23845672607422,6807500,0.0,0.0
2008-06-11 00:00:00-04:00,21.36046847699881,21.36046847699881,19.706405203686124,19.84876251220703,18991500,0.0,0.0
2008-06-12 00:00:00-04:00,20.041970141796792,20.608011962095443,19.36915868637676,19.687768936157227,14427500,0.0,0.0
2008-06-13 00:00:00-04:00,19.91656261290612,20.872395155061277,19.74878357383662,20.845279693603516,8974000,0.0,0.0
2008-06-16 00:00:00-04:00,20.663934586458986,21.167271520268695,20.47751403860535,20.811376571655273,7283000,0.0,0.0
2008-06-17 00:00:00-04:00,21.050338893722017,21.46555110622617,20.599538956298915,20.86391830444336,8743000,0.0,0.0
2008-06-18 00:00:00-04:00,20.83679997696192,21.368947830129326,20.608010001475982,21.0706729888916,6912000,0.0,0.0
2008-06-19 00:00:00-04:00,21.307938407877007,22.48917151483342,21.197781161365608,22.480697631835938,12163000,0.0,0.0
2008-06-20 00:00:00-04:00,22.412905375253562,22.707789355207563,21.882451356438732,21.977357864379883,8992000,0.0,0.0
2008-06-23 00:00:00-04:00,22.04345225615097,22.3095253653009,21.52655676287595,21.79771614074707,5674500,0.0,0.0
2008-06-24 00:00:00-04:00,21.616384084324903,21.892626568292794,20.621573027110266,21.757047653198242,7694500,0.0,0.0
2008-06-25 00:00:00-04:00,21.75365602802858,22.19767587553551,21.609603244569985,21.899402618408203,8850000,0.0,0.0
2008-06-26 00:00:00-04:00,21.44182503289274,21.514697522682354,20.67749786376953,20.67749786376953,6637000,0.0,0.0
2008-06-27 00:00:00-04:00,20.54191791212916,21.01474863309538,19.780980011965003,20.133485794067383,9257500,0.0,0.0
2008-06-30 00:00:00-04:00,20.169071517685737,20.27075648130333,19.318313517624595,19.32000732421875,8957000,0.0,0.0
2008-07-01 00:00:00-04:00,19.159019049340614,19.723365657731794,18.84718714290465,19.5318603515625,9990000,0.0,0.0
2008-07-02 00:00:00-04:00,19.65895472605992,19.725048735535786,18.30316446629242,18.320112228393555,9531500,0.0,0.0
2008-07-03 00:00:00-04:00,18.377737112770188,18.570937771775185,17.48969419007673,17.964221954345703,6153500,0.0,0.0
2008-07-07 00:00:00-04:00,17.882873224645245,18.521789125343652,17.213451022293,17.576126098632812,8253500,0.0,0.0
2008-07-08 00:00:00-04:00,17.59138303157952,18.077772399609195,17.023645659550162,18.006593704223633,12769500,0.0,0.0
2008-07-09 00:00:00-04:00,18.0065893909501,18.0659049562297,16.120346333919105,16.16610336303711,14630500,0.0,0.0
2008-07-10 00:00:00-04:00,16.184748314520117,16.184748314520117,13.71212456297915,14.456114768981934,42430500,0.0,0.0
2008-07-11 00:00:00-04:00,13.981593169016547,15.356025926187927,13.591804074639773,14.981489181518555,20316000,0.0,0.0
2008-07-14 00:00:00-04:00,15.278067036506577,15.454319982711109,14.423917770385742,14.423917770385742,13475000,0.0,0.0
2008-07-15 00:00:00-04:00,14.40018949587714,15.278064871409462,13.9358309623537,14.642538070678711,17041500,0.0,0.0
2008-07-16 00:00:00-04:00,14.644224858439092,15.886466979980469,14.439162767257386,15.886466979980469,13877500,0.0,0.0
2008-07-17 00:00:00-04:00,16.218645661949562,16.218645661949562,14.82896071760693,15.32213020324707,13879500,0.0,0.0
2008-07-18 00:00:00-04:00,15.1323169495832,15.322128413314259,14.698464715128058,15.159432411193848,8690000,0.0,0.0
2008-07-21 00:00:00-04:00,15.08147382308342,15.540747668259042,14.842516112974574,15.1679048538208,7167500,0.0,0.0
2008-07-22 00:00:00-04:00,15.083162974143757,16.532164364654335,14.771331250958632,16.47454261779785,12291500,0.0,0.0
2008-07-23 00:00:00-04:00,16.337273804112844,16.472852705704817,15.593283652295788,16.10000991821289,15145500,0.0,0.0
2008-07-24 00:00:00-04:00,16.032217539687977,16.505049801974657,15.378049378156446,15.425501823425293,11951500,0.0,0.0
2008-07-25 00:00:00-04:00,15.578035997271702,17.625278673966072,15.403476856357786,17.438858032226562,19041500,0.0,0.0
2008-07-28 00:00:00-04:00,17.537149003381202,17.77271911030644,16.660970692296278,16.77790641784668,14630500,0.0,0.0
2008-07-29 00:00:00-04:00,16.893155500303735,17.676124572753906,16.566069597334593,17.676124572753906,7401500,0.0,0.0
2008-07-30 00:00:00-04:00,17.71000780207087,17.79304958339858,16.98635476090245,17.657470703125,10259500,0.0,0.0
2008-07-31 00:00:00-04:00,17.27445648173053,17.543920376269668,16.777898093550412,16.913476943969727,7896000,0.0,0.0
2008-08-01 00:00:00-04:00,17.128711226287525,17.128711226287525,15.523794080444338,16.303373336791992,11823500,0.0,0.0
2008-08-04 00:00:00-04:00,16.69147818581355,16.69147818581355,14.201907750265157,14.479844093322754,17727500,0.0,0.0
2008-08-05 00:00:00-04:00,14.762856580307291,15.156034591413615,14.430687919193124,15.103497505187988,14612500,0.0,0.0
2008-08-06 00:00:00-04:00,15.10180858968536,15.134008697599242,14.235796522088146,14.337481498718262,12560000,0.0,0.0
2008-08-07 00:00:00-04:00,14.151058118969615,14.8831833405091,14.151058118969615,14.320530891418457,13304500,0.0,0.0
2008-08-08 00:00:00-04:00,14.176480266980507,14.898439525234902,13.974807362833634,14.862850189208984,9739000,0.0,0.0
2008-08-11 00:00:00-04:00,14.78658844546087,14.837430128615503,14.330703871522552,14.70693588256836,7138500,0.0,0.0
2008-08-12 00:00:00-04:00,14.320533038502736,14.693375779754758,13.973111944231919,14.098523139953613,8372000,0.0,0.0
2008-08-13 00:00:00-04:00,13.94938941259625,14.312062944563984,13.686705455836146,14.022263526916504,11780000,0.0,0.0
2008-08-14 00:00:00-04:00,13.874818097480853,14.95944919751359,13.874818097480853,14.779807090759277,9167500,0.0,0.0
2008-08-15 00:00:00-04:00,14.88657925511732,15.074695276439238,14.50356713558293,14.735746383666992,11662500,0.0,0.0
2008-08-18 00:00:00-04:00,14.727273639271472,14.742527601284444,13.940915573597714,13.988368034362793,12478500,0.0,0.0
2008-08-19 00:00:00-04:00,14.037512403162637,14.227323814917233,13.791774660050645,14.066323280334473,10083500,0.0,0.0
2008-08-20 00:00:00-04:00,14.013786458995714,14.53237579354916,13.983281774455342,14.501871109008789,9725000,0.0,0.0
2008-08-21 00:00:00-04:00,14.339173945232673,14.54423604650917,14.066320796122909,14.261215209960938,7337500,0.0,0.0
2008-08-22 00:00:00-04:00,14.464588219589428,14.976399160719886,14.405272649628625,14.930642127990723,9062000,0.0,0.0
2008-08-25 00:00:00-04:00,14.900138130191445,15.042497136366181,14.364600878162074,14.396800994873047,6376500,0.0,0.0
2008-08-26 00:00:00-04:00,14.403576716689448,14.471366167992652,14.10360803102147,14.36120891571045,4540500,0.0,0.0
2008-08-27 00:00:00-04:00,14.37985009931438,14.937419654540406,14.235797317175775,14.91369342803955,5847500,0.0,0.0
2008-08-28 00:00:00-04:00,15.069607824924258,15.352628707885742,14.920470404443245,15.352628707885742,6511500,0.0,0.0
2008-08-29 00:00:00-04:00,15.072996004648816,15.223827221360082,14.915384712778119,14.91877555847168,4473000,0.0,0.0
2008-09-02 00:00:00-04:00,15.128934838558457,15.871230040756616,15.128934838558457,15.58651351928711,19469500,0.0,0.0
2008-09-03 00:00:00-04:00,15.64921196746661,15.87122192160856,15.122148638073908,15.725475311279297,16339500,0.0,0.0
2008-09-04 00:00:00-04:00,15.591585635001646,16.09153335752627,15.3017863063397,15.33737564086914,14616000,0.0,0.0
2008-09-05 00:00:00-04:00,15.301791681580188,16.579623792660694,15.239085256234068,16.569456100463867,13510000,0.0,0.0
2008-09-08 00:00:00-04:00,17.027042299200392,17.367685193885176,16.015282928185066,16.874515533447266,14869000,0.0,0.0
2008-09-09 00:00:00-04:00,16.759260752161364,16.83552407677782,14.974702835083008,14.974702835083008,17768500,0.0,0.0
2008-09-10 00:00:00-04:00,15.12045163421275,15.633957987794876,14.762862798720723,15.35940933227539,12637000,0.0,0.0
2008-09-11 00:00:00-04:00,14.915395269828505,15.713618366330673,14.523910705444743,15.662775039672852,12271500,0.0,0.0
2008-09-12 00:00:00-04:00,15.25263996770307,15.405166625976562,14.334092404408262,15.405166625976562,14677500,0.0,0.0
2008-09-15 00:00:00-04:00,14.39340985122969,14.87471611442727,13.115577085510935,13.159640312194824,16108000,0.0,0.0
2008-09-16 00:00:00-04:00,12.397007520493945,12.880007551125532,11.53777547874437,12.874923706054688,23589500,0.0,0.0
2008-09-17 00:00:00-04:00,12.488519701714953,12.488519701714953,11.290340747138405,11.298813819885254,19613000,0.0,0.0
2008-09-18 00:00:00-04:00,11.524218214636978,12.859671072601737,10.40060678920878,12.754597663879395,21569000,0.0,0.0
2008-09-19 00:00:00-04:00,14.559498305210068,14.678131103515625,13.064739754240659,14.678131103515625,17292000,0.0,0.0
2008-09-22 00:00:00-04:00,14.871324263495328,14.913693680269121,12.841029167175293,12.841029167175293,6555500,0.0,0.0
2008-09-23 00:00:00-04:00,13.161332716543022,13.64263889889175,12.51055373280495,13.134217262268066,5858000,0.0,0.0
2008-09-24 00:00:00-04:00,13.388428384489483,13.391817614322308,12.710533122974713,12.7274808883667,3688500,0.0,0.0
2008-09-25 00:00:00-04:00,12.827468165062236,13.63755299469874,12.818995091450036,13.540952682495117,3893500,0.0,0.0
2008-09-26 00:00:00-04:00,12.500387304292524,13.381651027676401,12.244481828749253,13.363009452819824,4111500,0.0,0.0
2008-09-29 00:00:00-04:00,13.217261911193466,13.217261911193466,10.337902116450566,10.995460510253906,7363000,0.0,0.0
2008-09-30 00:00:00-04:00,11.485236419389825,13.81211053883936,11.312373594666479,13.673142433166504,8756000,0.0,0.0
2008-10-01 00:00:00-04:00,13.552820006936953,14.405272843155442,13.132524741846455,14.393409729003906,7729500,0.0,0.0
2008-10-02 00:00:00-04:00,13.968028306114336,14.371375760057452,13.520618438720703,13.520618438720703,5416500,0.0,0.0
2008-10-03 00:00:00-04:00,13.827366128245771,14.518819124999137,12.710533266235112,13.254544258117676,8716500,0.0,0.0
2008-10-06 00:00:00-04:00,12.863062350167006,14.367988984018744,12.205503952441655,13.82736873626709,9158000,0.0,0.0
2008-10-07 00:00:00-04:00,14.151061487840794,15.167903213290831,13.574850368638472,14.327314376831055,12601000,0.0,0.0
2008-10-08 00:00:00-04:00,13.557901653535332,14.917081371881185,12.622406361862458,14.010396957397461,9793500,0.0,0.0
2008-10-09 00:00:00-04:00,14.8340403900368,14.8340403900368,11.354742926821002,11.651322364807129,14790500,0.0,0.0
2008-10-10 00:00:00-04:00,10.856490243997257,13.446049315485054,10.439584266749208,12.541059494018555,18598500,0.0,0.0
2008-10-13 00:00:00-04:00,13.600273343837063,14.595086097717285,12.798662903119133,14.595086097717285,9325000,0.0,0.0
2008-10-14 00:00:00-04:00,15.08147666254108,15.08147666254108,13.810422916775977,14.303590774536133,13809500,0.0,0.0
2008-10-15 00:00:00-04:00,13.920576835742548,14.828956786734118,12.052976056862754,12.059755325317383,8859500,0.0,0.0
2008-10-16 00:00:00-04:00,12.71053472595432,13.249461126808468,11.897060471168682,13.191840171813965,9167500,0.0,0.0
2008-10-17 00:00:00-04:00,12.937627234160178,14.657786572161383,12.868143176319917,14.2527437210083,14445500,0.0,0.0
2008-10-20 00:00:00-04:00,14.813703679626256,14.828956022720828,13.31894496425529,13.674839973449707,10557500,0.0,0.0
2008-10-21 00:00:00-04:00,13.434186882710836,14.212070927596594,13.041007918710854,13.095239639282227,9922000,0.0,0.0
2008-10-22 00:00:00-04:00,12.712227984726916,12.771543548522747,11.288647988715361,11.630985260009766,8148500,0.0,0.0
2008-10-23 00:00:00-04:00,11.73775428428751,12.073312293426342,10.465006310529681,10.922585487365723,10706500,0.0,0.0
2008-10-24 00:00:00-04:00,9.321056664750243,10.573467467916252,8.985498702398164,10.092162132263184,12703500,0.0,0.0
2008-10-27 00:00:00-04:00,9.746440863692467,10.431115687176355,9.199040412902832,9.199040412902832,9324500,0.0,0.0
2008-10-28 00:00:00-04:00,9.829479227724407,10.897163391113281,9.029562806551723,10.897163391113281,10395000,0.0,0.0
2008-10-29 00:00:00-04:00,10.73785559975618,11.607255864183015,10.339592103342925,10.471781730651855,9414500,0.0,0.0
2008-10-30 00:00:00-04:00,11.781819180292207,14.744220733642578,11.778429141739778,14.744220733642578,32681000,0.0,0.0
2008-10-31 00:00:00-04:00,14.066325208305335,15.049273083023312,13.898546191236866,14.500177383422852,17243500,0.0,0.0
2008-11-03 00:00:00-05:00,14.330700811391123,14.63744788418238,13.761268263233342,14.259520530700684,6419500,0.0,0.0
2008-11-04 00:00:00-05:00,14.998428784233257,15.757671170576186,14.420522304201432,15.683101654052734,14341000,0.0,0.0
2008-11-05 00:00:00-05:00,15.29331736068852,15.398391591535306,13.879904747009277,13.879904747009277,10485000,0.0,0.0
2008-11-06 00:00:00-05:00,13.715514710119894,13.974809405481942,12.783408529151545,12.810523986816406,12325500,0.0,0.0
2008-11-07 00:00:00-05:00,13.027450777180894,13.595188884904415,12.625797887066376,13.593493461608887,8882500,0.0,0.0
2008-11-10 00:00:00-05:00,13.793468402975812,14.007006013162114,12.215668204926203,12.37497329711914,8252000,0.0,0.0
2008-11-11 00:00:00-05:00,12.244479398678507,12.859669025362487,11.71063694025226,12.43598461151123,9153500,0.0,0.0
2008-11-12 00:00:00-05:00,12.261428955008222,12.42920796862302,11.41575461854125,11.44117546081543,7785500,0.0,0.0
2008-11-13 00:00:00-05:00,11.642850415517884,12.78679894275028,11.102229362363815,12.664777755737305,13372500,0.0,0.0
2008-11-14 00:00:00-05:00,12.413958102152682,12.966443166806263,11.897063195838783,12.008915901184082,10660500,0.0,0.0
2008-11-17 00:00:00-05:00,11.886889105586278,12.010604869504185,11.03274186932489,11.041214942932129,7962500,0.0,0.0
2008-11-18 00:00:00-05:00,11.13781839409248,11.320849765414671,10.38704971727199,10.970039367675781,8851500,0.0,0.0
2008-11-19 00:00:00-05:00,10.768363307924337,10.922584571622906,9.861678105160106,9.878625869750977,9990500,0.0,0.0
2008-11-20 00:00:00-05:00,9.627810390594204,9.824399557662666,8.421155879089996,8.590629577636719,22605000,0.0,0.0
2008-11-21 00:00:00-05:00,8.873646436165444,9.956583690750639,8.433014259403517,9.914215087890625,15077500,0.0,0.0
2008-11-24 00:00:00-05:00,10.519235041273244,11.270004272784835,9.849813776769373,11.214077949523926,14673500,0.0,0.0
2008-11-25 00:00:00-05:00,11.534383498804083,11.934340833013506,11.049688160590302,11.64284610748291,10618000,0.0,0.0
2008-11-26 00:00:00-05:00,11.059860879226191,12.710535749812344,11.059860879226191,12.6122407913208,7462000,0.0,0.0
2008-11-28 00:00:00-05:00,12.429207194733925,12.774933698969765,12.068227539592092,12.473270416259766,3164000,0.0,0.0
2008-12-01 00:00:00-05:00,12.02925093316691,12.02925093316691,10.044712642069273,10.281975746154785,12327000,0.0,0.0
2008-12-02 00:00:00-05:00,10.473478632337892,10.839542109108136,9.492225516380975,10.646342277526855,13803000,0.0,0.0
2008-12-03 00:00:00-05:00,9.943024740194337,11.322541236877441,9.836255938778665,11.322541236877441,8917000,0.0,0.0
2008-12-04 00:00:00-05:00,10.831072197410133,12.19703167055119,10.75819888318019,11.268315315246582,12334500,0.0,0.0
2008-12-05 00:00:00-05:00,11.146293424139035,12.180083148334814,10.89377714689653,12.137715339660645,8973000,0.0,0.0
2008-12-08 00:00:00-05:00,12.757987045422471,13.898546251528911,12.757987045422471,13.786693572998047,12087000,0.0,0.0
2008-12-09 00:00:00-05:00,13.342668623595884,14.081573956027864,12.719005169986852,13.047783851623535,11460000,0.0,0.0
2008-12-10 00:00:00-05:00,13.340975435278375,13.379954001239437,12.413953229111153,13.129133224487305,8218000,0.0,0.0
2008-12-11 00:00:00-05:00,12.880009681921903,13.752799596363836,12.441072801744992,12.485136032104492,7553500,0.0,0.0
2008-12-12 00:00:00-05:00,11.832658944396696,13.134217770334507,11.693690821662544,13.013891220092773,7357000,0.0,0.0
2008-12-15 00:00:00-05:00,13.061344762790508,13.144387366875154,11.839439201967112,12.059755325317383,8136500,0.0,0.0
2008-12-16 00:00:00-05:00,12.203807719827918,13.678229467455312,12.159744496577591,13.586713790893555,11731500,0.0,0.0
2008-12-17 00:00:00-05:00,13.244378626372441,14.032431309890084,13.176589165599184,13.87651538848877,8929500,0.0,0.0
2008-12-18 00:00:00-05:00,13.896852621720699,14.405274394172437,13.757884467235993,13.822284698486328,11060500,0.0,0.0
2008-12-19 00:00:00-05:00,13.973112861044697,14.235796765508013,13.295217584564805,13.591797828674316,10199500,0.0,0.0
2008-12-22 00:00:00-05:00,13.79855639022365,13.79855639022365,12.932545053727885,13.388429641723633,10099000,0.0,0.0
2008-12-23 00:00:00-05:00,13.454524414869587,13.881598120223936,13.200313568115234,13.200313568115234,7705000,0.0,0.0
2008-12-24 00:00:00-05:00,13.091850436643012,13.210482383470678,12.741040057712642,12.944408416748047,3684500,0.0,0.0
2008-12-26 00:00:00-05:00,13.03761701295525,13.157943559204675,12.5749540160593,12.98508071899414,8285500,0.0,0.0
2008-12-29 00:00:00-05:00,13.041007725384794,13.351144084873077,12.710533561855526,12.942712783813477,6236000,0.0,0.0
2008-12-30 00:00:00-05:00,13.030839083855904,13.581628542222482,12.764765140988994,13.574850082397461,6559000,0.0,0.0
2008-12-31 00:00:00-05:00,13.518926768356375,14.168010504100604,13.485031229203308,13.97142219543457,5982000,0.0,0.0
2009-01-02 00:00:00-05:00,13.93243922940704,14.405271562630988,13.488418583597738,14.3323974609375,6737500,0.0,0.0
2009-01-05 00:00:00-05:00,13.629082718788906,13.727378479834702,12.313965988805046,12.371587753295898,18936500,0.0,0.0
2009-01-06 00:00:00-05:00,12.024166620023559,12.03603054327237,10.346376267137806,10.607365608215332,48907500,0.0,0.0
2009-01-07 00:00:00-05:00,10.375183967325686,11.16832105511094,10.09046767524182,10.859878540039062,21984500,0.0,0.0
2009-01-08 00:00:00-05:00,10.715828150224116,11.141207259587299,10.595501585778019,10.981902122497559,12389000,0.0,0.0
2009-01-09 00:00:00-05:00,10.973425993970205,11.019183825941962,10.661594244152397,10.825984001159668,10757000,0.0,0.0
2009-01-12 00:00:00-05:00,10.763277532160698,10.827677737903658,10.25655138385583,10.380267143249512,9842500,0.0,0.0
2009-01-13 00:00:00-05:00,10.253163370008997,10.671763140733969,10.020984163746803,10.47856330871582,8553500,0.0,0.0
2009-01-14 00:00:00-05:00,10.137919953498402,10.334509809452252,9.626109128613251,9.997257232666016,15478000,0.0,0.0
2009-01-15 00:00:00-05:00,10.022676741337909,10.220961185746578,9.287160705926576,9.729487419128418,18640000,0.0,0.0
2009-01-16 00:00:00-05:00,10.041321229206426,10.332815998209377,9.607468305446668,9.771857261657715,15870500,0.0,0.0
2009-01-20 00:00:00-05:00,9.76677225792044,9.76677225792044,8.629603385925293,8.629603385925293,18818000,0.0,0.0
2009-01-21 00:00:00-05:00,8.814332935817784,9.436301164893967,8.653332368967163,9.395627975463867,17094000,0.0,0.0
2009-01-22 00:00:00-05:00,9.100744212280865,9.399018344815373,8.69400742000904,9.004144668579102,11396500,0.0,0.0
2009-01-23 00:00:00-05:00,8.812639035631905,9.658313589249866,8.490639462505733,9.59730339050293,14073500,0.0,0.0
2009-01-26 00:00:00-05:00,9.710850057380316,9.993871030517239,9.188870535612761,9.45324993133545,9071000,0.0,0.0
2009-01-27 00:00:00-05:00,9.575269677921685,9.97353332655295,9.363427431985869,9.856595993041992,10503500,0.0,0.0
2009-01-28 00:00:00-05:00,10.287058028324891,10.583636638027503,10.009120990085625,10.476868629455566,14078500,0.0,0.0
2009-01-29 00:00:00-05:00,10.178597487028508,10.278587064592948,9.688818099307282,9.822702407836914,12938000,0.0,0.0
2009-01-30 00:00:00-05:00,10.007429863155663,10.139618756776843,9.509176558487184,9.648144721984863,11841500,0.0,0.0
2009-02-02 00:00:00-05:00,9.41765716692146,9.461720383555136,9.039730595983048,9.312582969665527,11137000,0.0,0.0
2009-02-03 00:00:00-05:00,9.417658007175394,10.165037333739944,9.412573354279616,9.983699798583984,13012500,0.0,0.0
2009-02-04 00:00:00-05:00,10.081994339085385,10.351457496611898,9.882015239515916,10.029458045959473,8135500,0.0,0.0
2009-02-05 00:00:00-05:00,9.854900070639715,10.617531731598739,9.815920695268726,10.409079551696777,9065500,0.0,0.0
2009-02-06 00:00:00-05:00,10.48364519245923,11.14798258030095,10.35992944153905,10.756498336791992,11964500,0.0,0.0
2009-02-09 00:00:00-05:00,10.66159543315185,10.92597476568504,10.342985188614486,10.551437377929688,14696000,0.0,0.0
2009-02-10 00:00:00-05:00,10.10233175078105,11.356438116082378,10.09046863815497,10.412468910217285,20452500,0.0,0.0
2009-02-11 00:00:00-05:00,10.609057633160925,10.795478185021713,10.259941135880695,10.653120040893555,13045000,0.0,0.0
2009-02-12 00:00:00-05:00,10.326035080956023,10.5717719766923,9.998951027546118,10.503982543945312,10831000,0.0,0.0
2009-02-13 00:00:00-05:00,10.365017520711428,10.946312523234447,10.34637513834189,10.697185516357422,9647500,0.0,0.0
2009-02-17 00:00:00-05:00,10.229437596551808,10.256553861996563,9.83625861657188,9.885406494140625,10785500,0.0,0.0
2009-02-18 00:00:00-05:00,10.066744467154164,10.18198638707097,9.563407365013571,9.8532075881958,7872000,0.0,0.0
2009-02-19 00:00:00-05:00,10.026067365689407,10.148088517067578,9.519341189793654,9.571877479553223,10651500,0.0,0.0
2009-02-20 00:00:00-05:00,9.35834267670678,9.970143179755295,9.193953696884995,9.836258888244629,12311000,0.0,0.0
2009-02-23 00:00:00-05:00,10.051491618312388,10.051491618312388,9.114300727844238,9.114300727844238,8469000,0.0,0.0
2009-02-24 00:00:00-05:00,9.221066877188992,9.660003600183474,8.912624375125189,9.60238265991211,9590500,0.0,0.0
2009-02-25 00:00:00-05:00,9.537983905846888,10.370100457444675,9.365121058697198,9.966753005981445,11668500,0.0,0.0
2009-02-26 00:00:00-05:00,10.2023231473678,10.46839713421678,9.8294811276004,9.998954772949219,10021500,0.0,0.0
2009-02-27 00:00:00-05:00,9.790498677708262,10.168425232908534,9.578656485356001,9.621025085449219,8365000,0.0,0.0
2009-03-02 00:00:00-05:00,9.48883547812873,9.68711994549779,8.938046099106284,8.949909210205078,9288500,0.0,0.0
2009-03-03 00:00:00-05:00,9.144802984266075,9.558318844586355,9.027866496375736,9.254961013793945,8697000,0.0,0.0
2009-03-04 00:00:00-05:00,9.534594612708236,9.927773563718384,9.371900264483184,9.722710609436035,9574000,0.0,0.0
2009-03-05 00:00:00-05:00,9.917607646644948,10.205712441477345,9.582048776213632,9.831175804138184,12178500,0.0,0.0
2009-03-06 00:00:00-05:00,9.976919009400644,10.244687500125194,9.541371558340348,10.234519004821777,11904500,0.0,0.0
2009-03-09 00:00:00-04:00,10.222662684992908,10.825989497125324,10.176904829791532,10.351462364196777,11336500,0.0,0.0
2009-03-10 00:00:00-04:00,10.698883482712365,10.698883482712365,10.090472069566818,10.256556510925293,15455500,0.0,0.0
2009-03-11 00:00:00-04:00,10.39043947476411,10.849713349681092,10.009123559756484,10.624313354492188,10643500,0.0,0.0
2009-03-12 00:00:00-04:00,10.571774884364503,11.39372299263344,10.371795760324282,11.310680389404297,11076000,0.0,0.0
2009-03-13 00:00:00-04:00,11.31067884905625,11.676742321588296,11.017489471308789,11.597089767456055,12845500,0.0,0.0
2009-03-16 00:00:00-04:00,11.797067351460024,12.119067564484878,11.571667444776763,11.64284610748291,13521000,0.0,0.0
2009-03-17 00:00:00-04:00,11.651323451004023,12.237703113666896,11.392028750535234,12.236007690429688,10456000,0.0,0.0
2009-03-18 00:00:00-04:00,12.036029686818571,13.283356151178824,11.902144583058261,13.178282737731934,19800500,0.0,0.0
2009-03-19 00:00:00-04:00,13.415542301610142,13.473163242732962,12.481741708134493,12.532584190368652,15626500,0.0,0.0
2009-03-20 00:00:00-04:00,12.63257481650638,12.771542933020417,12.139406333008845,12.14279556274414,9088000,0.0,0.0
2009-03-23 00:00:00-04:00,12.629187067059153,13.481639862060547,12.551229117212406,13.481639862060547,11715000,0.0,0.0
2009-03-24 00:00:00-04:00,13.017280826194067,13.485027667751833,12.881701129731356,12.98508071899414,11129000,0.0,0.0
2009-03-25 00:00:00-04:00,12.8511967741003,13.420628604592295,12.264817178074443,12.937627792358398,12261500,0.0,0.0
2009-03-26 00:00:00-04:00,13.113883816003572,13.80364316914662,12.886789198630845,13.710432052612305,11798000,0.0,0.0
2009-03-27 00:00:00-04:00,13.432490423218509,13.681616572523899,13.252848328057633,13.322332382202148,6839500,0.0,0.0
2009-03-30 00:00:00-04:00,12.780018730559895,12.898650678325259,12.351250396465447,12.383450508117676,11057500,0.0,0.0
2009-03-31 00:00:00-04:00,12.596986054815787,12.78001739869706,12.334301343608756,12.620712280273438,10030000,0.0,0.0
2009-04-01 00:00:00-04:00,12.371585618765485,12.747816789529477,12.212279698487164,12.481742858886719,10690000,0.0,0.0
2009-04-02 00:00:00-04:00,12.73087019989791,13.552818240063566,12.73087019989791,13.252849578857422,14355000,0.0,0.0
2009-04-03 00:00:00-04:00,13.607053709130348,14.451033592224121,13.517231820199026,14.451033592224121,19024000,0.0,0.0
2009-04-06 00:00:00-04:00,14.057849933223384,14.161228717399446,13.815503026854643,13.96802806854248,11798000,0.0,0.0
2009-04-07 00:00:00-04:00,13.82736941736991,15.013685814496025,13.778221531979511,14.315452575683594,18270000,0.0,0.0
2009-04-08 00:00:00-04:00,14.467978252293259,14.857768844870588,14.081578506382959,14.783199310302734,12478000,0.0,0.0
2009-04-09 00:00:00-04:00,14.830646004030958,15.103497505187988,14.576434452896699,15.103497505187988,12283000,0.0,0.0
2009-04-13 00:00:00-04:00,15.039099796975155,15.494984272172516,14.723878843726041,15.450921058654785,8718500,0.0,0.0
2009-04-14 00:00:00-04:00,15.252637800774963,15.300090244833568,14.513732456011049,14.54423713684082,10895000,0.0,0.0
2009-04-15 00:00:00-04:00,14.581529527446886,14.796761061217707,14.286645404268418,14.71033000946045,10408500,0.0,0.0
2009-04-16 00:00:00-04:00,14.864544936717113,14.86624035978042,13.998534472820863,14.43408203125,11542000,0.0,0.0
2009-04-17 00:00:00-04:00,14.364598033094607,14.869630491887715,14.06801857988542,14.674736022949219,9942500,0.0,0.0
2009-04-20 00:00:00-04:00,14.39679997881757,14.913695616986853,13.995147876256334,14.264610290527344,12900500,0.0,0.0
2009-04-21 00:00:00-04:00,14.234103971556367,15.083166732386292,14.093440414898248,15.039103507995605,10096000,0.0,0.0
2009-04-22 00:00:00-04:00,14.752697900812507,15.21536109128252,13.871434757832883,14.017181396484375,13586000,0.0,0.0
2009-04-23 00:00:00-04:00,14.323927365883186,14.403579948631569,13.771443941095882,14.349349021911621,14518500,0.0,0.0
2009-04-24 00:00:00-04:00,14.244273373464276,14.459504867940721,13.947693880730064,14.301895141601562,9196500,0.0,0.0
2009-04-27 00:00:00-04:00,14.286639120970271,15.12892330603927,14.100216942288455,14.862850189208984,11508500,0.0,0.0
2009-04-28 00:00:00-04:00,14.491705632617036,14.913696372223091,14.201906204223633,14.201906204223633,9866000,0.0,0.0
2009-04-29 00:00:00-04:00,14.388323072229554,14.871323071128433,14.25952264152909,14.762861251831055,8402500,0.0,0.0
2009-04-30 00:00:00-04:00,14.976396675188653,15.291617663399592,14.72896512942923,14.845902442932129,7540000,0.0,0.0
2009-05-01 00:00:00-04:00,14.774726508735675,15.069610557234117,14.330705012715725,14.430694580078125,6900500,0.0,0.0
2009-05-04 00:00:00-04:00,14.827259881252324,15.34585083493846,14.747607323414874,15.32551383972168,14629500,0.0,0.0
2009-05-05 00:00:00-04:00,15.137400162227763,17.726959632129763,15.137400162227763,17.286327362060547,27748500,0.0,0.0
2009-05-06 00:00:00-04:00,17.12532667450397,17.225316242131786,16.0593369663089,16.571147918701172,18224500,0.0,0.0
2009-05-07 00:00:00-04:00,16.60842510799478,16.693162292386933,15.998318673353172,16.127119064331055,12228500,0.0,0.0
2009-05-08 00:00:00-04:00,16.393198756813305,16.674524226552577,16.184745768759424,16.486408233642578,10481000,0.0,0.0
2009-05-11 00:00:00-04:00,16.100008226319698,16.31523966957334,15.591586590664036,15.639039039611816,8181000,0.0,0.0
2009-05-12 00:00:00-04:00,15.823766960562493,16.603346428138334,15.537356822860957,16.354219436645508,14219000,0.0,0.0
2009-05-13 00:00:00-04:00,16.027134432852836,17.201587415193288,15.798344450049049,16.36947250366211,26784000,0.0,0.0
2009-05-14 00:00:00-04:00,16.667745509898403,17.510029715560375,16.64401928530104,17.0761775970459,22728000,0.0,0.0
2009-05-15 00:00:00-04:00,16.854167276541833,16.947378374796155,16.367778021448302,16.425399780273438,11348500,0.0,0.0
2009-05-18 00:00:00-04:00,16.57453243941723,17.62357569790209,16.462679789318855,17.559175491333008,11591000,0.0,0.0
2009-05-19 00:00:00-04:00,17.369368093192453,18.420107015975915,16.99991614812994,17.638832092285156,17313500,0.0,0.0
2009-05-20 00:00:00-04:00,17.7117081077697,17.96591817430686,16.56606415252849,16.66097068786621,16511000,0.0,0.0
2009-05-21 00:00:00-04:00,16.67113943695787,17.099908639746488,16.286433466012237,16.720287322998047,11219000,0.0,0.0
2009-05-22 00:00:00-04:00,17.328690314249076,17.328690314249076,16.720279247224607,16.86263656616211,8835500,0.0,0.0
2009-05-26 00:00:00-04:00,16.916868719777785,17.40325783201218,16.637237123374387,17.29987907409668,11102000,0.0,0.0
2009-05-27 00:00:00-04:00,17.442245615001823,17.95914129418691,17.179561640959644,17.367677688598633,10868000,0.0,0.0
2009-05-28 00:00:00-04:00,17.44732768338318,18.321812134463226,17.43885379951153,18.252328872680664,9470500,0.0,0.0
2009-05-29 00:00:00-04:00,18.30655860264764,18.367569592829557,17.77779992019366,18.267580032348633,8171000,0.0,0.0
2009-06-01 00:00:00-04:00,18.303175244775375,19.004796200170652,18.247248889889416,18.647207260131836,9842000,0.0,0.0
2009-06-02 00:00:00-04:00,18.735317337895193,19.757243179811027,18.560758347445738,19.514896392822266,13389000,0.0,0.0
2009-06-03 00:00:00-04:00,19.3962691768176,19.445417040203594,18.918353924507066,19.0657958984375,7946500,0.0,0.0
2009-06-04 00:00:00-04:00,19.31154439253141,20.336860324782894,19.023438741965375,20.292797088623047,12216500,0.0,0.0
2009-06-05 00:00:00-04:00,20.66393452690855,20.66393452690855,19.279334915330086,19.465755462646484,12831500,0.0,0.0
2009-06-08 00:00:00-04:00,19.314931130714832,20.23347889318315,18.896329633108643,20.016551971435547,9625000,0.0,0.0
2009-06-09 00:00:00-04:00,20.296179563104914,20.616485226397966,19.86741046104662,19.97079086303711,11164000,0.0,0.0
2009-06-10 00:00:00-04:00,20.379221126506927,20.39447508534531,19.075967685192715,19.44542121887207,10701000,0.0,0.0
2009-06-11 00:00:00-04:00,19.506433182317426,20.038581090868888,19.1861275065464,19.762338638305664,7093500,0.0,0.0
2009-06-12 00:00:00-04:00,19.374246509584978,19.723361502964185,19.13359335974573,19.6759090423584,5458000,0.0,0.0
2009-06-15 00:00:00-04:00,19.45558778204133,19.487787888455905,18.825145804972976,19.164093017578125,5827500,0.0,0.0
2009-06-16 00:00:00-04:00,19.314920728292655,19.40304714177618,18.676005038650793,18.91157341003418,7408000,0.0,0.0
2009-06-17 00:00:00-04:00,18.926823999207066,19.24204487486122,18.445517998303103,18.47093963623047,9256500,0.0,0.0
2009-06-18 00:00:00-04:00,18.44043875540321,19.235272058932445,18.34553386527233,19.135282516479492,7288500,0.0,0.0
2009-06-19 00:00:00-04:00,19.404746231216212,19.655567008562926,18.952250931718446,19.535242080688477,7624000,0.0,0.0
2009-06-22 00:00:00-04:00,19.16240333011996,19.27934066888038,17.96930694580078,17.96930694580078,9425000,0.0,0.0
2009-06-23 00:00:00-04:00,18.021838762220224,18.21165015604332,17.621880598026806,18.16250228881836,7712000,0.0,0.0
2009-06-24 00:00:00-04:00,18.472639333793026,19.233577129673332,18.318418883372587,19.07088279724121,7898500,0.0,0.0
2009-06-25 00:00:00-04:00,19.06410567459631,19.39458065932571,18.682790622378054,19.28103256225586,6532000,0.0,0.0
2009-06-26 00:00:00-04:00,19.220023896146802,19.918257097188686,19.145455976596814,19.662351608276367,7961500,0.0,0.0
2009-06-29 00:00:00-04:00,19.547105230859042,20.060609898665373,19.360683050172227,20.058916091918945,5704500,0.0,0.0
2009-06-30 00:00:00-04:00,19.86232857995954,20.040275283127322,19.31492831750817,19.360685348510742,6355000,0.0,0.0
2009-07-01 00:00:00-04:00,19.433564578311877,19.533554166337534,18.898027288163796,18.933616638183594,6248000,0.0,0.0
2009-07-02 00:00:00-04:00,18.65058857537304,19.106473107008878,18.496366500854492,18.496366500854492,7724500,0.0,0.0
2009-07-06 00:00:00-04:00,18.391292775891888,18.92004975460891,18.286218579561854,18.655672073364258,7022000,0.0,0.0
2009-07-07 00:00:00-04:00,18.579409362022396,18.73701904546189,16.394891664779152,16.613513946533203,21396000,0.0,0.0
2009-07-08 00:00:00-04:00,16.044080858315045,16.10000718613707,14.188342735369169,14.439165115356445,54318500,0.0,0.0
2009-07-09 00:00:00-04:00,14.976404455219482,15.223836129516169,14.50018268771028,14.545941352844238,28042500,0.0,0.0
2009-07-10 00:00:00-04:00,14.586609428880873,14.749303785852605,14.06632463172759,14.354430198669434,15261000,0.0,0.0
2009-07-13 00:00:00-04:00,14.634062961546851,15.15095695052146,14.117167356344144,15.08655834197998,15243500,0.0,0.0
2009-07-14 00:00:00-04:00,15.11706512096382,15.11706512096382,14.19173723402495,14.451033592224121,12155500,0.0,0.0
2009-07-15 00:00:00-04:00,14.857770627372059,15.8644449187564,14.710328580109252,15.472960472106934,23605000,0.0,0.0
2009-07-16 00:00:00-04:00,15.388222850195039,15.649213013493107,14.95945364253999,15.257728576660156,12575000,0.0,0.0
2009-07-17 00:00:00-04:00,15.242473201489219,15.55769422677839,14.998430856712446,15.422115325927734,8057500,0.0,0.0
2009-07-20 00:00:00-04:00,15.489902618159032,15.967817934635884,15.17637544348286,15.70004940032959,9020000,0.0,0.0
2009-07-21 00:00:00-04:00,15.828856582006692,15.930539978782207,15.2221405837303,15.378056526184082,6931000,0.0,0.0
2009-07-22 00:00:00-04:00,15.252641952209977,15.571252229738004,15.059441277762676,15.20349407196045,6412500,0.0,0.0
2009-07-23 00:00:00-04:00,15.261110796232929,15.993237639684466,14.93233132008629,15.867826461791992,10638000,0.0,0.0
2009-07-24 00:00:00-04:00,15.684803186776415,15.794960465320838,15.383139006010232,15.781403541564941,5783000,0.0,0.0
2009-07-27 00:00:00-04:00,15.683099700156458,16.062720846032402,15.520405385131784,15.845795631408691,8119000,0.0,0.0
2009-07-28 00:00:00-04:00,15.323819135510234,15.591587699492655,14.94080867071213,15.43567180633545,11807000,0.0,0.0
2009-07-29 00:00:00-04:00,15.272972386306694,15.930529656920005,15.25263539688284,15.761056900024414,8890000,0.0,0.0
2009-07-30 00:00:00-04:00,15.939007931917573,16.576230005029917,15.893250905268278,16.259313583374023,9854500,0.0,0.0
2009-07-31 00:00:00-04:00,16.188136883506125,16.330494249861353,15.761063168212397,15.940705299377441,9115000,0.0,0.0
2009-08-03 00:00:00-04:00,16.161020718196614,16.394893755004702,15.761062478348949,16.281347274780273,12552000,0.0,0.0
2009-08-04 00:00:00-04:00,16.016966911029098,16.642324264430357,15.313650806190058,15.513629913330078,17270000,0.0,0.0
2009-08-05 00:00:00-04:00,15.898341888387412,16.015279264209077,15.67972110281281,15.852584838867188,7649000,0.0,0.0
2009-08-06 00:00:00-04:00,16.010188075631483,16.025442035475585,15.305178109355136,15.615314483642578,7877000,0.0,0.0
2009-08-07 00:00:00-04:00,15.857657481385623,16.189826159655635,15.391603755015753,15.862740516662598,8507500,0.0,0.0
2009-08-10 00:00:00-04:00,15.772928677236997,16.015275644731734,15.627180442307486,15.876307487487793,6507000,0.0,0.0
2009-08-11 00:00:00-04:00,15.93053187660281,16.035606067228688,15.262805210126087,15.303479194641113,9101500,0.0,0.0
2009-08-12 00:00:00-04:00,15.413642548974313,15.654295680937896,15.271283561503127,15.44753646850586,5995500,0.0,0.0
2009-08-13 00:00:00-04:00,15.59158489137883,15.637343528578691,15.18484827367457,15.433975219726562,5375000,0.0,0.0
2009-08-14 00:00:00-04:00,15.356020820889968,15.50007361575201,15.147567800915192,15.335683822631836,4128000,0.0,0.0
2009-08-17 00:00:00-04:00,14.92046937667968,15.130617766003834,14.418827858331893,14.750996589660645,7067000,0.0,0.0
2009-08-18 00:00:00-04:00,14.83742446153512,15.159423820165696,14.639139225378567,15.103497505187988,7149000,0.0,0.0
2009-08-19 00:00:00-04:00,14.771337767412302,15.342465987180217,14.727274534562032,15.227222442626953,8585500,0.0,0.0
2009-08-20 00:00:00-04:00,15.252640975149054,16.110177608529693,15.225525518076259,16.10000991821289,9674000,0.0,0.0
2009-08-21 00:00:00-04:00,16.269482889003545,16.30676603303752,15.920366359900584,16.259313583374023,9447000,0.0,0.0
2009-08-24 00:00:00-04:00,16.39489749680022,16.706729361198814,15.94918212499932,15.97799301147461,9882500,0.0,0.0
2009-08-25 00:00:00-04:00,16.072895633274076,16.318631804244617,15.630567939562118,15.823768615722656,8374000,0.0,0.0
2009-08-26 00:00:00-04:00,15.762754392575287,15.77631292743775,15.489902818432816,15.757671356201172,7241000,0.0,0.0
2009-08-27 00:00:00-04:00,15.742422910948894,15.844107917455148,15.423812584276549,15.472960472106934,7236000,0.0,0.0
2009-08-28 00:00:00-04:00,15.606836322391553,15.8746048225465,15.483120567975615,15.830541610717773,6828000,0.0,0.0
2009-08-31 00:00:00-04:00,15.58988990807571,15.945784825760855,15.384826191897963,15.896636962890625,5775000,0.0,0.0
2009-09-01 00:00:00-04:00,15.879694724208456,16.150852543189863,15.467873342167719,15.483125686645508,6502500,0.0,0.0
2009-09-02 00:00:00-04:00,15.378050354992173,15.757671557484727,15.322124024340267,15.352628707885742,4991500,0.0,0.0
2009-09-03 00:00:00-04:00,15.506850364330392,15.555998239380179,14.996734889599601,15.242472648620605,5970500,0.0,0.0
2009-09-04 00:00:00-04:00,15.235688286648298,15.35771022839984,14.7781100456487,15.178068161010742,7437500,0.0,0.0
2009-09-08 00:00:00-04:00,15.408552798699725,15.408552798699725,15.117058075742063,15.218741416931152,5054500,0.0,0.0
2009-09-09 00:00:00-04:00,15.37297000002236,15.417033230921891,14.979790152576033,15.061138153076172,6998500,0.0,0.0
2009-09-10 00:00:00-04:00,15.034015452366015,15.152646549114413,14.659477361956114,15.144172668457031,7721500,0.0,0.0
2009-09-11 00:00:00-04:00,15.14417311425308,15.184847096114837,14.812004417352105,14.945889472961426,4989500,0.0,0.0
2009-09-14 00:00:00-04:00,14.817092307497228,15.289924621582031,14.686598068712438,15.289924621582031,5229500,0.0,0.0
2009-09-15 00:00:00-04:00,15.350927929124396,15.48142373260193,14.954360716480647,15.323812484741211,6948500,0.0,0.0
2009-09-16 00:00:00-04:00,15.349243368575747,16.144075311229873,15.311958599948413,16.10679054260254,10793000,0.0,0.0
2009-09-17 00:00:00-04:00,16.0966229711406,16.605044732335514,16.008496510983772,16.332191467285156,8906500,0.0,0.0
2009-09-18 00:00:00-04:00,16.433872196345156,16.79485186326793,16.16949447478979,16.545724868774414,8970000,0.0,0.0
2009-09-21 00:00:00-04:00,16.34574688148809,16.584704562543926,15.33737743642061,16.42031478881836,4635500,0.0,0.0
2009-09-22 00:00:00-04:00,16.627074057383116,16.84400095785541,16.184747988841966,16.752485275268555,6347500,0.0,0.0
2009-09-23 00:00:00-04:00,16.735536420287087,17.071094440046558,16.508441843716735,16.510135650634766,7224000,0.0,0.0
2009-09-24 00:00:00-04:00,16.52878335257595,16.52878335257595,15.632266298661541,15.766151428222656,8187000,0.0,0.0
2009-09-25 00:00:00-04:00,15.644128329364344,15.744117909635492,15.305181010537138,15.430590629577637,5547000,0.0,0.0
2009-09-28 00:00:00-04:00,15.50516618795256,16.147471727597768,15.476355291020637,16.098323822021484,5886000,0.0,0.0
2009-09-29 00:00:00-04:00,16.17458000250701,16.35422215206528,16.05764427512584,16.10679054260254,4672500,0.0,0.0
2009-09-30 00:00:00-04:00,16.201702201949786,16.777911985204174,16.069512470907352,16.47116470336914,11266500,0.0,0.0
2009-10-01 00:00:00-04:00,16.3406644479895,16.515221935240334,15.593285001404636,15.903421401977539,9814000,0.0,0.0
2009-10-02 00:00:00-04:00,15.761064292527545,15.977991203976883,15.422117003530555,15.476347923278809,9238000,0.0,0.0
2009-10-05 00:00:00-04:00,15.801745813101489,16.108493134458133,15.557703325598082,16.098323822021484,6924000,0.0,0.0
2009-10-06 00:00:00-04:00,16.262702712255926,16.344050691875882,15.983071052597118,16.18305015563965,5129000,0.0,0.0
2009-10-07 00:00:00-04:00,16.147467093720806,16.19153033043384,15.766151927581046,15.945794105529785,5786000,0.0,0.0
2009-10-08 00:00:00-04:00,16.084758747622804,16.084758747622804,15.789874695966908,15.823768615722656,7416500,0.0,0.0
2009-10-09 00:00:00-04:00,15.839014789827512,16.328794750124878,15.761057673400309,16.262699127197266,6257500,0.0,0.0
2009-10-12 00:00:00-04:00,16.333880617495517,16.43217635761429,16.03391359327861,16.201692581176758,3874500,0.0,0.0
2009-10-13 00:00:00-04:00,16.083062839966697,16.320326736023826,16.000021042026525,16.227115631103516,3763500,0.0,0.0
2009-10-14 00:00:00-04:00,16.43726408765136,16.693169558492837,16.286431219613277,16.48810577392578,8514000,0.0,0.0
2009-10-15 00:00:00-04:00,16.337273205254068,16.693168212944318,16.289820753059093,16.650798797607422,3656000,0.0,0.0
2009-10-16 00:00:00-04:00,16.7812988532683,18.006593882319613,16.777908006211174,17.937108993530273,18149500,0.0,0.0
2009-10-19 00:00:00-04:00,17.96591771538033,18.1794553941503,17.664255196994155,17.96930694580078,11182000,0.0,0.0
2009-10-20 00:00:00-04:00,17.87439772162183,18.289608248287713,17.78288205741109,17.955745697021484,6439000,0.0,0.0
2009-10-21 00:00:00-04:00,17.88286986406806,18.572627316265343,17.83711122830029,18.037090301513672,6511000,0.0,0.0
2009-10-22 00:00:00-04:00,17.991338354342584,18.298085509193058,17.879485675628086,18.059127807617188,3781000,0.0,0.0
2009-10-23 00:00:00-04:00,18.12691905067414,18.12691905067414,17.642223522978323,17.716793060302734,4429000,0.0,0.0
2009-10-26 00:00:00-04:00,17.752376736485424,18.209955041087447,17.443934226450438,17.498165130615234,3447000,0.0,0.0
2009-10-27 00:00:00-04:00,17.565956253790997,17.69475668382103,17.367672572149495,17.418514251708984,3627500,0.0,0.0
2009-10-28 00:00:00-04:00,17.410036784986048,17.66255294023794,17.035500300665348,17.050752639770508,5252500,0.0,0.0
2009-10-29 00:00:00-04:00,17.26598772662205,17.938799143303683,16.574534737748277,17.86762046813965,9622000,0.0,0.0
2009-10-30 00:00:00-04:00,17.77780103634393,18.099802157885936,16.9439905830869,16.97957992553711,6014000,0.0,0.0
2009-11-02 00:00:00-05:00,17.203285149014768,17.71170686257341,16.9846644425135,17.426990509033203,5024000,0.0,0.0
2009-11-03 00:00:00-05:00,17.29140979165881,17.59137845813576,16.354219030716756,17.169387817382812,10404000,0.0,0.0
2009-11-04 00:00:00-05:00,17.386313864209935,17.508335832661075,16.87619842135693,16.927040100097656,3585500,0.0,0.0
2009-11-05 00:00:00-05:00,17.09651472895452,17.745598297046993,17.09651472895452,17.7150936126709,5082000,0.0,0.0
2009-11-06 00:00:00-05:00,17.584604366800175,18.01337195767097,17.415129899168534,17.965919494628906,5432000,0.0,0.0
2009-11-09 00:00:00-05:00,18.216739608661594,18.455698953879786,18.025234340784973,18.289613723754883,4289500,0.0,0.0
2009-11-10 00:00:00-05:00,18.160809249128388,18.289609681528535,17.987947212199646,18.209957122802734,4162500,0.0,0.0
2009-11-11 00:00:00-05:00,18.31502762494896,18.631943988922547,18.18453179589819,18.3251953125,4563500,0.0,0.0
2009-11-12 00:00:00-05:00,18.22689868551806,18.557371920613207,18.191309359660263,18.274351119995117,3672500,0.0,0.0
2009-11-13 00:00:00-05:00,18.220124281053725,18.470945040323613,18.091323863835132,18.392986297607422,2722500,0.0,0.0
2009-11-16 00:00:00-05:00,18.470954309433242,18.870912679675666,18.401469413636434,18.647207260131836,4371000,0.0,0.0
2009-11-17 00:00:00-05:00,18.73702280904861,18.814981571189882,18.4489172213679,18.518402099609375,2736000,0.0,0.0
2009-11-18 00:00:00-05:00,18.559077075722108,18.59975107409741,18.38790881410189,18.540433883666992,2534000,0.0,0.0
2009-11-19 00:00:00-05:00,18.4048512551647,18.462473010614772,17.879483461405883,18.093019485473633,4729500,0.0,0.0
2009-11-20 00:00:00-05:00,17.98116702920962,18.186230789245744,17.80999880012037,18.094715118408203,3022000,0.0,0.0
2009-11-23 00:00:00-05:00,18.30147881743607,18.728552629851283,18.23368934905633,18.404857635498047,3652500,0.0,0.0
2009-11-24 00:00:00-05:00,18.409938289117406,18.411633712355513,18.003201567233727,18.213348388671875,2363500,0.0,0.0
2009-11-25 00:00:00-05:00,18.19470880152822,18.382824838786494,18.138782455754903,18.289613723754883,2095500,0.0,0.0
2009-11-27 00:00:00-05:00,17.835415104383355,18.086235816572003,17.662551504049976,17.764236450195312,2375000,0.0,0.0
2009-11-30 00:00:00-05:00,17.806607820242053,18.12691344480782,17.706618276494744,18.098102569580078,3592500,0.0,0.0
2009-12-01 00:00:00-05:00,18.260801990607046,18.384517791683145,18.048959732636067,18.270971298217773,2742000,0.0,0.0
2009-12-02 00:00:00-05:00,18.23368374982121,18.60144186650082,18.015063064270983,18.069293975830078,4251500,0.0,0.0
2009-12-03 00:00:00-05:00,18.135389787039948,18.206568465215934,17.760851590723185,17.809999465942383,3808500,0.0,0.0
2009-12-04 00:00:00-05:00,18.06929242364769,18.17436662402379,17.4269873419479,17.81169319152832,4340000,0.0,0.0
2009-12-07 00:00:00-05:00,17.76254933334469,17.76254933334469,17.328697131454685,17.630359649658203,5057000,0.0,0.0
2009-12-08 00:00:00-05:00,17.57104132137725,17.813388228684968,17.484610302463143,17.801525115966797,3745000,0.0,0.0
2009-12-09 00:00:00-05:00,17.801524026108446,17.955746098230637,17.60832500455899,17.854061126708984,3660000,0.0,0.0
2009-12-10 00:00:00-05:00,17.61171616930977,18.30316920294642,17.61171616930977,17.964221954345703,4689500,0.0,0.0
2009-12-11 00:00:00-05:00,18.167591793923464,18.63703332728441,18.048959035009943,18.555686950683594,5666000,0.0,0.0
2009-12-14 00:00:00-05:00,18.653975617594835,18.69973425418153,18.359091654522107,18.601438522338867,4132500,0.0,0.0
2009-12-15 00:00:00-05:00,18.460777324843743,18.508229773961187,18.033703666558925,18.086240768432617,4622500,0.0,0.0
2009-12-16 00:00:00-05:00,18.167586797661983,18.218428471084056,17.943881495131677,18.120134353637695,2646500,0.0,0.0
2009-12-17 00:00:00-05:00,18.023538465865126,18.18114817702025,17.972695163738134,18.059127807617188,3750500,0.0,0.0
2009-12-18 00:00:00-05:00,18.13369848839405,18.245551184176286,17.674424589537537,18.07777214050293,5459500,0.0,0.0
2009-12-21 00:00:00-05:00,18.035395966759143,18.43196487229698,18.035395966759143,18.320112228393555,3005000,0.0,0.0
2009-12-22 00:00:00-05:00,18.357399007382085,18.73532641932046,18.308252750257463,18.69126319885254,2835000,0.0,0.0
2009-12-23 00:00:00-05:00,18.71498864780977,18.71498864780977,18.406546117326894,18.453998565673828,2514000,0.0,0.0
2009-12-24 00:00:00-05:00,18.45230809777955,18.594667097276393,18.39807717545672,18.589582443237305,494000,0.0,0.0
2009-12-28 00:00:00-05:00,18.679403898512106,19.248835034734093,18.591277439590726,19.06919288635254,5088000,0.0,0.0
2009-12-29 00:00:00-05:00,19.070889112284103,19.32001453776517,18.96411945656395,19.082752227783203,3251500,0.0,0.0
2009-12-30 00:00:00-05:00,19.030208092508364,19.477618701997084,18.91327078787536,19.20646095275879,3831500,0.0,0.0
2009-12-31 00:00:00-05:00,19.191209029792624,19.27764003896902,19.00817609046919,19.031902313232422,2215500,0.0,0.0
2010-01-04 00:00:00-05:00,19.165790469801095,19.23527534263898,18.96411592761686,19.12850570678711,3637000,0.0,0.0
2010-01-05 00:00:00-05:00,18.981059523019937,18.982754945786716,18.26079576810809,18.408239364624023,7804000,0.0,0.0
2010-01-06 00:00:00-05:00,18.167587782545688,18.396376133461693,17.732040264879668,17.840503692626953,9618000,0.0,0.0
2010-01-07 00:00:00-05:00,17.75576830344921,18.398073437303932,17.718483541785197,18.326894760131836,6298500,0.0,0.0
2010-01-08 00:00:00-05:00,18.25402151473575,18.743801627399126,18.096411810220513,18.3845157623291,6318000,0.0,0.0
2010-01-11 00:00:00-05:00,18.440446345679476,18.60992081886579,18.24724725642284,18.387910842895508,3100000,0.0,0.0
2010-01-12 00:00:00-05:00,18.28114010916594,18.467562341983214,17.757465989531408,17.918466567993164,7038500,0.0,0.0
2010-01-13 00:00:00-05:00,17.986249536299006,18.343839910479023,17.86931223120218,18.238765716552734,5804000,0.0,0.0
2010-01-14 00:00:00-05:00,18.22690840560408,18.759056387239124,18.130308062663108,18.576025009155273,4959500,0.0,0.0
2010-01-15 00:00:00-05:00,18.542135887208868,18.64721015092882,18.133703567608215,18.1387882232666,4206500,0.0,0.0
2010-01-19 00:00:00-05:00,18.113361293322715,18.581109072140997,18.032014907590156,18.486204147338867,4762500,0.0,0.0
2010-01-20 00:00:00-05:00,18.360782348113272,18.430267194489314,18.02522445746148,18.242151260375977,4676000,0.0,0.0
2010-01-21 00:00:00-05:00,18.262496961863707,18.33537107176666,17.203285698229575,17.55070686340332,11066000,0.0,0.0
2010-01-22 00:00:00-05:00,17.501564115696596,17.726964972270988,16.915185066563247,16.97450065612793,10386500,0.0,0.0
2010-01-25 00:00:00-05:00,17.565951527339912,17.704919609398715,17.099899421617714,17.103288650512695,5574500,0.0,0.0
2010-01-26 00:00:00-05:00,17.021947626813223,17.021947626813223,16.133906261673076,16.15254783630371,11907500,0.0,0.0
2010-01-27 00:00:00-05:00,16.372858164243627,16.49826772114354,15.845795061787756,16.449121475219727,11118500,0.0,0.0
2010-01-28 00:00:00-05:00,16.557595009891404,16.564373472185004,16.015277620690977,16.157636642456055,6062000,0.0,0.0
2010-01-29 00:00:00-05:00,16.322020279791793,16.777904873832593,16.04577943219292,16.181358337402344,7461500,0.0,0.0
2010-02-01 00:00:00-05:00,16.3271050558207,16.649106170282423,16.083062701365304,16.596569061279297,5944500,0.0,0.0
2010-02-02 00:00:00-05:00,16.640634235470298,17.028729425272566,16.528781543921532,16.784687042236328,5744000,0.0,0.0
2010-02-03 00:00:00-05:00,16.882978189465405,17.230399317540087,16.8406103899355,16.915178298950195,4853000,0.0,0.0
2010-02-04 00:00:00-05:00,16.794847457370107,16.794847457370107,15.93222641394599,16.196605682373047,9605500,0.0,0.0
2010-02-05 00:00:00-05:00,16.210166661750907,16.699946761793527,16.00849373884885,16.68808364868164,6857500,0.0,0.0
2010-02-08 00:00:00-05:00,16.860946486293752,17.059230169527613,16.445735931396484,16.445735931396484,8118000,0.0,0.0
2010-02-09 00:00:00-05:00,16.650794726869414,16.91008934367347,16.467763422799205,16.755868911743164,6248500,0.0,0.0
2010-02-10 00:00:00-05:00,16.36608316871565,16.598262402770253,16.006798915665843,16.215251922607422,11035500,0.0,0.0
2010-02-11 00:00:00-05:00,16.420318162868977,17.010086315275714,16.388118047495073,16.860950469970703,6733000,0.0,0.0
2010-02-12 00:00:00-05:00,16.721977869056992,17.082957538320397,16.65927307235763,17.033809661865234,4822500,0.0,0.0
2010-02-16 00:00:00-05:00,17.165996811533798,17.681196878422078,17.13549212923466,17.652387619018555,6140000,0.0,0.0
2010-02-17 00:00:00-05:00,17.689668501847752,17.752374897563097,17.218531711894514,17.423595428466797,5536500,0.0,0.0
2010-02-18 00:00:00-05:00,17.415129090787275,17.528677205101722,17.225317631201438,17.347339630126953,3133500,0.0,0.0
2010-02-19 00:00:00-05:00,17.233784388163734,17.64221640661748,17.2236167005726,17.5405330657959,5828000,0.0,0.0
2010-02-22 00:00:00-05:00,17.593079285796644,17.662564183563045,17.386321632473596,17.415132522583008,3766500,0.0,0.0
2010-02-23 00:00:00-05:00,17.31343883559888,17.579513559680066,17.260903352924355,17.316829681396484,4339000,0.0,0.0
2010-02-24 00:00:00-05:00,17.38969862249172,17.711699609584077,17.37275247808745,17.659162521362305,4109500,0.0,0.0
2010-02-25 00:00:00-05:00,17.377841127580844,17.871010454190916,17.26090542038941,17.809999465942383,4361000,0.0,0.0
2010-02-26 00:00:00-05:00,17.86253846009521,18.213348851223465,17.73204420297284,18.182844161987305,4721000,0.0,0.0
2010-03-01 00:00:00-05:00,18.172681674237364,18.379440964494833,18.011682667462345,18.318429946899414,3943000,0.0,0.0
2010-03-02 00:00:00-05:00,18.36587570698641,18.586191843117096,18.23538144860552,18.335371017456055,5128000,0.0,0.0
2010-03-03 00:00:00-05:00,18.367569497854213,18.503148397849877,18.155727264582495,18.191316604614258,4201500,0.0,0.0
2010-03-04 00:00:00-05:00,18.18283770508241,18.54720650438473,18.165889943201478,18.46416473388672,4111500,0.0,0.0
2010-03-05 00:00:00-05:00,18.550598015558357,18.604828920775628,18.362482037730118,18.547208786010742,4078500,0.0,0.0
2010-03-08 00:00:00-05:00,18.523477934484948,18.709898442844587,18.35400356962904,18.679393768310547,2684500,0.0,0.0
2010-03-09 00:00:00-05:00,18.625168095876102,18.68448366047636,18.46755839797084,18.592967987060547,4824500,0.0,0.0
2010-03-10 00:00:00-05:00,18.615001089850093,18.708210573548225,18.33367398315121,18.64211654663086,4408000,0.0,0.0
2010-03-11 00:00:00-05:00,18.606524532015502,18.977671838993786,18.5472089737625,18.92344093322754,3558000,0.0,0.0
2010-03-12 00:00:00-05:00,18.97936999666753,19.0810533636879,18.501452999742245,18.681095123291016,4762000,0.0,0.0
2010-03-15 00:00:00-04:00,18.40485069435973,18.50653566669445,18.135388346071384,18.453998565673828,3415000,0.0,0.0
2010-03-16 00:00:00-04:00,18.47434366875228,18.557385489807466,18.298090716831098,18.42350196838379,2029000,0.0,0.0
2010-03-17 00:00:00-04:00,18.515006696177576,18.69295335005955,18.43874338273457,18.548900604248047,2911500,0.0,0.0
2010-03-18 00:00:00-04:00,18.616694883686616,18.884463453692934,18.401463420284344,18.564159393310547,3108000,0.0,0.0
2010-03-19 00:00:00-04:00,18.321815490722656,18.711606139081297,18.257415254483533,18.321815490722656,4318000,0.0,0.0
2010-03-22 00:00:00-04:00,18.20656606333228,18.669229026667754,18.115050401146565,18.621776580810547,2470500,0.0,0.0
2010-03-23 00:00:00-04:00,18.67770448204348,18.681093711857695,18.42010523765697,18.6166934967041,2417000,0.0,0.0
2010-03-24 00:00:00-04:00,18.582799435617538,18.853957213347886,18.423494322012353,18.725156784057617,3467500,0.0,0.0
2010-03-25 00:00:00-04:00,18.82345122229646,19.013261007039844,18.60313513912808,18.625165939331055,3265000,0.0,0.0
2010-03-26 00:00:00-04:00,18.68617950058678,19.04037908923473,18.68448407746268,18.82514762878418,3185500,0.0,0.0
2010-03-29 00:00:00-04:00,18.894634885021954,18.981065918241224,18.698044972992005,18.872602462768555,3769500,0.0,0.0
2010-03-30 00:00:00-04:00,18.872595869434992,18.89632209050925,18.626859777419078,18.703123092651367,2385500,0.0,0.0
2010-03-31 00:00:00-04:00,18.69634733900407,19.25561231870762,18.67601195872129,19.01156997680664,6380500,0.0,0.0
2010-04-01 00:00:00-04:00,19.10477973051981,19.31323273553671,18.962422369156066,19.09630584716797,3868500,0.0,0.0
2010-04-05 00:00:00-04:00,19.087829277206108,19.174261905492703,18.648892525220212,18.708208084106445,5715000,0.0,0.0
2010-04-06 00:00:00-04:00,18.459086550669067,18.484506586170838,17.90490617980025,18.145559310913086,7411000,0.0,0.0
2010-04-07 00:00:00-04:00,18.113355179605772,18.22181860686831,17.920156164500767,17.99302864074707,2956500,0.0,0.0
2010-04-08 00:00:00-04:00,17.923556656397068,18.216745400961,17.88457806754987,18.1387882232666,3489000,0.0,0.0
2010-04-09 00:00:00-04:00,18.147247055180532,18.304856703774533,18.06928832593402,18.14046859741211,2989000,0.0,0.0
2010-04-12 00:00:00-04:00,18.128613102676233,18.594667060449293,18.128613102676233,18.401466369628906,3559000,0.0,0.0
2010-04-13 00:00:00-04:00,18.430272679752985,18.553988455564575,18.350620123390502,18.459083557128906,2264500,0.0,0.0
2010-04-14 00:00:00-04:00,18.526874742807028,18.77261089453237,18.474337635883433,18.75735855102539,3617500,0.0,0.0
2010-04-15 00:00:00-04:00,18.698049412085275,18.921754837036133,18.698049412085275,18.921754837036133,3201500,0.0,0.0
2010-04-16 00:00:00-04:00,18.840397860713786,18.904798072565374,18.16758809836808,18.220125198364258,4925500,0.0,0.0
2010-04-19 00:00:00-04:00,18.138776725310347,18.59635503879273,18.0997981611712,18.547208786010742,2912000,0.0,0.0
2010-04-20 00:00:00-04:00,18.637029833905306,19.06579890671017,18.45399850057627,19.0522403717041,4692000,0.0,0.0
2010-04-21 00:00:00-04:00,19.099697526630443,19.13020221504531,18.692959189139902,18.959033966064453,2871500,0.0,0.0
2010-04-22 00:00:00-04:00,18.84040018732988,20.118233660785492,18.752273740884664,19.80131721496582,9719000,0.0,0.0
2010-04-23 00:00:00-04:00,19.877577636477106,20.11314606146409,19.65048309351031,20.041967391967773,4883500,0.0,0.0
2010-04-26 00:00:00-04:00,20.082647238635822,20.787657296400607,20.002994663879292,20.384309768676758,7469000,0.0,0.0
2010-04-27 00:00:00-04:00,20.499551387539917,20.506331464771353,19.594562194478204,19.628456115722656,6112000,0.0,0.0
2010-04-28 00:00:00-04:00,19.796231232212946,20.03179967588415,19.525073450970797,19.73522186279297,3442500,0.0,0.0
2010-04-29 00:00:00-04:00,19.996213494254,20.250425166460857,19.66065544457257,20.136877059936523,3234500,0.0,0.0
2010-04-30 00:00:00-04:00,20.02841771272847,20.226703083968545,19.758955256750028,19.76573371887207,3870000,0.0,0.0
2010-05-03 00:00:00-04:00,19.879270654891137,19.994514152813895,19.65895619601305,19.804702758789062,3133000,0.0,0.0
2010-05-04 00:00:00-04:00,19.60811582518412,19.67251604258975,19.159011342652967,19.223411560058594,3131000,0.0,0.0
2010-05-05 00:00:00-04:00,19.13359133698351,20.336855342745046,19.026823311907776,20.15721321105957,5933000,0.0,0.0
2010-05-06 00:00:00-04:00,20.158903735846263,20.408029067154338,18.642112867644123,19.835208892822266,8548000,0.0,0.0
2010-05-07 00:00:00-04:00,19.87927686001634,20.099593003891663,19.233582389919878,19.435256958007812,6483000,0.0,0.0
2010-05-10 00:00:00-04:00,20.20296301893488,20.940174472626257,20.0758580417405,20.91136360168457,7146000,0.0,0.0
2010-05-11 00:00:00-04:00,20.755462481239242,21.158810111948423,20.379230318092734,20.40973663330078,8583000,0.0,0.0
2010-05-12 00:00:00-04:00,20.501242336594135,20.996105438849888,20.501242336594135,20.77409553527832,5752500,0.0,0.0
2010-05-13 00:00:00-04:00,20.770702789428306,21.184219490890307,20.65207167747218,20.662240982055664,4234000,0.0,0.0
2010-05-14 00:00:00-04:00,20.5537815310583,20.572423104760794,19.8284329526365,20.030107498168945,4776500,0.0,0.0
2010-05-17 00:00:00-04:00,20.123323122867905,20.291102186066524,19.755564876287387,20.228397369384766,5738000,0.0,0.0
2010-05-18 00:00:00-04:00,20.343639284694017,20.541924660379532,19.297986324302823,19.436954498291016,6558000,0.0,0.0
2010-05-19 00:00:00-04:00,19.314922801737634,19.557269656719424,18.85564911855138,19.323396682739258,4858500,0.0,0.0
2010-05-20 00:00:00-04:00,18.894622624712905,19.15052794409961,18.540421604979084,18.560758590698242,5429000,0.0,0.0
2010-05-21 00:00:00-04:00,18.470950141106695,19.52338295292633,18.29130799977723,19.50473976135254,7121000,0.0,0.0
2010-05-24 00:00:00-04:00,19.581006869206686,19.9640174546162,19.347133763937364,19.350522994995117,5357500,0.0,0.0
2010-05-25 00:00:00-04:00,18.916663037354972,19.336958262265597,18.540431034541655,19.303064346313477,4997000,0.0,0.0
2010-05-26 00:00:00-04:00,19.367467240196856,19.618288071315387,19.075970795105942,19.16748809814453,3912500,0.0,0.0
2010-05-27 00:00:00-04:00,19.392891140357804,19.90470221211566,19.392891140357804,19.887754440307617,3914000,0.0,0.0
2010-05-28 00:00:00-04:00,19.845378071735027,20.038578708110176,19.59116806911744,19.680988311767578,3885500,0.0,0.0
2010-06-01 00:00:00-04:00,19.60641789849119,20.04026994704701,19.343732431052974,19.630144119262695,4083000,0.0,0.0
2010-06-02 00:00:00-04:00,19.84030074761335,20.591069537101948,19.84030074761335,20.57412338256836,7605500,0.0,0.0
2010-06-03 00:00:00-04:00,20.713084032821598,20.75884105780512,20.385999933671442,20.543609619140625,3967000,0.0,0.0
2010-06-04 00:00:00-04:00,20.10637014564218,20.426675815119566,19.88774784081378,19.980958938598633,5358000,0.0,0.0
2010-06-07 00:00:00-04:00,20.109760772251708,20.409729466386462,19.808096654889614,19.823348999023438,3967000,0.0,0.0
2010-06-08 00:00:00-04:00,19.936895278648176,20.019937068408627,19.235274582795544,19.670822143554688,5484000,0.0,0.0
2010-06-09 00:00:00-04:00,19.675905273766602,20.13348525550039,19.350516573013074,19.452199935913086,4356500,0.0,0.0
2010-06-10 00:00:00-04:00,19.62676102870414,20.19958135182945,19.62676102870414,20.16229820251465,4244000,0.0,0.0
2010-06-11 00:00:00-04:00,20.036890571574904,21.01475398850044,20.036890571574904,20.914764404296875,6052500,0.0,0.0
2010-06-14 00:00:00-04:00,21.23168836585115,21.255414606602965,20.79614052778829,20.831729888916016,5655000,0.0,0.0
2010-06-15 00:00:00-04:00,20.87239528263523,21.08423755395399,20.663942241990874,20.88764762878418,6359500,0.0,0.0
2010-06-16 00:00:00-04:00,20.66393256257682,21.95193335676342,20.66393256257682,21.512996673583984,9850000,0.0,0.0
2010-06-17 00:00:00-04:00,20.999490369155936,21.099479899686497,20.4724272677314,20.731721878051758,11812500,0.0,0.0
2010-06-18 00:00:00-04:00,20.714778513947504,20.884252933145977,20.604621272827988,20.70461082458496,5546000,0.0,0.0
2010-06-21 00:00:00-04:00,20.879175692824397,21.019839284425274,20.477523536423107,20.58768081665039,3561500,0.0,0.0
2010-06-22 00:00:00-04:00,20.633440864075922,20.914766449980405,20.199586943496264,20.23687171936035,3334500,0.0,0.0
2010-06-23 00:00:00-04:00,20.145351149157065,20.362278057088346,19.762340637990608,19.916561126708984,3430000,0.0,0.0
2010-06-24 00:00:00-04:00,19.726746280564164,19.819955749693378,19.364071243982195,19.40813446044922,4682500,0.0,0.0
2010-06-25 00:00:00-04:00,19.57422068485216,20.191104132163893,19.48948347692432,20.058916091918945,5027000,0.0,0.0
2010-06-28 00:00:00-04:00,20.058920543092462,20.25211960986462,19.633540602312916,19.997909545898438,5022000,0.0,0.0
2010-06-29 00:00:00-04:00,19.760642287456136,19.825042504215514,19.164094187128143,19.299673080444336,5494500,0.0,0.0
2010-06-30 00:00:00-04:00,19.282731336492308,19.642015647488996,19.079362950054275,19.15562629699707,4210000,0.0,0.0
2010-07-01 00:00:00-04:00,19.255614044852134,19.394582186609874,18.594665639572963,19.087833404541016,4072500,0.0,0.0
2010-07-02 00:00:00-04:00,19.101390263373435,19.10308568651396,17.754073535483023,18.00320053100586,9594000,0.0,0.0
2010-07-06 00:00:00-04:00,18.235380628250766,18.284526890702274,17.24226344515658,17.610021591186523,8047000,0.0,0.0
2010-07-07 00:00:00-04:00,17.6388344938599,18.14556083412398,17.38292899671865,18.09641456604004,7591000,0.0,0.0
2010-07-08 00:00:00-04:00,18.15911425240516,18.304860824601477,17.88965029260545,18.186229705810547,4490500,0.0,0.0
2010-07-09 00:00:00-04:00,18.14894858082711,18.337064601845494,17.90321241181465,18.07268524169922,4116500,0.0,0.0
2010-07-12 00:00:00-04:00,18.021839702707126,18.186229460083528,17.928630231871292,18.067598342895508,2672500,0.0,0.0
2010-07-13 00:00:00-04:00,18.254023276266427,18.40485453516355,18.17775993515738,18.303171157836914,4050000,0.0,0.0
2010-07-14 00:00:00-04:00,18.19979140092724,18.270970084561608,17.69814815279481,17.947275161743164,6299000,0.0,0.0
2010-07-15 00:00:00-04:00,17.93202162067981,18.091326744722263,17.56595730377796,17.88456916809082,5125500,0.0,0.0
2010-07-16 00:00:00-04:00,17.676110100886795,17.85914138839692,17.174467058429624,17.208362579345703,4977000,0.0,0.0
2010-07-19 00:00:00-04:00,17.250734211960953,17.555787503336834,17.19311407627006,17.43715476989746,3670000,0.0,0.0
2010-07-20 00:00:00-04:00,17.45749566104958,18.27435997793959,17.37276005339742,18.22521209716797,6911500,0.0,0.0
2010-07-21 00:00:00-04:00,18.48619768546057,18.48619768546057,17.659165880785924,17.68967056274414,3757000,0.0,0.0
2010-07-22 00:00:00-04:00,17.93032900113559,18.21673918457117,17.833728657734515,18.052350997924805,2420500,0.0,0.0
2010-07-23 00:00:00-04:00,17.904898625882055,18.386204685048966,17.904898625882055,18.364173889160156,2425500,0.0,0.0
2010-07-26 00:00:00-04:00,18.41671764972593,18.41671764972593,18.11674893902451,18.303171157836914,2872000,0.0,0.0
2010-07-27 00:00:00-04:00,18.38281677696796,18.455690860102184,18.099795941602334,18.167585372924805,3281000,0.0,0.0
2010-07-28 00:00:00-04:00,18.15911618238229,18.34045210948853,18.040485050983072,18.074378967285156,2012000,0.0,0.0
2010-07-29 00:00:00-04:00,18.13708805937939,18.33028876161967,17.913382663618368,18.04387855529785,1981000,0.0,0.0
2010-07-30 00:00:00-04:00,17.90829230208468,18.043871176421657,17.647302241683537,17.899818420410156,3048000,0.0,0.0
2010-08-02 00:00:00-04:00,18.133698421369953,18.447225699590206,18.089635189369258,18.411636352539062,3425500,0.0,0.0
2010-08-03 00:00:00-04:00,18.34553767789177,18.37604398193638,18.091327636145515,18.20318031311035,3871500,0.0,0.0
2010-08-04 00:00:00-04:00,18.34553976453285,18.904803212968257,18.34553976453285,18.694656372070312,5296500,0.0,0.0
2010-08-05 00:00:00-04:00,18.64211515442417,18.64211515442417,18.29638785354765,18.465862274169922,2985000,0.0,0.0
2010-08-06 00:00:00-04:00,18.22182299199949,18.46586535801272,18.08285484896882,18.18962287902832,2669500,0.0,0.0
2010-08-09 00:00:00-04:00,18.299777039392886,18.41671273046116,17.97608218602843,18.394681930541992,3327500,0.0,0.0
2010-08-10 00:00:00-04:00,18.209962097994524,18.303173217891803,17.859151659145446,18.006593704223633,5017500,0.0,0.0
2010-08-11 00:00:00-04:00,17.779496874927123,17.793053796427838,17.25073814692432,17.289716720581055,6833500,0.0,0.0
2010-08-12 00:00:00-04:00,17.096516074792568,17.18125167500274,16.86603065213345,17.033809661865234,3609500,0.0,0.0
2010-08-13 00:00:00-04:00,17.00160698591718,17.081261153355662,16.196607591822023,16.34743881225586,9487000,0.0,0.0
2010-08-16 00:00:00-04:00,16.489797997086868,16.71180952783045,16.299988191238707,16.644020080566406,5889000,0.0,0.0
2010-08-17 00:00:00-04:00,16.794858345896625,17.00670065927318,16.559289796860526,16.932132720947266,6032500,0.0,0.0
2010-08-18 00:00:00-04:00,16.89992680121805,16.955853139833877,16.71689544142589,16.89484214782715,4029500,0.0,0.0
2010-08-19 00:00:00-04:00,16.815188983589913,16.91348312035894,16.501663383588657,16.510135650634766,3442000,0.0,0.0
2010-08-20 00:00:00-04:00,16.357611306956304,16.559284242415718,16.354220460517823,16.447431564331055,4061000,0.0,0.0
2010-08-23 00:00:00-04:00,16.466070057507658,16.610122819978706,16.32201729503661,16.350828170776367,5391000,0.0,0.0
2010-08-24 00:00:00-04:00,16.1881385837424,16.1881385837424,15.876306744112432,15.916980743408203,7524000,0.0,0.0
2010-08-25 00:00:00-04:00,15.835628353040839,16.311849864951814,15.622092340301391,16.206775665283203,8339000,0.0,0.0
2010-08-26 00:00:00-04:00,16.30676760093309,16.48810515063521,16.127125474408185,16.215251922607422,4963500,0.0,0.0
2010-08-27 00:00:00-04:00,16.332190330199097,16.499969354251704,16.232200761837603,16.496580123901367,6517000,0.0,0.0
2010-08-30 00:00:00-04:00,16.472851600270904,16.48640851978355,15.99493463043669,16.0017147064209,3673000,0.0,0.0
2010-08-31 00:00:00-04:00,15.930536413078082,16.267789879806895,15.930536413078082,16.194915771484375,5712500,0.0,0.0
2010-09-01 00:00:00-04:00,16.52539160637031,16.84739112854004,16.508443837775015,16.84739112854004,3774000,0.0,0.0
2010-09-02 00:00:00-04:00,16.774516146159836,17.076180269836147,16.628769545996114,17.057537078857422,2659500,0.0,0.0
2010-09-03 00:00:00-04:00,17.249045142220233,17.34395006205239,16.989748803605913,17.342254638671875,3083000,0.0,0.0
2010-09-07 00:00:00-04:00,17.238870488636138,17.606628555172524,17.188028813953178,17.498165130615234,6035000,0.0,0.0
2010-09-08 00:00:00-04:00,17.50494692789354,17.79474627994651,17.50494692789354,17.640525817871094,4514000,0.0,0.0
2010-09-09 00:00:00-04:00,17.857447832745162,17.872700172260977,17.599848635007625,17.691364288330078,2883000,0.0,0.0
2010-09-10 00:00:00-04:00,17.674422422967297,17.9642234353668,17.674422422967297,17.882875442504883,2244000,0.0,0.0
2010-09-13 00:00:00-04:00,18.054039459536043,18.25401854820612,17.974386908644377,18.174365997314453,2169000,0.0,0.0
2010-09-14 00:00:00-04:00,18.148952755141483,18.274364003408074,18.015069237225898,18.038795471191406,3280000,0.0,0.0
2010-09-15 00:00:00-04:00,18.004892681538728,18.184534787649213,17.933714008288355,18.160808563232422,3122500,0.0,0.0
2010-09-16 00:00:00-04:00,18.15402386823962,18.18791938646571,17.882866187339985,18.001497268676758,3471000,0.0,0.0
2010-09-17 00:00:00-04:00,18.065903919307413,18.098104026643583,17.772715339720865,17.787967681884766,3847500,0.0,0.0
2010-09-20 00:00:00-04:00,17.828645156790994,17.864234500872733,17.616802899412175,17.782886505126953,9098500,0.0,0.0
2010-09-21 00:00:00-04:00,17.787966296916178,17.881175765650678,17.472745323903176,17.53883934020996,3825000,0.0,0.0
2010-09-22 00:00:00-04:00,17.50494556791019,17.772714097246734,17.388008259115516,17.430376052856445,3199000,0.0,0.0
2010-09-23 00:00:00-04:00,17.335475017202075,17.37953824363581,17.076180312172657,17.12871742248535,7124500,0.0,0.0
2010-09-24 00:00:00-04:00,17.330387747036227,17.74390449026379,17.298187639649083,17.7150936126709,3226000,0.0,0.0
2010-09-27 00:00:00-04:00,17.75915765564711,17.965915228730857,17.671031212000276,17.806610107421875,2989000,0.0,0.0
2010-09-28 00:00:00-04:00,17.811699371723424,17.969309110746266,17.62188789925625,17.937108993530273,3117000,0.0,0.0
2010-09-29 00:00:00-04:00,17.838807720566926,17.938797263168432,17.67780719869305,17.833723068237305,2149500,0.0,0.0
2010-09-30 00:00:00-04:00,17.989638436193616,18.16589129391437,17.747291564941406,17.747291564941406,3248000,0.0,0.0
2010-10-01 00:00:00-04:00,17.901512490579446,18.167587207148355,17.808303023242704,18.05742835998535,3680000,0.0,0.0
2010-10-04 00:00:00-04:00,17.971002498837397,18.27097121229255,17.935413154823546,18.1947078704834,4576000,0.0,0.0
2010-10-05 00:00:00-04:00,18.357400031233535,18.95394815574546,18.21334724921672,18.8624324798584,5368000,0.0,0.0
2010-10-06 00:00:00-04:00,18.79125331944863,18.926832214790984,18.684483686789886,18.7760009765625,3101000,0.0,0.0
2010-10-07 00:00:00-04:00,18.8556587620588,19.072584084979653,18.76922610137378,18.879384994506836,3328000,0.0,0.0
2010-10-08 00:00:00-04:00,18.896322215889917,19.096301289829917,18.748880236456547,19.042070388793945,2600000,0.0,0.0
2010-10-11 00:00:00-04:00,19.03529624386062,19.07766404388183,18.911580457623373,18.97767448425293,1932500,0.0,0.0
2010-10-12 00:00:00-04:00,18.955647014536698,19.252224899300572,18.830235783102076,19.19121551513672,4021500,0.0,0.0
2010-10-13 00:00:00-04:00,19.301371892801754,19.48948792315077,19.116645092946605,19.140371322631836,5909500,0.0,0.0
2010-10-14 00:00:00-04:00,19.133593071124878,19.31493064247151,18.99123569145491,19.142066955566406,4456500,0.0,0.0
2010-10-15 00:00:00-04:00,19.33356132740221,19.525066482461863,19.11832995576317,19.489477157592773,4230000,0.0,0.0
2010-10-18 00:00:00-04:00,19.489481206556846,19.811480619698933,19.375933134889078,19.79283905029297,3255500,0.0,0.0
2010-10-19 00:00:00-04:00,19.535242321012785,19.85554635200776,19.328483143633157,19.653873443603516,5122500,0.0,0.0
2010-10-20 00:00:00-04:00,19.653877386385613,19.85385652814389,19.59286638985898,19.65726661682129,3930000,0.0,0.0
2010-10-21 00:00:00-04:00,19.733529717316113,20.058920078587672,19.679298798551585,20.028413772583008,3146000,0.0,0.0
2010-10-22 00:00:00-04:00,20.0385810976017,20.182633880589915,19.77759098832503,19.80131721496582,3379000,0.0,0.0
2010-10-25 00:00:00-04:00,19.906384466964735,19.997900111467253,19.550489575576098,19.592857360839844,6348000,0.0,0.0
2010-10-26 00:00:00-04:00,19.228496161657983,19.391192141492564,18.764137682298195,19.179349899291992,5157500,0.0,0.0
2010-10-27 00:00:00-04:00,19.070884063819218,19.464062194661775,19.057325528454506,19.433557510375977,2655500,0.0,0.0
2010-10-28 00:00:00-04:00,19.55049964743818,19.58439356986488,19.34204661014937,19.416614532470703,4370000,0.0,0.0
2010-10-29 00:00:00-04:00,19.32510161227699,19.586091802173183,19.286123030216395,19.46746063232422,4053500,0.0,0.0
2010-11-01 00:00:00-04:00,19.408143876149598,19.59117690612108,19.074281169250703,19.36577606201172,6433000,0.0,0.0
2010-11-02 00:00:00-04:00,19.60472115599542,19.611499613980225,19.17595217202099,19.23357391357422,2684000,0.0,0.0
2010-11-03 00:00:00-04:00,19.29797506627316,19.328479744938925,18.870901483814748,19.0657958984375,4235500,0.0,0.0
2010-11-04 00:00:00-04:00,19.25053041212494,19.450509559489664,19.125119185120077,19.442035675048828,4188500,0.0,0.0
2010-11-05 00:00:00-04:00,19.516600474462017,19.94198035449044,19.44881102600392,19.90300178527832,4682500,0.0,0.0
2010-11-08 00:00:00-05:00,19.801309967497986,19.906384142007898,19.545404605087562,19.88435173034668,3243500,0.0,0.0
2010-11-09 00:00:00-05:00,19.91317218696921,19.91317218696921,19.46576144297293,19.511518478393555,1930500,0.0,0.0
2010-11-10 00:00:00-05:00,19.51490511777409,19.69115799301333,19.281030488619024,19.652177810668945,1921000,0.0,0.0
2010-11-11 00:00:00-05:00,19.484403224397873,19.64201456371074,19.340350423257398,19.435256958007812,2099500,0.0,0.0
2010-11-12 00:00:00-05:00,19.320013380829725,19.4013613772255,18.95733985998355,19.025129318237305,2622500,0.0,0.0
2010-11-15 00:00:00-05:00,19.109868359041307,19.389500102909516,19.07766824209719,19.209857940673828,2240500,0.0,0.0
2010-11-16 00:00:00-05:00,19.109867100931915,19.245446021382804,18.740413492154893,18.770919799804688,2523500,0.0,0.0
2010-11-17 00:00:00-05:00,18.799725292307464,18.957334974420906,18.70312497553974,18.926830291748047,2350000,0.0,0.0
2010-11-18 00:00:00-05:00,19.108172983262364,19.30984757054547,18.950563245176546,19.175962448120117,3196500,0.0,0.0
2010-11-19 00:00:00-05:00,19.175957493529133,19.49118012071174,19.059021787816913,19.452199935913086,3287500,0.0,0.0
2010-11-22 00:00:00-05:00,19.3132293641028,19.333566357351472,19.064102408977366,19.143754959106445,2438500,0.0,0.0
2010-11-23 00:00:00-05:00,18.926835084377863,19.121729573952884,18.813286974604814,18.94886589050293,2421000,0.0,0.0
2010-11-24 00:00:00-05:00,19.035298584967897,19.370856645036632,18.972592164452593,19.358993530273438,2181500,0.0,0.0
2010-11-26 00:00:00-05:00,19.194603219650524,19.401360818940685,19.098002880767314,19.162403106689453,1369000,0.0,0.0
2010-11-29 00:00:00-05:00,19.064104052011338,19.22341078222701,18.926831356036637,19.136978149414062,1953000,0.0,0.0
2010-11-30 00:00:00-05:00,18.948860464208234,19.15053497318531,18.870903337193702,19.099693298339844,2224500,0.0,0.0
2010-12-01 00:00:00-05:00,19.357296728571498,19.606423737087415,19.23527635915696,19.594560623168945,3028500,0.0,0.0
2010-12-02 00:00:00-05:00,19.65387319369246,20.47412658458594,19.596251439893756,20.394474029541016,4602000,0.0,0.0
2010-12-03 00:00:00-05:00,20.311431877700915,20.336853526451026,19.55388484670019,19.787757873535156,4961500,0.0,0.0
2010-12-06 00:00:00-05:00,19.74369531462439,20.00299161513832,19.716579858117797,19.98773765563965,2552500,0.0,0.0
2010-12-07 00:00:00-05:00,19.987734084218598,20.238556456714377,19.675902349541172,19.69285011291504,2679000,0.0,0.0
2010-12-08 00:00:00-05:00,19.72505466181848,20.019938699573306,19.69624378083599,20.00468635559082,2283000,0.0,0.0
2010-12-09 00:00:00-05:00,20.016548738835272,20.106370608697507,19.782675701774096,19.950454711914062,1646000,0.0,0.0
2010-12-10 00:00:00-05:00,19.9504589115084,20.047059261843707,19.797932212687208,19.921648025512695,1980500,0.0,0.0
2010-12-13 00:00:00-05:00,20.082654026888427,20.433464559074597,19.955547332763672,19.955547332763672,3980000,0.0,0.0
2010-12-14 00:00:00-05:00,19.941982388610818,19.941982388610818,19.63015057065054,19.723360061645508,2238000,0.0,0.0
2010-12-15 00:00:00-05:00,19.682686648268476,20.07586482230144,19.592864776094537,19.964012145996094,3341000,0.0,0.0
2010-12-16 00:00:00-05:00,19.940278387403183,20.065689553195934,19.71996234816046,19.889436721801758,3350500,0.0,0.0
2010-12-17 00:00:00-05:00,20.16569158113649,20.38092310239795,19.831827278280873,20.20636558532715,4057500,0.0,0.0
2010-12-20 00:00:00-05:00,20.226695326941506,20.419894353154692,20.15721046003873,20.177547454833984,2093000,0.0,0.0
2010-12-21 00:00:00-05:00,20.243652222106753,20.404652842941577,20.189421284682755,20.350421905517578,2151000,0.0,0.0
2010-12-22 00:00:00-05:00,20.350405957732033,20.6588467989901,20.350405957732033,20.413110733032227,1840000,0.0,0.0
2010-12-23 00:00:00-05:00,20.36735962232251,20.399559733144542,20.267370059700625,20.336854934692383,1703500,0.0,0.0
2010-12-27 00:00:00-05:00,20.260591528300655,20.489381533407915,20.24194995439521,20.482603073120117,1612500,0.0,0.0
2010-12-28 00:00:00-05:00,20.487690181335545,20.553785839073488,20.391089830012913,20.4893856048584,1308500,0.0,0.0
2010-12-29 00:00:00-05:00,20.489384041740276,20.49277327229909,20.201278433274574,20.31143569946289,1848000,0.0,0.0
2010-12-30 00:00:00-05:00,20.31143280521808,20.377528448495447,20.19788632465057,20.250423431396484,1103500,0.0,0.0
2010-12-31 00:00:00-05:00,20.187719682648964,20.30804625547736,20.17755199107939,20.19280433654785,939000,0.0,0.0
2011-01-03 00:00:00-05:00,20.302961601578474,20.50463617187626,20.136877992344694,20.19280433654785,3796500,0.0,0.0
2011-01-04 00:00:00-05:00,20.199578301695738,20.36735729696199,19.9080835306138,19.992820739746094,3078500,0.0,0.0
2011-01-05 00:00:00-05:00,19.935202064246166,20.189413730909383,19.864023379422576,19.9385929107666,2680000,0.0,0.0
2011-01-06 00:00:00-05:00,19.930120211974838,19.94706798067239,19.28103489366657,19.4013614654541,6585000,0.0,0.0
2011-01-07 00:00:00-05:00,19.430164674150145,19.496258683244257,19.00309109227905,19.323396682739258,3845500,0.0,0.0
2011-01-10 00:00:00-05:00,19.092919446293994,19.56744567071723,19.092919446293994,19.335268020629883,5016500,0.0,0.0
2011-01-11 00:00:00-05:00,19.445426636603376,19.574227105604695,19.062416076660156,19.062416076660156,3728500,0.0,0.0
2011-01-12 00:00:00-05:00,19.23527627448452,19.77420266813018,19.10986505916414,19.557275772094727,5411500,0.0,0.0
2011-01-13 00:00:00-05:00,19.547110615137054,19.78098369256163,19.420003960119686,19.718278884887695,3368000,0.0,0.0
2011-01-14 00:00:00-05:00,19.72335921025708,19.864022768546317,19.550497157066683,19.7047176361084,3989500,0.0,0.0
2011-01-18 00:00:00-05:00,19.76403164785955,19.891138275382193,19.67590520499932,19.787757873535156,2913000,0.0,0.0
2011-01-19 00:00:00-05:00,19.72335877225383,19.838602293458894,19.52507507271383,19.58439064025879,3493000,0.0,0.0
2011-01-20 00:00:00-05:00,19.455594069367706,19.6860795414058,19.19460552024521,19.582700729370117,5371000,0.0,0.0
2011-01-21 00:00:00-05:00,19.755560340542708,20.030109010908443,19.650487734378306,19.75895118713379,3164500,0.0,0.0
2011-01-24 00:00:00-05:00,19.670820737066144,19.972483189059155,19.670820737066144,19.79623031616211,2163000,0.0,0.0
2011-01-25 00:00:00-05:00,19.708107022141043,19.880970692926418,19.221717737396787,19.557275772094727,6336000,0.0,0.0
2011-01-26 00:00:00-05:00,19.611502885855227,19.62506142031433,19.408134566335068,19.484397888183594,2872000,0.0,0.0
2011-01-27 00:00:00-05:00,19.50643048020807,20.019935127966747,19.42847173476513,19.972482681274414,3911000,0.0,0.0
2011-01-28 00:00:00-05:00,19.992828825734193,20.079259876593547,19.601344345112555,19.813186645507812,3945500,0.0,0.0
2011-01-31 00:00:00-05:00,19.843684067675518,20.428369054976006,19.843684067675518,20.41989517211914,5794000,0.0,0.0
2011-02-01 00:00:00-05:00,20.430064464758907,20.760537814822335,20.40972746916123,20.57072639465332,3270000,0.0,0.0
2011-02-02 00:00:00-05:00,20.518197011560293,20.66055440687063,20.31482861130479,20.38600730895996,3235500,0.0,0.0
2011-02-03 00:00:00-05:00,20.385996260197597,20.385996260197597,19.96231191856915,20.211437225341797,3637000,0.0,0.0
2011-02-04 00:00:00-05:00,20.19788819187467,20.401256561279297,20.074172393414486,20.401256561279297,2623000,0.0,0.0
2011-02-07 00:00:00-05:00,20.565641828215593,20.64359895868485,20.35888265772298,20.391082763671875,1850000,0.0,0.0
2011-02-08 00:00:00-05:00,20.431761542931742,20.457183195556084,19.92164599693723,20.035192489624023,4797500,0.0,0.0
2011-02-09 00:00:00-05:00,20.33855243866907,20.92493133754012,20.25211978782764,20.8673095703125,13158000,0.0,0.0
2011-02-10 00:00:00-05:00,20.782572545567273,21.88923793496305,20.76054173897181,21.768911361694336,8152000,0.0,0.0
2011-02-11 00:00:00-05:00,21.62316405865576,21.946859023939925,21.513006788516886,21.824838638305664,3106500,0.0,0.0
2011-02-14 00:00:00-05:00,21.785859312595235,22.292587300855093,21.631638805012887,22.109554290771484,3525500,0.0,0.0
2011-02-15 00:00:00-05:00,22.031589841479672,22.067179177604196,21.33166299857515,21.47910499572754,4910500,0.0,0.0
2011-02-16 00:00:00-05:00,21.521476725051087,21.912961080806415,21.438433315590043,21.67230796813965,4018500,0.0,0.0
2011-02-17 00:00:00-05:00,21.524865308512027,21.951938991395274,21.524865308512027,21.845170974731445,4303000,0.0,0.0
2011-02-18 00:00:00-05:00,21.8807588014036,21.8807588014036,21.29268461450726,21.553674697875977,3898000,0.0,0.0
2011-02-22 00:00:00-05:00,21.28592136830805,21.374047868989962,20.55548769742294,20.72496223449707,7053000,0.0,0.0
2011-02-23 00:00:00-05:00,20.75037422502451,20.87578383705624,20.47243630775951,20.79952049255371,5367000,0.0,0.0
2011-02-24 00:00:00-05:00,20.679188642257866,21.150325511327708,20.591062205149278,20.953737258911133,3665000,0.0,0.0
2011-02-25 00:00:00-05:00,21.05203471216934,21.519782425461827,21.011360716886852,21.507919311523438,2748000,0.0,0.0
2011-02-28 00:00:00-05:00,21.601128117954747,22.073958818183616,21.49266468081653,21.726537704467773,3598500,0.0,0.0
2011-03-01 00:00:00-05:00,21.76043336929824,21.884149149747437,21.463853934341387,21.540117263793945,2696000,0.0,0.0
2011-03-02 00:00:00-05:00,21.458776699667826,21.81636724505111,21.39268265328182,21.609609603881836,3030500,0.0,0.0
2011-03-03 00:00:00-05:00,21.772292266175818,22.070565450210573,21.701113603463526,21.94346046447754,2825000,0.0,0.0
2011-03-04 00:00:00-05:00,21.997692218244428,22.106155639254634,21.814660902389296,22.073955535888672,3299000,0.0,0.0
2011-03-07 00:00:00-05:00,22.11294014650928,22.9433613092754,22.097686186940834,22.83150863647461,7937500,0.0,0.0
2011-03-08 00:00:00-05:00,22.636607281825448,22.636607281825448,22.111237994434205,22.36036491394043,4355000,0.0,0.0
2011-03-09 00:00:00-05:00,22.26376351635721,22.34850070256276,22.089206108782047,22.18919563293457,2503500,0.0,0.0
2011-03-10 00:00:00-05:00,21.97057859213679,22.036674227158574,21.47571550585458,21.623157501220703,3670500,0.0,0.0
2011-03-11 00:00:00-05:00,21.660444553575037,21.7841603382464,21.143548995473267,21.36556053161621,5814000,0.0,0.0
2011-03-14 00:00:00-04:00,21.22320378100556,21.285910199584553,20.9994984145342,21.148635864257812,4053000,0.0,0.0
2011-03-15 00:00:00-04:00,20.650382343248005,21.163887081552037,20.541918896157043,20.901203155517578,4092500,0.0,0.0
2011-03-16 00:00:00-04:00,20.86900861995424,21.302860908001783,20.830030038059768,20.97577667236328,3703500,0.0,0.0
2011-03-17 00:00:00-04:00,21.255404914060144,21.401153140412955,21.138467571547796,21.24184799194336,2837500,0.0,0.0
2011-03-18 00:00:00-04:00,21.519779244466182,21.597737993271974,20.999494498859907,21.14524269104004,3176000,0.0,0.0
2011-03-21 00:00:00-04:00,21.314715723033974,21.42148535008561,21.111347390700523,21.224895477294922,1633500,0.0,0.0
2011-03-22 00:00:00-04:00,21.15880032379593,21.48588605574527,21.12151717923033,21.31132698059082,2951500,0.0,0.0
2011-03-23 00:00:00-04:00,21.235070883841065,21.690955586439845,21.229987845450633,21.528261184692383,2352000,0.0,0.0
2011-03-24 00:00:00-04:00,21.638412977759632,21.71298250583035,21.41470762600351,21.574012756347656,2099000,0.0,0.0
2011-03-25 00:00:00-04:00,21.59096660713545,21.75027178236816,21.38420896406563,21.68926239013672,1856000,0.0,0.0
2011-03-28 00:00:00-04:00,21.484185549301277,21.733312470868494,21.3028480573556,21.321491241455078,2505000,0.0,0.0
2011-03-29 00:00:00-04:00,21.270656372854443,21.37573059602032,21.011361661555792,21.37403678894043,2209000,0.0,0.0
2011-03-30 00:00:00-04:00,21.50791553705477,21.514693996336266,21.136768223634586,21.1723575592041,2009000,0.0,0.0
2011-03-31 00:00:00-04:00,21.116430654852618,21.18083086495742,20.685967793865487,20.93678855895996,4026500,0.0,0.0
2011-04-01 00:00:00-04:00,20.777487042427627,20.887644294790128,19.989433660310933,20.29448699951172,21755000,0.0,0.0
2011-04-04 00:00:00-04:00,20.40295104412075,20.830026411866466,20.023329752079817,20.150436401367188,7055500,0.0,0.0
2011-04-05 00:00:00-04:00,20.1250091638224,20.341936018002176,19.940282414813492,20.304651260375977,4625000,0.0,0.0
2011-04-06 00:00:00-04:00,20.292790223314874,20.814768802304457,20.291094800247198,20.75884246826172,5321500,0.0,0.0
2011-04-07 00:00:00-04:00,21.06727919051695,21.174048792326246,20.646984089902322,20.719858169555664,4026500,0.0,0.0
2011-04-08 00:00:00-04:00,20.735118802673664,20.840193023916868,20.31651895720594,20.43006706237793,2695000,0.0,0.0
2011-04-11 00:00:00-04:00,20.480908749722534,20.619876890452776,20.2860142680448,20.43006706237793,2992000,0.0,0.0
2011-04-12 00:00:00-04:00,20.29617757643222,20.670714114332775,20.231777365461994,20.41819953918457,2323500,0.0,0.0
2011-04-13 00:00:00-04:00,20.523276389044735,20.675803066087127,20.430066899029566,20.538530349731445,2375000,0.0,0.0
2011-04-14 00:00:00-04:00,20.418198955144078,20.628345730013994,20.28770311402542,20.445314407348633,1856500,0.0,0.0
2011-04-15 00:00:00-04:00,20.514798019401578,20.741894178272783,20.421588549767666,20.679187774658203,3520000,0.0,0.0
2011-04-18 00:00:00-04:00,20.469054813616278,20.469054813616278,20.196201447185476,20.309749603271484,2538000,0.0,0.0
2011-04-19 00:00:00-04:00,20.31651775736752,20.453792082941817,20.082644716411764,20.22330665588379,2459500,0.0,0.0
2011-04-20 00:00:00-04:00,20.453790326083638,20.496158123358192,20.36057923260618,20.448705673217773,2223500,0.0,0.0
2011-04-21 00:00:00-04:00,20.508021158775144,20.711389494138416,20.458873285788297,20.70630645751953,1935500,0.0,0.0
2011-04-25 00:00:00-04:00,20.755447137650762,20.897806065515187,20.438532415378766,20.67579460144043,3189000,0.0,0.0
2011-04-26 00:00:00-04:00,20.71478609687901,20.93001923756758,20.680892170368686,20.738513946533203,3113500,0.0,0.0
2011-04-27 00:00:00-04:00,20.802901607881058,20.87408188688326,20.36735413378579,20.640207290649414,2485500,0.0,0.0
2011-04-28 00:00:00-04:00,20.599538816462438,20.667328268124322,20.270760864827714,20.370750427246094,2361000,0.0,0.0
2011-04-29 00:00:00-04:00,20.38600578522282,20.44871059281864,20.133489515172162,20.39617347717285,2950000,0.0,0.0
2011-05-02 00:00:00-04:00,20.445321896905504,20.4673527048209,19.947069421300924,20.03180503845215,4357500,0.0,0.0
2011-05-03 00:00:00-04:00,19.99621033831321,20.113147656747945,19.67082164731378,19.73522186279297,3618500,0.0,0.0
2011-05-04 00:00:00-04:00,19.65726044998836,19.828428655002643,19.014955421427885,19.464059829711914,9293000,0.0,0.0
2011-05-05 00:00:00-04:00,19.370857028089542,19.54541452251808,19.02004499962107,19.330183029174805,4822500,0.0,0.0
2011-05-06 00:00:00-04:00,19.523385579962813,20.01485961194651,19.47762692275773,19.93012237548828,6002000,0.0,0.0
2011-05-09 00:00:00-04:00,19.95723198557295,20.219915886948254,19.818263863625774,20.155515670776367,4207500,0.0,0.0
2011-05-10 00:00:00-04:00,20.169081715822454,20.396176363795828,20.048755121462165,20.379228591918945,2825500,0.0,0.0
2011-05-11 00:00:00-04:00,20.34701391665668,20.580888475816298,20.23177205954314,20.38938331604004,4893000,0.0,0.0
2011-05-12 00:00:00-04:00,20.301263946532956,20.485990712973507,20.109758720330806,20.343631744384766,4035000,0.0,0.0
2011-05-13 00:00:00-04:00,20.32668407835168,20.435145891356143,19.975872144103942,20.052135467529297,2259500,0.0,0.0
2011-05-16 00:00:00-04:00,20.550394612227826,21.467246916522278,20.504635960066924,20.713088989257812,11060000,0.0,0.0
2011-05-17 00:00:00-04:00,20.767314430788115,20.90458873482757,20.355493134897497,20.41819953918457,6439000,0.0,0.0
2011-05-18 00:00:00-04:00,20.44532364351098,20.77240787304353,20.408038869744033,20.738513946533203,2468000,0.0,0.0
2011-05-19 00:00:00-04:00,20.7808744713823,20.84527468701961,20.49276892404817,20.821548461914062,2729000,0.0,0.0
2011-05-20 00:00:00-04:00,20.806300658026053,20.950353463115537,20.50972116328556,20.536836624145508,2061500,0.0,0.0
2011-05-23 00:00:00-04:00,20.335161248470698,20.436846242970123,20.25211944576259,20.406341552734375,2464500,0.0,0.0
2011-05-24 00:00:00-04:00,20.436850377727456,20.619881788628945,20.318219207000283,20.567344665527344,3140500,0.0,0.0
2011-05-25 00:00:00-04:00,20.46395837143836,20.62326349003076,20.377527352355045,20.531747817993164,2531000,0.0,0.0
2011-05-26 00:00:00-04:00,20.430067233990222,20.46904580740757,20.294488322447013,20.399560928344727,2556500,0.0,0.0
2011-05-27 00:00:00-04:00,20.54022952656846,20.630051425994928,20.101292571676154,20.196197509765625,2910000,0.0,0.0
2011-05-31 00:00:00-04:00,20.37244213600345,20.448705463297042,20.135178271509183,20.447010040283203,6244000,0.0,0.0
2011-06-01 00:00:00-04:00,20.40972844996339,20.458874710143956,19.750475524989255,19.762338638305664,3674500,0.0,0.0
2011-06-02 00:00:00-04:00,19.809784186409473,19.99451089810846,19.642005235320102,19.889436721801758,2780000,0.0,0.0
2011-06-03 00:00:00-04:00,19.684380799276827,19.913170809235112,19.57422354423842,19.596254348754883,2234000,0.0,0.0
2011-06-06 00:00:00-04:00,19.48948736505194,19.57422458988475,19.194603309563647,19.277645111083984,2622000,0.0,0.0
2011-06-07 00:00:00-04:00,19.34034893607202,19.45728626810393,19.204770029686177,19.294591903686523,1829500,0.0,0.0
2011-06-08 00:00:00-04:00,19.120032969584134,19.311539833094926,19.092917511325037,19.186128616333008,3279500,0.0,0.0
2011-06-09 00:00:00-04:00,19.253913868266448,19.828429484736688,19.15392432457168,19.779281616210938,3129500,0.0,0.0
2011-06-10 00:00:00-04:00,19.567445071673163,19.79454129325442,19.496266382623,19.62337303161621,2428500,0.0,0.0
2011-06-13 00:00:00-04:00,19.689462570039648,19.816567573775842,19.592862250007244,19.652177810668945,2474500,0.0,0.0
2011-06-14 00:00:00-04:00,19.84368291747198,20.14195775832422,19.77928270447497,20.094505310058594,2574000,0.0,0.0
2011-06-15 00:00:00-04:00,19.913171075023033,20.008075987243224,19.618287031351397,19.747087478637695,2939500,0.0,0.0
2011-06-16 00:00:00-04:00,19.72167467944244,20.216538076685726,19.6725267780277,19.84708595275879,4215500,0.0,0.0
2011-06-17 00:00:00-04:00,19.98435185623507,20.16060477812647,19.938594818568017,20.016551971435547,2421500,0.0,0.0
2011-06-20 00:00:00-04:00,20.247038364588633,20.460576082602273,20.021639146037593,20.443628311157227,2805000,0.0,0.0
2011-06-21 00:00:00-04:00,20.53005618468699,20.731729122641894,20.423286542482803,20.721561431884766,2853500,0.0,0.0
2011-06-22 00:00:00-04:00,20.724955299623723,20.838501811512153,20.30804917695995,20.324996948242188,2573500,0.0,0.0
2011-06-23 00:00:00-04:00,20.058915389779298,20.330073152674572,19.872493215617983,20.272451400756836,3158500,0.0,0.0
2011-06-24 00:00:00-04:00,20.275848707765363,20.38261837201633,19.957238371059557,20.092817306518555,2035000,0.0,0.0
2011-06-27 00:00:00-04:00,20.152128831350456,20.491076101754757,20.108065605386496,20.42498207092285,1814500,0.0,0.0
2011-06-28 00:00:00-04:00,20.472433712809412,20.93848598904831,20.311433159686082,20.74528694152832,1968500,0.0,0.0
2011-06-29 00:00:00-04:00,20.840189659213554,21.3282743043579,20.804600322195512,21.04016876220703,3368000,0.0,0.0
2011-06-30 00:00:00-04:00,21.133384623018138,21.311331348263064,21.00966881892551,21.13507843017578,2490000,0.0,0.0
2011-07-01 00:00:00-04:00,21.157105764740628,21.568927076953305,21.146936459327677,21.519779205322266,2267500,0.0,0.0
2011-07-05 00:00:00-04:00,21.467241955170987,21.88584172393906,21.467241955170987,21.77907371520996,3136500,0.0,0.0
2011-07-06 00:00:00-04:00,21.68586633047248,21.68586633047248,21.492667274462093,21.663835525512695,1478000,0.0,0.0
2011-07-07 00:00:00-04:00,21.875673189557507,22.323083817871073,21.753652843757326,21.950241088867188,2952500,0.0,0.0
2011-07-08 00:00:00-04:00,21.687551494197393,21.84346732709846,21.550277227153554,21.760425567626953,1825500,0.0,0.0
2011-07-11 00:00:00-04:00,21.490973536714048,21.660447994028363,21.135078469336555,21.284215927124023,2294500,0.0,0.0
2011-07-12 00:00:00-04:00,21.28930003169343,21.52317309587476,21.22320438087972,21.23845672607422,1281000,0.0,0.0
2011-07-13 00:00:00-04:00,21.401152248271842,21.689257842209926,21.331667368521224,21.37403678894043,2260000,0.0,0.0
2011-07-14 00:00:00-04:00,21.480803800119936,21.777383264071897,21.321498665848793,21.358781814575195,3474000,0.0,0.0
2011-07-15 00:00:00-04:00,21.397757656752006,21.619767545703592,21.26048335495237,21.6079044342041,1846000,0.0,0.0
2011-07-18 00:00:00-04:00,21.56046103066,21.66553527156803,21.213039805699864,21.33336639404297,2246500,0.0,0.0
2011-07-19 00:00:00-04:00,21.463854958778846,21.65027554176718,21.34352840248242,21.633329391479492,1554000,0.0,0.0
2011-07-20 00:00:00-04:00,21.692650386520697,21.8180600111725,21.343533743582302,21.406238555908203,2691000,0.0,0.0
2011-07-21 00:00:00-04:00,21.597738888079785,21.777381001275863,21.49096925776511,21.726537704467773,2949000,0.0,0.0
2011-07-22 00:00:00-04:00,21.49774625894354,21.92312444762579,21.49774625894354,21.814661026000977,1540500,0.0,0.0
2011-07-25 00:00:00-04:00,21.590963109701047,21.80450079660638,21.533342957901848,21.662141799926758,1337000,0.0,0.0
2011-07-26 00:00:00-04:00,21.601130708318603,21.67569862319346,21.372340693929825,21.40284538269043,2537000,0.0,0.0
2011-07-27 00:00:00-04:00,21.32150187216626,21.441828452578065,20.81477389565064,20.858837127685547,2637500,0.0,0.0
2011-07-28 00:00:00-04:00,20.87578176573967,21.287603138700696,20.87578176573967,20.94696044921875,1844500,0.0,0.0
2011-07-29 00:00:00-04:00,20.774103486834466,21.179144882408345,20.59107046358089,20.8961238861084,2368000,0.0,0.0
2011-08-01 00:00:00-04:00,21.138466364560138,21.138466364560138,20.492771923113256,20.69614028930664,2206000,0.0,0.0
2011-08-02 00:00:00-04:00,20.54360853198741,20.697830595845886,20.179239693214907,20.18263053894043,3330000,0.0,0.0
2011-08-03 00:00:00-04:00,20.235172793696727,20.43006890922084,19.338657450444458,19.831825256347656,6065000,0.0,0.0
2011-08-04 00:00:00-04:00,19.542016127022414,19.63692100249549,18.755658442965974,18.784467697143555,4865000,0.0,0.0
2011-08-05 00:00:00-04:00,19.016660308829568,19.2861244037963,18.477733735124694,18.669239044189453,5323500,0.0,0.0
2011-08-08 00:00:00-04:00,18.235380628250766,18.7895593658995,17.38292700453831,17.610021591186523,12978000,0.0,0.0
2011-08-09 00:00:00-04:00,17.965918737961843,19.38272057295367,17.755771893879363,19.150541305541992,14220500,0.0,0.0
2011-08-10 00:00:00-04:00,18.642120408943903,19.46237405604275,18.091330811016224,18.608224868774414,9361500,0.0,0.0
2011-08-11 00:00:00-04:00,18.811592934861466,20.040277047022634,18.760749629857283,19.803014755249023,5923000,0.0,0.0
2011-08-12 00:00:00-04:00,19.92333974507204,20.041972507406353,19.38949797136616,19.46915054321289,3244500,0.0,0.0
2011-08-15 00:00:00-04:00,19.640316827015468,19.769117267683825,19.442033128996645,19.73183250427246,3668500,0.0,0.0
2011-08-16 00:00:00-04:00,19.494573056830188,19.577614862772425,18.521792767107854,18.848876953125,8034000,0.0,0.0
2011-08-17 00:00:00-04:00,18.955648010055835,19.309847683163383,18.748888767239755,18.8353214263916,3648000,0.0,0.0
2011-08-18 00:00:00-04:00,18.311646417638215,18.392992802364997,17.781192220438587,17.918466567993164,4004500,0.0,0.0
2011-08-19 00:00:00-04:00,17.660859886280214,18.189618487694105,17.62527055151902,17.803218841552734,3536000,0.0,0.0
2011-08-22 00:00:00-04:00,18.150632847869225,18.38620118111301,17.92523219935318,18.004884719848633,2651000,0.0,0.0
2011-08-23 00:00:00-04:00,18.009980521972192,18.881075752547552,17.847286151999562,18.86073875427246,3518000,0.0,0.0
2011-08-24 00:00:00-04:00,18.794640893338237,19.099694189093213,18.6590620099422,19.084440231323242,2198500,0.0,0.0
2011-08-25 00:00:00-04:00,19.30645237952466,19.30645237952466,18.51670366070021,18.682788848876953,2546500,0.0,0.0
2011-08-26 00:00:00-04:00,18.53365571483977,19.031908162221033,18.159119071667153,18.996318817138672,2184000,0.0,0.0
2011-08-29 00:00:00-04:00,19.423390091118925,19.73691566959471,19.259000322589603,19.73522186279297,2390500,0.0,0.0
2011-08-30 00:00:00-04:00,19.657262893012604,19.82165265971258,19.26577856786085,19.694547653198242,2193500,0.0,0.0
2011-08-31 00:00:00-04:00,19.882659576847498,20.070775529843715,19.745385292809647,19.98942756652832,2855500,0.0,0.0
2011-09-01 00:00:00-04:00,19.952155480600187,19.994524911819994,19.458987584538544,19.525081634521484,2197500,0.0,0.0
2011-09-02 00:00:00-04:00,19.220018595209098,19.340345133810562,18.92174538304559,19.07088279724121,1840500,0.0,0.0
2011-09-06 00:00:00-04:00,18.47094347780564,19.235270418444216,18.442132605408002,19.18103790283203,2951500,0.0,0.0
2011-09-07 00:00:00-04:00,19.42339140212914,19.8708020946229,19.274253965888565,19.840295791625977,3695500,0.0,0.0
2011-09-08 00:00:00-04:00,19.677605937343035,19.997911686614213,19.52169000530898,19.77759552001953,3012500,0.0,0.0
2011-09-09 00:00:00-04:00,19.577614380961013,19.83182444651158,19.294593431870243,19.4013614654541,3290000,0.0,0.0
2011-09-12 00:00:00-04:00,19.09461843079196,19.953850772253666,18.994628836495064,19.93690299987793,3300500,0.0,0.0
2011-09-13 00:00:00-04:00,19.923339973966097,20.225004112680843,19.69285613996097,20.187719345092773,2914000,0.0,0.0
2011-09-14 00:00:00-04:00,20.294485584784496,20.67410680914139,19.719968287175508,20.41989517211914,3408500,0.0,0.0
2011-09-15 00:00:00-04:00,20.55716667396072,20.979155638599668,20.140260745357654,20.960514068603516,4792000,0.0,0.0
2011-09-16 00:00:00-04:00,20.965598580108246,21.23167167544229,20.83171351291788,21.180830001831055,4411000,0.0,0.0
2011-09-19 00:00:00-04:00,20.780874599790867,21.009664585774857,20.51649527592864,20.82493782043457,2453500,0.0,0.0
2011-09-20 00:00:00-04:00,20.96730098323372,21.268965151627512,20.65716454595417,20.7520694732666,2120000,0.0,0.0
2011-09-21 00:00:00-04:00,20.760537395141032,21.43165338761384,20.753758935488136,20.8232421875,4410500,0.0,0.0
2011-09-22 00:00:00-04:00,20.3554951129352,20.943569334684383,20.13517900563522,20.835105895996094,5996000,0.0,0.0
2011-09-23 00:00:00-04:00,20.76562503935006,20.924930177736627,20.306351199035134,20.692750930786133,5852000,0.0,0.0
2011-09-26 00:00:00-04:00,20.95204532098925,21.052034886793074,20.23856143930791,21.026613235473633,3999500,0.0,0.0
2011-09-27 00:00:00-04:00,21.196095324013672,21.29947415737038,20.89782194225942,21.02153778076172,4990000,0.0,0.0
2011-09-28 00:00:00-04:00,20.85714062894604,21.016445766616076,20.445319247345132,20.5775089263916,4573500,0.0,0.0
2011-09-29 00:00:00-04:00,20.845274577583588,20.992716580316262,20.197884810997422,20.70630645751953,3408500,0.0,0.0
2011-09-30 00:00:00-04:00,20.485988789213774,20.570724376960204,20.02332420503226,20.041967391967773,3030000,0.0,0.0
2011-10-03 00:00:00-04:00,19.975880347221207,20.54192394945199,19.923343225844622,19.947071075439453,4331000,0.0,0.0
2011-10-04 00:00:00-04:00,19.733535226752647,20.626661526006398,19.528471376480177,20.550399780273438,4426000,0.0,0.0
2011-10-05 00:00:00-04:00,20.579203966630775,20.980857681402377,20.23178278858426,20.8673095703125,2889000,0.0,0.0
2011-10-06 00:00:00-04:00,20.840195482535783,21.299469378553198,20.591068437568723,21.270658493041992,2303000,0.0,0.0
2011-10-07 00:00:00-04:00,21.138465795977496,21.138465795977496,20.514802176601858,20.61140251159668,3753000,0.0,0.0
2011-10-10 00:00:00-04:00,20.970688165095428,21.418098911543627,20.92832035989287,21.348615646362305,2343500,0.0,0.0
2011-10-11 00:00:00-04:00,21.184224073636358,21.267265869969936,20.604623690051845,20.862224578857422,3525000,0.0,0.0
2011-10-12 00:00:00-04:00,21.036788214693892,21.59774718839557,20.923240080991157,21.287609100341797,2830000,0.0,0.0
2011-10-13 00:00:00-04:00,21.146941928067996,21.160500466715657,20.733426702167243,21.028310775756836,2077000,0.0,0.0
2011-10-14 00:00:00-04:00,21.260485470990282,21.27065316061852,20.845274910954803,21.09101104736328,2395000,0.0,0.0
2011-10-17 00:00:00-04:00,20.914756553966825,21.177442051989946,20.66732501355364,20.723251342773438,3237500,0.0,0.0
2011-10-18 00:00:00-04:00,20.76053628209947,21.231673143501798,20.2860101910524,21.099483489990234,4291000,0.0,0.0
2011-10-19 00:00:00-04:00,21.1333816966023,21.213034260143328,20.77070660278998,20.81307601928711,4001000,0.0,0.0
2011-10-20 00:00:00-04:00,20.916454809575338,20.918150232726415,20.48768568874667,20.81307601928711,2724000,0.0,0.0
2011-10-21 00:00:00-04:00,20.948658147610967,21.692648407171397,20.948658147610967,21.44013214111328,4322000,0.0,0.0
2011-10-24 00:00:00-04:00,21.501144767087684,22.031597376919756,21.460470764397183,21.73332405090332,4272500,0.0,0.0
2011-10-25 00:00:00-04:00,21.423180800690094,21.574012042571038,20.96729622878785,21.035085678100586,2534500,0.0,0.0
2011-10-26 00:00:00-04:00,21.37573280757237,21.507922503746123,21.089322607310056,21.30794334411621,4144000,0.0,0.0
2011-10-27 00:00:00-04:00,22.150223654019157,22.48408787094751,21.755350062735328,22.39087677001953,7166000,0.0,0.0
2011-10-28 00:00:00-04:00,22.31630797740656,22.521370128627915,21.97736073682405,22.44510841369629,3300000,0.0,0.0
2011-10-31 00:00:00-04:00,21.846865484381368,22.424772040640708,21.846865484381368,22.011255264282227,3806500,0.0,0.0
2011-11-01 00:00:00-04:00,21.4875833498269,21.80280440412131,20.83680424261636,20.889341354370117,7075500,0.0,0.0
2011-11-02 00:00:00-04:00,21.18083440534403,21.99261401021271,20.31482388617907,20.78087615966797,8083500,0.0,0.0
2011-11-03 00:00:00-04:00,21.18422456601141,21.821446726237735,20.81477099136964,21.660446166992188,4154500,0.0,0.0
2011-11-04 00:00:00-04:00,21.5197796917933,21.921433323900523,21.43165325195201,21.606210708618164,4264000,0.0,0.0
2011-11-07 00:00:00-05:00,21.52995576173456,21.68417627179601,20.989333840402388,21.138469696044922,3869000,0.0,0.0
2011-11-08 00:00:00-05:00,21.25540257038704,21.57570825538723,21.135076010613002,21.533340454101562,3545500,0.0,0.0
2011-11-09 00:00:00-05:00,20.974074740952908,21.321495844800513,20.848663541774208,21.04016876220703,4498500,0.0,0.0
2011-11-10 00:00:00-05:00,21.350309833790423,21.401153140412955,20.9045945027513,21.24184799194336,3767500,0.0,0.0
2011-11-11 00:00:00-05:00,21.519781221157142,21.69264488331977,21.31132821917103,21.674001693725586,2337500,0.0,0.0
2011-11-14 00:00:00-05:00,21.533339044938625,21.5757068434517,21.311327513888408,21.46893882751465,2200500,0.0,0.0
2011-11-15 00:00:00-05:00,21.39607147820119,21.638418465320832,21.316418892829006,21.528261184692383,2781000,0.0,0.0
2011-11-16 00:00:00-05:00,21.285903355370728,21.385892892059157,20.735112384094464,20.753755569458008,4566000,0.0,0.0
2011-11-17 00:00:00-05:00,20.67580570180974,20.76054293499415,19.941984721161294,20.026721954345703,4791500,0.0,0.0
2011-11-18 00:00:00-05:00,19.99621096621012,20.191105425569273,19.745390172307946,19.86402130126953,4717500,0.0,0.0
2011-11-21 00:00:00-05:00,19.440339103007393,19.69285534924806,19.226803046137,19.345434188842773,4177500,0.0,0.0
2011-11-22 00:00:00-05:00,19.399663031841175,19.91316935334445,19.301368897858428,19.643705368041992,3855000,0.0,0.0
2011-11-23 00:00:00-05:00,19.481017475244343,19.587785527661723,19.194607245137906,19.203081130981445,3137500,0.0,0.0
2011-11-25 00:00:00-05:00,19.153923964010385,19.4199970624882,19.150534734559944,19.282724380493164,860500,0.0,0.0
2011-11-28 00:00:00-05:00,19.852157354664993,20.018242544464236,19.653873673695163,19.923336029052734,3065500,0.0,0.0
2011-11-29 00:00:00-05:00,19.886057156018737,20.369057254501683,19.725056584448357,19.89283561706543,4024000,0.0,0.0
2011-11-30 00:00:00-05:00,20.49276850864491,20.657158274245557,20.218221502462587,20.628347396850586,4121500,0.0,0.0
2011-12-01 00:00:00-05:00,20.579204294770435,21.29268985434635,20.282626418217472,21.133384704589844,4604500,0.0,0.0
2011-12-02 00:00:00-05:00,21.333358367420622,21.614683826009568,20.868999959791257,20.916452407836914,2677000,0.0,0.0
2011-12-05 00:00:00-05:00,21.213032861440784,21.318107067951917,20.577506201939745,20.714778900146484,3665500,0.0,0.0
2011-12-06 00:00:00-05:00,20.679200585584194,21.021538842637206,20.66903289061212,20.892738342285156,2930000,0.0,0.0
2011-12-07 00:00:00-05:00,20.696142104270788,20.970689180274256,20.294489990278393,20.841890335083008,4087000,0.0,0.0
2011-12-08 00:00:00-05:00,20.70122321086974,21.018139656046635,20.38430676569284,20.436843872070312,2716000,0.0,0.0
2011-12-09 00:00:00-05:00,20.55886299334205,20.91814883303946,20.45209498012377,20.826631546020508,2088000,0.0,0.0
2011-12-12 00:00:00-05:00,20.58259657202784,20.66394295972378,20.084342472334217,20.258901596069336,2112000,0.0,0.0
2011-12-13 00:00:00-05:00,20.321608347714037,20.435154863125277,19.64371202144862,19.887754440307617,3809500,0.0,0.0
2011-12-14 00:00:00-05:00,19.8352087781237,20.02840778264148,19.67929291302063,19.870798110961914,2962500,0.0,0.0
2011-12-15 00:00:00-05:00,20.070773971422128,20.08263708046554,19.66573122518661,19.84876251220703,3952500,0.0,0.0
2011-12-16 00:00:00-05:00,20.041969837972854,20.147042432145685,19.79792750118174,19.943674087524414,3689000,0.0,0.0
2011-12-19 00:00:00-05:00,20.05044056794942,20.053829797392602,19.625060756390145,19.6911563873291,2829000,0.0,0.0
2011-12-20 00:00:00-05:00,20.014847008903086,20.37752034239869,19.996203826560023,20.31989860534668,1798000,0.0,0.0
2011-12-21 00:00:00-05:00,20.31821599462051,20.33346834041277,19.862331346894965,20.09111976623535,1281000,0.0,0.0
2011-12-22 00:00:00-05:00,20.12501647429635,20.31991098278421,20.062311664071252,20.258901596069336,1649500,0.0,0.0
2011-12-23 00:00:00-05:00,20.243637300931855,20.365659244538985,19.969090352157064,20.35718536376953,1008500,0.0,0.0
2011-12-27 00:00:00-05:00,20.30974251977306,20.536837136511682,20.1724681724167,20.43345832824707,1026500,0.0,0.0
2011-12-28 00:00:00-05:00,20.423284878313215,20.469043523561854,20.13179008939621,20.23855972290039,1372000,0.0,0.0
2011-12-29 00:00:00-05:00,20.296171337923255,20.65037238938742,20.20635112449214,20.557161331176758,1353500,0.0,0.0
2011-12-30 00:00:00-05:00,20.552087435250602,20.633435427984452,20.357192953572866,20.43006706237793,1213000,0.0,0.0
2012-01-03 00:00:00-05:00,20.743588860238074,20.865610826830665,20.065694433260806,20.094505310058594,3737500,0.0,0.0
2012-01-04 00:00:00-05:00,20.09451083320199,20.202972678347752,19.628456872356985,19.831825256347656,3076000,0.0,0.0
2012-01-05 00:00:00-05:00,19.647096366551875,19.865717055345904,19.43694794462948,19.830127716064453,3454000,0.0,0.0
2012-01-06 00:00:00-05:00,19.638620507972952,19.753862397324514,19.274251652483375,19.491178512573242,4209500,0.0,0.0
2012-01-09 00:00:00-05:00,19.599636343705683,19.606416417862363,18.92682671551967,19.07935333251953,5596000,0.0,0.0
2012-01-10 00:00:00-05:00,19.2556099106715,19.331871617764826,19.106472493652603,19.30475616455078,5643000,0.0,0.0
2012-01-11 00:00:00-05:00,19.172566667153443,19.226799190248524,18.95055677086646,19.084440231323242,4071000,0.0,0.0
2012-01-12 00:00:00-05:00,19.153922648420604,19.513206805132583,19.079354756949602,19.479312896728516,4320000,0.0,0.0
2012-01-13 00:00:00-05:00,19.29628359276762,19.86232700021749,19.29628359276762,19.738611221313477,5612000,0.0,0.0
2012-01-17 00:00:00-05:00,19.613204727612978,19.82674242191944,18.94378399213784,19.006488800048828,6832000,0.0,0.0
2012-01-18 00:00:00-05:00,18.996319057304866,19.448814473684553,18.75566752316662,19.447120666503906,5609000,0.0,0.0
2012-01-19 00:00:00-05:00,19.51829343115504,20.14195692465192,19.311535881918807,20.002988815307617,4898000,0.0,0.0
2012-01-20 00:00:00-05:00,20.01316252941024,20.0555303360131,19.70302611218221,19.897920608520508,3322500,0.0,0.0
2012-01-23 00:00:00-05:00,19.91317291146486,20.15213063729714,19.82843568221298,20.087730407714844,3520500,0.0,0.0
2012-01-24 00:00:00-05:00,19.85893785449516,20.21652665708045,19.711494233536655,20.155515670776367,2827500,0.0,0.0
2012-01-25 00:00:00-05:00,20.052138330968948,20.145349432072184,19.82843298130359,19.918254852294922,4278500,0.0,0.0
2012-01-26 00:00:00-05:00,19.99791427332092,20.170777998120826,19.840302897368066,19.90470314025879,3196500,0.0,0.0
2012-01-27 00:00:00-05:00,19.833515992813496,19.967399460404962,19.609810661665936,19.73522186279297,3346000,0.0,0.0
2012-01-30 00:00:00-05:00,19.570836555522398,19.73861559212904,19.40983598012363,19.562362670898438,2819000,0.0,0.0
2012-01-31 00:00:00-05:00,19.633540724680394,19.67082549256937,19.353909006083498,19.4013614654541,3083000,0.0,0.0
2012-02-01 00:00:00-05:00,19.58439655823597,19.62676598801977,19.418312918923235,19.436954498291016,4007500,0.0,0.0
2012-02-02 00:00:00-05:00,19.5013499010792,20.282624860467635,19.42169733231844,20.27754020690918,4292000,0.0,0.0
2012-02-03 00:00:00-05:00,20.375832669998882,20.78256936411346,20.375832669998882,20.73003387451172,3730500,0.0,0.0
2012-02-06 00:00:00-05:00,20.370751388790918,20.84527757282279,20.370751388790918,20.804603576660156,3029000,0.0,0.0
2012-02-07 00:00:00-05:00,20.719866562821117,21.08423549246003,20.650383300218845,20.806299209594727,4824000,0.0,0.0
2012-02-08 00:00:00-05:00,21.350310569792583,22.27902764839193,21.350310569792583,22.045154571533203,8140500,0.0,0.0
2012-02-09 00:00:00-05:00,22.177340976011262,22.51120358045548,22.09938221779794,22.35867691040039,5286000,0.0,0.0
2012-02-10 00:00:00-05:00,22.07056971110826,22.877264610041536,21.843475145943398,22.850149154663086,5327000,0.0,0.0
2012-02-13 00:00:00-05:00,22.878969712246914,22.878969712246914,22.28920143929051,22.66543197631836,3700500,0.0,0.0
2012-02-14 00:00:00-05:00,22.750157349215122,22.750157349215122,22.46883190112342,22.65525245666504,2842500,0.0,0.0
2012-02-15 00:00:00-05:00,22.685761582037486,22.756941881618793,22.47222553197772,22.51628875732422,2861500,0.0,0.0
2012-02-16 00:00:00-05:00,22.509507558308588,22.709486677507876,22.362065545506127,22.68067741394043,5262500,0.0,0.0
2012-02-17 00:00:00-05:00,22.756947919570585,22.87896832108989,22.589168857338745,22.789146423339844,3461500,0.0,0.0
2012-02-21 00:00:00-05:00,22.424775440823336,22.775585857358738,22.42308001741938,22.60272216796875,2645500,0.0,0.0
2012-02-22 00:00:00-05:00,22.412912243995017,22.73152254451983,22.412912243995017,22.56543731689453,2302500,0.0,0.0
2012-02-23 00:00:00-05:00,22.556960658119106,23.804286156672873,22.456971102817555,23.60091781616211,7411000,0.0,0.0
2012-02-24 00:00:00-05:00,23.74327531123527,23.74327531123527,23.31111700840486,23.68226432800293,4903000,0.0,0.0
2012-02-27 00:00:00-05:00,23.526355184340524,23.72294510911328,23.158596989144097,23.66362953186035,3634000,0.0,0.0
2012-02-28 00:00:00-05:00,23.692436893759414,23.74497400544877,23.275532463095608,23.702606201171875,2942500,0.0,0.0
2012-02-29 00:00:00-05:00,23.646674706449495,23.811064466486393,23.300947421866628,23.380599975585938,3469000,0.0,0.0
2012-03-01 00:00:00-05:00,23.39754840413972,23.744969505296964,23.222990950179938,23.692432403564453,4750500,0.0,0.0
2012-03-02 00:00:00-05:00,23.719549242723502,24.04832715269426,23.565327168782407,23.61277961730957,2793000,0.0,0.0
2012-03-05 00:00:00-05:00,23.57888693731462,23.68735037514814,23.27552904248439,23.41280174255371,2885000,0.0,0.0
2012-03-06 00:00:00-05:00,23.092494739460502,23.531431471285863,23.084020857690568,23.314504623413086,3414000,0.0,0.0
2012-03-07 00:00:00-05:00,23.280619116872685,23.86869185470582,23.280619116872685,23.628040313720703,3070000,0.0,0.0
2012-03-08 00:00:00-05:00,23.783947125143108,23.783947125143108,23.55176794172706,23.67548370361328,2080500,0.0,0.0
2012-03-09 00:00:00-05:00,23.729719537493818,24.133067010491594,23.653456203636072,24.034772872924805,2819000,0.0,0.0
2012-03-12 00:00:00-04:00,24.03477193789864,24.150013837667885,23.443308479891893,23.494150161743164,1925000,0.0,0.0
2012-03-13 00:00:00-04:00,23.61108567531258,24.127981185913086,23.53651615700178,24.127981185913086,2531500,0.0,0.0
2012-03-14 00:00:00-04:00,23.604311685365424,24.14832113657343,23.604311685365424,23.848352432250977,2036000,0.0,0.0
2012-03-15 00:00:00-04:00,23.8568286764627,24.192386756913457,23.74328217575473,24.03986167907715,2253500,0.0,0.0
2012-03-16 00:00:00-04:00,24.022904212219718,24.022904212219718,23.55685043334961,23.55685043334961,3375500,0.0,0.0
2012-03-19 00:00:00-04:00,23.628036138988403,23.895804710606825,23.358572144212427,23.77378273010254,1882500,0.0,0.0
2012-03-20 00:00:00-04:00,23.722939591859404,23.865296944158327,23.49923425754516,23.70429801940918,2011500,0.0,0.0
2012-03-21 00:00:00-04:00,23.609390854918544,23.770391391485305,23.15181250918649,23.621253967285156,2513500,0.0,0.0
2012-03-22 00:00:00-04:00,23.48906296940211,23.77039003660691,23.272137729381047,23.667011260986328,2258000,0.0,0.0
2012-03-23 00:00:00-04:00,23.726329110081284,23.8788557700997,23.426360443039172,23.638202667236328,2752000,0.0,0.0
2012-03-26 00:00:00-04:00,23.763613051770054,23.936475085347457,23.48737061993036,23.585664749145508,4180500,0.0,0.0
2012-03-27 00:00:00-04:00,23.560252247098255,23.59245074863645,23.21622026055468,23.243335723876953,2678500,0.0,0.0
2012-03-28 00:00:00-04:00,23.295867852699715,23.33823565405036,22.924720482341886,23.06877326965332,3224500,0.0,0.0
2012-03-29 00:00:00-04:00,22.92641185760022,23.065379976816846,22.817948422822315,22.91115951538086,2634500,0.0,0.0
2012-03-30 00:00:00-04:00,23.07724695069375,23.483985303226376,22.91794180978589,23.28908920288086,3158500,0.0,0.0
2012-04-02 00:00:00-04:00,23.233162026790804,23.651763478692114,23.131478654480798,23.49245834350586,2103000,0.0,0.0
2012-04-03 00:00:00-04:00,23.433141873365738,23.492459061291687,23.155205589916427,23.324678421020508,2688500,0.0,0.0
2012-04-04 00:00:00-04:00,23.168760502851512,23.412802845415587,22.77897157049705,22.7976131439209,2873000,0.0,0.0
2012-04-05 00:00:00-04:00,22.745084295895488,23.519581021070653,22.745084295895488,23.48907470703125,3012000,0.0,0.0
2012-04-09 00:00:00-04:00,23.392471286150613,23.392471286150613,22.882354097988564,23.02132225036621,1845000,0.0,0.0
2012-04-10 00:00:00-04:00,22.884044857978733,22.951834305048095,22.326475322445223,22.401044845581055,3017500,0.0,0.0
2012-04-11 00:00:00-04:00,22.72135055149292,22.82473096083494,22.52984530912962,22.623056411743164,2005500,0.0,0.0
2012-04-12 00:00:00-04:00,22.61627210005467,22.775577190275257,22.448493128495418,22.73151397705078,1517500,0.0,0.0
2012-04-13 00:00:00-04:00,22.653557385101347,22.968779982350384,22.53662169049335,22.548484802246094,1910000,0.0,0.0
2012-04-16 00:00:00-04:00,22.699316338399314,22.741684133463917,22.180727027511658,22.258684158325195,2676500,0.0,0.0
2012-04-17 00:00:00-04:00,22.314609390089558,22.49086225344535,22.03158852474129,22.423072814941406,2748500,0.0,0.0
2012-04-18 00:00:00-04:00,22.35698457277049,22.35698457277049,22.057015866275314,22.121416091918945,2734500,0.0,0.0
2012-04-19 00:00:00-04:00,22.148528379658586,22.314611957421736,21.851948945996508,21.948549270629883,2375000,0.0,0.0
2012-04-20 00:00:00-04:00,22.00109186977718,22.072270563740368,21.743490939744746,21.758743286132812,2153000,0.0,0.0
2012-04-23 00:00:00-04:00,21.60790180259858,21.726532903145525,21.477407591996936,21.70450210571289,2470500,0.0,0.0
2012-04-24 00:00:00-04:00,21.69095001259081,22.10616060400038,21.638412904972082,22.09260368347168,3189500,0.0,0.0
2012-04-25 00:00:00-04:00,22.19937585220602,22.556966365705698,22.140060273243588,22.475618362426758,2368000,0.0,0.0
2012-04-26 00:00:00-04:00,22.48747325389587,22.48747325389587,22.106156648269803,22.20106315612793,2882000,0.0,0.0
2012-04-27 00:00:00-04:00,22.370542692446893,22.521373957307844,22.1281957378822,22.48409080505371,1649500,0.0,0.0
2012-04-30 00:00:00-04:00,22.407826745961973,22.701016998073623,22.331563404270828,22.546794891357422,2231500,0.0,0.0
2012-05-01 00:00:00-04:00,22.40782348901231,22.516286928457536,22.034980718962085,22.219707489013672,3096500,0.0,0.0
2012-05-02 00:00:00-04:00,21.31132984246173,21.868899441289212,21.1147399387758,21.667224884033203,7034500,0.0,0.0
2012-05-03 00:00:00-04:00,21.97397269957995,22.067183808740886,21.529952808205504,21.90618324279785,5683000,0.0,0.0
2012-05-04 00:00:00-04:00,21.672310509589785,21.838394115532086,21.497753019393343,21.57232093811035,2750000,0.0,0.0
2012-05-07 00:00:00-04:00,21.513000648681253,21.6756949885032,21.21133657702883,21.29268455505371,2480000,0.0,0.0
2012-05-08 00:00:00-04:00,21.143551761886524,21.302856906863376,20.81646758768152,21.233373641967773,3340000,0.0,0.0
2012-05-09 00:00:00-04:00,20.980854028696168,21.32827514625767,20.945264690273294,21.170663833618164,1696500,0.0,0.0
2012-05-10 00:00:00-04:00,21.35539380617974,21.41979403286384,21.089320631504826,21.192699432373047,1765000,0.0,0.0
2012-05-11 00:00:00-04:00,21.021537108213334,21.35878906561156,20.892736618488225,21.011367797851562,3131500,0.0,0.0
2012-05-14 00:00:00-04:00,20.78765910537036,21.045260044431714,20.69614340760602,20.869007110595703,1832000,0.0,0.0
2012-05-15 00:00:00-04:00,20.931706318792724,21.180833305937387,20.621569960288483,20.682580947875977,3487500,0.0,0.0
2012-05-16 00:00:00-04:00,20.76223836608645,21.204564493076212,20.626657823204706,20.631742477416992,2646500,0.0,0.0
2012-05-17 00:00:00-04:00,21.075762468231034,21.402846644983196,20.548699147029716,20.56395149230957,3006000,0.0,0.0
2012-05-18 00:00:00-04:00,20.687660178870026,21.19099709735778,20.670712416064415,20.945261001586914,5374500,0.0,0.0
2012-05-21 00:00:00-04:00,20.9401834324476,21.211341264145123,20.850363168406176,21.199478149414062,2817500,0.0,0.0
2012-05-22 00:00:00-04:00,21.694332036459098,22.01124838385262,21.024911628991482,21.129985809326172,4661500,0.0,0.0
2012-05-23 00:00:00-04:00,21.129994458153288,21.140162149334174,20.687666759107977,21.079151153564453,2320000,0.0,0.0
2012-05-24 00:00:00-04:00,21.228283157639055,21.38250360646151,20.78087253591586,21.00627326965332,2072000,0.0,0.0
2012-05-25 00:00:00-04:00,21.04694731362057,21.4536855971679,20.911368424514077,21.267263412475586,2528000,0.0,0.0
2012-05-29 00:00:00-04:00,21.45030112392476,21.494364356786733,20.953744062755813,21.201175689697266,2623000,0.0,0.0
2012-05-30 00:00:00-04:00,20.99610847706397,20.99610847706397,20.484297535709757,20.721561431884766,3710500,0.0,0.0
2012-05-31 00:00:00-04:00,20.7520694732666,20.90459617286348,20.401259033930774,20.7520694732666,2729500,0.0,0.0
2012-06-01 00:00:00-04:00,20.484299085312514,20.55717319804962,20.069088447767314,20.07756233215332,2575500,0.0,0.0
2012-06-04 00:00:00-04:00,20.23347570548418,20.321602152545932,19.9674009411436,20.216527938842773,3368500,0.0,0.0
2012-06-05 00:00:00-04:00,20.10298459097992,21.329974964670345,20.10298459097992,21.294384002685547,6831000,0.0,0.0
2012-06-06 00:00:00-04:00,21.338444180445556,21.7536563873291,21.136771250009325,21.7536563873291,4577500,0.0,0.0
2012-06-07 00:00:00-04:00,21.953633179908756,21.99939020609382,21.602821231350752,21.638410568237305,3257500,0.0,0.0
2012-06-08 00:00:00-04:00,21.51469656797437,21.674001693725586,21.316412872353805,21.674001693725586,2581000,0.0,0.0
2012-06-11 00:00:00-04:00,21.794326115118636,21.926515771328635,21.467242012421472,21.482494354248047,2370500,0.0,0.0
2012-06-12 00:00:00-04:00,21.538426412244757,21.753659526702386,21.345227337356107,21.6655330657959,1641000,0.0,0.0
2012-06-13 00:00:00-04:00,21.97058388366623,21.97058388366623,21.294383110176607,21.348615646362305,2247000,0.0,0.0
2012-06-14 00:00:00-04:00,21.509609958763868,21.85703103229935,21.396061881831464,21.82652473449707,3624000,0.0,0.0
2012-06-15 00:00:00-04:00,22.22818069352018,23.033180157464745,22.22818069352018,22.845064163208008,6557500,0.0,0.0
2012-06-18 00:00:00-04:00,22.74169014483164,23.25689036224562,22.62814364825514,23.089111328125,3337500,0.0,0.0
2012-06-19 00:00:00-04:00,23.267053789560382,23.267053789560382,22.819643144985104,22.97386360168457,2576000,0.0,0.0
2012-06-20 00:00:00-04:00,23.01962404959444,23.048434928622513,22.67559215680892,22.858623504638672,1722500,0.0,0.0
2012-06-21 00:00:00-04:00,22.897607728321802,23.131482432038958,22.177345272112383,22.25530242919922,2123500,0.0,0.0
2012-06-22 00:00:00-04:00,22.258686702302917,22.64169717328533,22.233266668849975,22.570518493652344,1963000,0.0,0.0
2012-06-25 00:00:00-04:00,22.540014621459985,22.540014621459985,22.11124548880474,22.250213623046875,1692500,0.0,0.0
2012-06-26 00:00:00-04:00,22.2400449628074,22.77049744227508,22.2400449628074,22.601024627685547,1873000,0.0,0.0
2012-06-27 00:00:00-04:00,22.14853403111515,22.734912972070884,22.14853403111515,22.511207580566406,1842000,0.0,0.0
2012-06-28 00:00:00-04:00,22.355287597318547,22.738298077993058,22.218013271532655,22.733213424682617,1852500,0.0,0.0
2012-06-29 00:00:00-04:00,23.08402795137555,23.317901018429325,22.795922347574162,23.045047760009766,2884500,0.0,0.0
2012-07-02 00:00:00-04:00,24.026296558371794,24.026296558371794,22.34850661573216,23.017927169799805,3164000,0.0,0.0
2012-07-03 00:00:00-04:00,21.92482552879865,23.07216320921218,21.92482552879865,22.862014770507812,1552000,0.0,0.0
2012-07-05 00:00:00-04:00,22.999282011831593,23.0789345553008,22.721344204823716,22.83489227294922,1636000,0.0,0.0
2012-07-06 00:00:00-04:00,22.650172121273208,22.804394217289126,22.438329879324385,22.590856552124023,1154000,0.0,0.0
2012-07-09 00:00:00-04:00,22.60611812506342,22.717970848616414,22.340044858762308,22.507823944091797,1308000,0.0,0.0
2012-07-10 00:00:00-04:00,22.584075658206846,22.7755808820652,22.17733898538705,22.282411575317383,1808000,0.0,0.0
2012-07-11 00:00:00-04:00,22.258695124884383,22.792538656591482,22.199379536078833,22.66543197631836,2360500,0.0,0.0
2012-07-12 00:00:00-04:00,22.433243513755478,22.87726331300189,22.390874101915156,22.750158309936523,2811000,0.0,0.0
2012-07-13 00:00:00-04:00,22.745080324050637,23.292482295126828,22.72304951641849,23.255197525024414,2294500,0.0,0.0
2012-07-16 00:00:00-04:00,23.06538488692224,23.06538488692224,22.631532671681025,22.709489822387695,2739000,0.0,0.0
2012-07-17 00:00:00-04:00,22.87048988818979,23.089110606237366,22.78236343163558,23.0738582611084,1737500,0.0,0.0
2012-07-18 00:00:00-04:00,23.012846839029443,23.177235006644953,22.917940313771112,22.992509841918945,1311500,0.0,0.0
2012-07-19 00:00:00-04:00,23.00267233917526,23.050124782977342,22.563735617778317,22.670503616333008,1532500,0.0,0.0
2012-07-20 00:00:00-04:00,22.506119424366762,22.59594129818094,21.938382148967257,22.216320037841797,3710500,0.0,0.0
2012-07-23 00:00:00-04:00,21.863818492115385,22.333261717663973,21.838396836185904,22.229881286621094,2481000,0.0,0.0
2012-07-24 00:00:00-04:00,22.19259257532353,22.477307292565765,22.145140122449824,22.455276489257812,2540500,0.0,0.0
2012-07-25 00:00:00-04:00,22.456972986971714,22.64169815414705,22.01125608404641,22.14175033569336,4206500,0.0,0.0
2012-07-26 00:00:00-04:00,22.704409265615983,22.704409265615983,22.17056580236729,22.494260787963867,2916000,0.0,0.0
2012-07-27 00:00:00-04:00,22.702707974402305,22.973865770503476,22.448497944614445,22.751855850219727,1491000,0.0,0.0
2012-07-30 00:00:00-04:00,22.69083774144334,22.86370134789759,22.36883836366508,22.429847717285156,2806500,0.0,0.0
2012-07-31 00:00:00-04:00,22.511197346347256,22.621354568531903,22.129880776808925,22.238344192504883,2727500,0.0,0.0
2012-08-01 00:00:00-04:00,22.72304682537808,23.041657100178995,21.71298346759189,21.929908752441406,4321000,0.0,0.0
2012-08-02 00:00:00-04:00,21.829913447428986,21.93159841065096,21.390976723328418,21.81296730041504,4662500,0.0,0.0
2012-08-03 00:00:00-04:00,22.160390445899235,22.50950535057242,21.98413757058827,22.412906646728516,2123500,0.0,0.0
2012-08-06 00:00:00-04:00,22.48747986853096,22.689152822567173,22.33325937426798,22.370542526245117,1361000,0.0,0.0
2012-08-07 00:00:00-04:00,22.49595243249078,22.665425262272034,22.372236636421505,22.382404327392578,1487000,0.0,0.0
2012-08-08 00:00:00-04:00,22.251906113275652,22.58915952203948,22.089211773076226,22.412906646728516,1332500,0.0,0.0
2012-08-09 00:00:00-04:00,22.37053179330607,22.628132584172608,22.328164007758115,22.531532287597656,1012500,0.0,0.0
2012-08-10 00:00:00-04:00,22.263768388495,22.65694811344371,22.263768388495,22.584074020385742,1270000,0.0,0.0
2012-08-13 00:00:00-04:00,22.42308127289247,22.69593455268744,22.355291808818446,22.663734436035156,1204000,0.0,0.0
2012-08-14 00:00:00-04:00,22.709491189264075,22.709491189264075,22.350206872581634,22.468839645385742,1009500,0.0,0.0
2012-08-15 00:00:00-04:00,22.47392437778618,22.634924971155087,22.431556566165714,22.50612449645996,1208000,0.0,0.0
2012-08-16 00:00:00-04:00,22.42985694217939,23.033183582199644,22.42985694217939,22.98573112487793,1338500,0.0,0.0
2012-08-17 00:00:00-04:00,23.055219448381973,23.111145798042294,22.770503045685324,22.936588287353516,1460500,0.0,0.0
2012-08-20 00:00:00-04:00,22.829815296221625,23.07216385355274,22.799310606757565,22.984037399291992,979000,0.0,0.0
2012-08-21 00:00:00-04:00,22.96369543472624,23.153505223637243,22.64169437678398,22.77557945251465,1518500,0.0,0.0
2012-08-22 00:00:00-04:00,22.80439098518769,23.09249652270269,22.58407489083929,23.048433303833008,1686000,0.0,0.0
2012-08-23 00:00:00-04:00,22.91285956018184,23.068775476082383,22.91285956018184,23.0026798248291,1612000,0.0,0.0
2012-08-24 00:00:00-04:00,22.816253975592364,23.260275391644097,22.789136905488167,23.234853744506836,1969500,0.0,0.0
2012-08-27 00:00:00-04:00,23.253494577688596,23.438221328740735,23.075547902061135,23.331453323364258,2301500,0.0,0.0
2012-08-28 00:00:00-04:00,23.302644587076315,23.64159182146094,23.302644587076315,23.45008659362793,2009000,0.0,0.0
2012-08-29 00:00:00-04:00,23.477201972747793,23.53312830664499,23.1874026135659,23.26197052001953,2009000,0.0,0.0
2012-08-30 00:00:00-04:00,22.904383490571785,23.14334118735117,22.84845715233712,23.107751846313477,3403500,0.0,0.0
2012-08-31 00:00:00-04:00,23.150114995769506,23.300946213129215,23.021314578146523,23.167062759399414,1058000,0.0,0.0
2012-09-04 00:00:00-04:00,23.17215589241973,23.219608354968255,22.804397691440382,23.1467342376709,2656500,0.0,0.0
2012-09-05 00:00:00-04:00,23.15690057376642,23.217911571853843,22.812870240436023,22.97047996520996,3112000,0.0,0.0
2012-09-06 00:00:00-04:00,23.099277212437787,23.29078244827938,23.029792339586283,23.2043514251709,3909000,0.0,0.0
2012-09-07 00:00:00-04:00,23.277227610725635,23.492460723584667,23.14164868975775,23.239944458007812,3960000,0.0,0.0
2012-09-10 00:00:00-04:00,23.29586682046386,23.41788718198208,22.9942027223369,23.01453971862793,3137000,0.0,0.0
2012-09-11 00:00:00-04:00,23.0958948943158,23.145041169111046,22.95523129960456,23.006072998046875,2911000,0.0,0.0
2012-09-12 00:00:00-04:00,23.065380893839677,23.10097023250908,22.973865220657224,23.039960861206055,2962000,0.0,0.0
2012-09-13 00:00:00-04:00,23.048440624210823,23.25689205638887,22.933197079620257,23.192493438720703,3677500,0.0,0.0
2012-09-14 00:00:00-04:00,23.42127530694842,23.82631817431139,23.14164364142508,23.741580963134766,5150000,0.0,0.0
2012-09-17 00:00:00-04:00,23.751751082300316,23.87716067220676,23.512791783028877,23.794118881225586,2930000,0.0,0.0
2012-09-18 00:00:00-04:00,23.689046233482077,23.921225471905156,23.587362862863934,23.78903579711914,2646500,0.0,0.0
2012-09-19 00:00:00-04:00,23.75514050835844,23.811066843839978,23.38060230996092,23.422971725463867,2580500,0.0,0.0
2012-09-20 00:00:00-04:00,23.250106327289966,23.355180530406386,22.92471764494492,23.353485107421875,1930000,0.0,0.0
2012-09-21 00:00:00-04:00,23.433135735736784,23.529736048440803,23.314504623413086,23.314504623413086,2753500,0.0,0.0
2012-09-24 00:00:00-04:00,23.260283494539006,23.39077777293443,23.114535252810715,23.243335723876953,1187500,0.0,0.0
2012-09-25 00:00:00-04:00,23.289085436798274,23.417885867334792,22.90607499123682,22.914548873901367,1534500,0.0,0.0
2012-09-26 00:00:00-04:00,22.875573303513917,22.968784408807476,22.787446851730785,22.823036193847656,1954500,0.0,0.0
2012-09-27 00:00:00-04:00,23.023011710145916,23.19756916305493,22.867095828877062,22.902685165405273,1224500,0.0,0.0
2012-09-28 00:00:00-04:00,22.87557762117436,23.087419906841752,22.570524212620235,22.6095027923584,3649000,0.0,0.0
2012-10-01 00:00:00-04:00,22.685765007921553,22.836597897303967,22.31800680549812,22.35698699951172,3603000,0.0,0.0
2012-10-02 00:00:00-04:00,22.47392175836628,22.538321988207755,21.984143189609043,22.112943649291992,4487500,0.0,0.0
2012-10-03 00:00:00-04:00,22.112948360209927,22.3824108359229,22.043463461570557,22.285810470581055,2705000,0.0,0.0
2012-10-04 00:00:00-04:00,22.350205736233917,22.526458654887247,22.189206779417606,22.372238159179688,2334000,0.0,0.0
2012-10-05 00:00:00-04:00,22.48747325389587,22.555262693092985,22.145136828384622,22.20106315612793,1668000,0.0,0.0
2012-10-08 00:00:00-04:00,22.138361438903893,22.238351004100466,22.068878178350985,22.10785675048828,1185000,0.0,0.0
2012-10-09 00:00:00-04:00,22.104462860957188,22.18411541167778,21.750261707454573,21.977357864379883,2477500,0.0,0.0
2012-10-10 00:00:00-04:00,22.043452647131588,22.126494430267915,21.72484243317227,21.807884216308594,1777000,0.0,0.0
2012-10-11 00:00:00-04:00,21.95363625405365,22.01634105407789,21.812972693579642,21.885845184326172,2025000,0.0,0.0
2012-10-12 00:00:00-04:00,21.850255427015433,22.118024005681235,21.757045940368474,21.987529754638672,3762000,0.0,0.0
2012-10-15 00:00:00-04:00,22.17394977248467,22.1773406188016,21.69603438915597,21.863813400268555,2897000,0.0,0.0
2012-10-16 00:00:00-04:00,22.029896870419154,22.31969786055192,21.923128850162442,22.272245407104492,1609500,0.0,0.0
2012-10-17 00:00:00-04:00,22.214614245007617,22.31290995659817,22.07225694491725,22.163772583007812,6843000,0.0,0.0
2012-10-18 00:00:00-04:00,22.155307423730743,22.24173844477277,22.057013289678476,22.111244201660156,2527500,0.0,0.0
2012-10-19 00:00:00-04:00,22.107860439454825,22.399355299962345,22.055323321350766,22.065492630004883,2672500,0.0,0.0
2012-10-22 00:00:00-04:00,22.119719921180998,22.351899163820768,21.87228833429431,22.29597282409668,2036000,0.0,0.0
2012-10-23 00:00:00-04:00,22.04176812154715,22.16887480161221,21.896021477324748,22.09600067138672,1433000,0.0,0.0
2012-10-24 00:00:00-04:00,22.10954877856101,22.243433867871918,22.058707096549693,22.111244201660156,1037000,0.0,0.0
2012-10-25 00:00:00-04:00,22.27054966460794,22.27054966460794,21.80110817385743,22.116329193115234,1786000,0.0,0.0
2012-10-26 00:00:00-04:00,22.15021772003415,22.294270466409667,22.057008260304737,22.233261108398438,1297000,0.0,0.0
2012-10-31 00:00:00-04:00,22.23326326096364,22.412905355647368,22.041756438598387,22.20106315612793,1760500,0.0,0.0
2012-11-01 00:00:00-04:00,21.957017018491335,22.24681629519148,21.957017018491335,22.241731643676758,2775000,0.0,0.0
2012-11-02 00:00:00-04:00,22.346812810221216,22.448497791178113,21.963802345034807,22.00278091430664,2125000,0.0,0.0
2012-11-05 00:00:00-05:00,21.887543945652954,22.694239050194355,21.80111290453363,22.58747100830078,2004000,0.0,0.0
2012-11-06 00:00:00-05:00,22.545100914668623,22.678984405283423,22.334952466708184,22.61627960205078,3253500,0.0,0.0
2012-11-07 00:00:00-05:00,22.51967810075639,22.582382900755,22.118024417171195,22.297666549682617,1807000,0.0,0.0
2012-11-08 00:00:00-05:00,22.280727516384882,22.516296063671927,22.012958847194884,22.09600067138672,1745500,0.0,0.0
2012-11-09 00:00:00-05:00,22.09598841986352,22.316304495928495,22.055314434093418,22.082429885864258,1188000,0.0,0.0
2012-11-12 00:00:00-05:00,22.155306320183964,22.243432759935597,21.914653225767744,22.124801635742188,1343500,0.0,0.0
2012-11-13 00:00:00-05:00,22.04685037091424,22.25869265960188,21.72146157229723,21.75027084350586,3638500,0.0,0.0
2012-11-14 00:00:00-05:00,21.746878177656477,21.934994203736988,21.629940839016562,21.682477951049805,3092500,0.0,0.0
2012-11-15 00:00:00-05:00,21.689253399008866,22.01125284709026,21.365558527966773,21.47910499572754,3223000,0.0,0.0
2012-11-16 00:00:00-05:00,21.497755716248918,21.706207153383623,21.39098605423521,21.624860763549805,2879000,0.0,0.0
2012-11-19 00:00:00-05:00,21.851949634588934,22.089213512240768,21.850254211481076,22.03667640686035,2279500,0.0,0.0
2012-11-20 00:00:00-05:00,21.967199736854944,22.141757268106836,21.819757671856888,22.00956916809082,1611000,0.0,0.0
2012-11-21 00:00:00-05:00,21.99769467593238,22.21970619492731,21.819747992366512,22.11971664428711,1430000,0.0,0.0
2012-11-23 00:00:00-05:00,22.20614404236282,22.24003956679356,22.036671268891805,22.233261108398438,620500,0.0,0.0
2012-11-26 00:00:00-05:00,22.129883115962798,22.292579064817666,22.07565221049633,22.16886329650879,1219000,0.0,0.0
2012-11-27 00:00:00-05:00,22.19428926865447,22.273941841512656,22.00617323959557,22.02651023864746,1386000,0.0,0.0
2012-11-28 00:00:00-05:00,22.00277787471129,22.223093956158827,21.938377665039873,22.20106315612793,1075500,0.0,0.0
2012-11-29 00:00:00-05:00,22.311224926105194,22.443414601856738,22.09768726028253,22.406129837036133,1352000,0.0,0.0
2012-11-30 00:00:00-05:00,22.365451648107086,22.45696892789011,22.22309430840504,22.395957946777344,2113500,0.0,0.0
2012-12-03 00:00:00-05:00,22.41121652497308,22.612891095237483,22.345122489211285,22.370542526245117,1882000,0.0,0.0
2012-12-04 00:00:00-05:00,22.480695304972883,22.48408453457549,22.07395704433286,22.175642013549805,1923000,0.0,0.0
2012-12-05 00:00:00-05:00,22.17564948332389,22.21971271545579,21.911270090532504,22.062101364135742,1869000,0.0,0.0
2012-12-06 00:00:00-05:00,22.058711066901044,22.311227331764783,21.86551199399294,22.224796295166016,2056500,0.0,0.0
2012-12-07 00:00:00-05:00,22.30275341042698,22.407827639386987,22.106163491034398,22.153615951538086,1347500,0.0,0.0
2012-12-10 00:00:00-05:00,22.082430425362197,22.331557382119748,22.062093431980294,22.20106315612793,1450000,0.0,0.0
2012-12-11 00:00:00-05:00,22.23496162842739,22.31969884886193,21.840088023702418,21.882455825805664,3207500,0.0,0.0
2012-12-12 00:00:00-05:00,21.98752377406067,22.128187293599936,21.836692566758035,21.980745315551758,2101500,0.0,0.0
2012-12-13 00:00:00-05:00,21.9976967553513,22.07904474194419,21.772297601527793,21.899402618408203,2100500,0.0,0.0
2012-12-14 00:00:00-05:00,21.88753956074254,21.97397058454643,21.643497216570868,21.675697326660156,1911500,0.0,0.0
2012-12-17 00:00:00-05:00,21.731627103361642,21.799416564349077,21.219816107226652,21.6655330657959,3420000,0.0,0.0
2012-12-18 00:00:00-05:00,21.763823054353953,21.890928067357148,21.54181313737269,21.69942283630371,4364000,0.0,0.0
2012-12-19 00:00:00-05:00,21.67569146070131,21.807881095363463,21.536723367716238,21.745176315307617,8459500,0.0,0.0
2012-12-20 00:00:00-05:00,22.92133701695817,22.946758675691516,20.923240541407708,22.048547744750977,68379000,0.0,0.0
2012-12-21 00:00:00-05:00,21.612989709965852,21.97735856364782,21.35030421028997,21.39606285095215,23741000,0.0,0.0
2012-12-24 00:00:00-05:00,21.38250712968638,21.51639222342523,21.135075555159386,21.191001892089844,3764500,0.0,0.0
2012-12-26 00:00:00-05:00,21.19608628830756,21.27234962103597,21.03508573963336,21.184223175048828,3805500,0.0,0.0
2012-12-27 00:00:00-05:00,21.22998462400244,21.318111081624217,20.797826220229663,21.05203628540039,5796000,0.0,0.0
2012-12-28 00:00:00-05:00,20.875778639222816,21.074063932049874,20.814767655566197,20.95712661743164,3814500,0.0,0.0
2012-12-31 00:00:00-05:00,20.941881095932867,20.98763813640664,20.816469858054926,20.982553482055664,5579000,0.0,0.0
2013-01-02 00:00:00-05:00,21.297770460817464,21.42487547178886,21.01983259703152,21.170663833618164,7525000,0.0,0.0
2013-01-03 00:00:00-05:00,21.21473680869858,21.5147056129443,21.06051627129448,21.50962257385254,7744500,0.0,0.0
2013-01-04 00:00:00-05:00,21.47571952663655,22.04854146708466,21.384203843972827,21.963804244995117,7896000,0.0,0.0
2013-01-07 00:00:00-05:00,21.768909434396015,21.86042511566758,21.49605619758505,21.507919311523438,5988000,0.0,0.0
2013-01-08 00:00:00-05:00,21.468937489901425,21.570620846488637,21.268958390221723,21.553674697875977,9003000,0.0,0.0
2013-01-09 00:00:00-05:00,21.509618751148782,21.6977348022853,21.46216467030629,21.626554489135742,10398500,0.0,0.0
2013-01-10 00:00:00-05:00,21.65366745468765,21.775687823909443,21.516393125113588,21.692646026611328,7229500,0.0,0.0
2013-01-11 00:00:00-05:00,21.645188110328146,21.933293617690477,21.568924792718843,21.923124313354492,4201500,0.0,0.0
2013-01-14 00:00:00-05:00,21.865505500835717,22.026504411077703,21.77229441452781,21.950241088867188,4037500,0.0,0.0
2013-01-15 00:00:00-05:00,21.89092527067914,21.89092527067914,21.574008873979572,21.792631149291992,4004500,0.0,0.0
2013-01-16 00:00:00-05:00,21.68587027376077,21.8061968599756,21.636724001364623,21.706207275390625,3868000,0.0,0.0
2013-01-17 00:00:00-05:00,21.789243623631524,22.306137533059076,21.750263440376912,22.23665428161621,5911500,0.0,0.0
2013-01-18 00:00:00-05:00,22.226482341394902,22.601020473742466,22.124798994575613,22.595935821533203,7045000,0.0,0.0
2013-01-22 00:00:00-05:00,22.467138340849914,22.729822240033368,22.16378045113646,22.72812843322754,7611500,0.0,0.0
2013-01-23 00:00:00-05:00,22.68406799951965,22.79592067910395,22.456973410095177,22.634920120239258,6586000,0.0,0.0
2013-01-24 00:00:00-05:00,22.66373164133007,22.975563460863693,22.62983610535862,22.756942749023438,6445000,0.0,0.0
2013-01-25 00:00:00-05:00,22.756947355543286,22.88066317767134,22.614588338365884,22.84846305847168,5192000,0.0,0.0
2013-01-28 00:00:00-05:00,22.8620117711179,23.023012309288546,22.590853990763872,22.914548873901367,10681000,0.0,0.0
2013-01-29 00:00:00-05:00,22.960312695484056,23.20604888326747,22.85693388962525,23.168764114379883,6987000,0.0,0.0
2013-01-30 00:00:00-05:00,23.212831135808173,23.67888516622525,23.199274211255315,23.5399169921875,11572500,0.0,0.0
2013-01-31 00:00:00-05:00,23.38060502176459,23.63142746519549,23.314510988633184,23.514490127563477,7394000,0.0,0.0
2013-02-01 00:00:00-05:00,23.700906322609605,24.13984470889899,23.58227519995184,23.875465393066406,8929000,0.0,0.0
2013-02-04 00:00:00-05:00,23.658538626445125,23.963591933116778,23.48228574847731,23.95172882080078,8337500,0.0,0.0
2013-02-05 00:00:00-05:00,23.95172877818176,24.33643302438098,23.822928349707105,24.326265335083008,11090000,0.0,0.0
2013-02-06 00:00:00-05:00,24.127986619675223,24.673691513735374,23.905975053936235,24.610986709594727,13719000,0.0,0.0
2013-02-07 00:00:00-05:00,24.575398983457184,25.278715262077014,24.34660894172792,25.243125915527344,8550000,0.0,0.0
2013-02-08 00:00:00-05:00,25.28040733400488,25.363449136920615,25.068565076477224,25.251596450805664,5682500,0.0,0.0
2013-02-11 00:00:00-05:00,25.26006422265383,25.41259086976203,25.095674463714,25.392253875732422,3789500,0.0,0.0
2013-02-12 00:00:00-05:00,25.421070526148398,25.73968081126909,25.387174989657364,25.541397094726562,7847000,0.0,0.0
2013-02-13 00:00:00-05:00,25.505811372977206,25.737990658980266,25.273632086974143,25.727821350097656,4662500,0.0,0.0
2013-02-14 00:00:00-05:00,25.666807807101677,26.459944273742686,25.56851204621302,26.356565475463867,8397000,0.0,0.0
2013-02-15 00:00:00-05:00,26.353182362521522,26.856519549411267,26.243023461771006,26.51587677001953,8646500,0.0,0.0
2013-02-19 00:00:00-05:00,26.549764235656703,26.69042617371532,26.293858777113062,26.39554214477539,6837500,0.0,0.0
2013-02-20 00:00:00-05:00,26.334529981287943,26.541289169949525,26.19047881955485,26.220983505249023,5508500,0.0,0.0
2013-02-21 00:00:00-05:00,26.217595038331172,26.24979514804679,25.887120057962704,25.934574127197266,4357000,0.0,0.0
2013-02-22 00:00:00-05:00,26.068463654607203,26.463337329845963,26.054905115074387,26.434526443481445,4330500,0.0,0.0
2013-02-25 00:00:00-05:00,26.47011239077084,26.537901843129905,25.480384446854877,25.50919532775879,6389500,0.0,0.0
2013-02-26 00:00:00-05:00,25.76002077328074,25.943052165948988,25.52445226274454,25.900684356689453,3843000,0.0,0.0
2013-02-27 00:00:00-05:00,25.866787243033695,26.319282659106833,25.641388054815103,26.283693313598633,3023000,0.0,0.0
2013-02-28 00:00:00-05:00,26.29386045319649,26.476891819638272,26.07354432091357,26.237934112548828,3394000,0.0,0.0
2013-03-01 00:00:00-05:00,26.154891032527257,26.154891032527257,25.81255452363397,26.09896469116211,3331000,0.0,0.0
2013-03-04 00:00:00-05:00,26.066760102525897,26.563318628845092,25.91423506554332,26.534507751464844,2768000,0.0,0.0
2013-03-05 00:00:00-05:00,26.620947763178794,27.07683242618695,26.620947763178794,26.866683959960938,4208500,0.0,0.0
2013-03-06 00:00:00-05:00,27.141218154529096,27.503893144036816,27.076819569184728,27.175113677978516,3315500,0.0,0.0
2013-03-07 00:00:00-05:00,27.175122598317216,27.198848826029028,26.7412704228526,26.90226936340332,3503000,0.0,0.0
2013-03-08 00:00:00-05:00,27.056490262604193,27.129362749507244,26.76330004316308,26.878541946411133,3021000,0.0,0.0
2013-03-11 00:00:00-04:00,26.809054745282737,26.990390648630747,26.551453903734213,26.987001419067383,2893000,0.0,0.0
2013-03-12 00:00:00-04:00,26.89210365889454,26.975145462018972,26.80397720196261,26.86159896850586,2736000,0.0,0.0
2013-03-13 00:00:00-04:00,26.79211417602701,27.092082892013174,26.732798602170114,27.015819549560547,2213000,0.0,0.0
2013-03-14 00:00:00-04:00,26.937858882744052,27.559825423470766,26.893795659885324,27.512372970581055,4206500,0.0,0.0
2013-03-15 00:00:00-04:00,27.524233953293546,27.588634167581255,27.073435685735266,27.28188705444336,3262500,0.0,0.0
2013-03-18 00:00:00-04:00,26.888708714723833,27.28358387989159,26.849730148348108,27.090381622314453,1999000,0.0,0.0
2013-03-19 00:00:00-04:00,27.15818262699007,27.278510839538306,26.458257092344645,27.049720764160156,3595500,0.0,0.0
2013-03-20 00:00:00-04:00,27.083606875397606,27.519156089630272,27.01581742257997,27.386964797973633,2722000,0.0,0.0
2013-03-21 00:00:00-04:00,27.451363406451563,27.614059376629843,27.164951651749853,27.359846115112305,3280500,0.0,0.0
2013-03-22 00:00:00-04:00,27.39205207309531,27.60050348869513,27.303925614374982,27.507295608520508,2810000,0.0,0.0
2013-03-25 00:00:00-04:00,27.707272019328837,27.76150293492593,27.319176877860293,27.454755783081055,2419000,0.0,0.0
2013-03-26 00:00:00-04:00,27.558126946036346,27.65642268141562,27.01072679122024,27.381874084472656,2515000,0.0,0.0
2013-03-27 00:00:00-04:00,27.200546265623665,27.285285113379842,26.875157494626908,27.08361053466797,3242000,0.0,0.0
2013-03-28 00:00:00-04:00,27.04801295513101,27.65473031380449,26.887012425858178,27.636085510253906,3289000,0.0,0.0
2013-04-01 00:00:00-04:00,27.534411304858622,27.65982092408442,27.05310659628133,27.131065368652344,2567500,0.0,0.0
2013-04-02 00:00:00-04:00,27.354767439868755,27.67676533385098,27.16665141764106,27.36663055419922,4659500,0.0,0.0
2013-04-03 00:00:00-04:00,27.437810825380613,27.46662170934144,26.549767773893354,26.578577041625977,3693000,0.0,0.0
2013-04-04 00:00:00-04:00,26.663310998787107,26.96497510732926,26.45316418482826,26.624332427978516,2752500,0.0,0.0
2013-04-05 00:00:00-04:00,26.32436506438416,26.349786715959077,25.441406730822518,26.278606414794922,7387500,0.0,0.0
2013-04-08 00:00:00-04:00,26.253192448115126,26.45825628269551,26.090498042620357,26.43283462524414,1919000,0.0,0.0
2013-04-09 00:00:00-04:00,26.422657371902726,26.50909001151467,26.127773345527803,26.27691078186035,1612500,0.0,0.0
2013-04-10 00:00:00-04:00,26.35148293061975,26.815841464621705,26.35148293061975,26.736188888549805,2073500,0.0,0.0
2013-04-11 00:00:00-04:00,26.792110450407968,26.99039414347525,26.602299024232256,26.83108901977539,2267000,0.0,0.0
2013-04-12 00:00:00-04:00,26.793808624250147,26.849734965598163,26.578575526619453,26.810754776000977,1508000,0.0,0.0
2013-04-15 00:00:00-04:00,26.776862512113734,27.037852659953085,26.122692527235472,26.126083374023438,2443500,0.0,0.0
2013-04-16 00:00:00-04:00,26.280298123138994,26.385372328655258,25.98371869493436,26.35486602783203,2500000,0.0,0.0
2013-04-17 00:00:00-04:00,26.073540797032546,26.220982800974074,25.932877252790345,26.0938777923584,2918000,0.0,0.0
2013-04-18 00:00:00-04:00,26.127773456063245,26.376900453310476,25.77357386153145,25.829500198364258,2158000,0.0,0.0
2013-04-19 00:00:00-04:00,25.904071595371597,26.187092547706268,25.854923712076648,26.163366317749023,2023000,0.0,0.0
2013-04-22 00:00:00-04:00,26.17353207940145,26.46333145353751,25.905763508857287,26.31419563293457,2059500,0.0,0.0
2013-04-23 00:00:00-04:00,26.37689963858617,26.759910101280152,26.37689963858617,26.673479080200195,2300500,0.0,0.0
2013-04-24 00:00:00-04:00,26.74974134361975,26.94632960396352,26.580266921968512,26.84295082092285,2721500,0.0,0.0
2013-04-25 00:00:00-04:00,26.87684525568707,27.137835337193696,26.748044829782934,27.04631805419922,2659500,0.0,0.0
2013-04-26 00:00:00-04:00,27.000564324408323,27.18020645016904,26.776858974735426,27.032764434814453,1929000,0.0,0.0
2013-04-29 00:00:00-04:00,27.03276557399244,27.478482485179022,27.003954692484218,27.436111450195312,3246500,0.0,0.0
2013-04-30 00:00:00-04:00,27.305609119502932,27.71234572188157,27.28357993747645,27.612356185913086,9566000,0.0,0.0
2013-05-01 00:00:00-04:00,27.0310779562608,28.934269481418806,26.853131194787284,28.227563858032227,10017500,0.0,0.0
2013-05-02 00:00:00-04:00,28.242820571923225,29.1037468057179,28.14791239077579,29.074935913085938,4211500,0.0,0.0
2013-05-03 00:00:00-04:00,29.25625437714851,29.5307997324756,29.13762326898801,29.152873992919922,3441500,0.0,0.0
2013-05-06 00:00:00-04:00,29.032546015444076,29.240997336013574,29.024070518638005,29.09524917602539,2472000,0.0,0.0
2013-05-07 00:00:00-04:00,29.13932451902148,29.252871004057727,28.81223875229366,29.000354766845703,3169000,0.0,0.0
2013-05-08 00:00:00-04:00,28.954606710286605,29.156282951906604,28.752933701123876,29.091882705688477,2238000,0.0,0.0
2013-05-09 00:00:00-04:00,29.118981180571883,29.20710761662563,28.900360513381077,29.01560401916504,1663000,0.0,0.0
2013-05-10 00:00:00-04:00,29.019000828707917,29.20881391206,28.93934986590281,29.16644287109375,1691000,0.0,0.0
2013-05-13 00:00:00-04:00,29.080001745608016,29.437592111858947,28.952895138767616,29.19354820251465,1557000,0.0,0.0
2013-05-14 00:00:00-04:00,29.230837989933075,29.852807783203918,29.179997921598318,29.8121337890625,1973500,0.0,0.0
2013-05-15 00:00:00-04:00,29.568089686536016,30.115489889412927,29.442676872037694,29.62571144104004,3221500,0.0,0.0
2013-05-16 00:00:00-04:00,29.546067475106994,29.820616190994233,29.481667238848427,29.491836547851562,2498500,0.0,0.0
2013-05-17 00:00:00-04:00,29.63927122508915,30.196840787352905,29.53250320448766,30.066343307495117,3598500,0.0,0.0
2013-05-20 00:00:00-04:00,29.920592895654128,30.30529710778742,29.712138313112288,29.83755111694336,3075500,0.0,0.0
2013-05-21 00:00:00-04:00,30.234124969880384,30.35275610794469,29.385062196772058,29.402009963989258,5379500,0.0,0.0
2013-05-22 00:00:00-04:00,29.364715468028702,29.55283142995982,28.473285139457087,28.729188919067383,8222500,0.0,0.0
2013-05-23 00:00:00-04:00,28.486850695732393,28.71733451766891,28.191966649619594,28.5207462310791,3263000,0.0,0.0
2013-05-24 00:00:00-04:00,28.42244702854518,28.55633211422692,28.16315235621976,28.41397476196289,3608000,0.0,0.0
2013-05-28 00:00:00-04:00,28.730890436818804,29.07492396692281,28.6156501460977,28.727502822875977,3604000,0.0,0.0
2013-05-29 00:00:00-04:00,28.527519391210106,29.135928945096325,28.527519391210106,29.01560401916504,2904500,0.0,0.0
2013-05-30 00:00:00-04:00,29.030855006733685,30.14430019561181,28.937647149690733,30.07142448425293,3896000,0.0,0.0
2013-05-31 00:00:00-04:00,29.949405479991583,29.99007623590356,29.01560401916504,29.01560401916504,4889000,0.0,0.0
2013-06-03 00:00:00-04:00,29.051194986626143,29.073227404990952,28.249584751084566,28.674962997436523,3281000,0.0,0.0
2013-06-04 00:00:00-04:00,28.639373335504306,28.65970871437228,27.66659488185511,27.92249870300293,4219000,0.0,0.0
2013-06-05 00:00:00-04:00,27.710656996313052,28.16315231713559,27.615752094935406,27.93605613708496,3600000,0.0,0.0
2013-06-06 00:00:00-04:00,27.781835474813903,28.702080068689803,27.781835474813903,28.674962997436523,3263000,0.0,0.0
2013-06-07 00:00:00-04:00,28.78682087390922,29.635883713479032,28.280094554537836,29.607072830200195,3509000,0.0,0.0
2013-06-10 00:00:00-04:00,29.657906095432363,29.80365426960239,29.320654343216052,29.671463012695312,2535500,0.0,0.0
2013-06-11 00:00:00-04:00,29.17829805884248,29.334215560040402,28.89188955306574,29.003742218017578,2743000,0.0,0.0
2013-06-12 00:00:00-04:00,29.024085228536173,29.32405396489293,28.980023613160157,29.159664154052734,2743000,0.0,0.0
2013-06-13 00:00:00-04:00,29.081694029047082,29.742640592107886,28.9020535682723,29.7239990234375,2835000,0.0,0.0
2013-06-14 00:00:00-04:00,29.65791458228846,29.695197731658066,29.322356540593514,29.344388961791992,2449500,0.0,0.0
2013-06-17 00:00:00-04:00,29.551151461870734,30.437497553501338,29.424044799573966,30.31378173828125,4718000,0.0,0.0
2013-06-18 00:00:00-04:00,30.505281023198243,31.203514123027386,30.464607030711196,31.025564193725586,5312500,0.0,0.0
2013-06-19 00:00:00-04:00,31.013707035289524,31.013707035289524,30.244298341450072,30.310392379760742,3183000,0.0,0.0
2013-06-20 00:00:00-04:00,29.969741303315924,30.196837472371516,29.207108050660793,29.39861488342285,4707000,0.0,0.0
2013-06-21 00:00:00-04:00,29.498604308025342,29.7121403248827,28.868162330311524,29.244394302368164,4259500,0.0,0.0
2013-06-24 00:00:00-04:00,28.880033274297784,29.48166453841501,28.59023385390738,29.139328002929688,4703500,0.0,0.0
2013-06-25 00:00:00-04:00,29.366430763174325,30.022296400081974,29.264747346022016,29.67826271057129,4509000,0.0,0.0
2013-06-26 00:00:00-04:00,29.990080649277395,30.627304405839727,29.56470236421819,30.48833465576172,5631500,0.0,0.0
2013-06-27 00:00:00-04:00,30.473079894860554,30.74762527983661,30.20361593010706,30.447656631469727,3694500,0.0,0.0
2013-06-28 00:00:00-04:00,30.352750379484466,30.527309439666684,30.12565422058106,30.125654220581055,4040500,0.0,0.0
2013-07-01 00:00:00-04:00,30.43748853962619,30.717121820884728,30.154467644750895,30.169721603393555,3640500,0.0,0.0
2013-07-02 00:00:00-04:00,30.084996017087924,30.31039523090528,29.425742914268167,29.573184967041016,7087000,0.0,0.0
2013-07-03 00:00:00-04:00,29.551132846266633,29.822290538058912,29.424026264040087,29.640953063964844,3617000,0.0,0.0
2013-07-05 00:00:00-04:00,29.886707098685196,30.05618155697569,29.63588464181875,30.0019474029541,3260500,0.0,0.0
2013-07-08 00:00:00-04:00,30.07312524423377,30.43410330240562,29.993471063639795,30.061262130737305,2274500,0.0,0.0
2013-07-09 00:00:00-04:00,30.33581465123887,30.45783666111229,29.41048834939313,29.717235565185547,4648500,0.0,0.0
2013-07-10 00:00:00-04:00,29.75282060476572,30.418852059451407,29.690114185345458,30.381568908691406,3910500,0.0,0.0
2013-07-11 00:00:00-04:00,30.630695979410135,30.751024171059477,29.99856002693857,30.374792098999023,4472500,0.0,0.0
2013-07-12 00:00:00-04:00,30.395126261872857,30.69340116955647,30.278188921744302,30.618831634521484,2596500,0.0,0.0
2013-07-15 00:00:00-04:00,30.64763416774474,30.917098118759032,30.46799368870551,30.820499420166016,2825500,0.0,0.0
2013-07-16 00:00:00-04:00,30.77982453220126,31.088265421971975,30.715424324206058,30.769655227661133,3403000,0.0,0.0
2013-07-17 00:00:00-04:00,30.82389266525769,30.97302848948725,30.596799698757412,30.678144454956055,2521500,0.0,0.0
2013-07-18 00:00:00-04:00,30.7578063593203,30.888300642342685,30.535794757969207,30.75441551208496,1895000,0.0,0.0
2013-07-19 00:00:00-04:00,30.610346910909485,30.610346910909485,30.07480992665077,30.334104537963867,2842000,0.0,0.0
2013-07-22 00:00:00-04:00,30.283274329384746,30.283274329384746,29.890094494118156,30.02737045288086,2358500,0.0,0.0
2013-07-23 00:00:00-04:00,30.039231668939692,30.310389490094494,29.91043121902273,30.249380111694336,2583000,0.0,0.0
2013-07-24 00:00:00-04:00,30.281574830350642,30.412069071039642,29.844333463963764,29.95957374572754,2728000,0.0,0.0
2013-07-25 00:00:00-04:00,29.85788571478852,30.29512701280504,29.7867070491791,30.276485443115234,1832000,0.0,0.0
2013-07-26 00:00:00-04:00,30.135808357994566,30.149368501857886,29.64094553455624,30.044294357299805,2213500,0.0,0.0
2013-07-29 00:00:00-04:00,29.90704960292605,30.368020627127503,29.89518648499482,30.208715438842773,1943500,0.0,0.0
2013-07-30 00:00:00-04:00,30.183277319394396,30.527310802668303,30.183277319394396,30.447656631469727,1900500,0.0,0.0
2013-07-31 00:00:00-04:00,30.520537718673395,31.164536731282777,30.44766199405861,30.920495986938477,4744500,0.0,0.0
2013-08-01 00:00:00-04:00,31.18487022224758,31.513649785457904,31.018786633705947,31.488229751586914,3188500,0.0,0.0
2013-08-02 00:00:00-04:00,31.72890170361561,31.993281203177233,31.173025615130438,31.935659408569336,4672500,0.0,0.0
2013-08-05 00:00:00-04:00,31.764470582544593,31.840733912711798,31.308587640846998,31.461111068725586,4042000,0.0,0.0
2013-08-06 00:00:00-04:00,31.247568169064074,31.766157407233486,31.17469570106959,31.661083221435547,3223500,0.0,0.0
2013-08-07 00:00:00-04:00,31.54924379715351,31.576360874432,30.52901265545414,31.350961685180664,3155500,0.0,0.0
2013-08-08 00:00:00-04:00,31.417043631515998,31.832255737007653,31.267907845021007,31.720399856567383,2544500,0.0,0.0
2013-08-09 00:00:00-04:00,31.700079939218575,31.855997492798267,31.28995228579089,31.339101791381836,1034000,0.0,0.0
2013-08-12 00:00:00-04:00,31.173012549335105,31.24758208948204,30.844236161200172,31.037433624267578,2144500,0.0,0.0
2013-08-13 00:00:00-04:00,31.047594107627436,31.117078973871234,30.815416517020196,31.01369857788086,1938500,0.0,0.0
2013-08-14 00:00:00-04:00,31.00692949517654,31.11539457667521,30.72390852436153,30.861181259155273,1505500,0.0,0.0
2013-08-15 00:00:00-04:00,30.645942247598185,30.70695161546988,30.29682734041123,30.564594268798828,2232000,0.0,0.0
2013-08-16 00:00:00-04:00,30.530700048141203,30.91201669483045,30.39851200126535,30.808639526367188,2342500,0.0,0.0
2013-08-19 00:00:00-04:00,30.598487950174235,31.12724654797073,30.598487950174235,30.786603927612305,2589500,0.0,0.0
2013-08-20 00:00:00-04:00,30.73745900827447,31.110303405220737,30.60696476232565,31.062850952148438,3916000,0.0,0.0
2013-08-21 00:00:00-04:00,30.920488999945583,31.245877663029795,30.745929940669846,30.786603927612305,2265000,0.0,0.0
2013-08-22 00:00:00-04:00,30.883211095054612,31.557718061652384,30.795084637922653,31.4390869140625,2576000,0.0,0.0
2013-08-23 00:00:00-04:00,31.44078309473614,31.5966974054943,31.188266819036084,31.408584594726562,2835000,0.0,0.0
2013-08-26 00:00:00-04:00,31.410280313981243,31.603481023168968,31.04760512835919,31.076416015625,2495000,0.0,0.0
2013-08-27 00:00:00-04:00,30.828972721934033,30.942519188254128,30.381562083499293,30.54595184326172,3233500,0.0,0.0
2013-08-28 00:00:00-04:00,30.547646741322147,31.008617547283542,30.37986936214286,30.49341583251953,2283500,0.0,0.0
2013-08-29 00:00:00-04:00,30.410375195742926,30.789994804165456,30.391733623180148,30.55103874206543,2115500,0.0,0.0
2013-08-30 00:00:00-04:00,30.488325910797556,30.608654052378323,30.262926815769298,30.462905883789062,2110500,0.0,0.0
2013-09-03 00:00:00-04:00,30.883204458223624,31.179785495919113,30.644248407274844,30.788299560546875,2583000,0.0,0.0
2013-09-04 00:00:00-04:00,30.769652021458622,31.115379247699845,30.412061685308508,31.005220413208008,2538000,0.0,0.0
2013-09-05 00:00:00-04:00,30.957772151316828,31.05267704339534,30.651025058718655,30.67475128173828,3186000,0.0,0.0
2013-09-06 00:00:00-04:00,30.83575888808079,30.84762200293675,30.040926960275,30.401905059814453,4139500,0.0,0.0
2013-09-09 00:00:00-04:00,30.342586263960374,30.752713818970165,30.342586263960374,30.747629165649414,3462500,0.0,0.0
2013-09-10 00:00:00-04:00,30.928961275870787,31.00861544312551,30.659497324459043,30.67475128173828,3332500,0.0,0.0
2013-09-11 00:00:00-04:00,30.666290129676415,30.79678764978845,30.52732357231751,30.767976760864258,2383500,0.0,0.0
2013-09-12 00:00:00-04:00,30.72729682948193,30.839149516253507,30.44596968920208,30.505285263061523,2688500,0.0,0.0
2013-09-13 00:00:00-04:00,30.632398238520196,30.673072245061775,30.237521290326672,30.595111846923828,2818000,0.0,0.0
2013-09-16 00:00:00-04:00,30.910326070375472,30.96794783313311,30.622220489043407,30.686620712280273,2786500,0.0,0.0
2013-09-17 00:00:00-04:00,30.79169362652225,30.89846164757374,30.690007026272852,30.776439666748047,2930500,0.0,0.0
2013-09-18 00:00:00-04:00,30.832370884034965,30.895074071791587,30.63577935537313,30.796781539916992,2743000,0.0,0.0
2013-09-19 00:00:00-04:00,30.84422194455155,31.04081016392868,30.67983221002595,31.00861167907715,2899500,0.0,0.0
2013-09-20 00:00:00-04:00,31.042511508611707,31.344177217875796,30.76796610388585,30.86625862121582,3190000,0.0,0.0
2013-09-23 00:00:00-04:00,30.725596354185146,30.798472074246646,30.437490785173768,30.698482513427734,1793500,0.0,0.0
2013-09-24 00:00:00-04:00,30.635781730609672,30.876434890070666,30.478170380528965,30.622224807739258,2013000,0.0,0.0
2013-09-25 00:00:00-04:00,30.65950755654197,30.779835750910014,30.268024746067464,30.318864822387695,2796000,0.0,0.0
2013-09-26 00:00:00-04:00,30.379875144086775,30.637472818039488,30.269716266288345,30.491727828979492,1951500,0.0,0.0
2013-09-27 00:00:00-04:00,30.310390439527215,30.844233830847255,30.239211751678717,30.722211837768555,1899000,0.0,0.0
2013-09-30 00:00:00-04:00,30.415467725986534,30.80356293401287,30.235823948720924,30.745941162109375,2765500,0.0,0.0
2013-10-01 00:00:00-04:00,30.690009871573523,31.22215945168902,30.644254452920844,31.171316146850586,3542500,0.0,0.0
2013-10-02 00:00:00-04:00,30.942523772877585,31.201818466186523,30.35275570436753,31.201818466186523,5870500,0.0,0.0
2013-10-03 00:00:00-04:00,31.164531158648458,31.949193594149406,31.145889587182374,31.866151809692383,5790500,0.0,0.0
2013-10-04 00:00:00-04:00,31.98140004083855,32.84063212157642,31.840736482014,32.818599700927734,5952000,0.0,0.0
2013-10-07 00:00:00-04:00,32.538967676010785,32.935535061681236,32.461007304911284,32.708438873291016,3443000,0.0,0.0
2013-10-08 00:00:00-04:00,32.62370507759427,32.827075051008,31.80684080243792,32.142398834228516,5485500,0.0,0.0
2013-10-09 00:00:00-04:00,32.183078353020925,32.40339613140722,31.750921529965684,32.023773193359375,4723000,0.0,0.0
2013-10-10 00:00:00-04:00,32.31185801589684,32.99653067692261,32.201699197628294,32.73554229736328,4279500,0.0,0.0
2013-10-11 00:00:00-04:00,32.63556977807815,33.09145277664689,32.57286335979849,32.993160247802734,2995500,0.0,0.0
2013-10-14 00:00:00-04:00,32.85928338641473,33.252463297791394,32.72709528845085,33.15925216674805,1445500,0.0,0.0
2013-10-15 00:00:00-04:00,33.00162009401283,33.22363156879181,32.77960861923385,32.89824295043945,2421000,0.0,0.0
2013-10-16 00:00:00-04:00,33.171106544386824,33.46768439915095,32.95248583538125,33.13382339477539,1834500,0.0,0.0
2013-10-17 00:00:00-04:00,33.04569662583194,33.48802269318829,32.901642217426904,33.428707122802734,2551000,0.0,0.0
2013-10-18 00:00:00-04:00,33.39989321782148,33.64563097714998,33.21177721663918,33.59309387207031,3186000,0.0,0.0
2013-10-21 00:00:00-04:00,33.62698921561039,33.62698921561039,33.31346359607871,33.428707122802734,1974000,0.0,0.0
2013-10-22 00:00:00-04:00,33.4676934107673,33.63378028661247,33.176200131090205,33.465999603271484,1965000,0.0,0.0
2013-10-23 00:00:00-04:00,33.403280005068474,33.403280005068474,33.02196659152799,33.20669174194336,3684000,0.0,0.0
2013-10-24 00:00:00-04:00,33.230424323799795,33.3575309742639,33.09484540511774,33.250762939453125,2516000,0.0,0.0
2013-10-25 00:00:00-04:00,33.28464191141696,33.396494555334456,33.089747495912015,33.216854095458984,2162000,0.0,0.0
2013-10-28 00:00:00-04:00,33.27110055917154,33.27110055917154,32.67285688363843,32.84572219848633,3016000,0.0,0.0
2013-10-29 00:00:00-04:00,32.811825823102964,33.079592824888884,32.50168778108853,32.68302536010742,5115000,0.0,0.0
2013-10-30 00:00:00-04:00,32.716912762841815,32.8457131938056,32.279671406250266,32.301700592041016,4527000,0.0,0.0
2013-10-31 00:00:00-04:00,32.44745230625994,32.89316921009549,32.435589192449626,32.66268539428711,4232500,0.0,0.0
2013-11-01 00:00:00-04:00,32.99316203071257,33.269404522044375,32.7186133465334,33.10670852661133,3568500,0.0,0.0
2013-11-04 00:00:00-05:00,33.1338204690902,33.227031567344525,32.574557112020166,32.850799560546875,3493500,0.0,0.0
2013-11-05 00:00:00-05:00,33.686299087273014,34.04219241522908,33.12533879541564,33.55072021484375,5027500,0.0,0.0
2013-11-06 00:00:00-05:00,33.69308153773864,33.88797598791693,33.386334423743335,33.86085891723633,3864500,0.0,0.0
2013-11-07 00:00:00-05:00,33.860863916811596,34.3082746381401,33.71511570123794,33.950687408447266,6506000,0.0,0.0
2013-11-08 00:00:00-05:00,33.94390451828612,34.78449501438407,33.94390451828612,34.60654830932617,3399000,0.0,0.0
2013-11-11 00:00:00-05:00,34.60654290736966,34.877700672499536,34.28284804240601,34.35572052001953,1762500,0.0,0.0
2013-11-12 00:00:00-05:00,34.303183189167804,34.43368065075061,33.52191162109375,33.52191162109375,9424500,0.0,0.0
2013-11-13 00:00:00-05:00,33.58801137203771,34.135411644603856,33.52191734284783,33.86764144897461,3813000,0.0,0.0
2013-11-14 00:00:00-05:00,33.9795000822697,33.99136319811283,33.34397324856798,33.75240707397461,4250500,0.0,0.0
2013-11-15 00:00:00-05:00,33.72528320310311,34.47774723641626,33.72528320310311,34.294715881347656,3999000,0.0,0.0
2013-11-18 00:00:00-05:00,34.62858693859699,34.66078543899472,34.10999745804185,34.4319953918457,4699500,0.0,0.0
2013-11-19 00:00:00-05:00,34.50316425981961,35.223429736252136,34.50316425981961,34.9827766418457,8981500,0.0,0.0
2013-11-20 00:00:00-05:00,35.0726154034528,36.13691170188149,34.911616397412345,36.10979461669922,8391500,0.0,0.0
2013-11-21 00:00:00-05:00,36.47076814344148,36.613125536698405,36.10978677344664,36.55719757080078,7203000,0.0,0.0
2013-11-22 00:00:00-05:00,36.55720452279664,36.967332242516505,36.416544142560426,36.84531021118164,4623500,0.0,0.0
2013-11-25 00:00:00-05:00,36.92493988386541,36.95375075680174,36.53853865767193,36.660560607910156,3283000,0.0,0.0
2013-11-26 00:00:00-05:00,36.60634136471964,36.71310939300744,36.14537048339844,36.14537048339844,6380000,0.0,0.0
2013-11-27 00:00:00-05:00,36.2572140394632,36.543625748980126,36.04876268895682,36.33856201171875,2293000,0.0,0.0
2013-11-29 00:00:00-05:00,36.43686357811942,36.48600983767938,36.11825332951463,36.147064208984375,1023500,0.0,0.0
2013-12-02 00:00:00-05:00,36.23858438225601,36.59956572375144,36.04030227121251,36.41822814941406,4442500,0.0,0.0
2013-12-03 00:00:00-05:00,36.29280719588154,36.33856260262085,35.95046753770136,36.048763275146484,4220500,0.0,0.0
2013-12-04 00:00:00-05:00,35.76573497313855,36.21314550237375,35.652188534531746,35.979270935058594,3011000,0.0,0.0
2013-12-05 00:00:00-05:00,35.8894726940972,36.162324368096556,35.750502913637774,36.03860855102539,6012000,0.0,0.0
2013-12-06 00:00:00-05:00,36.331808314693596,37.03004178123635,36.182672418885204,36.97919845581055,4871000,0.0,0.0
2013-12-09 00:00:00-05:00,36.64700502485428,37.11814184804124,36.55887859632811,36.83850860595703,3734000,0.0,0.0
2013-12-10 00:00:00-05:00,36.82496958047467,36.96054851850694,36.596179516459564,36.73684310913086,2632000,0.0,0.0
2013-12-11 00:00:00-05:00,36.98935910724595,37.29610633084524,36.72328588797298,37.030033111572266,5349000,0.0,0.0
2013-12-12 00:00:00-05:00,36.86173871133002,37.30878217731896,36.67645917087779,37.02661895751953,6980500,0.13,0.0
2013-12-13 00:00:00-05:00,37.19658794574058,37.60793904427508,37.152394887652314,37.47025680541992,4658000,0.0,0.0
2013-12-16 00:00:00-05:00,37.56544699542687,37.80171825105678,37.414164140574755,37.708229064941406,5095500,0.0,0.0
2013-12-17 00:00:00-05:00,37.78472565603589,37.93260757077304,37.35977710346475,37.7728271484375,5837000,0.0,0.0
2013-12-18 00:00:00-05:00,37.6640462482584,38.364359420282966,37.35638063209212,38.270870208740234,7343000,0.0,0.0
2013-12-19 00:00:00-05:00,38.24539522202453,38.39497609694302,37.745654327713844,37.84254455566406,4231000,0.0,0.0
2013-12-20 00:00:00-05:00,37.90540612086517,38.3711499771319,37.754126499012386,38.1535758972168,12573500,0.0,0.0
2013-12-23 00:00:00-05:00,38.51224729551787,38.52754677038771,38.06010388264478,38.425559997558594,3870000,0.0,0.0
2013-12-24 00:00:00-05:00,38.417049407958984,38.42894791578862,38.036297157410736,38.417049407958984,1404000,0.0,0.0
2013-12-26 00:00:00-05:00,38.45444704330014,38.597232391428506,38.08899423281953,38.22157669067383,1746000,0.0,0.0
2013-12-27 00:00:00-05:00,38.19098367020197,38.35246298115418,38.01080392225149,38.2011833190918,2186000,0.0,0.0
2013-12-30 00:00:00-05:00,38.309975797838575,38.364368531732325,37.7167458240842,37.993812561035156,1718000,0.0,0.0
2013-12-31 00:00:00-05:00,37.990409836257044,38.39666128902364,37.81193218193518,38.231781005859375,2211000,0.0,0.0
2014-01-02 00:00:00-05:00,38.10258322087297,38.328654839021326,37.760924261118056,38.177371978759766,3833500,0.0,0.0
2014-01-03 00:00:00-05:00,38.177388144057865,38.578539804762485,38.15529322465381,38.394962310791016,4864000,0.0,0.0
2014-01-06 00:00:00-05:00,38.56833755254918,38.89469713214671,38.417054651153634,38.49354553222656,3358500,0.0,0.0
2014-01-07 00:00:00-05:00,38.898085746941454,39.01027212075972,38.42384113800539,38.72470474243164,4283000,0.0,0.0
2014-01-08 00:00:00-05:00,38.614223239425385,38.79100199187415,38.24367064557329,38.58702850341797,3239500,0.0,0.0
2014-01-09 00:00:00-05:00,38.74511104020935,38.90149050249114,38.585330614790905,38.675418853759766,2715000,0.0,0.0
2014-01-10 00:00:00-05:00,38.49184020006052,38.64992175998064,38.08388998362481,38.30146408081055,3007500,0.0,0.0
2014-01-13 00:00:00-05:00,38.24537294326004,38.34056101204107,37.39717462737126,37.4821662902832,3104500,0.0,0.0
2014-01-14 00:00:00-05:00,37.57564560928973,37.62153752887389,37.10309986890477,37.36146926879883,4922000,0.0,0.0
2014-01-15 00:00:00-05:00,37.3462010962677,37.3937951538836,35.410134487129824,35.845279693603516,18126000,0.0,0.0
2014-01-16 00:00:00-05:00,35.49170325545034,36.147826547094375,35.37271817419892,35.58179473876953,6980500,0.0,0.0
2014-01-17 00:00:00-05:00,35.52910660228787,35.74837960762324,35.02086839220724,35.16365051269531,8568000,0.0,0.0
2014-01-21 00:00:00-05:00,35.420309063999206,36.09172852531735,35.29112434664533,35.355716705322266,7743000,0.0,0.0
2014-01-22 00:00:00-05:00,35.55290627793855,35.86226756210329,35.248641576656915,35.69228744506836,5814000,0.0,0.0
2014-01-23 00:00:00-05:00,35.38123351379893,35.52401567002812,35.01237636810523,35.167057037353516,5182000,0.0,0.0
2014-01-24 00:00:00-05:00,35.015768884477424,35.18914671205322,34.733602362616125,34.737003326416016,6562000,0.0,0.0
2014-01-27 00:00:00-05:00,35.39482347375798,35.39482347375798,34.43953842561602,34.53302764892578,7131500,0.0,0.0
2014-01-28 00:00:00-05:00,35.525702215064165,35.525702215064165,34.67580501737316,35.16874694824219,4005500,0.0,0.0
2014-01-29 00:00:00-05:00,34.512616355262935,35.292821122869775,34.512616355262935,34.808380126953125,4184500,0.0,0.0
2014-01-30 00:00:00-05:00,34.16757522947872,35.6192001544954,34.16757522947872,35.57670593261719,2909000,0.0,0.0
2014-01-31 00:00:00-05:00,34.94778195355249,35.73818683502778,34.94778195355249,35.49001693725586,4142000,0.0,0.0
2014-02-03 00:00:00-05:00,35.38632265310976,35.45431274607109,34.50582647140051,34.58231735229492,5956500,0.0,0.0
2014-02-04 00:00:00-05:00,34.52621761459118,35.52569541240771,34.488823234399035,35.503597259521484,5225500,0.0,0.0
2014-02-05 00:00:00-05:00,35.47130568730022,35.782368987928095,34.84578136506832,35.28092956542969,3559000,0.0,0.0
2014-02-06 00:00:00-05:00,35.37443509642808,35.79428401991879,35.25035013941096,35.767086029052734,4082000,0.0,0.0
2014-02-07 00:00:00-05:00,35.72628363743296,36.76655714141625,35.72628363743296,36.63567352294922,6084000,0.0,0.0
2014-02-10 00:00:00-05:00,36.647566957933634,36.86854204913815,35.91155825308777,36.05434036254883,7185000,0.0,0.0
2014-02-11 00:00:00-05:00,36.27361579417942,36.88384076399743,36.05434279100917,36.79715347290039,6399000,0.0,0.0
2014-02-12 00:00:00-05:00,36.80905847578667,37.183012173922194,36.28552070471584,36.955238342285156,5858000,0.0,0.0
2014-02-13 00:00:00-05:00,36.79374838229985,37.36657889728105,36.67136233305954,36.8702392578125,3558500,0.0,0.0
2014-02-14 00:00:00-05:00,36.75806224303838,36.88554814881427,36.24302527885412,36.52009201049805,3447500,0.0,0.0
2014-02-18 00:00:00-05:00,36.525181623192736,37.13200554650015,36.52008179933548,36.877037048339844,4050000,0.0,0.0
2014-02-19 00:00:00-05:00,36.62546397586663,36.7801445603816,35.96424419278846,35.99823760986328,4185000,0.0,0.0
2014-02-20 00:00:00-05:00,36.10532547830693,36.26170817092424,35.636183884654955,35.7381706237793,3335500,0.0,0.0
2014-02-21 00:00:00-05:00,35.928548652682714,36.36369685125613,35.7092756929149,36.1903190612793,4760000,0.0,0.0
2014-02-24 00:00:00-05:00,36.14953860271901,36.783560727999635,36.08154525027098,36.59998321533203,3430000,0.0,0.0
2014-02-25 00:00:00-05:00,36.486086792790665,36.92123503791041,36.25491530072721,36.414695739746094,3460500,0.0,0.0
2014-02-26 00:00:00-05:00,36.58467864655538,36.59147733183116,35.469613208809825,35.50700759887695,5333500,0.0,0.0
2014-02-27 00:00:00-05:00,36.2838084096148,36.2838084096148,35.05825564090031,35.53929901123047,4375500,0.0,0.0
2014-02-28 00:00:00-05:00,35.5715945468649,35.988045566972346,35.30302544577841,35.498504638671875,3740000,0.0,0.0
2014-03-03 00:00:00-05:00,35.25544026260214,35.80107614649519,35.136455153308006,35.69228744506836,3868500,0.0,0.0
2014-03-04 00:00:00-05:00,35.95406332652585,36.61188249044572,35.911569101411395,36.5319938659668,2778500,0.0,0.0
2014-03-05 00:00:00-05:00,36.474195636231094,36.72916419737133,36.149534868660915,36.35860824584961,3687000,0.0,0.0
2014-03-06 00:00:00-05:00,36.46908670308,37.283288331219765,36.46908670308,36.54047775268555,5162500,0.0,0.0
2014-03-07 00:00:00-05:00,36.669668622261156,36.75125933321317,36.04244530023153,36.144432067871094,4726500,0.0,0.0
2014-03-10 00:00:00-04:00,36.13763142357738,36.17672791606888,35.62259454649756,35.74327850341797,2993000,0.0,0.0
2014-03-11 00:00:00-04:00,36.018640090211186,36.018640090211186,35.30302429227457,35.43220901489258,3448000,0.0,0.0
2014-03-12 00:00:00-04:00,35.347236237908454,35.59710500708163,35.02257542726576,35.54951095581055,2843500,0.0,0.0
2014-03-13 00:00:00-04:00,35.66545282903353,35.72342670465167,34.68843399185331,34.79244613647461,3518000,0.13,0.0
2014-03-14 00:00:00-04:00,34.7873229565846,35.124931436573064,34.61340136700352,34.94248580932617,3928000,0.0,0.0
2014-03-17 00:00:00-04:00,35.124936214960734,35.721719751207395,35.084013673739754,35.66374588012695,3482500,0.0,0.0
2014-03-18 00:00:00-04:00,35.66375685871009,35.66375685871009,35.065268980904044,35.114715576171875,4118000,0.0,0.0
2014-03-19 00:00:00-04:00,35.08573357162691,35.23237247243821,34.58443790813796,34.69526672363281,5113000,0.0,0.0
2014-03-20 00:00:00-04:00,34.792435483492,35.02773597662327,34.43265998553556,34.68330764770508,4548000,0.0,0.0
2014-03-21 00:00:00-04:00,35.159025452335804,35.423312833741285,34.75832748413086,34.75832748413086,11172500,0.0,0.0
2014-03-24 00:00:00-04:00,34.68502010420712,34.98341350182708,34.68502010420712,34.74470138549805,4840000,0.0,0.0
2014-03-25 00:00:00-04:00,34.821431531845704,34.9510157892048,34.05243376576245,34.09846878051758,6375500,0.0,0.0
2014-03-26 00:00:00-04:00,34.159851929087395,34.48382068127508,33.98422616433671,34.01150894165039,4237500,0.0,0.0
2014-03-27 00:00:00-04:00,34.078012118014556,34.187136739723535,33.34141279095633,34.002986907958984,5386000,0.0,0.0
2014-03-28 00:00:00-04:00,34.088224343982695,34.147902345982786,33.307291343859,33.448814392089844,6475500,0.0,0.0
2014-03-31 00:00:00-04:00,33.535768737818564,34.29112630916723,33.48461802791513,33.73185729980469,9161500,0.0,0.0
2014-04-01 00:00:00-04:00,33.69096354018449,33.76939708060805,32.77873824319205,32.932193756103516,8806500,0.0,0.0
2014-04-02 00:00:00-04:00,32.98332942433715,34.340583084712826,32.98332942433715,34.15131759643555,8214000,0.0,0.0
2014-04-03 00:00:00-04:00,34.87599699411479,34.99364890824355,34.20077985823508,34.473594665527344,7721500,0.0,0.0
2014-04-04 00:00:00-04:00,34.500865294287394,34.6713753179086,33.49145141815964,33.51361846923828,7079000,0.0,0.0
2014-04-07 00:00:00-04:00,33.49827561177619,33.547722191587404,32.768496259188865,32.78384017944336,6929500,0.0,0.0
2014-04-08 00:00:00-04:00,32.83668774985209,33.07540303765364,32.43428560287504,32.724151611328125,5008000,0.0,0.0
2014-04-09 00:00:00-04:00,32.746326652075034,33.106102202267486,32.64743024795479,32.85715866088867,3669000,0.0,0.0
2014-04-10 00:00:00-04:00,32.87932410518119,33.063473890331984,32.24161811165366,32.483741760253906,4712500,0.0,0.0
2014-04-11 00:00:00-04:00,32.241623721724594,32.599691907319716,32.10692048667314,32.248443603515625,4214000,0.0,0.0
2014-04-14 00:00:00-04:00,32.345623527696304,32.759961313086045,32.1887565339247,32.65595245361328,4331000,0.0,0.0
2014-04-15 00:00:00-04:00,32.661067190245326,33.54260086870234,32.611617371273894,33.05323791503906,5369000,0.0,0.0
2014-04-16 00:00:00-04:00,33.181113007480285,33.827346105612925,33.07028428807491,33.765960693359375,5117500,0.0,0.0
2014-04-17 00:00:00-04:00,33.68583980074732,33.91773205112637,33.395973674721276,33.80690002441406,3164500,0.0,0.0
2014-04-21 00:00:00-04:00,33.74379651447306,34.21951637990341,33.469274449603624,34.20246505737305,2650500,0.0,0.0
2014-04-22 00:00:00-04:00,34.16669110442414,34.92886936805151,33.897284502520364,34.754947662353516,4071500,0.0,0.0
2014-04-23 00:00:00-04:00,34.73786307822278,35.13685687233085,34.31158976971202,34.833351135253906,5241500,0.0,0.0
2014-04-24 00:00:00-04:00,34.86062874620053,35.1641344667055,34.56223874741856,35.08570098876953,4121000,0.0,0.0
2014-04-25 00:00:00-04:00,35.010689962139715,35.08230358411465,34.4309578537833,34.519622802734375,3830500,0.0,0.0
2014-04-28 00:00:00-04:00,34.628741567651865,34.65431692770987,34.04048552086502,34.37297821044922,4508000,0.0,0.0
2014-04-29 00:00:00-04:00,34.53838048141893,34.74980979450014,34.28602537922798,34.67308044433594,3401000,0.0,0.0
2014-04-30 00:00:00-04:00,34.71230889182984,34.94420116672248,34.37640446126892,34.85894775390625,3212000,0.0,0.0
2014-05-01 00:00:00-04:00,34.91691789027529,35.124938927089005,34.702073719224046,35.03627395629883,2665000,0.0,0.0
2014-05-02 00:00:00-04:00,35.09765247344774,35.29544529262195,34.45994641348268,34.494049072265625,3130500,0.0,0.0
2014-05-05 00:00:00-04:00,34.40026860116917,34.58442165886163,33.98081825391663,34.48893356323242,2859000,0.0,0.0
2014-05-06 00:00:00-04:00,34.29797548558906,34.384936319799664,33.745525882143916,33.79667663574219,3668500,0.0,0.0
2014-05-07 00:00:00-04:00,33.875098160122796,34.45823860333379,33.68583265181238,34.400264739990234,5052500,0.0,0.0
2014-05-08 00:00:00-04:00,33.80348537371873,33.80348537371873,32.54000896175463,32.76167297363281,15803000,0.0,0.0
2014-05-09 00:00:00-04:00,32.715644645199866,32.78896245089917,31.868213224472747,32.09498977661133,13982000,0.0,0.0
2014-05-12 00:00:00-04:00,32.16488538431456,32.68152787316048,32.16488538431456,32.62866973876953,5364500,0.0,0.0
2014-05-13 00:00:00-04:00,32.6030922807621,32.73097233790892,32.384839877337306,32.53659439086914,3025000,0.0,0.0
2014-05-14 00:00:00-04:00,32.536602334395155,32.74291593389328,32.24844040489658,32.70881652832031,3740000,0.0,0.0
2014-05-15 00:00:00-04:00,32.6013881794831,32.70880859846417,31.926171329709856,32.23820114135742,6375000,0.0,0.0
2014-05-16 00:00:00-04:00,32.23821174647622,32.31664526439304,31.90230736790349,32.14272689819336,4882500,0.0,0.0
2014-05-19 00:00:00-04:00,31.921058329291267,32.696875784746126,31.87160850761711,32.66277313232422,3673500,0.0,0.0
2014-05-20 00:00:00-04:00,32.62356125979496,32.647432470807054,31.92276884953514,32.03530502319336,4298000,0.0,0.0
2014-05-21 00:00:00-04:00,32.16489127928058,32.85715962399733,32.06087914835603,32.770198822021484,3449500,0.0,0.0
2014-05-22 00:00:00-04:00,32.72926923915357,33.24420755463146,32.60479749160385,33.05323791503906,2892000,0.0,0.0
2014-05-23 00:00:00-04:00,33.01232940428946,33.01232940428946,32.545133300303625,32.85205078125,2888500,0.0,0.0
2014-05-27 00:00:00-04:00,32.99355252894159,33.864854567062466,32.838389731450086,33.65683364868164,4146500,0.0,0.0
2014-05-28 00:00:00-04:00,33.55625608130248,33.578423139594285,33.10440713605154,33.385746002197266,2843000,0.0,0.0
2014-05-29 00:00:00-04:00,33.56817776625245,33.56817776625245,33.13849280530383,33.249324798583984,3231000,0.0,0.0
2014-05-30 00:00:00-04:00,33.24932883468376,33.68753788575169,33.1760110507168,33.488040924072266,4207500,0.0,0.0
2014-06-02 00:00:00-04:00,33.59034521982592,33.605689136918336,32.96116331383834,33.11121368408203,3358000,0.0,0.0
2014-06-03 00:00:00-04:00,33.083941173589785,33.52726603735123,33.03790290361651,33.215232849121094,3875500,0.0,0.0
2014-06-04 00:00:00-04:00,33.070300397655906,33.235694731234815,32.669602248930275,32.88103485107422,4771000,0.0,0.0
2014-06-05 00:00:00-04:00,32.843518550263774,32.87080132863556,32.094983702772375,32.46839904785156,6726000,0.0,0.0
2014-06-06 00:00:00-04:00,32.56729760361152,32.638911242814814,32.253560266631375,32.405311584472656,2996000,0.0,0.0
2014-06-09 00:00:00-04:00,32.31323459313221,32.60992056500569,32.164891607195464,32.21092987060547,4880000,0.0,0.0
2014-06-10 00:00:00-04:00,32.065980585071564,32.46667850631159,32.055749141819334,32.41722869873047,5450000,0.0,0.0
2014-06-11 00:00:00-04:00,32.39506953374101,32.39506953374101,31.88524698570157,32.11372756958008,3882000,0.0,0.0
2014-06-12 00:00:00-04:00,32.098342208125324,33.04281375141201,32.05043444412705,32.8546028137207,5386500,0.13,0.0
2014-06-13 00:00:00-04:00,32.84605404979752,33.13008055695134,32.73141480051795,33.0667724609375,3651500,0.0,0.0
2014-06-16 00:00:00-04:00,33.0992792151955,33.22589540457715,32.762214765891564,32.94015884399414,2484000,0.0,0.0
2014-06-17 00:00:00-04:00,32.95554272785762,33.40553618474946,32.80497597715692,33.306297302246094,4204500,0.0,0.0
2014-06-18 00:00:00-04:00,33.236151746388394,34.03005642307427,33.17969042846451,33.90857696533203,5349000,0.0,0.0
2014-06-19 00:00:00-04:00,34.73328427321103,34.73328427321103,33.299467991172214,33.6998405456543,4813500,0.0,0.0
2014-06-20 00:00:00-04:00,33.86580191561365,33.86580191561365,33.08558744291271,33.34052658081055,6216500,0.0,0.0
2014-06-23 00:00:00-04:00,33.31999628137,33.95990758690472,33.128361964410836,33.9102897644043,3242000,0.0,0.0
2014-06-24 00:00:00-04:00,33.212201696090204,33.37816881448893,32.459364456139596,32.53977966308594,9334500,0.0,0.0
2014-06-25 00:00:00-04:00,32.5517527521764,32.710876351522636,32.024764135797284,32.15480041503906,5255500,0.0,0.0
2014-06-26 00:00:00-04:00,32.10346991402532,32.41829370554683,32.07780271398886,32.38064956665039,2843000,0.0,0.0
2014-06-27 00:00:00-04:00,32.236928934925594,32.49186805298233,31.773248399182208,32.15480041503906,4859000,0.0,0.0
2014-06-30 00:00:00-04:00,32.219821295945735,32.52780163998774,32.17362685511673,32.320770263671875,4153000,0.0,0.0
2014-07-01 00:00:00-04:00,32.48161363734799,32.62362691092793,31.85367908432527,31.879343032836914,4638500,0.0,0.0
2014-07-02 00:00:00-04:00,31.9084183036038,32.19244474340953,31.773248583152544,32.11886978149414,4284500,0.0,0.0
2014-07-03 00:00:00-04:00,32.24889961855791,32.67493919314908,32.24889961855791,32.558589935302734,2572500,0.0,0.0
2014-07-07 00:00:00-04:00,32.56030774028378,32.56030774028378,32.243770618403495,32.40802764892578,2819500,0.0,0.0
2014-07-08 00:00:00-04:00,32.38066196356534,32.38066196356534,31.579916812226955,31.720216751098633,4807500,0.0,0.0
2014-07-09 00:00:00-04:00,31.739018337210773,32.017911253212745,31.530276980697888,31.980270385742188,4006000,0.0,0.0
2014-07-10 00:00:00-04:00,31.614128880940772,31.72021129419923,31.208622933059054,31.388277053833008,3868500,0.0,0.0
2014-07-11 00:00:00-04:00,31.407096121574934,31.593593715107033,31.278769903700514,31.550819396972656,6485000,0.0,0.0
2014-07-14 00:00:00-04:00,31.817740137819627,32.08465623008665,31.660326577188002,31.911842346191406,3281000,0.0,0.0
2014-07-15 00:00:00-04:00,31.841701711888355,32.25063114029956,31.79208061170087,32.08979415893555,3823500,0.0,0.0
2014-07-16 00:00:00-04:00,32.12228692301748,32.38235943248632,32.12228692301748,32.30878448486328,4780500,0.0,0.0
2014-07-17 00:00:00-04:00,32.185608740773674,32.755368548619835,32.185608740773674,32.71772766113281,6490000,0.0,0.0
2014-07-18 00:00:00-04:00,32.78274078210729,33.662194169126984,32.697192136965704,33.25497817993164,8509000,0.0,0.0
2014-07-21 00:00:00-04:00,33.03082969302527,33.65876719409268,32.94699112409358,33.60914611816406,5572500,0.0,0.0
2014-07-22 00:00:00-04:00,33.27379509509092,34.084806869285174,33.23615095390124,34.04545593261719,6724500,0.0,0.0
2014-07-23 00:00:00-04:00,33.9479234845869,34.077959747299296,33.49793000486783,33.79564666748047,5005000,0.0,0.0
2014-07-24 00:00:00-04:00,33.780263390126166,33.780263390126166,33.439775505718856,33.52874755859375,5126000,0.0,0.0
2014-07-25 00:00:00-04:00,33.52872549449502,33.797351535976674,33.48081774858671,33.66218185424805,5425500,0.0,0.0
2014-07-28 00:00:00-04:00,33.59203061389362,33.73233373594475,33.203635203941275,33.53385925292969,5808500,0.0,0.0
2014-07-29 00:00:00-04:00,33.57321896725509,33.978724858971226,33.37816455022909,33.43120574951172,4759000,0.0,0.0
2014-07-30 00:00:00-04:00,33.6296825327472,33.6724568499816,33.33538922538751,33.54755401611328,3605000,0.0,0.0
2014-07-31 00:00:00-04:00,33.42094658559164,33.5749335001086,32.87855758076558,32.888824462890625,4440500,0.0,0.0
2014-08-01 00:00:00-04:00,32.85288594970299,33.07873772276289,32.59623680094783,32.88197326660156,3880500,0.0,0.0
2014-08-04 00:00:00-04:00,32.97777936163893,33.27378262252416,32.83576619874636,33.184810638427734,3458000,0.0,0.0
2014-08-05 00:00:00-04:00,32.97779413487837,33.01372495627478,32.707454681396484,32.707454681396484,4034000,0.0,0.0
2014-08-06 00:00:00-04:00,32.65099569564812,33.31999761395335,32.572290547456845,32.888824462890625,3935000,0.0,0.0
2014-08-07 00:00:00-04:00,32.984639432558275,33.027413756056255,31.836559880897433,32.22666549682617,7279500,0.0,0.0
2014-08-08 00:00:00-04:00,32.3378702199545,32.77759677166864,32.0555571712456,32.73995590209961,5131000,0.0,0.0
2014-08-11 00:00:00-04:00,32.892239599470486,33.022272598747385,32.35156405284733,32.39775848388672,3510000,0.0,0.0
2014-08-12 00:00:00-04:00,32.24206714488098,32.44567515226028,31.947777045803516,32.139408111572266,2642500,0.0,0.0
2014-08-13 00:00:00-04:00,32.1907314209431,32.34472158075413,31.993966941955986,32.11886978149414,3008000,0.0,0.0
2014-08-14 00:00:00-04:00,32.23352364119556,32.42173138373189,32.192459362366776,32.390933990478516,2694000,0.0,0.0
2014-08-15 00:00:00-04:00,32.49700147672841,32.49700147672841,31.94434892197018,32.09833908081055,3548500,0.0,0.0
2014-08-18 00:00:00-04:00,32.361821739389455,32.55516603931717,32.35155812518956,32.508968353271484,3192000,0.0,0.0
2014-08-19 00:00:00-04:00,32.452523021747254,32.48161035007057,31.70139571763526,31.771547317504883,5475000,0.0,0.0
2014-08-20 00:00:00-04:00,31.74415177613319,32.03502162846402,31.71506446455307,31.980270385742188,3645500,0.0,0.0
2014-08-21 00:00:00-04:00,31.981996307668005,32.2779997457424,31.742457462276942,32.264312744140625,4654000,0.0,0.0
2014-08-22 00:00:00-04:00,32.16337223018184,32.4850396967931,32.13086151348053,32.355003356933594,2437000,0.0,0.0
2014-08-25 00:00:00-04:00,32.50554639971144,32.53976715113408,32.368666657491346,32.43539810180664,2944500,0.0,0.0
2014-08-26 00:00:00-04:00,32.39433843467914,32.522661375458455,32.26430217165703,32.40460205078125,4281500,0.0,0.0
2014-08-27 00:00:00-04:00,32.454228138274516,32.5517537188664,31.9392164464399,32.195865631103516,3999500,0.0,0.0
2014-08-28 00:00:00-04:00,32.079506413461665,32.34128893100942,32.06752947819439,32.28482437133789,3380500,0.0,0.0
2014-08-29 00:00:00-04:00,32.35327950280152,32.508979726901984,32.24719709901595,32.3378791809082,2873000,0.0,0.0
2014-09-02 00:00:00-04:00,32.50041781935298,32.529501869672245,32.023047124946416,32.218101501464844,3023000,0.0,0.0
2014-09-03 00:00:00-04:00,32.31734843743174,32.474758719394885,31.643213139817473,31.711654663085938,3247500,0.0,0.0
2014-09-04 00:00:00-04:00,31.586749042803014,32.055562992860246,31.586749042803014,31.759559631347656,3307000,0.0,0.0
2014-09-05 00:00:00-04:00,31.73902306130487,31.959744650469595,31.528571614984,31.939210891723633,4384500,0.0,0.0
2014-09-08 00:00:00-04:00,31.82457492339075,32.194149945796894,31.82457492339075,32.07095718383789,3233000,0.0,0.0
2014-09-09 00:00:00-04:00,32.04530748701687,32.442259942941654,31.934091613744695,32.02306365966797,4205500,0.0,0.0
2014-09-10 00:00:00-04:00,32.20954862061833,32.6270313741185,32.08635586494803,32.5517463684082,4653500,0.0,0.0
2014-09-11 00:00:00-04:00,32.42342685095284,32.58768061233834,32.262593207227084,32.5671501159668,3741500,0.0,0.0
2014-09-12 00:00:00-04:00,32.56371617753179,33.830761680775545,32.51221241924525,33.423866271972656,6868500,0.13,0.0
2014-09-15 00:00:00-04:00,33.31398364237062,33.65049034689923,33.22814186628326,33.574947357177734,6613500,0.0,0.0
2014-09-16 00:00:00-04:00,33.35864208389076,33.94065645737692,33.19210619591266,33.789573669433594,4145500,0.0,0.0
2014-09-17 00:00:00-04:00,33.837626551007354,34.701208429787116,33.78783871448196,34.65142059326172,8601500,0.0,0.0
2014-09-18 00:00:00-04:00,34.757872230391136,35.21799063855356,34.68576106693439,35.032569885253906,7145500,0.0,0.0
2014-09-19 00:00:00-04:00,35.20253874754328,35.20253874754328,34.73383745431215,34.989646911621094,4374500,0.0,0.0
2014-09-22 00:00:00-04:00,34.96387688498652,34.98619691822094,34.316622118410415,34.46770477294922,3631500,0.0,0.0
2014-09-23 00:00:00-04:00,34.34754454844448,34.60678913117472,34.155253554185485,34.253116607666016,2806000,0.0,0.0
2014-09-24 00:00:00-04:00,34.223928777888624,34.36299353248093,34.02992186932855,34.17414093017578,3923500,0.0,0.0
2014-09-25 00:00:00-04:00,34.09687307798557,34.20675080784304,33.50283780031183,33.58696365356445,3324500,0.0,0.0
2014-09-26 00:00:00-04:00,33.586958741651856,33.82217053237714,33.38436904619868,33.73117446899414,2781500,0.0,0.0
2014-09-29 00:00:00-04:00,33.523455681952306,33.61101669141898,33.36035492281745,33.51315689086914,3201000,0.0,0.0
2014-09-30 00:00:00-04:00,33.59725814650925,33.683099898959256,33.324276527231845,33.48737716674805,2783000,0.0,0.0
2014-10-01 00:00:00-04:00,33.487386710280184,33.535461903950505,33.20753806401139,33.32085418701172,3449000,0.0,0.0
2014-10-02 00:00:00-04:00,33.59555322592169,34.19302040166716,33.53717924331345,33.947509765625,4957000,0.0,0.0
2014-10-03 00:00:00-04:00,34.074565148928606,34.3372448625492,33.822187499472896,34.06597900390625,3724000,0.0,0.0
2014-10-06 00:00:00-04:00,34.20846061223655,34.659995979306174,34.150089920675164,34.182708740234375,4785000,0.0,0.0
2014-10-07 00:00:00-04:00,34.27886751550361,34.326939444035794,33.712303161621094,33.712303161621094,2965500,0.0,0.0
2014-10-08 00:00:00-04:00,33.94578120563408,34.577586229127945,33.86509047812621,34.56728744506836,3994500,0.0,0.0
2014-10-09 00:00:00-04:00,34.50892195587386,34.98964115184978,34.47629985348754,34.85401153564453,8520500,0.0,0.0
2014-10-10 00:00:00-04:00,34.96389369055112,35.74506575735512,34.64112411114628,34.9553108215332,7583500,0.0,0.0
2014-10-13 00:00:00-04:00,34.91753677417762,35.084072590814394,34.093443834442354,34.107177734375,7475500,0.0,0.0
2014-10-14 00:00:00-04:00,34.09001129590947,34.756151274106735,34.0659720595402,34.52094268798828,4698000,0.0,0.0
2014-10-15 00:00:00-04:00,34.172430456773625,34.986224889556276,33.69342696621291,34.83170700073242,5956500,0.0,0.0
2014-10-16 00:00:00-04:00,34.10890529682303,34.81796963062645,33.86511050260267,33.938934326171875,5543000,0.0,0.0
2014-10-17 00:00:00-04:00,34.115749618868975,34.313188265160235,33.50454548216445,33.75520706176758,5399500,0.0,0.0
2014-10-20 00:00:00-04:00,33.88913183360665,34.37500201829042,33.69340906013463,34.31663131713867,3160500,0.0,0.0
2014-10-21 00:00:00-04:00,34.47459446422855,34.5415513334535,33.94064888029915,34.25140380859375,4734500,0.0,0.0
2014-10-22 00:00:00-04:00,34.14495300275834,34.36642770760608,33.79986336683706,34.119197845458984,2519000,0.0,0.0
2014-10-23 00:00:00-04:00,34.37844683987205,34.91925931609346,34.24452984139747,34.87633514404297,3418000,0.0,0.0
2014-10-24 00:00:00-04:00,34.9141007454462,35.49268296249782,34.89521581664219,35.46864700317383,3524000,0.0,0.0
2014-10-27 00:00:00-04:00,35.45490758028817,35.57165553225528,35.011958279525736,35.310691833496094,2123500,0.0,0.0
2014-10-28 00:00:00-04:00,35.33816393629556,35.470361708053886,34.969038416648736,35.266056060791016,2290000,0.0,0.0
2014-10-29 00:00:00-04:00,35.19223127121203,35.413709217066625,34.869461729101495,35.3553352355957,2409000,0.0,0.0
2014-10-30 00:00:00-04:00,35.240306466918376,35.38452551532639,34.783623183364824,34.97762680053711,2953500,0.0,0.0
2014-10-31 00:00:00-04:00,35.12184868917654,35.7622368540313,35.12184868917654,35.760520935058594,3601500,0.0,0.0
2014-11-03 00:00:00-05:00,35.78798270298769,36.25153617051189,35.78798270298769,36.018043518066406,5635000,0.0,0.0
2014-11-04 00:00:00-05:00,36.08155902274046,37.3795038052729,35.787973272545145,37.34516906738281,7890000,0.0,0.0
2014-11-05 00:00:00-05:00,37.48595639091809,37.764089102870415,37.125417018622215,37.328006744384766,6165500,0.0,0.0
2014-11-06 00:00:00-05:00,37.11682621029618,37.813872183755976,37.11682621029618,37.75721740722656,4463000,0.0,0.0
2014-11-07 00:00:00-05:00,37.849934501065746,37.849934501065746,37.47051016453602,37.52029800415039,3727500,0.0,0.0
2014-11-10 00:00:00-05:00,37.42759225766095,37.67653804666478,36.80093798767703,37.65593719482422,3919500,0.0,0.0
2014-11-11 00:00:00-05:00,37.63875144888799,38.01989487306716,37.61299957687149,37.98384094238281,3190000,0.0,0.0
2014-11-12 00:00:00-05:00,37.9701195210303,38.11433857823685,37.837921720357556,37.97698974609375,4218000,0.0,0.0
2014-11-13 00:00:00-05:00,38.088589793288975,38.380456519755576,37.86539913171099,38.32208251953125,3992000,0.0,0.0
2014-11-14 00:00:00-05:00,38.22592955499426,38.347828558776975,37.99758791540343,38.210479736328125,3463500,0.0,0.0
2014-11-17 00:00:00-05:00,38.03879244970649,38.498910835856414,37.96324945210426,38.1486701965332,2262000,0.0,0.0
2014-11-18 00:00:00-05:00,38.1486699979616,38.373579796145734,37.741774568545324,37.76237869262695,3317500,0.0,0.0
2014-11-19 00:00:00-05:00,37.947799981470745,37.983853924477586,37.61644426984712,37.89457702636719,2471500,0.0,0.0
2014-11-20 00:00:00-05:00,37.685130263456855,37.928921785466606,37.59928518031849,37.74522018432617,2662500,0.0,0.0
2014-11-21 00:00:00-05:00,37.98557109200886,38.15554202509594,37.66451743201996,37.82075119018555,3354000,0.0,0.0
2014-11-24 00:00:00-05:00,37.913463185846865,38.31864271542724,37.66795252675116,38.06626510620117,3979500,0.0,0.0
2014-11-25 00:00:00-05:00,37.98900103878417,38.18128871499517,37.693699300613936,37.95637893676758,2830500,0.0,0.0
2014-11-26 00:00:00-05:00,37.770963040867464,37.95981890396118,37.62674726526323,37.911746978759766,2785500,0.0,0.0
2014-11-28 00:00:00-05:00,38.105751626242856,38.91439478219844,37.83448908024021,38.79936599731445,2720000,0.0,0.0
2014-12-01 00:00:00-05:00,38.80279226299575,38.81824535486007,38.325504904358745,38.42679977416992,2721500,0.0,0.0
2014-12-02 00:00:00-05:00,38.54526465604747,38.77875731081152,38.3684267902835,38.58303451538086,2796000,0.0,0.0
2014-12-03 00:00:00-05:00,38.505774338862956,38.897219916869545,38.416497449562534,38.857730865478516,3474000,0.0,0.0
2014-12-04 00:00:00-05:00,38.89722027089113,39.09465898033548,38.67231048962205,38.981346130371094,2818500,0.0,0.0
2014-12-05 00:00:00-05:00,38.625958728891334,39.28008402197566,38.43195511012281,38.58990478515625,3951500,0.0,0.0
2014-12-08 00:00:00-05:00,38.51779265635213,38.98821306661091,38.32894008957733,38.77360534667969,2776500,0.0,0.0
2014-12-09 00:00:00-05:00,38.64655291667537,38.667153761518,38.16067948595183,38.53839111328125,4748000,0.0,0.0
2014-12-10 00:00:00-05:00,38.53152919765948,38.68776293407912,38.27914834878927,38.29460144042969,3708500,0.0,0.0
2014-12-11 00:00:00-05:00,38.452541631220846,38.92982886546849,38.452541631220846,38.70663833618164,5927000,0.0,0.0
2014-12-12 00:00:00-05:00,38.5017565489772,38.834070378553655,37.69249940074733,37.72349166870117,3837000,0.13,0.0
2014-12-15 00:00:00-05:00,37.780294679452766,38.210751060497714,37.60122466730023,37.790626525878906,3735500,0.0,0.0
2014-12-16 00:00:00-05:00,37.7510476837481,37.7510476837481,36.96761669566876,37.01410675048828,5262000,0.0,0.0
2014-12-17 00:00:00-05:00,37.18800748078616,38.25554134056971,37.03992964198219,38.153953552246094,4444000,0.0,0.0
2014-12-18 00:00:00-05:00,38.269311729779936,38.570630023945284,38.169444830518096,38.56718826293945,3213500,0.0,0.0
2014-12-19 00:00:00-05:00,38.86850510486899,39.03035653741959,37.84057461386113,38.159114837646484,7756000,0.0,0.0
2014-12-22 00:00:00-05:00,38.13500860755565,38.86678344224531,38.13500860755565,38.756587982177734,4237000,0.0,0.0
2014-12-23 00:00:00-05:00,38.81684390212366,39.20425209968433,38.43631922480718,38.47075653076172,3804500,0.0,0.0
2014-12-24 00:00:00-05:00,38.512081833205734,38.81684510368047,38.14188899304093,38.17804718017578,1460000,0.0,0.0
2014-12-26 00:00:00-05:00,38.28308350298824,38.56202048484666,37.916335641975984,38.203880310058594,2265000,0.0,0.0
2014-12-29 00:00:00-05:00,38.28824183536086,38.601616068216074,38.13672228535361,38.246917724609375,1892500,0.0,0.0
2014-12-30 00:00:00-05:00,38.22454320256319,38.41222097220917,38.12123126532198,38.188385009765625,2118000,0.0,0.0
2014-12-31 00:00:00-05:00,38.2434773398605,38.355393663220255,37.7579231262207,37.7579231262207,1710000,0.0,0.0
2015-01-02 00:00:00-05:00,37.947317347449335,38.01102603061744,37.15699995031353,37.47381591796875,2868000,0.0,0.0
2015-01-05 00:00:00-05:00,37.36363049361736,38.024809821541375,37.217273556366656,37.6787223815918,5274000,0.0,0.0
2015-01-06 00:00:00-05:00,37.80787450241998,38.0144918864846,36.769611802504336,37.13980484008789,6890000,0.0,0.0
2015-01-07 00:00:00-05:00,37.272377588987084,37.699392457762734,36.81437373124196,37.664955139160156,14759000,0.0,0.0
2015-01-08 00:00:00-05:00,37.837117205472175,38.506907240877396,37.837117205472175,38.13843536376953,4232000,0.0,0.0
2015-01-09 00:00:00-05:00,38.18837432106582,38.54306934410623,37.98175378853814,38.160823822021484,2918000,0.0,0.0
2015-01-12 00:00:00-05:00,38.10228266877783,38.248639569674054,37.015809694562755,37.162166595458984,4094500,0.0,0.0
2015-01-13 00:00:00-05:00,37.348129791785084,37.80097089540137,35.944840605128384,36.07225799560547,8880500,0.0,0.0
2015-01-14 00:00:00-05:00,35.69689404822581,36.19966688004793,35.490273501664994,35.8139762878418,6398000,0.0,0.0
2015-01-15 00:00:00-05:00,35.81397351988481,36.032646777922636,35.388683015377175,35.414512634277344,5820000,0.0,0.0
2015-01-16 00:00:00-05:00,35.33876192280446,36.072260923283956,35.209623641579036,36.0550422668457,4470000,0.0,0.0
2015-01-20 00:00:00-05:00,36.258218738716955,36.49410744127209,35.59187018248548,35.80882263183594,3806000,0.0,0.0
2015-01-21 00:00:00-05:00,35.68140906941733,36.02233063039,35.39558524590902,35.56604766845703,2981000,0.0,0.0
2015-01-22 00:00:00-05:00,35.60908588886961,36.94694553183273,35.51266404564671,36.87979507446289,5812500,0.0,0.0
2015-01-23 00:00:00-05:00,37.02614177541761,37.51342010931395,36.82641132107538,37.31368637084961,4465500,0.0,0.0
2015-01-26 00:00:00-05:00,37.053695528838574,37.51514428285438,36.855685937098,37.492759704589844,2300000,0.0,0.0
2015-01-27 00:00:00-05:00,37.06402264856381,37.3687859110892,36.587079423671575,36.62323760986328,3763500,0.0,0.0
2015-01-28 00:00:00-05:00,36.60257343199632,36.76786987191531,35.362859984970605,35.373191833496094,5297000,0.0,0.0
2015-01-29 00:00:00-05:00,35.34048451562719,35.469622803109985,34.82221705345183,35.275054931640625,6674500,0.0,0.0
2015-01-30 00:00:00-05:00,34.996107227727435,35.97926819073063,34.91690077912334,35.423118591308594,5097500,0.0,0.0
2015-02-02 00:00:00-05:00,35.655573031101945,35.919012198237084,35.39557562430336,35.88457489013672,3344500,0.0,0.0
2015-02-03 00:00:00-05:00,35.915566298434186,36.42867101089351,35.915566298434186,36.39423370361328,2689500,0.0,0.0
2015-02-04 00:00:00-05:00,36.23584461396426,37.22073039634703,36.23584461396426,37.0192756652832,5298000,0.0,0.0
2015-02-05 00:00:00-05:00,37.146674144536476,38.93220888651356,37.144953264315326,38.8874397277832,6867000,0.0,0.0
2015-02-06 00:00:00-05:00,39.04067043182298,39.7724482287865,39.038949552175865,39.381591796875,5489500,0.0,0.0
2015-02-09 00:00:00-05:00,39.22837639449371,39.93776678733308,39.17155448872763,39.434993743896484,3153500,0.0,0.0
2015-02-10 00:00:00-05:00,39.54689872031002,39.89470698061038,39.39710004811882,39.82583236694336,3033500,0.0,0.0
2015-02-11 00:00:00-05:00,39.75352295304743,40.05656539481827,39.61405610531313,39.918819427490234,2691000,0.0,0.0
2015-02-12 00:00:00-05:00,39.906758199227525,40.44224746261806,39.805170446799124,40.36476516723633,2517000,0.0,0.0
2015-02-13 00:00:00-05:00,40.44224921292469,40.52661831623944,40.12370904916797,40.15642547607422,2324000,0.0,0.0
2015-02-17 00:00:00-05:00,40.22013685060294,40.58344294010682,40.07722496096813,40.43020248413086,2549000,0.0,0.0
2015-02-18 00:00:00-05:00,40.333762873155976,40.56793388428183,40.08754241964512,40.42329788208008,2500500,0.0,0.0
2015-02-19 00:00:00-05:00,40.26663088085969,40.76423793917826,40.240804536265166,40.27524185180664,1846000,0.0,0.0
2015-02-20 00:00:00-05:00,40.2752391802941,40.54728607313089,39.822398034918486,40.46636199951172,5473000,0.0,0.0
2015-02-23 00:00:00-05:00,40.40952713894373,40.4629039721297,40.03416842676811,40.363037109375,1879000,0.0,0.0
2015-02-24 00:00:00-05:00,40.29761253627926,41.01217186698631,40.178806127842556,40.55416488647461,2621500,0.0,0.0
2015-02-25 00:00:00-05:00,40.471520595223794,41.32038090583558,40.16848146439674,41.125816345214844,4254000,0.0,0.0
2015-02-26 00:00:00-05:00,41.21706397830477,41.33242533046867,40.74872848177262,41.0190544128418,3364000,0.0,0.0
2015-02-27 00:00:00-05:00,41.00873962782938,41.172315242578975,40.50424573858721,40.524906158447266,2566500,0.0,0.0
2015-03-02 00:00:00-05:00,40.44398176803014,41.289397209460894,40.426763109549334,41.206748962402344,3609000,0.0,0.0
2015-03-03 00:00:00-05:00,41.02423026707495,41.310054038870376,40.00490752985081,40.56794738769531,3956500,0.0,0.0
2015-03-04 00:00:00-05:00,40.483570363877355,40.49734725726908,39.775901104798685,40.10993576049805,4417500,0.0,0.0
2015-03-05 00:00:00-05:00,40.418139699878346,40.46118468727438,40.111652295914986,40.309661865234375,3005500,0.0,0.0
2015-03-06 00:00:00-05:00,40.25801278784583,40.681582463973655,39.64676208941638,39.674312591552734,3556500,0.0,0.0
2015-03-09 00:00:00-04:00,39.81722631487242,40.37337603495959,39.61405079399544,40.2786750793457,3448000,0.0,0.0
2015-03-10 00:00:00-04:00,39.98940913609572,39.98940913609572,39.24385751290723,39.2490234375,3310500,0.0,0.0
2015-03-11 00:00:00-04:00,39.505575591928924,39.59855238174608,38.89260399470512,39.36094284057617,3692500,0.0,0.0
2015-03-12 00:00:00-04:00,39.67431353296651,39.96874495824243,39.35577664929516,39.73457717895508,2509500,0.0,0.0
2015-03-13 00:00:00-04:00,39.739755701510056,40.01084852079717,39.33916644596217,39.55672836303711,2664000,0.13,0.0
2015-03-16 00:00:00-04:00,39.796740408197074,40.380360329678346,39.79501466718586,40.22323226928711,2469500,0.0,0.0
2015-03-17 00:00:00-04:00,40.07819552534946,40.38554542352413,39.79329014306112,40.31993103027344,3281000,0.0,0.0
2015-03-18 00:00:00-04:00,40.1818038427428,40.24051198924684,39.56192340816162,39.96769332885742,2985500,0.0,0.0
2015-03-19 00:00:00-04:00,39.85199421398366,40.929449429021936,39.757025762905755,40.872467041015625,3821500,0.0,0.0
2015-03-20 00:00:00-04:00,40.87246853894563,41.08139848029429,40.53231311306794,40.87074279785156,5106000,0.0,0.0
2015-03-23 00:00:00-04:00,40.976077927855755,41.02097025627614,40.406267122046934,40.634193420410156,3107000,0.0,0.0
2015-03-24 00:00:00-04:00,40.46497510635605,40.793047095092774,40.20597229141631,40.45806884765625,2964500,0.0,0.0
2015-03-25 00:00:00-04:00,40.43389801483952,40.625560703596875,39.66379577692781,39.87790298461914,4392000,0.0,0.0
2015-03-26 00:00:00-04:00,39.62234153793995,40.11099296601671,39.301175894843226,39.67068862915039,3433500,0.0,0.0
2015-03-27 00:00:00-04:00,39.523937870174244,40.17317573431711,39.513580126505104,40.05575942993164,2414000,0.0,0.0
2015-03-30 00:00:00-04:00,40.31820533526379,40.60310742447932,40.1524419640407,40.573753356933594,2416000,0.0,0.0
2015-03-31 00:00:00-04:00,40.30438744957467,40.456338296502906,40.05574569894523,40.27848815917969,3282500,0.0,0.0
2015-04-01 00:00:00-04:00,40.173165757631395,40.64455001301983,39.79502093251127,39.872718811035156,3358500,0.0,0.0
2015-04-02 00:00:00-04:00,39.90034885455739,40.04193868743122,39.27701371108039,39.51874923706055,2628000,0.0,0.0
2015-04-06 00:00:00-04:00,39.33917983733839,40.00222684653013,39.23385032476689,39.598182678222656,2119500,0.0,0.0
2015-04-07 00:00:00-04:00,39.67588408778947,40.016039595229294,39.46349931992824,39.68106460571289,2671500,0.0,0.0
2015-04-08 00:00:00-04:00,39.70695436658973,40.05919986019486,39.69659333323101,39.800193786621094,2367500,0.0,0.0
2015-04-09 00:00:00-04:00,39.713869461655015,39.91243841375532,39.37371066680852,39.86754608154297,1794500,0.0,0.0
2015-04-10 00:00:00-04:00,39.91071229230605,40.16108312694441,39.74840367317629,40.04366683959961,1601000,0.0,0.0
2015-04-13 00:00:00-04:00,39.9348843831082,40.19388720896135,39.826103393853856,39.850276947021484,1972500,0.0,0.0
2015-04-14 00:00:00-04:00,39.82263516333572,40.14725228002706,39.30635542745551,39.52046585083008,2345000,0.0,0.0
2015-04-15 00:00:00-04:00,39.56882369323088,39.972867811375686,39.28219255696605,39.67760467529297,3681500,0.0,0.0
2015-04-16 00:00:00-04:00,39.660336907559184,39.9469680403933,39.344351706256575,39.693145751953125,1621500,0.0,0.0
2015-04-17 00:00:00-04:00,39.41515602624129,39.77603364031092,38.449936192530586,38.620880126953125,3454000,0.0,0.0
2015-04-20 00:00:00-04:00,38.73311346717768,39.03183145350483,38.55353752703883,38.966217041015625,2669000,0.0,0.0
2015-04-21 00:00:00-04:00,38.966205044161114,39.04045472915492,38.53971314098906,38.698570251464844,2183000,0.0,0.0
2015-04-22 00:00:00-04:00,38.70891421124403,39.294263016502626,38.4930780780257,38.955833435058594,3215000,0.0,0.0
2015-04-23 00:00:00-04:00,38.86779303822377,39.11816388342594,38.76591829992909,38.883331298828125,1976000,0.0,0.0
2015-04-24 00:00:00-04:00,38.803887997404125,39.0007311313832,38.20818137305035,38.572513580322266,3232000,0.0,0.0
2015-04-27 00:00:00-04:00,38.567335091078384,38.84360513080857,38.34113788452725,38.462005615234375,3159500,0.0,0.0
2015-04-28 00:00:00-04:00,38.46200442480516,38.753816003765316,38.18746013446854,38.7279167175293,2639000,0.0,0.0
2015-04-29 00:00:00-04:00,38.518991819385896,39.109518017527236,38.481002462110844,38.80907440185547,2299500,0.0,0.0
2015-04-30 00:00:00-04:00,38.634671726709115,39.201024269024145,38.35840171191178,38.769351959228516,2640500,0.0,0.0
2015-05-01 00:00:00-04:00,38.721018319326696,39.37888804374129,38.68475799079358,38.99211120605469,2440500,0.0,0.0
2015-05-04 00:00:00-04:00,39.150960325734395,39.397876336990166,38.94548515544312,39.12506103515625,4436500,0.0,0.0
2015-05-05 00:00:00-04:00,39.71385678117222,40.08854675292969,39.1716777243862,40.08854675292969,9548500,0.0,0.0
2015-05-06 00:00:00-04:00,40.012568845992796,40.083363734525165,39.00418299977042,39.24073791503906,5049500,0.0,0.0
2015-05-07 00:00:00-04:00,39.37716245371545,40.40281598482144,39.18204499938305,40.247413635253906,5091500,0.0,0.0
2015-05-08 00:00:00-04:00,40.70843248100996,41.43364221094335,40.413169389935355,41.13665008544922,8812000,0.0,0.0
2015-05-11 00:00:00-04:00,40.92772716916261,41.782440076941384,40.870748065123735,41.440555572509766,8105000,0.0,0.0
2015-05-12 00:00:00-04:00,41.26788244820784,41.60458640686411,40.86556409767095,41.43019104003906,3392000,0.0,0.0
2015-05-13 00:00:00-04:00,41.43364981506186,41.71682618416422,41.23162610300859,41.454368591308594,2809500,0.0,0.0
2015-05-14 00:00:00-04:00,41.63911310999545,41.78242864162644,41.40773868773229,41.52860641479492,3891000,0.0,0.0
2015-05-15 00:00:00-04:00,41.685744029279235,41.71164332148132,40.998520274710046,41.228172302246094,2378500,0.0,0.0
2015-05-18 00:00:00-04:00,41.11766394168474,41.57005846318841,41.012337734001434,41.03996276855469,2651500,0.0,0.0
2015-05-19 00:00:00-04:00,41.15219473212951,41.440551587425695,41.00024717590492,41.069313049316406,2641000,0.0,0.0
2015-05-20 00:00:00-04:00,41.219526646787436,41.35075540284631,40.68943440013253,40.70842742919922,3382500,0.0,0.0
2015-05-21 00:00:00-04:00,40.603103510798405,40.90700189761529,40.43561441451058,40.637638092041016,2679000,0.0,0.0
2015-05-22 00:00:00-04:00,40.68079453570641,41.14527564551042,40.5823746264265,40.90008544921875,1579500,0.0,0.0
2015-05-26 00:00:00-04:00,40.82584987768396,40.82584987768396,40.262951957742416,40.34928512573242,2593500,0.0,0.0
2015-05-27 00:00:00-04:00,40.42007886665118,40.70670998205228,40.114454718313716,40.52195358276367,2343500,0.0,0.0
2015-05-28 00:00:00-04:00,40.63591780490148,40.88801435368929,40.33201937729723,40.82585144042969,1856500,0.0,0.0
2015-05-29 00:00:00-04:00,40.80857987917901,41.16772830819931,40.42870609171336,40.884552001953125,4178500,0.0,0.0
2015-06-01 00:00:00-04:00,41.00714840191237,41.03822820580369,40.63245513408157,40.67044448852539,2785500,0.0,0.0
2015-06-02 00:00:00-04:00,40.48568140837245,40.8707323514709,40.34927214862875,40.73259735107422,1656000,0.0,0.0
2015-06-03 00:00:00-04:00,40.7774996810534,41.100391105998575,40.44252477517022,40.44597625732422,3500000,0.0,0.0
2015-06-04 00:00:00-04:00,40.256044120793945,40.75505999670114,40.017763381368376,40.62555694580078,3192500,0.0,0.0
2015-06-05 00:00:00-04:00,40.92254980598257,41.095216152227664,40.468429542935276,40.8448486328125,2354000,0.0,0.0
2015-06-08 00:00:00-04:00,40.967444149227454,41.04860010241061,40.55131322833826,40.67563247680664,3369000,0.0,0.0
2015-06-09 00:00:00-04:00,40.58584354790646,41.29551515895708,40.43217023240949,40.90182876586914,3212500,0.0,0.0
2015-06-10 00:00:00-04:00,40.97433518625361,41.56140979578817,40.57201693278879,41.521697998046875,3573000,0.0,0.0
2015-06-11 00:00:00-04:00,41.57695873450578,41.95164873552245,41.395657121110624,41.785888671875,2470500,0.0,0.0
2015-06-12 00:00:00-04:00,41.659457403690105,41.83612607034835,41.16755226450729,41.318241119384766,3029500,0.15,0.0
2015-06-15 00:00:00-04:00,40.98913883101244,41.33381721341129,40.79514594963413,41.10345458984375,2281000,0.0,0.0
2015-06-16 00:00:00-04:00,40.99433701383413,41.23855842453621,40.493773146019876,40.599430084228516,3059500,0.0,0.0
2015-06-17 00:00:00-04:00,40.74319420339927,40.92159395150064,40.43315439747313,40.58384323120117,2999500,0.0,0.0
2015-06-18 00:00:00-04:00,40.70335412662935,40.87482944342313,40.32749926117075,40.486846923828125,3452000,0.0,0.0
2015-06-19 00:00:00-04:00,40.3569425402299,40.51802461772712,39.461471681555885,39.72993850708008,5301000,0.0,0.0
2015-06-22 00:00:00-04:00,40.034790200790816,40.17335471222329,39.80096196831628,39.99148941040039,2157000,0.0,0.0
2015-06-23 00:00:00-04:00,40.18892702841743,40.2582109113858,39.79055461226139,39.813072204589844,2351000,0.0,0.0
2015-06-24 00:00:00-04:00,39.75072266154688,39.92219466998284,39.45107611967808,39.501304626464844,2737500,0.0,0.0
2015-06-25 00:00:00-04:00,39.49091582819062,39.74899272659925,39.41643861268961,39.44415283203125,2470500,0.0,0.0
2015-06-26 00:00:00-04:00,39.49090160524096,39.70740874847942,39.05962172809936,39.172203063964844,3776500,0.0,0.0
2015-06-29 00:00:00-04:00,38.8344652672344,39.076955594173604,38.47073473228247,38.50191116333008,2342500,0.0,0.0
2015-06-30 00:00:00-04:00,38.72360968678394,38.96782778284324,38.43608751081627,38.73053741455078,3649000,0.0,0.0
2015-07-01 00:00:00-04:00,39.00421214298976,39.22418490747831,38.888165236055926,39.0994758605957,5389000,0.0,0.0
2015-07-02 00:00:00-04:00,39.264005185770124,39.40256962763207,39.050960250338875,39.32462692260742,2634000,0.0,0.0
2015-07-06 00:00:00-04:00,39.01458342387372,39.232821655319164,38.64045979749965,38.86216354370117,3244000,0.0,0.0
2015-07-07 00:00:00-04:00,38.974753802827955,39.47358647791255,38.66817958901177,39.35753631591797,3554000,0.0,0.0
2015-07-08 00:00:00-04:00,39.10294221367233,39.293469652959395,38.38067433677449,38.42744064331055,4029500,0.0,0.0
2015-07-09 00:00:00-04:00,38.67165699072411,39.35062404583062,38.55907229976321,38.87257766723633,4959000,0.0,0.0
2015-07-10 00:00:00-04:00,39.651996578361306,40.117921847038744,39.18780571958543,39.74552917480469,3109000,0.0,0.0
2015-07-13 00:00:00-04:00,40.12657174052605,40.169872512933765,39.48744348604064,39.66411209106445,3071500,0.0,0.0
2015-07-14 00:00:00-04:00,39.57751748837983,39.728206317118165,39.3142439887237,39.48918151855469,2144500,0.0,0.0
2015-07-15 00:00:00-04:00,39.464930163560155,39.787094288101784,38.94011760935931,39.65026092529297,2536000,0.0,0.0
2015-07-16 00:00:00-04:00,39.975881372508894,40.25820689049604,39.761105321123075,40.23915481567383,2087000,0.0,0.0
2015-07-17 00:00:00-04:00,40.01226454214158,40.30498337634099,39.93085960118443,40.1352424621582,2015500,0.0,0.0
2015-07-20 00:00:00-04:00,40.090206674283195,40.282465181384175,39.83732641301865,40.0988655090332,1718000,0.0,0.0
2015-07-21 00:00:00-04:00,40.03997672129648,40.429687040116775,40.00880029222739,40.13177490234375,2274000,0.0,0.0
2015-07-22 00:00:00-04:00,40.13004798953767,40.419301323098104,39.88062992364675,40.40717697143555,2147000,0.0,0.0
2015-07-23 00:00:00-04:00,40.308433481668544,40.5249406286246,39.70740943028577,39.809600830078125,2090000,0.0,0.0
2015-07-24 00:00:00-04:00,39.774974055529526,40.13004575025028,39.48745184435397,39.66585159301758,2613500,0.0,0.0
2015-07-27 00:00:00-04:00,39.50650750428849,39.593109075283266,39.083886287721874,39.231109619140625,1865500,0.0,0.0
2015-07-28 00:00:00-04:00,39.451076422444956,39.451076422444956,38.966099108488585,39.20512390136719,1909500,0.0,0.0
2015-07-29 00:00:00-04:00,39.23630241312112,39.53075235086299,38.960904554847865,39.4406852722168,1539000,0.0,0.0
2015-07-30 00:00:00-04:00,39.400843459829694,39.82173349427392,39.400843459829694,39.67277908325195,1339500,0.0,0.0
2015-07-31 00:00:00-04:00,39.63814028411007,39.64160249656427,39.30212067233428,39.49784469604492,2169500,0.0,0.0
2015-08-03 00:00:00-04:00,39.64160653789224,39.82347512305132,39.42683371651249,39.81654739379883,2136000,0.0,0.0
2015-08-04 00:00:00-04:00,39.84599479058031,40.02786340026499,39.785373021898295,39.949920654296875,2755500,0.0,0.0
2015-08-05 00:00:00-04:00,39.86331526842812,41.25762253792282,39.74207173258311,41.143306732177734,3222500,0.0,0.0
2015-08-06 00:00:00-04:00,41.337293116313994,41.44987780652894,40.64100839364688,41.049774169921875,3670500,0.0,0.0
2015-08-07 00:00:00-04:00,41.049754957938426,41.325149422816786,40.77955381006428,41.093055725097656,2832000,0.0,0.0
2015-08-10 00:00:00-04:00,41.32689412504949,41.905400711399594,41.28012783126967,41.64039611816406,2000000,0.0,0.0
2015-08-11 00:00:00-04:00,41.35980913801671,41.53128447833724,40.88349388723018,41.03245162963867,2658000,0.0,0.0
2015-08-12 00:00:00-04:00,40.807273604778636,40.977017802693354,40.18546625989803,40.90773391723633,2961000,0.0,0.0
2015-08-13 00:00:00-04:00,40.99435308662638,41.41004997072797,40.720689550201655,41.17275619506836,3396500,0.0,0.0
2015-08-14 00:00:00-04:00,41.105204454333396,41.70795994803522,41.04804489701405,41.68198013305664,4329000,0.0,0.0
2015-08-17 00:00:00-04:00,41.44641080606223,41.84824550273128,41.32343288390637,41.742591857910156,2402000,0.0,0.0
2015-08-18 00:00:00-04:00,41.73911525467989,42.326283883573005,41.63346163792322,42.27085876464844,3053000,0.0,0.0
2015-08-19 00:00:00-04:00,42.253550478177814,42.59303232417051,41.962562735117466,42.25874710083008,4566000,0.0,0.0
2015-08-20 00:00:00-04:00,41.98854748524049,42.676173342998396,41.46892814705228,42.312442779541016,5873000,0.0,0.0
2015-08-21 00:00:00-04:00,42.078612309110916,42.17906933343949,40.95104101577899,40.99953842163086,5604000,0.0,0.0
2015-08-24 00:00:00-04:00,39.31943958983713,40.339622722693086,38.15376425420346,38.959171295166016,7709500,0.0,0.0
2015-08-25 00:00:00-04:00,39.821731954180116,40.03477692593501,38.526154367060016,38.541744232177734,6486500,0.0,0.0
2015-08-26 00:00:00-04:00,39.32116924951734,40.04863354028332,38.81021214881697,39.72300720214844,4641000,0.0,0.0
2015-08-27 00:00:00-04:00,40.00186734711844,40.310176018019106,39.38005999072294,40.17853927612305,4348500,0.0,0.0
2015-08-28 00:00:00-04:00,39.951629181898504,40.55438431479196,39.83731343932779,40.254737854003906,2722000,0.0,0.0
2015-08-31 00:00:00-04:00,40.287672682855096,40.287672682855096,39.546352672015416,39.56193923950195,3281500,0.0,0.0
2015-09-01 00:00:00-04:00,38.89508461915845,39.3592787545571,38.70975715059683,38.88815689086914,4156500,0.0,0.0
2015-09-02 00:00:00-04:00,39.22243248101576,39.37312125855874,38.73918642588555,39.23282241821289,2595500,0.0,0.0
2015-09-03 00:00:00-04:00,39.31943720665675,40.0572947235558,39.082143534819544,39.648529052734375,5487500,0.0,0.0
2015-09-04 00:00:00-04:00,39.490910081493666,39.84598174047117,38.955704282103554,39.281333923339844,2938000,0.0,0.0
2015-09-08 00:00:00-04:00,39.61908036843047,40.65831542848421,39.45972942883396,40.61847686767578,2913500,0.0,0.0
2015-09-09 00:00:00-04:00,40.88870303227074,40.914682850963615,39.963783164589785,40.04345703125,2752000,0.0,0.0
2015-09-10 00:00:00-04:00,40.09713812163865,41.049771910746,40.00880544517233,40.72760772705078,3117500,0.0,0.0
2015-09-11 00:00:00-04:00,40.68430332180926,40.94238020635002,40.299786306160456,40.91639709472656,3658500,0.0,0.0
2015-09-14 00:00:00-04:00,40.9702768732077,41.382081250795366,40.46116541724675,40.581058502197266,3247000,0.15,0.0
2015-09-15 00:00:00-04:00,40.76001484178166,40.76001484178166,40.24916695322202,40.572357177734375,4276000,0.0,0.0
2015-09-16 00:00:00-04:00,40.5324001280743,40.69399527382779,39.912085416414385,40.56193923950195,4411500,0.0,0.0
2015-09-17 00:00:00-04:00,40.65923532060013,40.94419671843656,39.87906554450853,39.998958587646484,5357500,0.0,0.0
2015-09-18 00:00:00-04:00,39.66012098576007,39.978094639352285,39.359520152689505,39.66185760498047,5143500,0.0,0.0
2015-09-21 00:00:00-04:00,39.91902368606939,40.4837332050322,39.79739073133854,40.25090026855469,4652500,0.0,0.0
2015-09-22 00:00:00-04:00,39.717471385954426,39.9642072711708,39.11974608973556,39.34910583496094,2922000,0.0,0.0
2015-09-23 00:00:00-04:00,39.28133721553342,39.91381472743607,39.18577011237831,39.83736038208008,2454500,0.0,0.0
2015-09-24 00:00:00-04:00,39.56281953173759,39.56281953173759,39.06413798433818,39.38906478881836,3574500,0.0,0.0
2015-09-25 00:00:00-04:00,39.72962143512825,41.09187987723674,39.637530905861496,40.83298110961914,5286000,0.0,0.0
2015-09-28 00:00:00-04:00,40.51327920788345,40.78955418948588,39.57325094822422,39.613216400146484,4465500,0.0,0.0
2015-09-29 00:00:00-04:00,39.65143754985605,39.813032645269736,38.833042355812665,39.580196380615234,3482500,0.0,0.0
2015-09-30 00:00:00-04:00,39.81824707494434,40.888591324364135,39.70356721557224,40.83125305175781,3125500,0.0,0.0
2015-10-01 00:00:00-04:00,40.6609717662174,40.99806158132785,39.97810572332734,40.579307556152344,4503000,0.0,0.0
2015-10-02 00:00:00-04:00,40.18315329545734,40.230068556758205,39.032880968402814,40.22138214111328,4387500,0.0,0.0
2015-10-05 00:00:00-04:00,40.45941549583302,41.23611204803777,40.31519651724163,41.17355728149414,3182500,0.0,0.0
2015-10-06 00:00:00-04:00,41.1996312996049,41.27434573329856,40.73396192576432,41.05541229248047,2706000,0.0,0.0
2015-10-07 00:00:00-04:00,41.35252678885037,41.41681817241562,40.37600964015709,40.622745513916016,2973500,0.0,0.0
2015-10-08 00:00:00-04:00,40.4559496447893,40.73917116614487,40.058044916185864,40.68704605102539,2187500,0.0,0.0
2015-10-09 00:00:00-04:00,40.688781414823126,40.76349584507314,39.51070678841789,39.77307891845703,3478000,0.0,0.0
2015-10-12 00:00:00-04:00,39.931178382200955,40.63663015144998,39.7730565680384,40.55496597290039,1968500,0.0,0.0
2015-10-13 00:00:00-04:00,40.29434662592226,40.61927347856092,40.139701302511625,40.16576385498047,2263000,0.0,0.0
2015-10-14 00:00:00-04:00,40.17618412773448,40.58972823607066,39.77480629809218,39.85125732421875,2620500,0.0,0.0
2015-10-15 00:00:00-04:00,40.02154994148114,41.14749600425255,39.99896062746902,41.044979095458984,2148000,0.0,0.0
2015-10-16 00:00:00-04:00,41.347322270316624,41.62359730710123,40.968530310799146,41.33515930175781,2939000,0.0,0.0
2015-10-19 00:00:00-04:00,41.01544128286933,41.90334120912348,41.01544128286933,41.74869918823242,3854000,0.0,0.0
2015-10-20 00:00:00-04:00,41.63575072464825,42.07709404575206,41.32472678772877,41.98674011230469,2593500,0.0,0.0
2015-10-21 00:00:00-04:00,42.056257790280675,42.19526363017622,41.128392234751615,41.15966796875,2126500,0.0,0.0
2015-10-22 00:00:00-04:00,41.27955654219382,42.9319902308043,41.183989416283225,42.699153900146484,3154500,0.0,0.0
2015-10-23 00:00:00-04:00,42.92329567951691,43.33510324748631,42.69219930897436,43.2308464050293,2899500,0.0,0.0
2015-10-26 00:00:00-04:00,43.26734383051488,44.29251311754311,42.35859437575229,42.98585891723633,5828000,0.0,0.0
2015-10-27 00:00:00-04:00,42.81207835429561,44.714720365633745,42.57055571567608,44.431495666503906,7792500,0.0,0.0
2015-10-28 00:00:00-04:00,44.469730529530125,44.83635939948509,43.72604975869584,44.77206802368164,4186500,0.0,0.0
2015-10-29 00:00:00-04:00,44.80856759646117,45.64260249042279,44.66434860701662,45.496646881103516,4858000,0.0,0.0
2015-10-30 00:00:00-04:00,45.444503039973746,45.555709643270184,43.7816469899733,43.856361389160156,5180000,0.0,0.0
2015-11-02 00:00:00-05:00,43.70346037456247,45.47231003135903,43.56966776480112,45.411495208740234,4729000,0.0,0.0
2015-11-03 00:00:00-05:00,45.17867985712528,45.59048753621233,44.89545498893194,45.26382064819336,3933500,0.0,0.0
2015-11-04 00:00:00-05:00,45.11612152047239,45.52097602858208,44.78250820217537,45.220375061035156,3710000,0.0,0.0
2015-11-05 00:00:00-05:00,45.27597733500649,45.587004655024984,45.05183072842126,45.43757247924805,3241500,0.0,0.0
2015-11-06 00:00:00-05:00,45.94841315694232,46.20209883430867,45.30724917038981,45.580047607421875,2942000,0.0,0.0
2015-11-09 00:00:00-05:00,45.592218224171056,45.64087009845097,45.09005995857033,45.4028205871582,2354500,0.0,0.0
2015-11-10 00:00:00-05:00,45.25511558180851,45.93624494380123,45.01706945180792,45.81808853149414,2674000,0.0,0.0
2015-11-11 00:00:00-05:00,46.06135150656478,46.348049499353884,45.74858764958797,45.86848068237305,3492000,0.0,0.0
2015-11-12 00:00:00-05:00,45.58351402512889,45.85457580185111,45.14217074248304,45.19082260131836,3936500,0.0,0.0
2015-11-13 00:00:00-05:00,45.06224817266517,45.32462025282069,44.56009001063952,44.91107940673828,3116000,0.0,0.0
2015-11-16 00:00:00-05:00,44.98057280722833,45.56439839053789,44.58267155009576,45.54180908203125,2887500,0.0,0.0
2015-11-17 00:00:00-05:00,45.795504707235956,45.802454499908485,45.19951607295159,45.51054000854492,2486500,0.0,0.0
2015-11-18 00:00:00-05:00,45.713850007902884,45.828529904563105,45.01013110442223,45.802467346191406,2802000,0.0,0.0
2015-11-19 00:00:00-05:00,45.71905844938059,45.828525160201906,45.456683016068375,45.68604278564453,1743500,0.0,0.0
2015-11-20 00:00:00-05:00,45.88412608142779,46.04398459522836,45.592214857305166,45.78855895996094,2223500,0.0,0.0
2015-11-23 00:00:00-05:00,45.76943319059971,46.04570812871713,45.6165278282053,45.75032043457031,1237500,0.0,0.0
2015-11-24 00:00:00-05:00,45.390655958891124,45.54530130457508,44.80162031480287,45.02924346923828,2075500,0.0,0.0
2015-11-25 00:00:00-05:00,45.058777397240064,45.37501786954512,44.91108516588845,45.091793060302734,1252000,0.0,0.0
2015-11-27 00:00:00-05:00,45.10568561711678,45.34199513894142,44.907601612096826,45.21689224243164,569000,0.0,0.0
2015-11-30 00:00:00-05:00,45.21863252092077,45.491430961994155,44.888492485840956,45.14912796020508,2424500,0.0,0.0
2015-12-01 00:00:00-05:00,45.44103889906671,45.531392832390125,44.542712738892,45.34199523925781,4277000,0.0,0.0
2015-12-02 00:00:00-05:00,45.41497824419452,45.7242689106983,44.902393690009035,45.011863708496094,2992000,0.0,0.0
2015-12-03 00:00:00-05:00,45.098747677014615,45.34896016411267,43.97975122205851,44.10659408569336,4525500,0.0,0.0
2015-12-04 00:00:00-05:00,44.40892787618898,46.21948009832211,44.35332289661162,45.89628982543945,4690500,0.0,0.0
2015-12-07 00:00:00-05:00,45.84590051548072,46.209052925385826,45.61132757596227,45.81462478637695,3016000,0.0,0.0
2015-12-08 00:00:00-05:00,45.68951636796059,46.13259635639404,45.08657787353141,45.38196563720703,2072500,0.0,0.0
2015-12-09 00:00:00-05:00,44.93541685688013,45.17867624045826,43.482803721741014,43.835533142089844,2602000,0.0,0.0
2015-12-10 00:00:00-05:00,43.8303056905306,44.38632885139942,43.70693610464415,43.86679458618164,2324000,0.0,0.0
2015-12-11 00:00:00-05:00,43.2447505669161,43.43240824898715,42.18656578999099,42.388126373291016,3292000,0.0,0.0
2015-12-14 00:00:00-05:00,42.54150493129843,42.95457914900212,41.89487636479248,42.80294418334961,3849000,0.15,0.0
2015-12-15 00:00:00-05:00,43.57331466674805,44.129310587416406,42.93191542166343,43.57331466674805,5167500,0.0,0.0
2015-12-16 00:00:00-05:00,43.7911825469434,43.92538777503118,42.84477140069981,43.175926208496094,5094500,0.0,0.0
2015-12-17 00:00:00-05:00,42.68615926196046,43.46699295609236,42.544982817340845,43.289215087890625,17146500,0.0,0.0
2015-12-18 00:00:00-05:00,43.080056726363004,43.242150151023594,42.55020713341238,42.628639221191406,6975500,0.0,0.0
2015-12-21 00:00:00-05:00,43.046958323764635,43.17942160153985,42.710570878311685,43.127132415771484,3955500,0.0,0.0
2015-12-22 00:00:00-05:00,43.425172885275146,43.728442824178146,43.22821996033809,43.58900833129883,3565500,0.0,0.0
2015-12-23 00:00:00-05:00,43.53845481362537,43.968958706427,43.32755946728723,43.74760818481445,3710500,0.0,0.0
2015-12-24 00:00:00-05:00,43.660469785067676,44.03520064142479,43.58203766805384,43.90796661376953,1474000,0.0,0.0
2015-12-28 00:00:00-05:00,43.87484412499983,44.578987744478475,43.79467004765309,44.341949462890625,4593000,0.0,0.0
2015-12-29 00:00:00-05:00,44.78814659199641,45.20819205501172,44.54936298165504,44.9223518371582,5030000,0.0,0.0
2015-12-30 00:00:00-05:00,44.92060054359534,45.34761714416813,44.71667643061491,44.781166076660156,2909000,0.0,0.0
2015-12-31 00:00:00-05:00,44.53018913994605,45.14195825202734,44.052625266580826,44.66439437866211,13121500,0.0,0.0
2016-01-04 00:00:00-05:00,43.9654829048875,44.12583108220206,43.28748211567345,43.815589904785156,8122000,0.0,0.0
2016-01-05 00:00:00-05:00,45.01995845153776,45.15067975395127,44.280955245090496,44.894466400146484,6751500,0.0,0.0
2016-01-06 00:00:00-05:00,44.44478939966037,44.74980133049399,44.07702978278333,44.49359130859375,5234000,0.0,0.0
2016-01-07 00:00:00-05:00,43.64825974406655,45.089667740875214,43.620374843741516,44.30011749267578,6180500,0.0,0.0
2016-01-08 00:00:00-05:00,44.55807454760815,44.789883581629134,43.517543533000804,43.62037658691406,4808500,0.0,0.0
2016-01-11 00:00:00-05:00,43.90969293754874,44.286165606765124,43.53670421794063,44.03343963623047,4436500,0.0,0.0
2016-01-12 00:00:00-05:00,44.44477084655794,44.59814773569683,43.67090852865026,44.24781799316406,3620000,0.0,0.0
2016-01-13 00:00:00-05:00,44.34020857366242,44.38726517658313,42.553703230916355,42.98420715332031,4299500,0.0,0.0
2016-01-14 00:00:00-05:00,43.27005127787694,43.827789257607996,42.74542745316639,43.58552169799805,3648000,0.0,0.0
2016-01-15 00:00:00-05:00,42.38638236895547,43.83998765776126,42.36546536729703,42.7802848815918,7015500,0.0,0.0
2016-01-19 00:00:00-05:00,43.4513110243327,43.798153580707876,43.09052269314042,43.40425109863281,5442500,0.0,0.0
2016-01-20 00:00:00-05:00,42.74192698032881,43.09051142072437,42.04823872466615,42.32362365722656,6240000,0.0,0.0
2016-01-21 00:00:00-05:00,42.62341310551177,42.897052783211116,41.88963936551704,42.192909240722656,4790000,0.0,0.0
2016-01-22 00:00:00-05:00,42.72101921202874,43.87135443008741,42.45086679414498,43.796409606933594,5004500,0.0,0.0
2016-01-25 00:00:00-05:00,44.02124924440621,44.20077242172389,42.94760410404668,43.35893630981445,4532000,0.0,0.0
2016-01-26 00:00:00-05:00,43.658720701272344,43.87135803792981,43.41471118779333,43.85915756225586,4885500,0.0,0.0
2016-01-27 00:00:00-05:00,43.76678046007042,44.65218920692272,43.578544085715215,44.0578498840332,5451000,0.0,0.0
2016-01-28 00:00:00-05:00,44.425611141815295,44.66613670000474,43.81209677090831,44.36460876464844,5301000,0.0,0.0
2016-01-29 00:00:00-05:00,44.734113313712115,46.01865391992127,44.394241953938824,45.97856521606445,9450000,0.0,0.0
2016-02-01 00:00:00-05:00,45.8896745557958,46.865715908746004,45.60034709768101,46.52584457397461,7803500,0.0,0.0
2016-02-02 00:00:00-05:00,46.318443088839906,46.318443088839906,45.718874411351436,46.09883117675781,6056000,0.0,0.0
2016-02-03 00:00:00-05:00,46.2853344102205,46.47182887743552,44.87355942536153,45.85308837890625,6074000,0.0,0.0
2016-02-04 00:00:00-05:00,45.999485256025714,46.128461252895995,42.14585985849433,42.8918342590332,14852000,0.0,0.0
2016-02-05 00:00:00-05:00,42.63735555524573,42.93714148038477,40.7811348819531,41.16632080078125,8854000,0.0,0.0
2016-02-08 00:00:00-05:00,40.71492017068909,41.8269090667927,39.90271067545856,41.652618408203125,9605000,0.0,0.0
2016-02-09 00:00:00-05:00,41.54628461884171,42.55544342886079,41.29530389101911,42.31840515136719,5991000,0.0,0.0
2016-02-10 00:00:00-05:00,42.49270176960173,42.710568377642794,41.16633041834367,41.2133903503418,4817500,0.0,0.0
2016-02-11 00:00:00-05:00,40.20075479689044,41.1680832453605,39.82428192083216,40.64345932006836,6435500,0.0,0.0
2016-02-12 00:00:00-05:00,41.23256980180562,41.23256980180562,40.26872862434276,41.18202590942383,4147500,0.0,0.0
2016-02-16 00:00:00-05:00,41.58289019903782,41.917532311030776,40.974608356811544,41.46262741088867,4869000,0.0,0.0
2016-02-17 00:00:00-05:00,41.57591290907225,43.17243975170233,41.57591290907225,42.944114685058594,4938500,0.0,0.0
2016-02-18 00:00:00-05:00,42.87614567997614,43.050439617271316,42.276577062209796,42.51884460449219,2698500,0.0,0.0
2016-02-19 00:00:00-05:00,42.41774617605553,43.52450866316001,42.09878855875291,43.23692321777344,3814000,0.0,0.0
2016-02-22 00:00:00-05:00,43.75807133070791,44.21994744713497,42.76982611793004,42.99989318847656,3653500,0.0,0.0
2016-02-23 00:00:00-05:00,43.10620947678428,43.311875575829184,41.78680955783788,42.1162223815918,4671000,0.0,0.0
2016-02-24 00:00:00-05:00,41.83038453999238,42.68965040894147,41.50445564840751,42.58507537841797,3189500,0.0,0.0
2016-02-25 00:00:00-05:00,42.588560033298805,42.998150285828544,42.10402495045747,42.70708084106445,3210500,0.0,0.0
2016-02-26 00:00:00-05:00,42.74890811448026,42.86568361326956,41.753691776704365,41.819923400878906,6366000,0.0,0.0
2016-02-29 00:00:00-05:00,41.64388580309066,41.969814660806236,41.046059234764336,41.56196975708008,3543000,0.0,0.0
2016-03-01 00:00:00-05:00,40.578965323435824,40.69574417461435,39.68658514477189,40.449989318847656,13459500,0.0,0.0
2016-03-02 00:00:00-05:00,40.793325931033685,40.793325931033685,39.967174514930335,40.42905044555664,8081500,0.0,0.0
2016-03-03 00:00:00-05:00,40.16239209352203,41.34758671871176,40.16239209352203,41.29704284667969,4444500,0.0,0.0
2016-03-04 00:00:00-05:00,41.342365158933326,41.89487720143718,40.93452018353921,41.65609359741211,4382000,0.0,0.0
2016-03-07 00:00:00-05:00,41.182030696634776,41.43824078862953,40.50054243623971,40.83344268798828,3658000,0.0,0.0
2016-03-08 00:00:00-05:00,40.36284349872399,41.13321888993938,40.359356223235245,40.61556625366211,3982500,0.0,0.0
2016-03-09 00:00:00-05:00,40.69747833167865,40.75673873367099,39.60291616758212,40.08222198486328,6537000,0.0,0.0
2016-03-10 00:00:00-05:00,40.32972341032985,40.64693580845157,40.00902373694477,40.45521545410156,3911500,0.0,0.0
2016-03-11 00:00:00-05:00,40.65390965255361,41.42776893141397,40.65390965255361,41.131473541259766,3840000,0.0,0.0
2016-03-14 00:00:00-04:00,41.01951493925586,41.55477980699606,41.01951493925586,41.34661865234375,2100000,0.17,0.0
2016-03-15 00:00:00-04:00,40.981030994207096,41.621252265335826,40.981030994207096,41.378108978271484,2229000,0.0,0.0
2016-03-16 00:00:00-04:00,41.407859426362926,41.4918198901716,40.69417046100176,40.783382415771484,2697000,0.0,0.0
2016-03-17 00:00:00-04:00,40.91630599943948,41.465563660897196,40.77636750798296,41.3011360168457,3255000,0.0,0.0
2016-03-18 00:00:00-04:00,41.46732508749487,41.623008084891204,40.85859262337081,41.54429244995117,5292500,0.0,0.0
2016-03-21 00:00:00-04:00,41.46907464081661,41.85390476122694,41.34662550867006,41.47431945800781,2575500,0.0,0.0
2016-03-22 00:00:00-04:00,41.106982969133455,41.614262232776674,41.01952263780079,41.14021682739258,2261500,0.0,0.0
2016-03-23 00:00:00-04:00,41.16470300002766,41.6387449961948,41.06324649560453,41.378108978271484,2375500,0.0,0.0
2016-03-24 00:00:00-04:00,41.17344680992767,41.35886374752176,40.73613855706964,40.9932746887207,2598000,0.0,0.0
2016-03-28 00:00:00-04:00,41.00201870451193,41.442823458435086,40.930299517482474,41.106971740722656,2391000,0.0,0.0
2016-03-29 00:00:00-04:00,41.07899583769234,41.194445215344835,40.57696804081429,41.05101013183594,2777000,0.0,0.0
2016-03-30 00:00:00-04:00,41.250406264279135,41.4323266228081,40.676656157996796,40.793853759765625,3560500,0.0,0.0
2016-03-31 00:00:00-04:00,40.57870829366881,41.267904541945356,40.44401793575971,41.131465911865234,5883000,0.0,0.0
2016-04-01 00:00:00-04:00,41.08249238463265,41.60376448247496,40.85684180159031,41.229427337646484,3051000,0.0,0.0
2016-04-04 00:00:00-04:00,41.15071912497499,41.42884795696787,40.729155195261264,41.3693733215332,4323000,0.0,0.0
2016-04-05 00:00:00-04:00,41.17344256595103,41.77692669158765,40.89006569958763,41.493553161621094,4575000,0.0,0.0
2016-04-06 00:00:00-04:00,41.442825710238935,41.63874228124681,40.867330583569625,41.609004974365234,4566500,0.0,0.0
2016-04-07 00:00:00-04:00,41.39383705276775,41.81190418024513,40.77111204518511,41.0212516784668,3974000,0.0,0.0
2016-04-08 00:00:00-04:00,41.138464467989735,41.276654713796646,40.73089349241024,40.84809112548828,3190000,0.0,0.0
2016-04-11 00:00:00-04:00,40.974041955385886,41.1139804910866,40.52798891546418,40.666175842285156,2497500,0.0,0.0
2016-04-12 00:00:00-04:00,40.814844555721464,40.94603833521454,40.12389687833121,40.757118225097656,2994000,0.0,0.0
2016-04-13 00:00:00-04:00,41.14721660010187,41.58802147454026,40.601455324361,41.54603958129883,3323000,0.0,0.0
2016-04-14 00:00:00-04:00,41.44109110950235,41.80493200032244,41.25917066409231,41.41835021972656,3414500,0.0,0.0
2016-04-15 00:00:00-04:00,41.474320459258884,41.8748950501064,41.37286727541644,41.719215393066406,2504500,0.0,0.0
2016-04-18 00:00:00-04:00,41.62124952778393,42.08479518766748,41.579267643763124,41.88188552856445,2903500,0.0,0.0
2016-04-19 00:00:00-04:00,41.773442722571374,42.369930603574005,41.69647536049438,42.34893798828125,3483500,0.0,0.0
2016-04-20 00:00:00-04:00,42.45389028474257,42.56933964848998,42.05506399674334,42.436397552490234,2617000,0.0,0.0
2016-04-21 00:00:00-04:00,42.26498190006738,42.40492044967527,41.94661944764068,42.00959396362305,2528500,0.0,0.0
2016-04-22 00:00:00-04:00,42.04107153605543,42.4276499123115,41.96410418070963,42.18275833129883,2898000,0.0,0.0
2016-04-25 00:00:00-04:00,42.095292279092114,42.24397547979547,41.916868434571555,42.05331039428711,2897000,0.0,0.0
2016-04-26 00:00:00-04:00,42.19850675090877,42.77050547531519,41.981600852289354,42.747764587402344,2367500,0.0,0.0
2016-04-27 00:00:00-04:00,42.64979835454678,42.791485131221656,42.20024553323314,42.59207534790039,2000000,0.0,0.0
2016-04-28 00:00:00-04:00,42.233476013320335,42.60431652407335,42.01132536493546,42.132022857666016,1738000,0.0,0.0
2016-04-29 00:00:00-04:00,41.89063475353308,42.11803359152995,41.65973603465738,41.98684310913086,3020500,0.0,0.0
2016-05-02 00:00:00-04:00,42.07430616817242,42.81248414226475,41.87839289974891,42.80023956298828,4452000,0.0,0.0
2016-05-03 00:00:00-04:00,42.37866951661913,42.644553698041896,41.64923962634034,42.153018951416016,3408000,0.0,0.0
2016-05-04 00:00:00-04:00,44.60720271839855,45.95236504742068,44.60720271839855,45.215938568115234,14339000,0.0,0.0
2016-05-05 00:00:00-04:00,45.30514157518334,45.495810032455566,44.40078761663993,44.434024810791016,7107000,0.0,0.0
2016-05-06 00:00:00-04:00,44.425280843923545,45.22992996648995,44.22411939738145,45.15821075439453,3986500,0.0,0.0
2016-05-09 00:00:00-04:00,45.256153747300814,45.899871516591745,45.203675558487944,45.5675163269043,5617000,0.0,0.0
2016-05-10 00:00:00-04:00,45.57276954878298,45.93486208543594,45.36111183434314,45.65848159790039,5001500,0.0,0.0
2016-05-11 00:00:00-04:00,45.62525532384775,45.76344559057517,45.056753131405856,45.2264289855957,2994000,0.0,0.0
2016-05-12 00:00:00-04:00,45.495807959858475,46.055562053723534,45.19493829938734,45.854400634765625,2766500,0.0,0.0
2016-05-13 00:00:00-04:00,45.67422287281412,46.05905293089428,45.46256517313103,45.478309631347656,3528000,0.0,0.0
2016-05-16 00:00:00-04:00,45.595516081404696,46.02232810762563,45.359369180822384,45.76169204711914,3592500,0.0,0.0
2016-05-17 00:00:00-04:00,45.65499846432824,45.91563456910985,44.83635640385704,45.056758880615234,3748500,0.0,0.0
2016-05-18 00:00:00-04:00,44.95530173722821,45.77044384433304,44.81361158339375,45.73545837402344,3054500,0.0,0.0
2016-05-19 00:00:00-04:00,45.74244646477448,46.00133422692892,45.399598260135136,45.59026336669922,4610500,0.0,0.0
2016-05-20 00:00:00-04:00,45.87187657559855,46.46311603694752,45.78616121688925,46.00306701660156,5796000,0.0,0.0
2016-05-23 00:00:00-04:00,45.88063279930465,46.29694844086485,45.7424425640283,46.17625427246094,3196000,0.0,0.0
2016-05-24 00:00:00-04:00,46.26896847151114,47.48643330307218,46.17800826361304,47.34999465942383,6396500,0.0,0.0
2016-05-25 00:00:00-04:00,47.369236164151516,47.53016730431409,47.12259296861885,47.22929763793945,3890500,0.0,0.0
2016-05-26 00:00:00-04:00,47.1383433739271,47.273033763638,46.72027601492974,46.87945556640625,3203500,0.0,0.0
2016-05-27 00:00:00-04:00,47.12783910996152,47.35348968190942,46.87595110809333,47.266029357910156,2842500,0.0,0.0
2016-05-31 00:00:00-04:00,47.43920141713715,47.570391893034206,47.124338936748615,47.42520523071289,3266500,0.0,0.0
2016-06-01 00:00:00-04:00,47.42521958697661,47.42521958697661,46.53660994971925,47.06837844848633,3996000,0.0,0.0
2016-06-02 00:00:00-04:00,46.851458786295176,47.047372034116705,46.4508842570045,46.74650573730469,3801500,0.0,0.0
2016-06-03 00:00:00-04:00,46.35993726434234,46.508620514733266,46.008340946850744,46.44390106201172,4872000,0.0,0.0
2016-06-06 00:00:00-04:00,46.410662263896484,46.49112617705809,45.78618529369412,46.26722717285156,4609500,0.0,0.0
2016-06-07 00:00:00-04:00,46.26897591569894,46.71502899243502,46.22874229051018,46.40541458129883,3855000,0.0,0.0
2016-06-08 00:00:00-04:00,46.28469962895733,46.38090796957121,46.0310634012625,46.323184967041016,2272500,0.0,0.0
2016-06-09 00:00:00-04:00,46.0747916272301,46.16924835552608,45.719695585081475,45.920860290527344,3510500,0.0,0.0
2016-06-10 00:00:00-04:00,45.67072971363342,45.92786921729901,45.50280548326152,45.70571517944336,2980500,0.0,0.0
2016-06-13 00:00:00-04:00,45.48005394687065,45.964592192042126,45.20192523068654,45.57801055908203,3665500,0.0,0.0
2016-06-14 00:00:00-04:00,45.441145095342236,45.78862683831125,45.10945934641103,45.28144454956055,3985500,0.17,0.0
2016-06-15 00:00:00-04:00,45.313017100693976,45.66927538517968,44.92166219856085,45.01993942260742,3974500,0.0,0.0
2016-06-16 00:00:00-04:00,44.68650298270988,45.14981187655497,44.474152515144645,45.025211334228516,2927000,0.0,0.0
2016-06-17 00:00:00-04:00,45.058555672008104,45.06733233852362,44.453096227820495,44.516273498535156,3280500,0.0,0.0
2016-06-20 00:00:00-04:00,44.86726467351398,45.3024929204359,44.22495128993108,44.260047912597656,4078500,0.0,0.0
2016-06-21 00:00:00-04:00,44.307435599945975,44.48293211467896,43.996807873483405,44.04243850708008,3463500,0.0,0.0
2016-06-22 00:00:00-04:00,44.13017202567555,44.28285317840764,43.80024041626175,44.22494125366211,3391500,0.0,0.0
2016-06-23 00:00:00-04:00,44.598748512625534,44.963780103461374,44.50222528560226,44.935699462890625,3844500,0.0,0.0
2016-06-24 00:00:00-04:00,43.49136132581898,44.26178966319499,43.128087141130706,43.242156982421875,12361500,0.0,0.0
2016-06-27 00:00:00-04:00,43.045625928755456,43.045625928755456,42.25063120652078,42.50685501098633,4475500,0.0,0.0
2016-06-28 00:00:00-04:00,42.84203885696269,43.580875396728516,42.503330546685994,43.580875396728516,5460500,0.0,0.0
2016-06-29 00:00:00-04:00,43.89853216858993,44.50223765648855,43.75638162685507,44.35832977294922,4377000,0.0,0.0
2016-06-30 00:00:00-04:00,44.4022051790978,45.05855726189163,44.15650871775669,44.919918060302734,4280000,0.0,0.0
2016-07-01 00:00:00-04:00,44.73740191737554,45.232299478277,44.30041629839562,44.354820251464844,2740500,0.0,0.0
2016-07-05 00:00:00-04:00,44.05997822926217,44.800568729612294,44.03014359439548,44.728614807128906,2731500,0.0,0.0
2016-07-06 00:00:00-04:00,44.43202279447909,44.78476633844582,44.26529966186605,44.73036575317383,3859000,0.0,0.0
2016-07-07 00:00:00-04:00,44.72335531202779,44.92342111747692,44.10736525283697,44.56892013549805,3344000,0.0,0.0
2016-07-08 00:00:00-04:00,44.619809594549196,45.37444213410791,44.619809594549196,45.0831184387207,2346500,0.0,0.0
2016-07-11 00:00:00-04:00,45.09365251613891,45.35514159469601,44.86024408223952,45.26739501953125,1897500,0.0,0.0
2016-07-12 00:00:00-04:00,45.54994579722629,45.83425021361747,45.3323299884499,45.713157653808594,3095500,0.0,0.0
2016-07-13 00:00:00-04:00,45.98867282672563,45.98867282672563,45.379702205424884,45.555198669433594,1821000,0.0,0.0
2016-07-14 00:00:00-04:00,45.979902995757,46.074668884277344,45.72192193559835,46.074668884277344,1978000,0.0,0.0
2016-07-15 00:00:00-04:00,46.241400022312476,46.241400022312476,46.064146173047845,46.164180755615234,2296500,0.0,0.0
2016-07-18 00:00:00-04:00,46.18699109682058,46.40986885918506,46.011494608129496,46.13960647583008,2020000,0.0,0.0
2016-07-19 00:00:00-04:00,45.88864705419321,46.53622570233461,45.85179309364263,46.3607292175293,1545000,0.0,0.0
2016-07-20 00:00:00-04:00,46.506403812199565,46.506403812199565,46.04484883443302,46.10276412963867,3432000,0.0,0.0
2016-07-21 00:00:00-04:00,45.9588516609627,46.079944223139584,45.75703183977377,46.05712890625,1464500,0.0,0.0
2016-07-22 00:00:00-04:00,46.26596084303586,46.27122282513193,46.08344504420008,46.18523025512695,1401000,0.0,0.0
2016-07-25 00:00:00-04:00,46.150128616130445,46.25367115713933,45.89916690955171,46.22734451293945,1518000,0.0,0.0
2016-07-26 00:00:00-04:00,46.108009363913325,46.26946382763816,45.81843970873423,45.99744415283203,1286000,0.0,0.0
2016-07-27 00:00:00-04:00,46.00095875442106,46.44847157010227,46.00095875442106,46.33790969848633,1866000,0.0,0.0
2016-07-28 00:00:00-04:00,46.25017379095349,46.6924247266019,46.17295452350567,46.552024841308594,2936000,0.0,0.0
2016-07-29 00:00:00-04:00,46.48007053848228,46.70645964499257,46.337916670174224,46.365997314453125,1873500,0.0,0.0
2016-08-01 00:00:00-04:00,46.4537481258296,46.53798671903309,46.220339673787954,46.441463470458984,2236000,0.0,0.0
2016-08-02 00:00:00-04:00,46.378272780823465,46.378272780823465,46.02377187203244,46.318603515625,3097000,0.0,0.0
2016-08-03 00:00:00-04:00,47.569901826602084,49.70919577878821,47.38562865894503,48.791351318359375,10269500,0.0,0.0
2016-08-04 00:00:00-04:00,48.879099926686635,49.14058902193298,48.56847221064104,48.847511291503906,3666500,0.0,0.0
2016-08-05 00:00:00-04:00,49.15109891799603,49.18093354620818,48.485970476517835,48.800106048583984,3286500,0.0,0.0
2016-08-08 00:00:00-04:00,48.67904766271449,48.67904766271449,48.17888133605304,48.5772590637207,2953000,0.0,0.0
2016-08-09 00:00:00-04:00,48.66323649209138,48.71237510787065,48.43509339701866,48.607078552246094,1960000,0.0,0.0
2016-08-10 00:00:00-04:00,48.57022724723867,48.661485159723064,48.373669426052594,48.58251190185547,1937000,0.0,0.0
2016-08-11 00:00:00-04:00,48.80189620466204,48.92298879256053,48.459679767897605,48.89315414428711,1798000,0.0,0.0
2016-08-12 00:00:00-04:00,48.57723042111667,48.956300593923956,48.48597253897297,48.900142669677734,1714000,0.0,0.0
2016-08-15 00:00:00-04:00,49.08091499639016,49.194988218213034,48.90366451030822,49.14234161376953,2393000,0.0,0.0
2016-08-16 00:00:00-04:00,48.96334863765398,49.240633781455145,48.807159423828125,48.807159423828125,1932500,0.0,0.0
2016-08-17 00:00:00-04:00,48.89489274056961,49.45647885453425,48.85101945303811,49.40558624267578,2056500,0.0,0.0
2016-08-18 00:00:00-04:00,49.38100614706682,49.47577202575609,49.270444281604405,49.37749481201172,1989000,0.0,0.0
2016-08-19 00:00:00-04:00,49.324854874870965,49.4705133739615,48.993165886398465,49.19674301147461,1828500,0.0,0.0
2016-08-22 00:00:00-04:00,49.196743224112254,49.27571312702842,48.97912745061338,49.04932403564453,1676000,0.0,0.0
2016-08-23 00:00:00-04:00,49.36698125872664,49.36698125872664,48.89841033722217,48.942283630371094,1542000,0.0,0.0
2016-08-24 00:00:00-04:00,48.835225587562505,48.92297551376065,48.5333745444662,48.63691711425781,2212000,0.0,0.0
2016-08-25 00:00:00-04:00,48.54916309967942,48.70184427635756,48.445620538607244,48.6439323425293,1888000,0.0,0.0
2016-08-26 00:00:00-04:00,48.75274696077488,49.0230093839008,48.44562722354146,48.731685638427734,1674000,0.0,0.0
2016-08-29 00:00:00-04:00,48.73519265259071,49.20903219556852,48.6649927140826,48.8861198425293,2274500,0.0,0.0
2016-08-30 00:00:00-04:00,48.94051675970487,49.165151859778746,48.57373114636396,49.13180923461914,2975000,0.0,0.0
2016-08-31 00:00:00-04:00,49.01071528305819,49.51614340685571,48.91770338679698,49.49332809448242,3154500,0.0,0.0
2016-09-01 00:00:00-04:00,49.58985146261911,50.274284057164365,49.430150970200806,49.9022331237793,3703500,0.0,0.0
2016-09-02 00:00:00-04:00,50.05491877207452,50.11634204388619,49.75657573156759,50.08124542236328,1921000,0.0,0.0
2016-09-06 00:00:00-04:00,50.140907199963316,50.370807625313745,49.805710224130245,49.991737365722656,3946000,0.0,0.0
2016-09-07 00:00:00-04:00,49.68639175806401,49.83380764784532,49.42841395094673,49.77940368652344,2363000,0.0,0.0
2016-09-08 00:00:00-04:00,49.67409788265296,49.75307114428347,49.419628112141595,49.58283996582031,2683000,0.0,0.0
2016-09-09 00:00:00-04:00,49.43894120937591,49.72499966782925,49.20202138079298,49.53371047973633,4113500,0.0,0.0
2016-09-12 00:00:00-04:00,48.92823527479199,50.14442275286043,48.92823527479199,50.014556884765625,4145500,0.0,0.0
2016-09-13 00:00:00-04:00,49.68287218997384,49.86889936339009,49.25115190762817,49.42840576171875,4095000,0.0,0.0
2016-09-14 00:00:00-04:00,49.42662203620198,49.68538059743729,49.218910123014176,49.25235366821289,4206000,0.17,0.0
2016-09-15 00:00:00-04:00,49.26469858563388,49.745253781951725,49.25413940493634,49.59035110473633,2561000,0.0,0.0
2016-09-16 00:00:00-04:00,49.41079515514071,49.65019139244852,49.14675523689607,49.55161666870117,3187000,0.0,0.0
2016-09-19 00:00:00-04:00,49.68011374709872,49.893106988692765,49.48472361346158,49.68363571166992,1803000,0.0,0.0
2016-09-20 00:00:00-04:00,49.76989192380079,49.96176010571718,49.32454299926758,49.32454299926758,1459000,0.0,0.0
2016-09-21 00:00:00-04:00,49.43719862888006,49.73116685682775,49.28757723812592,49.68539810180664,1703000,0.0,0.0
2016-09-22 00:00:00-04:00,49.859663162300386,49.92127236108929,49.21012090479101,49.41431427001953,1952000,0.0,0.0
2016-09-23 00:00:00-04:00,49.345672435825115,49.350950347327704,48.60283660888672,48.60283660888672,2997500,0.0,0.0
2016-09-26 00:00:00-04:00,48.53947705386508,48.657414224071616,48.1082091559461,48.238468170166016,2608000,0.0,0.0
2016-09-27 00:00:00-04:00,48.12403414753752,48.38631473502597,47.946247130943924,48.148677825927734,2403000,0.0,0.0
2016-09-28 00:00:00-04:00,48.20148833180256,48.30006305465237,47.42697169299697,47.696292877197266,3871000,0.0,0.0
2016-09-29 00:00:00-04:00,47.53259081995458,47.96737723219837,47.01331082204196,47.24566650390625,2953500,0.0,0.0
2016-09-30 00:00:00-04:00,47.500891381163974,47.71388458103189,47.35126667156714,47.41463851928711,3410500,0.0,0.0
2016-10-03 00:00:00-04:00,47.235094102504426,47.45864986134226,47.03090411098621,47.117156982421875,4497000,0.0,0.0
2016-10-04 00:00:00-04:00,47.173490720452506,47.57131157458483,47.066116122506656,47.13300323486328,2449000,0.0,0.0
2016-10-05 00:00:00-04:00,47.16821866734987,47.287918486425674,46.93410365601373,47.229827880859375,3207500,0.0,0.0
2016-10-06 00:00:00-04:00,47.09428086420687,47.242142955446326,46.95874061390404,47.1259651184082,1792500,0.0,0.0
2016-10-07 00:00:00-04:00,47.19285371304615,47.222778662336665,46.78447031722517,47.053794860839844,1692500,0.0,0.0
2016-10-10 00:00:00-04:00,47.32663812456806,47.49210333089869,46.98866713934271,47.24566650390625,2680000,0.0,0.0
2016-10-11 00:00:00-04:00,47.263260680020636,47.3759165346508,46.633084229081625,46.70877456665039,3266500,0.0,0.0
2016-10-12 00:00:00-04:00,46.78798704102449,47.13299853486925,46.567953241291036,47.057308197021484,2350500,0.0,0.0
2016-10-13 00:00:00-04:00,46.80030529587489,46.99217343842805,46.58907138703048,46.9217643737793,3073000,0.0,0.0
2016-10-14 00:00:00-04:00,47.25975055621457,47.969139486795086,47.152375942469845,47.75438690185547,3297000,0.0,0.0
2016-10-17 00:00:00-04:00,47.7403078506224,47.867048242483214,46.77743810519352,46.8038444519043,2349500,0.0,0.0
2016-10-18 00:00:00-04:00,47.23685058254886,47.483290700798776,46.840792461961506,47.11363220214844,1899000,0.0,0.0
2016-10-19 00:00:00-04:00,47.29319038190715,47.38120256734736,46.82847905928755,47.00978469848633,1899000,0.0,0.0
2016-10-20 00:00:00-04:00,46.983388622966004,47.17173821925136,46.648936225704624,46.65245819091797,2023000,0.0,0.0
2016-10-21 00:00:00-04:00,46.41481597899564,46.997464455697596,46.31271928875293,46.88128662109375,2494500,0.0,0.0
2016-10-24 00:00:00-04:00,47.02210702907591,47.02210702907591,46.7739109176726,46.918251037597656,1549000,0.0,0.0
2016-10-25 00:00:00-04:00,46.82320133022334,47.32311890778647,46.82320133022334,46.98866653442383,1972000,0.0,0.0
2016-10-26 00:00:00-04:00,46.810882078126156,47.152375042850096,46.8056008091165,46.87953186035156,2019500,0.0,0.0
2016-10-27 00:00:00-04:00,46.958733819985554,47.071389675835825,46.663009680291566,46.84255599975586,2778000,0.0,0.0
2016-10-28 00:00:00-04:00,46.842568005073545,47.28791698966775,46.71054634747459,47.14533615112305,2674500,0.0,0.0
2016-10-31 00:00:00-04:00,47.22278907866431,47.88817196697324,46.90418046043672,47.59596633911133,4055000,0.0,0.0
2016-11-01 00:00:00-04:00,47.175252851736815,47.462177160415905,46.001152631220805,46.30392074584961,6879500,0.0,0.0
2016-11-02 00:00:00-04:00,46.226467743913965,46.911212930706505,46.226467743913965,46.68589782714844,3937000,0.0,0.0
2016-11-03 00:00:00-04:00,46.895367214409056,47.45161265971114,46.856639034469055,47.43400955200195,3704000,0.0,0.0
2016-11-04 00:00:00-04:00,47.448090299117254,47.54490571198484,46.88480428692342,46.972816467285156,2230400,0.0,5.0
2016-11-07 00:00:00-05:00,47.659324924200476,47.96737091738738,47.553706277293955,47.90576171875,3395800,0.0,0.0
2016-11-08 00:00:00-05:00,47.949783424172054,48.266632753172956,47.69454331387126,48.073001861572266,2192300,0.0,0.0
2016-11-09 00:00:00-05:00,48.57466122553814,50.669383973803775,47.96736913689048,50.46695327758789,4937000,0.0,0.0
2016-11-10 00:00:00-05:00,51.03903516584816,51.66393027175012,50.27331522289335,50.431739807128906,3780300,0.0,0.0
2016-11-11 00:00:00-05:00,50.34374340152471,50.43175559478605,49.208367978223706,49.50761413574219,3415700,0.0,0.0
2016-11-14 00:00:00-05:00,49.63962270048072,49.71883499651938,48.46024149137688,48.92671203613281,3968800,0.0,0.0
2016-11-15 00:00:00-05:00,48.7859020863989,49.04114214037671,48.328231307440376,48.847511291503906,2855700,0.0,0.0
2016-11-16 00:00:00-05:00,48.495456322953586,48.7242933935637,47.70333652436835,47.923370361328125,4521800,0.0,0.0
2016-11-17 00:00:00-05:00,47.976160553130875,48.54824968403491,47.82653920478758,48.31941604614258,3179500,0.0,0.0
2016-11-18 00:00:00-05:00,48.15220419710192,48.433847240531605,48.14340432087908,48.249019622802734,3369300,0.0,0.0
2016-11-21 00:00:00-05:00,48.35463441859931,48.56586837768555,47.984979187010744,48.56586837768555,3315700,0.0,0.0
2016-11-22 00:00:00-05:00,48.689075923339225,48.69787915495541,47.72972848157182,47.888153076171875,3086700,0.0,0.0
2016-11-23 00:00:00-05:00,47.826548898527086,48.08178892296837,47.44809047813469,47.8177490234375,2557400,0.0,0.0
2016-11-25 00:00:00-05:00,47.94977397334649,48.13460159301758,47.70333714711837,48.13460159301758,735500,0.0,0.0
2016-11-28 00:00:00-05:00,48.10819399879939,48.22261252463909,47.55370783544509,47.59771728515625,2151300,0.0,0.0
2016-11-29 00:00:00-05:00,47.83534151406588,48.354621359231494,47.48328948726906,48.26660919189453,3023200,0.0,0.0
2016-11-30 00:00:00-05:00,48.689086158257055,49.16436004196441,48.63627682980629,48.759498596191406,5473600,0.0,0.0
2016-12-01 00:00:00-05:00,48.847509351255034,49.63963246749852,48.74189405490581,49.59562301635742,4135200,0.0,0.0
2016-12-02 00:00:00-05:00,49.63084305295171,49.9388925094606,49.28759072615807,49.85968017578125,3148200,0.0,0.0
2016-12-05 00:00:00-05:00,50.07970193908661,50.92463105548252,50.03569248634631,50.86302185058594,4219600,0.0,0.0
2016-12-06 00:00:00-05:00,50.871820982557786,51.593531678604,50.730999465218275,51.54072570800781,3809100,0.0,0.0
2016-12-07 00:00:00-05:00,51.76954936340331,52.2976291115355,51.61112476747381,51.99838638305664,4086600,0.0,0.0
2016-12-08 00:00:00-05:00,52.297637562966244,52.4296592000589,51.80476394704635,52.33284378051758,3234300,0.0,0.0
2016-12-09 00:00:00-05:00,52.28003168408182,52.6848930661207,51.971982352787556,52.50886535644531,2170500,0.0,0.0
2016-12-12 00:00:00-05:00,52.464857286955855,52.658488096030894,51.93677417787373,52.4472541809082,3461200,0.0,0.0
2016-12-13 00:00:00-05:00,52.62378333708899,52.80031465216336,52.261895656361176,52.43842697143555,1971000,0.17,0.0
2016-12-14 00:00:00-05:00,52.358994809826335,52.51787267720582,51.458688017027605,51.52047348022461,4929300,0.0,0.0
2016-12-15 00:00:00-05:00,51.75879265929924,52.49139656665845,51.41455838651325,51.485172271728516,3688600,0.0,0.0
2016-12-16 00:00:00-05:00,51.75878718837807,52.429605558795885,51.0526652461396,51.12327575683594,4929100,0.0,0.0
2016-12-19 00:00:00-05:00,51.008548545033875,51.185079925269584,50.62900725599671,50.893802642822266,2667400,0.0,0.0
2016-12-20 00:00:00-05:00,51.202708238491816,51.25566864013672,50.681942740341306,51.25566864013672,2291400,0.0,0.0
2016-12-21 00:00:00-05:00,51.255677741983995,51.255677741983995,50.56720923361676,50.602516174316406,1760000,0.0,0.0
2016-12-22 00:00:00-05:00,50.558387756347656,50.558387756347656,50.161196403637206,50.558387756347656,1682100,0.0,0.0
2016-12-23 00:00:00-05:00,50.49658940775211,50.7084276599572,49.984652296093245,50.1523551940918,1830100,0.0,0.0
2016-12-27 00:00:00-05:00,50.41716334121478,50.681958698706964,50.21415345490225,50.558387756347656,1093000,0.0,0.0
2016-12-28 00:00:00-05:00,50.58487433793869,50.72609876616219,49.975841255491886,50.002323150634766,1375500,0.0,0.0
2016-12-29 00:00:00-05:00,50.152361645385305,50.17884016767143,49.74634192407369,49.861087799072266,1156600,0.0,0.0
2016-12-30 00:00:00-05:00,50.04644637881366,50.22297772490693,49.6404266397379,49.79930114746094,1844400,0.0,0.0
2017-01-03 00:00:00-05:00,50.22297290093318,50.27592994273582,49.252052274205916,49.62276840209961,2595000,0.0,0.0
2017-01-04 00:00:00-05:00,49.83462233701741,50.717275952765036,49.71105136954176,50.496612548828125,3074900,0.0,0.0
2017-01-05 00:00:00-05:00,50.32889533106855,50.946753360651414,50.046446523325876,50.28476333618164,1636800,0.0,0.0
2017-01-06 00:00:00-05:00,50.34654046188444,50.78786707175287,50.22296954985004,50.61133575439453,1490100,0.0,0.0
2017-01-09 00:00:00-05:00,50.558380131485606,50.92026785112719,50.21414588195521,50.32889175415039,1472100,0.0,0.0
2017-01-10 00:00:00-05:00,50.40832902400775,50.45246101430299,50.028787846769596,50.10822677612305,1646400,0.0,0.0
2017-01-11 00:00:00-05:00,50.231798889026436,50.27593088037003,49.46389146507148,50.170013427734375,3852100,0.0,0.0
2017-01-12 00:00:00-05:00,49.896403474944655,50.29359824084801,49.25206679561523,50.064109802246094,4289600,0.0,0.0
2017-01-13 00:00:00-05:00,50.36419989348842,50.69960573242128,50.01996226870697,50.161190032958984,1963300,0.0,0.0
2017-01-17 00:00:00-05:00,50.07291914070312,50.117051130384624,49.57863210192733,49.83460235595703,1998500,0.0,0.0
2017-01-18 00:00:00-05:00,50.09057847343287,50.68195461191061,49.61394484814745,50.58486557006836,2072900,0.0,0.0
2017-01-19 00:00:00-05:00,50.628994986924425,50.699605501673844,50.26710726031374,50.27593231201172,1887400,0.0,0.0
2017-01-20 00:00:00-05:00,50.41715760228574,50.75256681269292,50.24945468060978,50.664302825927734,2001800,0.0,0.0
2017-01-23 00:00:00-05:00,50.47894073419467,50.699604057967775,50.037614086648475,50.170013427734375,1545800,0.0,0.0
2017-01-24 00:00:00-05:00,50.3024288206823,50.911458576501936,50.24063997261787,50.7172737121582,1701600,0.0,0.0
2017-01-25 00:00:00-05:00,51.052663334423464,51.36159062038003,50.973224408455366,51.1585807800293,2531900,0.0,0.0
2017-01-26 00:00:00-05:00,51.32630207206734,51.961810298757854,50.302424152729216,51.34395217895508,1927500,0.0,0.0
2017-01-27 00:00:00-05:00,51.33512023094346,51.36159875477473,50.858486599647996,51.08797836303711,1309200,0.0,0.0
2017-01-30 00:00:00-05:00,51.08797694428662,51.16741588062979,50.53190438988446,51.140933990478516,1309500,0.0,0.0
2017-01-31 00:00:00-05:00,51.185080660003486,51.53814005848685,51.0350278061796,51.511661529541016,2458400,0.0,0.0
2017-02-01 00:00:00-05:00,51.56460452333848,52.041238116699496,51.31746267510173,51.5028190612793,2952100,0.0,0.0
2017-02-02 00:00:00-05:00,51.211558478256336,51.90002715774228,51.043855518833254,51.53813934326172,3733200,0.0,0.0
2017-02-03 00:00:00-05:00,51.970615341009015,52.076532769969326,51.591074239592345,51.67051315307617,3092500,0.0,0.0
2017-02-06 00:00:00-05:00,51.41456218833626,51.697011015972116,51.299816299904315,51.64405059814453,2879800,0.0,0.0
2017-02-07 00:00:00-05:00,52.32368914086418,53.435834239557614,52.32368914086418,52.89741516113281,7162800,0.0,0.0
2017-02-08 00:00:00-05:00,52.517876511082214,52.517876511082214,50.30241799186702,50.34654998779297,5603300,0.0,0.0
2017-02-09 00:00:00-05:00,50.34655131751904,50.89379548897637,50.13471301760186,50.823184967041016,3657200,0.0,0.0
2017-02-10 00:00:00-05:00,50.86731051924678,51.079145425268926,50.43480892161428,50.88496398925781,2975200,0.0,0.0
2017-02-13 00:00:00-05:00,51.29982042366535,52.17364886925763,51.03502504735299,52.10303497314453,2558600,0.0,0.0
2017-02-14 00:00:00-05:00,52.1030144156115,52.20010680093073,51.59107733900265,51.767608642578125,2914900,0.0,0.0
2017-02-15 00:00:00-05:00,51.8382386563987,52.18247297606537,51.48517928340594,52.08538055419922,3396800,0.0,0.0
2017-02-16 00:00:00-05:00,52.02357549735526,52.02357549735526,51.414546035427186,51.767608642578125,1809400,0.0,0.0
2017-02-17 00:00:00-05:00,51.661693792493246,51.900010574720035,51.45868394846042,51.54695129394531,2962900,0.0,0.0
2017-02-21 00:00:00-05:00,51.56460046073075,51.696999793029214,51.02618481478572,51.1585807800293,3150500,0.0,0.0
2017-02-22 00:00:00-05:00,50.83201072464667,51.18507344038688,50.71726483697276,50.95558166503906,2784500,0.0,0.0
2017-02-23 00:00:00-05:00,51.070329373376005,51.46752410097987,51.017368954010244,51.290992736816406,2973700,0.0,0.0
2017-02-24 00:00:00-05:00,50.99088921608908,51.74114328713486,50.90262185257711,51.45869445800781,2026300,0.0,0.0
2017-02-27 00:00:00-05:00,51.41456256695141,51.546961928967534,50.443645135685315,50.92910385131836,3092100,0.0,0.0
2017-02-28 00:00:00-05:00,50.73491457187496,50.87613897435606,50.284762841171236,50.425987243652344,3392400,0.0,0.0
2017-03-01 00:00:00-05:00,51.04384927078551,52.16481615943385,50.84966443949732,52.014766693115234,3869200,0.0,0.0
2017-03-02 00:00:00-05:00,51.979462464411675,52.05890141163055,51.52048225459774,51.65288162231445,2981500,0.0,0.0
2017-03-03 00:00:00-05:00,51.65287633566499,51.9441502009519,51.255681640223344,51.84706115722656,2992000,0.0,0.0
2017-03-06 00:00:00-05:00,51.56460988999246,52.27073530196866,51.28216107202418,52.09420394897461,3646300,0.0,0.0
2017-03-07 00:00:00-05:00,52.0324221349249,52.1206861340933,51.67935940413983,51.74997329711914,2656100,0.0,0.0
2017-03-08 00:00:00-05:00,51.95297877998834,52.50022293591449,51.767622377231085,52.42078399658203,3465900,0.0,0.0
2017-03-09 00:00:00-05:00,52.54434891014747,53.35639168215833,52.482563449642356,53.01215744018555,5102400,0.0,0.0
2017-03-10 00:00:00-05:00,53.25047901866254,53.71828422370626,52.756191923124845,53.188690185546875,3584400,0.0,0.0
2017-03-13 00:00:00-04:00,53.39171388580091,53.57707032030793,53.13574355221158,53.31227493286133,4264000,0.0,0.0
2017-03-14 00:00:00-04:00,53.31226303001538,53.7373437862559,53.15285732414499,53.32111740112305,3413800,0.2,0.0
2017-03-15 00:00:00-04:00,53.560224985109066,53.61336134551261,53.34768629997788,53.4893798828125,2791400,0.0,0.0
2017-03-16 00:00:00-04:00,53.639934953019434,54.53437855815029,53.57794421344505,54.507808685302734,3933200,0.0,0.0
2017-03-17 00:00:00-04:00,54.43695639912897,54.888603639109526,54.277550696020185,54.37496566772461,4871200,0.0,0.0
2017-03-20 00:00:00-04:00,54.25098752824601,54.43696312367397,53.9941701999499,54.02073669433594,2321100,0.0,0.0
2017-03-21 00:00:00-04:00,54.25984048676921,54.339543341130536,53.082009792123046,53.161712646484375,3332400,0.0,0.0
2017-03-22 00:00:00-04:00,53.161715031357396,53.32112074723111,52.71892212687301,52.958030700683594,2120700,0.0,0.0
2017-03-23 00:00:00-04:00,53.01116134584475,53.49823281257751,52.87832213753518,53.020015716552734,2433500,0.0,0.0
2017-03-24 00:00:00-04:00,53.12628891587345,53.374251836840614,52.86946824587665,53.00230407714844,2536100,0.0,0.0
2017-03-27 00:00:00-04:00,52.42668007681025,52.74549150557924,52.11672301962186,52.603797912597656,1922600,0.0,0.0
2017-03-28 00:00:00-04:00,52.42668006689843,53.17057227447151,52.40896794549886,52.98460006713867,2076500,0.0,0.0
2017-03-29 00:00:00-04:00,52.851767120333854,52.860621492963965,52.276134930354885,52.51524353027344,1890700,0.0,0.0
2017-03-30 00:00:00-04:00,52.55951405314134,53.250273250353416,52.44439033547401,53.161712646484375,2029900,0.0,0.0
2017-03-31 00:00:00-04:00,52.904892006141935,53.40967559253207,52.780907168540345,53.020015716552734,2099500,0.0,0.0
2017-04-03 00:00:00-04:00,53.17942860782518,53.2945557120485,52.072446316329064,52.53295135498047,2561200,0.0,0.0
2017-04-04 00:00:00-04:00,52.603801267503144,52.78977348673187,52.346980558144274,52.61265563964844,2445500,0.0,0.0
2017-04-05 00:00:00-04:00,52.94917202535413,53.71077629968337,52.7366299620505,53.108577728271484,3067300,0.0,0.0
2017-04-06 00:00:00-04:00,53.09972425872906,53.53366279125381,52.86061568508176,53.34769058227539,3361000,0.0,0.0
2017-04-07 00:00:00-04:00,53.135148990354175,54.06501342203702,53.01116751656204,53.825904846191406,3876500,0.0,0.0
2017-04-10 00:00:00-04:00,53.914460631316366,54.11814494550104,53.462810013489985,53.4893798828125,2667200,0.0,0.0
2017-04-11 00:00:00-04:00,53.321111669830685,53.542508084382284,53.046582277861056,53.39196014404297,3242000,0.0,0.0
2017-04-12 00:00:00-04:00,53.14400240325129,53.427392967402604,52.94031807451889,52.98460006713867,2386500,0.0,0.0
2017-04-13 00:00:00-04:00,52.869472054375755,53.15285923539268,52.62150573730469,52.62150573730469,1644600,0.0,0.0
2017-04-17 00:00:00-04:00,52.71893299096333,53.27685311149512,52.311564245666936,53.223716735839844,1217000,0.0,0.0
2017-04-18 00:00:00-04:00,53.073153036193304,53.47166729009407,52.95802594545721,53.37425231933594,1673500,0.0,0.0
2017-04-19 00:00:00-04:00,53.56908705100761,53.69306852369841,53.02887916721905,53.09086990356445,1993300,0.0,0.0
2017-04-20 00:00:00-04:00,53.32996803857422,53.75504873812746,53.0554352754656,53.693058013916016,3083900,0.0,0.0
2017-04-21 00:00:00-04:00,53.639923551985284,53.90559857629862,53.26797919359485,53.49822998046875,1856900,0.0,0.0
2017-04-24 00:00:00-04:00,54.35725253910094,54.50780049022089,53.586790528955476,53.64878463745117,2996100,0.0,0.0
2017-04-25 00:00:00-04:00,54.11814115249688,54.374961809085185,53.98530194991914,53.99415969848633,1854500,0.0,0.0
2017-04-26 00:00:00-04:00,54.08273220932263,54.43696793088041,54.00302934088424,54.10929870605469,1719200,0.0,0.0
2017-04-27 00:00:00-04:00,54.18899103406097,54.18899103406097,53.25912666864473,53.32111740112305,2651500,0.0,0.0
2017-04-28 00:00:00-04:00,53.32112930594588,53.71964365959676,53.16172356448553,53.31227493286133,2961100,0.0,0.0
2017-05-01 00:00:00-04:00,53.57793710524358,53.781621419428255,53.32997417984337,53.4893798828125,3246600,0.0,0.0
2017-05-02 00:00:00-04:00,53.684200286865234,53.808181735336895,53.31225594145025,53.684200286865234,3602500,0.0,0.0
2017-05-03 00:00:00-04:00,53.10858721883397,54.03845173319199,52.92261161336869,53.427398681640625,3891400,0.0,0.0
2017-05-04 00:00:00-04:00,53.63993405452763,54.02073623595849,53.36540122798109,53.905609130859375,3288400,0.0,0.0
2017-05-05 00:00:00-04:00,54.00301980644974,54.02073192722471,53.38310909229229,53.54251480102539,2152800,0.0,0.0
2017-05-08 00:00:00-04:00,53.48937642202722,53.70191509340707,52.160997902058746,52.32925796508789,2502400,0.0,0.0
2017-05-09 00:00:00-04:00,52.45324803371598,52.45324803371598,52.072445858529825,52.16986083984375,3735500,0.0,0.0
2017-05-10 00:00:00-04:00,52.16101169908347,52.28499318655606,51.7359274874029,52.249568939208984,2443300,0.0,0.0
2017-05-11 00:00:00-04:00,52.16100598770059,52.40896893549502,51.53223748998476,52.311553955078125,2929100,0.0,0.0
2017-05-12 00:00:00-04:00,52.08131075714086,52.417830984652866,52.01932001111274,52.0635986328125,1665500,0.0,0.0
2017-05-15 00:00:00-04:00,52.037019225404265,52.63921782929268,52.037019225404265,52.50638198852539,2145000,0.0,0.0
2017-05-16 00:00:00-04:00,52.59494690523755,52.59494690523755,52.21414469186191,52.249568939208984,1875000,0.0,0.0
2017-05-17 00:00:00-04:00,52.249574878362594,52.249574878362594,51.38170098916195,51.42597961425781,2593400,0.0,0.0
2017-05-18 00:00:00-04:00,51.51452301175876,52.09015511794032,51.28427219623113,51.886470794677734,2259000,0.0,0.0
2017-05-19 00:00:00-04:00,52.01931332841203,52.807484179438575,51.771346997912445,52.53295135498047,3018800,0.0,0.0
2017-05-22 00:00:00-04:00,52.780906659580666,52.87832162763614,52.444386524059865,52.656925201416016,1880800,0.0,0.0
2017-05-23 00:00:00-04:00,52.58608060879208,53.19713353488503,52.46209914943189,53.020015716552734,1635800,0.0,0.0
2017-05-24 00:00:00-04:00,53.170572784360765,53.241417892396676,52.807482737792085,53.08201217651367,1451200,0.0,0.0
2017-05-25 00:00:00-04:00,53.32111883823955,53.75505735552484,53.09972239392375,53.524803161621094,1518500,0.0,0.0
2017-05-26 00:00:00-04:00,53.46279954952915,53.79932300973617,53.383096713644356,53.44508743286133,1346200,0.0,0.0
2017-05-30 00:00:00-04:00,53.24141596810243,53.5248031464872,53.18828298355631,53.27684020996094,1981300,0.0,0.0
2017-05-31 00:00:00-04:00,53.896746121373305,53.896746121373305,53.05543903261607,53.303401947021484,2710500,0.0,0.0
2017-06-01 00:00:00-04:00,53.71077393243614,53.72848267354291,53.232556844761014,53.436241149902344,2777900,0.0,0.0
2017-06-02 00:00:00-04:00,53.400817390990795,53.657638056483904,53.329972291203156,53.41852951049805,2609700,0.0,0.0
2017-06-05 00:00:00-04:00,53.471671097633084,54.8797526428529,53.37425611993836,54.64064407348633,3963900,0.0,0.0
2017-06-06 00:00:00-04:00,54.348402961185194,54.72035077687343,54.250987976642044,54.507808685302734,3409300,0.0,0.0
2017-06-07 00:00:00-04:00,54.50779932208522,56.43837642410828,54.49894495148497,56.34096145629883,4773900,0.0,0.0
2017-06-08 00:00:00-04:00,56.34096477826948,56.82803626779403,56.16384695164922,56.49151611328125,3746100,0.0,0.0
2017-06-09 00:00:00-04:00,56.52693559849183,57.182267110137985,56.287827059407554,56.650917053222656,4046800,0.0,0.0
2017-06-12 00:00:00-04:00,56.58893300397651,57.10257438075245,56.376390929183295,57.058292388916016,3243200,0.0,0.0
2017-06-13 00:00:00-04:00,57.075996377050494,57.37709903219158,56.96087266694281,57.08485412597656,2326900,0.0,0.0
2017-06-14 00:00:00-04:00,56.85387874559396,57.52013513714389,56.80057701431808,57.449066162109375,2054900,0.2,0.0
2017-06-15 00:00:00-04:00,57.289171365715106,57.51125685673471,56.996023668477825,57.395774841308594,1680500,0.0,0.0
2017-06-16 00:00:00-04:00,57.41353928586566,57.511257445114914,57.20033911000882,57.3602409362793,2301400,0.0,0.0
2017-06-19 00:00:00-04:00,57.51126509778383,57.742235939244246,57.360248568853365,57.53791427612305,2575100,0.0,0.0
2017-06-20 00:00:00-04:00,57.298066370532936,57.63563393405175,57.26253187266057,57.31583023071289,1751100,0.0,0.0
2017-06-21 00:00:00-04:00,57.23587475231292,57.29805842058363,56.791703756804516,57.111507415771484,2323900,0.0,0.0
2017-06-22 00:00:00-04:00,56.96937002011108,57.29805900001534,56.76505515551752,56.98714065551758,2360700,0.0,0.0
2017-06-23 00:00:00-04:00,57.27141778750651,57.289181647871324,56.942728761900916,57.102630615234375,2372700,0.0,0.0
2017-06-26 00:00:00-04:00,57.14705013508894,57.32471584786285,57.0404466409171,57.16481399536133,1602700,0.0,0.0
2017-06-27 00:00:00-04:00,57.57343740173321,58.37294648156009,57.18257156743748,58.07979202270508,3946200,0.0,0.0
2017-06-28 00:00:00-04:00,58.47067465693705,58.87042587661614,58.097572614901615,58.75494384765625,3729500,0.0,0.0
2017-06-29 00:00:00-04:00,59.19910242450281,59.27905671812115,58.310760543249756,58.488426208496094,2860400,0.0,0.0
2017-06-30 00:00:00-04:00,58.55063836444018,58.85267146289246,58.37296585578013,58.55951690673828,2373400,0.0,0.0
2017-07-03 00:00:00-04:00,58.692760451843,59.430085998531325,58.586156963251575,59.234649658203125,1906800,0.0,0.0
2017-07-05 00:00:00-04:00,59.21688876559915,59.42120365707861,58.60393053613582,58.79048156738281,2689100,0.0,0.0
2017-07-06 00:00:00-04:00,58.78160096833929,59.24354270162433,58.48844641962144,58.60393524169922,2717500,0.0,0.0
2017-07-07 00:00:00-04:00,58.74606795769643,59.03922251385061,58.33743135404812,58.55951690673828,2591900,0.0,0.0
2017-07-10 00:00:00-04:00,58.55062484269151,58.65722154575678,58.1864013671875,58.1864013671875,3111500,0.0,0.0
2017-07-11 00:00:00-04:00,58.248597686502805,58.71941796732154,57.95544313438481,58.1153450012207,3013800,0.0,0.0
2017-07-12 00:00:00-04:00,58.133107394794145,58.51509475708008,57.91102187666307,58.51509475708008,2661900,0.0,0.0
2017-07-13 00:00:00-04:00,59.18134750974433,59.8120695274184,58.73717650201511,59.41231155395508,3162800,0.0,0.0
2017-07-14 00:00:00-04:00,58.9503706778074,58.9503706778074,58.159746906857436,58.23081588745117,2851600,0.0,0.0
2017-07-17 00:00:00-04:00,58.284113987890244,59.00366877520634,58.106448314667574,58.470664978027344,2122100,0.0,0.0
2017-07-18 00:00:00-04:00,58.27522865239652,58.48842881569795,58.03537931587129,58.381832122802734,2012800,0.0,0.0
2017-07-19 00:00:00-04:00,58.58614696919256,58.639452093151164,58.1330974693659,58.381832122802734,2031600,0.0,0.0
2017-07-20 00:00:00-04:00,58.328531176280805,58.61280030718135,58.239691566146945,58.488426208496094,1975800,0.0,0.0
2017-07-21 00:00:00-04:00,58.470671159143976,59.30571482208977,58.470671159143976,59.14581298828125,2283600,0.0,0.0
2017-07-24 00:00:00-04:00,59.05698366207812,59.77653856834611,58.90596035961062,59.29683303833008,3596400,0.0,0.0
2017-07-25 00:00:00-04:00,59.749892678284375,59.94532902839746,58.95926873647233,58.96814727783203,1757000,0.0,0.0
2017-07-26 00:00:00-04:00,58.92372720310859,59.465616371898825,58.82600903971942,58.9326057434082,1639100,0.0,0.0
2017-07-27 00:00:00-04:00,58.88819740398991,59.10139760587565,58.33742287348019,58.74605941772461,1658700,0.0,0.0
2017-07-28 00:00:00-04:00,58.80823955220673,59.119164684066995,58.46178670343105,58.95926284790039,1177500,0.0,0.0
2017-07-31 00:00:00-04:00,58.879315559263624,59.438975441312095,58.737184342125005,59.26130294799805,2077300,0.0,0.0
2017-08-01 00:00:00-04:00,59.33238005556485,59.77655118329552,59.11917981195791,59.76766586303711,2238700,0.0,0.0
2017-08-02 00:00:00-04:00,59.76764147468994,59.79429064707735,59.28793603918428,59.53667068481445,1784000,0.0,0.0
2017-08-03 00:00:00-04:00,56.85388603172071,58.586150160745156,56.160980380110935,57.87548065185547,4085100,0.0,0.0
2017-08-04 00:00:00-04:00,58.23083687619226,58.31078442504326,57.25365498459025,57.58234405517578,2764000,0.0,0.0
2017-08-07 00:00:00-04:00,57.82217961046616,57.89324859962997,57.173693722503906,57.182579040527344,2334700,0.0,0.0
2017-08-08 00:00:00-04:00,57.04045128060369,57.47573705656478,56.8627855533784,57.342491149902344,2302000,0.0,0.0
2017-08-09 00:00:00-04:00,57.10262791219401,58.4084918563501,57.10262791219401,58.39072799682617,1723000,0.0,0.0
2017-08-10 00:00:00-04:00,58.02649244631739,58.41736504983708,57.78664311620992,57.884361267089844,2750700,0.0,0.0
2017-08-11 00:00:00-04:00,58.06203989889083,58.12422357446978,57.62675416983819,57.751121520996094,2067800,0.0,0.0
2017-08-14 00:00:00-04:00,58.51509123326979,58.51509123326979,57.928782247505765,58.08868408203125,1244500,0.0,0.0
2017-08-15 00:00:00-04:00,58.328537014723985,58.84377020651532,58.27523188780591,58.506202697753906,1542900,0.0,0.0
2017-08-16 00:00:00-04:00,58.6039285030564,59.01256504935143,58.53285950956711,58.683876037597656,1630600,0.0,0.0
2017-08-17 00:00:00-04:00,58.71051749423864,58.914839129270135,57.87548065185547,57.87548065185547,1678200,0.0,0.0
2017-08-18 00:00:00-04:00,57.72446559346306,57.81329843711642,57.36024212371925,57.37800598144531,1852300,0.0,0.0
2017-08-21 00:00:00-04:00,57.378018873336956,57.53792073884494,56.91608391604338,57.342491149902344,1616700,0.0,0.0
2017-08-22 00:00:00-04:00,57.511259545223744,58.37295237506335,57.280295503574585,58.1864013671875,1606700,0.0,0.0
2017-08-23 00:00:00-04:00,58.05314899673235,58.28411981703058,57.733345330938384,57.75999450683594,1282600,0.0,0.0
2017-08-24 00:00:00-04:00,58.2752440056013,58.337427685343435,57.25364917196964,57.47573471069336,1515200,0.0,0.0
2017-08-25 00:00:00-04:00,57.72448835200531,58.38185978723032,57.564586459381474,58.106475830078125,1803300,0.0,0.0
2017-08-28 00:00:00-04:00,58.213065835082155,58.37296770919669,57.84884904141281,58.008750915527344,1274600,0.0,0.0
2017-08-29 00:00:00-04:00,57.72448206759552,57.742245930391256,57.244776441949114,57.58234405517578,1252000,0.0,0.0
2017-08-30 00:00:00-04:00,57.555693982551766,57.91991077309885,57.4224412923464,57.59122848510742,1473500,0.0,0.0
2017-08-31 00:00:00-04:00,57.73333528473693,57.74222060099387,57.33358416081117,57.449066162109375,1748100,0.0,0.0
2017-09-01 00:00:00-04:00,57.60009150129847,58.06203313249059,57.39577663856897,57.83106231689453,1407800,0.0,0.0
2017-09-05 00:00:00-04:00,57.78666603244572,57.80442989532716,57.253655260813645,57.69782638549805,2818800,0.0,0.0
2017-09-06 00:00:00-04:00,57.99985766615579,58.79936692742593,57.946559307908615,58.4262580871582,2947600,0.0,0.0
2017-09-07 00:00:00-04:00,58.381847523563266,58.381847523563266,56.7917142524696,57.12040328979492,2802200,0.0,0.0
2017-09-08 00:00:00-04:00,57.28029782657721,58.36406942425901,57.11151066986319,58.04426574707031,1927200,0.0,0.0
2017-09-11 00:00:00-04:00,58.319660779256196,58.91484836535565,58.257477102760916,58.37295913696289,1936400,0.0,0.0
2017-09-12 00:00:00-04:00,58.328546646797136,59.02145241355264,58.257477650844656,58.96814727783203,1313900,0.0,0.0
2017-09-13 00:00:00-04:00,58.70164431286863,58.879310011931224,58.60392614513061,58.826011657714844,1330500,0.0,0.0
2017-09-14 00:00:00-04:00,58.89729786010166,59.07550859314828,58.60325524910801,58.96858215332031,1229000,0.2,0.0
2017-09-15 00:00:00-04:00,58.81709631820522,59.07549673070237,58.175551404149275,58.255741119384766,3528900,0.0,0.0
2017-09-18 00:00:00-04:00,58.22901378784783,58.65671268213577,58.03298541121767,58.4963264465332,2012700,0.0,0.0
2017-09-19 00:00:00-04:00,58.59434632713219,59.342810967293275,58.53197427378544,59.09332275390625,1859700,0.0,0.0
2017-09-20 00:00:00-04:00,59.09332162399486,59.59229804122809,58.888380996606166,59.405181884765625,2137100,0.0,0.0
2017-09-21 00:00:00-04:00,59.24479754724954,59.97544452377981,59.19133772883446,59.547752380371094,1639700,0.0,0.0
2017-09-22 00:00:00-04:00,59.35174418698241,59.85072079017172,59.35174418698241,59.74380111694336,1868500,0.0,0.0
2017-09-25 00:00:00-04:00,59.67247872784081,59.913054637147916,58.73689139578001,59.89523696899414,1667700,0.0,0.0
2017-09-26 00:00:00-04:00,59.8150555345101,60.3051265077123,59.63685161591498,59.690311431884766,2560600,0.0,0.0
2017-09-27 00:00:00-04:00,59.93088319430116,60.82191621973751,59.93088319430116,60.706077575683594,2298500,0.0,0.0
2017-09-28 00:00:00-04:00,60.59027513795858,61.12489385309611,60.322962381366914,61.071434020996094,2000600,0.0,0.0
2017-09-29 00:00:00-04:00,60.95558037070058,61.374360236145804,60.95558037070058,61.21397399902344,1897000,0.0,0.0
2017-10-02 00:00:00-04:00,61.35653913506527,62.06936832644304,61.21397057757252,61.775325775146484,2023200,0.0,0.0
2017-10-03 00:00:00-04:00,61.57931865194149,62.372337831961374,61.508034348602656,62.265411376953125,2083100,0.0,0.0
2017-10-04 00:00:00-04:00,62.30104489056011,62.93367769937551,61.935724783179666,62.782203674316406,2645300,0.0,0.0
2017-10-05 00:00:00-04:00,62.81783250575833,63.35245099726258,62.497060051247196,63.22770690917969,2345300,0.0,0.0
2017-10-06 00:00:00-04:00,63.30791715240116,63.47720885263461,61.436741829240994,61.508026123046875,4332700,0.0,0.0
2017-10-09 00:00:00-04:00,61.570390388826446,62.14956330612666,61.40109871001702,61.89116287231445,1755200,0.0,0.0
2017-10-10 00:00:00-04:00,62.006996013854625,62.31886306670143,61.659493615924916,62.08719253540039,1558700,0.0,0.0
2017-10-11 00:00:00-04:00,62.17630792120332,62.46143832974647,62.015921641519974,62.4525260925293,1378400,0.0,0.0
2017-10-12 00:00:00-04:00,62.39013690691451,62.98713427182354,62.27430504705862,62.29212951660156,1910100,0.0,0.0
2017-10-13 00:00:00-04:00,62.301039075506246,62.41687774106997,61.75750828521978,61.828792572021484,1944800,0.0,0.0
2017-10-16 00:00:00-04:00,61.84661207144192,61.89115964857938,60.87538243645749,60.9466667175293,3874600,0.0,0.0
2017-10-17 00:00:00-04:00,61.124874272415624,61.151604179903,60.57243805622687,60.741729736328125,4417800,0.0,0.0
2017-10-18 00:00:00-04:00,60.937765447961,61.16943600410929,60.48333657191286,60.76846694946289,2251900,0.0,0.0
2017-10-19 00:00:00-04:00,60.25167023411976,60.41205648950246,59.449738957206264,59.56557083129883,4447200,0.0,0.0
2017-10-20 00:00:00-04:00,59.9843485520127,60.02890292662502,58.8260027925234,58.91511154174805,6052900,0.0,0.0
2017-10-23 00:00:00-04:00,58.683444984803664,58.7725469419896,58.3003004506649,58.5319709777832,5645800,0.0,0.0
2017-10-24 00:00:00-04:00,58.799271519485764,58.84382589306189,58.06862465992076,58.13099670410156,4589200,0.0,0.0
2017-10-25 00:00:00-04:00,58.44287867950159,58.82602332153017,57.836982480805275,58.7280158996582,7943600,0.0,0.0
2017-10-26 00:00:00-04:00,58.80819195328545,58.98639587635057,58.24684347739081,58.460689544677734,4553100,0.0,0.0
2017-10-27 00:00:00-04:00,58.7992859832531,58.85275260430506,57.89934723842149,58.34486389160156,5242800,0.0,0.0
2017-10-30 00:00:00-04:00,58.29138837139106,58.5052412268614,58.104272221387205,58.148826599121094,2977700,0.0,0.0
2017-10-31 00:00:00-04:00,58.08646770130232,58.95077115990763,58.050825550653684,58.89730453491211,5587300,0.0,0.0
2017-11-01 00:00:00-04:00,58.98639458443331,59.360633691543754,58.88838038948103,59.00421905517578,3741800,0.0,0.0
2017-11-02 00:00:00-04:00,61.472374749666706,61.70404527074186,59.92197898133415,61.1872444152832,5579300,0.0,0.0
2017-11-03 00:00:00-04:00,60.75957596702154,60.848677956571514,58.87058251755028,59.022056579589844,7181400,0.0,0.0
2017-11-06 00:00:00-05:00,59.137881428843244,59.15569910336032,58.46069423043862,58.98640060424805,2806100,0.0,0.0
2017-11-07 00:00:00-05:00,59.01314061619932,59.38737298440471,58.25575684496411,58.43396759033203,2550900,0.0,0.0
2017-11-08 00:00:00-05:00,58.38048778508568,59.14677682202367,58.38048778508568,58.79927444458008,2293700,0.0,0.0
2017-11-09 00:00:00-05:00,58.478511904955695,59.0487726621245,58.16665161557346,58.98640060424805,1867800,0.0,0.0
2017-11-10 00:00:00-05:00,59.07549616331392,59.253700060821025,58.77254137990033,59.04875946044922,1621700,0.0,0.0
2017-11-13 00:00:00-05:00,58.986398021884504,59.930897883007226,58.89729605711101,59.770511627197266,2881400,0.0,0.0
2017-11-14 00:00:00-05:00,59.47647406017314,60.269493170465196,59.28935787889526,59.96654510498047,1701600,0.0,0.0
2017-11-15 00:00:00-05:00,59.57446472135265,60.11799537510149,59.209137941798616,59.28042221069336,2674800,0.0,0.0
2017-11-16 00:00:00-05:00,59.34281275079894,59.59230097168416,58.85274854492988,58.879478454589844,2511200,0.0,0.0
2017-11-17 00:00:00-05:00,58.879470820873664,59.47646138602699,58.781456632798545,59.333892822265625,2811600,0.0,0.0
2017-11-20 00:00:00-05:00,59.378454754831345,60.96449283928776,59.2626228805662,60.66154479980469,3135500,0.0,0.0
2017-11-21 00:00:00-05:00,60.82193070895374,61.00013463727639,60.63481454480173,60.83974838256836,3482400,0.0,0.0
2017-11-22 00:00:00-05:00,61.0357839275751,61.12488590216696,60.06456084784751,60.28731918334961,2200800,0.0,0.0
2017-11-24 00:00:00-05:00,60.456568884021934,60.81298333275969,60.29618272199195,60.438751220703125,987500,0.0,0.0
2017-11-27 00:00:00-05:00,60.57244741895354,60.786293509950504,60.41206115119464,60.67936706542969,2037000,0.0,0.0
2017-11-28 00:00:00-05:00,60.66154641288715,61.873352199131475,60.31404398280694,61.793155670166016,2729600,0.0,0.0
2017-11-29 00:00:00-05:00,62.06044693754375,63.14750823492295,61.802046563737065,62.1941032409668,2818300,0.0,0.0
2017-11-30 00:00:00-05:00,62.372311479201386,63.97617363645497,62.265385069370325,63.664306640625,5235000,0.0,0.0
2017-12-01 00:00:00-05:00,63.57521377354474,64.47515915680748,63.45046967662239,64.21675872802734,5741000,0.0,0.0
2017-12-04 00:00:00-05:00,64.902868511918,65.03652487930088,63.74452919003847,64.0029296875,3049200,0.0,0.0
2017-12-05 00:00:00-05:00,63.93163269157524,64.4395213483531,62.64854269632846,63.21880340576172,3436500,0.0,0.0
2017-12-06 00:00:00-05:00,63.29007382091201,63.41481789887918,62.47032508054425,63.031673431396484,2282400,0.0,0.0
2017-12-07 00:00:00-05:00,62.800022266768394,62.97822618567697,61.748602829902794,62.719825744628906,2652500,0.0,0.0
2017-12-08 00:00:00-05:00,62.61291111917415,63.2099086359646,62.301050803265724,63.20099639892578,1653100,0.0,0.0
2017-12-11 00:00:00-05:00,63.21878398397968,63.42372455005444,62.817821882668724,63.09403991699219,1482800,0.0,0.0
2017-12-12 00:00:00-05:00,63.45045581208959,63.59302434773021,63.09404127102997,63.44154357910156,2128900,0.0,0.0
2017-12-13 00:00:00-05:00,63.46836954376721,63.870468055954696,62.95011287500643,62.976924896240234,2007900,0.2,0.0
2017-12-14 00:00:00-05:00,63.048406131717236,63.513052414239,62.61057187168965,62.83395767211914,2982100,0.0,0.0
2017-12-15 00:00:00-05:00,63.379035464881134,63.70071164354577,62.92332640890701,62.98587417602539,3811400,0.0,0.0
2017-12-18 00:00:00-05:00,63.25392870437385,63.754310752513405,63.15563839960442,63.629215240478516,2587200,0.0,0.0
2017-12-19 00:00:00-05:00,63.888336075957724,64.22788002329071,63.48624437997937,63.504112243652344,3645200,0.0,0.0
2017-12-20 00:00:00-05:00,63.629198206612166,63.682808606791305,62.38717394305203,62.565879821777344,3457400,0.0,0.0
2017-12-21 00:00:00-05:00,62.74460300851367,63.03053655259728,62.494412009589695,62.64631271362305,2040100,0.0,0.0
2017-12-22 00:00:00-05:00,62.93224612533801,63.13776405527525,62.396121583458076,62.77140808105469,2407200,0.0,0.0
2017-12-26 00:00:00-05:00,62.76246520031543,62.88756068847187,62.27102058747023,62.58375930786133,1024900,0.0,0.0
2017-12-27 00:00:00-05:00,62.80714698845327,63.07520583527101,62.53015080158371,62.78927230834961,3004500,0.0,0.0
2017-12-28 00:00:00-05:00,62.869693812759,63.093079590428786,62.6284333552476,63.012657165527344,1680900,0.0,0.0
2017-12-29 00:00:00-05:00,63.32540771550939,63.59346657959428,62.96798907953609,63.048404693603516,1865300,0.0,0.0
2018-01-02 00:00:00-05:00,63.23604038378397,63.23604038378397,62.15485408168527,62.41398239135742,3195300,0.0,0.0
2018-01-03 00:00:00-05:00,62.49440335206649,63.69174777167222,62.190595168893736,63.361141204833984,4312600,0.0,0.0
2018-01-04 00:00:00-05:00,63.361127518710376,65.17501843501539,63.10199927106809,64.5584716796875,3035000,0.0,0.0
2018-01-05 00:00:00-05:00,64.47807203105941,65.13035466290391,64.29042198482134,65.09461212158203,2152200,0.0,0.0
2018-01-08 00:00:00-05:00,65.14823322461594,65.53245022803972,64.86229287700047,65.33587646484375,1952000,0.0,0.0
2018-01-09 00:00:00-05:00,65.45203290128605,66.41706109759514,65.41629035877168,66.1668701171875,2413600,0.0,0.0
2018-01-10 00:00:00-05:00,66.21155750754596,66.61365608493337,65.9077560562347,66.53323364257812,2487000,0.0,0.0
2018-01-11 00:00:00-05:00,66.53323131381302,66.6672641682508,66.14007009204731,66.46174621582031,2178500,0.0,0.0
2018-01-12 00:00:00-05:00,66.66725213910068,67.02467074737896,66.56002451145932,66.81915283203125,1699300,0.0,0.0
2018-01-16 00:00:00-05:00,67.00680634050669,67.53400040241114,66.42600186515885,66.64045715332031,2148000,0.0,0.0
2018-01-17 00:00:00-05:00,66.91744411244724,67.06041428475667,66.4974777527796,66.83702850341797,1954700,0.0,0.0
2018-01-18 00:00:00-05:00,66.9799923360576,67.54292205485497,66.83702897992197,67.25698852539062,2132800,0.0,0.0
2018-01-19 00:00:00-05:00,67.42676912127399,67.72164001369494,67.11403036440039,67.55186462402344,3146900,0.0,0.0
2018-01-22 00:00:00-05:00,67.42674902573717,67.79310490116906,67.31952141939797,67.75736236572266,1645700,0.0,0.0
2018-01-23 00:00:00-05:00,67.72162628173828,67.88246429797343,67.21230703319237,67.72162628173828,1821200,0.0,0.0
2018-01-24 00:00:00-05:00,67.90927838388743,68.03437387764019,67.05147779078571,67.39102172851562,2029300,0.0,0.0
2018-01-25 00:00:00-05:00,68.01650890425506,68.01650890425506,66.7834149603121,66.96212768554688,2095300,0.0,0.0
2018-01-26 00:00:00-05:00,67.06040792072082,67.5250473022461,66.83702216058144,67.5250473022461,1280500,0.0,0.0
2018-01-29 00:00:00-05:00,67.45354132075204,67.8198971261087,66.53319336492079,66.57787322998047,1870400,0.0,0.0
2018-01-30 00:00:00-05:00,66.36342262229654,66.76552098391618,65.72007751464844,65.72007751464844,2831300,0.0,0.0
2018-01-31 00:00:00-05:00,65.7200884366812,66.6493671301179,65.55925042874178,65.97920989990234,3423600,0.0,0.0
2018-02-01 00:00:00-05:00,66.13112861632449,66.85489636636014,65.62180930755997,66.83702850341797,2523300,0.0,0.0
2018-02-02 00:00:00-05:00,66.65833210997631,67.2748791989405,65.97923725960958,66.10433959960938,2540300,0.0,0.0
2018-02-05 00:00:00-05:00,65.70221202053989,66.54214457501298,63.68280304479412,63.88832092285156,4083800,0.0,0.0
2018-02-06 00:00:00-05:00,62.6999307032705,64.69253522936947,61.47578076522061,64.57637023925781,5924100,0.0,0.0
2018-02-07 00:00:00-05:00,62.75353768817307,64.83548802219181,62.75353768817307,63.19137191772461,4418200,0.0,0.0
2018-02-08 00:00:00-05:00,63.21818044292393,63.316470738811375,59.84058828880913,59.867393493652344,5808600,0.0,0.0
2018-02-09 00:00:00-05:00,60.41245194072434,61.65447635378011,59.79590499568474,61.16302490234375,5336400,0.0,0.0
2018-02-12 00:00:00-05:00,61.49364634108993,62.18167164568918,60.91284186374593,61.29706573486328,4173500,0.0,0.0
2018-02-13 00:00:00-05:00,60.98429968187678,61.82423214471069,60.79665650091854,61.76168441772461,2676000,0.0,0.0
2018-02-14 00:00:00-05:00,61.50257746980709,63.593465196403834,61.41322451705561,63.504112243652344,3167500,0.0,0.0
2018-02-15 00:00:00-05:00,64.00449606062861,64.83549149761595,63.5398566027359,64.8265609741211,3229500,0.0,0.0
2018-02-16 00:00:00-05:00,64.46913564577507,64.65677887759816,63.5577178715569,64.0938491821289,3456100,0.0,0.0
2018-02-20 00:00:00-05:00,64.5585146073689,66.56898738060877,64.47809896869317,65.10357666015625,4193700,0.0,0.0
2018-02-21 00:00:00-05:00,65.06783410390186,66.25624853487724,64.88019079646293,65.10357666015625,2637500,0.0,0.0
2018-02-22 00:00:00-05:00,65.30012602670763,65.67541246179172,63.611330251636936,63.933006286621094,2587500,0.0,0.0
2018-02-23 00:00:00-05:00,64.23681358887727,64.90697092092192,64.19213370653046,64.76400756835938,1902400,0.0,0.0
2018-02-26 00:00:00-05:00,64.96950127524828,65.7379486890082,64.62102010123984,65.71114349365234,1717100,0.0,0.0
2018-02-27 00:00:00-05:00,65.67539409620144,66.5510690170479,65.56816650879462,65.61284637451172,2518900,0.0,0.0
2018-02-28 00:00:00-05:00,65.84521767848531,66.42601545546641,65.27335042744258,65.30015563964844,2088500,0.0,0.0
2018-03-01 00:00:00-05:00,65.26439294396874,65.68435931811473,64.00449382153077,64.38871765136719,2035600,0.0,0.0
2018-03-02 00:00:00-05:00,64.084914231452,64.90697227309262,63.74536347980558,64.81761932373047,2632100,0.0,0.0
2018-03-05 00:00:00-05:00,64.18322324767789,65.21973003364833,63.72751421061755,64.94273376464844,4089700,0.0,0.0
2018-03-06 00:00:00-05:00,65.11248828352983,65.54138515477356,64.44233095716774,65.5324478149414,2789400,0.0,0.0
2018-03-07 00:00:00-05:00,64.88910000741828,65.63967291176611,64.51380673805176,65.4430923461914,1615000,0.0,0.0
2018-03-08 00:00:00-05:00,65.76476693606914,66.55108918091425,65.30012755090904,66.39025115966797,2777700,0.0,0.0
2018-03-09 00:00:00-05:00,66.6493917761258,67.73951569780628,66.56897615101546,67.66803741455078,1767200,0.0,0.0
2018-03-12 00:00:00-04:00,67.92715681281214,68.17735465642792,67.39996955245152,67.61441802978516,2228400,0.0,0.0
2018-03-13 00:00:00-04:00,67.87352600740128,68.1594594970115,66.84595018570477,67.0693359375,3086100,0.0,0.0
2018-03-14 00:00:00-04:00,67.33824805649867,67.47270393827624,66.34323349699615,66.61215209960938,2817300,0.24,0.0
2018-03-15 00:00:00-04:00,66.74663905782599,66.84524463297441,66.19982880984305,66.5673599243164,3587300,0.0,0.0
2018-03-16 00:00:00-04:00,66.6211420657801,67.14106112584165,66.2177605972506,66.80938720703125,6549500,0.0,0.0
2018-03-19 00:00:00-04:00,66.65698701241769,67.09622559463001,66.05639450462911,66.3880615234375,3400800,0.0,0.0
2018-03-20 00:00:00-04:00,66.49563561620533,66.98866341840306,66.31635650943863,66.70181274414062,2955200,0.0,0.0
2018-03-21 00:00:00-04:00,66.89902889132908,66.97074328237902,65.91297995110519,66.35221862792969,2165400,0.0,0.0
2018-03-22 00:00:00-04:00,65.67991828882042,66.11019783988058,64.24566451705564,64.29945373535156,2716900,0.0,0.0
2018-03-23 00:00:00-04:00,64.47871904411889,64.53250141180256,63.00860838891207,63.035499572753906,2472900,0.0,0.0
2018-03-26 00:00:00-04:00,63.80642419240409,65.57235188289044,63.59128784180989,65.4378890991211,2888700,0.0,0.0
2018-03-27 00:00:00-04:00,65.43785539641503,65.94880824033157,63.91396286938189,64.36216735839844,3150300,0.0,0.0
2018-03-28 00:00:00-04:00,64.22771733094044,64.95380655807493,63.42991373002351,64.04843139648438,2117000,0.0,0.0
2018-03-29 00:00:00-04:00,64.29048309168677,65.33928044552968,63.716781624333684,65.00760650634766,3491100,0.0,0.0
2018-04-02 00:00:00-04:00,64.980730952806,65.30343896071716,62.56939374360543,63.73472213745117,2960800,0.0,0.0
2018-04-03 00:00:00-04:00,64.11119848968194,65.18689389343518,63.79745656156849,65.1241455078125,3126200,0.0,0.0
2018-04-04 00:00:00-04:00,64.1111965036449,65.09725230297128,64.0843053162198,64.89107513427734,2290200,0.0,0.0
2018-04-05 00:00:00-04:00,65.18689866449856,65.65302858623183,64.9717623036264,65.0165786743164,2235200,0.0,0.0
2018-04-06 00:00:00-04:00,64.50562107055329,64.64008385142397,62.829332992362595,63.30443572998047,1833200,0.0,0.0
2018-04-09 00:00:00-04:00,63.81539240421277,64.60423027632434,63.44786123849594,63.54646682739258,1928900,0.0,0.0
2018-04-10 00:00:00-04:00,64.78350545631419,65.2317101641148,64.41598115222945,64.9627914428711,2489200,0.0,0.0
2018-04-11 00:00:00-04:00,64.38011569665528,64.76557196948242,63.75263192184839,63.994659423828125,1722900,0.0,0.0
2018-04-12 00:00:00-04:00,64.29046318223341,65.37511739677308,64.14703444028163,64.95380401611328,2591000,0.0,0.0
2018-04-13 00:00:00-04:00,65.51855662645542,65.59027101639661,64.64904529489574,65.0255355834961,2095300,0.0,0.0
2018-04-16 00:00:00-04:00,65.49167156908352,65.975733487897,65.41099800214525,65.5992431640625,2739800,0.0,0.0
2018-04-17 00:00:00-04:00,65.93091295781812,66.39704282851633,65.8233413696289,65.8233413696289,2616800,0.0,0.0
2018-04-18 00:00:00-04:00,66.11913735835034,66.68387263123161,66.02949781585377,66.62112426757812,2108200,0.0,0.0
2018-04-19 00:00:00-04:00,66.71974047949878,67.30240785743916,66.65699210581657,66.89006042480469,2668600,0.0,0.0
2018-04-20 00:00:00-04:00,67.18586672756417,67.19483273449056,66.27153235379566,66.66595458984375,2475600,0.0,0.0
2018-04-23 00:00:00-04:00,66.65701086889507,66.7287252701642,65.8592069621957,66.26258850097656,1491400,0.0,0.0
2018-04-24 00:00:00-04:00,66.49563947747272,66.6749185946498,65.04345400772262,65.46476745605469,2160200,0.0,0.0
2018-04-25 00:00:00-04:00,65.39306079927714,65.71576871956943,64.935896944747,65.62612915039062,1643600,0.0,0.0
2018-04-26 00:00:00-04:00,65.7516070635477,66.06534888525162,64.91794631498651,65.40200805664062,2640300,0.0,0.0
2018-04-27 00:00:00-04:00,65.47373270664578,65.59922945503077,64.85520813313414,65.18688201904297,1903600,0.0,0.0
2018-04-30 00:00:00-04:00,65.34822621742182,66.12809777484338,64.94483800997658,64.95380401611328,1722700,0.0,0.0
2018-05-01 00:00:00-04:00,64.756597631898,64.92691756560599,64.23668550210297,64.84623718261719,2174700,0.0,0.0
2018-05-02 00:00:00-04:00,64.83729422866602,65.48271009773744,64.6580082433345,64.88211059570312,3037700,0.0,0.0
2018-05-03 00:00:00-04:00,64.54146337749188,64.54146337749188,60.686901023490066,62.874141693115234,7256600,0.0,0.0
2018-05-04 00:00:00-04:00,62.1749403764522,63.27751982209912,61.92394690391661,62.97274398803711,3402000,0.0,0.0
2018-05-07 00:00:00-04:00,62.981739696851825,63.68990409351017,62.91002528828992,63.25962448120117,3080200,0.0,0.0
2018-05-08 00:00:00-04:00,63.14308295043734,63.313396092958705,62.36320427794249,62.81140899658203,2595800,0.0,0.0
2018-05-09 00:00:00-04:00,63.07133958489955,64.80140927777548,63.03548240319053,64.42491912841797,2670300,0.0,0.0
2018-05-10 00:00:00-04:00,64.37115500461006,64.52354979598556,63.76159635629043,63.98569869995117,1910500,0.0,0.0
2018-05-11 00:00:00-04:00,63.82432667989133,64.28149724654006,63.510584855351546,64.02153778076172,3478600,0.0,0.0
2018-05-14 00:00:00-04:00,64.09326280434071,64.5504334469728,63.860194479206314,64.29047393798828,2235200,0.0,0.0
2018-05-15 00:00:00-04:00,64.10223652210333,64.51458401520846,63.931916551820045,64.45183563232422,2277000,0.0,0.0
2018-05-16 00:00:00-04:00,64.45182599877548,65.0434525433884,64.03947856730349,64.78349304199219,2862300,0.0,0.0
2018-05-17 00:00:00-04:00,64.90003204345703,65.15102554298066,64.52354179417159,64.90003204345703,1754200,0.0,0.0
2018-05-18 00:00:00-04:00,64.76559126152326,65.00761883559693,64.0574268824053,64.13810729980469,1660000,0.0,0.0
2018-05-21 00:00:00-04:00,64.52354083615849,65.0344938351909,64.45182645477082,64.86417388916016,1777100,0.0,0.0
2018-05-22 00:00:00-04:00,64.69386549402216,64.84625345238449,64.06638164249433,64.31737518310547,1447400,0.0,0.0
2018-05-23 00:00:00-04:00,63.95881843801968,64.19188683017519,63.161014505436285,63.88710403442383,2185800,0.0,0.0
2018-05-24 00:00:00-04:00,63.85125367168786,64.05742403319847,63.286511292198036,63.88710403442383,1567700,0.0,0.0
2018-05-25 00:00:00-04:00,63.716788208472444,63.77057058938782,63.24169227288886,63.51957702636719,1802700,0.0,0.0
2018-05-29 00:00:00-04:00,63.026545688027454,63.178940490877025,62.148068264609265,62.58730697631836,2682100,0.0,0.0
2018-05-30 00:00:00-04:00,63.17892357448105,64.5773197412865,63.10720919693731,64.23668670654297,3044600,0.0,0.0
2018-05-31 00:00:00-04:00,64.0932771516152,64.48769950720174,63.528541647166605,63.54646682739258,3568000,0.0,0.0
2018-06-01 00:00:00-04:00,64.20084461559321,64.7924712718105,64.18291259746054,64.64008331298828,2408300,0.0,0.0
2018-06-04 00:00:00-04:00,64.87312998026896,65.11515743163189,64.55938131942165,64.99862670898438,1572100,0.0,0.0
2018-06-05 00:00:00-04:00,64.88211790782172,66.40601817910631,64.83730153573389,66.13709259033203,3133100,0.0,0.0
2018-06-06 00:00:00-04:00,66.71078105233181,68.18985782251714,66.52253591271703,68.10918426513672,3663000,0.0,0.0
2018-06-07 00:00:00-04:00,68.33325413290135,68.74560141029804,67.32030768887337,67.66990661621094,3451700,0.0,0.0
2018-06-08 00:00:00-04:00,67.8402670986656,68.01954625211376,67.41895356509498,67.82234191894531,2642200,0.0,0.0
2018-06-11 00:00:00-04:00,67.89402872053029,68.01952545738978,67.22172184204335,67.52650451660156,1995900,0.0,0.0
2018-06-12 00:00:00-04:00,68.04642019597463,68.20776727353409,67.06036468382976,67.62510681152344,2954700,0.0,0.0
2018-06-13 00:00:00-04:00,67.97584568960411,68.02081195359366,67.28341050602998,67.32837677001953,1841900,0.24,0.0
2018-06-14 00:00:00-04:00,67.53521994630877,67.67011190700575,66.77983594382992,67.01364135742188,1906600,0.0,0.0
2018-06-15 00:00:00-04:00,66.8697280883789,66.9326767236767,66.15030923278692,66.8697280883789,4074600,0.0,0.0
2018-06-18 00:00:00-04:00,66.45608876949733,66.94169564415115,66.21328190172582,66.91471862792969,1651000,0.0,0.0
2018-06-19 00:00:00-04:00,66.30318802149735,67.24741751750913,66.16829613324241,66.78878784179688,1757900,0.0,0.0
2018-06-20 00:00:00-04:00,67.13951734139424,67.70605510520569,67.04059706917343,67.09455108642578,1775100,0.0,0.0
2018-06-21 00:00:00-04:00,67.26540631671952,67.49921160320237,66.33016458812892,67.38230895996094,1613200,0.0,0.0
2018-06-22 00:00:00-04:00,67.81395903723102,68.01179268880198,67.22043749985976,67.2654037475586,1913800,0.0,0.0
2018-06-25 00:00:00-04:00,67.11254226369324,67.24743418538236,66.1593179092963,66.81578826904297,1830100,0.0,0.0
2018-06-26 00:00:00-04:00,66.8697173568353,67.68804948437715,66.815763352635,67.05856323242188,1954100,0.0,0.0
2018-06-27 00:00:00-04:00,66.99561452475709,67.40028327753227,66.12332153320312,66.12332153320312,2760200,0.0,0.0
2018-06-28 00:00:00-04:00,66.06937406976309,66.680878000398,66.00642543841329,66.402099609375,1974000,0.0,0.0
2018-06-29 00:00:00-04:00,66.85172891223722,66.995615406335,66.1323170244053,66.14131164550781,3021200,0.0,0.0
2018-07-02 00:00:00-04:00,65.92550862779386,66.34816679942689,65.53882209426666,66.30320739746094,2067700,0.0,0.0
2018-07-03 00:00:00-04:00,66.5460048624649,66.84276571995122,65.07120206032997,65.27803039550781,1148900,0.0,0.0
2018-07-05 00:00:00-04:00,65.50284278378528,65.65572394305016,64.93630498697615,65.37694549560547,1475900,0.0,0.0
2018-07-06 00:00:00-04:00,65.42192055556187,66.1862990111811,65.14314893149674,65.73666381835938,1648100,0.0,0.0
2018-07-09 00:00:00-04:00,65.98847521118554,67.22947304996028,65.95250356330465,67.0676040649414,1900100,0.0,0.0
2018-07-10 00:00:00-04:00,67.06758584052528,67.3733344730957,66.59996140603255,66.94168853759766,1821900,0.0,0.0
2018-07-11 00:00:00-04:00,66.49204221627873,67.40929482125368,66.49204221627873,67.12152862548828,1339800,0.0,0.0
2018-07-12 00:00:00-04:00,67.64310990651863,67.78698958014138,66.8067882921182,67.22944641113281,1588500,0.0,0.0
2018-07-13 00:00:00-04:00,67.27438869691878,67.27438869691878,66.36613090715726,67.17546844482422,1242600,0.0,0.0
2018-07-16 00:00:00-04:00,67.33737138683759,67.769024238044,67.18449705113734,67.61614990234375,1185900,0.0,0.0
2018-07-17 00:00:00-04:00,67.42728243585253,68.15568910043561,67.28339591100854,67.99382019042969,1452200,0.0,0.0
2018-07-18 00:00:00-04:00,68.05677079541573,69.12690455696689,67.75101535173512,69.03697204589844,1647000,0.0,0.0
2018-07-19 00:00:00-04:00,68.938044665771,69.21681618311675,68.06575162788617,68.12870025634766,1595600,0.0,0.0
2018-07-20 00:00:00-04:00,67.84095752734532,68.23663181668701,67.53520204010715,68.1736831665039,1840100,0.0,0.0
2018-07-23 00:00:00-04:00,68.11970798513448,68.89308079627885,68.02978235007062,68.87509155273438,2191900,0.0,0.0
2018-07-24 00:00:00-04:00,68.96502902112873,69.18085193302028,68.56035334283456,68.7402114868164,3911300,0.0,0.0
2018-07-25 00:00:00-04:00,68.56036078467518,69.10891617681075,68.2725945839555,69.05496215820312,2197600,0.0,0.0
2018-07-26 00:00:00-04:00,69.09090921578343,69.4416239337612,68.83911473732603,69.28874969482422,2155700,0.0,0.0
2018-07-27 00:00:00-04:00,69.0369547247655,69.41465333818266,68.48840633802334,68.61430358886719,1722600,0.0,0.0
2018-07-30 00:00:00-04:00,68.52438813902708,68.80316657311612,66.68988292461185,66.8067855834961,2239000,0.0,0.0
2018-07-31 00:00:00-04:00,67.23843879487242,67.40930235112424,65.8265846671754,66.46507263183594,3340800,0.0,0.0
2018-08-01 00:00:00-04:00,66.59097948086365,67.45427828844214,66.12335500536965,66.24925231933594,1954900,0.0,0.0
2018-08-02 00:00:00-04:00,65.3859368720993,66.23125307437296,64.80140985692893,65.54780578613281,4277400,0.0,0.0
2018-08-03 00:00:00-04:00,65.59275482579606,65.59275482579606,65.07117658848459,65.47584533691406,2829100,0.0,0.0
2018-08-06 00:00:00-04:00,65.43089660786572,65.54779925489659,65.10715881205617,65.26902770996094,2445100,0.0,0.0
2018-08-07 00:00:00-04:00,65.46690032128848,66.44710195057304,65.34100299020403,66.29422760009766,1504100,0.0,0.0
2018-08-08 00:00:00-04:00,66.31219152254863,66.5549983512173,65.81759696273242,65.84457397460938,1502800,0.0,0.0
2018-08-09 00:00:00-04:00,65.83557215482332,65.9884464460096,65.6737032403651,65.85356140136719,1335300,0.0,0.0
2018-08-10 00:00:00-04:00,65.61076239003586,66.1143515788646,65.1791164741507,65.88953399658203,1940600,0.0,0.0
2018-08-13 00:00:00-04:00,65.9434964811671,66.54600596968484,65.60176935684075,65.61975860595703,2269300,0.0,0.0
2018-08-14 00:00:00-04:00,65.8086082576679,66.2402610691885,65.61076767159132,66.09637451171875,1555100,0.0,0.0
2018-08-15 00:00:00-04:00,65.94347660173928,66.2851967621618,65.56578481481654,65.76361846923828,1409400,0.0,0.0
2018-08-16 00:00:00-04:00,66.03340568514218,66.35714347966004,65.81758277575913,65.89851379394531,1970200,0.0,0.0
2018-08-17 00:00:00-04:00,65.91650502616692,66.65390627793998,65.64672123563834,66.59095764160156,2785100,0.0,0.0
2018-08-20 00:00:00-04:00,66.6359338790212,66.94168937631086,66.51003657451619,66.67190551757812,1655700,0.0,0.0
2018-08-21 00:00:00-04:00,66.45609154632295,66.54601722444836,65.75466165169945,65.77264404296875,2953100,0.0,0.0
2018-08-22 00:00:00-04:00,65.45789136124648,66.14133876668645,65.21508451811523,66.0064468383789,2150400,0.0,0.0
2018-08-23 00:00:00-04:00,66.13233527589641,66.57297577913084,65.60176225858804,65.646728515625,2536800,0.0,0.0
2018-08-24 00:00:00-04:00,65.7366661596887,65.97947301455802,65.5658094457353,65.8176040649414,3120400,0.0,0.0
2018-08-27 00:00:00-04:00,66.19529331325369,66.87874072405836,66.06939600874868,66.67190551757812,2272500,0.0,0.0
2018-08-28 00:00:00-04:00,66.77981643222832,67.36434351720243,66.65391913526628,67.13053131103516,2286000,0.0,0.0
2018-08-29 00:00:00-04:00,67.09454341905816,68.09273378947991,67.09454341905816,68.02978515625,2229400,0.0,0.0
2018-08-30 00:00:00-04:00,67.8499442426835,68.3175686604371,67.79599021789971,68.1197280883789,2615500,0.0,0.0
2018-08-31 00:00:00-04:00,67.92189059068191,68.62332038817304,67.81398253623004,68.55138397216797,1980200,0.0,0.0
2018-09-04 00:00:00-04:00,68.62328313993996,69.56751926920009,68.42544266631327,69.54953002929688,2968600,0.0,0.0
2018-09-05 00:00:00-04:00,69.72940517654685,69.97220508753982,68.86610669395806,68.9830093383789,3740100,0.0,0.0
2018-09-06 00:00:00-04:00,68.97402150308048,69.73840666076437,68.64129592049478,69.58552551269531,2706800,0.0,0.0
2018-09-07 00:00:00-04:00,69.68444807642278,70.13408319061475,69.40567650110772,69.99919128417969,2161900,0.0,0.0
2018-09-10 00:00:00-04:00,70.29593302757712,70.56571676722692,69.95421290345482,70.14305877685547,1957300,0.0,0.0
2018-09-11 00:00:00-04:00,70.08012785264044,70.57472921329217,69.89128193154266,70.24199676513672,1732200,0.0,0.0
2018-09-12 00:00:00-04:00,70.20593011889463,70.20593011889463,68.77167976826124,68.85286712646484,2845300,0.24,0.0
2018-09-13 00:00:00-04:00,69.10544324282382,69.83609511420185,68.84385021777908,69.78197479248047,1981800,0.0,0.0
2018-09-14 00:00:00-04:00,69.95335078686217,70.40437172840987,69.92628374946125,70.33220672607422,1370000,0.0,0.0
2018-09-17 00:00:00-04:00,70.35926792846281,70.41338824000321,69.78196166525349,69.92628479003906,1541400,0.0,0.0
2018-09-18 00:00:00-04:00,69.94433068971233,70.73812509482408,69.89021037723738,70.52163696289062,2208000,0.0,0.0
2018-09-19 00:00:00-04:00,70.66594685518174,70.66594685518174,69.87215259873929,69.98040008544922,2253400,0.0,0.0
2018-09-20 00:00:00-04:00,70.32318831605826,70.40437566873804,69.87216734926822,70.07061767578125,2428400,0.0,0.0
2018-09-21 00:00:00-04:00,70.06159936921145,70.53066505565823,69.98943435867592,70.19690704345703,4292300,0.0,0.0
2018-09-24 00:00:00-04:00,70.12473785838341,70.40437553705318,69.8811895648672,70.0255126953125,1794500,0.0,0.0
2018-09-25 00:00:00-04:00,70.15178422519293,70.15178422519293,68.76264597933618,68.88893127441406,2851200,0.0,0.0
2018-09-26 00:00:00-04:00,69.08738140046954,69.10542609125463,67.79746817269333,67.81550598144531,2392200,0.0,0.0
2018-09-27 00:00:00-04:00,67.87863676888061,68.15826748886765,67.62606619830756,67.64410400390625,2752300,0.0,0.0
2018-09-28 00:00:00-04:00,67.65316501191627,67.91475807580666,67.34647396723946,67.55393981933594,4184100,0.0,0.0
2018-10-01 00:00:00-04:00,67.67117420421059,68.03199230806216,67.19309314147127,67.87864685058594,3171400,0.0,0.0
2018-10-02 00:00:00-04:00,67.85159109506137,67.8606134408015,67.16603734151144,67.52685546875,2256900,0.0,0.0
2018-10-03 00:00:00-04:00,67.92375609691575,68.14926656618567,67.32840515466712,67.52685546875,2407100,0.0,0.0
2018-10-04 00:00:00-04:00,67.68019026289514,68.72656197866918,67.56292731489933,68.47399139404297,3107700,0.0,0.0
2018-10-05 00:00:00-04:00,68.47403149942096,69.11448068041616,68.31166361677172,68.57324981689453,1935300,0.0,0.0
2018-10-08 00:00:00-04:00,68.37475042763326,68.44690851937418,67.52682919089357,67.99588775634766,2265200,0.0,0.0
2018-10-09 00:00:00-04:00,67.86962658754126,68.78069077925876,67.70725877992858,68.59126281738281,2008200,0.0,0.0
2018-10-10 00:00:00-04:00,68.5371454188669,68.73558885256753,66.82326446174861,66.86836242675781,2981000,0.0,0.0
2018-10-11 00:00:00-04:00,66.66991214321199,67.00366320171659,65.23566211542305,65.38900756835938,3567600,0.0,0.0
2018-10-12 00:00:00-04:00,66.40830483011167,66.52556776015766,65.416053568064,66.1196517944336,2668600,0.0,0.0
2018-10-15 00:00:00-04:00,65.98436268702072,66.24595564929776,65.50628160776837,65.5604019165039,1672800,0.0,0.0
2018-10-16 00:00:00-04:00,66.00240074923452,67.71628164678033,65.80395044039837,67.58999633789062,2666200,0.0,0.0
2018-10-17 00:00:00-04:00,66.52558802700455,66.85032365132615,65.5604034997246,66.36322021484375,4180300,0.0,0.0
2018-10-18 00:00:00-04:00,66.57968846745582,67.03973161162483,65.89414180472974,66.32711791992188,2769500,0.0,0.0
2018-10-19 00:00:00-04:00,66.31811162725437,67.18407783128251,66.18281085978084,67.01268768310547,3423500,0.0,0.0
2018-10-22 00:00:00-04:00,67.20209993897312,67.3464298999352,66.50753092742919,66.5796890258789,1917800,0.0,0.0
2018-10-23 00:00:00-04:00,65.65059770117786,67.39153856025202,65.48822991030966,67.06680297851562,3028900,0.0,0.0
2018-10-24 00:00:00-04:00,67.03975846966152,67.2652689605958,66.42636965903893,66.58873748779297,3764800,0.0,0.0
2018-10-25 00:00:00-04:00,66.79620945031418,67.33743324633818,66.32714378026847,66.8593521118164,3162500,0.0,0.0
2018-10-26 00:00:00-04:00,66.24594739414347,67.12994444282052,66.1828047478094,66.51655578613281,4018500,0.0,0.0
2018-10-29 00:00:00-04:00,66.5165605990419,67.09386680216313,65.04623493828515,65.7317886352539,4264000,0.0,0.0
2018-10-30 00:00:00-04:00,66.21890772438636,66.48049385294054,65.3890238389887,65.93927001953125,8262900,0.0,0.0
2018-10-31 00:00:00-04:00,66.76010849784436,69.79998463845735,66.10161502525979,69.49329376220703,7718500,0.0,0.0
2018-11-01 00:00:00-04:00,70.02547383061469,70.12469893861487,68.23943565067115,68.42886352539062,4054600,0.0,0.0
2018-11-02 00:00:00-04:00,69.04226447135893,69.38503779975004,68.41083122596748,69.37602233886719,2648900,0.0,0.0
2018-11-05 00:00:00-05:00,69.45723920482632,70.92756529747388,69.43920139156974,70.55773162841797,2775100,0.0,0.0
2018-11-06 00:00:00-05:00,70.53968861130711,70.81932633869803,70.09768991463984,70.4494857788086,1749100,0.0,0.0
2018-11-07 00:00:00-05:00,70.84638536712771,71.13503855572728,70.37731963438162,70.85540771484375,2184600,0.0,0.0
2018-11-08 00:00:00-05:00,70.57574221242476,72.1633375658423,70.57574221242476,72.11823272705078,3599700,0.0,0.0
2018-11-09 00:00:00-05:00,71.9739221116806,72.10922976948687,70.59379914252983,71.3334732055664,2842400,0.0,0.0
2018-11-12 00:00:00-05:00,71.2883475130332,71.65818787742059,70.26002062565898,70.26904296875,2317100,0.0,0.0
2018-11-13 00:00:00-05:00,70.6028244219063,71.40564813462869,70.45850128033929,71.18013763427734,3250600,0.0,0.0
2018-11-14 00:00:00-05:00,71.8205992839923,72.13631266370501,70.44046899775863,71.08092498779297,3141200,0.0,0.0
2018-11-15 00:00:00-05:00,70.55771610181415,72.36179984000614,70.17886016848183,72.3347396850586,3167700,0.0,0.0
2018-11-16 00:00:00-05:00,71.9288222539086,73.32699001149216,71.65821380156052,73.26384735107422,4531600,0.0,0.0
2018-11-19 00:00:00-05:00,73.14656762449694,73.92232413754535,72.87595920866352,73.41718292236328,2957600,0.0,0.0
2018-11-20 00:00:00-05:00,72.45200465747746,72.47004246726439,71.08991947044252,72.0911865234375,4050900,0.0,0.0
2018-11-21 00:00:00-05:00,72.28962685070584,72.50611494839738,71.54995287506325,71.55897521972656,2861100,0.0,0.0
2018-11-23 00:00:00-05:00,71.3154485555742,71.55900378447745,70.98169737216388,71.18916320800781,1179700,0.0,0.0
2018-11-26 00:00:00-05:00,71.57702188683818,72.73163439348792,71.5319239220045,72.49710845947266,3217800,0.0,0.0
2018-11-27 00:00:00-05:00,72.15430988938485,73.53443251721367,72.13627208442055,73.39913177490234,3418000,0.0,0.0
2018-11-28 00:00:00-05:00,73.41719615439105,73.75095416430855,72.37083103692217,73.66075134277344,3682100,0.0,0.0
2018-11-29 00:00:00-05:00,73.31795080009859,73.76897166563269,72.72260683625035,73.14656066894531,3218500,0.0,0.0
2018-11-30 00:00:00-05:00,73.14658339593386,73.81409943938793,73.06540291829005,73.71487426757812,4717700,0.0,0.0
2018-12-03 00:00:00-05:00,74.15686994868383,74.55377061998708,72.7496866697492,73.18266296386719,3486200,0.0,0.0
2018-12-04 00:00:00-05:00,72.70458622117958,73.04736659698543,71.2252378429577,71.36956787109375,4654800,0.0,0.0
2018-12-06 00:00:00-05:00,70.60283815796615,71.75745792530971,70.34125198285615,71.49586486816406,4963800,0.0,0.0
2018-12-07 00:00:00-05:00,71.68528477181314,72.13630580912715,70.17887615887274,70.85540771484375,2590200,0.0,0.0
2018-12-10 00:00:00-05:00,70.82829506016961,71.3695254620364,69.47523281956346,71.19813537597656,2185400,0.0,0.0
2018-12-11 00:00:00-05:00,71.95586773998033,72.04607742107083,70.34121905535336,70.44043731689453,3155100,0.0,0.0
2018-12-12 00:00:00-05:00,71.171091839898,71.171091839898,70.32317043567458,70.3592529296875,2550100,0.0,0.0
2018-12-13 00:00:00-05:00,70.59451211102356,70.60356230273901,69.59016173536527,70.20543670654297,2078900,0.24,0.0
2018-12-14 00:00:00-05:00,69.72589871707724,70.42261869649982,69.40921095519218,69.76209259033203,2363500,0.0,0.0
2018-12-17 00:00:00-05:00,69.59920248885852,70.01542155005225,68.8843892413932,69.110595703125,3893700,0.0,0.0
2018-12-18 00:00:00-05:00,69.52681294862371,69.65349491489673,67.54524908982754,67.87098693847656,3543300,0.0,0.0
2018-12-19 00:00:00-05:00,68.01578773859939,69.19206462807283,67.4366994893044,67.93435668945312,3055300,0.0,0.0
2018-12-20 00:00:00-05:00,67.58146538164064,67.78957152423716,66.16088864370056,66.58615112304688,3594800,0.0,0.0
2018-12-21 00:00:00-05:00,66.26945243755179,67.73527300137827,65.56368928198604,65.8894271850586,4875100,0.0,0.0
2018-12-24 00:00:00-05:00,65.28317796940196,65.65415292996204,63.907838990403796,63.95308303833008,1485700,0.0,0.0
2018-12-26 00:00:00-05:00,64.26073843346903,66.27850341796875,63.05732511960402,66.27850341796875,2884400,0.0,0.0
2018-12-27 00:00:00-05:00,65.33748095662033,67.1833267211914,64.74029941991229,67.1833267211914,1997600,0.0,0.0
2018-12-28 00:00:00-05:00,67.36428833007812,68.10624532318742,66.57709418202836,67.36428833007812,1617500,0.0,0.0
2018-12-31 00:00:00-05:00,67.60859336023786,68.16053771972656,67.35524320898546,68.16053771972656,1728900,0.0,0.0
2019-01-02 00:00:00-05:00,67.40048036269545,68.28721279535276,67.31904934405313,68.16053771972656,2274300,0.0,0.0
2019-01-03 00:00:00-05:00,67.94338406216295,68.3777035990093,66.80330822158162,66.93903350830078,3066300,0.0,0.0
2019-01-04 00:00:00-05:00,67.71717060214594,68.65819041600578,66.96617031215585,68.46817779541016,3760600,0.0,0.0
2019-01-07 00:00:00-05:00,66.34183082229293,67.6447822509494,66.06133701878571,66.3961181640625,4822800,0.0,0.0
2019-01-08 00:00:00-05:00,66.74900135673127,67.0656959336806,64.42359914820692,65.28318786621094,4845700,0.0,0.0
2019-01-09 00:00:00-05:00,65.31034418655997,66.07039475058238,65.08413767537117,65.54560089111328,3301900,0.0,0.0
2019-01-10 00:00:00-05:00,65.41890557720356,66.03418737359462,65.21984280436047,65.85321807861328,2758600,0.0,0.0
2019-01-11 00:00:00-05:00,65.53654475106632,66.21516422305585,65.30128806785983,66.14277648925781,1647700,0.0,0.0
2019-01-14 00:00:00-05:00,65.46415033872964,66.02514486352136,65.23794387114366,65.78083801269531,3197400,0.0,0.0
2019-01-15 00:00:00-05:00,65.67227494332995,66.55900058728959,65.50035578850573,66.51376342773438,1604100,0.0,0.0
2019-01-16 00:00:00-05:00,67.33714880181229,67.90719359600199,66.9933174093471,67.41858673095703,2888900,0.0,0.0
2019-01-17 00:00:00-05:00,67.16522395504896,67.88908047230755,67.00235503059297,67.72621154785156,2545900,0.0,0.0
2019-01-18 00:00:00-05:00,68.03385763993478,68.61294562970998,67.61763857873844,68.43197631835938,3166000,0.0,0.0
2019-01-22 00:00:00-05:00,68.31435894836841,69.04726575585285,68.15149000189696,68.6491470336914,2757800,0.0,0.0
2019-01-23 00:00:00-05:00,68.89343263927672,69.14678274691005,68.18766965279168,68.821044921875,1743800,0.0,0.0
2019-01-24 00:00:00-05:00,68.7396566304083,68.92061913308564,67.97055563911424,68.05198669433594,2277100,0.0,0.0
2019-01-25 00:00:00-05:00,68.66724648009397,69.0653721401135,68.05196450700683,68.54962158203125,2573000,0.0,0.0
2019-01-28 00:00:00-05:00,68.22391579922387,68.58584776034934,67.871034035528,68.50440979003906,1412600,0.0,0.0
2019-01-29 00:00:00-05:00,68.3957909408411,68.64914800816183,67.78051591574199,68.17863464355469,2140600,0.0,0.0
2019-01-30 00:00:00-05:00,68.06100208467372,69.14679035202931,67.93432701692467,68.96582794189453,2617600,0.0,0.0
2019-01-31 00:00:00-05:00,68.59485605328506,69.57206977870725,68.51342502780378,69.4544448852539,2554500,0.0,0.0
2019-02-01 00:00:00-05:00,69.70779250930153,70.43164913245548,69.49967950188932,70.14210510253906,2589600,0.0,0.0
2019-02-04 00:00:00-05:00,70.17831177784888,70.3321374650006,69.05632932005234,69.76209259033203,3107700,0.0,0.0
2019-02-05 00:00:00-05:00,69.82541232990516,70.03352532221068,69.48158097661094,69.95208740234375,3217800,0.0,0.0
2019-02-06 00:00:00-05:00,69.68967944015034,72.4765445354061,69.37299179370605,70.02446746826172,3572500,0.0,0.0
2019-02-07 00:00:00-05:00,69.07442573205151,69.11061960684,67.21048605173658,68.359619140625,5770600,0.0,0.0
2019-02-08 00:00:00-05:00,67.97956078509898,68.96582451009452,67.52714787900103,68.91153717041016,3863500,0.0,0.0
2019-02-11 00:00:00-05:00,68.88438754258024,69.25536944424255,68.03385596167016,68.33244323730469,2915700,0.0,0.0
2019-02-12 00:00:00-05:00,68.73060349122923,69.37302932248495,68.46820304128929,68.8844223022461,2608800,0.0,0.0
2019-02-13 00:00:00-05:00,69.17393656828882,69.99733144222559,68.98392395967427,69.38204956054688,2701700,0.0,0.0
2019-02-14 00:00:00-05:00,69.26444356333391,69.38206847598963,68.48629253308702,68.72154235839844,3497500,0.0,0.0
2019-02-15 00:00:00-05:00,68.28721789735684,68.86630597299224,67.40048539844828,68.31436157226562,7395600,0.0,0.0
2019-02-19 00:00:00-05:00,68.12432770707755,68.4953026539713,66.96615191686453,67.7352523803711,2356100,0.0,0.0
2019-02-20 00:00:00-05:00,67.6357489769513,67.76242407494713,66.9842730996727,67.39144897460938,3735600,0.0,0.0
2019-02-21 00:00:00-05:00,67.62669955090689,68.0248252367128,67.44573709550885,67.74433135986328,2898800,0.0,0.0
2019-02-22 00:00:00-05:00,67.90720114271751,68.18769502291975,67.80766972007635,68.02482604980469,2580800,0.0,0.0
2019-02-25 00:00:00-05:00,68.47723060527446,69.02012481390983,68.07910496408047,68.16958618164062,2403900,0.0,0.0
2019-02-26 00:00:00-05:00,67.98863210426063,68.40485127882208,67.95243823213242,68.13340759277344,2426200,0.0,0.0
2019-02-27 00:00:00-05:00,67.97957339416126,69.16490012222167,67.88004198409647,68.956787109375,2799100,0.0,0.0
2019-02-28 00:00:00-05:00,69.01107597252785,70.09687131433475,69.01107597252785,69.80732727050781,4001400,0.0,0.0
2019-03-01 00:00:00-05:00,70.14209312752163,70.72118799176263,69.74397446890178,69.843505859375,3054600,0.0,0.0
2019-03-04 00:00:00-05:00,69.94304153972494,70.28687288036537,68.76676516377209,68.92963409423828,4659000,0.0,0.0
2019-03-05 00:00:00-05:00,68.98390006023054,69.14676894022769,68.07003119778055,68.20574951171875,2484400,0.0,0.0
2019-03-06 00:00:00-05:00,68.38676052207337,68.50438543372519,67.60860949846776,67.7624282836914,1656200,0.0,0.0
2019-03-07 00:00:00-05:00,67.56335371978253,67.6809855143205,66.55899633789703,66.64043426513672,2976100,0.0,0.0
2019-03-08 00:00:00-05:00,66.05229702653556,66.05229702653556,65.05698982185909,65.59988403320312,3328900,0.0,0.0
2019-03-11 00:00:00-04:00,65.93467037465169,66.20611402144577,65.3736757927051,65.64512634277344,2642300,0.0,0.0
2019-03-12 00:00:00-04:00,65.83514312314206,66.48661896181888,65.6541737772459,66.16088104248047,2645600,0.0,0.0
2019-03-13 00:00:00-04:00,66.21516404177329,67.21047121731148,66.1337261156549,67.00236511230469,3467300,0.0,0.0
2019-03-14 00:00:00-04:00,66.95240416039874,67.29751714560494,66.67086480217804,67.10679626464844,1961200,0.275,0.0
2019-03-15 00:00:00-04:00,66.97966476972834,67.79704511543157,66.93425205590866,67.77887725830078,3861900,0.0,0.0
2019-03-18 00:00:00-04:00,67.96960116242222,68.34196603083949,67.63357200985871,67.7607192993164,3606700,0.0,0.0
2019-03-19 00:00:00-04:00,68.13306392262758,68.2329663346774,67.23394914318554,67.43375396728516,2389700,0.0,0.0
2019-03-20 00:00:00-04:00,67.47915703442224,67.49731795719771,66.44381121108971,66.48013305664062,3225000,0.0,0.0
2019-03-21 00:00:00-04:00,66.19858782471552,67.06137362438659,66.17134297847396,66.6526870727539,2284500,0.0,0.0
2019-03-22 00:00:00-04:00,66.31667020606818,66.52555896899997,65.81716504698137,66.0805435180664,2886700,0.0,0.0
2019-03-25 00:00:00-04:00,66.16227192976537,67.20670178931951,66.05329252358976,67.00689697265625,2998500,0.0,0.0
2019-03-26 00:00:00-04:00,67.5064230519942,67.68806005272819,66.64362997598917,67.1976318359375,2566400,0.0,0.0
2019-03-27 00:00:00-04:00,67.11589574068998,67.4519248773203,66.84343331676682,67.0795669555664,2038500,0.0,0.0
2019-03-28 00:00:00-04:00,67.17946623673525,67.9514338296939,66.88884289836234,67.90602111816406,2063400,0.0,0.0
2019-03-29 00:00:00-04:00,68.35102579605795,69.20472773361136,68.26928432229982,69.15023803710938,4317200,0.0,0.0
2019-04-01 00:00:00-04:00,69.57710037672403,70.01303185628691,69.46811404233034,69.9312973022461,2972900,0.0,0.0
2019-04-02 00:00:00-04:00,70.06754438262007,70.56704960497254,69.89498437960344,70.26734924316406,2430700,0.0,0.0
2019-04-03 00:00:00-04:00,70.68510894652059,70.73959865313694,70.05844960440677,70.312744140625,2295000,0.0,0.0
2019-04-04 00:00:00-04:00,70.28551331540672,70.44898939688996,69.8949875056972,70.16744995117188,2404700,0.0,0.0
2019-04-05 00:00:00-04:00,70.24010059815834,70.44898939688996,69.87682657620255,70.16744995117188,2370800,0.0,0.0
2019-04-08 00:00:00-04:00,69.89496852411487,70.04936063441814,69.5407715985928,69.9312973022461,2484900,0.0,0.0
2019-04-09 00:00:00-04:00,69.76782916260805,70.0947812737929,69.58619218039723,69.90406036376953,3121900,0.0,0.0
2019-04-10 00:00:00-04:00,69.90407609293331,70.0039785343304,69.67702634957782,69.79508972167969,1976500,0.0,0.0
2019-04-11 00:00:00-04:00,70.04937533960127,70.25826412545554,69.74967498286412,69.98580169677734,2193800,0.0,0.0
2019-04-12 00:00:00-04:00,70.6306234185229,70.95757556765156,69.93131333394675,70.18560791015625,5511000,0.0,0.0
2019-04-15 00:00:00-04:00,70.29458890079775,71.6750480357917,70.14927376605786,71.4207534790039,3970500,0.0,0.0
2019-04-16 00:00:00-04:00,71.5387872475783,72.53781106329619,71.36623425768495,72.14728546142578,2566200,0.0,0.0
2019-04-17 00:00:00-04:00,72.37436159848649,73.20081886925038,72.09281527039637,72.80121612548828,3266200,0.0,0.0
2019-04-18 00:00:00-04:00,72.7376523300597,73.11001723444483,72.48335772658122,72.52877044677734,2934900,0.0,0.0
2019-04-22 00:00:00-04:00,72.30169671846942,73.17356661073676,72.21995523503493,73.10999298095703,1474900,0.0,0.0
2019-04-23 00:00:00-04:00,73.25530781010832,73.40969992054525,72.64680943714086,73.13723754882812,2821300,0.0,0.0
2019-04-24 00:00:00-04:00,73.09185523097709,73.42788441106667,72.81030884210831,73.08277130126953,2603900,0.0,0.0
2019-04-25 00:00:00-04:00,72.91020652851299,73.57319477377766,72.66499587446084,73.400634765625,1401200,0.0,0.0
2019-04-26 00:00:00-04:00,73.72757226165601,73.74573318726733,73.30071775522352,73.73665618896484,1585700,0.0,0.0
2019-04-29 00:00:00-04:00,73.72756686928567,74.41779978514042,73.6458253874974,74.19075012207031,1846200,0.0,0.0
2019-04-30 00:00:00-04:00,74.15443568658453,74.46321996215853,73.83656748260918,73.88197326660156,3095700,0.0,0.0
2019-05-01 00:00:00-04:00,73.78208508094087,74.10903727641842,73.26441192626953,73.26441192626953,3852500,0.0,0.0
2019-05-02 00:00:00-04:00,73.33703182391527,73.94552318042186,72.23811242620778,72.4015884399414,3360500,0.0,0.0
2019-05-03 00:00:00-04:00,72.56507238349499,73.07366140224207,72.2017915433875,72.37435150146484,2630200,0.0,0.0
2019-05-06 00:00:00-04:00,71.68413344124892,73.75482565091669,71.62964372910201,73.51869201660156,2850500,0.0,0.0
2019-05-07 00:00:00-04:00,73.01916161653628,73.35519063079627,72.24719426855458,72.67404174804688,2999700,0.0,0.0
2019-05-08 00:00:00-04:00,72.54690057686128,73.47326701510036,72.3289348562778,73.02825164794922,1941000,0.0,0.0
2019-05-09 00:00:00-04:00,72.39252131028658,73.63675608843513,72.23812918621891,73.38246154785156,1915200,0.0,0.0
2019-05-10 00:00:00-04:00,73.34612679850058,74.09992643132247,72.56507538511366,73.89104461669922,1628000,0.0,0.0
2019-05-13 00:00:00-04:00,72.81029040016536,73.32796339824499,72.46517737778106,73.12815856933594,1943900,0.0,0.0
2019-05-14 00:00:00-04:00,73.16447031389474,74.46319447039433,73.15539331760799,73.84561920166016,3179400,0.0,0.0
2019-05-15 00:00:00-04:00,73.30980231658589,73.90013287465135,73.19173204756896,73.20989990234375,1370400,0.0,0.0
2019-05-16 00:00:00-04:00,73.55500327214148,74.16350160513485,73.37336632226629,73.87287139892578,2443000,0.0,0.0
2019-05-17 00:00:00-04:00,73.30980139923808,74.0908528486269,73.30980139923808,73.76390075683594,1284400,0.0,0.0
2019-05-20 00:00:00-04:00,73.79114604985034,74.11809814359172,73.44603303045947,73.65491485595703,1788400,0.0,0.0
2019-05-21 00:00:00-04:00,74.01820423388978,74.53587728695423,73.86381209660901,74.29974365234375,2300900,0.0,0.0
2019-05-22 00:00:00-04:00,73.92737496964429,74.2270822011889,73.57317803382107,73.67308044433594,2333000,0.0,0.0
2019-05-23 00:00:00-04:00,73.34612989610133,73.9818662226809,73.08275143823084,73.79114532470703,3167200,0.0,0.0
2019-05-24 00:00:00-04:00,74.07269168522525,74.31790924072266,73.42787137066905,74.31790924072266,2693700,0.0,0.0
2019-05-28 00:00:00-04:00,74.29065518756033,75.18976994538237,74.19075277791276,74.5358657836914,4187800,0.0,0.0
2019-05-29 00:00:00-04:00,74.09084573153274,74.62667959610349,73.81838337154396,74.5177001953125,1800100,0.0,0.0
2019-05-30 00:00:00-04:00,74.64486430542568,75.12620857829951,74.48138823831691,75.02630615234375,1946300,0.0,0.0
2019-05-31 00:00:00-04:00,74.3633024282668,74.84465352964088,74.27248394972659,74.66300964355469,2540700,0.0,0.0
2019-06-03 00:00:00-04:00,74.74475167788161,75.07170374625142,74.4177996095118,74.94454956054688,3539000,0.0,0.0
2019-06-04 00:00:00-04:00,75.38049587697712,76.23420491503462,75.22610375320272,76.11613464355469,3872500,0.0,0.0
2019-06-05 00:00:00-04:00,76.44307258797946,77.20596299599019,76.28868049280052,77.1514663696289,2136300,0.0,0.0
2019-06-06 00:00:00-04:00,77.28771956124291,77.6237556250205,76.86086499966274,77.36946105957031,1815300,0.0,0.0
2019-06-07 00:00:00-04:00,77.46028050536313,77.9688696424878,77.45119657676952,77.5420150756836,1633200,0.0,0.0
2019-06-10 00:00:00-04:00,78.01425835564454,78.52284733630366,77.67822239113467,78.177734375,2669100,0.0,0.0
2019-06-11 00:00:00-04:00,78.57733583934022,78.81346940348969,76.90625382598725,77.14238739013672,1747900,0.0,0.0
2019-06-12 00:00:00-04:00,77.13331570325451,77.63282775878906,76.96983966044375,77.63282775878906,1431000,0.0,0.0
2019-06-13 00:00:00-04:00,77.86514994087743,77.86514994087743,76.76268374440977,77.05424499511719,1505400,0.275,0.0
2019-06-14 00:00:00-04:00,77.16357873689812,77.54625155357665,76.95401584126856,77.38224792480469,1248400,0.0,0.0
2019-06-17 00:00:00-04:00,77.59184891204987,77.79229171106809,76.48937528490602,76.57138061523438,1927100,0.0,0.0
2019-06-18 00:00:00-04:00,76.85379411403207,77.32758548352915,76.58045935597,77.16358184814453,1682400,0.0,0.0
2019-06-19 00:00:00-04:00,77.39137373836151,77.9836025954913,77.2364763767081,77.88338470458984,1493100,0.0,0.0
2019-06-20 00:00:00-04:00,77.83782490490694,78.9494044561376,77.83782490490694,78.74895477294922,1721900,0.0,0.0
2019-06-21 00:00:00-04:00,78.96761186716944,79.50518202146716,78.68516387589241,79.05872344970703,4287900,0.0,0.0
2019-06-24 00:00:00-04:00,78.89473349547883,79.37763817422989,78.73984308318082,78.90384674072266,2043400,0.0,0.0
2019-06-25 00:00:00-04:00,78.85831438572794,78.96764555086106,78.2660784195627,78.840087890625,1738800,0.0,0.0
2019-06-26 00:00:00-04:00,78.90384940504897,78.90384940504897,76.99047797003216,77.00869750976562,1987900,0.0,0.0
2019-06-27 00:00:00-04:00,77.52804097860513,78.37539207594766,77.38226380720329,77.91072082519531,1434600,0.0,0.0
2019-06-28 00:00:00-04:00,77.91071935979683,78.30250549316406,77.67382364043377,78.30250549316406,3252900,0.0,0.0
2019-07-01 00:00:00-04:00,78.98585029234896,79.03140261481842,78.09293996524319,78.5029525756836,1579300,0.0,0.0
2019-07-02 00:00:00-04:00,78.49383900378379,79.6145248413086,78.49383900378379,79.6145248413086,1779500,0.0,0.0
2019-07-03 00:00:00-04:00,79.82409182189498,80.78078100615328,79.76031300636906,80.71699523925781,1665600,0.0,0.0
2019-07-05 00:00:00-04:00,80.9265808675731,81.62814803506886,80.59857345250789,81.56436920166016,1799300,0.0,0.0
2019-07-08 00:00:00-04:00,81.4094769395497,81.61903993117895,80.96302511557427,81.46414947509766,1722900,0.0,0.0
2019-07-09 00:00:00-04:00,81.27277660367007,81.67367594614683,81.13611269270646,81.6372299194336,1652800,0.0,0.0
2019-07-10 00:00:00-04:00,81.4732067780681,82.4207823917474,81.44587400241622,82.2658920288086,1837600,0.0,0.0
2019-07-11 00:00:00-04:00,82.54837581436348,83.61439623576341,82.2021489201927,83.57795715332031,2727700,0.0,0.0
2019-07-12 00:00:00-04:00,83.36839640715948,83.57795936929956,82.97661022249179,83.41395568847656,1773200,0.0,0.0
2019-07-15 00:00:00-04:00,83.63262800942202,83.7510724132668,82.97661326209884,83.72373962402344,1291100,0.0,0.0
2019-07-16 00:00:00-04:00,83.78751206210666,84.10640616458706,83.18616989048223,83.61439514160156,1176800,0.0,0.0
2019-07-17 00:00:00-04:00,83.43217885815203,83.73285344463046,82.71238528053878,82.8399429321289,1612200,0.0,0.0
2019-07-18 00:00:00-04:00,82.79438314843472,83.49595016903709,82.69415829529581,83.40483856201172,1859200,0.0,0.0
2019-07-19 00:00:00-04:00,83.63263419917143,83.65996699043774,82.63949875781222,82.70327758789062,1510500,0.0,0.0
2019-07-22 00:00:00-04:00,82.19304791262896,82.96750713021166,81.24547174649828,82.64861297607422,1671800,0.0,0.0
2019-07-23 00:00:00-04:00,82.63035701226049,82.9856970490196,81.97434249782269,82.82169342041016,2011400,0.0,0.0
2019-07-24 00:00:00-04:00,82.49371800853424,82.60305612027143,79.35942831910958,81.318359375,4039400,0.0,0.0
2019-07-25 00:00:00-04:00,81.4094588123704,81.92880260052162,81.0996779691857,81.62812805175781,1664500,0.0,0.0
2019-07-26 00:00:00-04:00,81.69191382092266,81.87413702851721,81.21812235898518,81.62812805175781,1548500,0.0,0.0
2019-07-29 00:00:00-04:00,81.60080173966267,81.60080173966267,80.16122160216729,80.34344482421875,2194500,0.0,0.0
2019-07-30 00:00:00-04:00,80.24321258517172,80.90834049207864,79.98809731721937,80.06098937988281,1382800,0.0,0.0
2019-07-31 00:00:00-04:00,80.1429762135675,80.61676760138648,79.60541296929948,80.05186462402344,2533300,0.0,0.0
2019-08-01 00:00:00-04:00,79.28651054062298,81.44589062562731,78.16582480195929,81.27277374267578,3272500,0.0,0.0
2019-08-02 00:00:00-04:00,81.22723691176361,82.62126463126489,80.63500105049728,82.38436889648438,2635000,0.0,0.0
2019-08-05 00:00:00-04:00,81.55522302021734,82.22034382171888,80.43453040826027,80.56208801269531,3134600,0.0,0.0
2019-08-06 00:00:00-04:00,80.88099765059336,82.54836702532991,80.40721316420569,82.52103424072266,2326200,0.0,0.0
2019-08-07 00:00:00-04:00,81.7283452115527,83.06770721059884,81.01766503688394,82.7761459350586,1913200,0.0,0.0
2019-08-08 00:00:00-04:00,83.05863384420788,83.95153756330227,82.42995177060028,83.74198150634766,1590900,0.0,0.0
2019-08-09 00:00:00-04:00,84.05173073411486,85.09953147771371,83.76928269809149,84.62574005126953,1693600,0.0,0.0
2019-08-12 00:00:00-04:00,84.17928981416075,84.20662259858749,82.43903534242175,82.53925323486328,2009800,0.0,0.0
2019-08-13 00:00:00-04:00,82.37526231442152,84.05173808979899,82.11103379412118,83.83306884765625,1971100,0.0,0.0
2019-08-14 00:00:00-04:00,82.82170152745246,83.74194458647105,81.32744918779768,81.33655548095703,2074600,0.0,0.0
2019-08-15 00:00:00-04:00,81.9105987120111,82.78528278806756,81.67370293577567,82.457275390625,1365400,0.0,0.0
2019-08-16 00:00:00-04:00,82.84905066268715,83.77840019830317,82.42993169945873,83.52328491210938,1922500,0.0,0.0
2019-08-19 00:00:00-04:00,84.32506915052927,84.87174566216784,83.99706185327234,84.59840393066406,1649600,0.0,0.0
2019-08-20 00:00:00-04:00,84.55285409995295,84.84441537817199,83.76016861634062,83.85128021240234,1303100,0.0,0.0
2019-08-21 00:00:00-04:00,84.03350591748581,84.50729036280437,83.79661021914211,84.4799575805664,1339400,0.0,0.0
2019-08-22 00:00:00-04:00,84.73506720373692,85.03574169117536,83.77837818056673,84.29772186279297,1721200,0.0,0.0
2019-08-23 00:00:00-04:00,84.27952389542324,84.55286567238888,82.8672696333843,83.31372833251953,2116900,0.0,0.0
2019-08-26 00:00:00-04:00,83.9241970693833,84.31598330445375,83.42307271590785,84.28865051269531,1124200,0.0,0.0
2019-08-27 00:00:00-04:00,84.46172634400175,85.01751605616273,84.24305714702038,84.84440612792969,1816700,0.0,0.0
2019-08-28 00:00:00-04:00,84.73509991955066,84.99021523719661,83.97886026269228,84.9811019897461,1741500,0.0,0.0
2019-08-29 00:00:00-04:00,85.19065982997913,85.53688674711556,84.25219698899117,84.5346450805664,1591800,0.0,0.0
2019-08-30 00:00:00-04:00,85.19063622439332,85.43663821157276,84.44351006711113,85.17241668701172,1473600,0.0,0.0
2019-09-03 00:00:00-04:00,84.84440149583872,85.46396997960088,84.81706176526129,85.43663024902344,1871600,0.0,0.0
2019-09-04 00:00:00-04:00,85.81933122867449,86.44800616001804,85.42754507662222,85.88311004638672,1303300,0.0,0.0
2019-09-05 00:00:00-04:00,86.59379603699654,86.96735572229623,85.87400250280857,86.31134796142578,2331300,0.0,0.0
2019-09-06 00:00:00-04:00,86.55734001789116,87.0311245046497,86.26577872956989,86.45711517333984,1573100,0.0,0.0
2019-09-09 00:00:00-04:00,87.0584554966343,87.0584554966343,83.45948860233274,83.98794555664062,2753100,0.0,0.0
2019-09-10 00:00:00-04:00,83.71461422668943,83.76928674861152,81.1270086004509,82.11103057861328,2814700,0.0,0.0
2019-09-11 00:00:00-04:00,82.52104135962827,82.65771224582424,81.08145433425476,81.14523315429688,2431100,0.0,0.0
2019-09-12 00:00:00-04:00,81.31835795749203,82.5848281863786,81.31835795749203,82.2750473022461,2527800,0.0,0.0
2019-09-13 00:00:00-04:00,82.49893086131438,83.12953311925834,81.58501777912473,83.01072692871094,2066300,0.275,0.0
2019-09-16 00:00:00-04:00,83.16609585984101,86.10889729049816,82.85536873864314,83.9703369140625,3139600,0.0,0.0
2019-09-17 00:00:00-04:00,84.3815984692919,85.95353012199168,84.3815984692919,85.22239685058594,2455600,0.0,0.0
2019-09-18 00:00:00-04:00,86.31905664061478,86.47442710763735,84.27189402838584,85.29547882080078,1649900,0.0,0.0
2019-09-19 00:00:00-04:00,85.05790275918227,85.94439969457919,84.71061824713794,85.47830200195312,1380100,0.0,0.0
2019-09-20 00:00:00-04:00,85.77990864149596,85.81646601265726,84.1348618022658,84.38162231445312,3194200,0.0,0.0
2019-09-23 00:00:00-04:00,84.4090247541238,84.8294239946125,84.23537901274204,84.53697204589844,1291200,0.0,0.0
2019-09-24 00:00:00-04:00,84.82940451253624,85.83470741957336,84.43642164302322,84.90251922607422,1526600,0.0,0.0
2019-09-25 00:00:00-04:00,85.12187220287484,85.50571406133183,84.15312647269177,85.3412094116211,1440000,0.0,0.0
2019-09-26 00:00:00-04:00,85.56969553937192,86.11804907035231,84.99393269896825,86.0632095336914,2138700,0.0,0.0
2019-09-27 00:00:00-04:00,86.36478021357846,86.73948789786246,84.13483021810072,84.44556427001953,2552700,0.0,0.0
2019-09-30 00:00:00-04:00,84.74716550360696,84.93908641941786,84.01603222876231,84.3267593383789,2087300,0.0,0.0
2019-10-01 00:00:00-04:00,84.26280911502752,84.81116270984131,83.82413460630322,84.38162231445312,2361600,0.0,0.0
2019-10-02 00:00:00-04:00,84.08000782259712,84.2627876592569,82.45324356947219,82.6451644897461,2064900,0.0,0.0
2019-10-03 00:00:00-04:00,82.57204879628928,83.49510299756928,82.19734804375621,83.4859619140625,1720800,0.0,0.0
2019-10-04 00:00:00-04:00,83.86069573375626,85.97183346149247,83.6504925833148,85.9078598022461,1608000,0.0,0.0
2019-10-07 00:00:00-04:00,85.58796184052494,86.61154003368631,85.3594835691795,86.2368392944336,2304300,0.0,0.0
2019-10-08 00:00:00-04:00,85.87126750781906,86.17286048130441,84.92993820203424,84.93907928466797,1421300,0.0,0.0
2019-10-09 00:00:00-04:00,85.59711611575636,86.24599366966866,85.35035564001512,86.02664947509766,1809200,0.0,0.0
2019-10-10 00:00:00-04:00,85.67934972335189,87.07763559522047,85.67934972335189,86.58412170410156,2741600,0.0,0.0
2019-10-11 00:00:00-04:00,87.33355483377713,87.33355483377713,85.73420652000809,85.85301971435547,2536100,0.0,0.0
2019-10-14 00:00:00-04:00,86.00836187402,86.48359361517474,85.14014722335894,85.45087432861328,1467000,0.0,0.0
2019-10-15 00:00:00-04:00,85.88956580961496,86.06320457665979,85.14929137447135,85.26810455322266,2127500,0.0,0.0
2019-10-16 00:00:00-04:00,85.59711400869276,85.78903494476464,84.4638566157859,85.54227447509766,2043600,0.0,0.0
2019-10-17 00:00:00-04:00,85.84385861299006,86.4104872507451,85.71591133552984,86.16372680664062,1598500,0.0,0.0
2019-10-18 00:00:00-04:00,86.30082326264879,86.64810776653033,85.84386666525525,86.27340698242188,2177500,0.0,0.0
2019-10-21 00:00:00-04:00,86.40131241405037,86.42872868099525,85.13097424653054,85.29547882080078,2259400,0.0,0.0
2019-10-22 00:00:00-04:00,85.24068512052746,86.21857201179232,83.90637262224301,83.96121215820312,2511800,0.0,0.0
2019-10-23 00:00:00-04:00,83.86067021766846,85.24067401475055,83.86067021766846,84.92994689941406,1995500,0.0,0.0
2019-10-24 00:00:00-04:00,84.82941868988355,85.85300393267606,84.82941868988355,84.91167449951172,1657400,0.0,0.0
2019-10-25 00:00:00-04:00,84.8385563237757,85.36862760505585,84.01603312396232,84.04344940185547,1407500,0.0,0.0
2019-10-28 00:00:00-04:00,84.43642388973738,84.43642388973738,83.54992713915911,83.71443176269531,2520700,0.0,0.0
2019-10-29 00:00:00-04:00,83.83325336128271,84.77458275697252,83.42198827472252,83.4859619140625,2130100,0.0,0.0
2019-10-30 00:00:00-04:00,83.58650768036253,85.22241328687137,83.49511774696195,85.15843963623047,2372400,0.0,0.0
2019-10-31 00:00:00-04:00,85.77076175767108,86.94971075065784,84.76545852281106,86.20030212402344,3281200,0.0,0.0
2019-11-01 00:00:00-04:00,86.76691423113864,87.07764134647512,84.77458334174582,84.92994689941406,2536900,0.0,0.0
2019-11-04 00:00:00-05:00,85.18584829809555,85.3869103171524,82.91020638876108,83.32146453857422,2807700,0.0,0.0
2019-11-05 00:00:00-05:00,83.18437600807566,83.44941167155204,81.42052326139823,81.71298217773438,4368000,0.0,0.0
2019-11-06 00:00:00-05:00,82.06939298178162,83.3580067298784,81.77694109073389,83.26661682128906,3407700,0.0,0.0
2019-11-07 00:00:00-05:00,83.52253211163968,83.55908947868137,82.59034365619333,82.83709716796875,2905400,0.0,0.0
2019-11-08 00:00:00-05:00,83.07469981966256,83.7784098186847,82.59946111653298,82.68171691894531,2064300,0.0,0.0
2019-11-11 00:00:00-05:00,82.81881540045055,83.5682239338401,82.27046191093271,83.33060455322266,1718100,0.0,0.0
2019-11-12 00:00:00-05:00,83.39458123931915,83.87895412980478,83.35802387384418,83.53166961669922,1548000,0.0,0.0
2019-11-13 00:00:00-05:00,83.64132036158229,84.81113493786317,83.48595681447584,84.69232177734375,1808200,0.0,0.0
2019-11-14 00:00:00-05:00,84.71060237643472,85.22239145042678,84.29933732260265,85.14927673339844,1919300,0.0,0.0
2019-11-15 00:00:00-05:00,85.40514409363051,85.45084252038232,84.58262819290546,84.95732879638672,2833600,0.0,0.0
2019-11-18 00:00:00-05:00,85.28639393294817,85.542288556501,84.58268371817786,84.82943725585938,3077900,0.0,0.0
2019-11-19 00:00:00-05:00,84.85684568645638,86.20944039338849,84.5461185216478,85.88957214355469,2389700,0.0,0.0
2019-11-20 00:00:00-05:00,85.92611327563306,87.13247838253535,85.84386443708715,86.34651947021484,1502300,0.0,0.0
2019-11-21 00:00:00-05:00,86.45617418962898,86.7029346207955,85.51484485226798,85.80729675292969,1978400,0.0,0.0
2019-11-22 00:00:00-05:00,85.78901624793001,86.42875256207896,85.37775121231749,85.6793441772461,1958400,0.0,0.0
2019-11-25 00:00:00-05:00,85.8804338637414,86.62070140505199,85.7524865596286,86.20030212402344,2144000,0.0,0.0
2019-11-26 00:00:00-05:00,86.14546613641299,86.58414059806405,85.88957153834906,86.33738708496094,4586700,0.0,0.0
2019-11-27 00:00:00-05:00,86.19115058064722,86.33738003766481,84.84769707786624,85.38690948486328,2423500,0.0,0.0
2019-11-29 00:00:00-05:00,85.12187999683573,86.37394366608729,85.12187999683573,86.0632095336914,1259200,0.0,0.0
2019-12-02 00:00:00-05:00,86.05407046491305,86.4653286168561,84.96651152307543,85.26810455322266,2141200,0.0,0.0
2019-12-03 00:00:00-05:00,84.98478266850914,85.6976338166225,84.8568353841095,85.40518188476562,2425700,0.0,0.0
2019-12-04 00:00:00-05:00,85.32295721472093,86.0175333643434,85.07619668733912,85.2863998413086,2260400,0.0,0.0
2019-12-05 00:00:00-05:00,85.24067546342722,85.76160567410045,84.87511578566658,85.58796691894531,1544000,0.0,0.0
2019-12-06 00:00:00-05:00,86.02663790479762,86.32823090231608,85.57882243650285,85.72505187988281,2170400,0.0,0.0
2019-12-09 00:00:00-05:00,85.63363990113555,85.63363990113555,84.49124872330502,84.88423156738281,3062900,0.0,0.0
2019-12-10 00:00:00-05:00,84.90255265144174,85.03049996420347,84.18056025936882,84.38162231445312,2317300,0.0,0.0
2019-12-11 00:00:00-05:00,84.68320988946763,85.21327430531814,84.26280363475789,84.36333465576172,3048800,0.0,0.0
2019-12-12 00:00:00-05:00,84.2902128342434,84.40901903352393,82.84622838481552,82.91020202636719,6006600,0.0,0.0
2019-12-13 00:00:00-05:00,82.9055977922988,84.39980271320174,82.511420090075,84.25313568115234,2861800,0.275,0.0
2019-12-16 00:00:00-05:00,84.72984210727462,84.82150990880307,84.16149054771036,84.58316802978516,2883300,0.0,0.0
2019-12-17 00:00:00-05:00,84.26232271461429,85.05067835438507,83.21729444678874,84.88567352294922,4126500,0.0,0.0
2019-12-18 00:00:00-05:00,85.24319597560203,85.24319597560203,84.06066233352044,84.20733642578125,3521200,0.0,0.0
2019-12-19 00:00:00-05:00,84.09731201984847,85.77485985685227,83.9781445919328,85.70152282714844,2233400,0.0,0.0
2019-12-20 00:00:00-05:00,86.02234899946768,86.27902855989531,84.9956587329688,85.27983093261719,4585600,0.0,0.0
2019-12-23 00:00:00-05:00,85.46318914578144,85.66485548953223,84.46399133529658,84.66566467285156,2696000,0.0,0.0
2019-12-24 00:00:00-05:00,84.70233111571102,84.80316778202123,84.29898445047016,84.50982666015625,731200,0.0,0.0
2019-12-26 00:00:00-05:00,84.75733167738305,85.2981835316046,84.52815870389009,85.1331787109375,1212700,0.0,0.0
2019-12-27 00:00:00-05:00,85.26150347068982,85.45400790309894,84.92232499808144,85.25233459472656,1226400,0.0,0.0
2019-12-30 00:00:00-05:00,85.32568064838954,85.45401695024945,84.59232435735808,84.73899841308594,2059600,0.0,0.0
2019-12-31 00:00:00-05:00,84.70233094012168,85.09650872747974,84.06981130617865,84.83983612060547,2358100,0.0,0.0
2020-01-02 00:00:00-05:00,85.10567267551093,85.31651488987528,84.50065965802936,84.94983673095703,3045300,0.0,0.0
2020-01-03 00:00:00-05:00,84.4273279601201,87.06740527604188,84.28982276761506,86.7832260131836,2544500,0.0,0.0
2020-01-06 00:00:00-05:00,86.81072998046875,87.51658674007295,86.18737913800237,86.81072998046875,2649700,0.0,0.0
2020-01-07 00:00:00-05:00,86.2423763940064,87.02156311714361,85.95819714670377,86.56321716308594,2343900,0.0,0.0
2020-01-08 00:00:00-05:00,86.7740741371053,86.99407827420444,85.69237722181016,85.80237579345703,3013700,0.0,0.0
2020-01-09 00:00:00-05:00,85.82069895552985,87.06740051007108,85.82069895552985,86.56321716308594,2268300,0.0,0.0
2020-01-10 00:00:00-05:00,86.54490560121013,86.90241496518021,86.23322664653024,86.39823150634766,1510500,0.0,0.0
2020-01-13 00:00:00-05:00,86.35237947151776,87.14990399113523,86.19654351748589,87.11323547363281,2627700,0.0,0.0
2020-01-14 00:00:00-05:00,87.1315778172057,87.19574597776257,85.71987129114939,85.95820617675781,3366100,0.0,0.0
2020-01-15 00:00:00-05:00,86.2240453833631,88.23160305717505,85.80236791190487,87.79158782958984,3015800,0.0,0.0
2020-01-16 00:00:00-05:00,88.67160045714262,88.9099352884373,87.61740349354322,88.24991607666016,2686500,0.0,0.0
2020-01-17 00:00:00-05:00,88.04829281812138,88.96498506195894,88.04829281812138,88.70830535888672,2468700,0.0,0.0
2020-01-21 00:00:00-05:00,88.63495140784785,89.33163228987033,88.552445491358,88.6991195678711,2263600,0.0,0.0
2020-01-22 00:00:00-05:00,88.57993439553243,89.0107807008109,88.31409290942862,88.39659881591797,1930400,0.0,0.0
2020-01-23 00:00:00-05:00,88.1399177192818,89.30411322471306,88.01158142714932,89.1941146850586,2333000,0.0,0.0
2020-01-24 00:00:00-05:00,89.19413220983932,89.91831271752886,88.79078550171472,89.01995849609375,1880200,0.0,0.0
2020-01-27 00:00:00-05:00,88.28659238897114,90.19331317063161,87.67241051022025,90.00080871582031,2343600,0.0,0.0
2020-01-28 00:00:00-05:00,89.96413065651663,90.84415392534441,89.91829327003262,90.6974868774414,2034000,0.0,0.0
2020-01-29 00:00:00-05:00,90.9908542443686,91.48586878737797,90.3400037323948,90.67001342773438,1762400,0.0,0.0
2020-01-30 00:00:00-05:00,90.36749818599154,91.83420397339373,90.24832375108066,91.82503509521484,1463800,0.0,0.0
2020-01-31 00:00:00-05:00,91.54086035113332,92.06337449238282,91.11001400778984,91.43085479736328,2067900,0.0,0.0
2020-02-03 00:00:00-05:00,91.80669298933626,92.06336559619243,91.22917263010586,91.70585632324219,1920000,0.0,0.0
2020-02-04 00:00:00-05:00,92.36586481735897,93.43839251106871,83.46478855893966,84.8764877319336,11043200,0.0,0.0
2020-02-05 00:00:00-05:00,85.81154516037283,86.18738527197938,83.72148836153127,85.1423568725586,12768000,0.0,0.0
2020-02-06 00:00:00-05:00,85.02317742901513,85.09651446272305,79.59636282311021,82.60311126708984,17797700,0.0,0.0
2020-02-07 00:00:00-05:00,86.0773725134259,87.50740966772884,84.44566201812039,84.91316986083984,12776900,0.0,0.0
2020-02-10 00:00:00-05:00,84.83068150564505,87.05824342381658,84.82151262705689,86.92073822021484,5715000,0.0,0.0
2020-02-11 00:00:00-05:00,86.99407423854382,87.22324724391733,86.78323199632595,86.86573791503906,3827800,0.0,0.0
2020-02-12 00:00:00-05:00,86.81072255187122,87.07656404953666,86.1048728464732,86.52655029296875,4506100,0.0,0.0
2020-02-13 00:00:00-05:00,86.72821721470137,86.783216488145,86.06819795816246,86.34320831298828,5791300,0.0,0.0
2020-02-14 00:00:00-05:00,86.62738564296986,88.82744762948867,86.58154824986987,88.79077911376953,5111600,0.0,0.0
2020-02-18 00:00:00-05:00,87.86491972265547,88.5524386672675,87.09490186171611,88.18576049804688,2656200,0.0,0.0
2020-02-19 00:00:00-05:00,88.66243583139513,88.87327103794041,87.46157175972222,87.47073364257812,2520300,0.0,0.0
2020-02-20 00:00:00-05:00,87.2140682348614,87.71825158564043,86.60905520773085,87.27823638916016,1880700,0.0,0.0
2020-02-21 00:00:00-05:00,87.15906976669226,87.26906832147975,86.62738677253823,86.85655975341797,2047300,0.0,0.0
2020-02-24 00:00:00-05:00,85.71071432839337,86.84741061362725,85.3073675523595,86.03155517578125,2558900,0.0,0.0
2020-02-25 00:00:00-05:00,86.19654983393133,86.6365650824,83.94148829581654,84.30816650390625,3063600,0.0,0.0
2020-02-26 00:00:00-05:00,84.4731605004919,86.62738507990868,84.12481310032635,86.04070281982422,3923900,0.0,0.0
2020-02-27 00:00:00-05:00,85.32568810840263,87.36990723375708,84.15232353520832,84.170654296875,5272800,0.0,0.0
2020-02-28 00:00:00-05:00,83.10728518559031,84.92233110383367,80.13719860224063,81.78724670410156,7199900,0.0,0.0
2020-03-02 00:00:00-05:00,82.44728769376994,85.6190414428711,82.07144058494366,85.6190414428711,7056100,0.0,0.0
2020-03-03 00:00:00-05:00,85.82069064992254,88.20408798159976,84.55565146311736,87.03072357177734,6139200,0.0,0.0
2020-03-04 00:00:00-05:00,87.31491217627627,92.09087661196351,86.95740285915338,91.82503509521484,5223500,0.0,0.0
2020-03-05 00:00:00-05:00,90.02827627895073,91.03663558510874,88.70823820904118,89.7532730102539,3752300,0.0,0.0
2020-03-06 00:00:00-05:00,87.20489451014986,88.53410190931753,84.50065630869777,86.20570373535156,5964000,0.0,0.0
2020-03-09 00:00:00-04:00,81.52142357674735,84.27149970281263,80.36638964553445,81.23725128173828,5790200,0.0,0.0
2020-03-10 00:00:00-04:00,83.25397350815989,83.87732439544106,79.61470487166575,83.0064697265625,5243100,0.0,0.0
2020-03-11 00:00:00-04:00,80.88888143289662,81.86974136652326,77.88213348659453,79.01882934570312,4539900,0.0,0.0
2020-03-12 00:00:00-04:00,73.72953598150411,76.12210260070727,69.17357573732183,69.31108093261719,6554300,0.0,0.0
2020-03-13 00:00:00-04:00,73.12451105688578,76.35127051750847,70.3836041865044,76.1954345703125,7338700,0.0,0.0
2020-03-16 00:00:00-04:00,69.02852829950922,73.5549875606586,66.99530176577103,68.20051574707031,5791800,0.3,0.0
2020-03-17 00:00:00-04:00,69.74612810991437,72.57056550482542,67.81410374210628,70.64774322509766,7108100,0.0,0.0
2020-03-18 00:00:00-04:00,66.903312188754,67.69452352471433,60.75762821823569,64.47447967529297,8145300,0.0,0.0
2020-03-19 00:00:00-04:00,64.42847485154175,68.94573963776809,58.982002485447325,67.7865219116211,5503100,0.0,0.0
2020-03-20 00:00:00-04:00,67.86931913826696,68.17292494831506,63.315260064099,67.1517105102539,8462600,0.0,0.0
2020-03-23 00:00:00-04:00,66.46170938605049,66.61811686524939,58.42999967295459,61.50284194946289,6813600,0.0,0.0
2020-03-24 00:00:00-04:00,64.67687016557265,68.21891626285453,64.29966173782715,67.76811218261719,5101200,0.0,0.0
2020-03-25 00:00:00-04:00,67.61171445089383,71.337767761826,66.71010616106514,68.559326171875,4553200,0.0,0.0
2020-03-26 00:00:00-04:00,69.37813577999525,74.24499501163051,69.37813577999525,73.43538665771484,4670400,0.0,0.0
2020-03-27 00:00:00-04:00,71.44816595181823,77.60304410022898,71.13535808762393,74.75100708007812,4639700,0.0,0.0
2020-03-30 00:00:00-04:00,75.50544207301692,77.74107321670066,74.7602340315023,77.10626220703125,4768800,0.0,0.0
2020-03-31 00:00:00-04:00,75.94700987412719,76.32421122596025,73.86778033796075,74.29098510742188,3815600,0.0,0.0
2020-04-01 00:00:00-04:00,71.19056218107502,73.71140139484183,71.19056218107502,72.9661865234375,3229100,0.0,0.0
2020-04-02 00:00:00-04:00,72.68097725078894,74.87980625418687,70.9973529286144,74.6498031616211,2963200,0.0,0.0
2020-04-03 00:00:00-04:00,74.38300911445023,76.31503395785057,74.2542079261661,74.51181030273438,4932300,0.0,0.0
2020-04-06 00:00:00-04:00,76.85784803554604,78.80827713712698,75.8550307221915,77.6766586303711,4128100,0.0,0.0
2020-04-07 00:00:00-04:00,80.19751411974742,80.19751411974742,75.54225159622729,75.71705627441406,4680500,0.0,0.0
2020-04-08 00:00:00-04:00,76.53584880678181,79.08428056597482,75.7170381717871,78.51387023925781,3512100,0.0,0.0
2020-04-09 00:00:00-04:00,79.30509363328984,80.8415202097896,78.99229267776798,80.39070892333984,4285600,0.0,0.0
2020-04-13 00:00:00-04:00,79.75585854802755,79.75585854802755,77.89743000397833,78.36663818359375,2499300,0.0,0.0
2020-04-14 00:00:00-04:00,79.77427983295571,80.50109052109993,79.26827718973449,80.04108428955078,3350600,0.0,0.0
2020-04-15 00:00:00-04:00,79.13947587479512,79.80188602893747,78.5690725902804,79.35108184814453,3483100,0.0,0.0
2020-04-16 00:00:00-04:00,79.71907775259152,81.36590082990578,79.12106827459552,81.05309295654297,2675800,0.0,0.0
2020-04-17 00:00:00-04:00,82.53431756963487,83.30713169184196,80.84149799959526,83.16912841796875,3854600,0.0,0.0
2020-04-20 00:00:00-04:00,83.56474083483064,84.39275352606577,81.12670619585892,82.2491226196289,4323000,0.0,0.0
2020-04-21 00:00:00-04:00,80.81389578578379,81.87191157973233,79.80188342514805,80.52869415283203,3154600,0.0,0.0
2020-04-22 00:00:00-04:00,81.64189841163741,82.84711942866566,80.07788013927336,82.055908203125,2237300,0.0,0.0
2020-04-23 00:00:00-04:00,81.94550358513922,83.08631698739856,81.09909386795124,81.42109680175781,2204600,0.0,0.0
2020-04-24 00:00:00-04:00,82.07430719082458,82.18471120817459,80.78628839829209,81.80750274658203,1804400,0.0,0.0
2020-04-27 00:00:00-04:00,82.81031678218817,85.17474833209984,82.61711502353438,84.96314239501953,2273800,0.0,0.0
2020-04-28 00:00:00-04:00,86.03036569540835,86.66516950943054,82.94832540855401,83.06792449951172,2333000,0.0,0.0
2020-04-29 00:00:00-04:00,84.36514187746604,84.88035364092352,83.31632820845144,83.44512939453125,2054500,0.0,0.0
2020-04-30 00:00:00-04:00,82.83793129667424,84.5031517751436,81.90871665074096,82.29512023925781,3764200,0.0,0.0
2020-05-01 00:00:00-04:00,81.46711001084677,83.38993277440649,81.07150435348754,81.57750701904297,3026200,0.0,0.0
2020-05-04 00:00:00-04:00,81.09910451390147,83.26113251799974,80.51029706646548,82.49752044677734,3015400,0.0,0.0
2020-05-05 00:00:00-04:00,82.66312023138538,86.27876957198828,82.50671979379729,85.53356170654297,2676900,0.0,0.0
2020-05-06 00:00:00-04:00,85.8739501317574,85.9659569828728,84.31913401965616,84.40193176269531,2318900,0.0,0.0
2020-05-07 00:00:00-04:00,85.55195157933912,87.10677478998127,85.20234939231335,85.64395141601562,2064500,0.0,0.0
2020-05-08 00:00:00-04:00,87.08840219400567,87.1251965237442,85.34957180042738,86.03958129882812,2126700,0.0,0.0
2020-05-11 00:00:00-04:00,85.76357262025998,86.77558504014941,85.28516215469409,86.57318115234375,3081300,0.0,0.0
2020-05-12 00:00:00-04:00,87.08839821552483,87.12519254358249,85.1103696733109,85.14717102050781,2624500,0.0,0.0
2020-05-13 00:00:00-04:00,84.79754725433229,86.47196966065415,84.0983428343829,85.83716583251953,3332700,0.0,0.0
2020-05-14 00:00:00-04:00,84.42954658339643,85.8095653750247,83.73034211608453,85.79116821289062,2450400,0.0,0.0
2020-05-15 00:00:00-04:00,85.48755115959493,86.56396399101244,85.26675014731028,85.99356079101562,2595800,0.0,0.0
2020-05-18 00:00:00-04:00,87.64039781490465,89.00201246341567,86.83998436644106,88.32120513916016,2872200,0.0,0.0
2020-05-19 00:00:00-04:00,87.87038748697367,88.44999277998379,85.27595276437876,85.52435302734375,2656300,0.0,0.0
2020-05-20 00:00:00-04:00,86.53635147629434,86.81235796369302,85.6439384553934,85.97514343261719,3702000,0.0,0.0
2020-05-21 00:00:00-04:00,85.74517397065623,86.22358446709013,84.67796297401165,85.432373046875,2397500,0.0,0.0
2020-05-22 00:00:00-04:00,85.70836064747174,86.33396235638625,85.02754640105697,86.26956176757812,1747500,0.0,0.0
2020-05-26 00:00:00-04:00,87.71397922238712,88.03598917907597,86.49956312995275,86.6927719116211,2689600,0.0,0.0
2020-05-27 00:00:00-04:00,87.28159641199989,87.39199342988283,84.53995582196993,85.40476989746094,3450100,0.0,0.0
2020-05-28 00:00:00-04:00,86.36156567293422,87.98078242736912,85.66235429039244,87.28157806396484,2682000,0.0,0.0
2020-05-29 00:00:00-04:00,87.32759096332201,89.58162595849043,86.9779887155996,89.47122192382812,3405600,0.0,0.0
2020-06-01 00:00:00-04:00,89.60921113472062,90.60282623316753,89.17680417414812,89.81161499023438,2137300,0.0,0.0
2020-06-02 00:00:00-04:00,90.19803488309569,90.27163757465829,88.25680776275097,88.6432113647461,3342800,0.0,0.0
2020-06-03 00:00:00-04:00,88.90081885602413,90.30844409098005,88.27520998020131,90.05083465576172,2781800,0.0,0.0
2020-06-04 00:00:00-04:00,89.43442216194843,89.67362739838134,87.40119520011609,88.12800598144531,3720900,0.0,0.0
2020-06-05 00:00:00-04:00,88.32121428825494,90.52004395744179,86.00278550160961,89.98643493652344,3964700,0.0,0.0
2020-06-08 00:00:00-04:00,89.4712096025804,89.912818661276,88.70759759438688,89.68281555175781,5449400,0.0,0.0
2020-06-09 00:00:00-04:00,89.29643254353755,90.31764722640118,88.94683023609794,89.64604187011719,2202200,0.0,0.0
2020-06-10 00:00:00-04:00,89.6828127786535,90.07841839555769,88.84559811670879,89.52640533447266,2466900,0.0,0.0
2020-06-11 00:00:00-04:00,89.23202296495562,89.24122505660912,84.43875800782003,84.67796325683594,3560700,0.0,0.0
2020-06-12 00:00:00-04:00,86.10396805862531,86.9043814749499,84.23634377300644,85.80036926269531,2808800,0.0,0.0
2020-06-15 00:00:00-04:00,84.30512826788595,86.79718258546552,83.76980434051563,86.5479736328125,2437000,0.3,0.0
2020-06-16 00:00:00-04:00,88.37550012992376,88.37550012992376,86.20649448548502,87.36945343017578,2266200,0.0,0.0
2020-06-17 00:00:00-04:00,87.84012447960771,87.88627635914195,87.09251191531253,87.33248901367188,3188400,0.0,0.0
2020-06-18 00:00:00-04:00,87.15714410436767,87.35096937608236,86.44645144141383,87.12022399902344,1944200,0.0,0.0
2020-06-19 00:00:00-04:00,88.35701761256038,88.38470592946983,86.28953408731935,87.24020385742188,4015800,0.0,0.0
2020-06-22 00:00:00-04:00,86.91716224852112,87.63708665939525,86.52027993973287,87.04637908935547,1570600,0.0,0.0
2020-06-23 00:00:00-04:00,87.71093536068481,87.91399242788712,86.25262282513216,86.29877471923828,2055000,0.0,0.0
2020-06-24 00:00:00-04:00,85.76345189997838,86.07726931785051,83.48368613309249,83.72366333007812,3967700,0.0,0.0
2020-06-25 00:00:00-04:00,83.86210693532993,85.80036684527659,83.0775740005647,85.68038177490234,2718900,0.0,0.0
2020-06-26 00:00:00-04:00,85.0435008324394,85.64344011693413,83.37290684610741,83.43751525878906,3368700,0.0,0.0
2020-06-29 00:00:00-04:00,84.25896809507962,84.25896809507962,83.16061803770262,83.43751525878906,2186600,0.0,0.0
2020-06-30 00:00:00-04:00,83.35445798652833,84.7850821449767,83.35445798652833,84.54510498046875,5300800,0.0,0.0
2020-07-01 00:00:00-04:00,84.61894887100233,86.66796904075505,84.51742033705672,86.11418151855469,2304000,0.0,0.0
2020-07-02 00:00:00-04:00,87.26791025643419,87.31405510985788,85.08967318798535,85.15428161621094,2084900,0.0,0.0
2020-07-06 00:00:00-04:00,86.2987737477585,86.3356938542697,85.05275008061417,85.40348052978516,1921600,0.0,0.0
2020-07-07 00:00:00-04:00,84.91430756671599,85.93881771048378,84.90507577897472,85.4404067993164,2085700,0.0,0.0
2020-07-08 00:00:00-04:00,85.54192448269086,86.64027470541207,85.42193942444506,86.61257934570312,2530000,0.0,0.0
2020-07-09 00:00:00-04:00,86.88024934924374,86.88024934924374,84.45281044738525,85.04351806640625,1888600,0.0,0.0
2020-07-10 00:00:00-04:00,85.13582980868657,85.56040054453649,84.49897722580745,85.42195892333984,1784100,0.0,0.0
2020-07-13 00:00:00-04:00,85.58808534630008,87.0556226841763,84.65587197515525,84.75740051269531,2435800,0.0,0.0
2020-07-14 00:00:00-04:00,84.76660653030167,85.22809722014466,83.8436251506157,84.65585327148438,2387100,0.0,0.0
2020-07-15 00:00:00-04:00,85.61578012291199,86.59413842193513,84.46205305640687,86.05880737304688,3542200,0.0,0.0
2020-07-16 00:00:00-04:00,85.7357455913372,86.40029335632012,84.96966930438248,85.25579833984375,2401400,0.0,0.0
2020-07-17 00:00:00-04:00,85.68038900843639,86.79719596968313,85.42195527086409,86.6033706665039,2094900,0.0,0.0
2020-07-20 00:00:00-04:00,86.19724786334204,87.34174303318787,86.04034268719191,86.99101257324219,1900400,0.0,0.0
2020-07-21 00:00:00-04:00,87.02792263598043,88.1078092532521,87.00023431888982,87.7847671508789,2420300,0.0,0.0
2020-07-22 00:00:00-04:00,87.3694448108341,88.80006211774449,87.12023582637566,88.66161346435547,2908100,0.0,0.0
2020-07-23 00:00:00-04:00,88.8738798775995,89.56611592780658,88.16318025598494,88.46776580810547,3245200,0.0,0.0
2020-07-24 00:00:00-04:00,88.4677783641621,89.10463787411338,88.14473623657459,88.90158081054688,3222000,0.0,0.0
2020-07-27 00:00:00-04:00,88.53238659692111,89.09540589311504,87.25867462158203,87.25867462158203,3023700,0.0,0.0
2020-07-28 00:00:00-04:00,87.29559572938034,87.38789247500763,85.67114624753677,85.76344299316406,3218700,0.0,0.0
2020-07-29 00:00:00-04:00,85.69884282335856,87.47096586057586,85.66192271319267,87.03717041015625,2489500,0.0,0.0
2020-07-30 00:00:00-04:00,86.41874196028373,88.03395933577046,86.16030830689208,87.10175323486328,3402900,0.0,0.0
2020-07-31 00:00:00-04:00,87.42480933862055,89.37230087881322,86.67719657244453,89.3261489868164,3423700,0.0,0.0
2020-08-03 00:00:00-04:00,89.63997033120182,90.35989481078597,88.55085182465926,88.86466217041016,2873300,0.0,0.0
2020-08-04 00:00:00-04:00,88.33856692452865,88.62468896337754,87.72017095072397,88.4031753540039,1834600,0.0,0.0
2020-08-05 00:00:00-04:00,88.74468209170942,89.13233267299536,88.31087961378863,88.75391387939453,2217900,0.0,0.0
2020-08-06 00:00:00-04:00,88.51391714699416,90.21219953293212,88.40315684460244,89.95376586914062,3174300,0.0,0.0
2020-08-07 00:00:00-04:00,89.45538026069357,93.32267564627405,87.94169091071467,93.1842269897461,5646100,0.0,0.0
2020-08-10 00:00:00-04:00,93.1842125318154,93.32266116686246,90.91367885913012,91.5228500366211,3587500,0.0,0.0
2020-08-11 00:00:00-04:00,92.17816403356547,92.17816403356547,90.79369179718034,91.01520538330078,3825200,0.0,0.0
2020-08-12 00:00:00-04:00,91.67973696699748,92.39042949091254,91.4674481632475,91.77203369140625,2859800,0.0,0.0
2020-08-13 00:00:00-04:00,91.54129673817557,92.9811454877486,91.26439949781646,92.48273468017578,5028700,0.0,0.0
2020-08-14 00:00:00-04:00,92.39967356535774,95.03016929071015,92.38120999294706,94.59636688232422,4239600,0.0,0.0
2020-08-17 00:00:00-04:00,94.60561530753462,96.26698502721256,94.23642125407387,96.03623962402344,4852100,0.0,0.0
2020-08-18 00:00:00-04:00,95.36244693111053,96.54386210748609,94.98402818326674,96.34080505371094,3333700,0.0,0.0
2020-08-19 00:00:00-04:00,96.56234333913719,96.75616864178865,95.30708772424002,95.55628967285156,2726700,0.0,0.0
2020-08-20 00:00:00-04:00,95.06710219785391,96.15622073771455,95.03018208984959,95.75933837890625,3332400,0.0,0.0
2020-08-21 00:00:00-04:00,95.79624861349004,96.39618798359295,95.37167797788531,96.17466735839844,2333500,0.0,0.0
2020-08-24 00:00:00-04:00,96.64537410717996,97.82678908152336,95.98082642366461,97.66065216064453,3492300,0.0,0.0
2020-08-25 00:00:00-04:00,97.73452261192826,97.73452261192826,95.99931971143128,96.39620208740234,3434800,0.0,0.0
2020-08-26 00:00:00-04:00,96.45155708676293,97.30069829166003,95.62087241162912,96.91304779052734,1944400,0.0,0.0
2020-08-27 00:00:00-04:00,97.06996800308934,97.3468652850326,96.38696362723043,96.92229461669922,2968300,0.0,0.0
2020-08-28 00:00:00-04:00,97.58683621658103,97.69758948884034,96.76537621051496,97.42992401123047,2053100,0.0,0.0
2020-08-31 00:00:00-04:00,97.60529797621751,98.41751919738172,97.33763248427026,98.04833221435547,2321500,0.0,0.0
2020-09-01 00:00:00-04:00,97.74375019298736,98.34368962504716,97.614533335841,98.31599426269531,2670700,0.0,0.0
2020-09-02 00:00:00-04:00,97.84527880685665,98.74979680759553,97.53146140940295,98.14063262939453,3027800,0.0,0.0
2020-09-03 00:00:00-04:00,98.53752028830907,98.63904883043492,94.74406524499898,95.2701644897461,4110300,0.0,0.0
2020-09-04 00:00:00-04:00,95.37168401723281,95.73164625373096,91.04289835038287,92.37199401855469,4906700,0.0,0.0
2020-09-08 00:00:00-04:00,91.67973734332033,91.97509108771395,90.79367611013947,91.20901489257812,3258100,0.0,0.0
2020-09-09 00:00:00-04:00,92.09508381393205,94.22716861420578,91.67051321103452,93.41494750976562,2718400,0.0,0.0
2020-09-10 00:00:00-04:00,92.15049041764996,92.6489013853689,90.62757623171002,90.68295288085938,5602700,0.0,0.0
2020-09-11 00:00:00-04:00,91.08906812130567,91.6151674195785,89.999949410977,90.66449737548828,3219900,0.0,0.0
2020-09-14 00:00:00-04:00,91.71669350651536,93.09193425945388,91.28289098346572,92.72274017333984,2994400,0.0,0.0
2020-09-15 00:00:00-04:00,93.12078144935315,93.8243503469126,92.88009258832788,93.06523895263672,3270600,0.3,0.0
2020-09-16 00:00:00-04:00,93.50035171877983,94.86119955207465,93.25965576645127,93.41703796386719,2258100,0.0,0.0
2020-09-17 00:00:00-04:00,92.44500919694718,92.9449129551804,91.87104405314999,92.53758239746094,2520700,0.0,0.0
2020-09-18 00:00:00-04:00,92.57460961162222,93.13005585671552,91.42668643004512,91.84326934814453,4798600,0.0,0.0
2020-09-21 00:00:00-04:00,90.51020723214029,91.96362855373154,90.3898627629733,91.8988265991211,2923300,0.0,0.0
2020-09-22 00:00:00-04:00,91.99140492415184,92.57462250328457,90.37134903034435,91.46372985839844,2522500,0.0,0.0
2020-09-23 00:00:00-04:00,91.60257296462318,92.31540141057117,89.6029650788993,89.79737091064453,2456300,0.0,0.0
2020-09-24 00:00:00-04:00,89.99177965975105,91.37113940373509,89.4918759063936,91.02861785888672,2531000,0.0,0.0
2020-09-25 00:00:00-04:00,90.23245836948861,93.14855950817744,90.20468712120565,93.09300994873047,2512400,0.0,0.0
2020-09-28 00:00:00-04:00,93.75954752453006,94.71306471115778,93.60217241007095,93.71326446533203,1855900,0.0,0.0
2020-09-29 00:00:00-04:00,93.87992035541247,94.22244191027987,89.70480324603153,91.80624389648438,4536100,0.0,0.0
2020-09-30 00:00:00-04:00,92.14876292131967,93.63921463100338,91.80623433922774,92.62089538574219,2344600,0.0,0.0
2020-10-01 00:00:00-04:00,93.58365730733304,94.52792215790186,93.06524182098548,93.8984146118164,2239200,0.0,0.0
2020-10-02 00:00:00-04:00,92.78752245669835,94.28722642039556,92.75049177004294,93.81509399414062,1925400,0.0,0.0
2020-10-05 00:00:00-04:00,94.22242711421148,94.49089430279518,93.28742167298985,94.25019836425781,1635700,0.0,0.0
2020-10-06 00:00:00-04:00,94.87972875560386,94.87972875560386,93.1300689529326,93.50962829589844,2470300,0.0,0.0
2020-10-07 00:00:00-04:00,93.94472823196489,94.57423593549441,92.84308798506746,93.36150360107422,2383200,0.0,0.0
2020-10-08 00:00:00-04:00,93.76882100202303,94.67604820241563,93.4448112875971,93.90768432617188,2251500,0.0,0.0
2020-10-09 00:00:00-04:00,94.39833122421898,94.69456969457346,93.64847914113969,93.86139678955078,1910900,0.0,0.0
2020-10-12 00:00:00-04:00,94.12985790197668,95.45367502552097,94.00951345906604,95.31481170654297,3357400,0.0,0.0
2020-10-13 00:00:00-04:00,95.35185704216889,96.16651114222142,94.40759904126442,95.02784729003906,3454100,0.0,0.0
2020-10-14 00:00:00-04:00,95.2315116504841,95.76843906467576,94.05581005196298,94.71308898925781,2602900,0.0,0.0
2020-10-15 00:00:00-04:00,93.7132899812006,94.65754798793499,93.40779204321366,94.49091339111328,2144700,0.0,0.0
2020-10-16 00:00:00-04:00,94.86118962023473,95.00930530108808,93.65771704747588,93.77806854248047,2410600,0.0,0.0
2020-10-19 00:00:00-04:00,94.10209363750637,94.12060545206637,91.01935739141592,91.13970184326172,2806000,0.0,0.0
2020-10-20 00:00:00-04:00,91.59331428000269,93.47257758697778,91.50073402688767,92.52831268310547,2026500,0.0,0.0
2020-10-21 00:00:00-04:00,92.4079558819465,93.27815929208431,91.71364645374227,92.08394622802734,1847900,0.0,0.0
2020-10-22 00:00:00-04:00,92.20429374609078,92.76899933167134,91.7599396523467,91.98211669921875,1973800,0.0,0.0
2020-10-23 00:00:00-04:00,92.57459805541801,92.64865942895386,91.41741557972529,91.6025619506836,2039900,0.0,0.0
2020-10-26 00:00:00-04:00,90.76940562525606,90.95455201540177,89.96400399606992,90.50093841552734,2552100,0.0,0.0
2020-10-27 00:00:00-04:00,90.6860728044225,91.31558033564474,90.24171870172509,90.3157730102539,1922700,0.0,0.0
2020-10-28 00:00:00-04:00,88.73275870589119,88.97345465982366,86.68686075467005,86.80720520019531,3170400,0.0,0.0
2020-10-29 00:00:00-04:00,86.42765257215133,89.17711949549809,85.54819664187602,88.5938949584961,3823000,0.0,0.0
2020-10-30 00:00:00-04:00,87.89959038830678,88.7512821779655,86.42765746243552,87.39043426513672,3520600,0.0,0.0
2020-11-02 00:00:00-05:00,88.75127830131332,90.11211909181833,86.99235935518644,87.6311264038086,3016600,0.0,0.0
2020-11-03 00:00:00-05:00,88.83459660061776,90.59351563669892,88.22360783567811,88.92716979980469,2251200,0.0,0.0
2020-11-04 00:00:00-05:00,90.28801031589222,93.15782163255257,89.39929496341635,91.05638122558594,2989700,0.0,0.0
2020-11-05 00:00:00-05:00,94.34277313171376,94.73158473552763,92.9819254554841,93.46331024169922,6270000,0.0,0.0
2020-11-06 00:00:00-05:00,93.67623688499016,93.95395643802593,91.25077990300956,93.18559265136719,2542300,0.0,0.0
2020-11-09 00:00:00-05:00,97.24036049636061,97.24036049636061,90.63053463438676,90.92677307128906,5231500,0.0,0.0
2020-11-10 00:00:00-05:00,90.7416258272311,91.0100930325725,89.00122577450428,90.72311401367188,3570100,0.0,0.0
2020-11-11 00:00:00-05:00,91.72289578577507,93.37072218378671,91.71363635014579,92.55606842041016,2352600,0.0,0.0
2020-11-12 00:00:00-05:00,92.3709337955712,92.3709337955712,90.33429544176614,91.01008605957031,2104200,0.0,0.0
2020-11-13 00:00:00-05:00,91.38964481544491,92.27836011394825,91.09340638261045,91.97286224365234,1446000,0.0,0.0
2020-11-16 00:00:00-05:00,92.70418517901233,92.90785038799953,91.55626234812449,92.30611419677734,1996700,0.0,0.0
2020-11-17 00:00:00-05:00,91.91732872663363,93.0097093787463,91.4174249980856,92.60237884521484,2056500,0.0,0.0
2020-11-18 00:00:00-05:00,92.46349571658615,93.2040952438547,91.85250711003806,92.0746841430664,1954300,0.0,0.0
2020-11-19 00:00:00-05:00,93.50036434328041,94.20393341891625,92.13025688681932,93.40779113769531,2278900,0.0,0.0
2020-11-20 00:00:00-05:00,93.39850257882976,94.23167529509777,93.39850257882976,93.55587768554688,3639400,0.0,0.0
2020-11-23 00:00:00-05:00,93.96322670616023,95.4907091440092,93.7503020010299,94.75936889648438,2131300,0.0,0.0
2020-11-24 00:00:00-05:00,94.99081410779442,96.24057001207521,94.51868158826338,95.41665649414062,2470400,0.0,0.0
2020-11-25 00:00:00-05:00,95.76843021187983,96.39793783576953,94.88897425128904,96.2127914428711,1930100,0.0,0.0
2020-11-27 00:00:00-05:00,96.3979267972068,97.23109959560713,96.23129223752673,97.1940689086914,1593300,0.0,0.0
2020-11-30 00:00:00-05:00,97.17555713618623,97.80506468824673,96.7867455177351,97.67546081542969,4146500,0.0,0.0
2020-12-01 00:00:00-05:00,98.32350922914947,99.39737827877205,97.7958341445269,99.20297241210938,4498900,0.0,0.0
2020-12-02 00:00:00-05:00,98.90671450378268,99.24924311924676,97.80508139664185,98.64750671386719,2627300,0.0,0.0
2020-12-03 00:00:00-05:00,98.4900964885934,100.01757849275207,97.90687916898956,99.48064422607422,4226400,0.0,0.0
2020-12-04 00:00:00-05:00,100.00834035710159,101.69319781323888,100.00834035710159,101.1192398071289,2376200,0.0,0.0
2020-12-07 00:00:00-05:00,101.07297389233696,102.3967912866131,100.94336998488754,102.09129333496094,2293600,0.0,0.0
2020-12-08 00:00:00-05:00,101.84129019320687,102.20233046450124,101.0914313457744,101.8875732421875,2451100,0.0,0.0
2020-12-09 00:00:00-05:00,101.68394302552474,102.48934463390935,100.95260985932028,101.98944091796875,2217300,0.0,0.0
2020-12-10 00:00:00-05:00,101.6284133002781,102.18385958908799,100.73969782560572,101.12850952148438,2193800,0.0,0.0
2020-12-11 00:00:00-05:00,100.73041036308372,101.57284253267204,100.09165048695274,100.73966979980469,1985300,0.0,0.0
2020-12-14 00:00:00-05:00,101.31365630097086,102.0079658818429,99.66582935909571,99.71211242675781,1984500,0.0,0.0
2020-12-15 00:00:00-05:00,100.6589892263197,103.09122041232793,100.30622579064531,103.02623748779297,3565700,0.3,0.0
2020-12-16 00:00:00-05:00,103.30476226301529,104.23309406923593,102.766328115581,103.33261108398438,2559400,0.0,0.0
2020-12-17 00:00:00-05:00,103.96388228235752,104.91078473911645,103.56469930207875,104.70655059814453,2640400,0.0,0.0
2020-12-18 00:00:00-05:00,104.5765523784825,105.2170963431681,103.83388429226967,104.74365234375,4366200,0.0,0.0
2020-12-21 00:00:00-05:00,104.06598854757715,104.81794208695322,102.60850797232992,104.47445678710938,2256500,0.0,0.0
2020-12-22 00:00:00-05:00,104.48373540834568,105.18926239911374,104.06598189481875,105.05001831054688,1924500,0.0,0.0
2020-12-23 00:00:00-05:00,105.45848048359329,106.0990316277665,104.07526822349162,104.14025115966797,1185900,0.0,0.0
2020-12-24 00:00:00-05:00,103.93600803373783,104.85505436067197,103.79675687326703,104.61369323730469,511200,0.0,0.0
2020-12-28 00:00:00-05:00,105.42134704364864,105.56059821709638,104.5579982674033,105.4491958618164,1303500,0.0,0.0
2020-12-29 00:00:00-05:00,105.95048343322546,105.95048343322546,104.75293481394401,104.80863952636719,1427600,0.0,0.0
2020-12-30 00:00:00-05:00,105.30066508034797,105.4770503698934,104.78080159445672,105.04073333740234,1080300,0.0,0.0
2020-12-31 00:00:00-05:00,105.12428374732094,107.12948369569968,104.91077141441208,107.0273666381836,1474300,0.0,0.0
2021-01-04 00:00:00-05:00,107.59366167265684,107.91857640013528,104.3166514106703,105.18000030517578,2726500,0.0,0.0
2021-01-05 00:00:00-05:00,104.90149386016517,105.65344035502864,104.85507443691772,105.40279388427734,2286200,0.0,0.0
2021-01-06 00:00:00-05:00,105.64414786589818,108.21562349947135,104.67868207016643,107.44510650634766,2581600,0.0,0.0
2021-01-07 00:00:00-05:00,107.08305435072361,107.96497366729241,106.6560226418769,107.51008605957031,2357800,0.0,0.0
2021-01-08 00:00:00-05:00,108.14135607053139,109.61740713356622,107.77002197977612,109.19965362548828,2405600,0.0,0.0
2021-01-11 00:00:00-05:00,108.78189135111539,110.2950692284165,108.4848255383137,109.21820831298828,1857300,0.0,0.0
2021-01-12 00:00:00-05:00,109.97016743953738,110.49003090197395,108.8283234655987,109.41316986083984,2775200,0.0,0.0
2021-01-13 00:00:00-05:00,109.2367852314558,109.9794533958923,109.18108759803604,109.39459991455078,2394500,0.0,0.0
2021-01-14 00:00:00-05:00,108.99543199549603,109.19038080919871,106.66531736629133,107.3337173461914,2626300,0.0,0.0
2021-01-15 00:00:00-05:00,106.76743217407265,107.3337150849686,106.38681277252242,106.93453216552734,2586600,0.0,0.0
2021-01-19 00:00:00-05:00,107.16660667906457,107.53793366860033,106.02475564667797,106.64673614501953,2980300,0.0,0.0
2021-01-20 00:00:00-05:00,107.18517206040858,107.18517206040858,105.38420638287025,106.4703598022461,2260300,0.0,0.0
2021-01-21 00:00:00-05:00,106.3311247910914,106.52607361838838,104.7436782694364,104.82722473144531,1505100,0.0,0.0
2021-01-22 00:00:00-05:00,104.4651705676999,104.8457899843911,103.5832582393122,103.89888763427734,1926200,0.0,0.0
2021-01-25 00:00:00-05:00,103.90817754522551,104.98503873874341,103.74107753970952,104.40019226074219,2811200,0.0,0.0
2021-01-26 00:00:00-05:00,104.65082920536838,105.06857561156977,103.83389282686488,104.5765609741211,1564900,0.0,0.0
2021-01-27 00:00:00-05:00,103.88031780162177,104.34448364784653,101.14173505933049,101.51306915283203,2410500,0.0,0.0
2021-01-28 00:00:00-05:00,101.92152627691448,106.38679896542916,101.2809752123687,104.53942108154297,2859700,0.0,0.0
2021-01-29 00:00:00-05:00,103.57396439401582,103.85246672874605,101.39238638065763,102.44139862060547,2791300,0.0,0.0
2021-02-01 00:00:00-05:00,103.5461141104609,105.69984327636287,103.15621651344787,105.28209686279297,2557900,0.0,0.0
2021-02-02 00:00:00-05:00,105.90406817891319,109.17179221900321,105.8019511386659,108.41056060791016,2429000,0.0,0.0
2021-02-03 00:00:00-05:00,108.28060501540823,108.84688789858953,107.0366439819336,107.0366439819336,2079800,0.0,0.0
2021-02-04 00:00:00-05:00,108.54980426215165,108.66120659361837,105.91333907829848,106.34037780761719,2856800,0.0,0.0
2021-02-05 00:00:00-05:00,106.75814913391442,106.89740031017611,103.7317857057703,106.0062026977539,3430200,0.0,0.0
2021-02-08 00:00:00-05:00,106.27541640178265,106.36824815549625,105.04073353782631,105.3285140991211,2511300,0.0,0.0
2021-02-09 00:00:00-05:00,105.29138217571894,105.79268215535159,104.99431630807835,105.14285278320312,2091600,0.0,0.0
2021-02-10 00:00:00-05:00,105.46776038212575,105.88550679577703,102.62706777103662,103.65751647949219,2580500,0.0,0.0
2021-02-11 00:00:00-05:00,104.22379425872927,104.22379425872927,102.21860151939872,103.32331848144531,2274800,0.0,0.0
2021-02-12 00:00:00-05:00,103.12838102539197,103.49971517906417,102.40428332116663,103.10981750488281,1681500,0.0,0.0
2021-02-16 00:00:00-05:00,104.02885237561264,104.50230354549532,102.73847182538712,104.36305236816406,2708600,0.0,0.0
2021-02-17 00:00:00-05:00,104.03813569418223,104.8550650589624,103.23048454713407,104.69725036621094,2730200,0.0,0.0
2021-02-18 00:00:00-05:00,104.5672861390139,106.01548138022079,104.24237144805198,105.6998519897461,1938200,0.0,0.0
2021-02-19 00:00:00-05:00,105.97834044739321,106.28468449721223,104.92932119076832,105.22638702392578,3279700,0.0,0.0
2021-02-22 00:00:00-05:00,104.40018984397389,104.68797042579699,102.71991160928904,103.71322631835938,2294600,0.0,0.0
2021-02-23 00:00:00-05:00,103.32330475863326,103.56466586311488,101.28097109095276,103.43470001220703,3627300,0.0,0.0
2021-02-24 00:00:00-05:00,103.40687222490708,103.90817221574322,102.20003812667831,103.47185516357422,2581400,0.0,0.0
2021-02-25 00:00:00-05:00,102.97983750812844,105.44919618898712,102.97983750812844,103.97315216064453,3470600,0.0,0.0
2021-02-26 00:00:00-05:00,104.53944765231972,104.89221119699961,102.24646690537597,102.40428161621094,3260400,0.0,0.0
2021-03-01 00:00:00-05:00,103.15621555004242,106.07117636591173,103.0262496855852,105.58843994140625,2297900,0.0,0.0
2021-03-02 00:00:00-05:00,105.61629487079334,106.73029716540188,104.97575081106748,105.47705078125,1872400,0.0,0.0
2021-03-03 00:00:00-05:00,104.90147816444585,105.21710753095226,103.54611478320761,103.63894653320312,3542600,0.0,0.0
2021-03-04 00:00:00-05:00,103.35118269758748,105.33781221572863,102.13506320336505,103.16551208496094,3317600,0.0,0.0
2021-03-05 00:00:00-05:00,104.01028863144153,107.16661795279373,102.67348866413728,106.73030090332031,3007500,0.0,0.0
2021-03-08 00:00:00-05:00,106.75813980412968,107.74216908719393,105.4677593765841,105.58843994140625,2741100,0.0,0.0
2021-03-09 00:00:00-05:00,105.89479749673596,108.401290271706,105.83909986077049,106.21043395996094,2786600,0.0,0.0
2021-03-10 00:00:00-05:00,106.88810164694547,107.77929914795322,106.41465053988856,107.29656982421875,2116600,0.0,0.0
2021-03-11 00:00:00-05:00,107.57506000268845,107.89069642009243,106.65601372963204,106.94379425048828,1882500,0.0,0.0
2021-03-12 00:00:00-05:00,107.22230628023152,107.47295271103239,106.5260575381521,107.05520629882812,1485300,0.0,0.0
2021-03-15 00:00:00-04:00,107.10162495171457,107.68647134115595,106.40537621459502,107.37084197998047,1756500,0.0,0.0
2021-03-16 00:00:00-04:00,107.70600975552867,108.06909452672485,106.49572244962461,106.7470932006836,1436700,0.33,0.0
2021-03-17 00:00:00-04:00,107.2870471559045,107.2870471559045,105.55540903639758,105.85332489013672,2027400,0.0,0.0
2021-03-18 00:00:00-04:00,105.73230048474267,105.83470972678236,103.86101272905043,103.93549346923828,2876100,0.0,0.0
2021-03-19 00:00:00-04:00,103.74928294586499,104.7547443740164,103.1534513207111,103.52584075927734,3531400,0.0,0.0
2021-03-22 00:00:00-04:00,103.2186505415003,104.44755451768557,102.62281874109988,103.85172271728516,1782900,0.0,0.0
2021-03-23 00:00:00-04:00,103.75860710300218,104.75476395338916,103.53517197752625,103.94480895996094,1948800,0.0,0.0
2021-03-24 00:00:00-04:00,103.9820395997034,105.4064499334735,103.46068155188722,104.83854675292969,1984200,0.0,0.0
2021-03-25 00:00:00-04:00,104.94098624432762,104.94098624432762,103.80517955577734,104.5313491821289,2053300,0.0,0.0
2021-03-26 00:00:00-04:00,104.89442577316123,105.87196610301064,104.0658469462081,105.7974853515625,1839700,0.0,0.0
2021-03-29 00:00:00-04:00,105.38783767648516,105.90919578108549,104.00066755953675,105.46231842041016,1966500,0.0,0.0
2021-03-30 00:00:00-04:00,104.80130760793546,105.22024932174209,103.31172838866588,103.55378723144531,1874800,0.0,0.0
2021-03-31 00:00:00-04:00,103.28379588413513,105.05266714307746,103.28379588413513,103.97272491455078,2210500,0.0,0.0
2021-04-01 00:00:00-04:00,104.67097916418665,106.32813663669697,104.20548517290285,106.3188247680664,1956000,0.0,0.0
2021-04-05 00:00:00-04:00,106.9332838802369,107.46394676422085,106.30952361540706,107.16603088378906,1508800,0.0,0.0
2021-04-06 00:00:00-04:00,107.09154536741418,107.27774722368619,105.88126526458151,106.04884338378906,2196300,0.0,0.0
2021-04-07 00:00:00-04:00,106.23504742501254,106.95190510142763,105.79748190311139,106.83087921142578,2436100,0.0,0.0
2021-04-08 00:00:00-04:00,107.59429480658267,108.18081475458459,107.11948888512842,108.0318603515625,2644900,0.0,0.0
2021-04-09 00:00:00-04:00,108.47871868383862,109.18627155296383,107.9666795453317,109.0838623046875,1657600,0.0,0.0
2021-04-12 00:00:00-04:00,108.77664667907625,109.75418702958011,108.60907563909043,109.58660888671875,2070800,0.0,0.0
2021-04-13 00:00:00-04:00,109.46559056001632,111.01102722627449,109.15836275971238,110.52691650390625,1690400,0.0,0.0
2021-04-14 00:00:00-04:00,110.50828422780418,111.65340271191367,109.81935502510953,110.03348541259766,1773700,0.0,0.0
2021-04-15 00:00:00-04:00,110.45241222873305,111.60683532310614,110.41517185757591,111.58821868896484,2091600,0.0,0.0
2021-04-16 00:00:00-04:00,112.09095798156024,112.72403011336185,111.30892435857007,112.39818572998047,2414400,0.0,0.0
2021-04-19 00:00:00-04:00,112.07234088857004,112.22130238859062,110.75033953882615,111.47650909423828,2085300,0.0,0.0
2021-04-20 00:00:00-04:00,111.51374908228941,112.18406162430546,111.10411206152955,111.49513244628906,2693600,0.0,0.0
2021-04-21 00:00:00-04:00,111.93266341723002,112.5191831589892,110.90857118148267,111.28096771240234,1908400,0.0,0.0
2021-04-22 00:00:00-04:00,110.83412108836512,112.45403817348007,110.6851596032226,111.56959533691406,1645100,0.0,0.0
2021-04-23 00:00:00-04:00,112.04439461377564,113.55259759935745,111.71855026275077,112.9009017944336,1375500,0.0,0.0
2021-04-26 00:00:00-04:00,113.04987369398972,113.48743919265542,112.44473007036429,112.51921081542969,1156700,0.0,0.0
2021-04-27 00:00:00-04:00,112.35163173912035,113.01263236451032,111.96061848515016,112.86367797851562,1662400,0.0,0.0
2021-04-28 00:00:00-04:00,113.09642963014178,113.124358134735,110.32208216025599,110.85274505615234,2618900,0.0,0.0
2021-04-29 00:00:00-04:00,110.7317169333059,110.78757394136478,107.91082438033449,109.55867004394531,3624100,0.0,0.0
2021-04-30 00:00:00-04:00,109.01870557495945,109.58660888671875,107.49188565238953,109.58660888671875,3183300,0.0,0.0
2021-05-03 00:00:00-04:00,109.64246250529018,110.00555438931067,107.12879754307359,107.49188232421875,2672000,0.0,0.0
2021-05-04 00:00:00-04:00,106.73776232385138,106.85878819173982,105.4623063657048,106.6353530883789,3270400,0.0,0.0
2021-05-05 00:00:00-04:00,107.1288000408259,107.88289812649792,106.23505232002466,106.8029556274414,2558100,0.0,0.0
2021-05-06 00:00:00-04:00,107.05431104842789,107.11017515990503,105.24819910916612,105.77886199951172,2269000,0.0,0.0
2021-05-07 00:00:00-04:00,106.24434951115133,107.54772698461551,105.85332916623757,106.88672637939453,2240600,0.0,0.0
2021-05-10 00:00:00-04:00,106.72845149783525,107.92942673229129,106.26295755128054,106.39329528808594,1743100,0.0,0.0
2021-05-11 00:00:00-04:00,105.47163368650077,105.99298470501982,104.28927492294874,105.26681518554688,1904800,0.0,0.0
2021-05-12 00:00:00-04:00,105.17372304687524,106.1233277497824,103.70276019658496,103.76792907714844,2599600,0.0,0.0
2021-05-13 00:00:00-04:00,104.5965103299986,105.58336253383558,104.14964002509637,104.4289321899414,2753600,0.0,0.0
2021-05-14 00:00:00-04:00,104.93165645743464,105.89057295941912,104.37306507891574,105.4437026977539,2163400,0.0,0.0
2021-05-17 00:00:00-04:00,105.6578106725577,105.81608400758577,104.20547187796716,104.70820617675781,1537900,0.0,0.0
2021-05-18 00:00:00-04:00,104.49409983219964,104.64306133398324,103.02314406790106,103.11624145507812,2186700,0.0,0.0
2021-05-19 00:00:00-04:00,102.40867375505454,103.33034983004522,101.5149261819008,103.09760284423828,3252700,0.0,0.0
2021-05-20 00:00:00-04:00,103.28381663903737,105.03407161768196,103.02314112124722,104.2334213256836,3039100,0.0,0.0
2021-05-21 00:00:00-04:00,104.60581556094715,105.84403134484963,104.59650369184732,105.3506088256836,2578900,0.0,0.0
2021-05-24 00:00:00-04:00,105.81609766593225,106.48640304796659,104.92234295080385,105.17371368408203,2218300,0.0,0.0
2021-05-25 00:00:00-04:00,105.45300653856724,105.60196802639868,104.37306416328794,104.62442779541016,1591200,0.0,0.0
2021-05-26 00:00:00-04:00,105.28543297914432,105.95574549768706,104.23341906152167,104.61512756347656,2508800,0.0,0.0
2021-05-27 00:00:00-04:00,105.03406938910894,105.19233564971276,104.24273098321487,104.28927612304688,3545800,0.0,0.0
2021-05-28 00:00:00-04:00,104.66165882955575,105.33197125924329,104.33581448258933,105.08991241455078,3193400,0.0,0.0
2021-06-01 00:00:00-04:00,106.0023244689331,106.13266225786172,102.03631246943908,102.23181915283203,3792500,0.0,0.0
2021-06-02 00:00:00-04:00,102.46452341837521,104.21478517209773,102.46452341837521,104.03789520263672,3261900,0.0,0.0
2021-06-03 00:00:00-04:00,103.78654038573097,104.78269721382176,103.11622792143167,103.89825439453125,2508300,0.0,0.0
2021-06-04 00:00:00-04:00,104.23341392875338,104.79200529907394,103.73067956460248,104.438232421875,2367800,0.0,0.0
2021-06-07 00:00:00-04:00,104.4847764780013,104.4847764780013,102.57624841745302,102.78106689453125,1910900,0.0,0.0
2021-06-08 00:00:00-04:00,102.94863724368356,103.73066362136119,102.42727922235827,103.41413116455078,2520500,0.0,0.0
2021-06-09 00:00:00-04:00,103.47933438160416,104.00999734344312,103.09762583039716,103.20003509521484,2018700,0.0,0.0
2021-06-10 00:00:00-04:00,103.14416770020867,104.22411015296794,103.09761545620279,104.0099868774414,2848600,0.0,0.0
2021-06-11 00:00:00-04:00,104.36376152119276,105.34130183860387,104.36376152119276,104.89442443847656,3121900,0.0,0.0
2021-06-14 00:00:00-04:00,104.92233976505257,106.05814620745362,104.49408615778034,105.9836654663086,4195900,0.0,0.0
2021-06-15 00:00:00-04:00,106.3384676525595,107.07608717360176,105.7222329774187,106.47852325439453,2554100,0.33,0.0
2021-06-16 00:00:00-04:00,106.89868908770694,107.28150727984982,105.89030436822107,106.29178619384766,3245400,0.0,0.0
2021-06-17 00:00:00-04:00,106.25444729972766,106.83333338706217,105.51682771805278,106.45985412597656,2813700,0.0,0.0
2021-06-18 00:00:00-04:00,106.06772456582549,106.14242185715516,104.88193534095171,105.2834243774414,7058400,0.0,0.0
2021-06-21 00:00:00-04:00,105.61952673985314,106.64658928785809,104.76052236698143,106.16106414794922,3099500,0.0,0.0
2021-06-22 00:00:00-04:00,106.1143844069882,107.18813453762897,106.01167743914718,106.86133575439453,2329400,0.0,0.0
2021-06-23 00:00:00-04:00,108.73807786687144,109.3729905125436,107.97244854034248,108.90614318847656,3183700,0.0,0.0
2021-06-24 00:00:00-04:00,109.12089305161047,110.27867238845214,108.83144287475658,110.25999450683594,3062300,0.0,0.0
2021-06-25 00:00:00-04:00,110.8015367201682,111.54849525124861,110.46540609353447,111.40843963623047,5260500,0.0,0.0
2021-06-28 00:00:00-04:00,111.32440974966967,111.72589871065348,109.9985580102543,110.91358184814453,3159600,0.0,0.0
2021-06-29 00:00:00-04:00,111.18434868237391,111.52981110669026,110.63346519384588,110.88556671142578,1579800,0.0,0.0
2021-06-30 00:00:00-04:00,110.79221017961696,111.02563384125594,110.41873089628963,110.82955169677734,1750800,0.0,0.0
2021-07-01 00:00:00-04:00,111.02563157579023,111.3710940289109,110.81087867711345,110.96026611328125,1962000,0.0,0.0
2021-07-02 00:00:00-04:00,111.22169236714699,111.24970206262563,110.68014784281395,110.95092010498047,1350400,0.0,0.0
2021-07-06 00:00:00-04:00,111.16568001032506,111.28706487089002,109.41967561690291,110.15729522705078,2200800,0.0,0.0
2021-07-07 00:00:00-04:00,110.91359163517818,111.21237364714527,109.88652891426158,110.17597198486328,2201900,0.0,0.0
2021-07-08 00:00:00-04:00,109.10220223670676,110.39070522154502,108.7847495221096,110.23197174072266,2177100,0.0,0.0
2021-07-09 00:00:00-04:00,110.25066971292634,111.10966711035194,110.12928484526232,111.08165740966797,1611300,0.0,0.0
2021-07-12 00:00:00-04:00,111.10030634292045,111.43643693214433,110.70815636333383,111.16566467285156,2302200,0.0,0.0
2021-07-13 00:00:00-04:00,111.1470050001122,111.38976758843035,110.56811178905336,110.8202133178711,1359400,0.0,0.0
2021-07-14 00:00:00-04:00,110.45607057116392,110.82021088388116,109.68110236778136,110.34402465820312,2922100,0.0,0.0
2021-07-15 00:00:00-04:00,109.82115592150903,110.56810729002024,109.7091100106465,110.16661834716797,1607200,0.0,0.0
2021-07-16 00:00:00-04:00,110.51208294356327,110.96025231987969,109.93318978200377,110.23197174072266,1435200,0.0,0.0
2021-07-19 00:00:00-04:00,109.46635374088325,110.54944290440179,108.88746764354188,109.57839965820312,3704600,0.0,0.0
2021-07-20 00:00:00-04:00,109.75580826859822,111.72590453762514,109.62509158829997,111.2403793334961,2180800,0.0,0.0
2021-07-21 00:00:00-04:00,111.57647949045824,112.81829473752892,111.44576284587427,112.2580795288086,1541700,0.0,0.0
2021-07-22 00:00:00-04:00,112.6035549493066,112.65024252358093,111.69787014716478,112.38880920410156,1541700,0.0,0.0
2021-07-23 00:00:00-04:00,112.5475497169581,113.53726372906674,112.40749410004047,113.31317901611328,1347100,0.0,0.0
2021-07-26 00:00:00-04:00,113.11710072042237,113.14511041828845,111.84727551131488,112.44483947753906,1283500,0.0,0.0
2021-07-27 00:00:00-04:00,112.30479379056176,113.7613551965285,111.9126437387284,113.02374267578125,1941900,0.0,0.0
2021-07-28 00:00:00-04:00,113.33185252860159,113.73334150764391,112.55689139340109,113.27583312988281,1672400,0.0,0.0
2021-07-29 00:00:00-04:00,111.87528823619226,114.30289280510232,111.80992989822822,112.8089828491211,3461600,0.0,0.0
2021-07-30 00:00:00-04:00,111.79127550443222,113.34120508454146,111.67922957001053,111.8846435546875,2381300,0.0,0.0
2021-08-02 00:00:00-04:00,112.27676815194447,112.62223769534218,111.33373467433519,111.51113891601562,1993200,0.0,0.0
2021-08-03 00:00:00-04:00,111.24970464241723,111.6325156953754,109.76512663590897,111.22169494628906,2256200,0.0,0.0
2021-08-04 00:00:00-04:00,111.19365676442229,111.84724708378396,110.64278051700398,111.60448455810547,1459000,0.0,0.0
2021-08-05 00:00:00-04:00,111.97799441026878,112.02468198999016,110.70816917591215,111.5018081665039,1600200,0.0,0.0
2021-08-06 00:00:00-04:00,111.94065086787742,112.25811075268285,111.55783976612584,112.0433578491211,1505700,0.0,0.0
2021-08-09 00:00:00-04:00,112.2114177242982,112.5288704701702,111.35242039879508,112.01534271240234,1412900,0.0,0.0
2021-08-10 00:00:00-04:00,112.24875455828641,112.24875455828641,110.87622249583728,111.6605224609375,1776400,0.0,0.0
2021-08-11 00:00:00-04:00,112.01535446067133,112.12739326577712,110.65216105152399,110.84823608398438,1600500,0.0,0.0
2021-08-12 00:00:00-04:00,110.60546025979386,110.60546025979386,109.47569066088822,110.21331024169922,1733200,0.0,0.0
2021-08-13 00:00:00-04:00,110.17595898612863,110.28800489871884,108.92481168473033,109.13021850585938,1356500,0.0,0.0
2021-08-16 00:00:00-04:00,108.71940032263078,110.2693296375629,108.26188484466263,110.21331024169922,1505600,0.0,0.0
2021-08-17 00:00:00-04:00,109.82115992434669,110.4654043455968,109.32629580930976,109.81182098388672,1673700,0.0,0.0
2021-08-18 00:00:00-04:00,109.96121192558081,110.04524814535571,107.66432402225287,107.73902130126953,2444800,0.0,0.0
2021-08-19 00:00:00-04:00,106.70262609520843,109.03686277780758,106.4598634856311,108.66338348388672,2061300,0.0,0.0
2021-08-20 00:00:00-04:00,108.98083525432597,110.10126592905492,108.48597825426194,109.38232421875,1982400,0.0,0.0
2021-08-23 00:00:00-04:00,109.90519473960393,110.84822831647249,109.7371294201969,110.24132537841797,1504200,0.0,0.0
2021-08-24 00:00:00-04:00,110.45607209441746,110.54010118765368,109.35431220077734,109.6157455444336,989900,0.0,0.0
2021-08-25 00:00:00-04:00,109.81181240469206,110.09192360841196,109.42899423450977,109.52236938476562,1037000,0.0,0.0
2021-08-26 00:00:00-04:00,109.69045525530971,109.97055938804078,109.37299535665097,109.75581359863281,1509100,0.0,0.0
2021-08-27 00:00:00-04:00,109.96118301578329,110.70814136251857,109.75577623777768,110.55875396728516,1598500,0.0,0.0
2021-08-30 00:00:00-04:00,110.82953609380428,112.11803908370734,110.5681027693381,111.4457778930664,1374400,0.0,0.0
2021-08-31 00:00:00-04:00,111.6231624342852,111.98730266104164,111.29636371284309,111.60448455810547,2399700,0.0,0.0
2021-09-01 00:00:00-04:00,111.79125058713413,112.93035194399364,111.06296286101053,112.62223815917969,1398900,0.0,0.0
2021-09-02 00:00:00-04:00,112.9210200671449,113.44388673057293,112.05268385908103,112.72494506835938,1376800,0.0,0.0
2021-09-03 00:00:00-04:00,112.47284554555209,113.61195404550571,112.47284554555209,113.09841918945312,1874700,0.0,0.0
2021-09-07 00:00:00-04:00,112.98638836720554,112.98638836720554,110.54944483035774,110.86689758300781,2929300,0.0,0.0
2021-09-08 00:00:00-04:00,110.7641889290046,111.9779947704191,110.40938754196438,111.80059051513672,2516500,0.0,0.0
2021-09-09 00:00:00-04:00,111.94998251249243,112.79964088323794,111.49247415901407,111.52981567382812,2099700,0.0,0.0
2021-09-10 00:00:00-04:00,112.04335530047773,112.04335530047773,110.84822731703657,110.96026611328125,1893800,0.0,0.0
2021-09-13 00:00:00-04:00,111.7352323058559,112.60356857838288,109.54105139633812,110.68949890136719,2654700,0.0,0.0
2021-09-14 00:00:00-04:00,111.06298204911018,111.41779059523182,110.65216122387366,111.35243225097656,1926400,0.0,0.0
2021-09-15 00:00:00-04:00,111.53965061924828,112.09206258846007,110.83743673615314,111.19322967529297,3189400,0.33,0.0
2021-09-16 00:00:00-04:00,111.16516277945158,111.67075058249664,110.75319493948415,111.3524169921875,2049900,0.0,0.0
2021-09-17 00:00:00-04:00,110.92174953313736,111.17454348695195,109.81693230556009,110.2008056640625,4100800,0.0,0.0
2021-09-20 00:00:00-04:00,109.03978707137009,110.05097692729198,108.25331083451309,109.38621520996094,2783800,0.0,0.0
2021-09-21 00:00:00-04:00,109.55476488338444,110.46296293253071,109.0772572933948,109.30196380615234,2644100,0.0,0.0
2021-09-22 00:00:00-04:00,109.8169064568348,110.0416129343665,109.04915277725219,109.46112060546875,2726100,0.0,0.0
2021-09-23 00:00:00-04:00,109.95738399014127,111.65205865323836,109.82630457660295,111.33372497558594,2087500,0.0,0.0
2021-09-24 00:00:00-04:00,111.09025413148926,112.26997562933967,110.8280953860314,112.11080169677734,1796300,0.0,0.0
2021-09-27 00:00:00-04:00,112.2793308756394,112.2793308756394,110.35995030663035,111.08088684082031,2733800,0.0,0.0
2021-09-28 00:00:00-04:00,110.48168022370653,110.7532038543326,108.30013346761133,109.12406921386719,2758900,0.0,0.0
2021-09-29 00:00:00-04:00,109.5453940810649,110.76256798372641,109.33004529153277,109.45176696777344,2446800,0.0,0.0
2021-09-30 00:00:00-04:00,109.75138965220263,110.19144498894741,107.42939842262469,107.50430297851562,2452500,0.0,0.0
2021-10-01 00:00:00-04:00,108.05670524751756,108.78700674230537,106.6429122436157,108.0473403930664,2465500,0.0,0.0
2021-10-04 00:00:00-04:00,107.88818986939162,108.81511058782473,106.67101576548758,107.39195251464844,2472500,0.0,0.0
2021-10-05 00:00:00-04:00,108.22521637764038,110.94981007925189,107.88816023530244,110.55657196044922,2569500,0.0,0.0
2021-10-06 00:00:00-04:00,110.3318693772329,114.86349447990688,110.12589258722613,114.80731964111328,4649300,0.0,0.0
2021-10-07 00:00:00-04:00,115.81851380974139,118.9644336698168,115.72488668814339,118.34648895263672,3649200,0.0,0.0
2021-10-08 00:00:00-04:00,118.66479281980017,120.05985586845357,117.98130857466965,119.93814849853516,2124000,0.0,0.0
2021-10-11 00:00:00-04:00,119.9943447994811,121.13661417330853,119.18913875377622,119.44193267822266,2260900,0.0,0.0
2021-10-12 00:00:00-04:00,119.77896902537343,120.5654523282627,119.1329299347811,119.413818359375,2012000,0.0,0.0
2021-10-13 00:00:00-04:00,119.88198072556624,120.4156702806939,118.56182197767171,120.1722412109375,1931000,0.0,0.0
2021-10-14 00:00:00-04:00,121.23958629326064,121.40811078644006,120.33138842691478,120.5467300415039,2210900,0.0,0.0
2021-10-15 00:00:00-04:00,121.53921903239336,121.53921903239336,120.24714046469897,121.14598083496094,2376100,0.0,0.0
2021-10-18 00:00:00-04:00,122.65337506723293,122.99043834880456,121.1085100272013,121.99797821044922,2112100,0.0,0.0
2021-10-19 00:00:00-04:00,122.24141671738248,122.80319365905184,121.9605282465478,122.56912231445312,1419100,0.0,0.0
2021-10-20 00:00:00-04:00,122.98109516603105,123.34624590698533,121.54857962178104,121.92308807373047,1400600,0.0,0.0
2021-10-21 00:00:00-04:00,121.95118135237301,122.24142755956579,121.0055381794897,121.35195922851562,1758900,0.0,0.0
2021-10-22 00:00:00-04:00,121.48300791590228,123.45857031166257,121.47365020682277,123.21514129638672,1575800,0.0,0.0
2021-10-25 00:00:00-04:00,123.44924779297115,124.74131205661668,122.94364562697622,124.56341552734375,1532200,0.0,0.0
2021-10-26 00:00:00-04:00,125.53715947625469,127.16630136245581,125.16263671050474,125.2000961303711,2401300,0.0,0.0
2021-10-27 00:00:00-04:00,124.83491584870289,126.12699408354,124.3574155076706,124.48849487304688,2203400,0.0,0.0
2021-10-28 00:00:00-04:00,124.64768842580446,129.20739406494056,124.64768842580446,126.8573226928711,3167000,0.0,0.0
2021-10-29 00:00:00-04:00,126.4827705276895,129.97512478365874,126.44532540392228,129.6380615234375,2588800,0.0,0.0
2021-11-01 00:00:00-04:00,130.02198063306525,130.45267830818975,128.22431394108142,128.39285278320312,1859100,0.0,0.0
2021-11-02 00:00:00-04:00,128.64560868880272,130.88333023105278,128.59880584790653,129.9657745361328,2522100,0.0,0.0
2021-11-03 00:00:00-04:00,129.48823641699659,130.11554574009816,127.42841198702861,128.44895935058594,2166900,0.0,0.0
2021-11-04 00:00:00-04:00,128.7298914483174,129.50701008490722,127.36290840750806,127.82169342041016,3529100,0.0,0.0
2021-11-05 00:00:00-04:00,128.44901414303564,129.1980454243318,126.99776871425871,127.40973663330078,2482700,0.0,0.0
2021-11-08 00:00:00-05:00,127.7373903819444,128.055738226195,126.52958869003618,127.10072326660156,2434300,0.0,0.0
2021-11-09 00:00:00-05:00,126.90411337421494,127.30672351427393,126.32362101372823,126.84793853759766,2365800,0.0,0.0
2021-11-10 00:00:00-05:00,126.47344594727628,126.91350127135078,125.25627195061449,125.65888214111328,2056200,0.0,0.0
2021-11-11 00:00:00-05:00,125.46223449707031,126.08018624501429,125.03153695822381,125.46223449707031,1498700,0.0,0.0
2021-11-12 00:00:00-05:00,126.02399625641493,126.77301300273467,125.52776623301772,126.6700210571289,3116100,0.0,0.0
2021-11-15 00:00:00-05:00,127.02581401223584,127.47522691734342,126.23933785665292,126.6700210571289,1367200,0.0,0.0
2021-11-16 00:00:00-05:00,126.8479484648245,128.0838521134519,126.73559878279734,127.4003677368164,1744000,0.0,0.0
2021-11-17 00:00:00-05:00,127.08199105081331,127.81229239178757,126.19252293414765,127.58759307861328,1979400,0.0,0.0
2021-11-18 00:00:00-05:00,128.06513059418347,128.14003514918588,126.71687717730636,126.74496459960938,1686300,0.0,0.0
2021-11-19 00:00:00-05:00,126.65133774085896,126.69815487101516,124.75067940649235,124.80685424804688,2477200,0.0,0.0
2021-11-22 00:00:00-05:00,125.14389885156693,126.19253383450382,124.31996320121357,124.50721740722656,1888400,0.0,0.0
2021-11-23 00:00:00-05:00,124.01099831335232,124.42296617500824,122.569125084138,123.63648986816406,2324900,0.0,0.0
2021-11-24 00:00:00-05:00,123.69266679587463,124.14207979500894,122.95300760382898,123.84247589111328,2007700,0.0,0.0
2021-11-26 00:00:00-05:00,122.80320082537217,123.78630338737308,121.00553450833888,121.41748809814453,1539100,0.0,0.0
2021-11-29 00:00:00-05:00,122.39123041370445,124.16080927401727,122.19460419074453,123.49604034423828,2275100,0.0,0.0
2021-11-30 00:00:00-05:00,122.48485434087398,124.12335367657037,121.97925225965977,122.39122009277344,4043600,0.0,0.0
2021-12-01 00:00:00-05:00,123.68332163317339,124.48852774354621,120.74338570210669,120.799560546875,2845400,0.0,0.0
2021-12-02 00:00:00-05:00,121.21151778995768,124.09526433588627,120.85572475562623,122.859375,2648800,0.0,0.0
2021-12-03 00:00:00-05:00,123.35559183800719,123.62710829675453,120.35010965210158,121.89498901367188,2604600,0.0,0.0
2021-12-06 00:00:00-05:00,123.21513400051506,123.3930161819653,121.96050101579272,122.52227783203125,1889100,0.0,0.0
2021-12-07 00:00:00-05:00,123.95481051775205,125.7243891664612,123.53348498931271,125.47158813476562,3090900,0.0,0.0
2021-12-08 00:00:00-05:00,125.71503452119798,127.26925730207118,125.22816215221418,126.92283630371094,1807400,0.0,0.0
2021-12-09 00:00:00-05:00,126.37975015641823,126.79171785810182,125.34047319501674,126.02397155761719,2095500,0.0,0.0
2021-12-10 00:00:00-05:00,126.58576494947457,127.31606631312586,125.77120134076645,126.90409851074219,1742500,0.0,0.0
2021-12-13 00:00:00-05:00,126.95091654743803,127.50332142890284,126.4078693755206,126.94155883789062,2716300,0.0,0.0
2021-12-14 00:00:00-05:00,126.22998187401285,126.39850635826602,123.51474612844352,125.2843246459961,2806100,0.0,0.0
2021-12-15 00:00:00-05:00,125.53716412157472,126.64197417660783,124.56341918117558,126.51089477539062,1692300,0.0,0.0
2021-12-16 00:00:00-05:00,127.1209635536056,128.3317224620147,126.73614326677492,127.6371841430664,2603100,0.33,0.0
2021-12-17 00:00:00-05:00,127.25238361570159,127.28992042732789,125.018563802568,125.18751525878906,4208000,0.0,0.0
2021-12-20 00:00:00-05:00,124.05180958868694,124.6149619223219,122.8504313103872,124.41785430908203,1516400,0.0,0.0
2021-12-21 00:00:00-05:00,125.18748061000397,126.01341913123306,124.4178401298519,125.8257064819336,1713500,0.0,0.0
2021-12-22 00:00:00-05:00,125.6755227919644,127.02707669707766,125.17807785765969,126.9332275390625,1083500,0.0,0.0
2021-12-23 00:00:00-05:00,127.27117227790775,128.22851144927554,127.04590842028809,127.49642181396484,1212300,0.0,0.0
2021-12-27 00:00:00-05:00,127.50580091147722,129.36418096078543,127.50580091147722,129.28909301757812,852800,0.0,0.0
2021-12-28 00:00:00-05:00,129.33602440378345,129.7490009294666,128.96997963266625,129.1764678955078,1033500,0.0,0.0
2021-12-29 00:00:00-05:00,129.486155962359,129.95544470424386,128.7071349322434,128.8103790283203,946100,0.0,0.0
2021-12-30 00:00:00-05:00,128.94181448190196,129.51434747606578,128.28479860676725,128.378662109375,758000,0.0,0.0
2021-12-31 00:00:00-05:00,128.09708239696772,128.98872836095782,128.09708239696772,128.36927795410156,856900,0.0,0.0
2022-01-03 00:00:00-05:00,128.1440129724431,128.3035694637739,124.99977193073173,125.72248077392578,1792000,0.0,0.0
2022-01-04 00:00:00-05:00,125.97592499723568,126.52968251276823,124.48358959575833,125.83514404296875,1857200,0.0,0.0
2022-01-05 00:00:00-05:00,126.07911284081362,126.55778219314811,124.17380172882854,124.25827026367188,1846800,0.0,0.0
2022-01-06 00:00:00-05:00,124.5117291860021,125.21566250660831,123.31973141973874,124.98101806640625,2205700,0.0,0.0
2022-01-07 00:00:00-05:00,125.05611010050265,125.60986756033651,123.46051639763684,125.06549072265625,1962200,0.0,0.0
2022-01-10 00:00:00-05:00,124.13625687025416,124.57738944764529,122.4374338610296,123.42294311523438,2510200,0.0,0.0
2022-01-11 00:00:00-05:00,123.45112835450506,123.94857340839346,121.34870907207655,123.84532928466797,2479700,0.0,0.0
2022-01-12 00:00:00-05:00,124.1081345982559,125.6755577565941,123.901646342996,125.28135681152344,2156300,0.0,0.0
2022-01-13 00:00:00-05:00,125.65682123387151,125.87269015354497,121.2924251489482,121.60215759277344,1893800,0.0,0.0
2022-01-14 00:00:00-05:00,120.68231572723425,120.73862809467836,117.91350736850582,118.82392883300781,3628600,0.0,0.0
2022-01-18 00:00:00-05:00,117.84781347345894,119.20875543207319,116.62766676248496,118.61744689941406,3195400,0.0,0.0
2022-01-19 00:00:00-05:00,119.0773403430262,120.42888719105945,118.08244323730469,118.08244323730469,2549700,0.0,0.0
2022-01-20 00:00:00-05:00,118.7113169074087,120.16610812266457,118.12939612483838,118.37342834472656,2744800,0.0,0.0
2022-01-21 00:00:00-05:00,118.44849087677945,119.61233226264285,117.69763308930958,117.92288970947266,4442300,0.0,0.0
2022-01-24 00:00:00-05:00,116.00821883257997,118.21387530998801,113.68993043722807,117.62257385253906,4011800,0.0,0.0
2022-01-25 00:00:00-05:00,116.13021174928909,117.27527042743955,114.25305651452717,116.3366928100586,3164500,0.0,0.0
2022-01-26 00:00:00-05:00,117.64131260994417,118.02613286201601,113.53973309258804,114.64725494384766,3084000,0.0,0.0
2022-01-27 00:00:00-05:00,115.83927372330825,117.51932889341859,114.06536220262684,114.88192749023438,3255200,0.0,0.0
2022-01-28 00:00:00-05:00,114.93822403857165,116.89046736901209,113.17370054420024,116.7121353149414,3736100,0.0,0.0
2022-01-31 00:00:00-05:00,116.90921521676403,119.09610258719842,116.77781493500883,118.88023376464844,3022900,0.0,0.0
2022-02-01 00:00:00-05:00,119.23690795898438,119.50909634235622,117.59439703782208,119.23690795898438,2355200,0.0,0.0
2022-02-02 00:00:00-05:00,119.00227081971272,121.26423941730458,118.83332654248672,121.10468292236328,2584600,0.0,0.0
2022-02-03 00:00:00-05:00,119.45279293377669,120.68233471573966,117.94168927029143,120.03471374511719,2919700,0.0,0.0
2022-02-04 00:00:00-05:00,119.61231784688901,122.72838767246758,119.18057305995275,121.78981018066406,4300100,0.0,0.0
2022-02-07 00:00:00-05:00,121.81797755094432,122.0150851438157,119.4809285474479,119.83758544921875,1795300,0.0,0.0
2022-02-08 00:00:00-05:00,119.20875841546791,120.21303629106477,116.86231411166409,119.75312805175781,3400300,0.0,0.0
2022-02-09 00:00:00-05:00,121.08590010602022,122.67209866049116,120.92634362063467,121.12345123291016,2172900,0.0,0.0
2022-02-10 00:00:00-05:00,119.19935453588934,120.74800183863812,118.52357752192977,118.93655395507812,2670100,0.0,0.0
2022-02-11 00:00:00-05:00,118.84270448738593,119.63110627532632,117.22834978547465,118.19508361816406,3018400,0.0,0.0
2022-02-14 00:00:00-05:00,118.13878394401912,118.85209787809839,116.31794081797584,117.17204284667969,2736200,0.0,0.0
2022-02-15 00:00:00-05:00,118.7300646883939,119.26505362625036,117.106322313059,117.5286865234375,2252100,0.0,0.0
2022-02-16 00:00:00-05:00,116.94679139422267,118.79579078928913,116.67460297538128,117.99800109863281,2600300,0.0,0.0
2022-02-17 00:00:00-05:00,117.24709488483785,117.38788293635389,115.53888418969488,115.67967224121094,3017100,0.0,0.0
2022-02-18 00:00:00-05:00,115.95188915954557,116.56196609271461,114.60972277088547,115.32304382324219,2332100,0.0,0.0
2022-02-22 00:00:00-05:00,115.32304143344663,116.25223132610083,114.93822114976173,115.55768585205078,2513500,0.0,0.0
2022-02-23 00:00:00-05:00,115.77354651564877,118.3734104998675,115.66092178558628,116.09266662597656,4009000,0.0,0.0
2022-02-24 00:00:00-05:00,113.52097081690088,120.20365383055278,113.47404622801058,120.06285858154297,5109200,0.0,0.0
2022-02-25 00:00:00-05:00,119.90329399566004,120.89818400664045,118.59867164363808,120.57907104492188,3997400,0.0,0.0
2022-02-28 00:00:00-05:00,118.65498542601372,120.86064864387782,118.65498542601372,120.25056457519531,3358100,0.0,0.0
2022-03-01 00:00:00-05:00,120.28812536033355,121.1703907183231,119.22752794212572,119.90330505371094,3858300,0.0,0.0
2022-03-02 00:00:00-05:00,121.47071752872904,122.66271515214886,120.59784719012693,121.9681625366211,2463300,0.0,0.0
2022-03-03 00:00:00-05:00,122.4750143336797,124.56803868188312,122.25913114215882,123.32910919189453,2894100,0.0,0.0
2022-03-04 00:00:00-05:00,122.90675354941148,127.51517374100649,122.25913261019198,127.36499786376953,4346200,0.0,0.0
2022-03-07 00:00:00-05:00,127.57144757593493,128.80098176606214,124.20195790710964,124.25827026367188,5369400,0.0,0.0
2022-03-08 00:00:00-05:00,122.95367231092143,123.11322879304325,116.95616169243424,117.0124740600586,5014700,0.0,0.0
2022-03-09 00:00:00-05:00,118.54237957772678,121.4425815565811,116.98433698501563,120.87004852294922,3240800,0.0,0.0
2022-03-10 00:00:00-05:00,118.82396770448076,121.71478236450515,118.82396770448076,121.60215759277344,3456100,0.0,0.0
2022-03-11 00:00:00-05:00,121.376874878699,121.9400129050228,118.43912209866416,118.59867858886719,2582100,0.0,0.0
2022-03-14 00:00:00-04:00,118.80515841795933,120.54151844482095,117.86658078563691,118.46726989746094,2560700,0.0,0.0
2022-03-15 00:00:00-04:00,119.80004831477238,122.58762502612124,119.20874698479315,122.25911712646484,2567200,0.0,0.0
2022-03-16 00:00:00-04:00,122.78624826028937,124.10409550744684,121.54369425857713,123.89700317382812,2430200,0.38,0.0
2022-03-17 00:00:00-04:00,123.74641690467867,125.77025706494852,123.74641690467867,125.76084899902344,2077500,0.0,0.0
2022-03-18 00:00:00-04:00,126.16563834022502,129.33789521581843,126.13739977293494,128.8672332763672,3078300,0.0,0.0
2022-03-21 00:00:00-04:00,128.25534498082692,129.1590219883201,127.31402134794011,127.99177551269531,1774800,0.0,0.0
2022-03-22 00:00:00-04:00,127.92592917430969,128.87667563159889,127.66235959654718,128.39659118652344,1967000,0.0,0.0
2022-03-23 00:00:00-04:00,128.0200352773265,128.05768190895577,126.78690341214723,126.98457336425781,2302200,0.0,0.0
2022-03-24 00:00:00-04:00,127.53054496934799,127.69056829244424,126.20328932167638,127.1634292602539,2553300,0.0,0.0
2022-03-25 00:00:00-04:00,127.6623176637806,127.90707102235595,126.61744776533203,127.32344055175781,2159900,0.0,0.0
2022-03-28 00:00:00-04:00,127.23873798985169,127.64351469815617,126.80573707971553,127.2481460571289,1798200,0.0,0.0
2022-03-29 00:00:00-04:00,127.34223961656619,127.53992386789437,123.76520750888493,124.8665542602539,2520300,0.0,0.0
2022-03-30 00:00:00-04:00,124.86655829973282,126.78686631049098,124.86655829973282,126.4668197631836,1861900,0.0,0.0
2022-03-31 00:00:00-04:00,126.39157676388028,128.05770989245886,124.35831348851929,124.36772155761719,3263500,0.0,0.0
2022-04-01 00:00:00-04:00,124.37712626945775,125.24314249739982,123.79349570886248,124.9136734008789,1731200,0.0,0.0
2022-04-04 00:00:00-04:00,124.91365886066528,125.13015930158413,122.4097342362627,122.95570373535156,1687700,0.0,0.0
2022-04-05 00:00:00-04:00,123.0780716686146,125.6855422947585,122.39090940114357,122.87097930908203,2174800,0.0,0.0
2022-04-06 00:00:00-04:00,122.14617058657502,122.76744773910703,120.83773108479708,121.55314636230469,3364700,0.0,0.0
2022-04-07 00:00:00-04:00,121.53430149692674,122.72978659817363,120.58356974629737,122.25912475585938,3611800,0.0,0.0
2022-04-08 00:00:00-04:00,122.75802413299824,124.53712530752897,122.07084750727547,122.2685317993164,5297000,0.0,0.0
2022-04-11 00:00:00-04:00,121.8920117634521,122.17439738425871,119.28454107814545,120.58357238769531,4007700,0.0,0.0
2022-04-12 00:00:00-04:00,120.38588799596502,121.68491930450374,117.28893214630102,117.50543975830078,2955100,0.0,0.0
2022-04-13 00:00:00-04:00,117.42072308777985,118.70092396802761,116.9312378955582,118.44676971435547,2049400,0.0,0.0
2022-04-14 00:00:00-04:00,118.35261504855842,119.10566959191019,116.76177592473327,117.2230224609375,4302000,0.0,0.0
2022-04-18 00:00:00-04:00,116.7241416449141,117.27951919421994,114.92620988686281,115.42511749267578,2046900,0.0,0.0
2022-04-19 00:00:00-04:00,115.40628801976622,115.82988800788463,114.42731047741735,115.71692657470703,4039900,0.0,0.0
2022-04-20 00:00:00-04:00,115.94284633032234,118.01376292091179,115.42512256897277,116.58294677734375,2579100,0.0,0.0
2022-04-21 00:00:00-04:00,117.1853844137485,117.1853844137485,113.32595871264571,113.62718200683594,2882400,0.0,0.0
2022-04-22 00:00:00-04:00,113.36361852681229,113.87193420925723,110.21959349429652,110.37020874023438,3896100,0.0,0.0
2022-04-25 00:00:00-04:00,109.73010573944327,110.05956760505617,107.78156592655554,109.9936752319336,5443600,0.0,0.0
2022-04-26 00:00:00-04:00,110.14429177051947,110.26666127012143,107.52741294752737,107.62154388427734,3108400,0.0,0.0
2022-04-27 00:00:00-04:00,107.64978391411081,110.46433989715186,107.48976060128214,109.85247802734375,3542500,0.0,0.0
2022-04-28 00:00:00-04:00,110.69025257413726,112.58231525857342,109.98425978549855,112.25285339355469,2922600,0.0,0.0
2022-04-29 00:00:00-04:00,111.40566504441135,112.45995023615828,108.75113234075756,109.01470184326172,3641700,0.0,0.0
2022-05-02 00:00:00-04:00,108.49697383248163,109.8336517894726,105.16468700634594,106.82141876220703,2825500,0.0,0.0
2022-05-03 00:00:00-04:00,106.81200969642434,108.4687415481772,106.5955020686222,107.76274871826172,3704100,0.0,0.0
2022-05-04 00:00:00-04:00,107.94159881445627,108.06397550520839,96.95635175217038,103.41383361816406,8336400,0.0,0.0
2022-05-05 00:00:00-04:00,101.82299114613238,102.12421446724181,94.97015520459482,95.66673278808594,9393400,0.0,0.0
2022-05-06 00:00:00-04:00,95.41257642208079,95.52553785815194,92.88041322189582,93.95352172851562,7995700,0.0,0.0
2022-05-09 00:00:00-04:00,92.12735013852972,96.02442955653108,90.88480318180073,91.29898071289062,5503600,0.0,0.0
2022-05-10 00:00:00-04:00,93.36991119462722,94.19827356362393,89.8305316512218,90.80950927734375,5215700,0.0,0.0
2022-05-11 00:00:00-04:00,90.2258910938514,92.00499262554216,88.97392862881534,89.0021743774414,4052700,0.0,0.0
2022-05-12 00:00:00-04:00,88.75739979989162,91.48723957456005,88.03257663312054,89.89640045166016,4099600,0.0,0.0
2022-05-13 00:00:00-04:00,90.89422058312095,93.42638381282634,90.15057394587619,92.5038833618164,3984500,0.0,0.0
2022-05-16 00:00:00-04:00,92.02381975969026,92.51330499200955,90.59300351433069,91.6002197265625,2811800,0.0,0.0
2022-05-17 00:00:00-04:00,93.04040898957608,93.66168593142612,91.6472542658312,93.30398559570312,3343800,0.0,0.0
2022-05-18 00:00:00-04:00,92.11793702667984,92.5885988724398,89.13394264817678,89.529296875,3181200,0.0,0.0
2022-05-19 00:00:00-04:00,88.11731696568371,91.23309628546284,87.96670171819056,90.27294921875,3671900,0.0,0.0
2022-05-20 00:00:00-04:00,90.81889766682012,92.14616011447995,90.0846592780803,91.89200592041016,3235900,0.0,0.0
2022-05-23 00:00:00-04:00,93.26635664917438,93.26635664917438,91.00717826671067,92.353271484375,3024000,0.0,0.0
2022-05-24 00:00:00-04:00,91.92967643816553,92.95571582894581,90.83773749360275,92.5886001586914,2168600,0.0,0.0
2022-05-25 00:00:00-04:00,91.87318969806573,92.77685956872779,90.95069651377165,91.79788208007812,4443700,0.0,0.0
2022-05-26 00:00:00-04:00,92.36268632022497,94.25474183330668,91.5249087809846,93.68994903564453,3645400,0.0,0.0
2022-05-27 00:00:00-04:00,94.78189455148772,96.6739501953125,94.33947122186592,96.6739501953125,2482100,0.0,0.0
2022-05-31 00:00:00-04:00,96.27857968070398,96.85278766926429,95.75144074631262,96.38212585449219,4122000,0.0,0.0
2022-06-01 00:00:00-04:00,96.3162461672391,97.41759323517752,95.57259954019435,96.00560760498047,3182900,0.0,0.0
2022-06-02 00:00:00-04:00,96.38213602216891,97.0504750078431,95.88323559495649,96.86221313476562,2296000,0.0,0.0
2022-06-03 00:00:00-04:00,96.14679742594659,96.53274357124019,94.97955810610243,95.0172119140625,2366900,0.0,0.0
2022-06-06 00:00:00-04:00,95.19606403130915,96.74924958629063,94.65010173863084,94.94190979003906,2371700,0.0,0.0
2022-06-07 00:00:00-04:00,94.41474636242091,95.93027771481025,94.28296165192863,95.78907775878906,3503400,0.0,0.0
2022-06-08 00:00:00-04:00,96.20328934132905,97.5776284071666,95.29961935650796,95.43140411376953,2791000,0.0,0.0
2022-06-09 00:00:00-04:00,94.3394822613032,95.29962947785775,93.55818170189492,93.66172790527344,2304500,0.0,0.0
2022-06-10 00:00:00-04:00,92.3815025160765,92.9933643254497,91.34604793653004,92.0426254272461,2705300,0.0,0.0
2022-06-13 00:00:00-04:00,90.7153689929669,92.23090074853826,89.64226053248818,91.13896179199219,2995400,0.0,0.0
2022-06-14 00:00:00-04:00,90.8554479318033,91.11061081170426,88.37945953327522,88.88033294677734,3975400,0.38,0.0
2022-06-15 00:00:00-04:00,89.6174598558956,91.60202724298975,88.4739710624272,90.37348175048828,3087500,0.0,0.0
2022-06-16 00:00:00-04:00,88.56846815524587,90.00491472507123,88.21880345132816,89.6363525390625,2618800,0.0,0.0
2022-06-17 00:00:00-04:00,88.76692347096584,89.49459549125658,85.1001991215278,85.36480712890625,10178000,0.0,0.0
2022-06-21 00:00:00-04:00,86.53665481367221,88.94649138240871,86.2058947695391,88.65352630615234,4550500,0.0,0.0
2022-06-22 00:00:00-04:00,87.46279548116019,89.9671268323425,87.20763256724776,88.7952880859375,2835100,0.0,0.0
2022-06-23 00:00:00-04:00,89.58910942178196,91.58312914198817,89.38120105891264,91.36576843261719,2131600,0.0,0.0
2022-06-24 00:00:00-04:00,91.70597900637712,92.56595506042393,90.91214774646005,92.52816009521484,3064200,0.0,0.0
2022-06-27 00:00:00-04:00,92.92507645061522,93.68109836049962,92.04619566297895,93.2558364868164,3143400,0.0,0.0
2022-06-28 00:00:00-04:00,93.2652888420334,93.89845908425137,91.40357308235328,91.43192291259766,2993900,0.0,0.0
2022-06-29 00:00:00-04:00,91.22402555536861,91.94225258504193,90.26009516056749,91.11062622070312,2194800,0.0,0.0
2022-06-30 00:00:00-04:00,90.16557758207603,90.2600794144875,88.19990774379572,88.87088012695312,2917100,0.0,0.0
2022-07-01 00:00:00-04:00,88.7007857706981,90.17503474094983,87.90695441054275,89.9954833984375,2293900,0.0,0.0
2022-07-05 00:00:00-04:00,89.3244933999618,90.80819454637476,88.5401216879296,90.7420425415039,4313200,0.0,0.0
2022-07-06 00:00:00-04:00,91.00665467748594,91.61147504718242,89.68360741501455,90.25062561035156,2108300,0.0,0.0
2022-07-07 00:00:00-04:00,90.39238583375429,91.99893865769897,90.29788399882129,91.36576843261719,1672000,0.0,0.0
2022-07-08 00:00:00-04:00,90.54360439962272,91.2523791103014,90.29790102447514,90.60031127929688,1260200,0.0,0.0
2022-07-11 00:00:00-04:00,90.02383148416851,90.3829413722538,88.9370422625579,89.3434066772461,1846400,0.0,0.0
2022-07-12 00:00:00-04:00,89.683614288226,91.1484108042707,88.05815671633384,88.20935821533203,2254700,0.0,0.0
2022-07-13 00:00:00-04:00,87.08476196225763,89.778103629126,86.79179693180733,89.29613494873047,3378200,0.0,0.0
2022-07-14 00:00:00-04:00,88.0581441957935,88.7385688696095,87.406069348382,88.47396087646484,3046700,0.0,0.0
2022-07-15 00:00:00-04:00,89.74976360899085,90.70424872856668,89.57965742144296,90.56249237060547,3338200,0.0,0.0
2022-07-18 00:00:00-04:00,91.52641122430163,91.81937625026457,89.45679461200162,89.6646957397461,2700100,0.0,0.0
2022-07-19 00:00:00-04:00,90.22227653684732,91.69652529906196,89.61745616209119,91.48861694335938,2257300,0.0,0.0
2022-07-20 00:00:00-04:00,91.87609622745252,93.47320407544343,91.54533616692947,93.02903747558594,3179000,0.0,0.0
2022-07-21 00:00:00-04:00,92.88727946933487,94.11581784537672,92.50926488823413,94.0024185180664,2800900,0.0,0.0
2022-07-22 00:00:00-04:00,94.01185799976113,94.96633585413468,92.88726675764538,93.66219329833984,2886700,0.0,0.0
2022-07-25 00:00:00-04:00,93.94570868296688,94.20086435181797,92.7077108836485,93.52989196777344,1710400,0.0,0.0
2022-07-26 00:00:00-04:00,92.83056805391192,93.15187572065354,91.45081392605817,92.27299499511719,1940700,0.0,0.0
2022-07-27 00:00:00-04:00,92.28245813437569,92.60376583869679,90.83655904487397,92.15015411376953,2363500,0.0,0.0
2022-07-28 00:00:00-04:00,92.60376203858993,97.385632908655,92.42421070943735,96.92256164550781,3033800,0.0,0.0
2022-07-29 00:00:00-04:00,96.29885400318662,97.20608472246532,95.75073319048838,96.38390350341797,2266300,0.0,0.0
2022-08-01 00:00:00-04:00,95.41051798149049,96.09094280357387,94.55998695388627,94.88130187988281,1952500,0.0,0.0
2022-08-02 00:00:00-04:00,94.25756330248026,95.93972042310777,94.0874571211793,95.12699890136719,2083100,0.0,0.0
2022-08-03 00:00:00-04:00,95.57116548235632,97.76364131321637,95.57116548235632,97.3572769165039,2561800,0.0,0.0
2022-08-04 00:00:00-04:00,100.92005189423425,102.35649855386734,100.2868816591999,101.5343246459961,3800800,0.0,0.0
2022-08-05 00:00:00-04:00,100.4947957474203,101.11852092609607,98.32122438997949,99.24735260009766,2773200,0.0,0.0
2022-08-08 00:00:00-04:00,99.81435261876125,100.26796426010003,98.16999059133383,98.56690979003906,1812200,0.0,0.0
2022-08-09 00:00:00-04:00,98.34011082250512,99.18118943737542,97.9243012934861,99.14339447021484,1597000,0.0,0.0
2022-08-10 00:00:00-04:00,100.27743330468087,101.02401009915599,99.64426304443946,100.22073364257812,1779500,0.0,0.0
2022-08-11 00:00:00-04:00,100.90114097993195,102.00683474894353,100.40027478876964,100.76883697509766,1937400,0.0,0.0
2022-08-12 00:00:00-04:00,101.36421420000418,103.78349571886156,101.3358643712719,103.65119171142578,1971500,0.0,0.0
2022-08-15 00:00:00-04:00,103.38658836757604,104.29381897813637,102.98967632733614,103.57559204101562,2548200,0.0,0.0
2022-08-16 00:00:00-04:00,102.92353031097963,105.41841643773476,102.8006714270681,104.9553451538086,2148600,0.0,0.0
2022-08-17 00:00:00-04:00,104.40723894229377,105.71138176089804,103.96307232152908,105.56017303466797,1877100,0.0,0.0
2022-08-18 00:00:00-04:00,105.51289785532971,106.85484250116076,105.21048769274768,106.42958068847656,2338200,0.0,0.0
2022-08-19 00:00:00-04:00,105.53181436068549,105.89093145038447,102.86682206937067,103.0936279296875,4531000,0.0,0.0
2022-08-22 00:00:00-04:00,101.60048284541743,103.23538562419101,100.87280351958192,101.90289306640625,2312500,0.0,0.0
2022-08-23 00:00:00-04:00,101.80839539698073,101.80839539698073,100.11678567554432,100.59874725341797,1498500,0.0,0.0
2022-08-24 00:00:00-04:00,100.54204906378413,101.22247390139309,100.20183664497965,101.04291534423828,2525700,0.0,0.0
2022-08-25 00:00:00-04:00,101.35477370086943,101.88398979247137,100.17348263209472,101.12796783447266,1855300,0.0,0.0
2022-08-26 00:00:00-04:00,101.11852370510927,101.28862992123865,97.82036079185357,97.89595794677734,1684200,0.0,0.0
2022-08-29 00:00:00-04:00,97.40453403163423,97.4517885574036,95.95863494744256,96.0058822631836,3118700,0.0,0.0
2022-08-30 00:00:00-04:00,96.2893873645039,96.856405578645,94.66392986327901,94.98524475097656,2939700,0.0,0.0
2022-08-31 00:00:00-04:00,95.78851778182472,96.39333815027918,95.08919558267942,95.30654907226562,3005400,0.0,0.0
2022-09-01 00:00:00-04:00,94.74898753738866,96.48784437334558,93.62439623389898,96.43114471435547,2713500,0.0,0.0
2022-09-02 00:00:00-04:00,97.35728396160168,97.82980040080773,95.28766686069868,95.71292877197266,2360700,0.0,0.0
2022-09-06 00:00:00-04:00,95.82633271059427,96.10983824040142,94.25757471421988,94.4182357788086,2560500,0.0,0.0
2022-09-07 00:00:00-04:00,94.23866323676761,96.79970102223994,94.23866323676761,96.67684936523438,2281700,0.0,0.0
2022-09-08 00:00:00-04:00,96.23268451709232,97.75418778746779,95.78851798089201,97.53682708740234,1902500,0.0,0.0
2022-09-09 00:00:00-04:00,97.74475761057226,98.18892424751272,97.10213492074911,97.7164077758789,2077000,0.0,0.0
2022-09-12 00:00:00-04:00,98.06605900440638,98.42517611402752,97.669146924326,98.36846923828125,2075000,0.0,0.0
2022-09-13 00:00:00-04:00,96.3933256168418,96.52562960461182,94.20085026376177,94.37095642089844,2586200,0.0,0.0
2022-09-14 00:00:00-04:00,95.15533521269676,95.34433884950347,93.49207581069676,94.37095642089844,2443500,0.0,0.0
2022-09-15 00:00:00-04:00,94.17175515790505,95.01605379717559,93.15670778520972,93.33695220947266,1340800,0.38,0.0
2022-09-16 00:00:00-04:00,92.60649818613106,93.08081951157978,91.80963459584132,92.27446746826172,3136800,0.0,0.0
2022-09-19 00:00:00-04:00,91.92347525203948,92.4736897321585,91.22148170977299,92.03730773925781,2252200,0.0,0.0
2022-09-20 00:00:00-04:00,91.40171608325858,91.65785364676222,88.9637048101865,89.97875213623047,3095500,0.0,0.0
2022-09-21 00:00:00-04:00,90.61434048134444,91.17404339440775,88.75500180226985,88.80243682861328,3828400,0.0,0.0
2022-09-22 00:00:00-04:00,88.66014778545423,89.69417211428913,88.1953148789495,89.22933197021484,2653600,0.0,0.0
2022-09-23 00:00:00-04:00,88.66014909279234,89.12498200615126,87.2371849911237,88.45144653320312,2980200,0.0,0.0
2022-09-26 00:00:00-04:00,88.09098049018183,88.2712249576489,86.84826060414078,86.88619995117188,4205000,0.0,0.0
2022-09-27 00:00:00-04:00,87.45535452139202,87.64508012664768,85.85214637798038,86.80078887939453,3650800,0.0,0.0
2022-09-28 00:00:00-04:00,87.04747476281176,88.48940879012844,86.26958787223876,88.27122497558594,3862200,0.0,0.0
2022-09-29 00:00:00-04:00,87.3415175438602,87.61662474637158,86.01341655288282,86.08930969238281,2430100,0.0,0.0
2022-09-30 00:00:00-04:00,85.9375416139157,87.81585740772044,85.68141126081808,85.70986938476562,3007700,0.0,0.0
2022-10-03 00:00:00-04:00,86.26957843583666,88.47042943947184,85.71936387553532,88.05302429199219,2187100,0.0,0.0
2022-10-04 00:00:00-04:00,88.95421856783192,89.99773127830521,88.641171992259,89.3241958618164,3751000,0.0,0.0
2022-10-05 00:00:00-04:00,89.05857265717091,89.67519184989943,88.32812097429327,88.61271667480469,2246000,0.0,0.0
2022-10-06 00:00:00-04:00,88.32812154287393,89.049092014593,88.02455617124001,88.55579376220703,3296300,0.0,0.0
2022-10-07 00:00:00-04:00,87.76841918256336,87.98661018750497,84.62841417006113,85.39681243896484,3887300,0.0,0.0
2022-10-10 00:00:00-04:00,85.70037474309078,86.03240546535767,84.97941152990973,85.6244888305664,2320900,0.0,0.0
2022-10-11 00:00:00-04:00,85.61499803739942,87.26563420018842,85.05530235528774,86.12726593017578,3677100,0.0,0.0
2022-10-12 00:00:00-04:00,85.89010775412733,87.07591108532927,85.67191675665575,85.95651245117188,2670400,0.0,0.0
2022-10-13 00:00:00-04:00,84.45767447647344,88.09097844509861,84.04975774843496,87.72100830078125,3026700,0.0,0.0
2022-10-14 00:00:00-04:00,88.46093254980623,89.63724748158984,85.30195059412087,85.5201416015625,2929700,0.0,0.0
2022-10-17 00:00:00-04:00,86.29802327610656,87.84430819451812,86.28853482306,87.06642150878906,3045100,0.0,0.0
2022-10-18 00:00:00-04:00,89.34316769879621,89.59929803731214,87.26563791806443,87.94866180419922,2829900,0.0,0.0
2022-10-19 00:00:00-04:00,87.64509613062958,88.07198243918816,85.90907829902879,86.92412567138672,2198100,0.0,0.0
2022-10-20 00:00:00-04:00,87.12334807423602,87.41743225296958,85.52963517690797,85.69090270996094,2487800,0.0,0.0
2022-10-21 00:00:00-04:00,85.67193821159849,88.3565993627797,84.89405132102549,88.27122497558594,4954400,0.0,0.0
2022-10-24 00:00:00-04:00,88.91628668413172,89.77005935507715,88.19531617943343,88.45144653320312,2282000,0.0,0.0
2022-10-25 00:00:00-04:00,88.13838144365177,90.2917968146167,87.68302984210081,90.2728271484375,3096600,0.0,0.0
2022-10-26 00:00:00-04:00,90.27283436865244,91.06020223550807,88.98267983823162,89.06805419921875,2842400,0.0,0.0
2022-10-27 00:00:00-04:00,89.66570264378302,91.51556020643895,89.10600693839703,90.71869659423828,2611600,0.0,0.0
2022-10-28 00:00:00-04:00,90.50051360652597,91.84758448235837,90.21591790596676,91.71477508544922,1779500,0.0,0.0
2022-10-31 00:00:00-04:00,91.63889754391617,91.8855467105785,90.38668927577211,90.66179656982422,2007300,0.0,0.0
2022-11-01 00:00:00-04:00,91.54402043950735,91.724264868312,89.07755086999823,89.1913833618164,5011300,0.0,0.0
2022-11-02 00:00:00-04:00,88.9731857920071,89.94079801020622,87.58816853504021,87.87275695800781,4570900,0.0,0.0
2022-11-03 00:00:00-04:00,87.85379878755627,92.37882116673154,87.52177529852987,90.5669174194336,3604500,0.0,0.0
2022-11-04 00:00:00-04:00,91.52505040394321,91.7432341707682,89.35265776374692,91.6578598022461,3173700,0.0,0.0
2022-11-07 00:00:00-05:00,92.67288965764335,92.76775246168224,91.6483540038602,92.49264526367188,2081700,0.0,0.0
2022-11-08 00:00:00-05:00,92.71085760995929,96.0311071800913,92.35985719273454,94.32354736328125,2934900,0.0,0.0
2022-11-09 00:00:00-05:00,94.25713999853934,94.39943785218176,92.0942357833969,92.2649917602539,1676800,0.0,0.0
2022-11-10 00:00:00-05:00,95.44293835122681,97.35919333486942,93.99151624324543,97.27381896972656,2863700,0.0,0.0
2022-11-11 00:00:00-05:00,97.75762934591624,99.26596770649647,96.78052132318092,98.96240234375,2450600,0.0,0.0
2022-11-14 00:00:00-05:00,98.59244035679683,100.43280959026889,98.19401214261312,98.75370788574219,2817800,0.0,0.0
2022-11-15 00:00:00-05:00,99.82567846763168,100.76483275138746,98.25092804909619,99.65492248535156,2745400,0.0,0.0
2022-11-16 00:00:00-05:00,99.65488791171553,100.48969062570286,98.24140551194877,98.67778015136719,2261700,0.0,0.0
2022-11-17 00:00:00-05:00,98.26041684497707,99.20905958593053,97.21691127744221,98.75370788574219,2354200,0.0,0.0
2022-11-18 00:00:00-05:00,100.01538493186305,100.14819431064883,97.91888575238096,98.85803985595703,1590600,0.0,0.0
2022-11-21 00:00:00-05:00,98.61140530945016,100.8596911034755,97.81454891920485,99.93950653076172,1994700,0.0,0.0
2022-11-22 00:00:00-05:00,100.50870156569613,100.81226697159146,99.41776813791525,100.5845947265625,1518600,0.0,0.0
2022-11-23 00:00:00-05:00,100.53714940008248,102.16880864880115,99.99642338893544,101.44784545898438,1347000,0.0,0.0
2022-11-25 00:00:00-05:00,100.94507113255916,101.9411416048043,100.85968952775572,101.61860656738281,817700,0.0,0.0
2022-11-28 00:00:00-05:00,100.95455018853423,101.45732964056397,99.30391398586303,99.6833724975586,2261300,0.0,0.0
2022-11-29 00:00:00-05:00,99.54107583209948,100.85020011353524,99.40826643706552,99.93001556396484,1414100,0.0,0.0
2022-11-30 00:00:00-05:00,99.70234028569084,102.81388699528124,99.23750741735506,102.74748229980469,3504400,0.0,0.0
2022-12-01 00:00:00-05:00,103.29769261540454,104.32222836518588,102.7190200477078,103.90482330322266,1745100,0.0,0.0
2022-12-02 00:00:00-05:00,102.42493700056424,104.07557300651752,101.85575291963914,103.63919830322266,1171800,0.0,0.0
2022-12-05 00:00:00-05:00,103.27872359295039,103.62023551167732,101.22016362796612,101.59013366699219,1841600,0.0,0.0
2022-12-06 00:00:00-05:00,101.60911415792108,101.96011454165709,100.05334080107167,100.3094711303711,1871100,0.0,0.0
2022-12-07 00:00:00-05:00,99.63593855451705,100.51817652784969,97.93786730530395,98.21297454833984,3043800,0.0,0.0
2022-12-08 00:00:00-05:00,98.57346868446268,99.6074857770674,98.042223838771,99.07624816894531,2133300,0.0,0.0
2022-12-09 00:00:00-05:00,98.75370610738072,99.34186720170536,97.9663309095517,98.02325439453125,2155200,0.0,0.0
2022-12-12 00:00:00-05:00,97.56789374783052,99.89207255054295,97.37816811549719,99.8541259765625,2226700,0.0,0.0
2022-12-13 00:00:00-05:00,102.69057522322865,102.81389617224417,100.26205215752839,100.91661071777344,2295000,0.0,0.0
2022-12-14 00:00:00-05:00,100.48819009505587,101.74488717154831,98.49841548689233,98.94587707519531,2237600,0.38,0.0
2022-12-15 00:00:00-05:00,97.69869754059405,98.19375691881805,96.48007587205264,97.31787872314453,2023900,0.0,0.0
2022-12-16 00:00:00-05:00,96.29919859448174,96.87042322467605,95.29002757550604,95.92790222167969,6124800,0.0,0.0
2022-12-19 00:00:00-05:00,95.99454355503467,96.72761382130241,94.80448923325802,95.47091674804688,1674100,0.0,0.0
2022-12-20 00:00:00-05:00,95.63277336584652,96.37537344919673,95.08059361745438,95.57565307617188,1639300,0.0,0.0
2022-12-21 00:00:00-05:00,95.99454882058681,97.89863583987359,95.97550388282524,97.63206481933594,2415700,0.0,0.0
2022-12-22 00:00:00-05:00,96.47056497142322,97.59397653808394,95.91837802466291,97.54637145996094,2160400,0.0,0.0
2022-12-23 00:00:00-05:00,97.58445411944274,98.26992656907832,97.25124036295742,97.87958526611328,1321200,0.0,0.0
2022-12-27 00:00:00-05:00,97.8605474929679,98.20328371743547,96.7656960683362,97.2131576538086,2693500,0.0,0.0
2022-12-28 00:00:00-05:00,97.87959050978819,98.55554052730376,97.31788832783748,97.36548614501953,1587300,0.0,0.0
2022-12-29 00:00:00-05:00,98.19376616098769,99.6027937391166,97.93671761153641,99.10772705078125,993800,0.0,0.0
2022-12-30 00:00:00-05:00,98.28897288016458,98.91732510205709,96.63241915697232,97.6701431274414,1175500,0.0,0.0
2023-01-03 00:00:00-05:00,98.65074583079816,99.4599813181988,97.50828932195446,98.27944946289062,1919700,0.0,0.0
2023-01-04 00:00:00-05:00,99.43142127351506,99.73607489013398,98.40321259360802,98.94587707519531,1527100,0.0,0.0
2023-01-05 00:00:00-05:00,98.01285776718592,98.69833012589278,97.47019336046202,97.66060638427734,1223500,0.0,0.0
2023-01-06 00:00:00-05:00,98.45081913493532,100.20257564064549,97.25124232388535,99.8693618774414,1594500,0.0,0.0
2023-01-09 00:00:00-05:00,100.23113681019179,101.44975130726768,99.8217578216258,100.19305419921875,3975500,0.0,0.0
2023-01-10 00:00:00-05:00,100.06929822682828,101.7258519717861,99.8217648697835,101.53544616699219,1468100,0.0,0.0
2023-01-11 00:00:00-05:00,102.12569294118914,103.8393739769842,101.7639190618612,103.47760009765625,2651600,0.0,0.0
2023-01-12 00:00:00-05:00,103.77273990642918,104.33444207631605,102.55412540730512,103.80130004882812,2816200,0.0,0.0
2023-01-13 00:00:00-05:00,102.90637632424723,103.06822923620936,101.27838284415886,102.46843719482422,1726300,0.0,0.0
2023-01-17 00:00:00-05:00,102.29707803620903,103.20152378002857,101.83057872367995,102.25900268554688,2424000,0.0,0.0
2023-01-18 00:00:00-05:00,102.48748545804249,103.6394572352498,102.10666660076774,102.50652313232422,2399800,0.0,0.0
2023-01-19 00:00:00-05:00,101.92578124490437,102.63029870928212,101.20223336878293,101.79249572753906,2182400,0.0,0.0
2023-01-20 00:00:00-05:00,101.91624945369927,103.36335223396395,101.39262267532222,103.27767181396484,1688900,0.0,0.0
2023-01-23 00:00:00-05:00,103.36336186159599,104.32492782439991,102.49700605901229,103.45856475830078,1964000,0.0,0.0
2023-01-24 00:00:00-05:00,103.58233884290627,103.62993666123872,100.71668578732155,101.15462493896484,2516200,0.0,0.0
2023-01-25 00:00:00-05:00,99.88840204538945,101.85913179528413,99.20292956481471,101.38311004638672,2384100,0.0,0.0
2023-01-26 00:00:00-05:00,101.8020025492475,103.08725970544059,101.24981562588565,103.00157928466797,1339900,0.0,0.0
2023-01-27 00:00:00-05:00,102.2018632782905,103.25863209273363,101.32598504433325,102.7635726928711,3466400,0.0,0.0
2023-01-30 00:00:00-05:00,102.11619232372429,102.97303296401785,101.44975748637785,101.54496765136719,1966300,0.0,0.0
2023-01-31 00:00:00-05:00,101.64017292086702,102.43036355867169,101.40216202988003,102.39228820800781,2150500,0.0,0.0
2023-02-01 00:00:00-05:00,101.69728710526734,104.30588428010041,101.65920449337368,103.78226470947266,2438300,0.0,0.0
2023-02-02 00:00:00-05:00,105.04848238191323,105.9529281173563,102.33515970261585,103.13488006591797,3469000,0.0,0.0
2023-02-03 00:00:00-05:00,102.18283317118915,103.43953033229192,101.21174470916864,102.49700927734375,2314100,0.0,0.0
2023-02-06 00:00:00-05:00,101.42119222671923,103.38239949951337,100.54531395571557,103.12535095214844,2097400,0.0,0.0
2023-02-07 00:00:00-05:00,102.33514801062813,104.39156534115602,102.04953933484263,104.10594940185547,2043700,0.0,0.0
2023-02-08 00:00:00-05:00,103.28720231722609,104.60102705993461,103.10631898259722,104.01075744628906,2338300,0.0,0.0
2023-02-09 00:00:00-05:00,104.42963851274042,104.62956674677616,102.13521052799403,102.38274383544922,3564500,0.0,0.0
2023-02-10 00:00:00-05:00,102.00194265260161,103.66801882078292,101.77345424046399,103.49665069580078,1592900,0.0,0.0
2023-02-13 00:00:00-05:00,103.82985824061505,104.12499665472868,103.42047925905185,103.95362854003906,1572900,0.0,0.0
2023-02-14 00:00:00-05:00,103.83939794238181,104.77240389131578,102.61126079386912,103.20153045654297,1959400,0.0,0.0
2023-02-15 00:00:00-05:00,102.88734341607262,104.02027753470568,102.44940426636535,103.43000793457031,1429900,0.0,0.0
2023-02-16 00:00:00-05:00,102.18282179414464,103.04917752747116,101.84960805055752,101.9924087524414,2219900,0.0,0.0
2023-02-17 00:00:00-05:00,101.6687426227087,102.37325289247124,101.19272079598764,101.97339630126953,1700100,0.0,0.0
2023-02-21 00:00:00-05:00,101.10701833472191,101.44023937561013,98.56506389424491,99.16485595703125,2639800,0.0,0.0
2023-02-22 00:00:00-05:00,98.91733120268164,99.6218414308315,98.27946373579573,99.28862762451172,2323800,0.0,0.0
2023-02-23 00:00:00-05:00,99.77415312609294,99.93599876393255,97.83198368147305,98.78402709960938,2729300,0.0,0.0
2023-02-24 00:00:00-05:00,97.8986325040002,98.18424118905185,96.68001801534315,97.59397888183594,2765700,0.0,0.0
2023-02-27 00:00:00-05:00,98.00335200800666,98.62217442037714,96.26111080564964,96.64192962646484,4052200,0.0,0.0
2023-02-28 00:00:00-05:00,96.46103052906473,97.50827674613652,96.03261393319897,96.91801452636719,4180100,0.0,0.0
2023-03-01 00:00:00-05:00,96.8323329412267,97.22267422009668,95.80412433024277,96.0611801147461,2864200,0.0,0.0
2023-03-02 00:00:00-05:00,95.37572426259467,97.83199839401877,95.37572426259467,97.78439331054688,5821600,0.0,0.0
2023-03-03 00:00:00-05:00,97.93672610419101,97.93672610419101,97.0418028108762,97.5654296875,2938200,0.0,0.0
2023-03-06 00:00:00-05:00,97.9652720327624,99.36477706035423,97.63205827941078,98.2889633178711,2383000,0.0,0.0
2023-03-07 00:00:00-05:00,99.27910478483045,101.03086877419554,97.82247924869137,98.02240753173828,4810300,0.0,0.0
2023-03-08 00:00:00-05:00,98.0604671708516,98.66025187945857,97.27026943001776,97.68917083740234,2651700,0.0,0.0
2023-03-09 00:00:00-05:00,97.77488022042263,97.8986505439161,94.77594852542911,95.29956817626953,3507900,0.0,0.0
2023-03-10 00:00:00-05:00,94.63312619006525,94.93777982222038,90.17756228009954,90.8154296875,5375100,0.0,0.0
2023-03-13 00:00:00-04:00,89.87291978091989,93.47164352639136,89.64443134437852,92.98609924316406,5413900,0.0,0.0
2023-03-14 00:00:00-04:00,94.56648113920865,94.98537533355515,93.50018982079455,94.1094970703125,3523500,0.0,0.0
2023-03-15 00:00:00-04:00,92.32918747735964,93.83341077916047,92.09117658779114,92.8432846069336,4261300,0.0,0.0
2023-03-16 00:00:00-04:00,92.25045424513591,95.61613913284165,91.98272292782067,94.87989807128906,3963200,0.42,0.0
2023-03-17 00:00:00-04:00,94.45917982354847,95.1954208468999,92.20263847350334,92.74765014648438,6094000,0.0,0.0
2023-03-20 00:00:00-04:00,93.09189053261457,93.95243739992218,92.56599875400052,93.74208068847656,3112500,0.0,0.0
2023-03-21 00:00:00-04:00,94.94683313869918,95.7021942506223,94.53568343104173,95.34841918945312,2618300,0.0,0.0
2023-03-22 00:00:00-04:00,95.94123666354356,95.94123666354356,93.05363228612414,93.130126953125,2157100,0.0,0.0
2023-03-23 00:00:00-04:00,93.09187930364573,93.41697069489649,91.46640775752597,92.29826354980469,3436000,0.0,0.0
2023-03-24 00:00:00-04:00,91.84886019400881,93.49345894134402,91.5237688250824,93.21617126464844,1995200,0.0,0.0
2023-03-27 00:00:00-04:00,94.04804805780219,94.58349617671298,93.34049057282243,93.75164031982422,2229500,0.0,0.0
2023-03-28 00:00:00-04:00,94.26796317468337,94.96596431196878,94.10541746289556,94.75560760498047,1752600,0.0,0.0
2023-03-29 00:00:00-04:00,95.78825783170588,97.40417307527242,95.46315913353358,97.21293640136719,3677700,0.0,0.0
2023-03-30 00:00:00-04:00,98.04479793372687,98.51331501108498,97.36592416594137,98.22647094726562,2908900,0.0,0.0
2023-03-31 00:00:00-04:00,98.9627253347032,99.80414491427128,98.77149593318947,99.71809387207031,3192300,0.0,0.0
2023-04-03 00:00:00-04:00,99.89975896782151,100.86547685210446,99.52684926312857,100.79854583740234,2661400,0.0,0.0
2023-04-04 00:00:00-04:00,101.20968441846757,102.09891482709088,100.52124703180014,101.391357421875,3159700,0.0,0.0
2023-04-05 00:00:00-04:00,101.7929456352411,102.49094669352517,100.84634785586543,101.56346893310547,2964600,0.0,0.0
2023-04-06 00:00:00-04:00,101.64953037313515,103.57141709958545,101.58259935753406,103.50448608398438,3104300,0.0,0.0
2023-04-10 00:00:00-04:00,102.81603297904977,103.03595330826239,101.10450321756312,101.71644592285156,1780900,0.0,0.0
2023-04-11 00:00:00-04:00,101.85987539160509,102.48138177655818,101.24793266347879,101.47740936279297,2512300,0.0,0.0
2023-04-12 00:00:00-04:00,102.22322265164078,102.93078007188865,101.8598766371067,102.39532470703125,2256500,0.0,0.0
2023-04-13 00:00:00-04:00,102.43357475221205,103.22719051610213,102.09891969964788,102.79692077636719,1734300,0.0,0.0
2023-04-14 00:00:00-04:00,102.97858649351173,103.1602595055893,102.051116003529,102.79692077636719,2051200,0.0,0.0
2023-04-17 00:00:00-04:00,102.6248118598202,103.25587463378906,102.33796050214968,103.25587463378906,2216500,0.0,0.0
2023-04-18 00:00:00-04:00,103.20806325937845,103.46622362612982,102.73953892370992,102.77778625488281,1923100,0.0,0.0
2023-04-19 00:00:00-04:00,102.63436136434403,104.31720747403904,102.63436136434403,103.59052276611328,1580800,0.0,0.0
2023-04-20 00:00:00-04:00,103.28456170270407,103.66702776051493,102.48138954674124,103.03596496582031,1502800,0.0,0.0
2023-04-21 00:00:00-04:00,103.19850397492542,103.73395204416548,102.3857682141338,103.60009002685547,1667000,0.0,0.0
2023-04-24 00:00:00-04:00,104.039921004097,104.15466299982165,102.92121390177894,103.19850158691406,1355600,0.0,0.0
2023-04-25 00:00:00-04:00,102.78735049356459,102.81603416837359,101.40091938162442,101.6781997680664,1859900,0.0,0.0
2023-04-26 00:00:00-04:00,100.83679130007722,101.11407901152921,99.41211270221243,100.02405548095703,3437700,0.0,0.0
2023-04-27 00:00:00-04:00,100.70292362008354,102.79691952991801,100.28221024771385,102.71086120605469,2007800,0.0,0.0
2023-04-28 00:00:00-04:00,102.59612260778526,104.17378310444109,102.49094426868385,104.1546630859375,2179500,0.0,0.0
2023-05-01 00:00:00-04:00,104.01124314965998,104.40327285245884,103.38973673750226,103.85826110839844,1616200,0.0,0.0
2023-05-02 00:00:00-04:00,103.63836022700295,103.8487169563138,101.05672670076034,102.41447448730469,2163500,0.0,0.0
2023-05-03 00:00:00-04:00,102.56743447089364,102.64392913688637,100.19615818458175,100.23440551757812,2684400,0.0,0.0
2023-05-04 00:00:00-04:00,99.91887291365542,102.77779364630699,99.6893962050474,102.07023620605469,3122100,0.0,0.0
2023-05-05 00:00:00-04:00,102.52921016127586,103.76265218869322,102.04156570943138,103.56185913085938,2010300,0.0,0.0
2023-05-08 00:00:00-04:00,103.64790121947395,103.64790121947395,102.46226308029311,102.5196304321289,1594000,0.0,0.0
2023-05-09 00:00:00-04:00,102.12759705481027,102.31883371224765,101.41047600301839,101.55390167236328,1975700,0.0,0.0
2023-05-10 00:00:00-04:00,102.10847629954975,104.10685011455195,101.87899960721374,103.73394775390625,1748200,0.0,0.0
2023-05-11 00:00:00-04:00,103.62877799971645,103.72439998313102,102.70130749702001,103.46623229980469,1320100,0.0,0.0
2023-05-12 00:00:00-04:00,103.62877392916262,104.2024766273824,103.26543520923188,103.8295669555664,1621000,0.0,0.0
2023-05-15 00:00:00-04:00,104.25028376631914,105.11083054714523,104.11642174429431,105.04389953613281,2170600,0.0,0.0
2023-05-16 00:00:00-04:00,105.00564784416662,105.33074652340152,104.1737847747356,104.22159576416016,2292900,0.0,0.0
2023-05-17 00:00:00-04:00,104.67100501216542,104.84311438126336,102.54832522493541,103.83914184570312,3467800,0.0,0.0
2023-05-18 00:00:00-04:00,104.13555479084785,104.2120421684057,102.77779988639378,103.79133605957031,2166700,0.0,0.0
2023-05-19 00:00:00-04:00,104.19291489041012,104.38414426338531,103.20806975921528,103.29412078857422,3565600,0.0,0.0
2023-05-22 00:00:00-04:00,103.70527744412308,104.70924995674417,103.42798972830455,104.39371490478516,1736700,0.0,0.0
2023-05-23 00:00:00-04:00,103.72441747889577,104.09731993332608,102.54833545689176,103.1602783203125,2321100,0.0,0.0
2023-05-24 00:00:00-04:00,102.69173638670914,102.87340209315931,101.59214931164365,101.90768432617188,1457600,0.0,0.0
2023-05-25 00:00:00-04:00,101.72602178792977,101.72602178792977,99.89019345173824,100.50213623046875,2835900,0.0,0.0
2023-05-26 00:00:00-04:00,100.43519239524326,101.1523134314189,100.03360636576869,100.54993438720703,1516200,0.0,0.0
2023-05-30 00:00:00-04:00,100.894145896805,100.98020421461634,99.25911080771391,99.82324981689453,1541200,0.0,0.0
2023-05-31 00:00:00-04:00,99.47903336300377,101.83118954181721,99.31648767508234,101.3052978515625,4457000,0.0,0.0
2023-06-01 00:00:00-04:00,101.44873385970102,101.84076357692088,100.63599804233628,101.70690155029297,1966400,0.0,0.0
2023-06-02 00:00:00-04:00,102.29971748850555,104.22160415822479,101.84076405076962,103.24632263183594,2296900,0.0,0.0
2023-06-05 00:00:00-04:00,103.6957171374805,104.25029258703972,102.80648660454371,103.57141876220703,2181100,0.0,0.0
2023-06-06 00:00:00-04:00,103.74352458319755,104.42239838480158,103.13158179597889,103.6861572265625,2655100,0.0,0.0
2023-06-07 00:00:00-04:00,103.62878612080499,104.03993587893562,103.01684331264781,103.57141876220703,2296100,0.0,0.0
2023-06-08 00:00:00-04:00,103.57140275594581,105.95224260395628,103.40885706841615,105.75144958496094,2463200,0.0,0.0
2023-06-09 00:00:00-04:00,105.67495918063071,105.84706853169578,104.93871808131134,105.13951110839844,2075700,0.0,0.0
2023-06-12 00:00:00-04:00,104.88134173611566,105.04388741625812,102.82559335659192,103.7435073852539,2904200,0.0,0.0
2023-06-13 00:00:00-04:00,103.84870500471656,104.73793552496103,103.51404992611565,104.21204376220703,1755500,0.0,0.0
2023-06-14 00:00:00-04:00,104.394408065537,106.39091191986826,104.16403632133681,106.22773742675781,2096800,0.42,0.0
2023-06-15 00:00:00-04:00,106.41971110900252,108.60819135984416,106.30452523990196,107.86909484863281,2220700,0.0,0.0
2023-06-16 00:00:00-04:00,108.2914448071656,108.53140989558098,106.92844486252305,107.19720458984375,3806200,0.0,0.0
2023-06-20 00:00:00-04:00,106.74607637991208,107.96510321371285,106.44852199325932,107.66754150390625,3489800,0.0,0.0
2023-06-21 00:00:00-04:00,107.6003489043452,107.6003489043452,106.33333347481774,106.7364730834961,1885300,0.0,0.0
2023-06-22 00:00:00-04:00,106.56369183529807,106.6212884355021,105.76701331786704,106.23734283447266,1427400,0.0,0.0
2023-06-23 00:00:00-04:00,106.06456817446968,106.8516533648292,105.50784741654012,106.6308822631836,2727900,0.0,0.0
2023-06-26 00:00:00-04:00,106.51570576428428,106.64048497526845,105.37346958772055,105.70941925048828,2640000,0.0,0.0
2023-06-27 00:00:00-04:00,106.13176246600929,106.54450272444454,105.58464233953964,106.41972351074219,1708500,0.0,0.0
2023-06-28 00:00:00-04:00,106.57328974150371,107.37957621519308,106.09335958337884,107.235595703125,1774500,0.0,0.0
2023-06-29 00:00:00-04:00,107.19720991862918,107.81151998965771,106.70767906344425,107.77312469482422,1725200,0.0,0.0
2023-06-30 00:00:00-04:00,108.60820555997199,109.52967066379654,108.32984516561557,108.541015625,3124900,0.0,0.0
2023-07-03 00:00:00-04:00,108.00349501970055,108.39704132080078,106.93805665347854,108.39704132080078,1484300,0.0,0.0
2023-07-05 00:00:00-04:00,107.80191040039062,108.32983650665382,107.0340265368251,107.80191040039062,2227900,0.0,0.0
2023-07-06 00:00:00-04:00,107.19720137324839,108.37783279501309,107.18760071951692,107.50435638427734,2989200,0.0,0.0
2023-07-07 00:00:00-04:00,107.53314911323427,108.36823021737169,106.9572343931736,107.78271484375,1642700,0.0,0.0
2023-07-10 00:00:00-04:00,108.08025590674255,109.0401160965416,107.89788745042415,108.61778259277344,1249000,0.0,0.0
2023-07-11 00:00:00-04:00,108.76176714592248,109.89440258135508,108.48340678296881,109.81761932373047,2355300,0.0,0.0
2023-07-12 00:00:00-04:00,110.90226891968832,111.28621453540406,110.18237363640391,110.74868774414062,1980700,0.0,0.0
2023-07-13 00:00:00-04:00,111.04624626617982,112.47643613759965,110.87347111020505,112.34205627441406,1996900,0.0,0.0
2023-07-14 00:00:00-04:00,112.27487213716157,113.11954665265665,111.61256611788538,112.79319763183594,2115700,0.0,0.0
2023-07-17 00:00:00-04:00,112.04449823135715,112.99475789644936,109.19371191292744,111.9581069946289,2818700,0.0,0.0
2023-07-18 00:00:00-04:00,111.48777843771518,112.34205354283189,111.22861204847794,111.4109878540039,2600200,0.0,0.0
2023-07-19 00:00:00-04:00,111.34380507168042,112.47644062309435,110.91187082609483,111.0174560546875,3044700,0.0,0.0
2023-07-20 00:00:00-04:00,111.00784876852738,111.33419776602368,110.36474410417657,110.9886474609375,1986500,0.0,0.0
2023-07-21 00:00:00-04:00,111.39179528749911,111.71814428769622,110.84467518711033,111.55496978759766,1608300,0.0,0.0
2023-07-24 00:00:00-04:00,111.82372689890435,112.07329263173669,110.96945180286797,111.61255645751953,3312500,0.0,0.0
2023-07-25 00:00:00-04:00,111.00786163290039,112.04451266829334,110.57592003990966,111.86213684082031,1850100,0.0,0.0
2023-07-26 00:00:00-04:00,111.56457967838533,112.11169982407256,110.70070383699661,112.04450988769531,1616900,0.0,0.0
2023-07-27 00:00:00-04:00,112.3036601908975,112.52443129209269,110.21116434911534,110.3167495727539,2237700,0.0,0.0
2023-07-28 00:00:00-04:00,111.03665419003728,111.57417368430423,110.0671931108882,110.50872802734375,1630500,0.0,0.0
2023-07-31 00:00:00-04:00,110.54711446696167,110.58550975964108,109.75042862095867,110.19197082519531,1939000,0.0,0.0
2023-08-01 00:00:00-04:00,109.45287178408832,110.59510791524961,109.21290670262775,110.42233276367188,1995400,0.0,0.0
2023-08-02 00:00:00-04:00,110.38394165039062,110.59511210177418,109.61605043138741,110.38394165039062,2017500,0.0,0.0
2023-08-03 00:00:00-04:00,105.58463035423415,107.73471532187396,103.00260386852628,107.57154083251953,5017100,0.0,0.0
2023-08-04 00:00:00-04:00,108.78098280266083,111.82373856661613,108.39703717127773,109.42408752441406,2743100,0.0,0.0
2023-08-07 00:00:00-04:00,109.58725176820359,111.4205885077561,109.46247256203762,111.4109878540039,3191000,0.0,0.0
2023-08-08 00:00:00-04:00,111.52617829330256,111.61256221114778,109.64485285431016,110.25916290283203,1966900,0.0,0.0
2023-08-09 00:00:00-04:00,108.95375963160956,110.77749591611648,108.89616302597406,109.61605834960938,1465900,0.0,0.0
2023-08-10 00:00:00-04:00,110.04799030843583,111.05583927944569,109.9136104456345,110.19197082519531,1778200,0.0,0.0
2023-08-11 00:00:00-04:00,110.12479174592902,110.23997031216413,109.08814071088891,109.41448974609375,1484700,0.0,0.0
2023-08-14 00:00:00-04:00,109.34728386289326,110.39353540027172,109.07852414999691,110.30714416503906,1546700,0.0,0.0
2023-08-15 00:00:00-04:00,109.76962816897161,110.56631400220158,109.25130271083957,109.5296630859375,1491100,0.0,0.0
2023-08-16 00:00:00-04:00,109.39529418945312,110.21117408891014,108.95375927119585,109.39529418945312,1565600,0.0,0.0
2023-08-17 00:00:00-04:00,109.72162766890045,110.19196448479536,108.66578281200587,109.04972839355469,1518600,0.0,0.0
2023-08-18 00:00:00-04:00,108.27224816449478,109.42407763135303,108.1762562729623,109.18411254882812,3858700,0.0,0.0
2023-08-21 00:00:00-04:00,109.00172710751467,109.52005251872956,108.56019227347663,109.28968811035156,2339800,0.0,0.0
2023-08-22 00:00:00-04:00,109.40489444756885,109.48167771596059,108.39703807220579,108.70419311523438,2877600,0.0,0.0
2023-08-23 00:00:00-04:00,109.41447009614832,110.52791152414952,108.59859033150755,110.22075653076172,1788000,0.0,0.0
2023-08-24 00:00:00-04:00,110.2303674610442,111.52618489060362,110.17277817907403,110.63351440429688,1618800,0.0,0.0
2023-08-25 00:00:00-04:00,110.9886507538237,111.6797513845001,110.23036019089564,111.1518325805664,1500100,0.0,0.0
2023-08-28 00:00:00-04:00,111.63176272215738,112.86997614134935,111.40139096324194,112.7835922241211,1831900,0.0,0.0
2023-08-29 00:00:00-04:00,112.86039388797516,113.86824297032815,112.59163413268104,113.81065368652344,2433800,0.0,0.0
2023-08-30 00:00:00-04:00,113.87782846510868,114.02180897860683,112.98515806920383,113.16753387451172,2801600,0.0,0.0
2023-08-31 00:00:00-04:00,113.37870804205781,113.57067718425891,112.93717315647258,113.25392150878906,2713300,0.0,0.0
2023-09-01 00:00:00-04:00,113.92582090061813,113.92582090061813,111.75653458069988,112.3132553100586,5990800,0.0,0.0
2023-09-05 00:00:00-04:00,111.16143368447665,111.3534101637293,109.89441821402477,110.03839874267578,4402000,0.0,0.0
2023-09-06 00:00:00-04:00,110.24955375892418,110.38393361399334,107.81150773771503,109.04972839355469,3594200,0.0,0.0
2023-09-07 00:00:00-04:00,108.93453609837586,110.85425656976291,108.4450126508419,110.60469818115234,2622800,0.0,0.0
2023-09-08 00:00:00-04:00,110.7966784355402,110.84467438141006,109.93280267195476,110.34554290771484,2177700,0.0,0.0
2023-09-11 00:00:00-04:00,110.79668059031799,110.79668059031799,109.85601422430791,110.41273498535156,1704000,0.0,0.0
2023-09-12 00:00:00-04:00,110.307140175429,111.54536079919123,110.14396568752264,111.33419036865234,2367300,0.0,0.0
2023-09-13 00:00:00-04:00,111.07504436628379,112.26526918722561,110.48952894852093,112.08289337158203,3258200,0.0,0.0
2023-09-14 00:00:00-04:00,112.84392030859185,112.84392030859185,111.53379736771952,112.61272430419922,1828400,0.42,0.0
2023-09-15 00:00:00-04:00,111.90949900193904,112.7764932470075,111.15810643940931,111.47600555419922,3817900,0.0,0.0
2023-09-18 00:00:00-04:00,111.21589741562372,111.95766197551366,111.13883698114256,111.63976287841797,1593300,0.0,0.0
2023-09-19 00:00:00-04:00,111.82280512070277,112.07326441267178,111.18700688049924,111.23517608642578,2091500,0.0,0.0
2023-09-20 00:00:00-04:00,111.63976439625327,112.17922419289788,110.91727044735202,111.11956787109375,1621200,0.0,0.0
2023-09-21 00:00:00-04:00,110.58974648711988,110.77277329492206,108.24886573303266,108.29702758789062,2362200,0.0,0.0
2023-09-22 00:00:00-04:00,107.73829087001837,108.29702127081814,106.0235731258155,106.1295394897461,2268500,0.0,0.0
2023-09-25 00:00:00-04:00,105.85017464218566,106.05247206047612,105.01208638778064,105.17584991455078,2569300,0.0,0.0
2023-09-26 00:00:00-04:00,104.44372297284625,104.54968933946157,103.22993843639738,103.29737091064453,3731600,0.0,0.0
2023-09-27 00:00:00-04:00,103.8368328347889,104.62675927056996,103.30700099084304,104.29922485351562,3876400,0.0,0.0
2023-09-28 00:00:00-04:00,104.73271020788556,107.23735409745181,104.69417632040454,106.75569152832031,3271100,0.0,0.0
2023-09-29 00:00:00-04:00,107.25662776917879,107.35296617201895,105.25291687293915,105.98503875732422,2960800,0.0,0.0
2023-10-02 00:00:00-04:00,105.40704809833379,105.76348109009157,104.2414254166461,105.21438598632812,2320400,0.0,0.0
2023-10-03 00:00:00-04:00,104.99281419432172,105.26254408133484,103.09506232550893,103.64415740966797,2786400,0.0,0.0
2023-10-04 00:00:00-04:00,104.06803906609589,105.10843223480518,103.09507837964055,105.03136444091797,2750300,0.0,0.0
2023-10-05 00:00:00-04:00,104.73271814453068,105.7827390970059,104.53042073211586,105.66714477539062,1368700,0.0,0.0
2023-10-06 00:00:00-04:00,105.33961301651942,107.28553410771276,104.71345014361883,106.8134994506836,2078600,0.0,0.0
2023-10-09 00:00:00-04:00,106.42818120059248,108.28739930301079,106.38964730706806,108.01766204833984,2442800,0.0,0.0
2023-10-10 00:00:00-04:00,107.83462319192479,108.45115072024896,107.12175726575983,107.66122436523438,1425300,0.0,0.0
2023-10-11 00:00:00-04:00,108.06583293990694,108.3644614323979,106.77497321024468,107.36260223388672,1302200,0.0,0.0
2023-10-12 00:00:00-04:00,107.9309696911087,107.99840216949788,106.11992073609301,106.7075424194336,1794200,0.0,0.0
2023-10-13 00:00:00-04:00,106.7846073717926,107.35297311704838,105.71531570746737,106.38001251220703,1512400,0.0,0.0
2023-10-16 00:00:00-04:00,107.0543483388864,108.00804577020112,106.67865202337072,107.81537628173828,1556600,0.0,0.0
2023-10-17 00:00:00-04:00,107.45892695902687,108.63417750705315,107.0254262175069,107.66122436523438,3162300,0.0,0.0
2023-10-18 00:00:00-04:00,107.47818291711762,108.25847390934746,105.4263030655267,105.61896514892578,3336700,0.0,0.0
2023-10-19 00:00:00-04:00,105.32997615476556,106.37036915752874,104.95427990647688,105.55154418945312,2693900,0.0,0.0
2023-10-20 00:00:00-04:00,105.99467351993718,106.01394414024095,104.01022590476465,104.05838775634766,1952000,0.0,0.0
2023-10-23 00:00:00-04:00,103.58636677961685,104.68455701718057,103.50929899287131,103.759765625,2627700,0.0,0.0
2023-10-24 00:00:00-04:00,104.03914258248832,105.11806966993673,102.78681663008554,103.00838470458984,2784900,0.0,0.0
2023-10-25 00:00:00-04:00,102.74828712281806,103.123983427801,101.80422502979087,102.81571960449219,3103700,0.0,0.0
2023-10-26 00:00:00-04:00,102.12211600885377,104.06802986003575,101.90054795842572,103.35517120361328,2725500,0.0,0.0
2023-10-27 00:00:00-04:00,103.29738138498793,103.63454379041195,100.65786461203588,100.87943267822266,2508700,0.0,0.0
2023-10-30 00:00:00-04:00,101.4381493804633,102.53633955168253,101.18768276346593,102.14137268066406,1413700,0.0,0.0
2023-10-31 00:00:00-04:00,102.34367717351759,103.59600299551444,102.0739472671401,103.49967193603516,2401500,0.0,0.0
2023-11-01 00:00:00-04:00,103.75012879320217,104.87722494646285,103.67306835717504,104.27996063232422,2643200,0.0,0.0
2023-11-02 00:00:00-04:00,102.96984550734602,104.38593493999382,101.06246544060382,102.36295318603516,5667100,0.0,0.0
2023-11-03 00:00:00-04:00,102.64232287029381,104.57860160543335,102.52672117806287,103.95244598388672,3156400,0.0,0.0
2023-11-06 00:00:00-05:00,104.03912756079998,104.47262098580129,103.46113387760212,103.83683013916016,1702000,0.0,0.0
2023-11-07 00:00:00-05:00,104.14509411960545,104.59785816631816,103.83683033135678,104.25106048583984,2296500,0.0,0.0
2023-11-08 00:00:00-05:00,104.33777640826551,105.3492710635307,103.80795182422317,105.1662368774414,2686600,0.0,0.0
2023-11-09 00:00:00-05:00,105.63826145348189,105.70569393402684,104.46300335005054,104.5689697265625,2220600,0.0,0.0
2023-11-10 00:00:00-05:00,105.16622380890092,106.02358275890023,104.57859477356357,105.75385284423828,2422700,0.0,0.0
2023-11-13 00:00:00-05:00,105.38778539558581,105.5130150341063,104.63639286528577,104.6749267578125,1562800,0.0,0.0
2023-11-14 00:00:00-05:00,105.00245798444999,107.54563619537231,104.94466081816182,106.39927673339844,2359800,0.0,0.0
2023-11-15 00:00:00-05:00,106.18733804901557,107.22772365992148,106.07173638132029,106.97726440429688,2130300,0.0,0.0
2023-11-16 00:00:00-05:00,107.7286687264474,108.29702711859387,107.43966820019715,108.15252685546875,2430900,0.0,0.0
2023-11-17 00:00:00-05:00,108.51858675350064,108.51858675350064,107.22772714582932,107.3144302368164,1785500,0.0,0.0
2023-11-20 00:00:00-05:00,107.09287943353593,108.23923897371925,106.5823181642544,108.03694152832031,1749400,0.0,0.0
2023-11-21 00:00:00-05:00,108.25850300689383,109.64569389889371,108.12363804234822,109.28926086425781,2050300,0.0,0.0
2023-11-22 00:00:00-05:00,109.75163836143226,110.69570027431789,109.48190848620432,110.12733459472656,2481500,0.0,0.0
2023-11-24 00:00:00-05:00,110.26221091815296,110.55121144264709,109.59751412156966,110.19477844238281,809500,0.0,0.0
2023-11-27 00:00:00-05:00,110.03100885617334,110.11770459899978,108.84611559042759,108.99061584472656,2240800,0.0,0.0
2023-11-28 00:00:00-05:00,108.81722055720297,109.732383964541,108.54749066016471,108.6438217163086,3058500,0.0,0.0
2023-11-29 00:00:00-05:00,109.62641285787191,109.62641285787191,108.42225633416764,108.55712127685547,2376900,0.0,0.0
2023-11-30 00:00:00-05:00,108.7112650933883,109.73239496977183,108.54750154656077,109.66495513916016,6601300,0.0,0.0
2023-12-01 00:00:00-05:00,109.04842609874642,110.07918392376712,108.5860340489817,110.05028533935547,3492100,0.0,0.0
2023-12-04 00:00:00-05:00,109.73239772044278,111.04251347749307,109.63605930263357,110.81131744384766,3818200,0.0,0.0
2023-12-05 00:00:00-05:00,110.50304862805734,110.6475488986595,109.47229081049257,109.89615631103516,2821400,0.0,0.0
2023-12-06 00:00:00-05:00,110.11770914623897,110.45487887005586,108.4318899255086,108.93282318115234,2217600,0.0,0.0
2023-12-07 00:00:00-05:00,109.1640277822971,109.47229159865954,107.71903976505017,108.40299987792969,2880100,0.0,0.0
2023-12-08 00:00:00-05:00,108.21994812711813,109.27961171393119,108.08508318872155,109.18327331542969,2505800,0.0,0.0
2023-12-11 00:00:00-05:00,109.74201662941677,112.44896572549762,109.69385477407467,111.88059997558594,3433100,0.0,0.0
2023-12-12 00:00:00-05:00,112.1888530869875,113.73017195323939,111.94802178446102,113.60494232177734,4207900,0.0,0.0
2023-12-13 00:00:00-05:00,113.89498066002301,117.68471832101429,113.58561507298876,117.50102996826172,4580000,0.42,0.0
2023-12-14 00:00:00-05:00,118.64182279223886,120.86538575352206,118.35178931318299,119.23155212402344,5157100,0.0,0.0
2023-12-15 00:00:00-05:00,118.89319355018344,119.29923455057444,117.52037667251271,119.00920104980469,4795600,0.0,0.0
2023-12-18 00:00:00-05:00,119.09618839154159,119.73425162956501,118.35177267534807,119.45388793945312,1999400,0.0,0.0
2023-12-19 00:00:00-05:00,119.45390090822191,119.84060974263102,118.98018645839595,119.65692138671875,1785000,0.0,0.0
2023-12-20 00:00:00-05:00,119.46355859490005,119.92761062450596,118.24542847105921,118.29376983642578,2350500,0.0,0.0
2023-12-21 00:00:00-05:00,118.64180894187744,120.1983065209975,118.57413545477904,120.10163116455078,1895400,0.0,0.0
2023-12-22 00:00:00-05:00,120.75904185985233,121.7258102396413,120.16931255811247,121.54212188720703,2237000,0.0,0.0
2023-12-26 00:00:00-05:00,121.57111493193274,122.68289996314167,121.57111493193274,122.44120788574219,2032000,0.0,0.0
2023-12-27 00:00:00-05:00,122.61523818023869,123.5916689555168,122.21885959505758,123.5433349609375,2202000,0.0,0.0
2023-12-28 00:00:00-05:00,123.63032665924449,124.46175535718818,123.5916550424199,124.32640838623047,2895700,0.0,0.0
2023-12-29 00:00:00-05:00,124.34572904035922,124.867792162389,123.4273021425222,124.16204071044922,2966400,0.0,0.0
2024-01-02 00:00:00-05:00,123.76569726988966,124.15239873723789,121.52278745446675,122.24786376953125,2228000,0.0,0.0
2024-01-03 00:00:00-05:00,121.87080622841565,122.08349642877728,120.6430137661324,120.66234588623047,3102100,0.0,0.0
2024-01-04 00:00:00-05:00,120.70102644329815,122.30586543701081,120.22731201931067,121.44544219970703,2845500,0.0,0.0
2024-01-05 00:00:00-05:00,121.59045511874449,122.03517506141512,120.91372020747586,121.60979461669922,2061500,0.0,0.0
2024-01-08 00:00:00-05:00,122.93427024279018,124.22973632632632,122.73124239305882,124.14273071289062,3165500,0.0,0.0
2024-01-09 00:00:00-05:00,123.46599326000944,124.22974119213012,122.50889459544251,122.8182601928711,1835600,0.0,0.0
2024-01-10 00:00:00-05:00,122.99227878896727,123.44666112360967,121.98683875346988,123.40798950195312,1977000,0.0,0.0
2024-01-11 00:00:00-05:00,123.55300574638352,123.90104296404661,121.97716851755963,122.5572280883789,1723300,0.0,0.0
2024-01-12 00:00:00-05:00,123.07927320058633,123.64000059977086,122.43154019248882,122.74090576171875,1555000,0.0,0.0
2024-01-16 00:00:00-05:00,122.26718490562074,122.62488444678225,121.66778591987986,121.84180450439453,2289100,0.0,0.0
2024-01-17 00:00:00-05:00,120.9717333074967,122.08351849846169,120.50768858268947,121.64847564697266,1535700,0.0,0.0
2024-01-18 00:00:00-05:00,121.59045361877952,122.54755960758324,121.22308429660241,122.421875,2267300,0.0,0.0
2024-01-19 00:00:00-05:00,122.86659496831767,123.07928520087383,121.51312508088343,122.24786376953125,3047200,0.0,0.0
2024-01-22 00:00:00-05:00,122.58621883427416,123.5433173504625,122.50887560294309,123.0696029663086,1904600,0.0,0.0
2024-01-23 00:00:00-05:00,122.90525487306287,123.45631252494256,122.5572176849434,122.91492462158203,1543400,0.0,0.0
2024-01-24 00:00:00-05:00,123.34031602150515,123.34031602150515,122.15118762697354,122.8182601928711,2278600,0.0,0.0
2024-01-25 00:00:00-05:00,123.25330251386501,123.47566249352109,122.04484200148065,123.05995178222656,2043500,0.0,0.0
2024-01-26 00:00:00-05:00,122.86658859567683,123.39831414948856,122.15118206715887,123.03094482421875,1497800,0.0,0.0
2024-01-29 00:00:00-05:00,122.96327312082352,123.9397038780429,122.62489828573871,123.92036437988281,1934300,0.0,0.0
2024-01-30 00:00:00-05:00,123.9590651169687,125.09984492933933,123.76571435660118,124.73248291015625,1646900,0.0,0.0
2024-01-31 00:00:00-05:00,125.0515015298275,125.61221423416949,122.77958983301855,123.09862518310547,2406400,0.0,0.0
2024-02-01 00:00:00-05:00,122.84725378739469,125.54453836565862,122.84725378739469,125.41885375976562,2380800,0.0,0.0
2024-02-02 00:00:00-05:00,125.29318078763478,125.64121797461154,123.43697999847312,124.42308044433594,1810900,0.0,0.0
2024-02-05 00:00:00-05:00,123.73668595831391,123.73668595831391,122.31553522434731,122.53789520263672,2405500,0.0,0.0
2024-02-06 00:00:00-05:00,122.50889027436084,122.92460097272938,121.54212189451374,122.13185119628906,2901400,0.0,0.0
2024-02-07 00:00:00-05:00,122.42187378555272,123.94937692811376,122.16084957583209,123.82369232177734,2243800,0.0,0.0
2024-02-08 00:00:00-05:00,127.64246665831133,131.46119996459,126.64669610570932,129.6630096435547,5492000,0.0,0.0
2024-02-09 00:00:00-05:00,130.04002876009758,131.22916466500772,128.50287034844334,130.9874725341797,4066600,0.0,0.0
2024-02-12 00:00:00-05:00,131.2774556030526,131.69317362595996,130.2043422438249,130.95843505859375,2099300,0.0,0.0
2024-02-13 00:00:00-05:00,129.57596740385492,130.8521087720084,129.2182678165915,129.94334411621094,3024700,0.0,0.0
2024-02-14 00:00:00-05:00,130.69744038442576,132.18625743503566,130.35906549706493,132.11859130859375,2125500,0.0,0.0
2024-02-15 00:00:00-05:00,132.37956084319492,133.33666665950588,132.1378687963023,132.3408966064453,2020300,0.0,0.0
2024-02-16 00:00:00-05:00,132.66960804120924,133.7427214310342,132.43759309316928,132.56326293945312,2084200,0.0,0.0
2024-02-20 00:00:00-05:00,131.70284374487653,132.59226882665155,131.42248742359322,131.8961944580078,2501500,0.0,0.0
2024-02-21 00:00:00-05:00,131.49015760198634,132.56327105752797,130.91976781750668,132.14756774902344,2585300,0.0,0.0
2024-02-22 00:00:00-05:00,133.69441008373673,135.33792834383186,132.96933370488887,134.6611785888672,2839900,0.0,0.0
2024-02-23 00:00:00-05:00,134.79651287998325,135.1348877255613,133.46238249986146,133.7814178466797,2174000,0.0,0.0
2024-02-26 00:00:00-05:00,133.84909010270906,134.31313483221751,133.24003600514047,133.32704162597656,2446600,0.0,0.0
2024-02-27 00:00:00-05:00,133.1820184694496,134.3324753034341,132.82431885783683,134.0231170654297,2023600,0.0,0.0
2024-02-28 00:00:00-05:00,134.01339929953446,135.04784832453066,133.84905048047847,134.22608947753906,1646300,0.0,0.0
2024-02-29 00:00:00-05:00,134.3808263975952,135.08656329783557,133.65574999616933,133.82009887695312,2873200,0.0,0.0
2024-03-01 00:00:00-05:00,133.48171895345322,134.12945200583496,132.65995991963376,133.96510314941406,1423700,0.0,0.0
2024-03-04 00:00:00-05:00,133.46238047223713,134.07143453262316,132.93065490228497,133.48171997070312,1859000,0.0,0.0
2024-03-05 00:00:00-05:00,133.29803311468007,135.18322856416697,133.22068987166068,134.78684997558594,2483700,0.0,0.0
2024-03-06 00:00:00-05:00,134.05210775412698,135.15422312254415,132.94031526076594,134.7965087890625,2030500,0.0,0.0
2024-03-07 00:00:00-05:00,135.34758717729886,135.76329054280532,133.74274796035613,134.23580932617188,2403100,0.0,0.0
2024-03-08 00:00:00-05:00,133.58804931528994,135.21222788461472,133.58804931528994,134.05210876464844,1316000,0.0,0.0
2024-03-11 00:00:00-04:00,131.9735691617855,132.94033770967505,130.5137539650905,132.4182891845703,2380900,0.0,0.0
2024-03-12 00:00:00-04:00,132.49561055454166,133.62672779854174,132.09923197496394,132.43760681152344,1893300,0.0,0.0
2024-03-13 00:00:00-04:00,132.4182576867391,133.13367155262284,132.19590510409554,132.90164184570312,2298700,0.0,0.0
2024-03-14 00:00:00-04:00,132.7658258678912,132.92100552699694,130.56405072757806,131.37879943847656,2359300,0.45,0.0
2024-03-15 00:00:00-04:00,130.17611684567393,131.83471185592478,130.13731081961,130.5931854248047,6698300,0.0,0.0
2024-03-18 00:00:00-04:00,131.05875782605307,131.5534384712381,130.13731448328815,130.3603973388672,3721400,0.0,0.0
2024-03-19 00:00:00-04:00,130.47678205985886,132.40695983167853,130.38947591125773,131.4273223876953,4332400,0.0,0.0
2024-03-20 00:00:00-04:00,131.2042378658552,132.31966677080817,130.11789127651178,132.00929260253906,2243100,0.0,0.0
2024-03-21 00:00:00-04:00,132.27119057732304,134.47296647000383,131.84441306859233,133.94920349121094,2640900,0.0,0.0
2024-03-22 00:00:00-04:00,134.09468113632562,134.2304726264825,131.90261428088974,132.13539123535156,2024100,0.0,0.0
2024-03-25 00:00:00-04:00,131.98988566046364,132.26146859966985,131.1945250526739,131.72799682617188,1984500,0.0,0.0
2024-03-26 00:00:00-04:00,131.9898921424172,133.80368146122436,131.90260079341985,132.99862670898438,2555100,0.0,0.0
2024-03-27 00:00:00-04:00,134.00736422813924,134.3080442704321,131.95107445475645,132.86282348632812,2050500,0.0,0.0
2024-03-28 00:00:00-04:00,133.23141281227302,133.79398170453976,132.26146950839805,133.29930114746094,2596800,0.0,0.0
2024-04-01 00:00:00-04:00,133.52240020082846,133.83277436532626,132.13537356527263,132.9113311767578,1640500,0.0,0.0
2024-04-02 00:00:00-04:00,132.7561489371549,133.3963151356781,131.9317059240524,133.36721801757812,1834300,0.0,0.0
2024-04-03 00:00:00-04:00,133.2023038218563,134.00735846831915,132.55244364221593,133.260498046875,2426600,0.0,0.0
2024-04-04 00:00:00-04:00,134.094678081402,134.69603826694487,132.1547912375481,132.5912628173828,2744700,0.0,0.0
2024-04-05 00:00:00-04:00,132.63003325140946,133.83275329974822,131.97046420540858,133.72605895996094,2328200,0.0,0.0
2024-04-08 00:00:00-04:00,134.04617144051852,134.04617144051852,132.67854772997921,132.76585388183594,1980800,0.0,0.0
2024-04-09 00:00:00-04:00,133.29929484302897,133.60968378966598,130.4961594194119,131.0005340576172,2140000,0.0,0.0
2024-04-10 00:00:00-04:00,129.46805313460547,130.75807975465116,128.46901252211708,128.9442901611328,2151900,0.0,0.0
2024-04-11 00:00:00-04:00,128.9830611670723,130.2924905957094,128.36229802168126,129.46803283691406,2256600,0.0,0.0
2024-04-12 00:00:00-04:00,128.80849212514994,130.44769891101512,128.66299172867625,129.53594970703125,3255800,0.0,0.0
2024-04-15 00:00:00-04:00,130.75804039118555,130.7968464072647,126.24781043238002,126.61637878417969,2264800,0.0,0.0
2024-04-16 00:00:00-04:00,126.67460817545216,127.36325966991423,125.56887334195217,125.99563598632812,2637600,0.0,0.0
2024-04-17 00:00:00-04:00,128.0325329413713,128.0325329413713,126.09264607862326,126.81040954589844,2362400,0.0,0.0
2024-04-18 00:00:00-04:00,127.54755708503298,127.54755708503298,126.26722469310559,127.04318237304688,2015000,0.0,0.0
2024-04-19 00:00:00-04:00,127.42147610254487,127.81915649970726,126.32544998375583,127.26629638671875,2263400,0.0,0.0
2024-04-22 00:00:00-04:00,128.12954060868972,128.3914146941766,127.17898533489742,127.69305419921875,1877300,0.0,0.0
2024-04-23 00:00:00-04:00,128.03251702906434,128.48839156916551,127.45054512250445,128.35260009765625,2375900,0.0,0.0
2024-04-24 00:00:00-04:00,128.0325437943451,128.6630011581155,127.10139150922339,128.58541870117188,2498900,0.0,0.0
2024-04-25 00:00:00-04:00,127.99373978956454,128.07132223876388,126.50971274575132,127.85794830322266,1923000,0.0,0.0
2024-04-26 00:00:00-04:00,127.78036791953211,128.32353393659184,126.95590998638961,127.74156188964844,2406700,0.0,0.0
2024-04-29 00:00:00-04:00,127.69305109457929,128.8763833044781,126.59702504454981,126.84920501708984,1557900,0.0,0.0
2024-04-30 00:00:00-04:00,126.14113541500151,126.78130157696157,124.8705119966681,124.88990020751953,2304500,0.0,0.0
2024-05-01 00:00:00-04:00,124.95780965483416,126.54851623445896,124.58922642779469,124.81230926513672,3116700,0.0,0.0
2024-05-02 00:00:00-04:00,125.46217916640555,126.28662213987975,120.60275347502014,122.73663330078125,4364100,0.0,0.0
2024-05-03 00:00:00-04:00,123.95878455098772,127.72215533642976,123.95878455098772,126.57762908935547,3991200,0.0,0.0
2024-05-06 00:00:00-04:00,126.8880018076691,127.8191391770885,126.47091845249207,127.33416748046875,1738900,0.0,0.0
2024-05-07 00:00:00-04:00,128.2459512170709,129.7687550589662,127.64459088716949,129.70086669921875,2397900,0.0,0.0
2024-05-08 00:00:00-04:00,129.28376754848972,129.79785123930543,128.2750327819739,129.38076782226562,1405200,0.0,0.0
2024-05-09 00:00:00-04:00,129.39045970537023,130.9908753941788,129.09948848937194,130.8938751220703,1474200,0.0,0.0
2024-05-10 00:00:00-04:00,131.21391245322627,131.80557838614564,129.43891465446816,129.9626922607422,1933300,0.0,0.0
2024-05-13 00:00:00-04:00,130.3603814710695,130.9326593007453,129.54563260191358,129.72023010253906,1473800,0.0,0.0
2024-05-14 00:00:00-04:00,130.21491650811598,130.57379087156463,129.45836175264057,130.3507080078125,1415800,0.0,0.0
2024-05-15 00:00:00-04:00,130.83563248230277,133.96854475037222,130.83563248230277,133.72605895996094,2508500,0.0,0.0
2024-05-16 00:00:00-04:00,133.66789478366317,134.33715808365812,132.92103423727562,132.9889373779297,2205800,0.0,0.0
2024-05-17 00:00:00-04:00,133.66789503800194,134.29836711608098,132.89193737276088,134.2401580810547,2060700,0.0,0.0
2024-05-20 00:00:00-04:00,133.70672885688418,133.93950584473416,132.72707636580037,132.83377075195312,1418700,0.0,0.0
2024-05-21 00:00:00-04:00,133.02773124949726,133.41571748918471,132.50396832612137,133.14413452148438,1681700,0.0,0.0
2024-05-22 00:00:00-04:00,132.37784767838812,133.36719391547842,131.68919627425913,132.77552795410156,1295700,0.0,0.0
2024-05-23 00:00:00-04:00,133.43512784009712,133.43512784009712,130.76778334621,131.33033752441406,1595900,0.0,0.0
2024-05-24 00:00:00-04:00,131.72802706574672,132.44579059851065,131.6310415938577,132.24209594726562,926100,0.0,0.0
2024-05-28 00:00:00-04:00,132.27116775950037,132.51365359307,129.5844353796648,129.66201782226562,1815500,0.0,0.0
2024-05-29 00:00:00-04:00,128.7211828039939,128.9636686307815,127.90641917786577,127.98401641845703,1471400,0.0,0.0
2024-05-30 00:00:00-04:00,128.35262314517172,129.58445551515877,127.82884537518409,129.2352752685547,2844900,0.0,0.0
2024-05-31 00:00:00-04:00,129.32255195966042,130.2828012289306,128.9248716238874,129.8754119873047,2964500,0.0,0.0
2024-06-03 00:00:00-04:00,130.36040749323828,130.77749091676202,128.58542381688903,129.63294982910156,2043400,0.0,0.0
2024-06-04 00:00:00-04:00,129.1576636852576,131.243036026581,128.91517784091016,130.70956420898438,2235100,0.0,0.0
2024-06-05 00:00:00-04:00,130.45737640820226,131.7183056829605,129.19644713344405,131.27212524414062,2259300,0.0,0.0
2024-06-06 00:00:00-04:00,131.553394183092,131.57278238998012,130.28277102449613,130.80653381347656,1242800,0.0,0.0
2024-06-07 00:00:00-04:00,130.311872631529,130.7483441040999,129.54560922842683,129.76869201660156,2843900,0.0,0.0
2024-06-10 00:00:00-04:00,129.48743486407506,130.37008684852043,129.07036633525667,129.85601806640625,2323000,0.0,0.0
2024-06-11 00:00:00-04:00,129.565040235334,130.661081005665,128.93456814967817,130.544677734375,2427200,0.0,0.0
2024-06-12 00:00:00-04:00,132.2614955450542,133.19264781214895,131.90262118802468,131.9608154296875,3516400,0.0,0.0
2024-06-13 00:00:00-04:00,131.89267128088514,132.0386396706242,130.9584438880017,131.62991333007812,1971500,0.45,0.0
2024-06-14 00:00:00-04:00,131.06547947049185,132.1943511992563,130.40373629456042,132.02891540527344,1515300,0.0,0.0
2024-06-17 00:00:00-04:00,131.3574338824988,132.7685161486667,130.37454537418097,132.54469299316406,2077200,0.0,0.0
2024-06-18 00:00:00-04:00,132.55444334139798,133.25510653566403,131.78563680923878,132.71987915039062,3034600,0.0,0.0
2024-06-20 00:00:00-04:00,131.98999146278885,133.7027515569328,131.1627976685891,133.43026733398438,2286100,0.0,0.0
2024-06-21 00:00:00-04:00,133.28432848174253,134.27694343561026,132.42794082026,134.1407012939453,4971200,0.0,0.0
2024-06-24 00:00:00-04:00,134.41315182219358,135.8047814226237,133.80006976330395,134.99705505371094,2368900,0.0,0.0
2024-06-25 00:00:00-04:00,134.93867087922948,135.35712348722967,132.95341172472354,133.6443634033203,2247100,0.0,0.0
2024-06-26 00:00:00-04:00,132.9923545157544,134.00443670583948,132.92422603169393,133.7027587890625,2389200,0.0,0.0
2024-06-27 00:00:00-04:00,133.52759230401475,133.92657752148574,132.93396276667292,133.78060913085938,2112300,0.0,0.0
2024-06-28 00:00:00-04:00,134.11149405665316,134.38397831244583,132.5544432877348,133.2161865234375,4067400,0.0,0.0
2024-07-01 00:00:00-04:00,134.9289057507545,134.97756682075004,132.59332288370513,133.25506591796875,2386100,0.0,0.0
2024-07-02 00:00:00-04:00,133.43027209247902,137.19640511840146,133.28430369972116,137.04071044921875,3321000,0.0,0.0
2024-07-03 00:00:00-04:00,137.45917833541705,137.7900499619197,136.48601601091852,137.37159729003906,2070100,0.0,0.0
2024-07-05 00:00:00-04:00,137.37156995408463,137.37156995408463,135.8631656814178,137.01148986816406,2099900,0.0,0.0
2024-07-08 00:00:00-04:00,137.3423666722633,138.37391608292882,137.06014135846257,137.38128662109375,2307400,0.0,0.0
2024-07-09 00:00:00-04:00,137.51752770013476,138.66586664735868,136.55410676863218,138.6366729736328,2368000,0.0,0.0
2024-07-10 00:00:00-04:00,139.16220046927035,140.592750151547,138.94810358829852,140.53436279296875,2873900,0.0,0.0
2024-07-11 00:00:00-04:00,141.54643296469303,143.36625629834793,141.31288355022153,143.2008056640625,3340300,0.0,0.0
2024-07-12 00:00:00-04:00,143.76523475330933,145.4293484997299,143.54141162518243,144.41725158691406,3718900,0.0,0.0
2024-07-15 00:00:00-04:00,144.91360284896982,145.1082323407153,143.52197302689677,143.8528594970703,2950900,0.0,0.0
2024-07-16 00:00:00-04:00,144.0669370289827,145.341792085915,143.64848437730654,144.92332458496094,3823600,0.0,0.0
2024-07-17 00:00:00-04:00,144.6119027702412,145.50721017462743,144.20316159608936,145.40016174316406,2794300,0.0,0.0
2024-07-18 00:00:00-04:00,145.08874103206213,145.58506323090964,143.49275570385694,143.79443359375,3255500,0.0,0.0
2024-07-19 00:00:00-04:00,144.58272719602041,144.58272719602041,142.75317735622204,143.7165985107422,2584700,0.0,0.0
2024-07-22 00:00:00-04:00,143.7847240959725,145.45856437322146,143.7847240959725,145.2347412109375,2697300,0.0,0.0
2024-07-23 00:00:00-04:00,145.89649337804042,145.97434814563152,144.39782993742784,144.58273315429688,3545700,0.0,0.0
2024-07-24 00:00:00-04:00,144.27130815338234,145.04984094801165,143.23001738509404,143.55116271972656,2939500,0.0,0.0
2024-07-25 00:00:00-04:00,144.0279939345724,146.3538508102205,143.59980022536934,145.0303497314453,3164800,0.0,0.0
2024-07-26 00:00:00-04:00,145.73104173773962,147.64817248977758,145.54613854095265,146.94749450683594,2066900,0.0,0.0
2024-07-29 00:00:00-04:00,147.04482308963662,147.4340820530359,146.35387135293365,147.10321044921875,1186100,0.0,0.0
2024-07-30 00:00:00-04:00,147.29784353776967,148.29047322280505,147.09347292495022,147.2394561767578,2477800,0.0,0.0
2024-07-31 00:00:00-04:00,148.3877849608207,148.8549135613839,147.23946056197926,147.4924774169922,3890300,0.0,0.0
2024-08-01 00:00:00-04:00,146.2468165238943,149.16630316972547,144.34915317395942,146.94749450683594,4537000,0.0,0.0
2024-08-02 00:00:00-04:00,145.97435281251495,147.89148383406163,144.48541560176963,145.82838439941406,4482300,0.0,0.0
2024-08-05 00:00:00-04:00,148.30022644384837,148.30022644384837,142.7337359937737,144.787109375,4003300,0.0,0.0
2024-08-06 00:00:00-04:00,145.21528447313506,148.0471904251131,144.19346105394644,146.4706573486328,2949200,0.0,0.0
2024-08-07 00:00:00-04:00,147.4438179897471,148.53376988737367,146.72368737535086,147.0642852783203,3314700,0.0,0.0
2024-08-08 00:00:00-04:00,147.46329022010673,149.8864698257696,146.8988542732314,149.63343811035156,3647900,0.0,0.0
2024-08-09 00:00:00-04:00,149.60422675438144,150.23679111892028,148.7283866795151,149.94483947753906,2787400,0.0,0.0
2024-08-12 00:00:00-04:00,149.8669819098721,150.48007886036297,148.87435228747668,149.7599334716797,2829200,0.0,0.0
2024-08-13 00:00:00-04:00,150.45088998455878,150.99585846938018,148.76730859839859,150.50927734375,3558200,0.0,0.0
2024-08-14 00:00:00-04:00,150.71363142794328,152.33881058759465,149.67235555227757,151.93008422851562,1994600,0.0,0.0
2024-08-15 00:00:00-04:00,152.50423860249418,152.961611126295,150.38273751152636,151.3267059326172,2659700,0.0,0.0
2024-08-16 00:00:00-04:00,151.68678925213334,152.47504826807017,151.02504607554135,152.33880615234375,2004500,0.0,0.0
2024-08-19 00:00:00-04:00,152.33880574906576,153.2633217275585,152.03712783998998,153.04922485351562,1369300,0.0,0.0
2024-08-20 00:00:00-04:00,153.27308207419708,153.61369486296294,152.29019336981136,153.51637268066406,2029100,0.0,0.0
2024-08-21 00:00:00-04:00,153.526071232709,154.20729668721287,152.74755331203747,153.86668395996094,2179700,0.0,0.0
2024-08-22 00:00:00-04:00,153.86668153616762,154.44084369086548,153.17572981578672,154.34353637695312,2288800,0.0,0.0
2024-08-23 00:00:00-04:00,154.7133270750403,155.9492472641985,154.60627863583326,155.71568298339844,2665200,0.0,0.0
2024-08-26 00:00:00-04:00,156.2022435862123,156.78614678689786,155.57942043514282,156.0076141357422,926000,0.0,0.0
2024-08-27 00:00:00-04:00,156.18280752058254,157.15596972492452,155.45293586732606,156.28985595703125,1344700,0.0,0.0
2024-08-28 00:00:00-04:00,156.48448542623464,157.62308342338838,155.91032328950595,156.45529174804688,2341500,0.0,0.0
2024-08-29 00:00:00-04:00,156.4552861082557,156.9515934688342,155.78380183558843,155.9200439453125,2119800,0.0,0.0
2024-08-30 00:00:00-04:00,156.16335367370803,157.41872649259398,155.6573051257276,157.21437072753906,3067700,0.0,0.0
2024-09-03 00:00:00-04:00,157.10731506347656,158.04154250221774,155.9200559377317,157.10731506347656,2556000,0.0,0.0
2024-09-04 00:00:00-04:00,157.29220662904203,158.3918697860124,156.86401289743176,158.0707244873047,2320700,0.0,0.0
2024-09-05 00:00:00-04:00,157.8274647951429,158.54761028900816,156.72780142321903,158.2362060546875,1905500,0.0,0.0
2024-09-06 00:00:00-04:00,158.59622279567577,159.31636806894562,155.42371981202143,156.1827850341797,2902200,0.0,0.0
2024-09-09 00:00:00-04:00,157.09757833265488,158.4308207418817,156.63046460021573,157.36033630371094,3669100,0.0,0.0
2024-09-10 00:00:00-04:00,157.7885131790714,158.3918689709029,156.67910890255231,157.62307739257812,2008500,0.0,0.0
2024-09-11 00:00:00-04:00,156.94187447383158,157.19489130383548,153.64285516099199,155.69622802734375,3072500,0.0,0.0
2024-09-12 00:00:00-04:00,155.75461017913602,157.21435345195027,155.35561012074044,156.8153533935547,4332200,0.0,0.0
2024-09-13 00:00:00-04:00,156.99052950949516,157.29220740845827,156.38715886229255,157.02944946289062,2418700,0.0,0.0
2024-09-16 00:00:00-04:00,157.5661958695012,158.88362998951322,157.36125373129263,158.00534057617188,1681500,0.45,0.0
2024-09-17 00:00:00-04:00,157.88824600879644,159.33256486906012,157.810188402496,158.88365173339844,2319400,0.0,0.0
2024-09-18 00:00:00-04:00,158.8836063040214,159.332519311326,157.2538824812712,157.3319549560547,2917100,0.0,0.0
2024-09-19 00:00:00-04:00,158.26882342423949,158.47376556886886,154.14083922691904,155.0386505126953,4459100,0.0,0.0
2024-09-20 00:00:00-04:00,155.18502787190755,155.99501311794782,154.41407142134244,155.98524475097656,4843400,0.0,0.0
2024-09-23 00:00:00-04:00,155.98527302908778,157.09778003685446,155.55588174700134,156.09262084960938,1639300,0.0,0.0
2024-09-24 00:00:00-04:00,155.78033708177918,155.93646717409302,153.6821779594808,154.9215545654297,2826700,0.0,0.0
2024-09-25 00:00:00-04:00,155.07768936426672,155.94622530097058,154.68732693210507,155.6046600341797,2827100,0.0,0.0
2024-09-26 00:00:00-04:00,155.7217755131392,156.45368831801582,154.04325428935778,154.30673217773438,3239900,0.0,0.0
2024-09-27 00:00:00-04:00,154.45314257690134,155.4485333919817,153.93592532275,154.79469299316406,3329500,0.0,0.0
2024-09-30 00:00:00-04:00,155.11669972042438,156.90256854688286,154.40430884128054,156.7659454345703,1760300,0.0,0.0
2024-10-01 00:00:00-04:00,157.1856021309916,158.21026815174721,155.4778055753266,157.25390625,3076900,0.0,0.0
2024-10-02 00:00:00-04:00,156.64886753470518,157.263664186432,155.77056320383096,157.03921508789062,1982900,0.0,0.0
2024-10-03 00:00:00-04:00,157.25391552513972,159.41062528316886,156.80500242350473,159.32278442382812,2585800,0.0,0.0
2024-10-04 00:00:00-04:00,159.62531723823432,160.22059204959288,158.56159259971628,158.8348388671875,2233000,0.0,0.0
2024-10-07 00:00:00-04:00,158.30786586261362,158.62014092481277,155.38996803880391,155.69248962402344,2688600,0.0,0.0
2024-10-08 00:00:00-04:00,157.05873935503962,158.33714473586357,156.52200029302827,158.18099975585938,2006500,0.0,0.0
2024-10-09 00:00:00-04:00,158.09318672543887,158.92269397013553,157.800418586675,157.83946228027344,1808500,0.0,0.0
2024-10-10 00:00:00-04:00,157.771116606874,158.0346093763257,155.95597232216898,156.7757110595703,1734600,0.0,0.0
2024-10-11 00:00:00-04:00,157.49787874627543,158.89340026022876,156.8537918936816,158.64942932128906,2609400,0.0,0.0
2024-10-14 00:00:00-04:00,158.56158347234853,160.77684369757634,158.36640970550468,160.415771484375,2743000,0.0,0.0
2024-10-15 00:00:00-04:00,161.90887803343531,163.19703685212846,160.9329942744115,161.19647216796875,2621800,0.0,0.0
2024-10-16 00:00:00-04:00,160.23035670374225,161.342863592891,159.38134259883526,161.14768981933594,1735500,0.0,0.0
2024-10-17 00:00:00-04:00,162.1821124376457,162.27969187193145,160.81586634041525,160.83538818359375,2145600,0.0,0.0
2024-10-18 00:00:00-04:00,161.02081736730602,163.0311354925146,160.43528116601232,162.8066864013672,2310800,0.0,0.0
2024-10-21 00:00:00-04:00,161.73323196350495,162.611536393793,161.59660881534543,162.32852172851562,2354300,0.0,0.0
2024-10-22 00:00:00-04:00,161.26479394014405,162.65054711479064,161.0208229962104,161.9381561279297,2120800,0.0,0.0
2024-10-23 00:00:00-04:00,161.6258714426986,162.02598737759064,160.01566911655,161.0208282470703,4461800,0.0,0.0
2024-10-24 00:00:00-04:00,161.30384160050653,163.5093487216721,160.80614617737595,162.87501525878906,4889900,0.0,0.0
2024-10-25 00:00:00-04:00,163.236056924351,163.5971290978925,161.2452460051224,161.3233184814453,2994100,0.0,0.0
2024-10-28 00:00:00-04:00,162.36756629252113,162.92381236629095,161.76250815531088,162.42611694335938,2708600,0.0,0.0
2024-10-29 00:00:00-04:00,161.62584757540807,163.12871675596958,161.577065304878,162.69932556152344,3430500,0.0,0.0
2024-10-30 00:00:00-04:00,162.7383498237534,163.93869741774378,162.36752416771643,162.51390075683594,2726300,0.0,0.0
2024-10-31 00:00:00-04:00,155.47781881377165,155.74129672627237,150.23731252528594,152.1110076904297,8152800,0.0,0.0
2024-11-01 00:00:00-04:00,149.77863108660708,152.58918100111296,149.50538483278612,150.91065979003906,4510300,0.0,0.0
2024-11-04 00:00:00-05:00,151.75968826547435,152.3061957157524,150.32513785145602,150.76429748535156,2540800,0.0,0.0
2024-11-05 00:00:00-05:00,151.1351143182591,154.10180931051755,150.96921586466902,154.0432586669922,2192000,0.0,0.0
2024-11-06 00:00:00-05:00,156.39513018141847,156.73669546283546,148.64662542896608,152.03292846679688,6013200,0.0,0.0
2024-11-07 00:00:00-05:00,152.29641767743712,152.68678011713567,151.41812824702325,152.34521484375,2431800,0.0,0.0
2024-11-08 00:00:00-05:00,153.72121368551714,155.20454627587273,152.6282137511235,152.64773559570312,4946600,0.0,0.0
2024-11-11 00:00:00-05:00,154.95082377125163,155.95598286284022,152.9014618984335,153.2918243408203,3079900,0.0,0.0
2024-11-12 00:00:00-05:00,153.87734416281592,153.87734416281592,152.15979410553047,152.29641723632812,2047500,0.0,0.0
2024-11-13 00:00:00-05:00,153.04782567438224,153.31131841391212,151.74989870881896,152.08169555664062,2040000,0.0,0.0
2024-11-14 00:00:00-05:00,151.8963013718952,153.85783726069758,151.7694466087719,152.696533203125,2550100,0.0,0.0
2024-11-15 00:00:00-05:00,152.0328933202777,153.1746901898323,151.38882148743332,151.79869079589844,2795400,0.0,0.0
2024-11-18 00:00:00-05:00,151.25221725609995,153.9749261773267,151.115594136232,153.88710021972656,3973900,0.0,0.0
2024-11-19 00:00:00-05:00,153.76023516493473,154.7556407198536,152.97952521775917,154.12130737304688,2847500,0.0,0.0
2024-11-20 00:00:00-05:00,154.2384416662285,154.472644254336,151.4571668060089,152.013427734375,1867700,0.0,0.0
2024-11-21 00:00:00-05:00,152.92097193459875,155.2045362057061,151.75966795573208,154.53118896484375,2514300,0.0,0.0
2024-11-22 00:00:00-05:00,154.55069040697157,155.526574066579,154.20914006059073,155.44850158691406,2080100,0.0,0.0
2024-11-25 00:00:00-05:00,156.14139141646064,156.52198546240612,154.96056559192013,155.7803192138672,3062700,0.0,0.0
2024-11-26 00:00:00-05:00,155.858379837122,157.56617617579238,155.0483946438849,156.61956787109375,3463800,0.0,0.0
2024-11-27 00:00:00-05:00,156.92209456913756,158.08339850013158,156.13163119178608,157.3026885986328,2481600,0.0,0.0
2024-11-29 00:00:00-05:00,158.02484056077577,158.02484056077577,156.65860933565023,157.0782470703125,1439500,0.0,0.0
2024-12-02 00:00:00-05:00,156.56103173895087,156.73669856712607,153.5455543543236,154.47264099121094,4154200,0.0,0.0
2024-12-03 00:00:00-05:00,154.82395401987108,154.82395401987108,152.2378679879363,152.49159240722656,2908500,0.0,0.0
2024-12-04 00:00:00-05:00,151.95488561848055,153.0868996031001,151.57429150063297,152.33547973632812,3249100,0.0,0.0
2024-12-05 00:00:00-05:00,152.68679411080586,153.61388079249966,151.83776503340124,152.5989532470703,4459600,0.0,0.0
2024-12-06 00:00:00-05:00,153.30156908752087,153.83830810848335,151.76943939946847,152.16954040527344,3274900,0.0,0.0
2024-12-09 00:00:00-05:00,152.41351577784644,153.0088054564887,151.94509575080468,152.30618286132812,3750300,0.0,0.0
2024-12-10 00:00:00-05:00,152.31595625153489,154.93131787614956,152.01343463429427,154.5897674560547,3232300,0.0,0.0
2024-12-11 00:00:00-05:00,154.85320670582936,155.95595996883395,153.8187724442651,154.36526489257812,3249200,0.0,0.0
2024-12-12 00:00:00-05:00,154.70685818839738,155.0776987988109,152.5599167987084,152.7746124267578,2007100,0.0,0.0
2024-12-13 00:00:00-05:00,152.91123454002917,153.61387206515914,151.68161142564915,151.8280029296875,2411600,0.0,0.0
2024-12-16 00:00:00-05:00,152.21944853927806,152.46412713783462,151.07435449011302,151.2896728515625,2331500,0.45,0.0
2024-12-17 00:00:00-05:00,150.82967566972653,151.00583709210983,149.3322438434825,149.5377655029297,3634100,0.0,0.0
2024-12-18 00:00:00-05:00,149.73353674845114,151.1037310750094,146.3471780071027,146.4156951904297,4571900,0.0,0.0
2024-12-19 00:00:00-05:00,146.8071993416978,147.95229370448297,144.90849050743842,145.1335906982422,4870500,0.0,0.0
2024-12-20 00:00:00-05:00,145.19232336453902,148.1186705914024,144.84976726564852,147.110595703125,6446800,0.0,0.0
2024-12-23 00:00:00-05:00,146.21016127424392,147.21823603325421,145.6033630518489,146.96377563476562,2853800,0.0,0.0
2024-12-24 00:00:00-05:00,146.96376792705033,147.36504444262016,146.41569021505137,147.25738525390625,1084600,0.0,0.0
2024-12-26 00:00:00-05:00,146.02421324221814,148.14802210172647,146.02421324221814,147.80548095703125,1168100,0.0,0.0
2024-12-27 00:00:00-05:00,146.6897398005598,148.1284513667894,146.34718373850566,147.12037658691406,1212400,0.0,0.0
2024-12-30 00:00:00-05:00,145.98507582768931,146.75825380401005,145.19231937751238,146.1905975341797,2444000,0.0,0.0
2024-12-31 00:00:00-05:00,146.3863342391076,146.80717430379278,145.35868103218147,145.83824157714844,1562100,0.0,0.0
2025-01-02 00:00:00-05:00,146.84632154961838,146.9539807453072,145.29996573372244,146.16122436523438,1921600,0.0,0.0
2025-01-03 00:00:00-05:00,146.2004038577317,146.80720218120035,145.56423035454597,146.65060424804688,1227600,0.0,0.0
2025-01-06 00:00:00-05:00,145.75016458992894,145.99484322003573,142.77487901878976,143.45997619628906,3742900,0.0,0.0
2025-01-07 00:00:00-05:00,143.46000224846838,144.25275876453833,142.51064779653245,143.32298278808594,3135700,0.0,0.0
2025-01-08 00:00:00-05:00,141.84510424051052,143.4991343556176,140.76852710728116,143.45021057128906,3719000,0.0,0.0
2025-01-10 00:00:00-05:00,141.70806935668796,142.3833847676767,139.41788095472495,139.76043701171875,3979400,0.0,0.0
2025-01-13 00:00:00-05:00,139.3787465967341,140.87617870592004,139.2612906922886,140.82723999023438,3358000,0.0,0.0
2025-01-14 00:00:00-05:00,141.58085665184356,142.55957124514984,141.032778869032,142.15829467773438,3229600,0.0,0.0
2025-01-15 00:00:00-05:00,144.58550176455952,145.54465281235596,143.27402780206165,145.08465576171875,5105100,0.0,0.0
2025-01-16 00:00:00-05:00,145.26080151721786,147.05185081001187,144.84974322716644,147.0322723388672,2823400,0.0,0.0
2025-01-17 00:00:00-05:00,147.66847107871232,147.85442925153632,145.76976226945735,145.93614196777344,3364600,0.0,0.0
2025-01-21 00:00:00-05:00,146.55273453515008,148.56888428987565,146.42549685396833,148.49058532714844,4420600,0.0,0.0
2025-01-22 00:00:00-05:00,148.63736614173027,151.50500738865895,148.07950664313887,150.88841247558594,4981200,0.0,0.0
2025-01-23 00:00:00-05:00,150.6143933447611,155.25350605276833,150.02715859498804,154.32371520996094,3989100,0.0,0.0
2025-01-24 00:00:00-05:00,153.765841490643,154.58795811748425,153.35478317722237,154.11817932128906,1944800,0.0,0.0
2025-01-27 00:00:00-05:00,154.0888202787403,157.48496094294617,153.94200413666294,157.4066619873047,3136300,0.0,0.0
2025-01-28 00:00:00-05:00,156.8977110698233,156.9955884884096,154.63688308005447,155.45899963378906,2532300,0.0,0.0
2025-01-29 00:00:00-05:00,155.20455704040646,155.47859592305775,153.59946575602055,153.87350463867188,2592800,0.0,0.0
2025-01-30 00:00:00-05:00,154.7739023604181,157.3577079083,154.0790085307011,156.04623413085938,1941700,0.0,0.0
2025-01-31 00:00:00-05:00,155.81133785528746,157.74918828976902,155.17517943474473,156.4279327392578,2624000,0.0,0.0
2025-02-03 00:00:00-05:00,155.4590329915541,157.46540103111306,153.87352002142484,156.97604370117188,1986600,0.0,0.0
2025-02-04 00:00:00-05:00,156.2028719288033,157.45562554876153,155.77223507181745,155.9288330078125,2472400,0.0,0.0
2025-02-05 00:00:00-05:00,157.42623508237492,158.19941297517653,156.21262371238433,157.2794189453125,2971600,0.0,0.0
2025-02-06 00:00:00-05:00,162.00662470995118,166.1368014699325,160.50919258361668,164.11085510253906,4423800,0.0,0.0
2025-02-07 00:00:00-05:00,162.92660809665344,164.29680245742483,160.64620146237078,163.27894592285156,3072900,0.0,0.0
2025-02-10 00:00:00-05:00,163.74873281650994,164.17936961806276,162.2415189450743,163.56277465820312,3650200,0.0,0.0
2025-02-11 00:00:00-05:00,163.1712783006868,163.51383434018732,161.58576563167938,163.3865966796875,2168800,0.0,0.0
2025-02-12 00:00:00-05:00,162.23170439601867,163.30829628147512,160.841931647337,163.01467895507812,2557500,0.0,0.0
2025-02-13 00:00:00-05:00,163.80746408167758,165.44191573404478,163.47470468912383,164.98193359375,1853600,0.0,0.0
2025-02-14 00:00:00-05:00,166.1661602786103,166.1661602786103,163.13213910553287,163.16151428222656,1776100,0.0,0.0
2025-02-18 00:00:00-05:00,163.28873776827658,163.53341641451314,161.82066589085716,162.9559783935547,2230000,0.0,0.0
2025-02-19 00:00:00-05:00,163.3572502502068,164.00320544181722,162.5057584307207,163.40618896484375,2505500,0.0,0.0
2025-02-20 00:00:00-05:00,163.4453284948726,163.91510729345796,162.30023427294645,163.2397918701172,1643400,0.0,0.0
2025-02-21 00:00:00-05:00,163.1810950812367,164.90364248283134,162.79939695183805,164.2968292236328,2853100,0.0,0.0
2025-02-24 00:00:00-05:00,164.83509826660156,166.2738098109608,163.73894277908917,164.83509826660156,3467500,0.0,0.0
2025-02-25 00:00:00-05:00,165.53978845329846,167.95721473348092,165.35383028805367,167.56573486328125,3456400,0.0,0.0
2025-02-26 00:00:00-05:00,166.93934578979736,168.95549534712575,166.52827254222677,167.5265655517578,3256000,0.0,0.0
2025-02-27 00:00:00-05:00,167.52656034300747,169.82654540767095,166.7533824535664,167.20358276367188,2805700,0.0,0.0
2025-02-28 00:00:00-05:00,167.3112565340884,169.84612374348862,167.03721764301807,169.542724609375,5508600,0.0,0.0
2025-03-03 00:00:00-05:00,169.2295308013203,171.67631709501586,168.66187458910312,169.5133514404297,3658500,0.0,0.0
2025-03-04 00:00:00-05:00,169.493786639945,170.4529376969177,166.10744249936658,166.23468017578125,3034200,0.0,0.0
2025-03-05 00:00:00-05:00,166.38149835599685,168.29978573153235,165.74533977705966,167.9572296142578,3216500,0.0,0.0
2025-03-06 00:00:00-05:00,166.185741320639,167.3699776182821,164.68830918408233,166.03892517089844,3104700,0.0,0.0
2025-03-07 00:00:00-05:00,165.74533856705935,167.11553315815246,164.0423696318428,166.61639404296875,3541800,0.0,0.0
2025-03-10 00:00:00-04:00,166.31295670294415,167.89848443277916,164.10106719100006,165.549560546875,4806200,0.0,0.0
2025-03-11 00:00:00-04:00,165.44190117282153,166.72402977952183,164.61978453392888,164.77638244628906,3855700,0.0,0.0
2025-03-12 00:00:00-04:00,165.53978899710668,166.32276367407795,164.05213860426127,165.42234802246094,4066800,0.0,0.0
2025-03-13 00:00:00-04:00,165.48105917907404,167.4287065247963,164.99170190030958,165.53977966308594,2919100,0.0,0.0
2025-03-14 00:00:00-04:00,166.26402359751762,167.80059759275963,165.2853091001157,167.4188995361328,3018600,0.0,0.0
2025-03-17 00:00:00-04:00,167.7624262880653,170.45165573446053,166.96743909131953,169.61741638183594,2483400,0.48,0.0
2025-03-18 00:00:00-04:00,169.86277247945895,170.51053035342878,168.76351749813372,169.63702392578125,2995100,0.0,0.0
2025-03-19 00:00:00-04:00,169.95110580080905,171.2859036913776,168.97944649869663,170.47128295898438,2609300,0.0,0.0
2025-03-20 00:00:00-04:00,169.92165531729916,172.64031242547892,169.8038689072832,172.3360595703125,2746700,0.0,0.0
2025-03-21 00:00:00-04:00,172.41458855658215,172.72866569960806,169.89222202175358,171.15830993652344,4717100,0.0,0.0
2025-03-24 00:00:00-04:00,171.08960654014209,172.89550509600608,170.93256797632216,172.0023651123047,2982400,0.0,0.0
2025-03-25 00:00:00-04:00,172.8856732806797,173.21938395823867,171.24662265439764,172.3753204345703,2777100,0.0,0.0
2025-03-26 00:00:00-04:00,172.66977756586311,173.54329906744854,171.7472095871536,172.5029296875,2575200,0.0,0.0
2025-03-27 00:00:00-04:00,172.6501390155651,174.16159401754766,171.87477046195949,173.091796875,2946000,0.0,0.0
2025-03-28 00:00:00-04:00,172.86606517332075,173.73957160737524,171.24663303646338,171.47238159179688,3199200,0.0,0.0
2025-03-31 00:00:00-04:00,169.61740660078394,170.32405019801354,168.1157459006078,169.30332946777344,6282800,0.0,0.0
2025-04-01 00:00:00-04:00,168.61631036836965,169.50945039864288,167.42872675958606,168.3120574951172,3877200,0.0,0.0
2025-04-02 00:00:00-04:00,167.03614225114598,168.81259800844336,166.46688867004136,167.28150939941406,6613000,0.0,0.0
2025-04-03 00:00:00-04:00,166.08412126606703,169.37204713726885,164.180069744907,164.4548797607422,6043400,0.0,0.0
2025-04-04 00:00:00-04:00,162.33491067181978,163.42434148546212,153.6489220004765,153.8354034423828,6340400,0.0,0.0
2025-04-07 00:00:00-04:00,149.5071041731919,156.53442249869585,147.68157209368437,151.7841033935547,6950500,0.0,0.0
2025-04-08 00:00:00-04:00,155.60201753598295,155.84738467381163,146.69029626894448,148.8102569580078,6466300,0.0,0.0
2025-04-09 00:00:00-04:00,148.06436296633782,154.35558068476723,144.5114512017939,153.9040985107422,7429300,0.0,0.0
2025-04-10 00:00:00-04:00,153.30537998771152,154.10036709357223,148.02508952833236,152.31410217285156,4719200,0.0,0.0
2025-04-11 00:00:00-04:00,151.75466437940003,153.90408292797642,149.4383979722795,153.02076721191406,2786500,0.0,0.0
2025-04-14 00:00:00-04:00,155.34684526109885,157.31959171066444,154.28685740019105,156.828857421875,2946400,0.0,0.0
2025-04-15 00:00:00-04:00,157.55515446875782,158.0066366179582,155.0622307934985,156.98590087890625,2675600,0.0,0.0
2025-04-16 00:00:00-04:00,156.87794107270963,157.39811824470718,154.44390308147365,155.50389099121094,2628900,0.0,0.0
2025-04-17 00:00:00-04:00,156.4951365601001,157.82993421022405,155.12108676262818,155.7001495361328,2742700,0.0,0.0
2025-04-21 00:00:00-04:00,154.5027678064797,154.89536418785784,150.29227457634138,152.1570587158203,2815000,0.0,0.0
2025-04-22 00:00:00-04:00,153.62928836508829,157.98701161770427,153.62928836508829,157.70237731933594,2909600,0.0,0.0
2025-04-23 00:00:00-04:00,159.0960529699237,160.1265829343782,156.5049766779965,158.00662231445312,2876100,0.0,0.0
2025-04-24 00:00:00-04:00,158.08513860104588,160.27380916438761,157.04476941041477,159.95973205566406,1559700,0.0,0.0
2025-04-25 00:00:00-04:00,159.42975507065825,160.59770505166935,158.61513436981838,160.20510864257812,1642800,0.0,0.0
2025-04-28 00:00:00-04:00,160.2737975830379,161.33378528435415,159.282504884278,160.45045471191406,2337500,0.0,0.0
2025-04-29 00:00:00-04:00,160.44067975503873,163.5322999801701,160.38179403281117,163.2476806640625,2114600,0.0,0.0
2025-04-30 00:00:00-04:00,162.97285151686316,165.6522563959297,161.5006487298563,164.85726928710938,3672000,0.0,0.0
2025-05-01 00:00:00-04:00,163.15932622340193,169.11683213564535,159.92047722996807,167.674072265625,4008900,0.0,0.0
2025-05-02 00:00:00-04:00,169.88238849479612,171.26626275081003,168.05685638448585,170.2357177734375,2921400,0.0,0.0
2025-05-05 00:00:00-04:00,170.50069823130036,171.92382447106166,169.391634104139,170.75587463378906,2239100,0.0,0.0
2025-05-06 00:00:00-04:00,169.75479565949124,172.94456823394566,169.75479565949124,171.94346618652344,2744300,0.0,0.0
2025-05-07 00:00:00-04:00,171.73737239964643,173.73957674146862,171.2859052276823,173.25865173339844,2025800,0.0,0.0
2025-05-08 00:00:00-04:00,173.9064266688355,175.48659174148665,173.13105807471496,173.19976806640625,4378300,0.0,0.0
2025-05-09 00:00:00-04:00,173.60215744781212,176.1147144749755,173.50400460492992,175.02528381347656,3313500,0.0,0.0
2025-05-12 00:00:00-04:00,175.60436553147366,175.60436553147366,167.41892074923527,170.22592163085938,4617700,0.0,0.0
2025-05-13 00:00:00-04:00,170.30443034044535,171.560708911084,169.578138207786,169.63702392578125,2122900,0.0,0.0
2025-05-14 00:00:00-04:00,169.8725814536091,170.77553073855236,167.75260575364388,168.7537078857422,4025800,0.0,0.0
2025-05-15 00:00:00-04:00,169.03832912724786,171.97292556912035,168.67519054543223,171.6097869873047,2563600,0.0,0.0
2025-05-16 00:00:00-04:00,172.29680071863618,172.99363497737136,170.5988643818079,172.98382568359375,2330900,0.0,0.0
2025-05-19 00:00:00-04:00,171.75700876972462,174.12235174188456,171.32516018008283,173.47457885742188,2731500,0.0,0.0
2025-05-20 00:00:00-04:00,172.64032963198778,174.09291401745975,172.28700031876798,173.02310180664062,2150800,0.0,0.0
2025-05-21 00:00:00-04:00,172.59124193310055,173.8867725672038,170.96200062680055,171.482177734375,4479600,0.0,0.0
2025-05-22 00:00:00-04:00,171.285895794147,172.16921150005268,170.353503665464,170.77552795410156,2896200,0.0,0.0
2025-05-23 00:00:00-04:00,170.2847889483807,173.51381380354334,169.7057261133489,172.85623168945312,2248100,0.0,0.0
2025-05-27 00:00:00-04:00,173.8279217449253,175.64364482708507,173.27830167007284,175.23141479492188,2831500,0.0,0.0
2025-05-28 00:00:00-04:00,174.32843956728928,175.3295416844961,174.28918741462425,174.50511169433594,2297700,0.0,0.0
2025-05-29 00:00:00-04:00,174.4658379257477,175.47674929864166,173.59233154598436,175.22157287597656,1789700,0.0,0.0
2025-05-30 00:00:00-04:00,175.14305956421734,177.29247808257261,174.71121100651763,176.46804809570312,5439100,0.0,0.0
2025-06-02 00:00:00-04:00,175.4374960651416,176.99802740093057,174.37750827780732,176.97840881347656,1854700,0.0,0.0
2025-06-03 00:00:00-04:00,176.89990175003575,177.53785033482188,174.5051160254482,176.01657104492188,2387700,0.0,0.0
2025-06-04 00:00:00-04:00,176.45822845859,176.61526702478972,174.63269631057892,175.8104705810547,1869900,0.0,0.0
2025-06-05 00:00:00-04:00,176.24231516154958,176.35026232534423,174.36770663202265,175.2510223388672,2438400,0.0,0.0
2025-06-06 00:00:00-04:00,174.8976889719499,175.56509535958008,174.07325900136667,175.36878967285156,3245200,0.0,0.0
2025-06-09 00:00:00-04:00,174.50510406289453,175.51601543005313,171.55087426331565,172.70901489257812,2776000,0.0,0.0
2025-06-10 00:00:00-04:00,172.73845202700318,173.07214771508316,171.5018071368136,172.27716064453125,1898200,0.0,0.0
2025-06-11 00:00:00-04:00,172.7482693510812,174.26954855701663,171.70791511280908,174.21066284179688,1677200,0.0,0.0
2025-06-12 00:00:00-04:00,173.7297511292123,175.82028403514227,173.71013253998964,175.7613983154297,1841500,0.0,0.0
2025-06-13 00:00:00-04:00,176.23377034654598,177.08993808229172,174.62967216001405,175.60394287109375,2500300,0.48,0.0
2025-06-16 00:00:00-04:00,176.7159815251808,178.74323816971108,176.15503370724156,176.94232177734375,2150700,0.0,0.0
2025-06-17 00:00:00-04:00,176.35184464728115,178.76290206112424,175.87947783134433,178.1134033203125,3230500,0.0,0.0
2025-06-18 00:00:00-04:00,178.1134003744802,178.447992904557,176.65691227366932,176.90293884277344,2055300,0.0,0.0
2025-06-20 00:00:00-04:00,176.16486916813977,178.02482953584186,174.64935202330773,175.59408569335938,3910100,0.0,0.0
2025-06-23 00:00:00-04:00,176.00740979221246,177.09976833640326,175.36773171641366,176.8734130859375,2017400,0.0,0.0
2025-06-24 00:00:00-04:00,177.52293620526837,178.42831220619547,175.6236182396461,177.9756317138672,2101700,0.0,0.0
2025-06-25 00:00:00-04:00,177.44420098345674,178.56608154225415,176.7848515776633,177.66070556640625,1560700,0.0,0.0
2025-06-26 00:00:00-04:00,178.15276236368143,178.73338147702415,177.35563866294473,177.92642211914062,1504500,0.0,0.0
2025-06-27 00:00:00-04:00,177.83786413380992,179.7076601819782,177.55246488477374,178.861328125,2137100,0.0,0.0
2025-06-30 00:00:00-04:00,179.0679904759403,180.83936981796782,178.47752068441739,180.55398559570312,3214000,0.0,0.0
2025-07-01 00:00:00-04:00,180.38670484193594,180.80986338311962,176.46011492796927,178.96958923339844,2223700,0.0,0.0
2025-07-02 00:00:00-04:00,178.22165876823226,178.96957415806182,176.74549930306063,178.8514862060547,1631100,0.0,0.0
2025-07-03 00:00:00-04:00,179.10736359275108,180.19972229003906,178.90069464298443,180.19972229003906,1082800,0.0,0.0
2025-07-07 00:00:00-04:00,180.46542243632982,181.06572789440776,178.82196667778513,180.18002319335938,1634700,0.0,0.0
2025-07-08 00:00:00-04:00,179.412424636936,180.09146041487418,177.73944686037993,178.1035614013672,1950300,0.0,0.0
2025-07-09 00:00:00-04:00,177.7394333097777,179.29432301207018,175.88930872441986,179.26480102539062,1789000,0.0,0.0
2025-07-10 00:00:00-04:00,178.94005721513824,179.9438498843119,177.75913261295977,178.9302215576172,1894300,0.0,0.0
2025-07-11 00:00:00-04:00,178.3200421568798,179.16637409769456,177.3162496186416,177.64100646972656,1576900,0.0,0.0
2025-07-14 00:00:00-04:00,177.51310602849463,179.5009900192578,176.80454826393333,178.9302215576172,1773000,0.0,0.0
2025-07-15 00:00:00-04:00,178.72356068191226,178.9302296293453,176.4305910093064,176.93247985839844,1513000,0.0,0.0
2025-07-16 00:00:00-04:00,177.3359523323806,178.33974496336444,176.16486343227785,177.92642211914062,1629600,0.0,0.0
2025-07-17 00:00:00-04:00,177.46389752321838,179.25496324779525,177.13914063011066,179.04830932617188,1806800,0.0,0.0
2025-07-18 00:00:00-04:00,179.097521304229,179.75687076142205,177.48358747950851,177.8477020263672,2483000,0.0,0.0
2025-07-21 00:00:00-04:00,178.02483000433557,179.26481359691408,177.57214949932356,177.93626403808594,1757900,0.0,0.0
2025-07-22 00:00:00-04:00,177.75912585002172,178.2610146573784,176.7651688761847,177.92642211914062,1952700,0.0,0.0
2025-07-23 00:00:00-04:00,177.75913070336765,178.70386436845314,176.87342599904528,178.1232452392578,1994100,0.0,0.0
2025-07-24 00:00:00-04:00,178.53657337044027,181.1050915612132,177.55246701407165,180.66224670410156,2981200,0.0,0.0
2025-07-25 00:00:00-04:00,180.3965304719625,182.35490749104568,180.34732215179307,181.50857543945312,2588800,0.0,0.0
2025-07-28 00:00:00-04:00,181.07555609351945,181.7250698442815,179.53050202121617,179.88478088378906,2353400,0.0,0.0
2025-07-29 00:00:00-04:00,181.01651069679687,181.91205101130143,180.18986502937886,181.77427673339844,3035700,0.0,0.0
2025-07-30 00:00:00-04:00,182.01046566845812,184.40185189742337,181.4396821858914,182.7879180908203,3507700,0.0,0.0
2025-07-31 00:00:00-04:00,182.78792014949013,184.4018539742703,179.79622841518898,181.8923797607422,4429300,0.0,0.0
2025-08-01 00:00:00-04:00,179.2155857123714,182.26632102449844,179.10733342668252,181.666015625,3795800,0.0,0.0
2025-08-04 00:00:00-04:00,182.41393403475934,185.59259299913012,181.8923589266086,185.45481872558594,3777300,0.0,0.0
2025-08-05 00:00:00-04:00,186.15357623696505,186.22245587872706,183.7523541408498,184.42153930664062,2929400,0.0,0.0
2025-08-06 00:00:00-04:00,184.8545188195365,185.5433902077668,183.82120422905606,185.06118774414062,2690500,0.0,0.0
2025-08-07 00:00:00-04:00,185.45483576218464,185.9764109182493,184.31326881008164,185.03167724609375,2697700,0.0,0.0
2025-08-08 00:00:00-04:00,185.5532460035709,186.34053404739913,183.417737132966,183.43740844726562,2783600,0.0,0.0
2025-08-11 00:00:00-04:00,183.43741521290139,184.11645098804442,181.74475111193564,182.97488403320312,2036900,0.0,0.0
2025-08-12 00:00:00-04:00,183.24061695412874,183.24061695412874,178.59563333500282,179.8356170654297,3849100,0.0,0.0
2025-08-13 00:00:00-04:00,180.73110652581855,180.73110652581855,177.34579364473308,178.52671813964844,3723300,0.0,0.0
2025-08-14 00:00:00-04:00,178.72353391255655,180.21937959409067,178.0937065229005,179.77651977539062,6079900,0.0,0.0
2025-08-15 00:00:00-04:00,179.52067931267675,179.95368851108344,177.92643182424413,178.320068359375,2840900,0.0,0.0
2025-08-18 00:00:00-04:00,178.0642273737823,178.56611626843963,175.11190795898438,175.11190795898438,3606100,0.0,0.0
2025-08-19 00:00:00-04:00,175.29887121766595,175.83028204643944,174.25572087566033,175.4366455078125,2586500,0.0,0.0
2025-08-20 00:00:00-04:00,175.61376337416894,178.83179512736103,175.1315609054284,178.41847229003906,2921700,0.0,0.0
2025-08-21 00:00:00-04:00,177.63119745186816,178.03468466217365,175.8598030058806,176.38137817382812,1973600,0.0,0.0
2025-08-22 00:00:00-04:00,176.902967231274,178.08390696550117,176.4010783556182,177.7985076904297,2247800,0.0,0.0
2025-08-25 00:00:00-04:00,177.86737698019996,178.7629022953583,176.2140705978493,176.2928009033203,3101800,0.0,0.0
2025-08-26 00:00:00-04:00,175.49569794854082,176.04679513569835,174.92491442862135,175.89918518066406,2578900,0.0,0.0
2025-08-27 00:00:00-04:00,175.50551964216692,176.35185168832422,174.45253367540465,174.4820556640625,1933700,0.0,0.0
2025-08-28 00:00:00-04:00,174.20652751004388,174.87571268641406,173.31098703907261,174.32461547851562,2170900,0.0,0.0
2025-08-29 00:00:00-04:00,174.1966392582587,174.93471893453736,173.3306359824883,173.7931671142578,1775500,0.0,0.0
2025-09-02 00:00:00-04:00,172.76970586161414,174.18682138736898,170.899909830631,172.3071746826172,3226400,0.0,0.0
2025-09-03 00:00:00-04:00,171.93323473358637,172.6713145292181,171.00817232045776,172.3465576171875,1903000,0.0,0.0
2025-09-04 00:00:00-04:00,173.11415357912227,173.25192786902073,170.46690506524985,171.74624633789062,2950100,0.0,0.0
2025-09-05 00:00:00-04:00,172.35638132139266,172.35638132139266,170.14214208806735,171.50021362304688,3104200,0.0,0.0
2025-09-08 00:00:00-04:00,170.6342132645858,171.37229308694538,169.26630592779696,171.1262664794922,2322600,0.0,0.0
2025-09-09 00:00:00-04:00,170.90974840729942,172.01194271670286,170.28975660012435,170.70309448242188,3466700,0.0,0.0
2025-09-10 00:00:00-04:00,170.7424492558649,171.2246667662491,168.6069403091994,169.4926300048828,2381000,0.0,0.0
2025-09-11 00:00:00-04:00,170.0043685289053,173.5963506273492,169.6008813296495,173.37001037597656,2697600,0.0,0.0
2025-09-12 00:00:00-04:00,172.828725270966,173.78330948202657,170.32910214122944,171.2049560546875,2300500,0.0,0.0
2025-09-15 00:00:00-04:00,171.39196304137727,171.59861696277693,169.10882913458386,169.4926300048828,2669700,0.0,0.0
2025-09-16 00:00:00-04:00,169.3150262195395,169.61107120912828,168.01236803239067,169.14724731445312,3179400,0.48,0.0
2025-09-17 00:00:00-04:00,169.57157549174727,170.8248876204068,168.80182852976412,169.98605346679688,2443000,0.0,0.0
2025-09-18 00:00:00-04:00,169.9071227214182,171.02227565364643,167.67683191520058,168.88079833984375,5990200,0.0,0.0
2025-09-19 00:00:00-04:00,168.85118698630936,169.27552813833222,166.71957290547007,167.53866577148438,4806500,0.0,0.0
2025-09-22 00:00:00-04:00,167.35115249659393,168.15050397369285,166.07809898561328,167.88404846191406,4257400,0.0,0.0
2025-09-23 00:00:00-04:00,167.90379652957364,168.574866908639,165.2984954719277,165.8807373046875,2586600,0.0,0.0
2025-09-24 00:00:00-04:00,165.32810835535116,166.23601474865623,164.3905974645217,165.84127807617188,3771900,0.0,0.0
2025-09-25 00:00:00-04:00,164.86428069850533,165.62416458674448,163.27544078213535,165.08139038085938,2977400,0.0,0.0
2025-09-26 00:00:00-04:00,165.82151164886753,166.82810958719122,165.3379464986979,165.52545166015625,2564900,0.0,0.0
2025-09-29 00:00:00-04:00,166.03865131347388,166.62089319295825,164.6373165090799,165.78207397460938,2661000,0.0,0.0
2025-09-30 00:00:00-04:00,165.6833831175528,166.97616308165192,165.34785542850588,166.265625,2801300,0.0,0.0
2025-10-01 00:00:00-04:00,165.01232292276057,165.01232292276057,160.18659404304367,160.50238037109375,4121600,0.0,0.0
2025-10-02 00:00:00-04:00,159.92012537675043,160.36420786380265,158.58786285735607,158.8641815185547,3335900,0.0,0.0
2025-10-03 00:00:00-04:00,158.62735509814988,160.808300023671,158.14378988284642,160.48263549804688,2910800,0.0,0.0
2025-10-06 00:00:00-04:00,159.93986963599951,160.531974610095,156.15032853389397,156.96942138671875,3908100,0.0,0.0
2025-10-07 00:00:00-04:00,159.34775220623496,160.68987791763826,157.07797878953608,159.85104370117188,5758300,0.0,0.0
2025-10-08 00:00:00-04:00,160.5517162661794,160.5517162661794,154.38386199360343,157.2753448486328,5054400,0.0,0.0
2025-10-09 00:00:00-04:00,158.84446939125908,158.84446939125908,156.17994411487655,157.20628356933594,3838700,0.0,0.0
2025-10-10 00:00:00-04:00,157.52204758053023,157.65034375871932,155.36082919104587,155.42991638183594,4175400,0.0,0.0
2025-10-13 00:00:00-04:00,155.3904594334341,157.24573975193394,155.27202639225138,156.6634979248047,3074300,0.0,0.0
2025-10-14 00:00:00-04:00,157.0779843722722,158.39050563404766,155.85427660248246,156.1898193359375,2849100,0.0,0.0
2025-10-15 00:00:00-04:00,156.11087363225695,156.7523245044345,153.8509632140527,155.39047241210938,4174200,0.0,0.0
2025-10-16 00:00:00-04:00,155.44967260529162,155.44967260529162,151.10749406227643,151.34434509277344,5576400,0.0,0.0
2025-10-17 00:00:00-04:00,151.7489558451525,151.99567001506347,150.72261646570956,151.58119201660156,4090300,0.0,0.0
2025-10-20 00:00:00-04:00,151.92659323374076,153.37727385691704,151.245659668792,153.2489776611328,2884400,0.0,0.0
2025-10-21 00:00:00-04:00,153.03185336535986,155.29174825295365,152.9726293230822,154.72923278808594,3560000,0.0,0.0
2025-10-22 00:00:00-04:00,154.4233373856473,155.33124377314866,153.50556785178046,154.8871612548828,4676300,0.0,0.0
2025-10-23 00:00:00-04:00,155.92335891453945,156.3575782727335,153.79174482426222,155.38058471679688,5803100,0.0,0.0
2025-10-24 00:00:00-04:00,156.16021406712943,156.58455523223512,155.50888501264112,155.5779571533203,4185800,0.0,0.0
2025-10-27 00:00:00-04:00,156.17993091673785,158.09443526271167,155.92335360392482,157.73916625976562,4078300,0.0,0.0
2025-10-28 00:00:00-04:00,157.45298922071817,158.0056265624316,155.11412860621493,155.2029571533203,3322400,0.0,0.0
2025-10-29 00:00:00-04:00,153.71280892306584,154.08781932369232,148.0285192065024,148.64036560058594,7586500,0.0,0.0
2025-10-30 00:00:00-04:00,144.62385372496934,150.21932945837332,144.13042537043737,146.56796264648438,6950500,0.0,0.0
2025-10-31 00:00:00-04:00,146.3705968009306,147.04165214653068,143.1040883895604,144.3672637939453,7069600,0.0,0.0
2025-11-03 00:00:00-05:00,143.577776009012,144.28831398474387,141.28826140760114,143.67645263671875,4428200,0.0,0.0
2025-11-04 00:00:00-05:00,144.54489578166363,145.32450591521047,143.59750676514727,145.04818725585938,3135800,0.0,0.0
2025-11-05 00:00:00-05:00,145.57121639460397,148.0284948297431,144.28831481933594,144.28831481933594,3980900,0.0,0.0
2025-11-06 00:00:00-05:00,143.84422308394514,146.11399644110105,143.82449679243715,145.5811004638672,3497500,0.0,0.0
2025-11-07 00:00:00-05:00,145.19622411365128,147.13045472010734,145.01858208590224,147.04164123535156,3487100,0.0,0.0
2025-11-10 00:00:00-05:00,146.70610875040168,147.6830871669781,145.59095595111094,147.53506469726562,3231200,0.0,0.0
2025-11-11 00:00:00-05:00,148.314671820933,150.14036255462844,148.1666493541952,149.99234008789062,2854600,0.0,0.0
2025-11-12 00:00:00-05:00,150.07131168452136,152.1437018036439,149.70616445110736,152.02528381347656,3032100,0.0,0.0
2025-11-13 00:00:00-05:00,151.38380507069422,152.2028979025068,150.51538145265098,150.69300842285156,3484800,0.0,0.0
2025-11-14 00:00:00-05:00,151.66012913887474,151.66012913887474,148.98575593722137,150.07130432128906,2554300,0.0,0.0
2025-11-17 00:00:00-05:00,149.83445682523003,150.84105489070103,147.9199523890701,148.3541717529297,2737300,0.0,0.0
2025-11-18 00:00:00-05:00,148.68971936505554,151.98581762082384,147.89036772811826,150.77198791503906,5191000,0.0,0.0
2025-11-19 00:00:00-05:00,150.5153858667903,151.67000638166814,149.98247482408482,151.63052368164062,4432700,0.0,0.0
2025-11-20 00:00:00-05:00,151.63050669957323,152.64696776699083,149.14363897292787,149.6666717529297,4304300,0.0,0.0
2025-11-21 00:00:00-05:00,151.01869035831598,153.30820529342697,150.35749812918633,152.40028381347656,4777400,0.0,0.0
2025-11-24 00:00:00-05:00,152.01539687605296,152.2522479010202,150.2193255426581,150.890380859375,4135700,0.0,0.0
2025-11-25 00:00:00-05:00,152.02528674380895,154.20623174870283,151.3936990203444,153.91018676757812,2274700,0.0,0.0
2025-11-26 00:00:00-05:00,153.7917573034674,154.95625613659192,153.38714240884212,154.23583984375,2286800,0.0,0.0
2025-11-28 00:00:00-05:00,154.93649918763683,156.28848802433228,154.6601805211332,155.23255920410156,1323700,0.0,0.0
2025-12-01 00:00:00-05:00,154.44306947250521,155.42992614645092,153.9002952901875,154.87728881835938,2834000,0.0,0.0
2025-12-02 00:00:00-05:00,154.7884760713904,155.55822307608753,153.06147688373233,153.31805419921875,4802100,0.0,0.0
2025-12-03 00:00:00-05:00,154.2654498087006,155.6569063406346,153.9299070793993,154.78848266601562,2848700,0.0,0.0
2025-12-04 00:00:00-05:00,155.1240052756036,157.2161366366005,154.69964906926214,157.01876831054688,3804600,0.0,0.0
2025-12-05 00:00:00-05:00,156.54509437289278,157.10759490197242,155.24243620746316,155.74574279785156,3852100,0.0,0.0
2025-12-08 00:00:00-05:00,155.75559862066817,155.77533997146318,153.71279797318428,154.9661102294922,5387600,0.0,0.0
2025-12-09 00:00:00-05:00,155.51874951665295,157.2358856594115,155.33124432736886,155.9332275390625,3558500,0.0,0.0
2025-12-10 00:00:00-05:00,155.74574378655862,159.23921015179286,155.43980553674305,158.2720947265625,4524800,0.0,0.0
2025-12-11 00:00:00-05:00,159.03194678728764,161.31159835021575,158.88392430967315,160.95632934570312,3855900,0.0,0.0
2025-12-12 00:00:00-05:00,161.05503268303443,162.20965337459202,160.5912087652839,161.06491088867188,2700500,0.0,0.0
2025-12-15 00:00:00-05:00,161.30173058633514,161.30173058633514,158.4793197173171,159.27867126464844,3206800,0.0,0.0
2025-12-16 00:00:00-05:00,159.85274892251786,160.34764907398076,158.2888626315166,158.41754150390625,4222000,0.48,0.0
2025-12-17 00:00:00-05:00,158.00183386248088,160.1298985623915,157.962233390925,159.2192840576172,3563700,0.0,0.0
2025-12-18 00:00:00-05:00,159.60530456186964,160.63469026838453,158.38785437456005,158.43734741210938,2639300,0.0,0.0
2025-12-19 00:00:00-05:00,158.3383421428992,159.4073281911306,158.03150649170507,158.66497802734375,5747900,0.0,0.0
2025-12-22 00:00:00-05:00,158.51650978123828,160.52580315381442,158.0414098727826,159.80325317382812,2152100,0.0,0.0
2025-12-23 00:00:00-05:00,159.6152073035527,160.93164364988345,159.5360214590566,160.2981719970703,1997500,0.0,0.0
2025-12-24 00:00:00-05:00,160.28827251854906,161.53541553348552,160.12990083638587,160.9712371826172,761800,0.0,0.0
2025-12-26 00:00:00-05:00,160.79304880895427,161.88183513345686,160.53570617914153,161.85214233398438,1045000,0.0,0.0
2025-12-29 00:00:00-05:00,161.95113585315934,162.74297919006557,161.12959971264527,162.30746459960938,1582300,0.0,0.0
2025-12-30 00:00:00-05:00,161.84225542324805,162.29757024548047,161.33746266431768,161.49583435058594,1142500,0.0,0.0
2025-12-31 00:00:00-05:00,161.14938086690668,162.0995957793054,160.2684592234913,160.3080596923828,1342600,0.0,0.0
2026-01-02 00:00:00-05:00,159.69437563038645,159.892332668334,157.962225117826,158.358154296875,2068700,0.0,0.0
2026-01-05 00:00:00-05:00,157.85335170242072,164.70276814339448,157.58611648877206,163.93072509765625,3370200,0.0,0.0
2026-01-06 00:00:00-05:00,164.24747902853332,165.28677245800273,163.48532849983508,164.31675720214844,2605100,0.0,0.0
2026-01-07 00:00:00-05:00,164.29695761460857,165.14818647870598,160.25857056887816,160.26846313476562,2544900,0.0,0.0
2026-01-08 00:00:00-05:00,159.70428641525368,162.61428664648167,159.59540777678515,160.32785034179688,2852400,0.0,0.0
2026-01-09 00:00:00-05:00,160.8821329167334,164.3860344103671,160.44663347463077,164.28704833984375,3310500,0.0,0.0
2026-01-12 00:00:00-05:00,164.97991292567966,167.9097285686593,164.01982049366836,164.55430603027344,4244600,0.0,0.0
2026-01-13 00:00:00-05:00,164.55430781816804,165.04920799205726,161.93134293781702,164.9898223876953,2968500,0.0,0.0
2026-01-14 00:00:00-05:00,164.74236903400868,171.284949807215,164.21777606834084,171.1760711669922,5261800,0.0,0.0
2026-01-15 00:00:00-05:00,172.00750393568904,172.60139018805904,169.4637248850832,171.51260375976562,4660100,0.0,0.0
2026-01-16 00:00:00-05:00,171.44332420423083,173.57138890225372,170.10708769876692,172.20545959472656,4415800,0.0,0.0
2026-01-20 00:00:00-05:00,169.25585289937973,172.5122892717636,167.69196659822333,169.20635986328125,3771000,0.0,0.0
2026-01-21 00:00:00-05:00,169.71116803012254,171.49279650803618,169.57259659065917,170.14666748046875,2597700,0.0,0.0
2026-01-22 00:00:00-05:00,170.21597132938277,173.0369084333024,169.99821403910067,172.5717010498047,2967900,0.0,0.0
2026-01-23 00:00:00-05:00,172.3539253572416,172.6508533548731,170.88901008754317,171.16615295410156,2697900,0.0,0.0
2026-01-26 00:00:00-05:00,171.42351891194352,173.59118401754694,171.19586906845558,173.3140411376953,2615800,0.0,0.0
2026-01-27 00:00:00-05:00,172.77954700187718,173.59119053990588,171.08699685798578,171.51260375976562,2866900,0.0,0.0
2026-01-28 00:00:00-05:00,170.76035343959214,171.97780359008047,169.61218145705388,170.68116760253906,3209300,0.0,0.0
2026-01-29 00:00:00-05:00,171.27503980285243,174.25434841598857,171.27503980285243,173.3140411376953,3193100,0.0,0.0
2026-01-30 00:00:00-05:00,172.462806841246,173.26454265440927,169.46371319037033,172.0074920654297,3305900,0.0,0.0
2026-02-02 00:00:00-05:00,172.22526354409223,173.6010854475884,169.42412669820914,171.4136199951172,3467200,0.0,0.0
2026-02-03 00:00:00-05:00,168.84014887951352,169.4538202757314,157.20999453528304,161.40675354003906,9070400,0.0,0.0
2026-02-04 00:00:00-05:00,159.9418355410402,163.79215831308179,158.1997923555396,163.16859436035156,6603600,0.0,0.0
2026-02-05 00:00:00-05:00,166.95952313627646,172.532104185032,164.31675789784848,166.57350158691406,5663800,0.0,0.0
2026-02-06 00:00:00-05:00,168.11759672090466,172.08669071635865,165.10859517708485,167.27626037597656,3539800,0.0,0.0
2026-02-09 00:00:00-05:00,166.7417573889023,169.12716452199737,166.55369292418888,167.7513427734375,3332300,0.0,0.0
2026-02-10 00:00:00-05:00,162.82216210220767,166.49432814819895,161.9016550006276,163.12899780273438,4870100,0.0,0.0
2026-02-11 00:00:00-05:00,162.70338384298424,163.3071626512477,149.50934356970433,150.43975830078125,9096900,0.0,0.0
2026-02-12 00:00:00-05:00,150.09332454800597,150.57833215689413,142.70940728777413,148.30178833007812,11830400,0.0,0.0
2026-02-13 00:00:00-05:00,149.75679129801696,151.795777538825,149.43015538034078,150.72679138183594,4166300,0.0,0.0
2026-02-17 00:00:00-05:00,151.21180505435362,152.95384824883942,147.84647477228265,151.87496948242188,5868900,0.0,0.0
2026-02-18 00:00:00-05:00,153.19140237010146,154.33955928250202,152.10261595825529,153.60711669921875,3086400,0.0,0.0
2026-02-19 00:00:00-05:00,152.42925307183256,154.35936072321508,150.845566479175,152.5381317138672,3727900,0.0,0.0
2026-02-20 00:00:00-05:00,152.69650570874123,153.8248775145913,150.83567619963046,152.43914794921875,3370600,0.0,0.0
2026-02-23 00:00:00-05:00,151.8155865394155,153.3101796703894,150.2220073295564,152.5282440185547,3639600,0.0,0.0
2026-02-24 00:00:00-05:00,151.97393156889194,155.22049045104671,151.97393156889194,153.77537536621094,3114200,0.0,0.0
2026-02-25 00:00:00-05:00,154.47814296965075,159.20938728419108,153.8446562667341,158.69468688964844,6195300,0.0,0.0
2026-02-26 00:00:00-05:00,159.82306199076623,161.56510515075217,159.1895903777573,161.22857666015625,3209600,0.0,0.0
2026-02-27 00:00:00-05:00,160.1793737979007,164.05938890564374,159.3578377907007,162.45591735839844,4346800,0.0,0.0
2026-03-02 00:00:00-05:00,163.57440414921373,166.28646260744722,162.31736855020293,163.09930419921875,4452400,0.0,0.0
2026-03-03 00:00:00-05:00,161.70368204900618,165.0789049445455,161.37704611364865,163.09930419921875,4186400,0.0,0.0
2026-03-04 00:00:00-05:00,161.8026583013414,164.8413374072399,160.15958615774593,164.59388732910156,2840300,0.0,0.0
2026-03-05 00:00:00-05:00,162.99041966235737,165.44512026894714,161.34734747837234,162.32725524902344,4117400,0.0,0.0
2026-03-06 00:00:00-05:00,162.3767467267822,165.59359779075652,160.92173903728605,164.4949188232422,4552900,0.0,0.0
2026-03-09 00:00:00-04:00,163.27745812211708,164.65327988433825,160.84254282837387,164.10888671875,3458700,0.0,0.0
2026-03-10 00:00:00-04:00,163.17849755479767,163.17849755479767,157.229802478325,158.5363311767578,3398100,0.0,0.0
2026-03-11 00:00:00-04:00,157.79397185819386,158.28887203907007,152.0729269755172,155.41845703125,4585300,0.0,0.0
2026-03-12 00:00:00-04:00,156.24988301784515,158.14040530097174,155.36896131519185,156.9922332763672,3585900,0.0,0.0
2026-03-13 00:00:00-04:00,158.23938209432924,158.96194724680805,156.26968900194862,157.5762176513672,2483700,0.0,0.0
2026-03-16 00:00:00-04:00,159.18959313026113,159.8923429255299,158.23937814274052,159.84286499023438,3066900,0.0,0.0
2026-03-17 00:00:00-04:00,160.12089045969924,161.7295419989515,159.03852652654663,159.69390869140625,2095500,0.52,0.0
2026-03-18 00:00:00-04:00,158.0455354192341,158.83993669934785,155.79142614309538,156.05953979492188,2938100,0.0,0.0
2026-03-19 00:00:00-04:00,155.84107782718158,158.05545868816984,154.8679442215367,157.39015197753906,3286700,0.0,0.0
2026-03-20 00:00:00-04:00,157.995879312231,158.27391748187253,156.5957487888581,157.3206329345703,4516000,0.0,0.0
2026-03-23 00:00:00-04:00,158.16468391282106,158.64131860083933,155.43394003980697,156.0694580078125,3290500,0.0,0.0
2026-03-24 00:00:00-04:00,155.41408338059094,155.93044648962535,152.90180010770854,154.7289276123047,3106600,0.0,0.0
2026-03-25 00:00:00-04:00,155.56304948064812,156.9333762337852,152.50461423205547,155.7318572998047,4118800,0.0,0.0
2026-03-26 00:00:00-04:00,155.07647150163422,156.27800555990333,154.44095348746026,154.86795043945312,3031300,0.0,0.0
2026-03-27 00:00:00-04:00,154.5998404694591,155.39424179412595,151.3130199511957,151.60098266601562,2702200,0.0,0.0
2026-03-30 00:00:00-04:00,153.1103357171332,156.148906610651,152.8223578653221,155.84107971191406,2928500,0.0,0.0
2026-03-31 00:00:00-04:00,156.98302148737037,157.82707569385786,154.8182935160126,156.17869567871094,3754900,0.0,0.0
2026-04-01 00:00:00-04:00,155.67227402214047,157.39015602517043,154.15298855468396,156.9730987548828,2789300,0.0,0.0
2026-04-02 00:00:00-04:00,157.02274544255388,162.5040823360918,156.93336412594172,161.83877563476562,4308400,0.0,0.0
2026-04-06 00:00:00-04:00,162.12675108044238,165.83062854124452,162.12675108044238,165.2248992919922,2348200,0.0,0.0
2026-04-07 00:00:00-04:00,165.56251032326813,166.60516098931984,164.81776201208024,165.13552856445312,2568700,0.0,0.0
2026-04-08 00:00:00-04:00,164.26169706825425,167.02222978733096,162.6530454533526,166.61509704589844,2509900,0.0,0.0
2026-04-09 00:00:00-04:00,166.356910984381,166.5753717004058,160.52801907066967,160.83584594726562,3434300,0.0,0.0
2026-04-10 00:00:00-04:00,159.9421587744604,161.4713686799797,156.6751876120266,159.47544860839844,2754500,0.0,0.0
2026-04-13 00:00:00-04:00,159.34636160690974,163.45737198129112,159.34636160690974,163.1594696044922,1871600,0.0,0.0
2026-04-14 00:00:00-04:00,162.31541987881616,163.01051527769687,160.37906213286826,160.9053497314453,2684500,0.0,0.0
2026-04-15 00:00:00-04:00,162.0473284258709,164.63905353016594,161.19334963264103,163.91416931152344,2001800,0.0,0.0
2026-04-16 00:00:00-04:00,163.91415795429063,164.72840829033206,161.75933934416025,162.6033935546875,2847500,0.0,0.0
2026-04-17 00:00:00-04:00,162.85163023651407,163.17932131071095,158.72075597941418,160.1109619140625,4881700,0.0,0.0
2026-04-20 00:00:00-04:00,160.27978337445555,161.85864628766612,159.17755517709367,159.48538208007812,2752600,0.0,0.0
2026-04-21 00:00:00-04:00,159.77333536478955,160.79612185722286,157.1915502501976,157.5192413330078,3103800,0.0,0.0
2026-04-22 00:00:00-04:00,158.47251364856442,159.16760907108323,156.9532282422219,157.70791625976562,2239000,0.0,0.0
2026-04-23 00:00:00-04:00,157.0525351992842,158.1348991614739,154.2224854172495,156.37728881835938,2593800,0.0,0.0
2026-04-24 00:00:00-04:00,155.30485133815586,157.82707425926304,154.73885046577684,157.3404998779297,2975100,0.0,0.0
2026-04-27 00:00:00-04:00,158.30371914279326,158.3235833428038,155.77157153549658,155.85101318359375,2956900,0.0,0.0
2026-04-28 00:00:00-04:00,157.7873362028362,158.57181290937345,154.9573017102935,155.20555114746094,2772000,0.0,0.0
2026-04-29 00:00:00-04:00,153.91465892958115,155.3545027085336,152.88194788490898,155.09632873535156,2794900,0.0,0.0
2026-04-30 00:00:00-04:00,153.9742348765521,160.21025978492685,151.43216295873611,156.98301696777344,5847300,0.0,0.0
2026-05-01 00:00:00-04:00,157.9462305252863,159.87264871674324,153.6564878300344,153.66641235351562,3222600,0.0,0.0
2026-05-04 00:00:00-04:00,153.21955934725807,157.46958860196068,153.21955934725807,155.34457397460938,3988100,0.0,0.0
2026-05-05 00:00:00-04:00,155.91058526621092,156.3077934930274,152.37551538323945,154.1927032470703,4650500,0.0,0.0
2026-05-06 00:00:00-04:00,154.1827830133705,154.75872359432097,152.2265760037104,152.32586669921875,3104400,0.0,0.0
2026-05-07 00:00:00-04:00,151.35271217306277,155.25520113057848,151.28321021098012,155.01687622070312,3549700,0.0,0.0
2026-05-08 00:00:00-04:00,154.98710159084976,155.87086904472605,152.5145315639188,154.7289276123047,2952900,0.0,0.0
2026-05-11 00:00:00-04:00,153.97423641913815,156.75463328908364,152.9713140959979,156.7149200439453,2886900,0.0,0.0
2026-05-12 00:00:00-04:00,157.0028767649564,157.78733833012657,154.26220839637787,154.71897888183594,2810400,0.0,0.0
2026-05-13 00:00:00-04:00,153.68627573089628,154.5303147806169,151.60097426322105,153.716064453125,2097900,0.0,0.0
2026-05-14 00:00:00-04:00,154.7289292569365,154.90766159353416,152.9315904556859,154.62962341308594,1989700,0.0,0.0
2026-05-15 00:00:00-04:00,155.27506445302924,155.90065792900987,152.96137771139087,153.27914428710938,2191100,0.0,0.0
2026-05-18 00:00:00-04:00,153.2493404795075,156.07937490019714,152.56416962601062,154.89772033691406,3265400,0.0,0.0
2026-05-19 00:00:00-04:00,155.54316688326583,156.28791519542753,153.0010950687315,153.0308837890625,3486300,0.0,0.0
2026-05-20 00:00:00-04:00,152.1471235508453,152.66348664743032,150.45903032763943,150.62783813476562,3770400,0.0,0.0
2026-05-21 00:00:00-04:00,149.3170771349579,150.77678514046227,148.62198169232352,150.4292449951172,4174900,0.0,0.0
2026-05-22 00:00:00-04:00,150.22071123972245,152.64362838099933,150.10155634816604,151.8988800048828,2827800,0.0,0.0
2026-05-26 00:00:00-04:00,151.49174380047063,151.73999325351335,148.91988310341478,149.58518981933594,2955700,0.0,0.0
2026-05-27 00:00:00-04:00,148.81064098698175,149.49581184758534,147.07289495290607,148.6616973876953,3525800,0.0,0.0
2026-05-28 00:00:00-04:00,147.98646559524593,149.3965206975421,146.85444867357467,147.26158142089844,3994700,0.0,0.0
2026-05-29 00:00:00-04:00,146.7650748638315,148.99931986806186,146.06997944845966,146.81472778320312,8078200,0.0,0.0
2026-06-01 00:00:00-04:00,146.97359258569978,147.83751093776894,142.00860379979343,143.94496154785156,5439900,0.0,0.0
2026-06-02 00:00:00-04:00,144.25280461605163,144.37195951166285,135.7130168851961,141.38304138183594,9903900,0.0,0.0
2026-06-03 00:00:00-04:00,140.99576580915792,141.00569033265043,135.94139539372824,137.4805450439453,5909700,0.0,0.0
2026-06-04 00:00:00-04:00,140.74751043104567,143.47825431904448,140.15170570379576,141.0652618408203,4707700,0.0,0.0
2026-06-05 00:00:00-04:00,141.60148940917907,142.21714318381103,138.0266913424111,140.50918579101562,5650000,0.0,0.0
2026-06-08 00:00:00-04:00,140.01268229753353,140.01268229753353,137.43088209509963,138.0763397216797,6302200,0.0,0.0
2026-06-09 00:00:00-04:00,137.53020040580878,141.47240303031856,136.93439564291194,140.5687713623047,5706700,0.0,0.0
2026-06-10 00:00:00-04:00,140.9461176891676,141.4823298629701,139.06935235294176,139.35731506347656,3296500,0.0,0.0
2026-06-11 00:00:00-04:00,139.21827912502906,140.4793904883818,137.76851092005356,138.00682067871094,3079400,0.0,0.0
2026-06-12 00:00:00-04:00,138.48347500169155,139.81408837059357,136.79536667929625,139.5459747314453,3172100,0.0,0.0
2026-06-15 00:00:00-04:00,139.54596787563844,141.7486500983222,139.22703634049915,139.63568115234375,3519500,0.52,0.0
2026-06-16 00:00:00-04:00,140.58253410410165,141.5293825655373,137.004435758227,140.811767578125,4735900,0.0,0.0
2026-06-17 00:00:00-04:00,139.3765365286345,140.32338498276945,133.28678577377195,134.14393615722656,6811200,0.0,0.0
2026-06-18 00:00:00-04:00,135.73863623036885,136.3266771794146,132.39973284757275,133.43629455566406,6109400,0.0,0.0
2026-06-22 00:00:00-04:00,132.23030279663556,133.89476625180393,129.39971878454867,130.9047088623047,5650200,0.0,0.0
2026-06-23 00:00:00-04:00,133.15723695955066,133.40640842451373,131.6323088106342,132.55921936035156,4574900,0.0,0.0
2026-06-24 00:00:00-04:00,132.55921558889102,132.82832502169606,129.4595220446115,129.58909606933594,3748900,0.0,0.0
2026-06-25 00:00:00-04:00,129.62895517344398,129.7684905797619,123.91794968942068,124.0774154663086,6538100,0.0,0.0
2026-06-26 00:00:00-04:00,125.91131612524084,127.43624414850575,123.32989600679117,123.44950103759766,5996600,0.0,0.0
2026-06-29 00:00:00-04:00,125.58241049381566,125.98108633366549,121.38636419853921,122.50265502929688,6593500,0.0,0.0
2026-06-30 00:00:00-04:00,121.89467516359696,124.13721819118808,121.3963322685767,122.70198822021484,7116500,0.0,0.0
2026-07-01 00:00:00-04:00,123.64884063492603,128.27346224033772,123.20033505670271,126.30999755859375,5893600,0.0,0.0
2026-07-02 00:00:00-04:00,129.07081631362863,132.56917813798128,128.00435516460564,132.54925537109375,4601700,0.0,0.0
2026-07-06 00:00:00-04:00,133.2568940642873,135.05093162194217,131.22366163775786,134.462890625,7583700,0.0,0.0
2026-07-07 00:00:00-04:00,134.15391264089877,137.68217362546366,134.15391264089877,135.99777221679688,4311100,0.0,0.0
2026-07-08 00:00:00-04:00,135.19046496773365,138.07088639947287,134.5027493137796,136.71539306640625,4791300,0.0,0.0
2026-07-09 00:00:00-04:00,134.4329827156928,134.8416123267688,131.0841178904835,134.66221618652344,5106800,0.0,0.0
2026-07-10 00:00:00-04:00,135.79844626240313,136.03765633995263,133.72533788163116,134.8117218017578,3013600,0.0,0.0
2026-07-13 00:00:00-04:00,135.54926642652944,137.7818480543955,135.13066022284545,137.21372985839844,3061800,0.0,0.0
2026-07-14 00:00:00-04:00,135.38979257683442,138.46954798414149,135.03098508804595,137.1539306640625,3802000,0.0,0.0
2026-07-15 00:00:00-04:00,138.53932870055652,141.03104324553055,137.8017757202855,139.3765411376953,3157800,0.0,0.0
2026-07-16 00:00:00-04:00,140.53270064323505,141.92805470817828,138.74863971675632,141.29017639160156,2805900,0.0,0.0
2026-07-17 00:00:00-04:00,142.02772488768156,144.07093379613042,138.61906131536338,139.18716430664062,3152400,0.0,0.0
2026-07-20 00:00:00-04:00,137.9213847107589,141.67887919524244,137.3034291783672,141.10081481933594,3995300,0.0,0.0
2026-07-21 00:00:00-04:00,138.94797167154667,140.38320166350925,137.93134789253676,138.21041870117188,2284100,0.0,0.0
2026-07-22 00:00:00-04:00,140.03436139510276,143.01445755028482,139.49615772975577,142.05763244628906,3541800,0.0,0.0
2026-07-23 00:00:00-04:00,141.57922288614492,143.3931831589131,141.21043879346536,142.73538208007812,3261300,0.0,0.0
2026-07-24 00:00:00-04:00,143.2536533078301,145.62577050318347,142.30680478968944,145.30682373046875,3614700,0.0,0.0
2026-07-27 00:00:00-04:00,146.2636421662536,148.23707580566406,144.40980595704423,148.23707580566406,4314300,0.0,0.0
2026-07-28 00:00:00-04:00,148.0377361213553,152.70223343070518,147.60916854043177,152.21385192871094,6963900,0.0,0.0
2026-07-29 00:00:00-04:00,151.68562223607435,154.785315843855,151.03776730739887,153.76869201660156,4434200,0.0,0.0
2026-07-30 00:00:00-04:00,154.51619461705954,158.0245328064364,150.55935087018307,155.75209045410156,7991600,0.0,0.0
2026-07-31 00:00:00-04:00,154.50623023068604,155.17400786255385,151.07762879501664,151.97463989257812,5667800,0.0,0.0
2026-08-03 00:00:00-04:00,153.8583800820527,154.03779143199722,150.1208083805721,151.29690551757812,5682400,0.0,0.0
2026-08-04 00:00:00-04:00,149.5427330649243,150.9381023315454,147.19055393203254,148.7055206298828,3819500,0.0,0.0
2026-08-05 00:00:00-04:00,149.50287242841435,150.11085138461866,147.09089457822216,149.34339904785156,4533400,0.0,0.0
2026-08-06 00:00:00-04:00,150.17064170157832,151.23710276520126,146.98125030979116,149.25369262695312,5233100,0.0,0.0
2026-08-07 00:00:00-04:00,149.50287109897087,152.81187527923962,149.4131730262839,149.8018798828125,3132100,0.0,0.0
2026-08-10 00:00:00-04:00,149.6922457480666,151.89491289379586,149.2537015539254,150.04107666015625,2687200,0.0,0.0
2026-08-11 00:00:00-04:00,149.64241162816077,151.1573783654781,149.04439403999842,150.7487335205078,5117000,0.0,0.0
2026-08-12 00:00:00-04:00,150.27031909068478,151.39656367886099,148.92478720635148,150.82846069335938,2037400,0.0,0.0
2026-08-13 00:00:00-04:00,151.31684601983827,154.9049057882784,150.71882845432233,154.7255096435547,2364000,0.0,0.0
2026-08-14 00:00:00-04:00,154.7255131080516,154.94478520643597,152.75206422259217,154.21719360351562,1634000,0.0,0.0
2026-08-17 00:00:00-04:00,153.5095517928265,155.60258285632878,153.48961381844504,153.798583984375,2639600,0.0,0.0
2026-08-18 00:00:00-04:00,155.80193464786217,157.6358329062838,154.4265033499366,155.66238403320312,3619700,0.0,0.0
2026-08-19 00:00:00-04:00,155.78200020395943,159.1109272675002,154.48630556723558,156.71888732910156,3757100,0.0,0.0
2026-08-20 00:00:00-04:00,155.9115523751385,159.97803226363132,155.69229549072602,158.08433532714844,4522300,0.0,0.0
2026-08-21 00:00:00-04:00,159.46973413275194,161.54284250146398,159.02122854714736,160.71559143066406,3665400,0.0,0.0
2026-08-24 00:00:00-04:00,160.99466109640034,162.48968984319404,160.05777398176127,162.4498291015625,3641800,0.0,0.0
2026-08-25 00:00:00-04:00,160.94482665284775,162.4199326594196,159.31026246866793,161.24383544921875,2119800,0.0,0.0
2026-08-26 00:00:00-04:00,160.62588608850257,162.75879307770705,160.43651335447208,161.38336181640625,1998900,0.0,0.0
2026-08-27 00:00:00-04:00,161.31360640125777,162.84849587578103,160.40661865311196,160.70562744140625,3119500,0.0,0.0
2026-08-28 00:00:00-04:00,161.87174413513102,162.41992436578298,160.8252210053806,161.79200744628906,3000900,0.0,0.0
2026-08-31 00:00:00-04:00,160.97471723523788,162.11093843292502,157.2371455049225,160.1674041748047,4121700,0.0,0.0
2026-09-01 00:00:00-04:00,160.05776939199325,160.75544641218016,157.44645745577148,159.07106018066406,2696900,0.0,0.0
2026-09-02 00:00:00-04:00,158.3434670795293,159.44978891817362,156.42983218180746,157.3268585205078,3192900,0.0,0.0
2026-09-03 00:00:00-04:00,158.98134426921408,164.11428519266852,158.50293935017703,164.0445098876953,4676900,0.0,0.0
2026-09-04 00:00:00-04:00,161.60262849644513,162.02123469060297,160.51624466816278,160.7255401611328,3184100,0.0,0.0
2026-09-08 00:00:00-04:00,159.46973384844645,160.09765079210476,157.06771733238168,157.23715209960938,5726000,0.0,0.0
2026-09-09 00:00:00-04:00,156.97800901370306,157.47635189946087,155.35340633950292,155.9813232421875,3006300,0.0,0.0
2026-09-10 00:00:00-04:00,156.01122460049717,157.2271824740059,154.7653673701168,155.29360961914062,3298700,0.0,0.0
2026-09-11 00:00:00-04:00,156.9481169820118,157.78532941918544,154.43646446227228,156.8783416748047,2486900,0.0,0.0
2026-09-14 00:00:00-04:00,159.31025782425,159.99797347338838,156.439813004141,157.22718811035156,2315100,0.0,0.0
2026-09-15 00:00:00-04:00,156.11089541880338,156.97800716317025,154.98463564363792,156.37998962402344,2191400,0.0,0.0
2026-09-16 00:00:00-04:00,155.7899932861328,156.5800018310547,152.3000030517578,154.10000610351562,2896700,0.52,0.0
2026-09-17 00:00:00-04:00,154.3000030517578,154.3000030517578,152.61000061035156,153.3000030517578,3098900,0.0,0.0
2026-09-18 00:00:00-04:00,152.47000122070312,156.0500030517578,152.0800018310547,155.47000122070312,4298100,0.0,0.0
2026-09-21 00:00:00-04:00,156.22000122070312,157.22000122070312,154.25999450683594,155.3699951171875,2986900,0.0,0.0
2026-09-22 00:00:00-04:00,155.9199981689453,155.9199981689453,152.50999450683594,152.92999267578125,2700800,0.0,0.0
2026-09-23 00:00:00-04:00,152.2899932861328,157.77000427246094,151.4199981689453,156.35000610351562,3042100,0.0,0.0
2026-09-24 00:00:00-04:00,156.74000549316406,157.1999969482422,154.8699951171875,156.92999267578125,2683500,0.0,0.0
2026-09-25 00:00:00-04:00,156.5800018310547,158.0800018310547,152.9499969482422,154.30999755859375,2506300,0.0,0.0
2026-09-28 00:00:00-04:00,153.67999267578125,155.4600067138672,152.50999450683594,152.91000366210938,2346900,0.0,0.0
2026-09-29 00:00:00-04:00,153.00999450683594,154.80999755859375,151.5500030517578,152.19000244140625,1913300,0.0,0.0
2026-09-30 00:00:00-04:00,152.27000427246094,153.85000610351562,151.5800018310547,152.02999877929688,2786600,0.0,0.0
2026-10-01 00:00:00-04:00,152.63999938964844,153.30999755859375,150.57000732421875,151.47000122070312,2755100,0.0,0.0
2026-10-02 00:00:00-04:00,151.11000061035156,151.55999755859375,149.25999450683594,150.14999389648438,1955900,0.0,0.0
