Date,Open,High,Low,Close,Volume,Dividends,Stock Splits
1996-02-01 00:00:00-05:00,1.1521473066000227,1.1521473066000227,1.134422050318312,1.1432846784591675,13718164,0.0,0.0
1996-02-02 00:00:00-05:00,1.1432850199307798,1.152147650718689,1.1344223891428709,1.152147650718689,3828860,0.0,0.0
1996-02-05 00:00:00-05:00,1.152147441392231,1.152147441392231,1.1344221830368042,1.1344221830368042,908190,0.0,0.0
1996-02-06 00:00:00-05:00,1.1344221830368042,1.152147441392231,1.1344221830368042,1.1344221830368042,509419,0.0,0.0
1996-02-07 00:00:00-05:00,1.1344221830368042,1.152147441392231,1.1344221830368042,1.1344221830368042,366453,0.0,0.0
1996-02-08 00:00:00-05:00,1.1344221830368042,1.152147441392231,1.1344221830368042,1.1344221830368042,794803,0.0,0.0
1996-02-09 00:00:00-05:00,1.1344221830368042,1.152147441392231,1.1344221830368042,1.1344221830368042,515992,0.0,0.0
1996-02-12 00:00:00-05:00,1.1344221830368042,1.152147441392231,1.1344221830368042,1.1344221830368042,351664,0.0,0.0
1996-02-13 00:00:00-05:00,1.1344221830368042,1.152147441392231,1.1344221830368042,1.1344221830368042,216914,0.0,0.0
1996-02-14 00:00:00-05:00,1.1344221830368042,1.152147441392231,1.1344221830368042,1.1344221830368042,460121,0.0,0.0
1996-02-15 00:00:00-05:00,1.1344221830368042,1.1344221830368042,1.1344221830368042,1.1344221830368042,250875,0.0,0.0
1996-02-16 00:00:00-05:00,1.13442184928623,1.15214710242683,1.1166965961456299,1.1166965961456299,491891,0.0,0.0
1996-02-20 00:00:00-05:00,1.116696869160913,1.1344221266350671,1.0280702114105225,1.0280702114105225,769606,0.0,0.0
1996-02-21 00:00:00-05:00,1.0280702114105225,1.0635207263588307,1.0280702114105225,1.0280702114105225,581176,0.0,0.0
1996-02-22 00:00:00-05:00,1.0280702114105225,1.0635207263588307,1.0280702114105225,1.0280702114105225,251971,0.0,0.0
1996-02-23 00:00:00-05:00,1.0280701836778214,1.0635206976698346,1.0280701836778214,1.0457954406738281,486413,0.0,0.0
1996-02-26 00:00:00-05:00,1.0635207603687458,1.098971646830344,1.0457955023277627,1.081246018409729,218557,0.0,0.0
1996-02-27 00:00:00-05:00,1.0812457194849001,1.1166965961456299,1.0812457194849001,1.1166965961456299,1286146,0.0,0.0
1996-02-28 00:00:00-05:00,1.0989712476730347,1.1166964992760298,1.0812456256905423,1.0989712476730347,219105,0.0,0.0
1996-02-29 00:00:00-05:00,1.116696820842264,1.1344220775494593,1.0989715641350688,1.1255594491958618,289219,0.0,0.0
1996-03-01 00:00:00-05:00,1.1166969246813774,1.1344221830368042,1.1166969246813774,1.1344221830368042,528591,0.0,0.0
1996-03-04 00:00:00-05:00,1.1166965961456299,1.13442184928623,1.1166965961456299,1.1166965961456299,477649,0.0,0.0
1996-03-05 00:00:00-05:00,1.1166965961456299,1.13442184928623,1.1166965961456299,1.1166965961456299,175284,0.0,0.0
1996-03-06 00:00:00-05:00,1.1166968099181256,1.1166968099181256,1.0635206699371338,1.0635206699371338,1273548,0.0,0.0
1996-03-07 00:00:00-05:00,1.0635204199663881,1.098971295081179,1.0635204199663881,1.0723830461502075,612946,0.0,0.0
1996-03-08 00:00:00-05:00,1.0635208669457055,1.0812461267629625,1.0103446245193481,1.0103446245193481,657315,0.0,0.0
1996-03-11 00:00:00-05:00,1.0457954688846767,1.0457954688846767,1.0103444909618433,1.0280702114105225,346186,0.0,0.0
1996-03-12 00:00:00-05:00,1.0280701568695394,1.0635206699371338,1.0280701568695394,1.0635206699371338,297435,0.0,0.0
1996-03-13 00:00:00-05:00,1.0280701568695394,1.0635206699371338,1.0280701568695394,1.0635206699371338,135845,0.0,0.0
1996-03-14 00:00:00-05:00,1.0546580976217537,1.0635207263588307,1.0280702114105225,1.0280702114105225,405892,0.0,0.0
1996-03-15 00:00:00-05:00,1.0280702114105225,1.0457954688846767,1.0280702114105225,1.0280702114105225,58063,0.0,0.0
1996-03-18 00:00:00-05:00,1.0280702114105225,1.0812459838329846,1.0280702114105225,1.0280702114105225,278263,0.0,0.0
1996-03-19 00:00:00-05:00,1.0280702442867795,1.081246018409729,1.0280702442867795,1.081246018409729,21911,0.0,0.0
1996-03-20 00:00:00-05:00,1.0812459838329846,1.0812459838329846,1.0103444909618433,1.0280702114105225,1378170,0.0,0.0
1996-03-21 00:00:00-05:00,1.0103444637073025,1.0457954406738281,1.0103444637073025,1.0457954406738281,24102,0.0,0.0
1996-03-22 00:00:00-05:00,1.0103446245193481,1.03693297721982,1.0103446245193481,1.0103446245193481,72305,0.0,0.0
1996-03-25 00:00:00-05:00,1.045795864499174,1.045795864499174,0.974894344806671,0.9748943448066711,204315,0.0,0.0
1996-03-26 00:00:00-05:00,0.974894344806671,1.0103448731655724,0.974894344806671,0.9748943448066711,1286146,0.0,0.0
1996-03-27 00:00:00-05:00,1.0103446245193481,1.0103446245193481,0.9748941048848341,1.0103446245193481,119960,0.0,0.0
1996-03-28 00:00:00-05:00,0.9926192334876893,1.0635207263588307,0.9926192334876893,1.0280702114105225,1144824,0.0,0.0
1996-03-29 00:00:00-05:00,1.0635207603687458,1.081246018409729,1.0280702442867795,1.081246018409729,53133,0.0,0.0
1996-04-01 00:00:00-05:00,1.0812456256905423,1.134421750879025,1.0812456256905423,1.0989712476730347,124342,0.0,0.0
1996-04-02 00:00:00-05:00,1.0989712476730347,1.1166964992760298,1.0989712476730347,1.0989712476730347,59706,0.0,0.0
1996-04-03 00:00:00-05:00,1.0989712476730347,1.1166964992760298,1.0989712476730347,1.0989712476730347,78330,0.0,0.0
1996-04-04 00:00:00-05:00,1.0989712476730347,1.1166964992760298,1.0989712476730347,1.0989712476730347,46012,0.0,0.0
1996-04-08 00:00:00-04:00,1.081246018409729,1.098971646830344,1.081246018409729,1.081246018409729,61897,0.0,0.0
1996-04-09 00:00:00-04:00,1.0989714433743856,1.0989714433743856,1.028070053957013,1.0546579360961914,72305,0.0,0.0
1996-04-10 00:00:00-04:00,1.0280702114105225,1.0635207263588307,1.0280702114105225,1.0280702114105225,33414,0.0,0.0
1996-04-11 00:00:00-04:00,1.036932785136438,1.0635206699371338,1.0280701568695394,1.0635206699371338,182405,0.0,0.0
1996-04-12 00:00:00-04:00,1.0635206976698346,1.0635206976698346,1.0280701836778214,1.0457954406738281,69566,0.0,0.0
1996-04-15 00:00:00-04:00,1.0280701974256568,1.0457954546586938,1.0280701974256568,1.0369328260421753,343447,0.0,0.0
1996-04-16 00:00:00-04:00,1.0280701568695394,1.0635206699371338,1.0280701568695394,1.0635206699371338,85451,0.0,0.0
1996-04-17 00:00:00-04:00,1.0635207263588307,1.0635207263588307,1.0280702114105225,1.0280702114105225,110648,0.0,0.0
1996-04-18 00:00:00-04:00,1.0280702114105225,1.0546580976217537,1.0280702114105225,1.0280702114105225,409179,0.0,0.0
1996-04-19 00:00:00-04:00,1.028070053957013,1.0635205634759175,1.028070053957013,1.0546579360961914,162685,0.0,0.0
1996-04-22 00:00:00-04:00,1.0280701568695394,1.0635206699371338,1.0280701568695394,1.0635206699371338,122699,0.0,0.0
1996-04-23 00:00:00-04:00,1.0635207263588307,1.0635207263588307,1.0280702114105225,1.0280702114105225,28484,0.0,0.0
1996-04-24 00:00:00-04:00,1.0280701568695394,1.0635206699371338,1.0280701568695394,1.0635206699371338,81069,0.0,0.0
1996-04-25 00:00:00-04:00,1.0280701568695394,1.0635206699371338,1.0280701568695394,1.0635206699371338,30675,0.0,0.0
1996-04-26 00:00:00-04:00,1.0635207263588307,1.0635207263588307,1.0280702114105225,1.0280702114105225,20267,0.0,0.0
1996-04-29 00:00:00-04:00,1.0280701836778214,1.081245954665841,1.0280701836778214,1.0457954406738281,53681,0.0,0.0
1996-04-30 00:00:00-04:00,1.0635205829034586,1.1875981092453003,1.0635205829034586,1.1875981092453003,417943,0.0,0.0
1996-05-01 00:00:00-04:00,1.1698726997476578,1.1875983284827232,1.1344221830368042,1.1344221830368042,419586,0.0,0.0
1996-05-02 00:00:00-04:00,1.1875983284827232,1.1875983284827232,1.1344221830368042,1.1344221830368042,469980,0.0,0.0
1996-05-03 00:00:00-04:00,1.1344217798249994,1.1875979063703272,1.1344217798249994,1.1698722839355469,251423,0.0,0.0
1996-05-06 00:00:00-04:00,1.1875981092453003,1.1875981092453003,1.134421973616001,1.1875981092453003,188978,0.0,0.0
1996-05-07 00:00:00-04:00,1.1698726997476578,1.1875983284827232,1.1344221830368042,1.1344221830368042,357689,0.0,0.0
1996-05-08 00:00:00-04:00,1.134421973616001,1.1875981092453003,1.134421973616001,1.1875981092453003,278811,0.0,0.0
1996-05-09 00:00:00-04:00,1.152147650718689,1.187598544250031,1.152147650718689,1.152147650718689,149539,0.0,0.0
1996-05-10 00:00:00-04:00,1.1521472040184237,1.223048593212146,1.1521472040184237,1.205323338508606,569673,0.0,0.0
1996-05-13 00:00:00-04:00,1.2230491638183594,1.2230491638183594,1.1698730045191608,1.2230491638183594,175284,0.0,0.0
1996-05-14 00:00:00-04:00,1.2230486194117864,1.2230486194117864,1.1698724837824872,1.1875981092453003,336326,0.0,0.0
1996-05-15 00:00:00-04:00,1.2407735586166382,1.2584988091873546,1.205323057475205,1.2407735586166382,507776,0.0,0.0
1996-05-16 00:00:00-04:00,1.205323338508606,1.205323338508606,1.1698724587219638,1.205323338508606,69018,0.0,0.0
1996-05-17 00:00:00-04:00,1.1698722380390678,1.205323111138312,1.1698722380390678,1.196460485458374,88738,0.0,0.0
1996-05-20 00:00:00-04:00,1.1698730045191608,1.2584996897646687,1.1698730045191608,1.2230491638183594,169806,0.0,0.0
1996-05-21 00:00:00-04:00,1.2053239008452048,1.2584996897646687,1.2053239008452048,1.2230491638183594,277716,0.0,0.0
1996-05-22 00:00:00-04:00,1.2407735586166382,1.2407735586166382,1.205323057475205,1.2407735586166382,173641,0.0,0.0
1996-05-23 00:00:00-04:00,1.2407735586166382,1.2762245227324158,1.205323057475205,1.2407735586166382,473267,0.0,0.0
1996-05-24 00:00:00-04:00,1.2939501601704664,1.3648515540310229,1.2762249043002238,1.32053804397583,467789,0.0,0.0
1996-05-28 00:00:00-04:00,1.3294009578653492,1.3471265879279646,1.2939504384994507,1.2939504384994507,350020,0.0,0.0
1996-05-29 00:00:00-04:00,1.329400897026062,1.3471265262774739,1.3116756381542993,1.329400897026062,249232,0.0,0.0
1996-05-30 00:00:00-04:00,1.3294005645739775,1.3471261893926239,1.3116753101348877,1.3116753101348877,483674,0.0,0.0
1996-05-31 00:00:00-04:00,1.3471265262774739,1.3471265262774739,1.3116756381542993,1.329400897026062,213627,0.0,0.0
1996-06-03 00:00:00-04:00,1.3471261893926239,1.3471261893926239,1.3116753101348877,1.3116753101348877,411917,0.0,0.0
1996-06-04 00:00:00-04:00,1.329400897026062,1.329400897026062,1.329400897026062,1.329400897026062,188430,0.0,0.0
1996-06-05 00:00:00-04:00,1.3471261893926239,1.3471261893926239,1.3116753101348877,1.3116753101348877,163781,0.0,0.0
1996-06-06 00:00:00-04:00,1.3471265262774739,1.3471265262774739,1.3116756381542993,1.329400897026062,256901,0.0,0.0
1996-06-07 00:00:00-04:00,1.3116753101348877,1.3116753101348877,1.3116753101348877,1.3116753101348877,26840,0.0,0.0
1996-06-10 00:00:00-04:00,1.3471261262893677,1.3471261262893677,1.3205378754966464,1.3471261262893677,333040,0.0,0.0
1996-06-11 00:00:00-04:00,1.3471261262893677,1.3471261262893677,1.3116752486922523,1.3471261262893677,19719,0.0,0.0
1996-06-12 00:00:00-04:00,1.3471261262893677,1.3471261262893677,1.3116752486922523,1.3471261262893677,247589,0.0,0.0
1996-06-13 00:00:00-04:00,1.3471261893926239,1.3471261893926239,1.3116753101348877,1.3116753101348877,589392,0.0,0.0
1996-06-14 00:00:00-04:00,1.3116756381542993,1.3471265262774739,1.3116756381542993,1.329400897026062,33414,0.0,0.0
1996-06-17 00:00:00-04:00,1.3116752486922523,1.3471261262893677,1.3116752486922523,1.3471261262893677,107909,0.0,0.0
1996-06-18 00:00:00-04:00,1.3116753101348877,1.3648514438317136,1.3116753101348877,1.3116753101348877,433828,0.0,0.0
1996-06-19 00:00:00-04:00,1.3382631917935224,1.3648514438317136,1.3116753101348877,1.3116753101348877,257996,0.0,0.0
1996-06-20 00:00:00-04:00,1.3116752252952972,1.3648513555526733,1.3116752252952972,1.3648513555526733,346734,0.0,0.0
1996-06-21 00:00:00-04:00,1.347126147025365,1.4180271625518799,1.347126147025365,1.4180271625518799,64088,0.0,0.0
1996-06-24 00:00:00-04:00,1.3825770616531372,1.4180275798487665,1.3825770616531372,1.3825770616531372,643073,0.0,0.0
1996-06-25 00:00:00-04:00,1.3825769144959599,1.4003021717071533,1.3825769144959599,1.4003021717071533,47108,0.0,0.0
1996-06-26 00:00:00-04:00,1.4003018621379024,1.418027115430517,1.3648513555526733,1.3648513555526733,197195,0.0,0.0
1996-06-27 00:00:00-04:00,1.3648514009069939,1.4180271625518799,1.3648514009069939,1.4180271625518799,300174,0.0,0.0
1996-06-28 00:00:00-04:00,1.400302252519825,1.4889289140701294,1.400302252519825,1.4889289140701294,108457,0.0,0.0
1996-07-01 00:00:00-04:00,1.4534777872496947,1.5243792533874512,1.4534777872496947,1.5243792533874512,89285,0.0,0.0
1996-07-02 00:00:00-04:00,1.5421044826507568,1.5775548911427075,1.5421044826507568,1.5421044826507568,288123,0.0,0.0
1996-07-03 00:00:00-04:00,1.5775554155043492,1.6839078800638563,1.559830159069264,1.6750452518463135,697849,0.0,0.0
1996-07-05 00:00:00-04:00,1.6307317018508911,1.6484569578671946,1.6307317018508911,1.6307317018508911,257996,0.0,0.0
1996-07-08 00:00:00-04:00,1.6661821603775022,1.6661821603775022,1.6307312869841961,1.6661821603775024,2161471,0.0,0.0
1996-07-09 00:00:00-04:00,1.6484573179105644,1.7725348778839343,1.6484573179105644,1.7548096179962158,388364,0.0,0.0
1996-07-10 00:00:00-04:00,1.7193584442138672,1.754809328520958,1.7193584442138672,1.7193584442138672,518183,0.0,0.0
1996-07-11 00:00:00-04:00,1.7193581932387503,1.754809072371068,1.7016329388623692,1.728220820426941,2221725,0.0,0.0
1996-07-12 00:00:00-04:00,1.7548088653486849,1.7548088653486849,1.7016327381134033,1.7016327381134033,57515,0.0,0.0
1996-07-15 00:00:00-04:00,1.701633708351996,1.7548098659072928,1.683908445960138,1.692771077156067,300722,0.0,0.0
1996-07-16 00:00:00-04:00,1.692770111970775,1.7016327381134033,1.6484566108781218,1.7016327381134033,548310,0.0,0.0
1996-07-17 00:00:00-04:00,1.6484565734863281,1.7016326995154203,1.6484565734863281,1.6484565734863281,8764,0.0,0.0
1996-07-18 00:00:00-04:00,1.6750448596855183,1.7016327381134033,1.66618223354289,1.7016327381134033,98049,0.0,0.0
1996-07-19 00:00:00-04:00,1.7016327381134033,1.7016327381134033,1.66618223354289,1.7016327381134033,149539,0.0,0.0
1996-07-22 00:00:00-04:00,1.666182623628771,1.7016331364989414,1.666182623628771,1.6750452518463135,2146133,0.0,0.0
1996-07-23 00:00:00-04:00,1.66618223354289,1.7016327381134033,1.66618223354289,1.7016327381134033,257448,0.0,0.0
1996-07-24 00:00:00-04:00,1.64845774091263,1.6661833757285007,1.6130072120404193,1.6174384355545044,185691,0.0,0.0
1996-07-25 00:00:00-04:00,1.6307313216031318,1.6484565734863281,1.6130060697199355,1.6484565734863281,114482,0.0,0.0
1996-07-26 00:00:00-04:00,1.6130060697199355,1.6484565734863281,1.6130060697199355,1.6484565734863281,188430,0.0,0.0
1996-07-29 00:00:00-04:00,1.6041434437783375,1.6484565734863281,1.6041434437783375,1.6484565734863281,50942,0.0,0.0
1996-07-30 00:00:00-04:00,1.6218686956615338,1.6484565734863281,1.5952806326469877,1.6484565734863281,548858,0.0,0.0
1996-07-31 00:00:00-04:00,1.6130060697199355,1.6484565734863281,1.6130060697199355,1.6484565734863281,58611,0.0,0.0
1996-08-01 00:00:00-04:00,1.6130062341690063,1.648456741549646,1.6130062341690063,1.6130062341690063,75043,0.0,0.0
1996-08-02 00:00:00-04:00,1.6484565734863281,1.6484565734863281,1.6130060697199355,1.6484565734863281,44917,0.0,0.0
1996-08-05 00:00:00-04:00,1.648456741549646,1.648456741549646,1.6130062341690063,1.6130062341690063,30127,0.0,0.0
1996-08-06 00:00:00-04:00,1.6130062341690063,1.648456741549646,1.6130062341690063,1.6130062341690063,2191,0.0,0.0
1996-08-07 00:00:00-04:00,1.6130060697199355,1.6484565734863281,1.6130060697199355,1.6484565734863281,267856,0.0,0.0
1996-08-08 00:00:00-04:00,1.6484565384911016,1.6661821603775022,1.6395939127376489,1.6661821603775024,201577,0.0,0.0
1996-08-09 00:00:00-04:00,1.6307317018508911,1.6661825842630877,1.6307317018508911,1.6307317018508911,124890,0.0,0.0
1996-08-12 00:00:00-04:00,1.6484569444183905,1.6661825706696705,1.639594316482544,1.639594316482544,105170,0.0,0.0
1996-08-13 00:00:00-04:00,1.6307317018508911,1.6661825842630877,1.6307317018508911,1.6307317018508911,42725,0.0,0.0
1996-08-14 00:00:00-04:00,1.6661821603775022,1.6661821603775022,1.6307312869841961,1.6661821603775024,70114,0.0,0.0
1996-08-15 00:00:00-04:00,1.6484565734863281,1.6661821957490277,1.6484565734863281,1.6484565734863281,6025,0.0,0.0
1996-08-16 00:00:00-04:00,1.6661821603775022,1.6661821603775022,1.6661821603775022,1.6661821603775024,41082,0.0,0.0
1996-08-19 00:00:00-04:00,1.66618223354289,1.7016327381134033,1.66618223354289,1.7016327381134033,16433,0.0,0.0
1996-08-20 00:00:00-04:00,1.719358970743854,1.719358970743854,1.683908445960138,1.692771077156067,426159,0.0,0.0
1996-08-21 00:00:00-04:00,1.6661821603775022,1.6661821603775022,1.6661821603775022,1.6661821603775024,37248,0.0,0.0
1996-08-22 00:00:00-04:00,1.7193579148982185,1.7193579148982185,1.6661821603775022,1.6661821603775024,163781,0.0,0.0
1996-08-23 00:00:00-04:00,1.719358970743854,1.719358970743854,1.683908445960138,1.692771077156067,197742,0.0,0.0
1996-08-26 00:00:00-04:00,1.7193579148982185,1.7193579148982185,1.6661821603775022,1.6661821603775024,1643,0.0,0.0
1996-08-27 00:00:00-04:00,1.7016326633913132,1.7193579148982185,1.6661821603775022,1.6661821603775024,23554,0.0,0.0
1996-08-28 00:00:00-04:00,1.7193584442138672,1.7193584442138672,1.7193584442138672,1.7193584442138672,11503,0.0,0.0
1996-08-29 00:00:00-04:00,1.6927704946240045,1.7193583790621194,1.6661826101858899,1.6839078664779663,27388,0.0,0.0
1996-08-30 00:00:00-04:00,1.666182673322645,1.7193584442138672,1.666182673322645,1.7193584442138672,1643,0.0,0.0
1996-09-03 00:00:00-04:00,1.6661821603775022,1.7193579148982185,1.6661821603775022,1.6661821603775024,9312,0.0,0.0
1996-09-04 00:00:00-04:00,1.66618223354289,1.7016327381134033,1.66618223354289,1.7016327381134033,241016,0.0,0.0
1996-09-05 00:00:00-04:00,1.6839074858281466,1.7016327381134033,1.6839074858281466,1.7016327381134033,8764,0.0,0.0
1996-09-06 00:00:00-04:00,1.737083701177608,1.737083701177608,1.7016331872501265,1.7193584442138672,94215,0.0,0.0
1996-09-09 00:00:00-04:00,1.772534966468811,1.772534966468811,1.719358813768434,1.772534966468811,12051,0.0,0.0
1996-09-10 00:00:00-04:00,1.7370831292277933,1.7991218785536944,1.7370831292277933,1.7813966274261475,67923,0.0,0.0
1996-09-11 00:00:00-04:00,1.8079852067753406,1.878886609220234,1.7725346907427093,1.8611613512039185,483674,0.0,0.0
1996-09-12 00:00:00-04:00,1.8611610865528037,1.878886342048645,1.8434358310569623,1.878886342048645,566386,0.0,0.0
1996-09-13 00:00:00-04:00,1.878886395522655,1.878886395522655,1.8434358835220337,1.8434358835220337,17528,0.0,0.0
1996-09-16 00:00:00-04:00,1.8966116515229656,1.8966116515229656,1.8434358835220337,1.8434358835220337,3287,0.0,0.0
1996-09-17 00:00:00-04:00,1.8434358835220337,1.8966116515229656,1.8434358835220337,1.8434358835220337,32866,0.0,0.0
1996-09-18 00:00:00-04:00,1.8966125266952298,1.949788689613342,1.8966125266952298,1.9497886896133423,58063,0.0,0.0
1996-09-19 00:00:00-04:00,1.9497875465702377,1.9675128003584388,1.9143370389938357,1.9143370389938354,75043,0.0,0.0
1996-09-20 00:00:00-04:00,1.9143372378630135,1.9497877491221598,1.9143372378630135,1.940925121307373,278263,0.0,0.0
1996-09-23 00:00:00-04:00,1.9320629229013233,1.9675134420394897,1.9320629229013233,1.9675134420394897,1096,0.0,0.0
1996-09-24 00:00:00-04:00,1.9675120202765979,1.9675120202765979,1.9143362799951844,1.9586493968963623,253066,0.0,0.0
1996-09-25 00:00:00-04:00,1.9852380857521097,2.0915905361233307,1.9852380857521097,2.0827279090881348,181309,0.0,0.0
1996-09-26 00:00:00-04:00,2.0915908268066734,2.162492223321462,2.073865570272876,2.1270413398742676,74496,0.0,0.0
1996-09-27 00:00:00-04:00,2.1270413398742676,2.162492223321462,2.1093160833404703,2.1270413398742676,31222,0.0,0.0
1996-09-30 00:00:00-04:00,2.1093161383436625,2.127041395339669,2.0915908813476562,2.0915908813476562,209245,0.0,0.0
1996-10-01 00:00:00-04:00,2.1093161383436625,2.127041395339669,2.0738656243516496,2.0915908813476562,325919,0.0,0.0
1996-10-02 00:00:00-04:00,2.0915910475023094,2.0915910475023094,2.038414716720581,2.038414716720581,103527,0.0,0.0
1996-10-03 00:00:00-04:00,2.0738656520843506,2.0738656520843506,2.0384145820488544,2.0738656520843506,134750,0.0,0.0
1996-10-04 00:00:00-04:00,2.0738657890982197,2.0738657890982197,2.038414716720581,2.038414716720581,70661,0.0,0.0
1996-10-07 00:00:00-04:00,2.0738656520843506,2.0738656520843506,2.0384145820488544,2.0738656520843506,165424,0.0,0.0
1996-10-08 00:00:00-04:00,2.0384146878310094,2.0738657597062153,2.0384146878310094,2.0561399459838867,61349,0.0,0.0
1996-10-09 00:00:00-04:00,2.0738657890982197,2.0738657890982197,2.038414716720581,2.038414716720581,148991,0.0,0.0
1996-10-10 00:00:00-04:00,2.038414716720581,2.0738657890982197,2.038414716720581,2.038414716720581,42178,0.0,0.0
1996-10-11 00:00:00-04:00,2.0738656520843506,2.0738656520843506,2.0206893248158173,2.0738656520843506,133106,0.0,0.0
1996-10-14 00:00:00-04:00,2.0561399459838867,2.0561399459838867,2.0561399459838867,2.0561399459838867,16433,0.0,0.0
1996-10-15 00:00:00-04:00,2.0738657890982197,2.0738657890982197,2.0206894583164914,2.038414716720581,10955,0.0,0.0
1996-10-16 00:00:00-04:00,2.0738656520843506,2.0738656520843506,2.0738656520843506,2.0738656520843506,9860,0.0,0.0
1996-10-17 00:00:00-04:00,2.0738656243516496,2.1093161383436625,2.0738656243516496,2.0915908813476562,19719,0.0,0.0
1996-10-18 00:00:00-04:00,2.109315872192383,2.109315872192383,2.056139552344681,2.109315872192383,32318,0.0,0.0
1996-10-21 00:00:00-04:00,2.109315872192383,2.109315872192383,2.109315872192383,2.109315872192383,1096,0.0,0.0
1996-10-22 00:00:00-04:00,2.056139552344681,2.109315872192383,2.056139552344681,2.109315872192383,24649,0.0,0.0
1996-10-23 00:00:00-04:00,2.109315872192383,2.109315872192383,2.109315872192383,2.109315872192383,548,0.0,0.0
1996-10-24 00:00:00-04:00,2.1093161383436625,2.1093161383436625,2.0738656243516496,2.0915908813476562,296887,0.0,0.0
1996-10-25 00:00:00-04:00,2.100453537933906,2.1093161665504248,2.0738656520843506,2.0738656520843506,21911,0.0,0.0
1996-10-28 00:00:00-05:00,2.08272774421123,2.1979422569274902,2.08272774421123,2.1979422569274902,190621,0.0,0.0
1996-10-29 00:00:00-05:00,2.215667486190796,2.2688436140101933,2.1624917287509136,2.215667486190796,107361,0.0,0.0
1996-10-30 00:00:00-05:00,2.215667486190796,2.215667486190796,2.215667486190796,2.215667486190796,8216,0.0,0.0
1996-10-31 00:00:00-05:00,2.1802174798552594,2.1802174798552594,2.1270413398742676,2.1270413398742676,116126,0.0,0.0
1996-11-01 00:00:00-05:00,2.1270408758792074,2.1979422569274902,2.1270408758792074,2.1979422569274902,66827,0.0,0.0
1996-11-04 00:00:00-05:00,2.1624917287509136,2.215667486190796,2.1624917287509136,2.215667486190796,44369,0.0,0.0
1996-11-05 00:00:00-05:00,2.2156672910838306,2.2156672910838306,2.162491538326493,2.1802167892456055,15337,0.0,0.0
1996-11-06 00:00:00-05:00,2.162492513656616,2.162492513656616,2.162492513656616,2.162492513656616,39439,0.0,0.0
1996-11-07 00:00:00-05:00,2.1270416254498032,2.162492513656616,2.1270416254498032,2.162492513656616,23006,0.0,0.0
1996-11-08 00:00:00-05:00,2.1802167892456055,2.1802167892456055,2.1802167892456055,2.1802167892456055,548,0.0,0.0
1996-11-11 00:00:00-05:00,2.1536295950545634,2.162492223321462,2.1270413398742676,2.1270413398742676,139679,0.0,0.0
1996-11-12 00:00:00-05:00,2.1270413398742676,2.1270413398742676,2.1270413398742676,2.1270413398742676,1096,0.0,0.0
1996-11-13 00:00:00-05:00,2.144765917027897,2.1802167892456055,2.144765917027897,2.1802167892456055,2739,0.0,0.0
1996-11-14 00:00:00-05:00,2.1802167892456055,2.1802167892456055,2.1802167892456055,2.1802167892456055,17528,0.0,0.0
1996-11-15 00:00:00-05:00,2.1270410514041287,2.1802171841733524,2.1270410514041287,2.1536293029785156,32318,0.0,0.0
1996-11-18 00:00:00-05:00,2.1270416254498032,2.180217772570198,2.1270416254498032,2.162492513656616,105718,0.0,0.0
1996-11-19 00:00:00-05:00,2.1270407934921485,2.18021691981356,2.1270407934921485,2.171354293823242,18624,0.0,0.0
1996-11-20 00:00:00-05:00,2.1713548515883607,2.1713548515883607,2.1270413398742676,2.1270413398742676,12599,0.0,0.0
1996-11-21 00:00:00-05:00,2.1314725614128167,2.1536295950545634,2.1270413398742676,2.1270413398742676,12599,0.0,0.0
1996-11-22 00:00:00-05:00,2.1802170042602995,2.1979422569274902,2.162491751593109,2.1979422569274902,40534,0.0,0.0
1996-11-25 00:00:00-05:00,2.144766045472784,2.171354293823242,2.144766045472784,2.171354293823242,25745,0.0,0.0
1996-11-26 00:00:00-05:00,2.144766092300415,2.1713543412313863,2.144766092300415,2.144766092300415,13146,0.0,0.0
1996-11-27 00:00:00-05:00,2.171354377926704,2.1979422569274902,2.162491751593109,2.1979422569274902,75591,0.0,0.0
1996-11-29 00:00:00-05:00,2.1979421717941956,2.1979421717941956,2.171354293823242,2.171354293823242,3834,0.0,0.0
1996-12-02 00:00:00-05:00,2.171355143113407,2.197943031483779,2.144766884363385,2.162492513656616,163781,0.0,0.0
1996-12-03 00:00:00-05:00,2.1979422197828447,2.1979422197828447,2.144766092300415,2.144766092300415,37248,0.0,0.0
1996-12-04 00:00:00-05:00,2.144766092300415,2.144766092300415,2.144766092300415,2.144766092300415,0,0.0,0.0
1996-12-05 00:00:00-05:00,2.171355143113407,2.171355143113407,2.1536298841998254,2.162492513656616,94763,0.0,0.0
1996-12-06 00:00:00-05:00,2.162491715047567,2.162491715047567,2.144766092300415,2.144766092300415,29579,0.0,0.0
1996-12-09 00:00:00-05:00,2.1979422569274902,2.1979422569274902,2.1979422569274902,2.1979422569274902,1096,0.0,0.0
1996-12-10 00:00:00-05:00,2.144766092300415,2.144766092300415,2.144766092300415,2.144766092300415,1643,0.0,0.0
1996-12-11 00:00:00-05:00,2.14476630553402,2.1624919300434615,2.14476630553402,2.1536293029785156,4382,0.0,0.0
1996-12-12 00:00:00-05:00,2.1447670711664832,2.149198293685913,2.1447670711664832,2.149198293685913,11503,0.0,0.0
1996-12-13 00:00:00-05:00,2.1802167892456055,2.1802167892456055,2.144765917027897,2.1802167892456055,11503,0.0,0.0
1996-12-16 00:00:00-05:00,2.1713543412313863,2.1713543412313863,2.144766092300415,2.144766092300415,79426,0.0,0.0
1996-12-17 00:00:00-05:00,2.1713543412313863,2.1713543412313863,2.144766092300415,2.144766092300415,9312,0.0,0.0
1996-12-18 00:00:00-05:00,2.144766092300415,2.144766092300415,2.144766092300415,2.144766092300415,0,0.0,0.0
1996-12-19 00:00:00-05:00,2.14476630553402,2.1802171841733524,2.14476630553402,2.1536293029785156,72305,0.0,0.0
1996-12-20 00:00:00-05:00,2.144766092300415,2.162491715047567,2.144766092300415,2.144766092300415,126533,0.0,0.0
1996-12-23 00:00:00-05:00,2.144766092300415,2.144766092300415,2.144766092300415,2.144766092300415,3287,0.0,0.0
1996-12-24 00:00:00-05:00,2.14476630553402,2.1624919300434615,2.14476630553402,2.1536293029785156,29031,0.0,0.0
1996-12-26 00:00:00-05:00,2.144766092300415,2.144766092300415,2.144766092300415,2.144766092300415,4930,0.0,0.0
1996-12-27 00:00:00-05:00,2.144766092300415,2.180216967415206,2.144766092300415,2.144766092300415,42725,0.0,0.0
1996-12-30 00:00:00-05:00,2.180216967415206,2.180216967415206,2.144766092300415,2.144766092300415,8764,0.0,0.0
1996-12-31 00:00:00-05:00,2.144766092300415,2.1979422197828447,2.144766092300415,2.144766092300415,6025,0.0,0.0
1997-01-02 00:00:00-05:00,2.144766884363385,2.197943031483779,2.144766884363385,2.162492513656616,67375,0.0,0.0
1997-01-03 00:00:00-05:00,2.144766128546398,2.1979422569274902,2.144766128546398,2.1979422569274902,72852,0.0,0.0
1997-01-06 00:00:00-05:00,2.144766092300415,2.144766092300415,2.144766092300415,2.144766092300415,1096,0.0,0.0
1997-01-07 00:00:00-05:00,2.197943031483779,2.197943031483779,2.144766884363385,2.162492513656616,18624,0.0,0.0
1997-01-08 00:00:00-05:00,2.1979422197828447,2.1979422197828447,2.144766092300415,2.144766092300415,110648,0.0,0.0
1997-01-09 00:00:00-05:00,2.144766884363385,2.162492513656616,2.144766884363385,2.162492513656616,12051,0.0,0.0
1997-01-10 00:00:00-05:00,2.162492513656616,2.162492513656616,2.162492513656616,2.162492513656616,0,0.0,0.0
1997-01-13 00:00:00-05:00,2.1979422569274902,2.1979422569274902,2.1979422569274902,2.1979422569274902,1096,0.0,0.0
1997-01-14 00:00:00-05:00,2.1979428230952243,2.1979428230952243,2.0738656520843506,2.0738656520843506,81069,0.0,0.0
1997-01-15 00:00:00-05:00,2.0827279090881348,2.0915905361233307,2.038414218342833,2.0827279090881348,398771,0.0,0.0
1997-01-16 00:00:00-05:00,2.0384146878310094,2.0561399459838867,2.0384146878310094,2.0561399459838867,11503,0.0,0.0
1997-01-17 00:00:00-05:00,2.0384145547902217,2.0915908813476562,2.0384145547902217,2.0915908813476562,18076,0.0,0.0
1997-01-20 00:00:00-05:00,2.0915910475023094,2.0915910475023094,2.038414716720581,2.038414716720581,3287,0.0,0.0
1997-01-21 00:00:00-05:00,2.0384146878310094,2.0915910178590926,2.0384146878310094,2.0561399459838867,90381,0.0,0.0
1997-01-22 00:00:00-05:00,2.0738657890982197,2.0738657890982197,2.038414716720581,2.038414716720581,22458,0.0,0.0
1997-01-23 00:00:00-05:00,2.0384145820488544,2.0738656520843506,2.0384145820488544,2.0738656520843506,107909,0.0,0.0
1997-01-24 00:00:00-05:00,2.047277210665373,2.0738656520843506,2.0384145820488544,2.0738656520843506,445879,0.0,0.0
1997-01-27 00:00:00-05:00,2.038414716720581,2.0738657890982197,2.038414716720581,2.038414716720581,61897,0.0,0.0
1997-01-28 00:00:00-05:00,2.0915910475023094,2.0915910475023094,2.038414716720581,2.038414716720581,50942,0.0,0.0
1997-01-29 00:00:00-05:00,2.0472776950963616,2.091591404233976,1.9852389097213745,1.9852389097213745,89285,0.0,0.0
1997-01-30 00:00:00-05:00,1.9497876468770203,2.0029637813568115,1.9497876468770203,2.0029637813568115,123794,0.0,0.0
1997-01-31 00:00:00-05:00,2.0029637813568115,2.0029637813568115,2.0029637813568115,2.0029637813568115,0,0.0,0.0
1997-02-03 00:00:00-05:00,1.9852389097213745,2.0029645415283013,1.9675136482941502,1.9852389097213745,23554,0.0,0.0
1997-02-04 00:00:00-05:00,2.00296433155732,2.00296433155732,1.9675134420394897,1.9675134420394897,146253,0.0,0.0
1997-02-05 00:00:00-05:00,1.9675129015770967,2.0029637813568115,1.9675129015770967,2.0029637813568115,139679,0.0,0.0
1997-02-06 00:00:00-05:00,2.0029645415283013,2.0029645415283013,1.9675136482941502,1.9852389097213745,18076,0.0,0.0
1997-02-07 00:00:00-05:00,1.9675134420394897,1.9675134420394897,1.9675134420394897,1.9675134420394897,548,0.0,0.0
1997-02-10 00:00:00-05:00,1.9675129015770967,2.020689036056888,1.9675129015770967,2.0029637813568115,197742,0.0,0.0
1997-02-11 00:00:00-05:00,2.0206891267745326,2.0206891267745326,1.878886342048645,1.878886342048645,52037,0.0,0.0
1997-02-12 00:00:00-05:00,1.9143378640124777,1.9852389097213745,1.878886970778327,1.9852389097213745,122699,0.0,0.0
1997-02-13 00:00:00-05:00,1.9497876468770203,2.0029637813568115,1.9497876468770203,2.0029637813568115,25197,0.0,0.0
1997-02-14 00:00:00-05:00,2.0029648525314543,2.0029648525314543,1.949788689613342,1.9497886896133423,360428,0.0,0.0
1997-02-18 00:00:00-05:00,2.0029648525314543,2.0029648525314543,1.9320634254338915,1.9497886896133423,35605,0.0,0.0
1997-02-19 00:00:00-05:00,1.9497880175676077,1.9497880175676077,1.9232001304626465,1.9232001304626465,35605,0.0,0.0
1997-02-20 00:00:00-05:00,1.9497876970990276,2.0029638329485127,1.9409250695207085,1.9763755798339844,150635,0.0,0.0
1997-02-21 00:00:00-05:00,2.0029638329485127,2.0029638329485127,1.9763755798339844,1.9763755798339844,7121,0.0,0.0
1997-02-24 00:00:00-05:00,2.00296433155732,2.00296433155732,1.9675134420394897,1.9675134420394897,139679,0.0,0.0
1997-02-25 00:00:00-05:00,1.9675134420394897,2.00296433155732,1.9675134420394897,1.9675134420394897,12051,0.0,0.0
1997-02-26 00:00:00-05:00,2.0029637813568115,2.0029637813568115,1.9675129015770967,2.0029637813568115,146800,0.0,0.0
1997-02-27 00:00:00-05:00,1.9675136482941502,1.9852389097213745,1.9675136482941502,1.9852389097213745,17528,0.0,0.0
1997-02-28 00:00:00-05:00,2.0029645415283013,2.0029645415283013,1.9763762790077624,1.9852389097213745,52585,0.0,0.0
1997-03-03 00:00:00-05:00,1.9675134420394897,1.9675134420394897,1.9675134420394897,1.9675134420394897,7121,0.0,0.0
1997-03-04 00:00:00-05:00,2.0029638329485127,2.0029638329485127,1.9763755798339844,1.9763755798339844,142418,0.0,0.0
1997-03-05 00:00:00-05:00,2.0029628841769362,2.0029628841769362,1.9497867735161267,1.9586493968963623,123794,0.0,0.0
1997-03-06 00:00:00-05:00,1.9409260575236167,1.949788689613342,1.9143381612544408,1.9497886896133423,223487,0.0,0.0
1997-03-07 00:00:00-05:00,1.9675120202765979,1.9675120202765979,1.9143362799951844,1.9586493968963623,204315,0.0,0.0
1997-03-10 00:00:00-05:00,1.9143376633322402,1.9675134420394897,1.9143376633322402,1.9675134420394897,72305,0.0,0.0
1997-03-11 00:00:00-05:00,1.9675134420394897,1.9675134420394897,1.9143376633322402,1.9675134420394897,14790,0.0,0.0
1997-03-12 00:00:00-05:00,1.9497871434069942,1.9497871434069942,1.918768048286438,1.918768048286438,94763,0.0,0.0
1997-03-13 00:00:00-05:00,1.9497879525467863,1.9497879525467863,1.8611612947727723,1.8966118097305298,160494,0.0,0.0
1997-03-14 00:00:00-05:00,1.8611611395223444,1.878886395522655,1.8434358835220337,1.8434358835220337,7121,0.0,0.0
1997-03-17 00:00:00-05:00,1.8434358563878872,1.8434358563878872,1.80798497452949,1.8124161958694458,101336,0.0,0.0
1997-03-18 00:00:00-05:00,1.8345731754143069,1.8434358030274711,1.8079849221952415,1.8257101774215698,210341,0.0,0.0
1997-03-19 00:00:00-05:00,1.8079847338562562,1.8079847338562562,1.7902594804763794,1.7902594804763794,18624,0.0,0.0
1997-03-20 00:00:00-05:00,1.6484565384911016,1.737083166405124,1.5243793149683944,1.6661821603775024,291410,0.0,0.0
1997-03-21 00:00:00-05:00,1.6661831835682799,1.7370842331357121,1.6661831835682799,1.692771077156067,21911,0.0,0.0
1997-03-24 00:00:00-05:00,1.6839082922213084,1.8079854880159367,1.6839082922213084,1.772534966468811,193360,0.0,0.0
1997-03-25 00:00:00-05:00,1.8434364372332732,1.8434364372332732,1.807985544204712,1.807985544204712,8764,0.0,0.0
1997-03-26 00:00:00-05:00,1.807985544204712,1.807985544204712,1.7548097602314208,1.807985544204712,12599,0.0,0.0
1997-03-27 00:00:00-05:00,1.772534966468811,1.7813975968555926,1.772534966468811,1.772534966468811,112839,0.0,0.0
1997-03-31 00:00:00-05:00,1.8079853976593712,1.8079853976593712,1.7548096179962158,1.7548096179962158,27936,0.0,0.0
1997-04-01 00:00:00-05:00,1.7548087507348273,1.7813966274261475,1.7548087507348273,1.7813966274261475,8764,0.0,0.0
1997-04-02 00:00:00-05:00,1.763672247940075,1.763672247940075,1.7548096179962158,1.7548096179962158,48203,0.0,0.0
1997-04-03 00:00:00-05:00,1.7725348778839343,1.7902601377716527,1.737083987728827,1.7548096179962158,208698,0.0,0.0
1997-04-04 00:00:00-05:00,1.772534966468811,1.772534966468811,1.772534966468811,1.772534966468811,4382,0.0,0.0
1997-04-07 00:00:00-04:00,1.7725342270965025,1.7902594804763794,1.7016328431974612,1.7902594804763794,62993,0.0,0.0
1997-04-08 00:00:00-04:00,1.772534001862374,1.7813966274261475,1.772534001862374,1.7813966274261475,282098,0.0,0.0
1997-04-09 00:00:00-04:00,1.790260165262773,1.790260165262773,1.6972020864486692,1.6972020864486694,62445,0.0,0.0
1997-04-10 00:00:00-04:00,1.6839074858281466,1.7016327381134033,1.6839074858281466,1.7016327381134033,7121,0.0,0.0
1997-04-11 00:00:00-04:00,1.7016327381134033,1.7016327381134033,1.7016327381134033,1.7016327381134033,9860,0.0,0.0
1997-04-14 00:00:00-04:00,1.6839082080656718,1.7548096179962158,1.6839082080656718,1.7548096179962158,30675,0.0,0.0
1997-04-15 00:00:00-04:00,1.7016327381134033,1.7725341176339415,1.7016327381134033,1.7016327381134033,19172,0.0,0.0
1997-04-16 00:00:00-04:00,1.772534966468811,1.772534966468811,1.772534966468811,1.772534966468811,3287,0.0,0.0
1997-04-17 00:00:00-04:00,1.7636723360820297,1.772534966468811,1.7016335529948712,1.772534966468811,35605,0.0,0.0
1997-04-18 00:00:00-04:00,1.7725345854846988,1.7725345854846988,1.7016331872501265,1.7193584442138672,5478,0.0,0.0
1997-04-21 00:00:00-04:00,1.7016331872501265,1.7193584442138672,1.7016331872501265,1.7193584442138672,2191,0.0,0.0
1997-04-22 00:00:00-04:00,1.7016327381134033,1.7016327381134033,1.7016327381134033,1.7016327381134033,10955,0.0,0.0
1997-04-23 00:00:00-04:00,1.7725340774277087,1.7725340774277087,1.6484565734863281,1.6484565734863281,16433,0.0,0.0
1997-04-24 00:00:00-04:00,1.7016327381134033,1.7016327381134033,1.7016327381134033,1.7016327381134033,21363,0.0,0.0
1997-04-25 00:00:00-04:00,1.648457036524103,1.6661826637657826,1.648457036524103,1.6573196649551392,46012,0.0,0.0
1997-04-28 00:00:00-04:00,1.6484565734863281,1.6484565734863281,1.6484565734863281,1.6484565734863281,3834,0.0,0.0
1997-04-29 00:00:00-04:00,1.648457550796699,1.692771077156067,1.648457550796699,1.692771077156067,70661,0.0,0.0
1997-04-30 00:00:00-04:00,1.6927700376378605,1.6927700376378605,1.6661821603775022,1.6661821603775024,20267,0.0,0.0
1997-05-01 00:00:00-04:00,1.692769486260201,1.737082600593567,1.692769486260201,1.737082600593567,32318,0.0,0.0
1997-05-02 00:00:00-04:00,1.737082600593567,1.737082600593567,1.737082600593567,1.737082600593567,18624,0.0,0.0
1997-05-05 00:00:00-04:00,1.7016331872501265,1.7193584442138672,1.7016331872501265,1.7193584442138672,262378,0.0,0.0
1997-05-06 00:00:00-04:00,1.7370832426839167,1.7370832426839167,1.7016327381134033,1.7016327381134033,3287,0.0,0.0
1997-05-07 00:00:00-04:00,1.7016327381134033,1.7016327381134033,1.7016327381134033,1.7016327381134033,0,0.0,0.0
1997-05-08 00:00:00-04:00,1.7016331872501265,1.7193584442138672,1.7016331872501265,1.7193584442138672,35605,0.0,0.0
1997-05-09 00:00:00-04:00,1.7370841285272898,1.8257108055291422,1.7370841285272898,1.807985544204712,513801,0.0,0.0
1997-05-12 00:00:00-04:00,1.8257101774215698,1.8257101774215698,1.7725344117425847,1.8257101774215698,11503,0.0,0.0
1997-05-13 00:00:00-04:00,1.7725344117425847,1.8257101774215698,1.7725344117425847,1.8257101774215698,307843,0.0,0.0
1997-05-14 00:00:00-04:00,1.7725344117425847,1.8345731754143069,1.7725344117425847,1.8257101774215698,282645,0.0,0.0
1997-05-15 00:00:00-04:00,1.8257101904664053,1.8257101904664053,1.7725344244074754,1.816847562789917,15885,0.0,0.0
1997-05-16 00:00:00-04:00,1.8257101774215698,1.8257101774215698,1.8257101774215698,1.8257101774215698,16433,0.0,0.0
1997-05-19 00:00:00-04:00,1.7725344117425847,1.8257101774215698,1.7725344117425847,1.8257101774215698,19719,0.0,0.0
1997-05-20 00:00:00-04:00,1.8257104703185234,1.9320627594976336,1.8257104703185234,1.9232001304626465,132559,0.0,0.0
1997-05-21 00:00:00-04:00,1.9320622927820368,1.9320622927820368,1.9143370389938357,1.9143370389938354,121603,0.0,0.0
1997-05-22 00:00:00-04:00,1.8611609072496893,1.9320622927820368,1.8611609072496893,1.9143370389938354,461764,0.0,0.0
1997-05-23 00:00:00-04:00,1.8611614577979685,1.9320628643035889,1.8611614577979685,1.9320628643035889,48203,0.0,0.0
1997-05-27 00:00:00-04:00,1.9320628643035889,1.9320628643035889,1.9320628643035889,1.9320628643035889,16433,0.0,0.0
1997-05-28 00:00:00-04:00,1.9143370389938357,1.9143370389938357,1.9143370389938357,1.9143370389938354,32866,0.0,0.0
1997-05-29 00:00:00-04:00,1.9320622927820368,1.9320622927820368,1.9143370389938357,1.9143370389938354,4382,0.0,0.0
1997-05-30 00:00:00-04:00,1.914337186785752,1.9852382074123034,1.914337186785752,1.9763755798339844,49299,0.0,0.0
1997-06-02 00:00:00-04:00,1.9497881233350807,1.9586507528508268,1.9320628643035889,1.9320628643035889,38891,0.0,0.0
1997-06-03 00:00:00-04:00,1.9320629229013233,1.9675134420394897,1.9320629229013233,1.9675134420394897,19172,0.0,0.0
1997-06-04 00:00:00-04:00,1.9320624419423897,1.9852382074123034,1.9320624419423897,1.9763755798339844,83260,0.0,0.0
1997-06-05 00:00:00-04:00,1.9852385711286724,2.0738657890982197,1.9852385711286724,2.038414716720581,227321,0.0,0.0
1997-06-06 00:00:00-04:00,2.0738656520843506,2.0738656520843506,2.0738656520843506,2.0738656520843506,548,0.0,0.0
1997-06-09 00:00:00-04:00,2.0561398392818915,2.0738656520843506,2.0561398392818915,2.0738656520843506,84903,0.0,0.0
1997-06-10 00:00:00-04:00,2.0561391007174463,2.073864907152802,2.038413849851313,2.0650017261505127,392746,0.0,0.0
1997-06-11 00:00:00-04:00,2.0384146878310094,2.0561399459838867,2.0384146878310094,2.0561399459838867,6573,0.0,0.0
1997-06-12 00:00:00-04:00,2.0384146878310094,2.0738657597062153,2.0384146878310094,2.0561399459838867,23006,0.0,0.0
1997-06-13 00:00:00-04:00,2.0561398392818915,2.0738656520843506,2.0561398392818915,2.0738656520843506,167615,0.0,0.0
1997-06-16 00:00:00-04:00,2.0384143461335604,2.0472769737243652,2.0384143461335604,2.0472769737243652,11503,0.0,0.0
1997-06-17 00:00:00-04:00,2.0384146878310094,2.0561399459838867,2.0384146878310094,2.0561399459838867,8764,0.0,0.0
1997-06-18 00:00:00-04:00,2.0029645415283013,2.0295524336691373,1.9675136482941502,1.9852389097213745,56420,0.0,0.0
1997-06-19 00:00:00-04:00,1.9852385711286724,2.038414716720581,1.9852385711286724,2.038414716720581,54228,0.0,0.0
1997-06-20 00:00:00-04:00,2.0384149866269445,2.0384149866269445,1.985238833993986,2.0206897258758545,672105,0.0,0.0
1997-06-23 00:00:00-04:00,2.0206894583164914,2.0561399751246707,2.0206894583164914,2.038414716720581,58063,0.0,0.0
1997-06-24 00:00:00-04:00,2.0384142907569647,2.0472769181070025,2.0029637813568115,2.0029637813568115,170902,0.0,0.0
1997-06-25 00:00:00-04:00,2.020689090951951,2.073865412066138,2.020689090951951,2.0472769737243652,306199,0.0,0.0
1997-06-26 00:00:00-04:00,2.0915906174329306,2.109315872192383,2.065002179724407,2.109315872192383,1079640,0.0,0.0
1997-06-27 00:00:00-04:00,2.073865362673478,2.109315872192383,2.073865362673478,2.109315872192383,559266,0.0,0.0
1997-06-30 00:00:00-04:00,2.073865570272876,2.1270413398742676,2.073865570272876,2.1270413398742676,48203,0.0,0.0
1997-07-01 00:00:00-04:00,2.073865441286877,2.135903835296631,2.073865441286877,2.135903835296631,742766,0.0,0.0
1997-07-02 00:00:00-04:00,2.1181782271714966,2.215667486190796,2.109315600931516,2.215667486190796,304008,0.0,0.0
1997-07-03 00:00:00-04:00,2.1447661058914376,2.215667486190796,2.1447661058914376,2.215667486190796,43821,0.0,0.0
1997-07-07 00:00:00-04:00,2.1447668168263436,2.2688443660736084,2.1447668168263436,2.2688443660736084,173093,0.0,0.0
1997-07-08 00:00:00-04:00,2.2688446177741017,2.3220207691192627,2.2688446177741017,2.3220207691192627,36152,0.0,0.0
1997-07-09 00:00:00-04:00,2.3220206182190126,2.3220206182190126,2.2511192111596667,2.277707099914551,86546,0.0,0.0
1997-07-10 00:00:00-04:00,2.304294988669435,2.304294988669435,2.2511192111596667,2.277707099914551,20815,0.0,0.0
1997-07-11 00:00:00-04:00,2.3042946132000455,2.3042946132000455,2.2511188443549135,2.286569356918335,281002,0.0,0.0
1997-07-14 00:00:00-04:00,2.304295138417756,2.3220207691192627,2.286569878095929,2.3220207691192627,47108,0.0,0.0
1997-07-15 00:00:00-04:00,2.2865686202722872,2.39292049407959,2.2688433697009827,2.39292049407959,324275,0.0,0.0
1997-07-16 00:00:00-04:00,2.322020238269596,2.428372146266551,2.322020238269596,2.357470750808716,187883,0.0,0.0
1997-07-17 00:00:00-04:00,2.428372146266551,2.428372146266551,2.357470750808716,2.357470750808716,12051,0.0,0.0
1997-07-18 00:00:00-04:00,2.357471289762917,2.357471289762917,2.286569878095929,2.3220207691192627,169259,0.0,0.0
1997-07-21 00:00:00-04:00,2.2688443660736084,2.304294882784462,2.2688443660736084,2.2688443660736084,66279,0.0,0.0
1997-07-22 00:00:00-04:00,2.3042946132000455,2.3042946132000455,2.268844100636624,2.286569356918335,140775,0.0,0.0
1997-07-23 00:00:00-04:00,2.2688438326280402,2.2688438326280402,2.2333929538726807,2.2333929538726807,30675,0.0,0.0
1997-07-24 00:00:00-04:00,2.23339337555123,2.2865695185344803,2.23339337555123,2.259981632232666,88738,0.0,0.0
1997-07-25 00:00:00-04:00,2.2333932176936075,2.286569356918335,2.2333932176936075,2.286569356918335,21911,0.0,0.0
1997-07-28 00:00:00-04:00,2.3042944034113506,2.339745283126831,2.2865691487433915,2.339745283126831,72852,0.0,0.0
1997-07-29 00:00:00-04:00,2.2865691487433915,2.339745283126831,2.2865691487433915,2.339745283126831,87094,0.0,0.0
1997-07-30 00:00:00-04:00,2.2688441550989187,2.286569411806114,2.2156680145977288,2.2511188983917236,65184,0.0,0.0
1997-07-31 00:00:00-04:00,2.2511188443549135,2.286569356918335,2.1802174488484756,2.286569356918335,127081,0.0,0.0
1997-08-01 00:00:00-04:00,2.2333929538726807,2.2865690868159443,2.2333929538726807,2.2333929538726807,92572,0.0,0.0
1997-08-04 00:00:00-04:00,2.286569356918335,2.286569356918335,2.286569356918335,2.286569356918335,5478,0.0,0.0
1997-08-05 00:00:00-04:00,2.2777064597219923,2.2865690868159443,2.2333929538726807,2.2333929538726807,110648,0.0,0.0
1997-08-06 00:00:00-04:00,2.2333927386707564,2.2333927386707564,2.215667486190796,2.215667486190796,94215,0.0,0.0
1997-08-07 00:00:00-04:00,2.2422573583270653,2.2422573583270653,2.1890811920166016,2.1890811920166016,163233,0.0,0.0
1997-08-08 00:00:00-04:00,2.1890811920166016,2.2422573583270653,2.1890811920166016,2.1890811920166016,39439,0.0,0.0
1997-08-11 00:00:00-04:00,2.2156681459526895,2.2422564029693604,2.2156681459526895,2.2422564029693604,42725,0.0,0.0
1997-08-12 00:00:00-04:00,2.242255758974987,2.242255758974987,2.189079630593895,2.1979422569274902,94215,0.0,0.0
1997-08-13 00:00:00-04:00,2.233393549310942,2.233393549310942,2.162492513656616,2.162492513656616,159399,0.0,0.0
1997-08-14 00:00:00-04:00,2.1447663817112876,2.2156677711286603,2.109315872192383,2.109315872192383,167615,0.0,0.0
1997-08-15 00:00:00-04:00,2.109315415189672,2.1802167892456055,2.109315415189672,2.1802167892456055,19172,0.0,0.0
1997-08-18 00:00:00-04:00,2.180216967415206,2.180216967415206,2.1270408399327763,2.144766092300415,40534,0.0,0.0
1997-08-19 00:00:00-04:00,2.1491971371628047,2.1802167892456055,2.1181780406492283,2.1802167892456055,14790,0.0,0.0
1997-08-20 00:00:00-04:00,2.1447662480975644,2.1447662480975644,2.118178367614746,2.118178367614746,142418,0.0,0.0
1997-08-21 00:00:00-04:00,2.1802172616097555,2.1802172616097555,2.0915906174329306,2.109315872192383,53133,0.0,0.0
1997-08-22 00:00:00-04:00,2.0738656243516496,2.127041395339669,2.0738656243516496,2.0915908813476562,83260,0.0,0.0
1997-08-25 00:00:00-04:00,2.0915908268066734,2.1270413398742676,2.0915908268066734,2.1270413398742676,76687,0.0,0.0
1997-08-26 00:00:00-04:00,2.1093161383436625,2.127041395339669,2.0915908813476562,2.0915908813476562,199933,0.0,0.0
1997-08-27 00:00:00-04:00,2.1226097206670813,2.1226097206670813,2.0915906174329306,2.109315872192383,145157,0.0,0.0
1997-08-28 00:00:00-04:00,2.144766128546398,2.1979422569274902,2.0915903705448256,2.1979422569274902,140775,0.0,0.0
1997-08-29 00:00:00-04:00,2.2333929538726807,2.2333929538726807,2.2068050725908246,2.2333929538726807,23006,0.0,0.0
1997-09-02 00:00:00-04:00,2.2333927386707564,2.2333927386707564,2.1802169812308745,2.215667486190796,369740,0.0,0.0
1997-09-03 00:00:00-04:00,2.2511183853085823,2.2511183853085823,2.1802170042602995,2.1979422569274902,39987,0.0,0.0
1997-09-04 00:00:00-04:00,2.2511183853085823,2.2511183853085823,2.1979422569274902,2.1979422569274902,46012,0.0,0.0
1997-09-05 00:00:00-04:00,2.2333934789831162,2.2688443660736084,2.1979429622722626,2.2688443660736084,38343,0.0,0.0
1997-09-08 00:00:00-04:00,2.2688438326280402,2.2688438326280402,2.2333929538726807,2.2333929538726807,15885,0.0,0.0
1997-09-09 00:00:00-04:00,2.2068053332710416,2.2954319850591904,2.2068053332710416,2.286569356918335,170354,0.0,0.0
1997-09-10 00:00:00-04:00,2.3220200284588715,2.3574705377947907,2.3220200284588715,2.339745283126831,18624,0.0,0.0
1997-09-11 00:00:00-04:00,2.339745283126831,2.37519579246275,2.3220200284588715,2.339745283126831,35605,0.0,0.0
1997-09-12 00:00:00-04:00,2.3220211164449016,2.4460983276367188,2.3220211164449016,2.4460983276367188,104075,0.0,0.0
1997-09-15 00:00:00-04:00,2.4283730646635644,2.454960959123296,2.4283730646635644,2.4460983276367188,10407,0.0,0.0
1997-09-16 00:00:00-04:00,2.454959813776062,2.454959813776062,2.38405842458234,2.410646677017212,42178,0.0,0.0
1997-09-17 00:00:00-04:00,2.4460972940836694,2.463822549567346,2.410646783116316,2.4195094108581543,108457,0.0,0.0
1997-09-18 00:00:00-04:00,2.4815471172332764,2.4815471172332764,2.392920136848625,2.4815471172332764,62445,0.0,0.0
1997-09-19 00:00:00-04:00,2.4283730646635644,2.4638235906098735,2.4283730646635644,2.4460983276367188,64088,0.0,0.0
1997-09-22 00:00:00-04:00,2.4460976879782725,2.481548575033853,2.4460976879782725,2.4726855754852295,8764,0.0,0.0
1997-09-23 00:00:00-04:00,2.4638232279771506,2.5701757161121446,2.4638232279771506,2.508136749267578,35605,0.0,0.0
1997-09-24 00:00:00-04:00,2.5701758546949143,2.5701758546949143,2.499274253845215,2.499274253845215,26840,0.0,0.0
1997-09-25 00:00:00-04:00,2.4992742117983617,2.5701758114552393,2.4992742117983617,2.552450180053711,37248,0.0,0.0
1997-09-26 00:00:00-04:00,2.5081368845052334,2.5081368845052334,2.4815489925251777,2.499274253845215,84355,0.0,0.0
1997-09-29 00:00:00-04:00,2.499273511795484,2.5347240239100826,2.4815482557381845,2.516998767852783,152826,0.0,0.0
1997-09-30 00:00:00-04:00,2.5169976130836003,2.5169976130836003,2.4815471172332764,2.4815471172332764,113387,0.0,0.0
1997-10-01 00:00:00-04:00,2.5169976130836003,2.5169976130836003,2.4815471172332764,2.4815471172332764,1180976,0.0,0.0
1997-10-02 00:00:00-04:00,2.5169985380659012,2.6233506202697754,2.4460971499299857,2.6233506202697754,113387,0.0,0.0
1997-10-03 00:00:00-04:00,2.6410762450884215,2.6765267539666016,2.5701748569525056,2.6233506202697754,534068,0.0,0.0
1997-10-06 00:00:00-04:00,2.5701755734887626,2.676527500152588,2.5701755734887626,2.676527500152588,84355,0.0,0.0
1997-10-07 00:00:00-04:00,2.658801327555356,2.7297027111053467,2.658801327555356,2.7297027111053467,46012,0.0,0.0
1997-10-08 00:00:00-04:00,2.7474285993725918,2.8183299993090283,2.7385659706779895,2.782879114151001,116673,0.0,0.0
1997-10-09 00:00:00-04:00,2.694252716535362,2.7651541233062744,2.6765274574375475,2.7651541233062744,164329,0.0,0.0
1997-10-10 00:00:00-04:00,2.7474284172058105,2.7474284172058105,2.6942522781843943,2.7474284172058105,61897,0.0,0.0
1997-10-13 00:00:00-04:00,2.7474284172058105,2.7651536734197517,2.6942522781843943,2.7474284172058105,119960,0.0,0.0
1997-10-14 00:00:00-04:00,2.800604477020342,2.800604477020342,2.7917418479919434,2.7917418479919434,2739,0.0,0.0
1997-10-15 00:00:00-04:00,2.8006043434143066,2.8006043434143066,2.8006043434143066,2.8006043434143066,1643,0.0,0.0
1997-10-16 00:00:00-04:00,2.8006046415019035,2.8006046415019035,2.7651541233062744,2.7651541233062744,207602,0.0,0.0
1997-10-17 00:00:00-04:00,2.7651541233062744,2.782879382404089,2.7119779756331766,2.7651541233062744,289766,0.0,0.0
1997-10-20 00:00:00-04:00,2.7297026073695148,2.7429964542388916,2.720839610680492,2.7429964542388916,225130,0.0,0.0
1997-10-21 00:00:00-04:00,2.720839610680492,2.7429964542388916,2.720839610680492,2.7429964542388916,7121,0.0,0.0
1997-10-22 00:00:00-04:00,2.720840605182084,2.7651541233062744,2.720840605182084,2.7651541233062744,216366,0.0,0.0
1997-10-23 00:00:00-04:00,2.7429975448883774,2.765154212066781,2.7208406925201416,2.7208406925201416,20267,0.0,0.0
1997-10-24 00:00:00-04:00,2.765154212066781,2.765154212066781,2.7208406925201416,2.7208406925201416,15337,0.0,0.0
1997-10-27 00:00:00-05:00,2.765154212066781,2.765154212066781,2.685390173186563,2.7208406925201416,32318,0.0,0.0
1997-10-28 00:00:00-05:00,2.6410763803702504,2.7119774017583183,2.623350754643658,2.685389518737793,119412,0.0,0.0
1997-10-29 00:00:00-05:00,2.6588021983397327,2.8006046415019035,2.6588021983397327,2.7651541233062744,144062,0.0,0.0
1997-10-30 00:00:00-05:00,2.7297027111053467,2.7297027111053467,2.694251834140585,2.7297027111053467,28484,0.0,0.0
1997-10-31 00:00:00-05:00,2.711977719379388,2.74742860460493,2.676527204533465,2.7252719402313232,223487,0.0,0.0
1997-11-03 00:00:00-05:00,2.7474284172058105,2.7474284172058105,2.7474284172058105,2.7474284172058105,4930,0.0,0.0
1997-11-04 00:00:00-05:00,2.7474279643979616,2.7474279643979616,2.7297027111053467,2.7297027111053467,904904,0.0,0.0
1997-11-05 00:00:00-05:00,2.7297035880458558,2.7297035880458558,2.711977958679199,2.711977958679199,9312,0.0,0.0
1997-11-06 00:00:00-05:00,2.6986827850341797,2.6986827850341797,2.6986827850341797,2.6986827850341797,2739,0.0,0.0
1997-11-07 00:00:00-05:00,2.676527500152588,2.7031153892236293,2.676527500152588,2.676527500152588,25197,0.0,0.0
1997-11-10 00:00:00-05:00,2.6588014995275113,2.667664126747056,2.6233506202697754,2.6233506202697754,30675,0.0,0.0
1997-11-11 00:00:00-05:00,2.587900111391596,2.6322132474893203,2.587900111391596,2.6233506202697754,57515,0.0,0.0
1997-11-12 00:00:00-05:00,2.6056249141693115,2.6588010386485403,2.587899662802733,2.6056249141693115,76139,0.0,0.0
1997-11-13 00:00:00-05:00,2.552450180053711,2.6233515945207415,2.552450180053711,2.552450180053711,60802,0.0,0.0
1997-11-14 00:00:00-05:00,2.5169992147488083,2.534724473953247,2.5169992147488083,2.534724473953247,15337,0.0,0.0
1997-11-17 00:00:00-05:00,2.543586727623859,2.6410765647888184,2.51699884274678,2.6410765647888184,75591,0.0,0.0
1997-11-18 00:00:00-05:00,2.6233512933645238,2.711977958679199,2.6233512933645238,2.711977958679199,64088,0.0,0.0
1997-11-19 00:00:00-05:00,2.6765274407051898,2.711977958679199,2.6765274407051898,2.711977958679199,291410,0.0,0.0
1997-11-20 00:00:00-05:00,2.6765274407051898,2.7297035880458558,2.6765274407051898,2.711977958679199,14242,0.0,0.0
1997-11-21 00:00:00-05:00,2.7119771858963113,2.7119771858963113,2.667664051055908,2.667664051055908,48751,0.0,0.0
1997-11-24 00:00:00-05:00,2.7119770874332,2.7297027111053467,2.667663954201663,2.7297027111053467,159947,0.0,0.0
1997-11-25 00:00:00-05:00,2.711977958679199,2.711977958679199,2.6676648112116874,2.711977958679199,37248,0.0,0.0
1997-11-26 00:00:00-05:00,2.667663660313183,2.711976788662875,2.667663660313183,2.694251537322998,5478,0.0,0.0
1997-11-28 00:00:00-05:00,2.694251537322998,2.694251537322998,2.694251537322998,2.694251537322998,0,0.0,0.0
1997-12-01 00:00:00-05:00,2.6986830548688556,2.7474279643979616,2.6986830548688556,2.7297027111053467,27388,0.0,0.0
1997-12-02 00:00:00-05:00,2.7031145095825195,2.7297027603809356,2.6765266291636434,2.7031145095825195,97502,0.0,0.0
1997-12-03 00:00:00-05:00,2.65880114863938,2.65880114863938,2.579037143810559,2.614487648010254,139679,0.0,0.0
1997-12-04 00:00:00-05:00,2.5701739124282175,2.587899160353379,2.4815471172332764,2.4815471172332764,327014,0.0,0.0
1997-12-05 00:00:00-05:00,2.5347239401806365,2.5347239401806365,2.2644125905023382,2.3486080169677734,1894163,0.0,0.0
1997-12-08 00:00:00-05:00,2.410646677017212,2.410646677017212,2.3397452878234897,2.410646677017212,526400,0.0,0.0
1997-12-09 00:00:00-05:00,2.4106465213643222,2.4460970284824004,2.4106465213643222,2.437234401702881,234442,0.0,0.0
1997-12-10 00:00:00-05:00,2.3929210519341098,2.446097186424292,2.3929210519341098,2.410646677017212,162685,0.0,0.0
1997-12-11 00:00:00-05:00,2.4638230394046707,2.4638230394046707,2.392921632994343,2.397353410720825,273333,0.0,0.0
1997-12-12 00:00:00-05:00,2.4283717749233613,2.4460970284824004,2.3973526737899276,2.437234401702881,1051156,0.0,0.0
1997-12-15 00:00:00-05:00,2.410646888440978,2.4283721446990967,2.410646888440978,2.4283721446990967,52037,0.0,0.0
1997-12-16 00:00:00-05:00,2.4283720385999925,2.4283720385999925,2.410646783116316,2.4195094108581543,71757,0.0,0.0
1997-12-17 00:00:00-05:00,2.410646677017212,2.419509304368982,2.410646677017212,2.410646677017212,3287,0.0,0.0
1997-12-18 00:00:00-05:00,2.4106457551532072,2.4815471172332764,2.4106457551532072,2.4815471172332764,514897,0.0,0.0
1997-12-19 00:00:00-05:00,2.4106457551532072,2.4815471172332764,2.4106457551532072,2.4815471172332764,167615,0.0,0.0
1997-12-22 00:00:00-05:00,2.4815471172332764,2.4815471172332764,2.4815471172332764,2.4815471172332764,10955,0.0,0.0
1997-12-23 00:00:00-05:00,2.4859796623474066,2.516998767852783,2.4726852573299443,2.516998767852783,16433,0.0,0.0
1997-12-24 00:00:00-05:00,2.516998767852783,2.516998767852783,2.4638226293012946,2.516998767852783,46560,0.0,0.0
1997-12-26 00:00:00-05:00,2.499274253845215,2.499274253845215,2.499274253845215,2.499274253845215,7669,0.0,0.0
1997-12-29 00:00:00-05:00,2.5701758114552393,2.59676370298799,2.552450180053711,2.552450180053711,36152,0.0,0.0
1997-12-30 00:00:00-05:00,2.5879008769989014,2.6233513963648,2.552449987253337,2.5879008769989014,32318,0.0,0.0
1997-12-31 00:00:00-05:00,2.5879010724770732,2.6233515945207415,2.552450180053711,2.552450180053711,53681,0.0,0.0
1998-01-02 00:00:00-05:00,2.552450180053711,2.552450180053711,2.552450180053711,2.552450180053711,548,0.0,0.0
1998-01-05 00:00:00-05:00,2.5524499183475142,2.5524499183475142,2.534724473953247,2.534724473953247,36700,0.0,0.0
1998-01-06 00:00:00-05:00,2.5613121370911642,2.5613121370911642,2.490410566329956,2.490410566329956,79426,0.0,0.0
1998-01-07 00:00:00-05:00,2.525861000834817,2.543586254119873,2.490410494264705,2.543586254119873,341804,0.0,0.0
1998-01-08 00:00:00-05:00,2.5435866519387322,2.5435866519387322,2.490410883766834,2.516998767852783,55324,0.0,0.0
1998-01-09 00:00:00-05:00,2.503704071044922,2.516997915993797,2.490410040906314,2.503704071044922,10955,0.0,0.0
1998-01-12 00:00:00-05:00,2.4904116231851963,2.499274253845215,2.4904116231851963,2.499274253845215,33961,0.0,0.0
1998-01-13 00:00:00-05:00,2.4771171037540785,2.534724473953247,2.468254474151859,2.534724473953247,47655,0.0,0.0
1998-01-14 00:00:00-05:00,2.485980400450112,2.499274253845215,2.4815489925251777,2.499274253845215,4382,0.0,0.0
1998-01-15 00:00:00-05:00,2.5347242423636667,2.5347242423636667,2.463822841644287,2.463822841644287,43273,0.0,0.0
1998-01-16 00:00:00-05:00,2.481547937590116,2.481547937590116,2.450528465682016,2.477116346359253,50942,0.0,0.0
1998-01-20 00:00:00-05:00,2.46382336082544,2.5081368845052334,2.4549607301654213,2.499274253845215,30675,0.0,0.0
1998-01-21 00:00:00-05:00,2.4815486266030202,2.534724402721982,2.463822997517054,2.4859800338745117,181857,0.0,0.0
1998-01-22 00:00:00-05:00,2.503704071044922,2.534723166052119,2.472684420468527,2.503704071044922,22458,0.0,0.0
1998-01-23 00:00:00-05:00,2.4815471172332764,2.4904097411958572,2.4815471172332764,2.4815471172332764,92572,0.0,0.0
1998-01-26 00:00:00-05:00,2.4815479394309694,2.4926263619470315,2.4793323290036655,2.490410566329956,153374,0.0,0.0
1998-01-27 00:00:00-05:00,2.46382336082544,2.499274253845215,2.46382336082544,2.499274253845215,2739,0.0,0.0
1998-01-28 00:00:00-05:00,2.4638223152534526,2.516998447026916,2.4638223152534526,2.490410566329956,289219,0.0,0.0
1998-01-29 00:00:00-05:00,2.490410883766834,2.516998767852783,2.4815482557381845,2.516998767852783,275525,0.0,0.0
1998-01-30 00:00:00-05:00,2.4992739555443695,2.534724473953247,2.4815486963399302,2.534724473953247,284289,0.0,0.0
1998-02-02 00:00:00-05:00,2.534724473953247,2.534724473953247,2.485980103735954,2.534724473953247,16981,0.0,0.0
1998-02-03 00:00:00-05:00,2.5347246398140264,2.5347246398140264,2.508136749267578,2.508136749267578,96954,0.0,0.0
1998-02-04 00:00:00-05:00,2.508136749267578,2.5169993794497274,2.508136749267578,2.508136749267578,79426,0.0,0.0
1998-02-05 00:00:00-05:00,2.5169976130836003,2.5169976130836003,2.4815471172332764,2.4815471172332764,28484,0.0,0.0
1998-02-06 00:00:00-05:00,2.4460977205832037,2.4638229791574418,2.4106472034347286,2.4328038692474365,65184,0.0,0.0
1998-02-09 00:00:00-05:00,2.4106465213643222,2.4460970284824004,2.3840582706462254,2.437234401702881,353855,0.0,0.0
1998-02-10 00:00:00-05:00,2.437235468845384,2.499274253845215,2.4328042461103,2.499274253845215,55872,0.0,0.0
1998-02-11 00:00:00-05:00,2.46382336082544,2.499274253845215,2.46382336082544,2.499274253845215,7669,0.0,0.0
1998-02-12 00:00:00-05:00,2.4283721446990967,2.437234772828156,2.4283721446990967,2.4283721446990967,50394,0.0,0.0
1998-02-13 00:00:00-05:00,2.4837643453352363,2.4837643453352363,2.468254327774048,2.468254327774048,3287,0.0,0.0
1998-02-17 00:00:00-05:00,2.437234772828156,2.499273540111166,2.410646888440978,2.4283721446990967,46012,0.0,0.0
1998-02-18 00:00:00-05:00,2.41064611503037,2.446096616172979,2.3751952435082853,2.39292049407959,64088,0.0,0.0
1998-02-19 00:00:00-05:00,2.3574708561189768,2.366333484649658,2.3574708561189768,2.366333484649658,29579,0.0,0.0
1998-02-20 00:00:00-05:00,2.339745283126831,2.344176689388711,2.339745283126831,2.339745283126831,16981,0.0,0.0
1998-02-23 00:00:00-05:00,2.357470802781468,2.3796274662017822,2.339745546121138,2.3796274662017822,114482,0.0,0.0
1998-02-24 00:00:00-05:00,2.3751957416534424,2.3751957416534424,2.370764520676134,2.3751957416534424,25197,0.0,0.0
1998-02-25 00:00:00-05:00,2.4283727882842823,2.4283727882842823,2.401784896850586,2.401784896850586,536807,0.0,0.0
1998-02-26 00:00:00-05:00,2.419510157806384,2.437235418762181,2.401784896850586,2.401784896850586,190621,0.0,0.0
1998-02-27 00:00:00-05:00,2.3884898308531155,2.410646677017212,2.38405842458234,2.410646677017212,57515,0.0,0.0
1998-03-02 00:00:00-05:00,2.3929210519341098,2.428371931720752,2.3929210519341098,2.410646677017212,121056,0.0,0.0
1998-03-03 00:00:00-05:00,2.392921263347836,2.392921263347836,2.313157239755221,2.357470750808716,318250,0.0,0.0
1998-03-04 00:00:00-05:00,2.3397458387794803,2.410647244668843,2.3397458387794803,2.34417724609375,26840,0.0,0.0
1998-03-05 00:00:00-05:00,2.2865695161811335,2.3574709166259544,2.2777068874229833,2.2821381092071533,253066,0.0,0.0
1998-03-06 00:00:00-05:00,2.277706995251322,2.339745769874954,2.224530849805403,2.2688443660736084,101884,0.0,0.0
1998-03-09 00:00:00-05:00,2.339745283126831,2.339745283126831,2.2333930143599514,2.339745283126831,50394,0.0,0.0
1998-03-10 00:00:00-05:00,2.322020238269596,2.357470750808716,2.322020238269596,2.357470750808716,84355,0.0,0.0
1998-03-11 00:00:00-05:00,2.357470487364655,2.3751957416534424,2.3308826059314742,2.3751957416534424,101884,0.0,0.0
1998-03-12 00:00:00-05:00,2.3751957416534424,2.3751957416534424,2.3751957416534424,2.3751957416534424,44369,0.0,0.0
1998-03-13 00:00:00-05:00,2.463822441127832,2.4771164747503778,2.3929210519341098,2.410646677017212,84903,0.0,0.0
1998-03-16 00:00:00-05:00,2.410647354220244,2.5879008769989014,2.410647354220244,2.5879008769989014,318250,0.0,0.0
1998-03-17 00:00:00-05:00,2.6233496562037035,2.6233496562037035,2.4815471172332764,2.4815471172332764,93120,0.0,0.0
1998-03-18 00:00:00-05:00,2.481547871913441,2.5701746940612793,2.4638222482182,2.5701746940612793,339065,0.0,0.0
1998-03-19 00:00:00-05:00,2.5613128925117303,2.5701755220246154,2.52586181889071,2.5302932262420654,658411,0.0,0.0
1998-03-20 00:00:00-05:00,2.5258621033311126,2.5790384419661563,2.5258621033311126,2.552450180053711,10955,0.0,0.0
1998-03-23 00:00:00-05:00,2.5347247338420296,2.552450180053711,2.5258621033311126,2.552450180053711,1495392,0.0,0.0
1998-03-24 00:00:00-05:00,2.5258618443510277,2.5701755479316093,2.5258618443510277,2.534724473953247,101884,0.0,0.0
1998-03-25 00:00:00-05:00,2.5701746940612793,2.5701746940612793,2.5701746940612793,2.5701746940612793,15885,0.0,0.0
1998-03-26 00:00:00-05:00,2.570174763990151,2.570174763990151,2.4638223152534526,2.490410566329956,106814,0.0,0.0
1998-03-27 00:00:00-05:00,2.4815489507765274,2.5568814027142457,2.4815489507765274,2.552450180053711,5183477,0.0,0.0
1998-03-30 00:00:00-05:00,2.5347228610087624,2.552448294123635,2.4283710030783694,2.4815471172332764,384529,0.0,0.0
1998-03-31 00:00:00-05:00,2.51699971969412,2.6676653791066274,2.4815491941733714,2.6588027477264404,17784753,0.0,0.0
1998-04-01 00:00:00-05:00,2.658801424087828,2.7108695658637956,2.614487918867879,2.667664051055908,2048084,0.0,0.0
1998-04-02 00:00:00-05:00,2.6942524117355973,2.7031150402818787,2.632213641532015,2.6898210048675537,414108,0.0,0.0
1998-04-03 00:00:00-05:00,2.6898209547923853,2.6942523615779317,2.632213592529297,2.632213592529297,525852,0.0,0.0
1998-04-06 00:00:00-04:00,2.623350964148007,2.667664476434062,2.623350964148007,2.632213592529297,329753,0.0,0.0
1998-04-07 00:00:00-04:00,2.6499384359482008,2.720839442029441,2.632212814048395,2.6986827850341797,639787,0.0,0.0
1998-04-08 00:00:00-04:00,2.689820428222548,2.7297027111053467,2.685389207494278,2.7297027111053467,160494,0.0,0.0
1998-04-09 00:00:00-04:00,2.698683499642981,2.8006041858476336,2.698683499642981,2.7474284172058105,115030,0.0,0.0
1998-04-13 00:00:00-04:00,2.8006043715402056,2.8183299993090283,2.729703341983387,2.782879114151001,64088,0.0,0.0
1998-04-14 00:00:00-04:00,2.7297025411646176,3.0310331247077515,2.7297025411646176,2.9335436820983887,342899,0.0,0.0
1998-04-15 00:00:00-04:00,2.933543533595886,3.084209095525059,2.933543533595886,3.0753464698791504,400962,0.0,0.0
1998-04-16 00:00:00-04:00,3.093072276979051,3.093072276979051,3.031033515930176,3.031033515930176,417395,0.0,0.0
1998-04-17 00:00:00-04:00,3.013309385891627,3.013309385891627,2.968996047973633,2.968996047973633,210889,0.0,0.0
1998-04-20 00:00:00-04:00,2.9601326757299615,3.004446378468951,2.9601326757299615,2.977858304977417,111744,0.0,0.0
1998-04-21 00:00:00-04:00,2.9601324165636016,3.039896630054664,2.9246819019317627,2.9246819019317627,288123,0.0,0.0
1998-04-22 00:00:00-04:00,2.9246817201044073,2.9246817201044073,2.72970316099187,2.7474284172058105,211436,0.0,0.0
1998-04-23 00:00:00-04:00,2.818329839327885,2.818329839327885,2.729703187033093,2.751859664916992,225130,0.0,0.0
1998-04-24 00:00:00-04:00,2.7518593798682884,2.836054801940918,2.7518593798682884,2.836054801940918,299626,0.0,0.0
1998-04-27 00:00:00-04:00,2.729703444793153,2.8360553635135686,2.729703444793153,2.7917418479919434,631570,0.0,0.0
1998-04-28 00:00:00-04:00,2.8360553635135686,2.8360553635135686,2.782879218963545,2.7917418479919434,383434,0.0,0.0
1998-04-29 00:00:00-04:00,2.7651546077805778,2.8271933958722095,2.7651546077805778,2.818330764770508,270595,0.0,0.0
1998-04-30 00:00:00-04:00,2.9069568991265426,3.1373863755469715,2.8360554932756687,2.977858304977417,512158,0.0,0.0
1998-05-01 00:00:00-04:00,3.0842090083566056,3.0842090083566056,2.96899432264685,3.0487585067749023,226774,0.0,0.0
1998-05-04 00:00:00-04:00,3.0842103324918257,3.172836809685576,2.9778582265176494,3.15511155128479,170902,0.0,0.0
1998-05-05 00:00:00-04:00,3.155110861290178,3.19056137033904,3.0842096580026745,3.137385606765747,1008431,0.0,0.0
1998-05-06 00:00:00-04:00,3.137386325167536,3.137386325167536,2.9424073696136475,2.9424073696136475,83808,0.0,0.0
1998-05-07 00:00:00-04:00,2.9424066294965527,2.977857508125429,2.8183294802443597,2.960131883621216,304008,0.0,0.0
1998-05-08 00:00:00-04:00,2.8715060110112813,2.977858304977417,2.8271928638417654,2.977858304977417,60802,0.0,0.0
1998-05-11 00:00:00-04:00,2.977857773884606,2.977857773884606,2.8715054988861084,2.8715054988861084,141870,0.0,0.0
1998-05-12 00:00:00-04:00,2.8360545979536673,2.9335438613295928,2.8360545979536673,2.889230728149414,29031,0.0,0.0
1998-05-13 00:00:00-04:00,2.9778578544462606,3.0842099471321696,2.8715055765705553,2.9955832958221436,295792,0.0,0.0
1998-05-14 00:00:00-04:00,3.0133092674421387,3.0133092674421387,2.9069571495056152,2.9069571495056152,13146,0.0,0.0
1998-05-15 00:00:00-04:00,2.9069568991265426,3.0842104137537283,2.9069568991265426,2.977858304977417,34509,0.0,0.0
1998-05-18 00:00:00-04:00,2.942407159247682,2.942407159247682,2.8715057596043874,2.9246819019317627,281002,0.0,0.0
1998-05-19 00:00:00-04:00,2.8715052426183494,2.960131883621216,2.8183294802443597,2.960131883621216,238277,0.0,0.0
1998-05-20 00:00:00-04:00,2.8892316402587364,2.977858304977417,2.8360554932756687,2.977858304977417,28484,0.0,0.0
1998-05-21 00:00:00-04:00,2.8892309359614337,2.97785757907592,2.8183295473939327,2.836054801940918,19172,0.0,0.0
1998-05-22 00:00:00-04:00,2.8626425735912697,2.906956078632867,2.800603814684852,2.8050355911254883,232251,0.0,0.0
1998-05-26 00:00:00-04:00,2.968994951802427,3.031033527906656,2.836054801940918,2.836054801940918,142418,0.0,0.0
1998-05-27 00:00:00-04:00,2.7651535942671934,2.924681636385357,2.7651535942671934,2.8715054988861084,98049,0.0,0.0
1998-05-28 00:00:00-04:00,2.8715057596043874,2.968995415601178,2.8094673589986696,2.9246819019317627,75043,0.0,0.0
1998-05-29 00:00:00-04:00,2.9246814662300142,3.013308295175936,2.8360548224738733,2.94462251663208,163781,0.0,0.0
1998-06-01 00:00:00-04:00,3.013308056623213,3.013308056623213,2.8360545979536673,2.889230728149414,655124,0.0,0.0
1998-06-02 00:00:00-04:00,3.013309057710479,3.013309057710479,2.8692904473773724,2.9268980026245117,226774,0.0,0.0
1998-06-03 00:00:00-04:00,2.880368888534184,3.0133092674421387,2.8715062583369337,2.9069571495056152,109553,0.0,0.0
1998-06-04 00:00:00-04:00,2.87150539257031,2.99558310387125,2.7873101532967643,2.862642765045166,334683,0.0,0.0
1998-06-05 00:00:00-04:00,2.8271921746674256,2.9246814450554046,2.8183295473939327,2.836054801940918,59706,0.0,0.0
1998-06-08 00:00:00-04:00,2.9069566274406964,2.9069566274406964,2.7917417148087096,2.8006043434143066,333040,0.0,0.0
1998-06-09 00:00:00-04:00,2.7917425010856833,2.8404874351196923,2.7917425010856833,2.818330764770508,108457,0.0,0.0
1998-06-10 00:00:00-04:00,2.800603366107159,2.836054238538115,2.800603366107159,2.8094663619995117,297435,0.0,0.0
1998-06-11 00:00:00-04:00,2.7917415843737294,2.7917415843737294,2.747428443416132,2.751859664916992,246493,0.0,0.0
1998-06-12 00:00:00-04:00,2.7607215076321556,2.871504791480751,2.694251537322998,2.694251537322998,1127843,0.0,0.0
1998-06-15 00:00:00-04:00,2.6942518827762276,2.765153267606104,2.658801375551059,2.7031145095825195,275525,0.0,0.0
1998-06-16 00:00:00-04:00,2.7341343824504567,2.818329812441168,2.6588017657565124,2.7474284172058105,643073,0.0,0.0
1998-06-17 00:00:00-04:00,2.7651541233062744,2.871506048272816,2.7651541233062744,2.7651541233062744,137488,0.0,0.0
1998-06-18 00:00:00-04:00,2.8006039224673884,2.836054801940918,2.7518593798682884,2.836054801940918,52585,0.0,0.0
1998-06-19 00:00:00-04:00,2.7651543255902507,2.9069571495056152,2.7651543255902507,2.9069571495056152,150087,0.0,0.0
1998-06-22 00:00:00-04:00,2.906956190508419,2.906956190508419,2.8006039224673884,2.836054801940918,148444,0.0,0.0
1998-06-23 00:00:00-04:00,2.756291379523298,2.8892315580065304,2.756291379523298,2.827192783355713,12599,0.0,0.0
1998-06-24 00:00:00-04:00,2.906955453321305,3.146247625350952,2.906955453321305,3.146247625350952,220201,0.0,0.0
1998-06-25 00:00:00-04:00,3.1905606537517093,3.1905606537517093,3.0133075927483994,3.0842089653015137,462312,0.0,0.0
1998-06-26 00:00:00-04:00,3.066483757565754,3.190560698291455,2.9955823840228675,3.0487585067749023,124342,0.0,0.0
1998-06-29 00:00:00-04:00,3.119661569595337,3.155112467066285,3.0133098031318597,3.119661569595337,138036,0.0,0.0
1998-06-30 00:00:00-04:00,3.084208681856212,3.2614620969490336,3.0664834329417903,3.172835111618042,368096,0.0,0.0
1998-07-01 00:00:00-04:00,3.124090785001398,3.22601180615399,3.119659194703808,3.146247625350952,224035,0.0,0.0
1998-07-02 00:00:00-04:00,3.146248419217742,3.208286624863471,3.0886408790388926,3.137385606765747,157756,0.0,0.0
1998-07-06 00:00:00-04:00,3.1196593247485684,3.1373849459189005,3.013307634813719,3.0487585067749023,546667,0.0,0.0
1998-07-07 00:00:00-04:00,3.013307634813719,3.0487585067749023,2.977856948042276,3.0487585067749023,105170,0.0,0.0
1998-07-08 00:00:00-04:00,2.9955827950254834,3.0487589250734373,2.97785735661291,3.013308048248291,98049,0.0,0.0
1998-07-09 00:00:00-04:00,3.0133098031318597,3.155112467066285,3.0133098031318597,3.119661569595337,101336,0.0,0.0
1998-07-10 00:00:00-04:00,3.15511155128479,3.15511155128479,3.0310341869098276,3.15511155128479,213627,0.0,0.0
1998-07-13 00:00:00-04:00,3.155111458390644,3.155111458390644,2.8892314790680858,3.0398967266082764,208150,0.0,0.0
1998-07-14 00:00:00-04:00,3.004445421636887,3.022170674859695,2.97785735661291,3.013308048248291,301269,0.0,0.0
1998-07-15 00:00:00-04:00,3.044328129906086,3.0664851665496826,2.968995686836461,3.0664851665496826,128724,0.0,0.0
1998-07-16 00:00:00-04:00,3.0398969077671922,3.0664851665496826,3.0221716488319657,3.0664851665496826,58063,0.0,0.0
1998-07-17 00:00:00-04:00,3.066483757565754,3.066483757565754,3.013307634813719,3.0487585067749023,43821,0.0,0.0
1998-07-20 00:00:00-04:00,3.1196601095729246,3.1196601095729246,3.0221710205078125,3.0221710205078125,59706,0.0,0.0
1998-07-21 00:00:00-04:00,3.0133090193643524,3.093073054952522,2.9424074280539707,3.0664851665496826,135845,0.0,0.0
1998-07-22 00:00:00-04:00,2.915819273273803,2.982289451183022,2.906956644615843,2.9246819019317627,78330,0.0,0.0
1998-07-23 00:00:00-04:00,2.9069584181008614,3.048761489088858,2.8892331499710626,2.9113898277282715,240468,0.0,0.0
1998-07-24 00:00:00-04:00,2.906956644615843,2.9246819019317627,2.8360552449725485,2.9246819019317627,109005,0.0,0.0
1998-07-27 00:00:00-04:00,2.8183302344078625,3.0398968962045636,2.809467604973959,2.977858304977417,277716,0.0,0.0
1998-07-28 00:00:00-04:00,3.022171468729365,3.1196605722531925,2.9867209529715417,3.0398967266082764,304556,0.0,0.0
1998-07-29 00:00:00-04:00,2.9689951738659976,2.973426580429077,2.9689951738659976,2.973426580429077,38891,0.0,0.0
1998-07-30 00:00:00-04:00,2.960131326871944,3.155110196709752,2.960131326871944,3.0487585067749023,15337,0.0,0.0
1998-07-31 00:00:00-04:00,2.97785735661291,3.013308048248291,2.906955973342149,3.013308048248291,260735,0.0,0.0
1998-08-03 00:00:00-04:00,3.0842095661909865,3.1905612753614423,2.9778574866409837,3.0044455528259277,102614,0.0,1.5
1998-08-04 00:00:00-04:00,3.1373855133711013,3.1373855133711013,2.871505221901207,3.0044455528259277,153374,0.0,0.0
1998-08-05 00:00:00-04:00,2.844917340906037,3.0842095661909865,2.844917340906037,3.0044455528259277,370653,0.0,0.0
1998-08-06 00:00:00-04:00,3.084210303963904,3.110798191319154,3.031034158873768,3.0775632858276367,238459,0.0,0.0
1998-08-07 00:00:00-04:00,3.084209324341094,3.163973331451416,3.044327043001294,3.163973331451416,67192,0.0,0.0
1998-08-10 00:00:00-04:00,2.898094040385193,3.2437384128570557,2.898094040385193,3.2437384128570557,48568,0.0,0.0
1998-08-11 00:00:00-04:00,2.977859860999899,2.9845068828460537,2.8848019255335733,2.9113898277282715,288488,0.0,0.0
1998-08-12 00:00:00-04:00,2.8980929086470235,3.1440321025624307,2.8980929086470235,3.0842089653015137,469980,0.0,0.0
1998-08-13 00:00:00-04:00,3.0842096580026745,3.137385606765747,2.9113875930354656,3.137385606765747,254162,0.0,0.0
1998-08-14 00:00:00-04:00,3.1905606537517093,3.1905606537517093,2.8980929086470235,3.0842089653015137,113569,0.0,0.0
1998-08-17 00:00:00-04:00,3.1639731195124465,3.1639731195124465,2.9246809290207256,3.0576212406158447,82530,0.0,0.0
1998-08-18 00:00:00-04:00,3.0576217172734284,3.097503446589698,2.9113875369118616,2.918034553527832,1033810,0.0,0.0
1998-08-19 00:00:00-04:00,2.9512696266174316,2.991151916373186,2.871505602675317,2.9512696266174316,774536,0.0,0.0
1998-08-20 00:00:00-04:00,2.991152341723184,2.991152341723184,2.8715060110112813,2.977858304977417,185874,0.0,0.0
1998-08-21 00:00:00-04:00,3.0044459953500837,3.0044459953500837,2.7651537348198323,2.864858627319336,173823,0.0,0.0
1998-08-24 00:00:00-04:00,2.9512706016757546,2.9512706016757546,2.7917425010856833,2.818330764770508,25927,0.0,0.0
1998-08-25 00:00:00-04:00,2.8715060110112813,3.004446378468951,2.80503638285192,2.977858304977417,342534,0.0,0.0
1998-08-26 00:00:00-04:00,2.9246824159057274,2.964564344470168,2.818330482940659,2.884800672531128,282645,0.0,0.0
1998-08-27 00:00:00-04:00,2.7651532960104133,2.92468132092146,2.7651532960104133,2.8249764442443848,85451,0.0,0.0
1998-08-28 00:00:00-04:00,2.8648590298136787,2.931329214405051,2.7651541233062744,2.7651541233062744,589027,0.0,0.0
1998-08-31 00:00:00-04:00,2.791742361954781,2.871506408274649,2.419510207525347,2.499274253845215,548858,0.0,0.0
1998-09-01 00:00:00-04:00,2.5657439744136075,2.871505879627163,2.3929215046260306,2.7917418479919434,234077,0.0,0.0
1998-09-02 00:00:00-04:00,2.6588027477264404,2.7850955689763714,2.6322144832061487,2.6588027477264404,203768,0.0,0.0
1998-09-03 00:00:00-04:00,2.6720959384547247,2.765154007805783,2.6056259418296315,2.645508050918579,93850,0.0,0.0
1998-09-04 00:00:00-04:00,2.6986836837172623,2.818330004676395,2.5923317687998746,2.7252719402313232,189526,0.0,0.0
1998-09-08 00:00:00-04:00,2.7119784507906477,2.8980948150655435,2.685390557485542,2.818330764770508,33596,0.0,0.0
1998-09-09 00:00:00-04:00,2.818329674599571,2.818329674599571,2.685389518737793,2.685389518737793,16798,0.0,0.0
1998-09-10 00:00:00-04:00,2.6853896357251914,2.8449176815572392,2.6056256128091673,2.838270664215088,140227,0.0,0.0
1998-09-11 00:00:00-04:00,2.7651533069552103,2.844917319726449,2.6588014133867404,2.8050355911254883,411552,0.0,0.0
1998-09-14 00:00:00-04:00,2.8183317070720246,3.0177418068869066,2.751861488610476,2.9113898277282715,1239404,0.0,0.0
1998-09-15 00:00:00-04:00,2.9778560771116394,3.1107959747314453,2.898092101501818,3.1107959747314453,250145,0.0,0.0
1998-09-16 00:00:00-04:00,3.0310334338210985,3.0310334338210985,2.951269235266266,3.0044455528259277,15703,0.0,0.0
1998-09-17 00:00:00-04:00,2.9512696266174316,2.9512696266174316,2.8183298336336384,2.9512696266174316,33231,0.0,0.0
1998-09-18 00:00:00-04:00,3.0310338357493443,3.0310338357493443,2.871505602675317,2.9512696266174316,112109,0.0,0.0
1998-09-21 00:00:00-04:00,2.8183297317664424,2.8914469208279097,2.8183297317664424,2.8715054988861084,226043,0.0,0.0
1998-09-22 00:00:00-04:00,2.8715059194128765,2.9778582099864717,2.7917418866724986,2.8980941772460938,349838,0.0,0.0
1998-09-23 00:00:00-04:00,3.0842092063193935,3.0842092063193935,2.8183291310626832,2.858211040496826,251971,0.0,0.0
1998-09-24 00:00:00-04:00,2.974534172696007,2.977857773884606,2.8582116497010874,2.8715054988861084,194638,0.0,0.0
1998-09-25 00:00:00-04:00,2.8183301445057163,2.9778582099864717,2.8183301445057163,2.8980941772460938,19354,0.0,0.0
1998-09-28 00:00:00-04:00,2.8183297317664424,2.977857773884606,2.8183297317664424,2.8715054988861084,31405,0.0,0.0
1998-09-29 00:00:00-04:00,2.8183299876566292,2.9778580442591376,2.8183299876566292,2.9246819019317627,80704,0.0,0.0
1998-09-30 00:00:00-04:00,2.818329898071971,3.1905617713928223,2.818329898071971,3.1905617713928223,387086,0.0,0.0
1998-10-01 00:00:00-04:00,2.8715057596043874,2.9845050620500597,2.8715057596043874,2.9246819019317627,143149,0.0,0.0
1998-10-02 00:00:00-04:00,2.8715060110112813,3.0310342667706602,2.8183302344078625,2.977858304977417,163233,0.0,0.0
1998-10-05 00:00:00-04:00,3.0576225254520186,3.0576225254520186,2.7651540874247944,2.977858304977417,240285,0.0,0.0
1998-10-06 00:00:00-04:00,2.838270324359801,3.0044455528259277,2.838270324359801,3.0044455528259277,23371,0.0,0.0
1998-10-07 00:00:00-04:00,3.004446378468951,3.004446378468951,2.7651540874247944,2.977858304977417,182588,0.0,0.0
1998-10-08 00:00:00-04:00,2.7119783156349127,2.7983893812472576,2.4460980995054027,2.499274253845215,463772,0.0,0.0
1998-10-09 00:00:00-04:00,2.6588024246867663,2.6588024246867663,2.4992741532764673,2.579038381576538,439671,0.0,0.0
1998-10-12 00:00:00-04:00,2.6388613178488898,2.6588027477264404,2.565744655259812,2.6588027477264404,61715,0.0,0.0
1998-10-13 00:00:00-04:00,2.738566217539358,2.7651541060198657,2.565744109061845,2.711977958679199,176745,0.0,0.0
1998-10-14 00:00:00-04:00,2.645508127092541,3.0842104137537283,2.645508127092541,2.977858304977417,332674,0.0,0.0
1998-10-15 00:00:00-04:00,2.977858865360579,2.977858865360579,2.7585075881568364,2.818330764770508,400232,0.0,0.0
1998-10-16 00:00:00-04:00,2.7518592739617085,2.8316234719227196,2.6853892941839717,2.8050355911254883,1353704,0.0,0.0
1998-10-19 00:00:00-04:00,2.8848019255335733,2.9379777299229697,2.8183317070720246,2.9113898277282715,85816,0.0,0.0
1998-10-20 00:00:00-04:00,2.924681433499152,3.110797531455999,2.924681433499152,3.031033515930176,109553,0.0,0.0
1998-10-21 00:00:00-04:00,2.9778577346736372,2.9911517688734004,2.9512694810843225,2.957916498184204,267308,0.0,0.0
1998-10-22 00:00:00-04:00,2.9778578520503562,3.124091863632202,2.9645636321367927,3.124091863632202,180762,0.0,0.0
1998-10-23 00:00:00-04:00,3.057622087770703,3.084209972266507,2.9911519135566977,3.070915937423706,465963,0.0,0.0
1998-10-26 00:00:00-05:00,2.9911529175490865,3.2437392939643335,2.9778588782440885,3.1506810188293457,259274,0.0,0.0
1998-10-27 00:00:00-05:00,3.110797930816785,3.1905617713928223,3.0310339050509443,3.1905617713928223,87642,0.0,0.0
1998-10-28 00:00:00-05:00,3.004446956854085,3.1506810188293457,3.004446956854085,3.1506810188293457,79243,0.0,0.0
1998-10-29 00:00:00-05:00,2.8980945798793307,3.1373867113453993,2.871506318352197,3.117445468902588,453547,0.0,0.0
1998-10-30 00:00:00-05:00,3.0310333962414315,3.2703254333697926,3.0310333962414315,3.250384569168091,1015187,0.0,0.0
1998-11-02 00:00:00-05:00,3.144031226920926,3.2437362427306238,3.1107959747314453,3.1107959747314453,1296006,0.0,0.0
1998-11-03 00:00:00-05:00,3.19056276636462,3.19056276636462,3.1107989009143506,3.1506810188293457,433098,0.0,0.0
1998-11-04 00:00:00-05:00,3.150678932623906,3.1905606537517093,3.0842089653015137,3.0842089653015137,86912,0.0,0.0
1998-11-05 00:00:00-05:00,3.0310329360395496,3.163973059941959,3.0310329360395496,3.1141207218170166,104075,0.0,0.0
1998-11-06 00:00:00-05:00,3.124092450034068,3.170621395111084,3.1107984128149684,3.170621395111084,57332,0.0,0.0
1998-11-09 00:00:00-05:00,3.1706205052964997,3.19056137033904,3.0842096580026745,3.137385606765747,334500,0.0,0.0
1998-11-10 00:00:00-05:00,3.0842089653015137,3.1639729631263322,3.070914934799087,3.0842089653015137,132924,0.0,0.0
1998-11-11 00:00:00-05:00,3.163974787682688,3.163974787682688,3.070916705692021,3.117445468902588,100058,0.0,0.0
1998-11-12 00:00:00-05:00,3.137385606765747,3.137385606765747,3.0709156245144618,3.137385606765747,22276,0.0,0.0
1998-11-13 00:00:00-05:00,3.031033524049823,3.15067964025396,3.031033524049823,3.137385606765747,67557,0.0,0.0
1998-11-16 00:00:00-05:00,3.0310339098168715,3.097503900527954,3.0310339098168715,3.097503900527954,143879,0.0,0.0
1998-11-17 00:00:00-05:00,3.1772673635014295,3.2437375237514976,3.0576214454308257,3.163973331451416,332674,0.0,0.0
1998-11-18 00:00:00-05:00,3.177268234387576,3.2437384128570557,3.1240920916119927,3.2437384128570557,71939,0.0,0.0
1998-11-19 00:00:00-05:00,3.1905617713928223,3.217150212090975,3.1639740714538798,3.1905617713928223,497003,0.0,0.0
1998-11-20 00:00:00-05:00,3.1639736737421726,3.2171498076950242,3.057621776216028,3.137385606765747,250510,0.0,0.0
1998-11-23 00:00:00-05:00,3.0576225278450075,3.2038561914035926,3.0576225278450075,3.197209358215332,281185,0.0,0.0
1998-11-24 00:00:00-05:00,3.203856302969001,3.203856302969001,3.170621395111084,3.170621395111084,75591,0.0,0.0
1998-11-25 00:00:00-05:00,3.1639736737421726,3.1639736737421726,3.031033524049823,3.137385606765747,372844,0.0,0.0
1998-11-27 00:00:00-05:00,3.1373850571934225,3.1373850571934225,3.0576212406158447,3.0576212406158447,11686,0.0,0.0
1998-11-30 00:00:00-05:00,3.084208106321296,3.1373840283312813,3.0576202379111463,3.1107959747314453,137671,0.0,0.0
1998-12-01 00:00:00-05:00,3.1373863780023856,3.197209358215332,3.110798304490043,3.197209358215332,205228,0.0,0.0
1998-12-02 00:00:00-05:00,3.2038550572219386,3.2038550572219386,3.1240912353013752,3.163973331451416,68653,0.0,0.0
1998-12-03 00:00:00-05:00,3.197207460850186,3.197207460850186,3.1240904872719337,3.1573257446289062,134750,0.0,0.0
1998-12-04 00:00:00-05:00,3.190559833899239,3.243736312624087,3.183913005545745,3.2304422855377197,324641,0.0,0.0
1998-12-07 00:00:00-05:00,3.2570317050489046,3.2570317050489046,3.1307389359943016,3.2171499729156494,1160161,0.0,0.0
1998-12-08 00:00:00-05:00,3.257031932281337,3.6691462795733143,3.1905617567892106,3.5229122638702393,1155049,0.0,0.0
1998-12-09 00:00:00-05:00,3.522912159248148,3.536206193951772,3.456442356109619,3.456442356109619,299444,0.0,0.0
1998-12-10 00:00:00-05:00,3.409913700145728,3.536206868739952,3.409913700145728,3.4697370529174805,200116,0.0,0.0
1998-12-11 00:00:00-05:00,3.5362062989686645,3.5893820689827627,3.4630892911171274,3.5229122638702393,156295,0.0,0.0
1998-12-14 00:00:00-05:00,3.443147201273756,3.509617360317858,3.376677412609166,3.4032654762268066,63175,0.0,0.0
1998-12-15 00:00:00-05:00,3.376677433373292,3.429853190556054,3.303560443164919,3.3401191234588623,116126,0.0,0.0
1998-12-16 00:00:00-05:00,3.2969141558481403,3.429853755907576,3.2969141558481403,3.376677989959717,213627,0.0,0.0
1998-12-17 00:00:00-05:00,3.3899721825914986,3.456442356109619,3.3235020090733776,3.456442356109619,49664,0.0,0.0
1998-12-18 00:00:00-05:00,3.509617360317858,3.509617360317858,3.376677412609166,3.4032654762268066,311129,0.0,0.0
1998-12-21 00:00:00-05:00,3.3800015639688823,3.6093231996319086,3.350090078480626,3.456442356109619,310764,0.0,0.0
1998-12-22 00:00:00-05:00,3.4963240898408996,3.522912159248148,3.456442356109619,3.456442356109619,50029,0.0,0.0
1998-12-23 00:00:00-05:00,3.456441707297031,3.536205530166626,3.3966183771704315,3.536205530166626,52950,0.0,0.0
1998-12-24 00:00:00-05:00,3.5362068333701884,3.5362068333701884,3.4298545365105277,3.5096187591552734,51490,0.0,0.0
1998-12-28 00:00:00-05:00,3.4298541232378796,3.566117894575605,3.4298541232378796,3.496324300765991,282280,0.0,0.0
1998-12-29 00:00:00-05:00,3.6159705095592165,3.6159705095592165,3.4564424587577163,3.5229122638702393,140227,0.0,0.0
1998-12-30 00:00:00-05:00,3.542852781086649,3.722321662841773,3.509617514910882,3.6824395656585693,306747,0.0,0.0
1998-12-31 00:00:00-05:00,3.699056973175667,3.855261574320016,3.699056973175667,3.8353207111358643,134019,0.0,0.0
1999-01-04 00:00:00-05:00,3.7223213314297454,3.855261273158095,3.642557144165039,3.642557144165039,436749,0.0,0.0
1999-01-05 00:00:00-05:00,3.7223234061854464,3.8020876379092923,3.403267220049466,3.4165608882904053,396945,0.0,0.0
1999-01-06 00:00:00-05:00,3.4497935661827537,3.5229109164484087,3.2969131469726562,3.2969131469726562,338517,0.0,0.0
1999-01-07 00:00:00-05:00,3.296913651951552,3.296913651951552,3.0576214454308257,3.163973331451416,2689149,0.0,0.0
1999-01-08 00:00:00-05:00,3.2703246969477062,3.4298526857769285,3.243737007459052,3.3567357063293457,2701930,0.0,0.0
1999-01-11 00:00:00-05:00,3.389972024041575,3.48302989223501,3.3235018536322825,3.376677989959717,820548,0.0,0.0
1999-01-12 00:00:00-05:00,3.376677412609166,3.429853169464936,3.350089348991525,3.4032654762268066,991085,0.0,0.0
1999-01-13 00:00:00-05:00,3.316855112570965,3.4032661512785234,3.2703258068210603,3.3700308799743652,410822,0.0,0.0
1999-01-14 00:00:00-05:00,3.263677686850043,3.2969129450386445,3.1240905654444573,3.257030487060547,430541,0.0,0.0
1999-01-15 00:00:00-05:00,3.190560536482759,3.310206806606999,3.190560536482759,3.2969131469726562,264752,0.0,0.0
1999-01-19 00:00:00-05:00,3.296914407956216,3.54950033406709,3.257031932281337,3.5229122638702393,265847,0.0,0.0
1999-01-20 00:00:00-05:00,3.4298536965473536,3.4298536965473536,3.2703256607055664,3.2703256607055664,327197,0.0,0.0
1999-01-21 00:00:00-05:00,3.2437382824095224,3.2437382824095224,3.1639740714538798,3.1905617713928223,328292,0.0,0.0
1999-01-22 00:00:00-05:00,3.1905618997018523,3.3102082209469152,3.1639741986936807,3.2437384128570557,147896,0.0,0.0
1999-01-25 00:00:00-05:00,3.1639739396081668,3.296914285661158,3.1639739396081668,3.2836198806762695,190987,0.0,0.0
1999-01-26 00:00:00-05:00,3.1772678491114137,3.376677989959717,3.1772678491114137,3.376677989959717,824200,0.0,0.0
1999-01-27 00:00:00-05:00,3.2836190659114814,3.416559008598479,3.2703250346048316,3.3102071285247803,264022,0.0,0.0
1999-01-28 00:00:00-05:00,3.2969138912636407,3.38997175198898,3.2703254548541287,3.3235015869140625,56967,0.0,0.0
1999-01-29 00:00:00-05:00,3.2969151721745096,3.469737298134256,3.2969151721745096,3.4431488513946533,284837,0.0,0.0
1999-02-01 00:00:00-05:00,3.4365020174945196,3.4763841320343896,3.3235028781547338,3.4431488513946533,330483,0.0,0.0
1999-02-02 00:00:00-05:00,3.3633842441835045,3.496324611037133,3.3633842441835045,3.46308970451355,48568,0.0,0.0
1999-02-03 00:00:00-05:00,3.376678410094156,3.562794540017616,3.3500903386222873,3.556147336959839,341439,0.0,0.0
1999-02-04 00:00:00-05:00,3.456442316166223,3.549500187636603,3.403266177966241,3.4232070446014404,155930,0.0,0.0
1999-02-05 00:00:00-05:00,3.52291185424184,3.52291185424184,3.3500897884368896,3.3500897884368896,1273000,0.0,0.0
1999-02-08 00:00:00-05:00,3.4564413349462604,3.4564413349462604,3.2570308733052826,3.2636780738830566,59158,0.0,0.0
1999-02-09 00:00:00-05:00,3.296914555632639,3.403266470804186,3.1905618997018523,3.2437384128570557,176380,0.0,0.0
1999-02-10 00:00:00-05:00,3.2437370269174384,3.3766769566760213,3.2437370269174384,3.2969131469726562,89103,0.0,0.0
1999-02-11 00:00:00-05:00,3.3766777189739967,3.3766777189739967,3.2969138912636407,3.3235015869140625,55872,0.0,0.0
1999-02-12 00:00:00-05:00,3.296914555632639,3.316855423983673,3.2304443771631597,3.2437384128570557,416300,0.0,0.0
1999-02-16 00:00:00-05:00,3.2703271337203916,3.2836211735600487,3.2703271337203916,3.2802977561950684,138036,0.0,0.0
1999-02-17 00:00:00-05:00,3.3102082209469152,3.3102082209469152,3.2437384128570557,3.2437384128570557,56602,0.0,0.0
1999-02-18 00:00:00-05:00,3.243738041257538,3.2969141779413143,3.2171499729156494,3.2171499729156494,225678,0.0,0.0
1999-02-19 00:00:00-05:00,3.2437375237514976,3.296913651951552,3.163973331451416,3.163973331451416,308938,0.0,0.0
1999-02-22 00:00:00-05:00,3.1639728468346116,3.2969131469726562,3.1639728468346116,3.2969131469726562,290679,0.0,0.0
1999-02-23 00:00:00-05:00,3.2437378903952125,3.3500897884368896,3.1639736890792847,3.3500897884368896,146070,0.0,0.0
1999-02-24 00:00:00-05:00,3.163972150105885,3.350088158935643,3.163972150105885,3.2304422855377197,241016,0.0,0.0
1999-02-25 00:00:00-05:00,3.243736312624087,3.270323996417441,3.1373840959331507,3.2304422855377197,710265,0.0,0.0
1999-02-26 00:00:00-05:00,3.257030487060547,3.3235006330583112,3.1373845946440104,3.257030487060547,134019,0.0,0.0
1999-03-01 00:00:00-05:00,3.3301484182317815,3.3500896529440296,3.1373854950838385,3.3235015869140625,231156,0.0,0.0
1999-03-02 00:00:00-05:00,3.3500888966484124,3.3500888966484124,3.2437370269174384,3.2969131469726562,282645,0.0,0.0
1999-03-03 00:00:00-05:00,3.223795981554861,3.350089088737739,3.223795981554861,3.2636780738830566,156660,0.0,0.0
1999-03-04 00:00:00-05:00,3.2836185454596527,3.3102066038587585,3.243736828240433,3.257030487060547,234442,0.0,0.0
1999-03-05 00:00:00-05:00,3.2570316268537867,3.2969140987886942,3.1240916587155585,3.2703256607055664,54046,0.0,0.0
1999-03-08 00:00:00-05:00,3.124092429537764,3.2703264676087924,3.124092429537764,3.144033670425415,618606,0.0,0.0
1999-03-09 00:00:00-05:00,3.2969141779413143,3.2969141779413143,3.110797699548097,3.2171499729156494,311129,0.0,0.0
1999-03-10 00:00:00-05:00,3.1639740714538798,3.2769728147382997,3.124091965976058,3.1905617713928223,873864,0.0,0.0
1999-03-11 00:00:00-05:00,3.1639740714538798,3.2703259823484654,3.1639740714538798,3.1905617713928223,26658,0.0,0.0
1999-03-12 00:00:00-05:00,3.1772680025272706,3.243738176146106,3.110797828908435,3.124091863632202,456834,0.0,0.0
1999-03-15 00:00:00-05:00,3.124092450034068,3.170621395111084,3.0842105235666013,3.170621395111084,1331063,0.0,0.0
1999-03-16 00:00:00-05:00,3.170620850792653,3.243738228135056,3.150679983577197,3.2038557529449463,1554185,0.0,0.0
1999-03-17 00:00:00-05:00,3.223797252922947,3.29691463621633,3.1373862039903613,3.187238931655884,549588,0.0,0.0
1999-03-18 00:00:00-05:00,3.203855403827253,3.24373787467145,3.110797539789321,3.137385606765747,318067,0.0,0.0
1999-03-19 00:00:00-05:00,3.137386006068485,3.1639740764288393,3.0576221653670284,3.097503900527954,597791,0.0,0.0
1999-03-22 00:00:00-05:00,3.1174436711781035,3.1174436711781035,3.070914934799087,3.0842089653015137,70844,0.0,0.0
1999-03-23 00:00:00-05:00,3.07091508658561,3.110796994874399,3.0576212406158447,3.0576212406158447,173093,0.0,0.0
1999-03-24 00:00:00-05:00,3.0576222577502,3.0576222577502,2.9113880515397272,2.9246819019317627,1220780,0.0,0.0
1999-03-25 00:00:00-05:00,2.931326983311927,3.1373840283312813,2.924679969911968,3.1107959747314453,534981,0.0,0.0
1999-03-26 00:00:00-05:00,3.137384786807003,3.456441136758848,3.0443265767103718,3.2969131469726562,294331,0.0,0.0
1999-03-29 00:00:00-05:00,3.2437382824095224,3.247061328224835,3.137386001135332,3.1905617713928223,235538,0.0,0.0
1999-03-30 00:00:00-05:00,3.1639737602708973,3.310207762260905,3.1639737602708973,3.2703256607055664,296887,0.0,0.0
1999-03-31 00:00:00-05:00,3.2969138912636407,3.3633833155794677,3.230443726188723,3.3235015869140625,647090,0.0,0.0
1999-04-01 00:00:00-05:00,3.2969131469726562,3.3766769566760213,3.2969131469726562,3.2969131469726562,166155,0.0,0.0
1999-04-05 00:00:00-04:00,3.243737737573911,3.5096176553415583,3.243737737573911,3.3633832931518555,114665,0.0,0.0
1999-04-06 00:00:00-04:00,3.4032659226475084,3.4032659226475084,3.2437378903952125,3.3500897884368896,59524,0.0,0.0
1999-04-07 00:00:00-04:00,3.350089348991525,3.5229113921266784,3.2437374649004735,3.4032654762268066,140227,0.0,0.0
1999-04-08 00:00:00-04:00,3.4830315039787902,3.4830315039787902,3.217151440066987,3.2237982749938965,78147,0.0,0.0
1999-04-09 00:00:00-04:00,3.243736312624087,3.270323996417441,3.190559833899239,3.2304422855377197,106996,0.0,0.0
1999-04-12 00:00:00-04:00,3.2703259823484654,3.2703259823484654,3.1772681066131536,3.1905617713928223,176745,0.0,0.0
1999-04-13 00:00:00-04:00,3.3035613882897774,3.316855423983673,3.1905618997018523,3.2437384128570557,189161,0.0,0.0
1999-04-14 00:00:00-04:00,3.257032078171332,3.296914555632639,3.1905618997018523,3.2437384128570557,170902,0.0,0.0
1999-04-15 00:00:00-04:00,3.2969149377396976,3.2969149377396976,2.9778584144876863,3.0243873596191406,548858,0.0,0.0
1999-04-16 00:00:00-04:00,3.0177391172897168,3.0576213980109928,2.984504222869873,2.984504222869873,521470,0.0,0.0
1999-04-19 00:00:00-04:00,3.0443270912214246,3.0443270912214246,2.765153154508246,2.8316233158111572,1182802,0.0,0.0
1999-04-20 00:00:00-04:00,2.871505602675317,2.9778578815178673,2.871505602675317,2.9512696266174316,125620,0.0,0.0
1999-04-21 00:00:00-04:00,2.898094030987473,2.9911520953531725,2.898094030987473,2.904741048812866,316607,0.0,0.0
1999-04-22 00:00:00-04:00,2.991152103148813,2.991152103148813,2.911388074226017,2.9645638465881348,326832,0.0,0.0
1999-04-23 00:00:00-04:00,3.057621776216028,3.1639736737421726,2.984504592030857,3.137385606765747,106631,0.0,0.0
1999-04-26 00:00:00-04:00,3.1506807495140436,3.1506807495140436,3.117445468902588,3.117445468902588,71574,0.0,0.0
1999-04-27 00:00:00-04:00,3.1307380720600047,3.1307380720600047,3.0842089653015137,3.0842089653015137,52220,0.0,0.0
1999-04-28 00:00:00-04:00,3.0842105271750797,3.0842105271750797,3.0243873596191406,3.0243873596191406,192082,0.0,0.0
1999-04-29 00:00:00-04:00,3.03768008570214,3.03768008570214,2.9645630932032927,2.971210479736328,188795,0.0,0.0
1999-04-30 00:00:00-04:00,2.9778577346736372,3.057621939872215,2.957916498184204,2.957916498184204,147531,0.0,0.0
1999-05-03 00:00:00-04:00,2.9712104693575085,2.9712104693575085,2.818329283550575,2.8316233158111572,228965,0.0,0.0
1999-05-04 00:00:00-04:00,2.8316234930033386,3.0044455528259277,2.8316234930033386,3.0044455528259277,800464,0.0,0.0
1999-05-05 00:00:00-04:00,2.9911513430070955,2.9911513430070955,2.9579160770497825,2.971210479736328,323545,0.0,0.0
1999-05-06 00:00:00-04:00,2.9778588231542895,3.057623057508657,2.9778588231542895,3.050976037979126,208880,0.0,0.0
1999-05-07 00:00:00-04:00,3.044328230281289,3.044328230281289,3.0044464889569924,3.0243873596191406,288488,0.0,0.0
1999-05-10 00:00:00-04:00,2.9778580597023856,2.9911520953531725,2.878152792321483,2.904741048812866,461946,0.0,0.0
1999-05-11 00:00:00-04:00,2.884800349153135,3.0110931396484375,2.8582120911075752,3.0110931396484375,335961,0.0,0.0
1999-05-12 00:00:00-04:00,3.0044460246463203,3.1639740764288393,2.991151989466143,3.097503900527954,9681520,0.0,0.0
1999-05-13 00:00:00-04:00,3.0842089139593063,3.137384849894064,3.0709148836781837,3.1307380199432373,922067,0.0,0.0
1999-05-14 00:00:00-04:00,3.0443273641929975,3.057621768025155,2.8715052996887507,3.031033515930176,554336,0.0,0.0
1999-05-17 00:00:00-04:00,3.0310338214696584,3.0310338214696584,2.977857867488702,2.9977989196777344,238459,0.0,0.0
1999-05-18 00:00:00-04:00,3.0842096497405773,3.0842096497405773,3.0177394824775754,3.031033515930176,176380,0.0,0.0
1999-05-19 00:00:00-04:00,3.0376800046689474,3.0842093016920638,3.0376800046689474,3.0443270206451416,106996,0.0,0.0
1999-05-20 00:00:00-04:00,3.084208106321296,3.130737200121008,3.0443258407318563,3.1107959747314453,568212,0.0,0.0
1999-05-21 00:00:00-04:00,3.124090871619054,3.1440321025624307,3.0443266886044977,3.0842089653015137,457929,0.0,0.0
1999-05-24 00:00:00-04:00,3.097504210360525,3.097504210360525,3.0576224712103675,3.0642693042755127,385625,0.0,0.0
1999-05-25 00:00:00-04:00,3.057621768025155,3.057621768025155,2.9778575673095533,3.031033515930176,261465,0.0,0.0
1999-05-26 00:00:00-04:00,3.0177392224313726,3.0177392224313726,2.918034350508248,2.971210479736328,720125,0.0,0.0
1999-05-27 00:00:00-04:00,2.9778576535109567,2.9778576535109567,2.8847997870285234,2.931328535079956,228234,0.0,0.0
1999-05-28 00:00:00-04:00,2.924682797505561,2.957917711447301,2.9113889430427844,2.937976837158203,69018,0.0,0.0
1999-06-01 00:00:00-04:00,2.944622791606894,3.084209972266507,2.944622791606894,3.070915937423706,138767,0.0,0.0
1999-06-02 00:00:00-04:00,3.0709159099269296,3.1373858983559693,3.057622060392959,3.124091863632202,439306,0.0,0.0
1999-06-03 00:00:00-04:00,3.1174452257819936,3.190562244817508,3.0842105033319513,3.144033670425415,297252,0.0,0.0
1999-06-04 00:00:00-04:00,3.1307380199432373,3.16397291045631,3.1107967893318182,3.1307380199432373,848302,0.0,0.0
1999-06-07 00:00:00-04:00,3.163974540933406,3.163974540933406,3.1373864666696445,3.144033670425415,84355,0.0,0.0
1999-06-08 00:00:00-04:00,3.144034184366707,3.1506810188293457,3.137386979524347,3.1506810188293457,82164,0.0,0.0
1999-06-09 00:00:00-04:00,3.144032468566155,3.1772673635014295,3.137385267351389,3.163973331451416,87642,0.0,0.0
1999-06-10 00:00:00-04:00,3.1506792994014026,3.163973331451416,3.137385267351389,3.163973331451416,61715,0.0,0.0
1999-06-11 00:00:00-04:00,3.157327707557296,3.1839154114413972,3.1373864666696445,3.144033670425415,187335,0.0,0.0
1999-06-14 00:00:00-04:00,3.1506803001367563,3.1506803001367563,3.07091626769137,3.0775632858276367,62810,0.0,0.0
1999-06-15 00:00:00-04:00,3.07091626769137,3.104151173182887,3.07091626769137,3.0775632858276367,107727,0.0,0.0
1999-06-16 00:00:00-04:00,3.0576222815759846,3.0576222815759846,2.9313289425643583,2.9645638465881348,273881,0.0,0.0
1999-06-17 00:00:00-04:00,2.9379761010213734,2.9379761010213734,2.884800326114213,2.8980941772460938,256718,0.0,0.0
1999-06-18 00:00:00-04:00,2.884800399443248,2.884800399443248,2.85156512260437,2.85156512260437,216549,0.0,0.0
1999-06-21 00:00:00-04:00,2.8582124115050993,2.884800672531128,2.8316245208587527,2.884800672531128,137671,0.0,0.0
1999-06-22 00:00:00-04:00,2.884800326114213,2.8980941772460938,2.8582120682809955,2.8980941772460938,185874,0.0,0.0
1999-06-23 00:00:00-04:00,2.898093752825524,2.898093752825524,2.851564632513681,2.8715054988861084,513436,0.0,0.0
1999-06-24 00:00:00-04:00,2.871505704812229,2.871505704812229,2.745212924763973,2.7585067749023438,314416,0.0,0.0
1999-06-25 00:00:00-04:00,2.7585065495382004,2.811682686506526,2.725271649122787,2.738565683364868,303095,0.0,0.0
1999-06-28 00:00:00-04:00,2.738565975893449,2.7518598263657656,2.6986836837172623,2.7252719402313232,472902,0.0,0.0
1999-06-29 00:00:00-04:00,2.718623813788981,2.7850937843322754,2.718623813788981,2.7850937843322754,329023,0.0,0.0
1999-06-30 00:00:00-04:00,2.785093953142844,3.0443270206451416,2.778447122356408,3.0443270206451416,235903,0.0,0.0
1999-07-01 00:00:00-04:00,3.044327655289599,3.124091863632202,2.9645636321367927,3.124091863632202,316242,0.0,0.0
1999-07-02 00:00:00-04:00,3.150678623843563,3.2703245162601,3.1373845946440104,3.257030487060547,236268,0.0,0.0
1999-07-06 00:00:00-04:00,3.283619751386707,3.429853755907576,3.283619751386707,3.376677989959717,629197,0.0,0.0
1999-07-07 00:00:00-04:00,3.376677412609166,3.443147201273756,3.3633830104208338,3.4032654762268066,241746,0.0,0.0
1999-07-08 00:00:00-04:00,3.38997175198898,3.38997175198898,3.290266319186831,3.3235015869140625,249049,0.0,0.0
1999-07-09 00:00:00-04:00,3.3235012853738843,3.4032654762268066,3.3235012853738843,3.4032654762268066,249049,0.0,0.0
1999-07-12 00:00:00-04:00,3.4032664840948113,3.4032664840948113,3.3235022696199366,3.389972448348999,139497,0.0,0.0
1999-07-13 00:00:00-04:00,3.3966185606574686,3.3966185606574686,3.3567364618784588,3.3633832931518555,105901,0.0,0.0
1999-07-14 00:00:00-04:00,3.3500896529440296,3.3567364842617486,3.2969138912636407,3.3235015869140625,494812,0.0,0.0
1999-07-15 00:00:00-04:00,3.316854329367854,3.32350115983143,3.2769718650684077,3.3102071285247803,559083,0.0,0.0
1999-07-16 00:00:00-04:00,3.3035618288194573,3.3833260536193848,3.2969149952759644,3.3833260536193848,102249,0.0,0.0
1999-07-19 00:00:00-04:00,3.3833262651965206,3.5096190734579875,3.3833262651965206,3.476384162902832,168346,0.0,0.0
1999-07-20 00:00:00-04:00,3.5229119944805856,3.5229119944805856,3.370030787729,3.376677989959717,138767,0.0,0.0
1999-07-21 00:00:00-04:00,3.376677989959717,3.389972024041575,3.3567367536471413,3.376677989959717,67923,0.0,0.0
1999-07-22 00:00:00-04:00,3.389971722055533,3.409912586212158,3.383324890796506,3.409912586212158,35787,0.0,0.0
1999-07-23 00:00:00-04:00,3.4032657549531304,3.409912586212158,3.4032657549531304,3.409912586212158,35057,0.0,0.0
1999-07-26 00:00:00-04:00,3.403267220049466,3.4165608882904053,3.3966200155492947,3.4165608882904053,85816,0.0,0.0
1999-07-27 00:00:00-04:00,3.4099139411346067,3.509619042294436,3.4099139411346067,3.4431488513946533,123794,0.0,0.0
1999-07-28 00:00:00-04:00,3.456441603462088,3.4697356352709083,3.4032654762268066,3.4032654762268066,149357,0.0,0.0
1999-07-29 00:00:00-04:00,3.3966189755014495,3.429853876686644,3.363383703936667,3.4232070446014404,347281,0.0,0.0
1999-07-30 00:00:00-04:00,3.4232070446014404,3.429853876686644,3.409913010051445,3.4232070446014404,152643,0.0,0.0
1999-08-02 00:00:00-04:00,3.429853876686644,3.429853876686644,3.409913010051445,3.4232070446014404,188795,0.0,0.0
1999-08-03 00:00:00-04:00,3.429853450368783,3.429853450368783,3.4032657549531304,3.409912586212158,257814,0.0,0.0
1999-08-04 00:00:00-04:00,3.3966192677674285,3.403266470804186,3.210503508812126,3.2437384128570557,138767,0.0,0.0
1999-08-05 00:00:00-04:00,3.230444193198219,3.230444193198219,3.163974018514034,3.2038557529449463,432732,0.0,0.0
1999-08-06 00:00:00-04:00,3.1905621546474214,3.2038561914035926,3.1839153214591605,3.197209358215332,152643,0.0,0.0
1999-08-09 00:00:00-04:00,3.190559833899239,3.2370891138912135,3.190559833899239,3.2304422855377197,23006,0.0,0.0
1999-08-10 00:00:00-04:00,3.2171505985394133,3.2171505985394133,3.1772684882708995,3.197209358215332,205959,0.0,0.0
1999-08-11 00:00:00-04:00,3.1905621546474214,3.2105037653511523,3.1905621546474214,3.197209358215332,212897,0.0,0.0
1999-08-12 00:00:00-04:00,3.223795777368237,3.3700297362634024,3.223795777368237,3.3567357063293457,242841,0.0,0.0
1999-08-13 00:00:00-04:00,3.3633823024333265,3.3633823024333265,3.3102065567709804,3.33679461479187,76687,0.0,0.0
1999-08-16 00:00:00-04:00,3.3235018536322825,3.376677989959717,3.3235018536322825,3.376677989959717,29944,0.0,0.0
1999-08-17 00:00:00-04:00,3.363383285880797,3.4232066191097554,3.350089623362742,3.409912586212158,169076,0.0,0.0
1999-08-18 00:00:00-04:00,3.403266523054584,3.403266523054584,3.3833256543973977,3.3966193199157715,89468,0.0,0.0
1999-08-19 00:00:00-04:00,3.3899709663542175,3.3899709663542175,3.3567357063293457,3.3567357063293457,35787,0.0,0.0
1999-08-20 00:00:00-04:00,3.3700316457730612,3.3899728871628776,3.3567376083064064,3.3833260536193848,64636,0.0,0.0
1999-08-23 00:00:00-04:00,3.3700316457730612,3.403266924629532,3.3700316457730612,3.3833260536193848,117221,0.0,0.0
1999-08-24 00:00:00-04:00,3.36338404498096,3.403266523054584,3.36338404498096,3.3966193199157715,199751,0.0,0.0
1999-08-25 00:00:00-04:00,3.376677696457735,3.3899717293840714,3.3500896306050616,3.3633832931518555,251971,0.0,0.0
1999-08-26 00:00:00-04:00,3.350088876552047,3.3567357063293457,3.343441676395289,3.3567357063293457,43821,0.0,0.0
1999-08-27 00:00:00-04:00,3.3567374861206507,3.3567374861206507,3.3301494121551514,3.3301494121551514,88007,0.0,0.0
1999-08-30 00:00:00-04:00,3.3301483960257854,3.3833248981106747,3.3102075318260518,3.3633832931518555,142053,0.0,0.0
1999-08-31 00:00:00-04:00,3.376677855542199,3.376677855542199,3.32350172133158,3.3500897884368896,144609,0.0,0.0
1999-09-01 00:00:00-04:00,3.376678082387031,3.389972116832777,3.3633836775616994,3.3700308799743652,150452,0.0,0.0
1999-09-02 00:00:00-04:00,3.3833262351543825,3.449795685294787,3.3567377884147804,3.4431488513946533,403518,0.0,0.0
1999-09-03 00:00:00-04:00,3.4963247220478157,3.5096187591552734,3.4896778886839166,3.5096187591552734,296157,0.0,0.0
1999-09-07 00:00:00-04:00,3.509617319471302,3.5295581817626953,3.483029256163105,3.5295581817626953,113569,0.0,0.0
1999-09-08 00:00:00-04:00,3.5295583288727714,3.536205530166626,3.5096174657502535,3.536205530166626,176014,0.0,0.0
1999-09-09 00:00:00-04:00,3.5362054331656076,3.542852634277124,3.5162642002105713,3.5162642002105713,54411,0.0,0.0
1999-09-10 00:00:00-04:00,3.5295589897386987,3.5561470591333557,3.5229121575798303,3.5495002269744873,297252,0.0,0.0
1999-09-13 00:00:00-04:00,3.549499912645133,3.6292641137655095,3.5229118456050075,3.602675676345825,1004962,0.0,0.0
1999-09-14 00:00:00-04:00,3.5893821555348935,3.6558523326298404,3.576088490495516,3.635911464691162,177475,0.0,0.0
1999-09-15 00:00:00-04:00,3.635911464691162,3.642558297210851,3.6292646321714734,3.635911464691162,6938,0.0,0.0
1999-09-16 00:00:00-04:00,3.6226162423862998,3.6226162423862998,3.589380979537964,3.589380979537964,22276,0.0,0.0
1999-09-17 00:00:00-04:00,3.5760879796852585,3.6026756763458248,3.5760879796852585,3.602675676345825,99328,0.0,0.0
1999-09-20 00:00:00-04:00,3.6159700519077966,3.6159700519077966,3.5760879516601567,3.5760879516601562,69383,0.0,0.0
1999-09-21 00:00:00-04:00,3.562793446087695,3.562793446087695,3.4963232878172037,3.5295581817626953,135115,0.0,0.0
1999-09-22 00:00:00-04:00,3.52291149795844,3.562793594582999,3.52291149795844,3.536205530166626,305286,0.0,0.0
1999-09-23 00:00:00-04:00,3.5362054331656076,3.5494994650091276,3.5096173694785673,3.5162642002105713,33961,0.0,0.0
1999-09-24 00:00:00-04:00,3.5229122638702393,3.5295590962296504,3.516265061131225,3.5229122638702393,85451,0.0,0.0
1999-09-27 00:00:00-04:00,3.5362054331656076,3.5494994650091276,3.5029701683670513,3.5162642002105713,85451,0.0,0.0
1999-09-28 00:00:00-04:00,3.5295592654879697,3.556147336959839,3.509618397073879,3.556147336959839,106996,0.0,0.0
1999-09-29 00:00:00-04:00,3.5428543024508197,3.615971326828003,3.5428543024508197,3.615971326828003,233712,0.0,0.0
1999-09-30 00:00:00-04:00,3.6026756763458248,3.615970080245447,3.596028844775573,3.602675676345825,125985,0.0,0.0
1999-10-01 00:00:00-04:00,3.6159698516976473,3.6159698516976473,3.5627937209783997,3.5827345848083496,431637,0.0,0.0
1999-10-04 00:00:00-04:00,3.589380979537964,3.6093222113228633,3.582734149195991,3.589380979537964,51855,0.0,0.0
1999-10-05 00:00:00-04:00,3.5760881247908185,3.609323024749756,3.5760881247908185,3.609323024749756,185509,0.0,0.0
1999-10-06 00:00:00-04:00,3.6093226501679734,3.6093226501679734,3.5760877536582116,3.5827345848083496,135845,0.0,0.0
1999-10-07 00:00:00-04:00,3.582734149195991,3.589380979537964,3.582734149195991,3.589380979537964,120143,0.0,0.0
1999-10-08 00:00:00-04:00,3.5893814159584876,3.5893814159584876,3.5760877536582116,3.5827345848083496,47108,0.0,0.0
1999-10-11 00:00:00-04:00,3.5893814159584876,3.5893814159584876,3.5627937209783997,3.5827345848083496,93850,0.0,0.0
1999-10-12 00:00:00-04:00,3.5827354084317076,3.5827354084317076,3.5362064685457475,3.556147336959839,77052,0.0,0.0
1999-10-13 00:00:00-04:00,3.562794261671816,3.562794261671816,3.5229121575798303,3.5495002269744873,533521,0.0,0.0
1999-10-14 00:00:00-04:00,3.549499999139432,3.549499999139432,3.5029706954956055,3.5029706954956055,61715,0.0,0.0
1999-10-15 00:00:00-04:00,3.5096174296826836,3.5096174296826836,3.4431472693248515,3.483029365539551,63540,0.0,0.0
1999-10-18 00:00:00-04:00,3.5096190734579875,3.5096190734579875,3.4165608053719834,3.476384162902832,100788,0.0,0.0
1999-10-19 00:00:00-04:00,3.4896765667650937,3.496323397611117,3.483029365539551,3.483029365539551,43821,0.0,0.0
1999-10-20 00:00:00-04:00,3.4896781319809786,3.4896781319809786,3.217150907847247,3.2370917797088623,252701,0.0,0.0
1999-10-21 00:00:00-04:00,3.110797252524336,3.110797252524336,2.7917410338396484,2.8316233158111572,4553732,0.0,0.0
1999-10-22 00:00:00-04:00,2.864858574068019,2.9379757654869447,2.858211741856096,2.87815260887146,1667024,0.0,0.0
1999-10-25 00:00:00-04:00,2.9047402606520714,2.9047402606520714,2.7917409882811604,2.7983880043029785,437114,0.0,0.0
1999-10-26 00:00:00-04:00,2.7983886715807262,2.805036059567137,2.67209570743105,2.7053306102752686,885184,0.0,0.0
1999-10-27 00:00:00-04:00,2.705330940261616,2.7186249770967827,2.685390070198692,2.711977958679199,747878,0.0,0.0
1999-10-28 00:00:00-04:00,2.725272039066045,2.898094138561629,2.725272039066045,2.8914473056793213,1011170,0.0,0.0
1999-10-29 00:00:00-04:00,3.0842100456880392,3.217150212090975,3.0310339050509443,3.1905617713928223,1582303,0.0,0.0
1999-11-01 00:00:00-05:00,3.217150106698572,3.217150106698572,3.110797828908435,3.124091863632202,585741,0.0,0.0
1999-11-02 00:00:00-05:00,3.1240910606111845,3.32350115983143,3.1240910606111845,3.3102071285247803,864369,0.0,0.0
1999-11-03 00:00:00-05:00,3.3168551819370293,3.3301488462812037,3.124091863632202,3.124091863632202,514532,0.0,0.0
1999-11-04 00:00:00-05:00,3.137385606765747,3.15067964025396,3.124091573277534,3.137385606765747,459755,0.0,0.0
1999-11-05 00:00:00-05:00,3.1506790129026494,3.177267074584961,3.1240909512203383,3.177267074584961,239190,0.0,0.0
1999-11-08 00:00:00-05:00,3.1706198584506002,3.296913336012961,3.163973028252309,3.2636780738830566,450261,0.0,0.0
1999-11-09 00:00:00-05:00,3.263679541996188,3.263679541996188,3.173945071676769,3.197209358215332,505037,0.0,0.0
1999-11-10 00:00:00-05:00,3.197209358215332,3.2038561914035926,3.1639744515147283,3.197209358215332,205228,0.0,0.0
1999-11-11 00:00:00-05:00,3.190562244817508,3.190562244817508,3.144033670425415,3.144033670425415,205228,0.0,0.0
1999-11-12 00:00:00-05:00,3.1573276183264674,3.197209358215332,3.1573276183264674,3.197209358215332,335596,0.0,0.0
1999-11-15 00:00:00-05:00,3.183913511652726,3.257030487060547,3.163972653043116,3.257030487060547,434923,0.0,0.0
1999-11-16 00:00:00-05:00,3.2570326322984218,3.2570326322984218,3.1639747369885987,3.2105040550231934,419221,0.0,0.0
1999-11-17 00:00:00-05:00,3.2105014300978594,3.2370891138912135,3.203853860985606,3.2304422855377197,251240,0.0,0.0
1999-11-18 00:00:00-05:00,3.2370907612659012,3.2902665262934514,3.2304439295297955,3.2703256607055664,196829,0.0,0.0
1999-11-19 00:00:00-05:00,3.276972010854966,3.316854476928711,3.263678349336403,3.316854476928711,291044,0.0,0.0
1999-11-22 00:00:00-05:00,3.316854476928711,3.356736202243428,3.2503843174383262,3.316854476928711,2768392,0.0,0.0
1999-11-23 00:00:00-05:00,3.3301486854834246,3.403266058123434,3.2703257173048486,3.376677989959717,435289,0.0,0.0
1999-11-24 00:00:00-05:00,3.3500898511205457,3.3500898511205457,3.2570316145107467,3.290266513824463,295792,0.0,0.0
1999-11-26 00:00:00-05:00,3.2969140987886942,3.2969140987886942,3.2703256607055664,3.2703256607055664,105170,0.0,0.0
1999-11-29 00:00:00-05:00,3.276970824770934,3.283618023503808,3.2304422855377197,3.2304422855377197,520374,0.0,0.0
1999-11-30 00:00:00-05:00,3.16397291045631,3.1839137706882603,3.117443619282645,3.1307380199432373,854510,0.0,0.0
1999-12-01 00:00:00-05:00,3.137386979524347,3.1639750581343438,3.0975048616093526,3.1506810188293457,378686,0.0,0.0
1999-12-02 00:00:00-05:00,3.137384786807003,3.3235008366208034,3.137384786807003,3.2969131469726562,540094,0.0,0.0
1999-12-03 00:00:00-05:00,3.296913592135755,3.409912306941461,3.296913592135755,3.4032654762268066,463772,0.0,0.0
1999-12-06 00:00:00-05:00,3.4165608882904053,3.4298549269110463,3.4099140541699353,3.4165608882904053,233347,0.0,0.0
1999-12-07 00:00:00-05:00,3.4298539025018226,3.4564423421815227,3.423207070366591,3.4497947692871094,281915,0.0,0.0
1999-12-08 00:00:00-05:00,3.4497951474011903,3.7223227024078374,3.4497951474011903,3.722322702407837,568577,0.0,0.0
1999-12-09 00:00:00-05:00,3.7223215851519895,3.7223215851519895,3.6026752960995556,3.6226165294647217,794256,0.0,0.0
1999-12-10 00:00:00-05:00,3.6159700387753877,3.735615968704224,3.5893816016606346,3.7356159687042236,1273000,0.0,0.0
1999-12-13 00:00:00-05:00,3.722323059575838,3.968262195587158,3.722323059575838,3.968262195587158,740210,0.0,0.0
1999-12-14 00:00:00-05:00,3.9549676677235355,3.9948497749257412,3.8419685491737634,3.9882025718688965,352759,0.0,0.0
1999-12-15 00:00:00-05:00,3.974908142189249,4.0679660040542425,3.954966907232786,4.001495838165283,369192,0.0,0.0
1999-12-16 00:00:00-05:00,4.028084451980532,4.134436351698693,4.028084451980532,4.061319351196289,711726,0.0,0.0
1999-12-17 00:00:00-05:00,4.041378865558859,4.107849046708709,4.041378865558859,4.067966938018799,525487,0.0,0.0
1999-12-20 00:00:00-05:00,4.05467244023128,4.081260509664606,4.048025608062744,4.048025608062744,252701,0.0,0.0
1999-12-21 00:00:00-05:00,4.048026068863662,4.107849046708709,4.041378865558859,4.067966938018799,415934,0.0,0.0
1999-12-22 00:00:00-05:00,4.08126021664983,4.101201082103371,4.054672149125398,4.061319351196289,96771,0.0,0.0
1999-12-23 00:00:00-05:00,4.061319813429264,4.087907513600168,4.03473174287875,4.081260681152344,215453,0.0,0.0
1999-12-27 00:00:00-05:00,4.0945539474487305,4.0945539474487305,4.041378181903902,4.0945539474487305,193178,0.0,0.0
1999-12-28 00:00:00-05:00,4.094554211145345,4.1743184201689045,4.081260546687681,4.147730350494385,207054,0.0,0.0
1999-12-29 00:00:00-05:00,4.134436620994329,4.141083453118593,4.087907314606113,4.114495754241943,213627,0.0,0.0
1999-12-30 00:00:00-05:00,4.141083453118593,4.141083453118593,4.081260482481849,4.114495754241943,1152492,0.0,0.0
1999-12-31 00:00:00-05:00,4.094554378793562,4.200907032225761,4.00814333400314,4.180965423583984,139862,0.0,0.0
2000-01-03 00:00:00-05:00,4.180965393927398,4.180965393927398,3.7821458168275623,3.7954394817352295,666079,0.0,0.0
2000-01-04 00:00:00-05:00,3.795437519302656,3.868554490387707,3.56279257763391,3.6757912635803223,354585,0.0,0.0
2000-01-05 00:00:00-05:00,3.655852419789536,3.6757932882036273,3.556147336959839,3.556147336959839,669731,0.0,0.0
2000-01-06 00:00:00-05:00,3.5827352366233516,3.5827352366233516,3.4896773613139778,3.5229122638702393,662793,0.0,0.0
2000-01-07 00:00:00-05:00,3.5362068333701884,3.5627949075851038,3.483030684940358,3.5096187591552734,626275,0.0,0.0
2000-01-10 00:00:00-05:00,3.516265293575263,3.7223226660325532,3.5096184607764607,3.689087390899658,1627950,0.0,0.0
2000-01-11 00:00:00-05:00,3.6890877011078818,3.775498757036217,3.6890877011078818,3.7289698123931885,243937,0.0,0.0
2000-01-12 00:00:00-05:00,3.7223217427566064,3.7223217427566064,3.536205655618776,3.5827345848083496,320258,0.0,0.0
2000-01-13 00:00:00-05:00,3.6093241225866115,3.615971326828003,3.5029718177618454,3.615971326828003,463772,0.0,0.0
2000-01-14 00:00:00-05:00,3.6159702269692877,3.6425579247086928,3.6026758225302236,3.609323024749756,157025,0.0,0.0
2000-01-18 00:00:00-05:00,3.582736098907144,3.582736098907144,3.4564432906456775,3.476384162902832,440401,0.0,0.0
2000-01-19 00:00:00-05:00,3.4963250351599866,3.5162659074171416,3.469737328943678,3.476384162902832,117586,0.0,0.0
2000-01-20 00:00:00-05:00,3.469735408648059,3.576087285792827,3.469735408648059,3.562793254852295,207785,0.0,0.0
2000-01-21 00:00:00-05:00,3.5627929993333596,3.7223209887991127,3.5362049393591573,3.669144868850708,749339,0.0,0.0
2000-01-24 00:00:00-05:00,3.675792499780405,3.7954387957407993,3.675792499780405,3.7090277671813965,1513650,0.0,0.0
2000-01-25 00:00:00-05:00,3.7090279154394006,3.7090279154394006,3.5760879516601567,3.5760879516601562,441131,0.0,0.0
2000-01-26 00:00:00-05:00,3.576087285792827,3.7156744254786687,3.562793254852295,3.562793254852295,471441,0.0,0.0
2000-01-27 00:00:00-05:00,3.576087285792827,3.6425570701159993,3.562793254852295,3.562793254852295,914398,0.0,0.0
2000-01-28 00:00:00-05:00,3.5760892125187156,3.6558530707576034,3.509619022003237,3.615971326828003,367731,0.0,0.0
2000-01-31 00:00:00-05:00,3.6425587598501896,3.695734537900361,3.4963247220478157,3.5096187591552734,467059,0.0,0.0
2000-02-01 00:00:00-05:00,3.4963247570186713,3.4963247570186713,3.409913700145728,3.4697370529174805,503576,0.0,0.0
2000-02-02 00:00:00-05:00,3.4431479493958586,3.6159704004611304,3.3899721809861365,3.5495002269744873,284106,0.0,0.0
2000-02-03 00:00:00-05:00,3.5229118179966363,3.6425577483600002,3.5229118179966363,3.5760879516601562,399136,0.0,0.0
2000-02-04 00:00:00-05:00,3.5362049884050615,3.709027010254896,3.5362049884050615,3.7023801803588867,162138,0.0,0.0
2000-02-07 00:00:00-05:00,3.6824408711725622,3.6824408711725622,3.483030684940358,3.5096187591552734,595235,0.0,0.0
2000-02-08 00:00:00-05:00,3.5362061138874026,3.655852053131486,3.5096180450821435,3.6292643547058105,520374,0.0,0.0
2000-02-09 00:00:00-05:00,3.61597146760002,3.61597146760002,3.4165608882904053,3.4165608882904053,298713,0.0,0.0
2000-02-10 00:00:00-05:00,3.4165594361803633,3.4165594361803633,3.250384579619733,3.343442440032959,534251,0.0,0.0
2000-02-11 00:00:00-05:00,3.343441444107376,3.4564408758858747,3.2836184987500907,3.33679461479187,657315,0.0,0.0
2000-02-14 00:00:00-05:00,3.3301489553753947,3.3301489553753947,3.0842100456880392,3.1905617713928223,1189375,0.0,0.0
2000-02-15 00:00:00-05:00,3.21714877536511,3.336794667987076,3.21714877536511,3.3035597801208496,708440,0.0,0.0
2000-02-16 00:00:00-05:00,3.2902653805190316,3.3102066095423193,3.2902653805190316,3.3035597801208496,279359,0.0,0.0
2000-02-17 00:00:00-05:00,3.3035613987363273,3.6093234799035763,3.3035613987363273,3.556147336959839,445879,0.0,0.0
2000-02-18 00:00:00-05:00,3.556146356743407,3.5760875900405162,3.4497941001708754,3.483029365539551,273151,0.0,0.0
2000-02-22 00:00:00-05:00,3.4431474832663804,3.4431474832663804,3.4032657549531304,3.409912586212158,93850,0.0,0.0
2000-02-23 00:00:00-05:00,3.403266800750102,3.403266800750102,3.0842104687335947,3.3301494121551514,767963,0.0,0.0
2000-02-24 00:00:00-05:00,3.330149089297949,3.330149089297949,3.2038559353957483,3.2437384128570557,342534,0.0,0.0
2000-02-25 00:00:00-05:00,3.2437362427306238,3.2437362427306238,2.9512678383221176,3.1107959747314453,1035636,0.0,0.0
2000-02-28 00:00:00-05:00,3.084210379226295,3.1639744136181216,2.977858271640585,3.1041512489318848,598157,0.0,0.0
2000-02-29 00:00:00-05:00,3.0975040202242012,3.336796292334707,3.0842101697201154,3.2437384128570557,1394238,0.0,0.0
2000-03-01 00:00:00-05:00,3.1905624613989514,3.296915136053079,3.1905624613989514,3.2370917797088623,523296,0.0,0.0
2000-03-02 00:00:00-05:00,3.250384795117681,3.2969140987886942,3.217149895678016,3.2703256607055664,296887,0.0,0.0
2000-03-03 00:00:00-05:00,3.2836204679053558,3.336796615836354,3.276973264224153,3.3301494121551514,217279,0.0,0.0
2000-03-06 00:00:00-05:00,3.323501385215168,3.536205530166626,3.323501385215168,3.536205530166626,774171,0.0,0.0
2000-03-07 00:00:00-05:00,3.5362057135495606,3.549499746447158,3.409912586212158,3.409912586212158,888471,0.0,0.0
2000-03-08 00:00:00-05:00,3.409913758173025,3.4497955001933196,3.3500907747629136,3.3833260536193848,376130,0.0,0.0
2000-03-09 00:00:00-05:00,3.3700309064014586,3.456442316166223,3.3367960052162644,3.4232070446014404,189891,0.0,0.0
2000-03-10 00:00:00-05:00,3.370029502128266,3.376676701823205,3.33679461479187,3.33679461479187,280820,0.0,0.0
2000-03-13 00:00:00-05:00,3.3102086645255615,3.496324818800649,3.3102086645255615,3.42985463142395,709170,0.0,0.0
2000-03-14 00:00:00-05:00,3.4298539025018226,3.5893819479228855,3.3700309317663733,3.4497947692871094,1001675,0.0,0.0
2000-03-15 00:00:00-05:00,3.423206862811101,3.569440864715666,3.3567366935910408,3.5029706954956055,514166,0.0,0.0
2000-03-16 00:00:00-05:00,3.4896778886839166,3.5627949075851038,3.4697370182125598,3.5096187591552734,1146650,0.0,0.0
2000-03-17 00:00:00-05:00,3.4763841320343896,3.509619042294436,3.4431488513946533,3.4431488513946533,482761,0.0,0.0
2000-03-20 00:00:00-05:00,3.429853169464936,3.443147201273756,3.2836191899474234,3.4032654762268066,809958,0.0,0.0
2000-03-21 00:00:00-05:00,3.3633846521799815,3.476384162902832,3.336796945963673,3.476384162902832,445148,0.0,0.0
2000-03-22 00:00:00-05:00,3.463089530250369,3.695734234588384,3.463089530250369,3.59602952003479,576246,0.0,0.0
2000-03-23 00:00:00-05:00,3.5760879796852585,3.6425577769060133,3.549499912645133,3.602675676345825,360428,0.0,0.0
2000-03-24 00:00:00-05:00,3.5760879516601567,3.66914581519176,3.5627939182442763,3.5760879516601562,717934,0.0,0.0
2000-03-27 00:00:00-05:00,3.562794961883921,3.5760889991939866,3.5561477580390557,3.569441795349121,225313,0.0,0.0
2000-03-28 00:00:00-05:00,3.5694400851328174,3.6159693786144227,3.5362051929712313,3.562793254852295,576611,0.0,0.0
2000-03-29 00:00:00-05:00,3.562794615183592,3.629264795265617,3.562794615183592,3.59602952003479,503211,0.0,0.0
2000-03-30 00:00:00-05:00,3.6159698516976473,3.6957333070174467,3.549499688298588,3.5827345848083496,546667,0.0,0.0
2000-03-31 00:00:00-05:00,3.569440400996973,3.6957331505385955,3.569440400996973,3.6226165294647217,606921,0.0,0.0
2000-04-03 00:00:00-04:00,3.629263884377459,3.649204748207409,3.5827345848083496,3.5827345848083496,326101,0.0,0.0
2000-04-04 00:00:00-04:00,3.5827336420618208,3.649203787970186,3.4896758081695483,3.5428519248962402,434193,0.0,0.0
2000-04-05 00:00:00-04:00,3.496324983900141,3.615971326828003,3.496324983900141,3.615971326828003,509784,0.0,0.0
2000-04-06 00:00:00-04:00,3.589382241109864,3.615970682961354,3.5428536716035253,3.556147336959839,394024,0.0,0.0
2000-04-07 00:00:00-04:00,3.576089043652688,3.576089043652688,3.409913760400775,3.42985463142395,253431,0.0,0.0
2000-04-10 00:00:00-04:00,3.323501796112685,3.389971965371583,3.2703256607055664,3.2703256607055664,400597,0.0,0.0
2000-04-11 00:00:00-04:00,3.3235025222091346,3.3235025222091346,3.1706212847029893,3.197209358215332,323545,0.0,0.0
2000-04-12 00:00:00-04:00,3.2171509430947705,3.4431488513946533,3.2171509430947705,3.4431488513946533,465963,0.0,0.0
2000-04-13 00:00:00-04:00,3.4365017402540863,3.5362068333701884,3.4365017402540863,3.5096187591552734,499925,0.0,0.0
2000-04-14 00:00:00-04:00,3.4830295894888854,3.642557614225382,3.3633832931518555,3.3633832931518555,1090778,0.0,0.0
2000-04-17 00:00:00-04:00,3.336794866634608,3.3899709866898258,3.1506788168208075,3.2969131469726562,405709,0.0,0.0
2000-04-18 00:00:00-04:00,3.376677929546843,3.5029706954956055,3.3235017941707947,3.5029706954956055,681051,0.0,0.0
2000-04-19 00:00:00-04:00,3.4830301585749637,3.54950033406709,3.4630892911171274,3.5229122638702393,281550,0.0,0.0
2000-04-20 00:00:00-04:00,3.529558677175259,3.622616911815699,3.4830297450448193,3.602675676345825,275342,0.0,0.0
2000-04-24 00:00:00-04:00,3.5760873584906117,3.642557144165039,3.542852465653398,3.642557144165039,360428,0.0,0.0
2000-04-25 00:00:00-04:00,3.6425568088765057,3.7156741589952924,3.586057644405652,3.669144868850708,826391,0.0,0.0
2000-04-26 00:00:00-04:00,3.6624990028917654,3.6624990028917654,3.615970070881813,3.649204969406128,135115,0.0,0.0
2000-04-27 00:00:00-04:00,3.6292639402540083,3.715674968813411,3.61596990736952,3.7090277671813965,701501,0.0,0.0
2000-04-28 00:00:00-04:00,3.68244086775016,3.7821463311532564,3.6691468306550576,3.7289698123931885,340708,0.0,0.0
2000-05-01 00:00:00-04:00,3.7090287779563305,3.7688517570495605,3.695734371069343,3.7688517570495605,324275,0.0,0.0
2000-05-02 00:00:00-04:00,3.7555575734307345,3.908438802086764,3.689087393497759,3.788792848587036,755912,0.0,0.0
2000-05-03 00:00:00-04:00,3.7754966858066266,3.802085115790133,3.682438847571905,3.7489089965820312,644169,0.0,0.0
2000-05-04 00:00:00-04:00,3.748911053225671,3.828674905416626,3.7223229790354666,3.7289698123931885,353124,0.0,0.0
2000-05-05 00:00:00-04:00,3.722322852424304,3.7887930356388977,3.722322852424304,3.775498628616333,233712,0.0,0.0
2000-05-08 00:00:00-04:00,3.748910740627251,3.8153805501805986,3.689087393497759,3.788792848587036,315876,0.0,0.0
2000-05-09 00:00:00-04:00,3.788793130084825,3.788793130084825,3.6957345008850098,3.6957345008850098,1224067,0.0,0.0
2000-05-10 00:00:00-04:00,3.7090277100767945,3.7090277100767945,3.5627937209783997,3.5827345848083496,567482,0.0,0.0
2000-05-11 00:00:00-04:00,3.6093237261493187,3.7887930356388977,3.6093237261493187,3.775498628616333,382338,0.0,0.0
2000-05-12 00:00:00-04:00,3.7622033896454488,3.7622033896454488,3.6691455332641683,3.6824395656585693,245398,0.0,0.0
2000-05-15 00:00:00-04:00,3.682440568951608,3.682440568951608,3.5893823168367733,3.59602952003479,82895,0.0,0.0
2000-05-16 00:00:00-04:00,3.622617581393123,3.8020868818959483,3.622617581393123,3.689087390899658,307112,0.0,0.0
2000-05-17 00:00:00-04:00,3.6890860273239903,3.6890860273239903,3.589380979537964,3.589380979537964,110283,0.0,0.0
2000-05-18 00:00:00-04:00,3.5760870789195156,3.7223210404263805,3.56943987864404,3.7023801803588867,384164,0.0,0.0
2000-05-19 00:00:00-04:00,3.7090292231699866,3.7090292231699866,3.615971326828003,3.615971326828003,84355,0.0,0.0
2000-05-22 00:00:00-04:00,3.64255776747353,3.669145834444805,3.5362058699679877,3.649204969406128,268404,0.0,0.0
2000-05-23 00:00:00-04:00,3.662498970372207,3.735615968704224,3.662498970372207,3.7356159687042236,562004,0.0,0.0
2000-05-24 00:00:00-04:00,3.7356168509710197,3.8087338665715946,3.728969647527526,3.7688517570495605,641612,0.0,0.0
2000-05-25 00:00:00-04:00,3.7821447786416873,3.8153793021677,3.7489095143566606,3.755556344985962,320989,0.0,0.0
2000-05-26 00:00:00-04:00,3.7754989231628446,3.7754989231628446,3.748911218182407,3.762204885482788,133289,0.0,0.0
2000-05-30 00:00:00-04:00,3.762203919742595,3.8286740910802943,3.762203919742595,3.8087332248687744,309668,0.0,0.0
2000-05-31 00:00:00-04:00,3.7954392047435483,3.9017911089005684,3.7954392047435483,3.881850242614746,464503,0.0,0.0
2000-06-01 00:00:00-04:00,3.875203120953159,3.895143985748291,3.8286738191319274,3.895143985748291,362254,0.0,0.0
2000-06-02 00:00:00-04:00,3.895143278548338,3.915084139723019,3.868555216729106,3.8752024173736572,276437,0.0,0.0
2000-06-05 00:00:00-04:00,3.881849999835448,3.888497201768046,3.64255776747353,3.649204969406128,270230,0.0,0.0
2000-06-06 00:00:00-04:00,3.669144868850708,3.7223209887991127,3.6558508388636066,3.669144868850708,204863,0.0,0.0
2000-06-07 00:00:00-04:00,3.6691471088606993,3.6691471088606993,3.5362070982094282,3.615971326828003,556527,0.0,0.0
2000-06-08 00:00:00-04:00,3.629265056772778,3.6957345008850098,3.622617853095796,3.6957345008850098,301269,0.0,0.0
2000-06-09 00:00:00-04:00,3.695733941639931,3.815380256303613,3.695733941639931,3.802086591720581,209976,0.0,0.0
2000-06-12 00:00:00-04:00,3.808733517022505,3.828674384763614,3.7954394817352295,3.7954394817352295,266213,0.0,0.0
2000-06-13 00:00:00-04:00,3.8020874898916572,3.8020874898916572,3.60267691834522,3.615971326828003,94946,0.0,0.0
2000-06-14 00:00:00-04:00,3.629263149268865,3.728967818602933,3.629263149268865,3.669144868850708,281915,0.0,0.0
2000-06-15 00:00:00-04:00,3.6558523326298404,3.662499535529141,3.596029358434194,3.635911464691162,348012,0.0,0.0
2000-06-16 00:00:00-04:00,3.635911377017053,3.662499447213903,3.4896773613139778,3.5229122638702393,528408,0.0,0.0
2000-06-19 00:00:00-04:00,3.536206868739952,3.549500905980379,3.403266866715346,3.4697370529174805,627736,0.0,0.0
2000-06-20 00:00:00-04:00,3.483030996861986,3.522913111755988,3.4431488819679847,3.476384162902832,735462,0.0,0.0
2000-06-21 00:00:00-04:00,3.4830295894888854,3.5029704536886186,3.336795597678725,3.3633832931518555,385625,0.0,0.0
2000-06-22 00:00:00-04:00,3.376677412609166,3.429853169464936,3.373353626872327,3.4032654762268066,663158,0.0,0.0
2000-06-23 00:00:00-04:00,3.3766784512585852,3.3966193199157715,3.3235023076665877,3.3966193199157715,421047,0.0,0.0
2000-06-26 00:00:00-04:00,3.3899730690545162,3.4431488513946533,3.2969151721745096,3.4431488513946533,597061,0.0,0.0
2000-06-27 00:00:00-04:00,3.416559424857202,3.463088725289152,3.3301483960257854,3.3633832931518555,822739,0.0,0.0
2000-06-28 00:00:00-04:00,3.376678758460357,3.5096187591552734,3.3700315547167983,3.5096187591552734,484587,0.0,0.0
2000-06-29 00:00:00-04:00,3.509617960398727,3.509617960398727,3.343442719565283,3.376677989959717,1286146,0.0,0.0
2000-06-30 00:00:00-04:00,3.3766785238190344,3.615970804745479,3.36338411725573,3.6060001850128174,2045710,0.0,0.0
2000-07-03 00:00:00-04:00,3.569440574777025,3.6558516025543217,3.549499710820548,3.6558516025543213,416665,0.0,0.0
2000-07-05 00:00:00-04:00,3.655852496918798,3.735616713017228,3.59602952003479,3.59602952003479,302730,0.0,0.0
2000-07-06 00:00:00-04:00,3.556147703841545,3.556147703841545,3.4165604994030705,3.5096187591552734,396945,0.0,0.0
2000-07-07 00:00:00-04:00,3.509618471117972,3.6425584609023933,3.509618471117972,3.59602952003479,304921,0.0,0.0
2000-07-10 00:00:00-04:00,3.5229119314514077,3.5229119314514077,3.4963238637633833,3.5029706954956055,55872,0.0,0.0
2000-07-11 00:00:00-04:00,3.483029365539551,3.4896765667650937,3.423206406407261,3.483029365539551,323545,0.0,0.0
2000-07-12 00:00:00-04:00,3.509618812643659,3.569441795349121,3.483030738023528,3.569441795349121,232616,0.0,0.0
2000-07-13 00:00:00-04:00,3.609322878295636,3.609322878295636,3.556146744215385,3.602675676345825,276803,0.0,0.0
2000-07-14 00:00:00-04:00,3.5760879796852585,3.655851810426076,3.5760879796852585,3.602675676345825,235173,0.0,0.0
2000-07-17 00:00:00-04:00,3.6093225221218894,3.6292637556239304,3.5096174657502535,3.536205530166626,290679,0.0,0.0
2000-07-18 00:00:00-04:00,3.556146735006665,3.695733531036522,3.556146735006665,3.649204969406128,755547,0.0,0.0
2000-07-19 00:00:00-04:00,3.6359107385978446,3.682439668082649,3.6359107385978446,3.6558516025543213,232982,0.0,0.0
2000-07-20 00:00:00-04:00,3.6624988041261726,3.6624988041261726,3.589381438733502,3.6558516025543213,158851,0.0,0.0
2000-07-21 00:00:00-04:00,3.655852244474889,3.655852244474889,3.5229122638702393,3.5229122638702393,189891,0.0,0.0
2000-07-24 00:00:00-04:00,3.5362052648582583,3.642557144165039,3.5362052648582583,3.642557144165039,288123,0.0,0.0
2000-07-25 00:00:00-04:00,3.6226168834259584,3.675792646709922,3.5694407497624385,3.5760879516601562,208880,0.0,0.0
2000-07-26 00:00:00-04:00,3.562793594582999,3.5960284899137034,3.4165592402929494,3.536205530166626,394389,0.0,0.0
2000-07-27 00:00:00-04:00,3.5495005791671868,3.669146532935203,3.5495005791671868,3.59602952003479,755547,0.0,0.0
2000-07-28 00:00:00-04:00,3.6026756481123603,3.6292640853236766,3.5694407497624385,3.5760879516601562,402423,0.0,0.0
2000-07-31 00:00:00-04:00,3.589382341336392,3.728969535271594,3.589382341336392,3.722322702407837,1031254,0.0,0.0
2000-08-01 00:00:00-04:00,3.7223232612730826,3.7223232612730826,3.60267691834522,3.615971326828003,676304,0.0,0.0
2000-08-02 00:00:00-04:00,3.615971326828003,3.629265364931099,3.6093241225866115,3.615971326828003,225678,0.0,0.0
2000-08-03 00:00:00-04:00,3.6292640853236766,3.6359109168418384,3.5627939182442763,3.5760879516601562,127811,0.0,0.0
2000-08-04 00:00:00-04:00,3.5893814159584876,3.655851579357547,3.5827345848083496,3.5827345848083496,261465,0.0,0.0
2000-08-07 00:00:00-04:00,3.5827349566307762,3.6425579247086928,3.5694409225712866,3.609323024749756,626640,0.0,0.0
2000-08-08 00:00:00-04:00,3.596028465230847,3.682439488801178,3.5893812639826184,3.6226165294647217,448070,0.0,0.0
2000-08-09 00:00:00-04:00,3.6226181606897074,3.642559032654508,3.6093241225866115,3.615971326828003,204863,0.0,0.0
2000-08-10 00:00:00-04:00,3.6226181606897074,3.6226181606897074,3.5893828802421246,3.615971326828003,130002,0.0,0.0
2000-08-11 00:00:00-04:00,3.6292634833337494,3.6492043449601788,3.6026750505326857,3.642557144165039,253797,0.0,0.0
2000-08-14 00:00:00-04:00,3.649204978855824,3.649204978855824,3.5827348112555106,3.602675676345825,142418,0.0,0.0
2000-08-15 00:00:00-04:00,3.589382241109864,3.589382241109864,3.549500504281682,3.556147336959839,326832,0.0,0.0
2000-08-16 00:00:00-04:00,3.542853610225477,3.542853610225477,3.483030265260369,3.496324300765991,206689,0.0,0.0
2000-08-17 00:00:00-04:00,3.5029701683670513,3.5162642002105713,3.4963233376350473,3.5162642002105713,248319,0.0,0.0
2000-08-18 00:00:00-04:00,3.509618397073879,3.5760885757535505,3.509618397073879,3.556147336959839,473267,0.0,0.0
2000-08-21 00:00:00-04:00,3.576087477741793,3.5827343083790884,3.509617319471302,3.5295581817626953,312225,0.0,0.0
2000-08-22 00:00:00-04:00,3.5229122638702393,3.5229122638702393,3.509618228771814,3.5229122638702393,84721,0.0,0.0
2000-08-23 00:00:00-04:00,3.522912371777236,3.536206407282858,3.496324300765991,3.496324300765991,233712,0.0,0.0
2000-08-24 00:00:00-04:00,3.496324193673389,3.5362062989686645,3.496324193673389,3.5229122638702393,503576,0.0,0.0
2000-08-25 00:00:00-04:00,3.5162642966645854,3.562793594582999,3.5096174657502535,3.536205530166626,399501,0.0,0.0
2000-08-28 00:00:00-04:00,3.549499256727146,3.589380979537964,3.549499256727146,3.589380979537964,82164,0.0,0.0
2000-08-29 00:00:00-04:00,3.5893828802421246,3.702382389308282,3.5893828802421246,3.615971326828003,708074,0.0,0.0
2000-08-30 00:00:00-04:00,3.629264795265617,3.629264795265617,3.576088651199997,3.59602952003479,74131,0.0,0.0
2000-08-31 00:00:00-04:00,3.5960290835094444,3.649205221119963,3.589381881118338,3.6292643547058105,288123,0.0,0.0
2000-09-01 00:00:00-04:00,3.6159703203031808,3.655852053131486,3.6159703203031808,3.6292643547058105,173458,0.0,0.0
2000-09-05 00:00:00-04:00,3.62926373071295,3.662498625815533,3.615969698596013,3.6226165294647217,97137,0.0,0.0
2000-09-06 00:00:00-04:00,3.6226162825386097,3.6691452065866077,3.615969452122965,3.642557144165039,158851,0.0,0.0
2000-09-07 00:00:00-04:00,3.642557392450367,3.6492045936985957,3.556146368880036,3.6226165294647217,349838,0.0,0.0
2000-09-08 00:00:00-04:00,3.642560087027376,3.662501335144043,3.602677961173837,3.662501335144043,325371,0.0,0.0
2000-09-11 00:00:00-04:00,3.662499012375887,3.6691458439461386,3.596028844775573,3.602675676345825,276072,0.0,0.0
2000-09-12 00:00:00-04:00,3.6026767034344527,3.6026767034344527,3.5229128499537246,3.569441795349121,637596,0.0,0.0
2000-09-13 00:00:00-04:00,3.5827334350645903,3.6890852919939148,3.5827334350645903,3.6757912635803223,373574,0.0,0.0
2000-09-14 00:00:00-04:00,3.6824400831575352,3.722322185945432,3.6691460488949033,3.7156753540039062,401327,0.0,0.0
2000-09-15 00:00:00-04:00,3.715676427411378,3.7223232612730826,3.6093241225866115,3.615971326828003,604730,0.0,0.0
2000-09-18 00:00:00-04:00,3.596029815163918,3.602676648527817,3.483030684940358,3.5096187591552734,238459,0.0,0.0
2000-09-19 00:00:00-04:00,3.522912831499525,3.522912831499525,3.4564430156770536,3.4697370529174805,227139,0.0,0.0
2000-09-20 00:00:00-04:00,3.469737298134256,3.4830309659345233,3.4365020174945196,3.4431488513946533,173823,0.0,0.0
2000-09-21 00:00:00-04:00,3.429854185206815,3.436501388269532,3.389972448348999,3.389972448348999,360793,0.0,0.0
2000-09-22 00:00:00-04:00,3.3633843194221975,3.3899727637673527,3.303561708569308,3.3301494121551514,573690,0.0,0.0
2000-09-25 00:00:00-04:00,3.350089222444729,3.416559008598479,3.3102071285247803,3.3102071285247803,351298,0.0,0.0
2000-09-26 00:00:00-04:00,3.3102079743697534,3.483030055137275,3.2969143100457217,3.456442356109619,330118,0.0,0.0
2000-09-27 00:00:00-04:00,3.4564414479730465,3.642557144165039,3.4564414479730465,3.642557144165039,457929,0.0,0.0
2000-09-28 00:00:00-04:00,3.722322814463675,3.85526280915748,3.669146668434296,3.7688517570495605,2303159,0.0,0.0
2000-09-29 00:00:00-04:00,3.768851973751871,3.9350268840789795,3.7223230284906537,3.9350268840789795,773075,0.0,0.0
2000-10-02 00:00:00-04:00,3.8818508821721696,3.8818508821721696,3.7489108874783645,3.7688517570495605,571864,0.0,0.0
2000-10-03 00:00:00-04:00,3.74890928426361,3.7887913767301344,3.6558510685083863,3.782144546508789,177110,0.0,0.0
2000-10-04 00:00:00-04:00,3.7887913767301344,3.815379067995,3.7090271917970856,3.782144546508789,379782,0.0,0.0
2000-10-05 00:00:00-04:00,3.7754977478665657,3.8951440497416923,3.7721743320760357,3.8619091510772705,491160,0.0,0.0
2000-10-06 00:00:00-04:00,3.8619100126009736,3.8685568456648247,3.7555577205422157,3.7688517570495605,362254,0.0,0.0
2000-10-09 00:00:00-04:00,3.755557886583393,3.762204719941115,3.7223229790354666,3.7289698123931885,216914,0.0,0.0
2000-10-10 00:00:00-04:00,3.7223217109989153,3.841967633716904,3.7223217109989153,3.8286736011505127,496273,0.0,0.0
2000-10-11 00:00:00-04:00,3.802085115790133,3.8353200051054683,3.7422617964912908,3.7489089965820312,423603,0.0,0.0
2000-10-12 00:00:00-04:00,3.7223227024078374,3.7422635713787384,3.6026763774435366,3.722322702407837,674478,0.0,0.0
2000-10-13 00:00:00-04:00,3.7289690192635354,3.8220272591363145,3.7289690192635354,3.8087332248687744,247589,0.0,0.0
2000-10-16 00:00:00-04:00,3.7821451332358524,3.788791964488326,3.6957333639173666,3.7090277671813965,205228,0.0,0.0
2000-10-17 00:00:00-04:00,3.722322185945432,3.722322185945432,3.6957337470405878,3.7156753540039062,61349,0.0,0.0
2000-10-18 00:00:00-04:00,3.6957328576659627,3.6957328576659627,3.569440118132555,3.589380979537964,219105,0.0,0.0
2000-10-19 00:00:00-04:00,3.5760881794360575,3.715675354003906,3.5760881794360575,3.7156753540039062,298348,0.0,0.0
2000-10-20 00:00:00-04:00,3.695734534465603,3.748911053225671,3.6890877011078818,3.7289698123931885,673018,0.0,0.0
2000-10-23 00:00:00-04:00,3.722322129065631,3.722322129065631,3.596028990690266,3.609323024749756,466694,0.0,0.0
2000-10-24 00:00:00-04:00,3.6159691192817642,3.7090269588120117,3.586057644405652,3.669144868850708,460486,0.0,0.0
2000-10-25 00:00:00-04:00,3.6558516025543217,3.682439668082649,3.602675471497666,3.6558516025543213,313685,0.0,0.0
2000-10-26 00:00:00-04:00,3.6558530707576034,3.6957348146872038,3.60267691834522,3.615971326828003,549223,0.0,0.0
2000-10-27 00:00:00-04:00,3.6425568593974726,3.7156742105303713,3.602674768883019,3.7023801803588867,233712,0.0,0.0
2000-10-30 00:00:00-05:00,3.7156758695440804,3.7223227024078374,3.682440594086404,3.722322702407837,672652,0.0,0.0
2000-10-31 00:00:00-05:00,3.722322677000823,3.722322677000823,3.536206543150782,3.59602952003479,2118015,0.0,0.0
2000-11-01 00:00:00-05:00,3.609322966247702,3.642557865667948,3.4697361664549278,3.5029706954956055,731811,0.0,0.0
2000-11-02 00:00:00-05:00,3.5295582320540912,3.622616454958732,3.5162642002105713,3.5162642002105713,804846,0.0,0.0
2000-11-03 00:00:00-05:00,3.5295579591740025,3.536205159771605,3.4431469440615574,3.4896762371063232,196099,0.0,0.0
2000-11-06 00:00:00-05:00,3.496324611037133,3.5893824974550257,3.4630897045135494,3.46308970451355,209245,0.0,0.0
2000-11-07 00:00:00-05:00,3.4697363908132433,3.4963240898408996,3.4099130494571384,3.456442356109619,648916,0.0,0.0
2000-11-08 00:00:00-05:00,3.469734949586758,3.5893804714629383,3.456440920405085,3.5428519248962402,523661,0.0,0.0
2000-11-09 00:00:00-05:00,3.542854037113747,3.602676648527817,3.4963247220478157,3.5096187591552734,297252,0.0,0.0
2000-11-10 00:00:00-05:00,3.5096174296826836,3.5096174296826836,3.483029365539551,3.483029365539551,152643,0.0,0.0
2000-11-13 00:00:00-05:00,3.496323067324442,3.496323067324442,3.469735376072484,3.4896762371063232,74496,0.0,0.0
2000-11-14 00:00:00-05:00,3.496324611037133,3.5295595175607164,3.449795297448539,3.46308970451355,169076,0.0,0.0
2000-11-15 00:00:00-05:00,3.4830298299193716,3.6159701683594925,3.4830298299193716,3.5029706954956055,536077,0.0,0.0
2000-11-16 00:00:00-05:00,3.5029714441899906,3.5295595175607164,3.436501631142824,3.46308970451355,218740,0.0,0.0
2000-11-17 00:00:00-05:00,3.449794991306506,3.496324300765991,3.443148158743502,3.496324300765991,118317,0.0,0.0
2000-11-20 00:00:00-05:00,3.4896779829729523,3.4896779829729523,3.376678849696223,3.3833260536193848,2732970,0.0,0.0
2000-11-21 00:00:00-05:00,3.396618021396276,3.4896762371063232,3.396618021396276,3.4896762371063232,681417,0.0,0.0
2000-11-22 00:00:00-05:00,3.5162659074171416,3.5162659074171416,3.4564432906456775,3.476384162902832,326832,0.0,0.0
2000-11-24 00:00:00-05:00,3.4763825346935273,3.496323397611117,3.4763825346935273,3.483029365539551,72670,0.0,0.0
2000-11-27 00:00:00-05:00,3.4963250351599866,3.522913111755988,3.469737328943678,3.476384162902832,117952,0.0,0.0
2000-11-28 00:00:00-05:00,3.4630892911171274,3.542853501707679,3.4298540181812625,3.5229122638702393,412648,0.0,0.0
2000-11-29 00:00:00-05:00,3.516265061131225,3.5362062989686645,3.5029710260328,3.5229122638702393,589027,0.0,0.0
2000-11-30 00:00:00-05:00,3.5229113511254,3.556146245070892,3.509617319471302,3.5295581817626953,297983,0.0,0.0
2000-12-01 00:00:00-05:00,3.5229124757569528,3.5229124757569528,3.3899724871565846,3.3966193199157715,2112537,0.0,0.0
2000-12-04 00:00:00-05:00,3.296915116545036,3.296915116545036,3.1373866610773113,3.2105040550231934,1131312,0.0,0.0
2000-12-05 00:00:00-05:00,3.1972084374574967,3.257031400442144,3.1972084374574967,3.250384569168091,578437,0.0,0.0
2000-12-06 00:00:00-05:00,3.263679855777473,3.2703266896047833,3.2370917797088623,3.2370917797088623,376130,0.0,0.0
2000-12-07 00:00:00-05:00,3.2171482584513527,3.243736312624087,3.2171482584513527,3.2304422855377197,205959,0.0,0.0
2000-12-08 00:00:00-05:00,3.237089807302294,3.3633825361066445,3.237089807302294,3.3567357063293457,561639,0.0,0.0
2000-12-11 00:00:00-05:00,3.3500903794625865,3.429854224470957,3.3500903794625865,3.3966193199157715,297983,0.0,0.0
2000-12-12 00:00:00-05:00,3.38997175198898,3.38997175198898,3.2969138912636407,3.3235015869140625,239190,0.0,0.0
2000-12-13 00:00:00-05:00,3.3434428110828724,3.389972116832777,3.3235019446040455,3.3700308799743652,147531,0.0,0.0
2000-12-14 00:00:00-05:00,3.3833254209151757,3.3833254209151757,3.276972770690918,3.276972770690918,169076,0.0,0.0
2000-12-15 00:00:00-05:00,3.303561240315627,3.5229122638702393,3.2836200024781874,3.5229122638702393,549954,0.0,0.0
2000-12-18 00:00:00-05:00,3.5096181104021493,3.5096181104021493,3.4298539025018226,3.4497947692871094,556527,0.0,0.0
2000-12-19 00:00:00-05:00,3.4497940409929706,3.562793496852648,3.4497940409929706,3.5162642002105713,363714,0.0,0.0
2000-12-20 00:00:00-05:00,3.522912145052204,3.522912145052204,3.4298539025018226,3.4497947692871094,130367,0.0,0.0
2000-12-21 00:00:00-05:00,3.5029716087987937,3.5760889991939866,3.489677941868393,3.569441795349121,279724,0.0,0.0
2000-12-22 00:00:00-05:00,3.5627936444884867,3.735615695236174,3.5627936444884867,3.6824395656585693,993276,0.0,0.0
2000-12-26 00:00:00-05:00,3.675793664012779,3.748911053225671,3.675793664012779,3.7289698123931885,325006,0.0,0.0
2000-12-27 00:00:00-05:00,3.7289677666892658,3.802085115790133,3.6957325069944744,3.7489089965820312,483127,0.0,0.0
2000-12-28 00:00:00-05:00,3.7754974708849476,3.9283786602086814,3.7754974708849476,3.8286736011505127,933752,0.0,0.0
2000-12-29 00:00:00-05:00,3.8419683469382035,3.988202361935793,3.8419683469382035,3.9483206272125244,891027,0.0,0.0
2001-01-02 00:00:00-05:00,3.8020872051396806,3.8020872051396806,3.36338435097324,3.5096187591552734,1402637,0.0,0.0
2001-01-03 00:00:00-05:00,3.536208121797732,3.7422652164713273,3.536208121797732,3.662501335144043,805576,0.0,0.0
2001-01-04 00:00:00-05:00,3.6691459928276724,3.67579282466763,3.6026758225302236,3.609323024749756,242111,0.0,0.0
2001-01-05 00:00:00-05:00,3.622617886012029,3.775498757036217,3.622617886012029,3.7289698123931885,575516,0.0,0.0
2001-01-08 00:00:00-05:00,3.7090277671813965,3.715674968813411,3.689086532664893,3.7090277671813965,426890,0.0,0.0
2001-01-09 00:00:00-05:00,3.6957325584454495,3.7156741589952924,3.6558508388636066,3.669144868850708,171632,0.0,0.0
2001-01-10 00:00:00-05:00,3.6691456353184853,3.695733330467275,3.602675471497666,3.6558516025543213,362984,0.0,0.0
2001-01-11 00:00:00-05:00,3.6558504061496415,3.702379690786924,3.629262719701873,3.6757912635803223,395485,0.0,0.0
2001-01-12 00:00:00-05:00,3.6691456685279316,3.715674968813411,3.61596990736952,3.7090277671813965,272055,0.0,0.0
2001-01-16 00:00:00-05:00,3.6890874269501603,3.748910774622126,3.6691465579792593,3.722322702407837,1302944,0.0,0.0
2001-01-17 00:00:00-05:00,3.7356157435653063,3.841967633716904,3.7356157435653063,3.8286736011505127,719395,0.0,0.0
2001-01-18 00:00:00-05:00,3.828673312719166,3.921731163293902,3.815379281154274,3.8419673442840576,675939,0.0,0.0
2001-01-19 00:00:00-05:00,3.84196842005089,3.8486152525047235,3.7954394817352295,3.7954394817352295,472902,0.0,0.0
2001-01-22 00:00:00-05:00,3.7688517753885056,3.8220279216766357,3.748910905720279,3.8220279216766357,115030,0.0,0.0
2001-01-23 00:00:00-05:00,3.815379794493928,3.855261894554533,3.815379794493928,3.8486146926879883,540459,0.0,0.0
2001-01-24 00:00:00-05:00,3.8419678524552,3.9017908172201508,3.8286738191319274,3.895143985748291,356046,0.0,0.0
2001-01-25 00:00:00-05:00,3.8818502426147465,3.8884974449630745,3.8619093763289243,3.881850242614746,373939,0.0,0.0
2001-01-26 00:00:00-05:00,3.86855657581607,3.918409301836077,3.865233159515967,3.9084386825561523,92389,0.0,0.0
2001-01-29 00:00:00-05:00,3.9084387045636944,4.004155539051083,3.9084387045636944,3.9616148471832275,589392,0.0,0.0
2001-01-30 00:00:00-05:00,3.9616140974897167,4.094553688121903,3.9616140974897167,3.9711854457855225,464503,0.0,0.0
2001-01-31 00:00:00-05:00,3.9711877241426317,4.014792163040609,3.954171737156835,3.956298828125,319893,0.0,0.0
2001-02-01 00:00:00-05:00,3.982884801005343,3.982884801005343,3.8552623616525006,3.945662021636963,346916,0.0,0.0
2001-02-02 00:00:00-05:00,3.935026482649686,3.961614924860403,3.8712156287865445,3.9573607444763184,400232,0.0,0.0
2001-02-05 00:00:00-05:00,3.9573606668825567,3.9616148471832275,3.935026405493842,3.9616148471832275,79973,0.0,0.0
2001-02-06 00:00:00-05:00,3.9616142647889556,4.06264862460938,3.9616142647889556,4.057331085205078,343265,0.0,0.0
2001-02-07 00:00:00-05:00,4.057332284868773,4.057332284868773,3.998838593367031,4.037125110626221,109187,0.0,0.0
2001-02-08 00:00:00-05:00,4.037124519464803,4.162620245958052,4.0041555480098845,4.015854358673096,746418,0.0,0.0
2001-02-09 00:00:00-05:00,4.030741907289158,4.115823625455705,4.030741907289158,4.066901683807373,656219,0.0,0.0
2001-02-12 00:00:00-05:00,4.066902804284647,4.066902804284647,4.030743017804006,4.057331085205078,105901,0.0,0.0
2001-02-13 00:00:00-05:00,4.057331709807611,4.073284330476329,4.057331709807611,4.062649250030518,426159,0.0,0.0
2001-02-14 00:00:00-05:00,4.067966938018799,4.078602018850921,4.057331857186677,4.067966938018799,108092,0.0,0.0
2001-02-15 00:00:00-05:00,4.046694429373299,4.0573295040373445,4.030741446997811,4.052011966705322,71574,0.0,0.0
2001-02-16 00:00:00-05:00,4.041379451751709,4.052014904506114,4.008410474162275,4.041379451751709,88372,0.0,0.0
2001-02-20 00:00:00-05:00,4.030742645263672,4.062648249120179,4.009472119232824,4.030742645263672,703692,0.0,0.0
2001-02-21 00:00:00-05:00,4.030743605165998,4.093491097811744,4.030743605165998,4.078601837158203,339978,0.0,0.0
2001-02-22 00:00:00-05:00,4.0732825811827,4.080727208373557,4.0392498939160815,4.066901683807373,425794,0.0,0.0
2001-02-23 00:00:00-05:00,4.066904493809864,4.105191386033767,4.020109238700775,4.083920478820801,153008,0.0,0.0
2001-02-26 00:00:00-05:00,4.083918751060206,4.083918751060206,4.041378065770877,4.073283672332764,396215,0.0,0.0
2001-02-27 00:00:00-05:00,4.052013056867323,4.062648134392652,4.041377608962475,4.058393955230713,785491,0.0,0.0
2001-02-28 00:00:00-05:00,4.058393017626645,4.158363982558969,4.058393017626645,4.148792266845703,1600927,0.0,0.0
2001-03-01 00:00:00-05:00,4.126460778232441,4.2115425392216785,4.121143237616797,4.208352088928223,490430,0.0,0.0
2001-03-02 00:00:00-05:00,4.208350707202185,4.312575506111724,4.2062236175783845,4.303003787994385,516723,0.0,0.0
2001-03-05 00:00:00-05:00,4.301940564092399,4.3657517733014615,4.301940564092399,4.349799156188965,764676,0.0,0.0
2001-03-06 00:00:00-05:00,4.339163065725226,4.5359145904528955,4.339163065725226,4.435943603515625,1064485,0.0,0.0
2001-03-07 00:00:00-05:00,4.424244581593228,4.429562490419486,4.392338980533168,4.413609504699707,376130,0.0,0.0
2001-03-08 00:00:00-05:00,4.418927534055988,4.424245073093487,4.349799156188965,4.349799156188965,769059,0.0,0.0
2001-03-09 00:00:00-05:00,4.355116926371534,4.360434465691258,4.2593997370982715,4.267908096313477,247589,0.0,0.0
2001-03-12 00:00:00-05:00,4.259400178127814,4.259400178127814,4.211541948915374,4.222177028656006,401327,0.0,0.0
2001-03-13 00:00:00-05:00,4.19027222497719,4.191335585003932,4.126460993501275,4.14241361618042,361158,0.0,0.0
2001-03-14 00:00:00-05:00,4.143475433202436,4.143475433202436,4.020107197058483,4.030742645263672,993641,0.0,0.0
2001-03-15 00:00:00-05:00,4.030741930057168,4.030741930057168,3.9031195372761927,3.919072151184082,459390,0.0,0.0
2001-03-16 00:00:00-05:00,3.929708981149406,3.935026521492188,3.7861339103757667,3.92120099067688,589758,0.0,0.0
2001-03-19 00:00:00-05:00,3.9137541432612086,3.925452947616577,3.887166086227887,3.925452947616577,643804,0.0,0.0
2001-03-20 00:00:00-05:00,3.9254538146141913,3.926517174163439,3.8446258959683144,3.860579252243042,588297,0.0,0.0
2001-03-21 00:00:00-05:00,3.871215915666826,3.9190741522056713,3.8286748494326828,3.8393099308013916,598887,0.0,0.0
2001-03-22 00:00:00-05:00,3.8339923157692457,3.835056046113281,3.695734408758821,3.775498628616333,325736,0.0,0.0
2001-03-23 00:00:00-05:00,3.7765627150744345,3.9350270690083025,3.7754989846300937,3.8765337467193604,597426,0.0,0.0
2001-03-26 00:00:00-05:00,3.871214964601193,3.9616142451652236,3.8499444367097846,3.927581548690796,440766,0.0,0.0
2001-03-27 00:00:00-05:00,3.9190752917517555,3.9562988281249996,3.9190752917517555,3.956298828125,591584,0.0,0.0
2001-03-28 00:00:00-05:00,3.9562976252293627,3.9775677876843862,3.9297091814012868,3.963742256164551,226043,0.0,0.0
2001-03-29 00:00:00-05:00,3.950978646030028,3.9669312620628094,3.920136403168664,3.964804172515869,497368,0.0,0.0
2001-03-30 00:00:00-05:00,3.964804762648295,4.07753793275905,3.9414071445289,4.075410842895508,433463,0.0,0.0
2001-04-02 00:00:00-04:00,4.062649246055604,4.062649246055604,3.9350264289326224,3.9882025718688965,494082,0.0,0.0
2001-04-03 00:00:00-04:00,3.998838826784607,3.998838826784607,3.8180402007493432,3.8276119232177734,619702,0.0,0.0
2001-04-04 00:00:00-04:00,3.827610931436258,3.871215351298505,3.7542279917791883,3.802086591720581,587201,0.0,0.0
2001-04-05 00:00:00-04:00,3.8020864070918767,3.88716778226566,3.7765616982360766,3.881850242614746,235538,0.0,0.0
2001-04-06 00:00:00-04:00,3.82867473711652,3.829738467449978,3.7329578964670804,3.7435929775238037,594505,0.0,0.0
2001-04-09 00:00:00-04:00,3.7595460773192646,3.9243916903247698,3.7595460773192646,3.9137566089630127,232616,0.0,0.0
2001-04-10 00:00:00-04:00,3.913756554932869,4.0073466770669866,3.9084390143254,3.9095027446746826,358237,0.0,0.0
2001-04-11 00:00:00-04:00,3.8978037316477203,3.8978037316477203,3.7595458311013132,3.8669614791870117,486778,0.0,0.0
2001-04-12 00:00:00-04:00,3.8765339718743115,3.886105324151209,3.8116593742903535,3.8775973320007324,254162,0.0,0.0
2001-04-16 00:00:00-04:00,3.8605801928246675,3.8648340024375467,3.775498074493613,3.779752254486084,353855,0.0,0.0
2001-04-17 00:00:00-04:00,3.7797501375540117,3.7797501375540117,3.6319209842167273,3.7563529014587402,1019203,0.0,0.0
2001-04-18 00:00:00-04:00,3.7829420994917644,3.8850401807105617,3.7595448540329977,3.8286736011505127,950916,0.0,0.0
2001-04-19 00:00:00-04:00,3.8286739165249397,3.833991455913605,3.804213309412994,3.8244197368621826,425429,0.0,0.0
2001-04-20 00:00:00-04:00,3.8074039667415565,3.839309204814625,3.7893238873779844,3.7914509773254395,866195,0.0,0.0
2001-04-23 00:00:00-04:00,3.786134123867671,3.828674819388336,3.6691467482112783,3.7042431831359863,672287,0.0,0.0
2001-04-24 00:00:00-04:00,3.7042406774107834,3.7754961182769824,3.703176947774025,3.768051862716675,397676,0.0,0.0
2001-04-25 00:00:00-04:00,3.743593014749257,3.8339923157692457,3.738275474168019,3.775498628616333,89833,0.0,0.0
2001-04-26 00:00:00-04:00,3.8020869963978585,3.828674698773399,3.7861340045928955,3.7861340045928955,501750,0.0,0.0
2001-04-27 00:00:00-04:00,3.78081589796775,3.7967688873838674,3.754227829193943,3.7914509773254395,223852,0.0,0.0
2001-04-30 00:00:00-04:00,3.791450663924254,3.881849942130963,3.7648625973482157,3.8446264266967773,945073,0.0,0.0
2001-05-01 00:00:00-04:00,3.8552627971219575,4.020108404842839,3.8552627971219575,4.0094733238220215,2264085,0.0,0.0
2001-05-02 00:00:00-04:00,4.052013898528244,4.227494566043598,4.034997178345872,4.160492897033691,995467,0.0,0.0
2001-05-03 00:00:00-04:00,4.147730083373132,4.147730083373132,4.0945539474487305,4.0945539474487305,597791,0.0,0.0
2001-05-04 00:00:00-04:00,4.094554715843569,4.131778240203857,4.083919634814711,4.131778240203857,259274,0.0,0.0
2001-05-07 00:00:00-04:00,4.147730134335629,4.200906641292974,4.1051898176807375,4.139222145080566,1214207,0.0,0.0
2001-05-08 00:00:00-04:00,4.140286525747267,4.158366609239232,4.1370960752873716,4.14241361618042,1296736,0.0,0.0
2001-05-09 00:00:00-04:00,4.143476770600867,4.248765334349498,4.143476770600867,4.242384433746338,647455,0.0,0.0
2001-05-10 00:00:00-04:00,4.249829551527199,4.355118118160714,4.242384549986772,4.276417255401611,577707,0.0,0.0
2001-05-11 00:00:00-04:00,4.285986999210544,4.323210137838033,4.232810875240139,4.259398937225342,845015,0.0,0.0
2001-05-14 00:00:00-04:00,4.259400775142117,4.275353767368696,4.169001473537236,4.208352088928223,264752,0.0,0.0
2001-05-15 00:00:00-04:00,4.254083361919309,4.287052336951376,4.2381303692150025,4.276417255401611,243572,0.0,0.0
2001-05-16 00:00:00-04:00,4.303006019312067,4.303006019312067,4.227495965219386,4.250893592834473,738384,0.0,0.0
2001-05-17 00:00:00-04:00,4.254081821310494,4.360434079811483,4.254081821310494,4.317893028259277,2630721,0.0,0.0
2001-05-18 00:00:00-04:00,4.328529288033286,4.413611043993103,4.323211747731977,4.387022972106934,230060,0.0,0.0
2001-05-21 00:00:00-04:00,4.3870220714542185,4.388085431144323,4.307258242550798,4.3423542976379395,534251,0.0,0.0
2001-05-22 00:00:00-04:00,4.34980145899169,4.381706710107454,4.285989845620959,4.334911823272705,2020513,0.0,0.0
2001-05-23 00:00:00-04:00,4.328529293223461,4.328529293223461,4.254082988156622,4.263654708862305,223122,0.0,0.0
2001-05-24 00:00:00-04:00,4.2636539167058745,4.301940792415179,4.2593997370982715,4.267908096313477,918415,0.0,0.0
2001-05-25 00:00:00-04:00,4.268970162003335,4.307257026107018,4.22217531164297,4.288113594055176,1573904,0.0,0.0
2001-05-29 00:00:00-04:00,4.296621455704633,4.296621455704633,4.222175189194778,4.253017425537109,177475,0.0,0.0
2001-05-30 00:00:00-04:00,4.2530187178042125,4.333845905785765,4.217922292603248,4.309385299682617,519279,0.0,0.0
2001-05-31 00:00:00-04:00,4.360436242398131,4.409358216680671,4.349801159425304,4.372134685516357,456104,0.0,0.0
2001-06-01 00:00:00-04:00,4.372133483445808,4.38702274366601,4.359371313311293,4.379578113555908,291775,0.0,0.0
2001-06-04 00:00:00-04:00,4.375323031843645,4.40297482688028,4.375323031843645,4.3976569175720215,104075,0.0,0.0
2001-06-05 00:00:00-04:00,4.397657755900026,4.411483656053983,4.375323865914127,4.376387596130371,433463,0.0,0.0
2001-06-06 00:00:00-04:00,4.376384722831717,4.380638900144425,4.3604321134781,4.377448081970215,1289798,0.0,0.0
2001-06-07 00:00:00-04:00,4.377449937005738,4.438070693073378,4.377449937005738,4.435943603515625,717934,0.0,0.0
2001-06-08 00:00:00-04:00,4.4370081511346555,4.456151962280273,4.413610900493686,4.456151962280273,266943,0.0,0.0
2001-06-11 00:00:00-04:00,4.4667860347840795,4.4667860347840795,4.396593557938088,4.3976569175720215,272421,0.0,0.0
2001-06-12 00:00:00-04:00,4.365752244400354,4.429563460495148,4.364688514250346,4.4125471115112305,861083,0.0,0.0
2001-06-13 00:00:00-04:00,4.424242921271925,4.429560828102489,4.376384722831717,4.377448081970215,234442,0.0,0.0
2001-06-14 00:00:00-04:00,4.381704116121243,4.44019778263113,4.381704116121243,4.435943603515625,401327,0.0,0.0
2001-06-15 00:00:00-04:00,4.429562490419486,4.429562490419486,4.364687558382316,4.413609504699707,1571713,0.0,0.0
2001-06-18 00:00:00-04:00,4.41892717226652,4.424244710868657,4.359370147315365,4.371068954467773,154104,0.0,0.0
2001-06-19 00:00:00-04:00,4.371068954467773,4.376386493069911,4.360433877263498,4.371068954467773,506498,0.0,0.0
2001-06-20 00:00:00-04:00,4.365751415865636,4.381704031672048,4.360433877263498,4.371068954467773,477284,0.0,0.0
2001-06-21 00:00:00-04:00,4.371070137026383,4.445516438356186,4.371070137026383,4.44019889831543,2167314,0.0,0.0
2001-06-22 00:00:00-04:00,4.440199115879273,4.440199115879273,4.349800189997774,4.387022972106934,1027602,0.0,0.0
2001-06-25 00:00:00-04:00,4.387022094305948,4.418927700109421,4.365751937356668,4.402975082397461,945803,0.0,0.0
2001-06-26 00:00:00-04:00,4.402975171681601,4.519962518793138,4.397657261956891,4.4667863845825195,589027,0.0,0.0
2001-06-27 00:00:00-04:00,4.493375094463115,4.562504232675806,4.466787391742438,4.545487880706787,704057,0.0,0.0
2001-06-28 00:00:00-04:00,4.5720734201467,4.626312896246961,4.546548721148118,4.616741180419922,491160,0.0,0.0
2001-06-29 00:00:00-04:00,4.617805414322025,4.780523860387807,4.617805414322025,4.768825054168701,930101,0.0,0.0
2001-07-02 00:00:00-04:00,4.7592555921997075,4.7592555921997075,4.578456629903144,4.585901260375977,984877,0.0,0.0
2001-07-03 00:00:00-04:00,4.612487410844918,4.63163047227841,4.594407338408508,4.599725246429443,178571,0.0,0.0
2001-07-05 00:00:00-04:00,4.599728977801674,4.626316687577512,4.550806999206543,4.550806999206543,370287,0.0,0.0
2001-07-06 00:00:00-04:00,4.550804734149325,4.550804734149325,4.482738971710205,4.482738971710205,277533,0.0,0.0
2001-07-09 00:00:00-04:00,4.483803247158539,4.578456347273061,4.445516366873365,4.574202537536621,573690,0.0,0.0
2001-07-10 00:00:00-04:00,4.573139152097852,4.573139152097852,4.534852268926136,4.541233539581299,402788,0.0,0.0
2001-07-11 00:00:00-04:00,4.541232072902469,4.541232072902469,4.439133997672198,4.508263111114502,2084054,0.0,0.0
2001-07-12 00:00:00-04:00,4.514643822445656,4.567819572648958,4.48486494306127,4.4923095703125,347647,0.0,0.0
2001-07-13 00:00:00-04:00,4.4986927445114535,4.5242174582761105,4.4986927445114535,4.518899917602539,239555,0.0,0.0
2001-07-16 00:00:00-04:00,4.530597723222888,4.5944089378947846,4.530597723222888,4.549740791320801,353124,0.0,0.0
2001-07-17 00:00:00-04:00,4.550805997164813,4.573139520307004,4.548678536395501,4.567821979522705,220566,0.0,0.0
2001-07-18 00:00:00-04:00,4.551869869232178,4.585902208156088,4.531662693447113,4.551869869232178,206324,0.0,0.0
2001-07-19 00:00:00-04:00,4.557185604811243,4.566757323658783,4.510390740656359,4.525279998779297,132193,0.0,0.0
2001-07-20 00:00:00-04:00,4.52528007951802,4.558249416221009,4.52528007951802,4.527407169342041,75956,0.0,0.0
2001-07-23 00:00:00-04:00,4.5284703260714325,4.5284703260714325,4.46359575605487,4.477421283721924,524756,0.0,0.0
2001-07-24 00:00:00-04:00,4.477421463272819,4.511454159537251,4.465723024865314,4.4667863845825195,924258,0.0,0.0
2001-07-25 00:00:00-04:00,4.466786848454836,4.493374547941697,4.466786848454836,4.467850208282471,384529,0.0,0.0
2001-07-26 00:00:00-04:00,4.4721044689184035,4.482739548904742,4.465723569078443,4.469977378845215,1139346,0.0,0.0
2001-07-27 00:00:00-04:00,4.4667863845825195,4.486993182245913,4.465723024865314,4.4667863845825195,1100637,0.0,0.0
2001-07-30 00:00:00-04:00,4.4667863845825195,4.467849744299725,4.438071227663238,4.4667863845825195,408266,0.0,0.0
2001-07-31 00:00:00-04:00,4.466786582029681,4.679490757894844,4.466786582029681,4.641203880310059,810689,0.0,0.0
2001-08-01 00:00:00-04:00,4.652902012259899,4.785841963930318,4.631631486656004,4.680553436279297,768693,0.0,0.0
2001-08-02 00:00:00-04:00,4.680554087827596,4.7592549324035645,4.679490728070164,4.7592549324035645,452087,0.0,0.0
2001-08-03 00:00:00-04:00,4.753938306410539,4.753938306410539,4.599727778035344,4.605045318603516,509784,0.0,0.0
2001-08-06 00:00:00-04:00,4.615680051218806,4.652903202765002,4.573138989126338,4.598663330078125,245398,0.0,0.0
2001-08-07 00:00:00-04:00,4.610362635909889,4.611425995820171,4.466787195623833,4.5093278884887695,314051,0.0,0.0
2001-08-08 00:00:00-04:00,4.525280437016552,4.601853824832835,4.525280437016552,4.55505895614624,227504,0.0,0.0
2001-08-09 00:00:00-04:00,4.557186803059698,4.557186803059698,4.466787500470025,4.518899917602539,331214,0.0,0.0
2001-08-10 00:00:00-04:00,4.518899212070963,4.530598021954088,4.498692042134804,4.5114545822143555,101519,0.0,0.0
2001-08-13 00:00:00-04:00,4.514645395941377,4.53591555528423,4.493374495839335,4.498692035675049,205228,0.0,0.0
2001-08-14 00:00:00-04:00,4.52528058956245,4.5412332094712875,4.476358629234649,4.484866619110107,333040,0.0,0.0
2001-08-15 00:00:00-04:00,4.488054740969748,4.5412308538415385,4.472102129335857,4.530595779418945,369557,0.0,0.0
2001-08-16 00:00:00-04:00,4.519962459503898,4.525279998779297,4.498691561643193,4.525279998779297,63540,0.0,0.0
2001-08-17 00:00:00-04:00,4.551868415111937,4.551868415111937,4.502946457413854,4.505073547363281,396580,0.0,0.0
2001-08-20 00:00:00-04:00,4.5050732294131395,4.509327038632194,4.465722994074872,4.482738971710205,609112,0.0,0.0
2001-08-21 00:00:00-04:00,4.477423178738137,4.574203765266479,4.477423178738137,4.551869869232178,345456,0.0,0.0
2001-08-22 00:00:00-04:00,4.546549527698262,4.546549527698262,4.424244659744356,4.429562568664551,938500,0.0,0.0
2001-08-23 00:00:00-04:00,4.440199118670323,4.462533010177634,4.4348815783656725,4.461469650268555,656219,0.0,0.0
2001-08-24 00:00:00-04:00,4.456152115002505,4.5146457991790605,4.455088384712596,4.5093278884887695,141323,0.0,0.0
2001-08-27 00:00:00-04:00,4.498692035675049,4.514645395941377,4.482739416167909,4.498692035675049,143879,0.0,0.0
2001-08-28 00:00:00-04:00,4.482739816555823,4.5093278884887695,4.482739816555823,4.5093278884887695,349838,0.0,0.0
2001-08-29 00:00:00-04:00,4.509327189773606,4.519962639126609,4.498691740420601,4.514645099639893,703327,0.0,0.0
2001-08-30 00:00:00-04:00,4.514646107291473,4.54336090100469,4.514646107291473,4.518899917602539,893948,0.0,0.0
2001-08-31 00:00:00-04:00,4.518898550682749,4.546549976048843,4.511453921915741,4.535914897918701,844285,0.0,0.0
2001-09-04 00:00:00-04:00,4.535915405729027,4.535915405729027,4.466786649384833,4.493374347686768,198655,0.0,0.0
2001-09-05 00:00:00-04:00,4.488056450953687,4.498691529428327,4.402975082397461,4.402975082397461,299078,0.0,0.0
2001-09-06 00:00:00-04:00,4.413611043993103,4.440199115879273,4.376387891504317,4.387022972106934,1164908,0.0,0.0
2001-09-07 00:00:00-04:00,4.376386851376459,4.376386851376459,4.3072581031298975,4.349799156188965,904904,0.0,0.0
2001-09-10 00:00:00-04:00,4.349798793879966,4.35086215344708,4.291304758201024,4.344480514526367,453547,0.0,0.0
2001-09-17 00:00:00-04:00,4.573138839927433,4.780525492318266,4.457215208785688,4.469977378845215,2371812,0.0,0.0
2001-09-18 00:00:00-04:00,4.466786094961087,4.514644686723457,4.429562951578985,4.491246700286865,714647,0.0,0.0
2001-09-19 00:00:00-04:00,4.498691529428327,4.504009439045199,4.337036781019677,4.402975082397461,1198870,0.0,0.0
2001-09-20 00:00:00-04:00,4.402974556460107,4.402974556460107,4.307257750483106,4.371068954467773,1480419,0.0,0.0
2001-09-21 00:00:00-04:00,4.344480393194706,4.344480393194706,4.275352023016214,4.3232102394104,1404463,0.0,0.0
2001-09-24 00:00:00-04:00,4.323210360148033,4.397656641231219,4.307257744364282,4.344480514526367,862543,0.0,0.0
2001-09-25 00:00:00-04:00,4.360434996024027,4.413610766068264,4.296623405287656,4.3614983558654785,730350,0.0,0.0
2001-09-26 00:00:00-04:00,4.362560153072002,4.38064022693736,4.280669252086019,4.313638210296631,472536,0.0,0.0
2001-09-27 00:00:00-04:00,4.313638849028152,4.317893028259277,4.227493756685247,4.317893028259277,788048,0.0,0.0
2001-09-28 00:00:00-04:00,4.3391650549080225,4.450835270795134,4.326402882090521,4.408294200897217,5421388,0.0,0.0
2001-10-01 00:00:00-04:00,4.408293605575269,4.413611145999474,4.349800290529363,4.374260902404785,1448284,0.0,0.0
2001-10-02 00:00:00-04:00,4.371070707794714,4.381705789264941,4.254083330103595,4.257274150848389,851223,0.0,0.0
2001-10-03 00:00:00-04:00,4.254082761537235,4.408293274143272,4.1690010100077926,4.379578113555908,810689,0.0,0.0
2001-10-04 00:00:00-04:00,4.376387467214978,4.396594266552758,4.296623259289583,4.356180667877197,391102,0.0,0.0
2001-10-05 00:00:00-04:00,4.36043419162379,4.36043419162379,4.295558882634373,4.304067611694336,450991,0.0,0.0
2001-10-08 00:00:00-04:00,4.305132728982439,4.305132728982439,4.267909570507429,4.285989284515381,222757,0.0,0.0
2001-10-09 00:00:00-04:00,4.27003596639614,4.307259118815685,4.240257074080879,4.264718055725098,654394,0.0,0.0
2001-10-10 00:00:00-04:00,4.254083228347132,4.270036220550537,4.2221776143199685,4.270036220550537,690911,0.0,0.0
2001-10-11 00:00:00-04:00,4.280670327863395,4.36043452997383,4.275352788465279,4.333846092224121,396215,0.0,0.0
2001-10-12 00:00:00-04:00,4.344480661322866,4.344480661322866,4.249827952609729,4.287050724029541,223122,0.0,0.0
2001-10-15 00:00:00-04:00,4.296623647067982,4.328529259041763,4.2508925044793235,4.27960729598999,165789,0.0,0.0
2001-10-16 00:00:00-04:00,4.270034959487867,4.3657517733014615,4.2593995110333305,4.349799156188965,503942,0.0,0.0
2001-10-17 00:00:00-04:00,4.3497990672134685,4.419991173679929,4.329591900752958,4.3976569175720215,811054,0.0,0.0
2001-10-18 00:00:00-04:00,4.397658052709551,4.460405917176096,4.376387891504317,4.387022972106934,204863,0.0,0.0
2001-10-19 00:00:00-04:00,4.392337332185334,4.392337332185334,4.332780331324858,4.377448081970215,391102,0.0,0.0
2001-10-22 00:00:00-04:00,4.378514049643396,4.378514049643396,4.306194850256911,4.309385299682617,315511,0.0,0.0
2001-10-23 00:00:00-04:00,4.333846535831857,4.413610746106869,4.317893916004616,4.376387596130371,235538,0.0,0.0
2001-10-24 00:00:00-04:00,4.4029762941384964,4.4029762941384964,4.340228424958382,4.3817057609558105,178205,0.0,0.0
2001-10-25 00:00:00-04:00,4.3710689482583005,4.3710689482583005,4.328527898742617,4.344480514526367,135115,0.0,0.0
2001-10-26 00:00:00-04:00,4.349801159425304,4.392341491316612,4.349801159425304,4.372134685516357,434193,0.0,0.0
2001-10-29 00:00:00-05:00,4.392340512408242,4.4082935036917945,4.387022972106934,4.387022972106934,209610,0.0,0.0
2001-10-30 00:00:00-05:00,4.387023157129075,4.434881762618537,4.376388076077926,4.424246311187744,376495,0.0,0.0
2001-10-31 00:00:00-05:00,4.424245011839508,4.424245011839508,4.094553521904259,4.153047561645508,4671684,0.0,0.0
2001-11-01 00:00:00-05:00,4.147729153180011,4.148792883072502,4.041377275561852,4.105188846588135,4200973,0.0,0.0
2001-11-02 00:00:00-05:00,4.099872170107339,4.280670749739031,4.09455425980556,4.254082679748535,1780958,0.0,0.0
2001-11-05 00:00:00-05:00,4.296622951031343,4.301940860815179,4.21685911920814,4.271098613739014,2117650,0.0,0.0
2001-11-06 00:00:00-05:00,4.2540824260646115,4.285988034074658,4.239193167018562,4.275352954864502,907095,0.0,0.0
2001-11-07 00:00:00-05:00,4.275352997627856,4.317893685273562,4.253019108835391,4.307258605957031,491891,0.0,0.0
2001-11-08 00:00:00-05:00,4.31789238889783,4.344480079206644,4.301939774712541,4.313638210296631,1159431,0.0,0.0
2001-11-09 00:00:00-05:00,4.317893623158722,4.412547087004795,4.3072585439951805,4.365752220153809,287393,0.0,0.0
2001-11-12 00:00:00-05:00,4.371069042562315,4.371069042562315,4.307257837291596,4.345544338226318,924623,0.0,0.0
2001-11-13 00:00:00-05:00,4.370006347047987,4.428500027455853,4.360434997333241,4.423182487487793,481666,0.0,0.0
2001-11-14 00:00:00-05:00,4.424244966236496,4.46146847935902,4.392339362402567,4.45296049118042,939230,0.0,0.0
2001-11-15 00:00:00-05:00,4.461468135338077,4.594408079331942,4.461468135338077,4.563566207885742,1358816,0.0,0.0
2001-11-16 00:00:00-05:00,4.551869297658248,4.573139460517355,4.493375238656737,4.5029473304748535,255988,0.0,0.0
2001-11-19 00:00:00-05:00,4.599727153828629,4.626314853061397,4.546550644224306,4.57313871383667,1299293,0.0,0.0
2001-11-20 00:00:00-05:00,4.573137901157732,4.626314030932686,4.571010811521191,4.606107234954834,1146284,0.0,0.0
2001-11-21 00:00:00-05:00,4.606108066543764,4.606108066543764,4.567821186932742,4.572075366973877,698945,0.0,0.0
2001-11-23 00:00:00-05:00,4.578456091144087,4.649711937393372,4.578456091144087,4.644394397735596,56602,0.0,0.0
2001-11-26 00:00:00-05:00,4.644394562615599,4.644394562615599,4.530598024684645,4.57313871383667,938865,0.0,0.0
2001-11-27 00:00:00-05:00,4.573137938913932,4.585900106459018,4.511453820463073,4.562502861022949,356411,0.0,0.0
2001-11-28 00:00:00-05:00,4.573138049006615,4.615679102353735,4.573138049006615,4.611424922943115,234077,0.0,0.0
2001-11-29 00:00:00-05:00,4.599725246429443,4.605042784070938,4.573136817463088,4.599725246429443,255623,0.0,0.0
2001-11-30 00:00:00-05:00,4.602918228300318,4.626315480876201,4.573139334435197,4.605045318603516,499194,0.0,0.0
2001-12-03 00:00:00-05:00,4.599725357924351,4.636948122317071,4.594407449774511,4.622058868408203,797177,0.0,0.0
2001-12-04 00:00:00-05:00,4.626314431870222,4.690125644978526,4.599726735058064,4.679490566253662,438575,0.0,0.0
2001-12-05 00:00:00-05:00,4.706078879990871,4.823065863231851,4.705015520214501,4.796477794647217,751530,0.0,0.0
2001-12-06 00:00:00-05:00,4.785842427484456,4.84965364009734,4.748618911477309,4.847526550292969,510880,0.0,0.0
2001-12-07 00:00:00-05:00,4.8475258525088805,4.860288389497982,4.81774734029332,4.852843761444092,377226,0.0,0.0
2001-12-10 00:00:00-05:00,4.849652360634108,4.849652360634108,4.769888551101532,4.775206089019775,353855,0.0,0.0
2001-12-11 00:00:00-05:00,4.79647624069275,4.801794148990455,4.748617658669636,4.775206089019775,295061,0.0,0.0
2001-12-12 00:00:00-05:00,4.748617826150545,4.7741425275896,4.720966776152226,4.737982749938965,176380,0.0,0.0
2001-12-13 00:00:00-05:00,4.7326669343572,4.762445825271144,4.630569202579422,4.651839733123779,657680,0.0,0.0
2001-12-14 00:00:00-05:00,4.626314163208008,4.687998282913267,4.578455570966274,4.626314163208008,955663,0.0,0.0
2001-12-17 00:00:00-05:00,4.636949109644623,4.6794901616247335,4.636949109644623,4.668854713439941,182222,0.0,0.0
2001-12-18 00:00:00-05:00,4.668854678663077,4.668854678663077,4.617806009274436,4.635885715484619,1040384,0.0,0.0
2001-12-19 00:00:00-05:00,4.635886475895433,4.668855444481693,4.635886475895433,4.647584915161133,224583,0.0,0.0
2001-12-20 00:00:00-05:00,4.652904156984908,4.690127316164849,4.628443170898134,4.6731109619140625,535347,0.0,0.0
2001-12-21 00:00:00-05:00,4.679491084098439,4.720968414246783,4.652903013964414,4.71139669418335,461216,0.0,0.0
2001-12-24 00:00:00-05:00,4.68480698817497,4.68480698817497,4.627376687848293,4.675235271453857,171267,0.0,0.0
2001-12-26 00:00:00-05:00,4.675236756918687,4.737984244896745,4.675236756918687,4.706079006195068,136575,0.0,0.0
2001-12-27 00:00:00-05:00,4.706080266657155,4.732667972696388,4.684809731446078,4.715651988983154,346551,0.0,0.0
2001-12-28 00:00:00-05:00,4.71564815955146,4.71564815955146,4.658217872232816,4.689059734344482,318433,0.0,0.0
2001-12-31 00:00:00-05:00,4.662476380100802,4.729478073819975,4.658222198486328,4.658222198486328,702597,0.0,0.0
2002-01-02 00:00:00-05:00,4.658220976711628,4.706079581372609,4.658220976711628,4.704483985900879,468641,0.0,1.5
2002-01-03 00:00:00-05:00,4.690126560827889,4.745961290605711,4.656625722961196,4.733199119567871,461094,0.0,0.0
2002-01-04 00:00:00-05:00,4.7459607289620465,4.820939261993015,4.714055119953384,4.806581497192383,256840,0.0,0.0
2002-01-07 00:00:00-05:00,4.817748131115726,4.865606726731975,4.7858425241647495,4.797009468078613,480327,0.0,0.0
2002-01-08 00:00:00-05:00,4.797008473750014,4.801794517509366,4.747554663593987,4.777865409851074,196221,0.0,0.0
2002-01-09 00:00:00-05:00,4.777865274545454,5.100111717715107,4.777865274545454,5.093730449676514,1037827,0.0,0.0
2002-01-10 00:00:00-05:00,5.093732971756465,5.1447820302028955,5.0650178069341605,5.088947296142578,852562,0.0,0.0
2002-01-11 00:00:00-05:00,5.100112272569034,5.152756165501906,5.076183162985089,5.109683990478516,835277,0.0,0.0
2002-01-14 00:00:00-05:00,5.108090739357448,5.109685964562076,5.0650178069341605,5.088947296142578,313320,0.0,0.0
2002-01-15 00:00:00-05:00,5.104897037768507,5.144778753623557,5.096920546445726,5.128826141357422,592314,0.0,0.0
2002-01-16 00:00:00-05:00,5.130423645696028,5.187853593909302,5.11287543106272,5.117661476135254,270716,0.0,0.0
2002-01-17 00:00:00-05:00,5.117662130307226,5.184663806850557,5.104899959115111,5.168711185455322,567969,0.0,0.0
2002-01-18 00:00:00-05:00,5.1048980736821665,5.112874196244079,5.076182921320778,5.103302478790283,371748,0.0,0.0
2002-01-22 00:00:00-05:00,5.096924029560145,5.128829646275367,5.080971406392374,5.082566261291504,344238,0.0,0.0
2002-01-23 00:00:00-05:00,5.072994744466613,5.072994744466613,5.009183878834385,5.020350456237793,485926,0.0,0.0
2002-01-24 00:00:00-05:00,5.020346845442345,5.042681095324729,5.015561172854324,5.018751621246338,319163,0.0,0.0
2002-01-25 00:00:00-05:00,5.020349471649272,5.025135517120361,4.923037411372839,5.025135517120361,735219,0.0,0.0
2002-01-28 00:00:00-05:00,5.025134946422325,5.087350937823342,5.001205832923342,5.061826229095459,1010561,0.0,0.0
2002-01-29 00:00:00-05:00,5.049065254889134,5.104900360107422,5.033112632240814,5.104900360107422,476188,0.0,0.0
2002-01-30 00:00:00-05:00,5.0889475004377775,5.152758363082918,5.049065387202347,5.111281394958496,297496,0.0,0.0
2002-01-31 00:00:00-05:00,5.104898384855948,5.18466220799366,5.088945398000692,5.112874507904053,998145,0.0,0.0
2002-02-01 00:00:00-05:00,5.1048980736821665,5.1176602401607285,5.058634710925568,5.103302478790283,307721,0.0,0.0
2002-02-04 00:00:00-05:00,5.1033019759064,5.1033019759064,4.996418240314177,5.05544376373291,853536,0.0,0.0
2002-02-05 00:00:00-05:00,5.041090844244957,5.041090844244957,4.8975153291039994,4.905491828918457,681417,0.0,0.0
2002-02-06 00:00:00-05:00,4.865606212962333,4.865606212962333,4.769889402216343,4.80179500579834,1075806,0.0,0.0
2002-02-07 00:00:00-05:00,4.769889936964289,4.793819049738576,4.742770004208415,4.781056880950928,611303,0.0,0.0
2002-02-08 00:00:00-05:00,4.761914042763463,4.77148539277588,4.6725781092310354,4.750746726989746,860596,0.0,0.0
2002-02-11 00:00:00-05:00,4.750749362189186,4.9166591508865904,4.750749362189186,4.905491828918457,503455,0.0,0.0
2002-02-12 00:00:00-05:00,4.865609572370882,4.897514827601997,4.7938218221514175,4.8735857009887695,211315,0.0,0.0
2002-02-13 00:00:00-05:00,4.905489673921482,4.905489673921482,4.758723771481391,4.766700267791748,427498,0.0,0.0
2002-02-14 00:00:00-05:00,4.765103650562411,4.801795300643427,4.745960213161841,4.774675369262695,241502,0.0,0.0
2002-02-15 00:00:00-05:00,4.785842149838528,4.8991071752882815,4.776270431463933,4.884749412536621,484709,0.0,0.0
2002-02-19 00:00:00-05:00,4.886344873809606,4.886344873809606,4.779460749949368,4.80179500579834,507106,0.0,0.0
2002-02-20 00:00:00-05:00,4.817747398801156,4.849653000902369,4.747554926026685,4.843271732330322,425307,0.0,0.0
2002-02-21 00:00:00-05:00,4.83369967964138,4.83369967964138,4.777865342808487,4.785841464996338,222270,0.0,0.0
2002-02-22 00:00:00-05:00,4.801794530282598,4.84965274572649,4.776269827716965,4.812961101531982,448922,0.0,0.0
2002-02-25 00:00:00-05:00,4.812963087180197,4.897512981700715,4.812963087180197,4.865607738494873,374913,0.0,0.0
2002-02-26 00:00:00-05:00,4.87358314432964,4.905488753203002,4.841677905835865,4.859225749969482,271203,0.0,0.0
2002-02-27 00:00:00-05:00,4.865608215560833,5.104900526104063,4.857631718787467,4.974087238311768,799003,0.0,0.0
2002-02-28 00:00:00-05:00,4.974085247076934,5.108088931782106,4.974085247076934,5.100112438201904,1233318,0.0,0.0
2002-03-01 00:00:00-05:00,4.865606906721293,5.096922658267634,4.865606906721293,4.948561191558838,1177568,0.0,0.0
2002-03-04 00:00:00-05:00,5.001205496668456,5.237306906844572,4.938989139070961,5.057040214538574,1730930,0.0,0.0
2002-03-05 00:00:00-05:00,5.057041543083333,5.104900149816139,4.977277321988541,5.069803714752197,375156,0.0,0.0
2002-03-06 00:00:00-05:00,5.0698042233757326,5.0825663963249506,4.945372203766559,5.065018177032471,604243,0.0,0.0
2002-03-07 00:00:00-05:00,5.065016300236654,5.080969658676261,4.985252471075039,5.049063682556152,199142,0.0,0.0
2002-03-08 00:00:00-05:00,5.049065934684686,5.0809719250364145,4.986849920182305,5.005993366241455,377104,0.0,0.0
2002-03-11 00:00:00-05:00,4.93739611792101,4.9453722445928125,4.886347055323017,4.916657447814941,889079,0.0,0.0
2002-03-12 00:00:00-05:00,4.9166591508865904,4.929421328361831,4.894324877330145,4.905491828918457,128298,0.0,0.0
2002-03-13 00:00:00-05:00,4.8815600137294615,4.889536509154776,4.833701411557192,4.848059177398682,557014,0.0,0.0
2002-03-14 00:00:00-05:00,4.841678954322595,4.84965508048351,4.8145590142364805,4.833702087402344,457686,0.0,0.0
2002-03-15 00:00:00-05:00,4.8352954015324885,4.8352954015324885,4.747554721744901,4.768293380737305,639056,0.0,0.0
2002-03-18 00:00:00-05:00,4.76669999885871,4.768295223954849,4.722032214648275,4.7539381980896,700893,0.0,0.0
2002-03-19 00:00:00-05:00,4.765103288754329,4.892725701228523,4.760317614957331,4.87517786026001,317215,0.0,0.0
2002-03-20 00:00:00-05:00,4.843273246283538,4.959728748874632,4.769890671853734,4.919847011566162,513923,0.0,0.0
2002-03-21 00:00:00-05:00,5.033113309888538,5.033113309888538,4.881561337236694,5.005993366241455,605460,0.0,0.0
2002-03-22 00:00:00-05:00,5.0410868990452995,5.050658617255773,4.953346580892083,5.010776519775391,650012,0.0,0.0
2002-03-25 00:00:00-05:00,4.990037874670576,5.005990861865548,4.868796727582826,4.881558895111084,713309,0.0,0.0
2002-03-26 00:00:00-05:00,4.903894999447498,4.985254079590088,4.891132456729741,4.9262285232543945,203768,0.0,0.0
2002-03-27 00:00:00-05:00,4.942178937747773,5.0729917841224745,4.913463787185225,5.017157077789307,339126,0.0,0.0
2002-03-28 00:00:00-05:00,5.05704123551017,5.060231685638428,5.0187543524525635,5.060231685638428,449652,0.0,0.0
2002-04-01 00:00:00-05:00,5.028323336801809,5.03789505235728,4.937392594593975,5.018751621246338,326223,0.0,0.0
2002-04-02 00:00:00-05:00,4.994823953917231,5.001205222915759,4.945370137722351,4.954942226409912,216671,0.0,0.0
2002-04-03 00:00:00-05:00,4.954940357469037,4.961321253681238,4.900700887768354,4.921439170837402,750800,0.0,0.0
2002-04-04 00:00:00-05:00,4.89751363266354,4.9421817939240915,4.84965539111396,4.916657447814941,153130,0.0,0.0
2002-04-05 00:00:00-05:00,4.916657171785584,4.969301086382727,4.852845939715484,4.9262285232543945,562126,0.0,0.0
2002-04-08 00:00:00-04:00,4.953348601470544,4.9932303448400255,4.903895135986077,4.945372104644775,356167,0.0,0.0
2002-04-09 00:00:00-04:00,4.9453722445928125,5.001207353573578,4.89751363266354,4.916657447814941,486900,0.0,0.0
2002-04-10 00:00:00-04:00,4.905488052529694,4.9661088118442205,4.865606324919172,4.913464546203613,239798,0.0,0.0
2002-04-11 00:00:00-04:00,4.94537070576501,5.005991471885777,4.8703925457228285,4.929418087005615,181127,0.0,0.0
2002-04-12 00:00:00-04:00,4.92941765615132,4.967704530434737,4.868796895329091,4.961323261260986,338639,0.0,0.0
2002-04-15 00:00:00-04:00,4.937394014448608,4.9613231250289065,4.8815589292552,4.954942226409912,247102,0.0,0.0
2002-04-16 00:00:00-04:00,4.958133843562087,5.0331120126524285,4.94696652758942,5.025135517120361,585497,0.0,0.0
2002-04-17 00:00:00-04:00,4.9932303448400255,5.0091837088712445,4.907085586564511,4.945372104644775,411187,0.0,0.0
2002-04-18 00:00:00-04:00,4.945368768631584,4.999608243774889,4.94217832020534,4.998013019561768,307234,0.0,0.0
2002-04-19 00:00:00-04:00,4.9852538482102355,5.041088581085205,4.969300855743299,5.041088581085205,281915,0.0,0.0
2002-04-22 00:00:00-04:00,5.015563165202099,5.017158390031783,4.946965904868692,4.969299793243408,250997,0.0,0.0
2002-04-23 00:00:00-04:00,4.96930119231958,5.082566261291504,4.945372072378083,5.082566261291504,922432,0.0,0.0
2002-04-24 00:00:00-04:00,5.057041535686955,5.057041535686955,4.966110368217445,4.985253810882568,123673,0.0,0.0
2002-04-25 00:00:00-04:00,4.9852527822993915,4.9852527822993915,4.9294180613625995,4.969299793243408,975261,0.0,0.0
2002-04-26 00:00:00-04:00,4.98525192290749,5.025134018292724,4.9453698275222555,5.02194356918335,470589,0.0,0.0
2002-04-29 00:00:00-04:00,5.001206486024741,5.00918298169257,4.9150609994955285,4.938990116119385,348864,0.0,0.0
2002-04-30 00:00:00-04:00,4.938988881504711,4.96132313786759,4.8672015495780485,4.913464546203613,508324,0.0,0.0
2002-05-01 00:00:00-04:00,4.945371972162398,5.1447821651864984,4.945371972162398,5.11925745010376,1821980,0.0,0.0
2002-05-02 00:00:00-04:00,5.119256974507145,5.1511629579913105,5.072993965138453,5.084161281585693,569186,0.0,0.0
2002-05-03 00:00:00-04:00,5.088946847931633,5.104899839332179,5.025135623088707,5.060231685638428,379295,0.0,0.0
2002-05-06 00:00:00-04:00,5.104899140499266,5.104899140499266,4.999610226504327,5.013967990875244,622258,0.0,0.0
2002-05-07 00:00:00-04:00,5.044279405993391,5.044279405993391,4.943776879355558,4.945372104644775,305286,0.0,0.0
2002-05-08 00:00:00-04:00,4.98525142255535,5.049062620615415,4.974084481413812,5.037895679473877,799490,0.0,0.0
2002-05-09 00:00:00-04:00,5.1017072542779,5.183066667445419,5.023538290135147,5.103302478790283,1373545,0.0,0.0
2002-05-10 00:00:00-04:00,5.111278990561264,5.112874215079523,5.0251339035392455,5.074587345123291,188430,0.0,0.0
2002-05-13 00:00:00-04:00,5.065014581154603,5.184660839858034,5.041085477565688,5.128826141357422,401449,0.0,0.0
2002-05-14 00:00:00-04:00,5.136804103851318,5.178281429144138,5.104898867880983,5.136804103851318,196708,0.0,0.0
2002-05-15 00:00:00-04:00,5.152758564794426,5.26442878252885,5.109686369715217,5.24209451675415,369801,0.0,0.0
2002-05-16 00:00:00-04:00,5.248473864458446,5.291546414127694,5.192639146438969,5.194234371185303,119291,0.0,0.0
2002-05-17 00:00:00-04:00,5.192641906745996,5.2405001560947575,5.128830660694479,5.183070182800293,154104,0.0,0.0
2002-05-20 00:00:00-04:00,5.183067473805379,5.1846626985659405,5.112874991683787,5.136804103851318,198899,0.0,0.0
2002-05-21 00:00:00-04:00,5.152758363082918,5.224546092830757,5.106495348772812,5.111281394958496,346429,0.0,0.0
2002-05-22 00:00:00-04:00,5.112876652727917,5.119257553843154,5.052255869855092,5.082566261291504,405344,0.0,0.0
2002-05-23 00:00:00-04:00,5.050660981392308,5.160735607147217,4.951753303713438,5.160735607147217,206202,0.0,0.0
2002-05-24 00:00:00-04:00,5.176685567037028,5.216567662659057,5.127232124030046,5.170304298400879,99084,0.0,0.0
2002-05-28 00:00:00-04:00,5.138398918510178,5.160732802524812,5.001204795006352,5.074587345123291,182831,0.0,0.0
2002-05-29 00:00:00-04:00,5.042682200031606,5.052253547304456,4.966108458812728,4.972489356994629,218131,0.0,0.0
2002-05-30 00:00:00-04:00,4.969297373946489,5.031513334291818,4.913462680192756,4.921439170837402,1085057,0.0,0.0
2002-05-31 00:00:00-04:00,4.94218165406634,4.998016391087359,4.919847759257933,4.945372104644775,362741,0.0,0.0
2002-06-03 00:00:00-04:00,4.977277110237412,5.015563993994796,4.977277110237412,4.986848831176758,354950,0.0,0.0
2002-06-04 00:00:00-04:00,4.953345669494967,4.961322161599305,4.801794171409861,4.8895344734191895,1356260,0.0,0.0
2002-06-05 00:00:00-04:00,4.897512519184378,4.969300235567068,4.889536394325996,4.950157165527344,279724,0.0,0.0
2002-06-06 00:00:00-04:00,4.945371587268764,4.945371587268764,4.833701754529745,4.865607738494873,358602,0.0,0.0
2002-06-07 00:00:00-04:00,4.86560811205357,4.961324960158719,4.81774950281116,4.9262285232543945,262926,0.0,0.0
2002-06-10 00:00:00-04:00,4.929416606683525,4.9613222050005215,4.833699441353071,4.844866752624512,325980,0.0,0.0
2002-06-11 00:00:00-04:00,4.849653738066703,4.849653738066703,4.753937287593339,4.797009468078613,1163204,0.0,0.0
2002-06-12 00:00:00-04:00,4.793819198155113,4.841677795564955,4.642267281673596,4.824129581451416,2408451,0.0,0.0
2002-06-13 00:00:00-04:00,4.785842192571566,4.905488117753016,4.771484429691705,4.816152572631836,444053,0.0,0.0
2002-06-14 00:00:00-04:00,4.816152542798567,4.857629865742056,4.706078336759024,4.820938587188721,472536,0.0,0.0
2002-06-17 00:00:00-04:00,5.025133763473189,5.072991979205019,4.945369576747483,4.99163293838501,1037827,0.0,0.0
2002-06-18 00:00:00-04:00,4.993230080068231,5.147972850991815,4.985253954045087,5.088947296142578,1080431,0.0,0.0
2002-06-19 00:00:00-04:00,5.0777788175306595,5.128828234680422,5.028325365979811,5.066612243652344,196951,0.0,0.0
2002-06-20 00:00:00-04:00,5.049065386280418,5.072994506065436,4.99323027960914,5.00280237197876,171876,0.0,0.0
2002-06-21 00:00:00-04:00,5.01715887742102,5.025135372723883,4.942180710485164,4.982062816619873,255866,0.0,0.0
2002-06-24 00:00:00-04:00,4.881558515106566,4.9294171025864015,4.7539364793791785,4.868796348571777,473997,0.0,0.0
2002-06-25 00:00:00-04:00,4.889535435561393,4.9884430682071,4.889535435561393,4.913464546203613,549710,0.0,0.0
2002-06-26 00:00:00-04:00,4.8975118312067645,4.8975118312067645,4.745960294872194,4.825724124908447,1081161,0.0,0.0
2002-06-27 00:00:00-04:00,4.790628439702417,4.857630101378416,4.781056720837337,4.825724124908447,1007153,0.0,0.0
2002-06-28 00:00:00-04:00,4.849651495794378,4.921439170837402,4.779459044804403,4.921439170837402,1087491,0.0,0.0
2002-07-01 00:00:00-04:00,4.993230166315661,4.993230166315661,4.793820345458766,4.833702087402344,694076,0.0,0.0
2002-07-02 00:00:00-04:00,4.833702510850635,4.833702510850635,4.506669827834276,4.516241550445557,3527104,0.0,0.0
2002-07-03 00:00:00-04:00,4.466788090891431,4.522622830913663,4.355118610846966,4.383833408355713,4205599,0.0,0.0
2002-07-05 00:00:00-04:00,4.395000117674117,4.538575578939286,4.395000117674117,4.522622585296631,727429,0.0,0.0
2002-07-08 00:00:00-04:00,4.522622583368646,4.618339434044727,4.522622583368646,4.570480823516846,779527,0.0,0.0
2002-07-09 00:00:00-04:00,4.570479327761841,4.6103617987993655,4.442857272339565,4.4667863845825195,504428,0.0,0.0
2002-07-10 00:00:00-04:00,4.469976299618075,4.519429742956197,4.307257837291596,4.345544338226318,790482,0.0,0.0
2002-07-11 00:00:00-04:00,4.363093034059631,4.458809852600098,4.27854315916324,4.458809852600098,1057790,0.0,0.0
2002-07-12 00:00:00-04:00,4.469976240308273,4.538573488772848,4.418927202693138,4.508263111114502,1220415,0.0,0.0
2002-07-15 00:00:00-04:00,4.506669113379229,4.508264708877905,4.379047029680418,4.474763870239258,1318769,0.0,0.0
2002-07-16 00:00:00-04:00,4.468382412817872,4.474763683407218,4.321616522679547,4.387022972106934,1125226,0.0,0.0
2002-07-17 00:00:00-04:00,4.3870222733001,4.457214757083473,4.380641374106791,4.4412617683410645,987433,0.0,0.0
2002-07-18 00:00:00-04:00,4.442858140133166,4.450834635898667,4.2673770851903265,4.3551177978515625,738627,0.0,0.0
2002-07-19 00:00:00-04:00,4.353521177640959,4.353521177640959,4.107848054852469,4.173254489898682,1519615,0.0,0.0
2002-07-22 00:00:00-04:00,4.14772992977064,4.149325524908123,3.79676863088134,4.002559661865234,2304498,0.0,0.0
2002-07-23 00:00:00-04:00,3.988203464489487,4.012132586014663,3.7648641327018657,3.870152711868286,2347588,0.0,0.0
2002-07-24 00:00:00-04:00,3.788791575807137,4.044036388397217,3.624477523993546,4.044036388397217,2462010,0.0,0.0
2002-07-25 00:00:00-04:00,4.036059827107882,4.149324840410806,3.969058176050685,4.04084587097168,950429,0.0,0.0
2002-07-26 00:00:00-04:00,4.004156613860628,4.131779094100679,3.991394069532848,4.083920478820801,791213,0.0,0.0
2002-07-29 00:00:00-04:00,4.083921659542974,4.307261434913615,4.082326804015553,4.299284934997559,1375979,0.0,0.0
2002-07-30 00:00:00-04:00,4.323208617560945,4.41892538482072,4.251420949521274,4.377448081970215,876420,0.0,0.0
2002-07-31 00:00:00-04:00,4.377449920409086,4.745959758758545,4.377449920409086,4.745959758758545,1547368,0.0,0.0
2002-08-01 00:00:00-04:00,4.706078260570681,4.722030877394009,4.533787702525638,4.6279096603393555,1349687,0.0,0.0
2002-08-02 00:00:00-04:00,4.626313032303397,4.626313032303397,4.463594599217187,4.559311389923096,1110619,0.0,0.0
2002-08-05 00:00:00-04:00,4.527404904708392,4.546547962789995,4.387020009580795,4.428497314453125,1087248,0.0,0.0
2002-08-06 00:00:00-04:00,4.42849807936741,4.560906507110006,4.3072569621387435,4.506666660308838,1308787,0.0,0.0
2002-08-07 00:00:00-04:00,4.54655030882634,4.54655030882634,4.379046149308463,4.4412617683410645,793404,0.0,0.0
2002-08-08 00:00:00-04:00,4.450834698178683,4.61036276382278,4.363093984289701,4.580052375793457,559448,0.0,0.0
2002-08-09 00:00:00-04:00,4.580052308520048,4.626315317244436,4.538574975023852,4.57686185836792,319650,0.0,0.0
2002-08-12 00:00:00-04:00,4.562503579581032,4.594409188658393,4.498691991046718,4.56888484954834,261709,0.0,0.0
2002-08-13 00:00:00-04:00,4.4986912389878775,4.586431927067457,4.450833388941752,4.465190410614014,244911,0.0,0.0
2002-08-14 00:00:00-04:00,4.465191198526286,4.498692032811591,4.3391639859437605,4.463596343994141,662427,0.0,0.0
2002-08-15 00:00:00-04:00,4.482738674171691,4.626314077868895,4.466786057305075,4.586431980133057,446244,0.0,0.0
2002-08-16 00:00:00-04:00,4.573670709545256,4.666197098225128,4.562504133910048,4.656625747680664,263900,0.0,0.0
2002-08-19 00:00:00-04:00,4.656624379867421,4.83370023900081,4.626314000907596,4.80179500579834,630292,0.0,0.0
2002-08-20 00:00:00-04:00,4.7842487937296045,4.8017970126666585,4.722032785185155,4.776272296905518,843798,0.0,0.0
2002-08-21 00:00:00-04:00,4.776271988157265,4.776271988157265,4.6598164754203815,4.718842029571533,561639,0.0,0.0
2002-08-22 00:00:00-04:00,4.718840259691043,4.737983325119919,4.626313900203479,4.648647785186768,909529,0.0,0.0
2002-08-23 00:00:00-04:00,4.648648797762586,4.658220517751711,4.584837578088157,4.603981018066406,176988,0.0,0.0
2002-08-26 00:00:00-04:00,4.607171096690855,4.640671926070298,4.56250295380539,4.626314163208008,178692,0.0,0.0
2002-08-27 00:00:00-04:00,4.626316004516511,4.626316004516511,4.498693164536885,4.538575649261475,418247,0.0,0.0
2002-08-28 00:00:00-04:00,4.538574892289686,4.538574892289686,4.466787172518003,4.500288009643555,181614,0.0,0.0
2002-08-29 00:00:00-04:00,4.490714870537098,4.490714870537098,4.444451506889243,4.4476423263549805,265361,0.0,0.0
2002-08-30 00:00:00-04:00,4.447642423656453,4.474762352621226,4.418927270113668,4.434880256652832,349351,0.0,0.0
2002-09-03 00:00:00-04:00,4.426902920861857,4.460403741762856,4.251421954225906,4.288113594055176,789265,0.0,0.0
2002-09-04 00:00:00-04:00,4.289711009634889,4.3838326233202105,4.286520559456292,4.374260902404785,674357,0.0,0.0
2002-09-05 00:00:00-04:00,4.3455447312062665,4.3455447312062665,4.192397602479302,4.205160140991211,669488,0.0,0.0
2002-09-06 00:00:00-04:00,4.214731051847729,4.267375309385493,4.203564110574839,4.224302768707275,525609,0.0,0.0
2002-09-09 00:00:00-04:00,4.224304774474998,4.24344784690405,4.171660121561231,4.2227091789245605,475214,0.0,0.0
2002-09-10 00:00:00-04:00,4.22749522560206,4.251424343927561,4.22590000043098,4.246638298034668,655124,0.0,0.0
2002-09-11 00:00:00-04:00,4.248232110523849,4.259399052414088,4.206754791965962,4.217921733856201,537294,0.0,0.0
2002-09-12 00:00:00-04:00,4.225899505773657,4.22749473075801,4.126992223327306,4.138158798217773,297496,0.0,0.0
2002-09-13 00:00:00-04:00,4.139754639814445,4.2035658652617025,4.138159044355575,4.1573028564453125,488848,0.0,0.0
2002-09-16 00:00:00-04:00,4.163683241943272,4.214732290065041,4.131777633164615,4.149325847625732,242233,0.0,0.0
2002-09-17 00:00:00-04:00,4.187612090038118,4.203564706813781,4.115824388598805,4.117419242858887,582332,0.0,0.0
2002-09-18 00:00:00-04:00,4.1030615406199695,4.117418559995413,4.099870721490402,4.107847213745117,642708,0.0,0.0
2002-09-19 00:00:00-04:00,4.083919559266982,4.106253821621854,4.064776487845089,4.067966938018799,438453,0.0,0.0
2002-09-20 00:00:00-04:00,4.083918495105684,4.106252751640838,4.053608115214622,4.056798934936523,323789,0.0,0.0
2002-09-23 00:00:00-04:00,4.020106315612793,4.0918940011446985,3.9882007187518846,4.020106315612793,476432,0.0,0.0
2002-09-24 00:00:00-04:00,4.0312751736333805,4.0312751736333805,3.9084384119016944,3.924391031265259,1064850,0.0,0.0
2002-09-25 00:00:00-04:00,3.924391457727826,4.053609133095151,3.924391457727826,4.0360612869262695,557501,0.0,0.0
2002-09-26 00:00:00-04:00,4.0599881896065995,4.2115400444669975,4.0552025170012636,4.155704975128174,1030037,0.0,0.0
2002-09-27 00:00:00-04:00,4.09987191369905,4.09987191369905,3.972249482029928,4.012131214141846,1808834,0.0,0.0
2002-09-30 00:00:00-04:00,4.012130694357043,4.012130694357043,3.836650058735886,3.9866063594818115,1946870,0.0,0.0
2002-10-01 00:00:00-04:00,4.004153389958278,4.0743458457274695,3.892483624468121,4.052011966705322,1436598,0.0,0.0
2002-10-02 00:00:00-04:00,4.053608973297851,4.053608973297851,3.8924856917082726,3.9084386825561523,586228,0.0,0.0
2002-10-03 00:00:00-04:00,3.8924854931202506,3.906842887847159,3.7792208194732666,3.7792208194732666,1431486,0.0,0.0
2002-10-04 00:00:00-04:00,3.7648628390561525,3.769648513564899,3.4856888628436105,3.506427526473999,4687386,0.0,0.0
2002-10-07 00:00:00-04:00,3.490473712875024,3.525569762121266,3.2128950270649987,3.4186863899230957,2970333,0.0,0.0
2002-10-08 00:00:00-04:00,3.498450346113986,3.6675500716810694,3.445806084939715,3.637239694595337,2068351,0.0,0.0
2002-10-09 00:00:00-04:00,3.6388344952952956,3.669144868850708,3.589380688928101,3.669144868850708,1300510,0.0,0.0
2002-10-10 00:00:00-04:00,3.6611697302846498,3.7792208194732666,3.653193605647255,3.7792208194732666,1104533,0.0,0.0
2002-10-11 00:00:00-04:00,3.8047448829861343,3.9961785272252555,3.764862781174758,3.8845090866088867,692128,0.0,0.0
2002-10-14 00:00:00-04:00,3.8845088856137893,3.949915321787579,3.847817605703938,3.9036519527435303,687746,0.0,0.0
2002-10-15 00:00:00-04:00,4.004155674352376,4.147730745745082,3.9897982783269947,4.0360612869262695,789752,0.0,0.0
2002-10-16 00:00:00-04:00,4.042441687096647,4.0934907349751954,3.860580125342318,3.9515109062194824,632240,0.0,0.0
2002-10-17 00:00:00-04:00,4.107849290285462,4.195589638302158,4.028085438555645,4.098277568817139,1284929,0.0,0.0
2002-10-18 00:00:00-04:00,4.098276372697592,4.128586753437643,4.020107398583895,4.09189510345459,400719,0.0,0.0
2002-10-21 00:00:00-04:00,4.091895103925015,4.195588414263546,4.020107399046068,4.192397594451904,494447,0.0,0.0
2002-10-22 00:00:00-04:00,4.152515160580919,4.209945092508423,4.120609560536864,4.1876115798950195,571134,0.0,0.0
2002-10-23 00:00:00-04:00,4.179634673830091,4.243445873260498,4.1078473522554955,4.243445873260498,761999,0.0,0.0
2002-10-24 00:00:00-04:00,4.227495737016022,4.283330847036286,4.18282794530357,4.230686187744141,366392,0.0,0.0
2002-10-25 00:00:00-04:00,4.230684722536721,4.332782814273999,4.189207395917174,4.3248066902160645,612520,0.0,0.0
2002-10-28 00:00:00-05:00,4.316830611332023,4.316830611332023,4.166873908913914,4.219518184661865,721342,0.0,0.0
2002-10-29 00:00:00-05:00,4.2195169364447205,4.2195169364447205,4.1317766262800015,4.170063495635986,377834,0.0,0.0
2002-10-30 00:00:00-05:00,4.2562103574816605,4.402976257421004,4.211542571512204,4.227495193481445,1845838,0.0,0.0
2002-10-31 00:00:00-05:00,4.2673770044320465,4.500288009643555,4.2673770044320465,4.500288009643555,1428321,0.0,0.0
2002-11-01 00:00:00-05:00,4.500289317251364,4.686936998434698,4.466788470391777,4.658222198486328,1538361,0.0,0.0
2002-11-04 00:00:00-05:00,4.682149031262695,4.7379833739164345,4.642266564268191,4.680553436279297,1499895,0.0,0.0
2002-11-05 00:00:00-05:00,4.6582203755956675,4.722031593322754,4.607171697717669,4.722031593322754,525852,0.0,0.0
2002-11-06 00:00:00-05:00,4.730009885471428,4.865608867262108,4.722033387629686,4.832108020782471,487143,0.0,0.0
2002-11-07 00:00:00-05:00,4.809770698722111,4.809770698722111,4.730006882090978,4.768293380737305,443079,0.0,0.0
2002-11-08 00:00:00-05:00,4.752341300288483,4.766698692598888,4.691720540969819,4.736388683319092,725481,0.0,0.0
2002-11-11 00:00:00-05:00,4.707673388420057,4.725221229526961,4.546549776578084,4.575264930725098,1073858,0.0,0.0
2002-11-12 00:00:00-05:00,4.594407780713954,4.704481968666042,4.586431288294092,4.682148456573486,454034,0.0,0.0
2002-11-13 00:00:00-05:00,4.666195034800468,4.698101004024844,4.623122865258293,4.69012451171875,377348,0.0,0.0
2002-11-14 00:00:00-05:00,4.690127958742503,5.423957641885112,4.690127958742503,5.28038215637207,7358276,0.0,0.0
2002-11-15 00:00:00-05:00,5.281974510234363,5.38726303621658,5.17668561387263,5.3441901206970215,3331857,0.0,0.0
2002-11-18 00:00:00-05:00,5.384070906110713,5.384070906110713,5.216566440059594,5.234114646911621,810932,0.0,0.0
2002-11-19 00:00:00-05:00,5.216569524069906,5.262832534456445,5.154353521590299,5.179878234863281,692128,0.0,0.0
2002-11-20 00:00:00-05:00,5.1846628277933595,5.328238245136275,5.1846628277933595,5.32185697555542,556283,0.0,0.0
2002-11-21 00:00:00-05:00,5.344188730969737,5.408000290176171,5.176684267703973,5.352165222167969,1681996,0.0,0.0
2002-11-22 00:00:00-05:00,5.312285872905845,5.455861306911802,5.280380262057811,5.341001033782959,1220658,0.0,0.0
2002-11-25 00:00:00-05:00,5.341000621083726,5.341000621083726,5.184663028894687,5.206996917724609,1091873,0.0,0.0
2002-11-26 00:00:00-05:00,5.221354162518465,5.2229497577146065,5.163924217224121,5.163924217224121,823348,0.0,0.0
2002-11-27 00:00:00-05:00,5.167114765592678,5.3043089173736115,5.112875268895041,5.264427185058594,941421,0.0,0.0
2002-11-29 00:00:00-05:00,5.272404328108029,5.278785228729248,5.226141317085584,5.278785228729248,216427,0.0,0.0
2002-12-02 00:00:00-05:00,5.278783272558825,5.285164911574488,5.112874362193588,5.170304298400879,901252,0.0,0.0
2002-12-03 00:00:00-05:00,5.17030453931739,5.17030453931739,4.910274034134719,5.010776519775391,1083109,0.0,0.0
2002-12-04 00:00:00-05:00,5.010777607102806,5.080970469464321,4.964514601029494,4.982062816619873,1761361,0.0,0.0
2002-12-05 00:00:00-05:00,5.017157977608015,5.017157977608015,4.945370273516381,4.961323261260986,770763,0.0,0.0
2002-12-06 00:00:00-05:00,4.962919352767126,5.111280460958325,4.961324127789958,5.034707069396973,873742,0.0,0.0
2002-12-09 00:00:00-05:00,5.009183945382499,5.0442796441617075,5.009183945382499,5.02354097366333,823591,0.0,0.0
2002-12-10 00:00:00-05:00,5.009183809272026,5.087352442668213,5.009183809272026,5.065018177032471,354950,0.0,0.0
2002-12-11 00:00:00-05:00,5.072993579987844,5.0841608955872415,4.993229368092545,5.034707069396973,360793,0.0,0.0
2002-12-12 00:00:00-05:00,5.0650172540214555,5.072993749553523,5.004396850964759,5.025135517120361,394146,0.0,0.0
2002-12-13 00:00:00-05:00,5.009182929992676,5.057041162746442,4.985253443236168,5.009182929992676,508324,0.0,0.0
2002-12-16 00:00:00-05:00,5.033111410878666,5.066612243652344,4.95334720585408,5.066612243652344,649768,0.0,0.0
2002-12-17 00:00:00-05:00,5.104899095438042,5.208592042912771,5.080969982203841,5.106493949890137,534129,0.0,0.0
2002-12-18 00:00:00-05:00,5.090542413277124,5.090542413277124,4.993229974064049,5.041088581085205,259518,0.0,0.0
2002-12-19 00:00:00-05:00,5.042684933844938,5.10809139794557,4.970897197723389,4.970897197723389,614468,0.0,0.0
2002-12-20 00:00:00-05:00,4.961325035719308,5.103304899604735,4.959729440070534,5.063423156738281,366636,0.0,0.0
2002-12-23 00:00:00-05:00,5.041089056455226,5.087352442668213,5.041089056455226,5.065018177032471,321111,0.0,0.0
2002-12-24 00:00:00-05:00,5.065018177032471,5.090542893310595,5.042684652156106,5.065018177032471,182831,0.0,0.0
2002-12-26 00:00:00-05:00,5.072994374051448,5.104900360107422,5.0554465261762624,5.104900360107422,195977,0.0,0.0
2002-12-27 00:00:00-05:00,5.096923646176021,5.096923646176021,4.962919917899808,4.985253810882568,857431,0.0,0.0
2002-12-30 00:00:00-05:00,4.985254154177529,5.112876620227165,4.985254154177529,5.111281394958496,711848,0.0,0.0
2002-12-31 00:00:00-05:00,5.151161842515753,5.34419070444112,5.146375797877684,5.266021728515625,1381335,0.0,0.0
2003-01-02 00:00:00-05:00,5.296332396720766,5.320261510068051,5.216568562103289,5.304308891296387,821887,0.0,0.0
2003-01-03 00:00:00-05:00,5.28037879925668,5.374500380741215,5.28037879925668,5.309093952178955,452330,0.0,0.0
2003-01-06 00:00:00-05:00,5.304309333626759,5.304309333626759,5.250069832672703,5.285166263580322,1060225,0.0,0.0
2003-01-07 00:00:00-05:00,5.296333996598091,5.344192608129014,5.296333996598091,5.331430435180664,726455,0.0,0.0
2003-01-08 00:00:00-05:00,5.34419085344648,5.41757378677995,5.296332257629188,5.387263774871826,1112323,0.0,0.0
2003-01-09 00:00:00-05:00,5.387264264360102,5.479789903668258,5.387264264360102,5.459051609039307,666810,0.0,0.0
2003-01-10 00:00:00-05:00,5.4590515985094505,5.53881543812569,5.408002918937266,5.422359943389893,504428,0.0,0.0
2003-01-13 00:00:00-05:00,5.423954842557602,5.433526190964227,5.345785867533736,5.376096248626709,245885,0.0,0.0
2003-01-14 00:00:00-05:00,5.400026662308046,5.400026662308046,5.294738471035,5.369716644287109,663401,0.0,0.0
2003-01-15 00:00:00-05:00,5.3697158564016,5.390454520665396,5.310690313380152,5.371310710906982,452817,0.0,0.0
2003-01-16 00:00:00-05:00,5.376095911189202,5.40002502146293,5.24687827125563,5.294736862182617,548980,0.0,0.0
2003-01-17 00:00:00-05:00,5.280381166857726,5.34100194897032,5.22933210667763,5.2963337898254395,408753,0.0,0.0
2003-01-21 00:00:00-05:00,5.264427782287306,5.296333023607013,5.170305801837722,5.186258792877197,666323,0.0,0.0
2003-01-22 00:00:00-05:00,5.15435341878201,5.187854257053676,5.1224478056119045,5.168711185455322,662671,0.0,0.0
2003-01-23 00:00:00-05:00,5.167114393734579,5.248473818115688,5.167114393734579,5.173495292663574,465963,0.0,0.0
2003-01-24 00:00:00-05:00,5.152757823300813,5.19902120314423,5.136805201905578,5.168711185455322,854023,0.0,0.0
2003-01-27 00:00:00-05:00,5.144782614187329,5.1607356088037655,5.026731491088867,5.026731491088867,457443,0.0,0.0
2003-01-28 00:00:00-05:00,5.018753339210748,5.084160146292377,5.001205496668456,5.057040214538574,516601,0.0,0.0
2003-01-29 00:00:00-05:00,5.057040206675067,5.104898800760432,4.959727793764752,5.044277667999268,808741,0.0,0.0
2003-01-30 00:00:00-05:00,5.057041222873089,5.057041222873089,4.970896106588372,4.975681781768799,308208,0.0,0.0
2003-01-31 00:00:00-05:00,4.977277689911322,5.066613638956433,4.975682464632251,5.0586371421813965,580872,0.0,0.0
2003-02-03 00:00:00-05:00,5.058636205209019,5.170305657857132,5.0506597099114074,5.143186092376709,759564,0.0,0.0
2003-02-04 00:00:00-05:00,5.120851745890874,5.120851745890874,5.044277990459245,5.090541362762451,821400,0.0,0.0
2003-02-05 00:00:00-05:00,5.120852802660579,5.136805424747862,5.026730813789031,5.041088581085205,444053,0.0,0.0
2003-02-06 00:00:00-05:00,5.025133465322181,5.026728319321858,4.929416669158094,4.953345775604248,524878,0.0,0.0
2003-02-07 00:00:00-05:00,4.962918485959538,4.975680653927495,4.902297725137309,4.961323261260986,344238,0.0,0.0
2003-02-10 00:00:00-05:00,4.953346234368373,4.993227958679199,4.940584067773728,4.993227958679199,228356,0.0,0.0
2003-02-11 00:00:00-05:00,4.985253409839646,5.098518090800592,4.985253409839646,5.025135517120361,573812,0.0,0.0
2003-02-12 00:00:00-05:00,5.023540770960934,5.023540770960934,4.935800416414182,4.977277755737305,385138,0.0,0.0
2003-02-13 00:00:00-05:00,4.961325132355934,4.977277755737305,4.822535345925677,4.977277755737305,1090413,0.0,0.0
2003-02-14 00:00:00-05:00,4.9772774924978,5.128829443693772,4.945371877042805,5.120852947235107,1038071,0.0,0.0
2003-02-18 00:00:00-05:00,5.120851455199734,5.171900499129769,5.120851455199734,5.152756690979004,355194,0.0,0.0
2003-02-19 00:00:00-05:00,5.168709502841894,5.179876445297181,5.1304226313497585,5.149565696716309,382217,0.0,0.0
2003-02-20 00:00:00-05:00,5.138401300682935,5.143186976456361,5.0490653528285785,5.079375743865967,445027,0.0,0.0
2003-02-21 00:00:00-05:00,5.087352115158579,5.423956488410292,5.0410887319239,5.33781099319458,1377440,0.0,0.0
2003-02-24 00:00:00-05:00,5.297927705090604,5.297927705090604,5.232520897567366,5.266021728515625,750313,0.0,0.0
2003-02-25 00:00:00-05:00,5.3059056459655825,5.328239539354078,5.2484753169268865,5.326643943786621,586228,0.0,0.0
2003-02-26 00:00:00-05:00,5.326643947538275,5.352168661700003,5.256451816947753,5.31547737121582,481057,0.0,0.0
2003-02-27 00:00:00-05:00,5.344191147103303,5.463837087651581,5.3282385278740065,5.371310710906982,1103802,0.0,0.0
2003-02-28 00:00:00-05:00,5.371309211358288,5.623363561925883,5.371309211358288,5.615387439727783,1635010,0.0,0.0
2003-03-03 00:00:00-05:00,5.66324755736172,5.703129290283186,5.5531729670660015,5.5547685623168945,1146650,0.0,0.0
2003-03-04 00:00:00-05:00,5.554768146328257,5.58348293262057,5.529243439160076,5.534029483795166,515140,0.0,0.0
2003-03-05 00:00:00-05:00,5.503719750038257,5.5643405240989665,5.495743624803657,5.561150074005127,404857,0.0,0.0
2003-03-06 00:00:00-05:00,5.561150890421747,5.562746115702858,5.473410166543557,5.5420074462890625,552875,0.0,0.0
2003-03-07 00:00:00-05:00,5.5196713805475675,5.57550609532342,5.481384507341535,5.551576614379883,1211651,0.0,0.0
2003-03-10 00:00:00-05:00,5.551577432758406,5.575506917229477,5.487766585307649,5.545196533203125,775388,0.0,0.0
2003-03-11 00:00:00-05:00,5.519671591249468,5.551576826299698,5.4319312689124635,5.4622416496276855,713552,0.0,0.0
2003-03-12 00:00:00-05:00,5.4622415894922405,5.482980251312256,5.36811962857413,5.482980251312256,618850,0.0,0.0
2003-03-13 00:00:00-05:00,5.58348243805882,5.6632466316223145,5.519671231359836,5.6632466316223145,1097229,0.0,0.0
2003-03-14 00:00:00-05:00,5.703129186401806,5.703129186401806,5.642508790498348,5.691962242126465,1309518,0.0,0.0
2003-03-17 00:00:00-05:00,5.7430116754632525,6.085997262155323,5.727058685207992,6.03973388671875,3251275,0.0,0.0
2003-03-18 00:00:00-05:00,6.15778204969907,6.15778204969907,6.052493542957778,6.109923839569092,2667725,0.0,0.0
2003-03-19 00:00:00-05:00,6.109926033230011,6.113116482949631,5.942421496876645,6.034947872161865,1086761,0.0,0.0
2003-03-20 00:00:00-05:00,6.046114034758513,6.138640403747559,5.991874541317915,6.138640403747559,1466786,0.0,0.0
2003-03-21 00:00:00-05:00,6.141831969484198,6.299764424351729,6.133855104000089,6.277430534362793,1576582,0.0,0.0
2003-03-24 00:00:00-05:00,6.237548160746205,6.2391430151482385,6.04132884577762,6.06206750869751,2255564,0.0,0.0
2003-03-25 00:00:00-05:00,6.062064368622621,6.285403129950748,6.046111017931599,6.221591949462891,2013575,0.0,0.0
2003-03-26 00:00:00-05:00,6.2279770683093005,6.2279770683093005,6.1019502162128,6.205643177032471,1668119,0.0,0.0
2003-03-27 00:00:00-05:00,6.165761188860409,6.16735678421202,6.084401752251416,6.127474308013916,743253,0.0,0.0
2003-03-28 00:00:00-05:00,6.127474109804613,6.160975314651413,6.0700441607722055,6.141831874847412,926814,0.0,0.0
2003-03-31 00:00:00-05:00,6.141834195556223,6.15778682116757,6.022187836762311,6.101952075958252,841607,0.0,0.0
2003-04-01 00:00:00-05:00,6.101950850969653,6.1657620813641785,6.031758349383812,6.148213863372803,1134720,0.0,0.0
2003-04-02 00:00:00-05:00,6.245521419930366,6.275831786219004,6.2104250113964845,6.221591949462891,1467030,0.0,0.0
2003-04-03 00:00:00-05:00,6.221593451069547,6.221593451069547,6.129067476296199,6.172139644622803,739358,0.0,0.0
2003-04-04 00:00:00-05:00,6.189690108540362,6.1960713786062644,6.1194979897134125,6.1657609939575195,618120,0.0,0.0
2003-04-07 00:00:00-04:00,6.24552572288002,6.285407460377528,6.1737380027771,6.1737380027771,954567,0.0,0.0
2003-04-08 00:00:00-04:00,6.175332709314616,6.175332709314616,6.116307535361808,6.141831874847412,844528,0.0,0.0
2003-04-09 00:00:00-04:00,6.173736374426184,6.173736374426184,6.014208355373503,6.033351421356201,992059,0.0,0.0
2003-04-10 00:00:00-04:00,6.054092263027474,6.057282713248679,5.951994152152548,6.022186279296875,577463,0.0,0.0
2003-04-11 00:00:00-04:00,6.020588562195693,6.100352002081674,5.95837221980427,6.011016845703125,1011535,0.0,0.0
2003-04-14 00:00:00-04:00,5.990279250642798,6.141830776287928,5.9870884309931265,6.133853912353516,785613,0.0,0.0
2003-04-15 00:00:00-04:00,6.133855457711451,6.220001313504072,6.129070152980163,6.205643177032471,524391,0.0,0.0
2003-04-16 00:00:00-04:00,6.20723689340992,6.219999430601485,6.12906829760402,6.189688682556152,743983,0.0,0.0
2003-04-17 00:00:00-04:00,6.1849040127618276,6.248715227558765,6.1849040127618276,6.234357833862305,1161500,0.0,0.0
2003-04-21 00:00:00-04:00,6.235951861887195,6.243928355274635,6.197665360310626,6.227975368499756,991328,0.0,0.0
2003-04-22 00:00:00-04:00,6.227975212585589,6.358788811953889,6.227975212585589,6.326882839202881,6767667,0.0,0.0
2003-04-23 00:00:00-04:00,6.349219836378629,6.444937060795713,6.338052888593252,6.430579662322998,1350174,0.0,0.0
2003-04-24 00:00:00-04:00,6.417814284500888,6.464077650934369,6.358789120954075,6.413028240203857,1018108,0.0,0.0
2003-04-25 00:00:00-04:00,6.405049039637479,6.406644633981824,6.226378029490774,6.2694501876831055,1039532,0.0,0.0
2003-04-28 00:00:00-04:00,6.293383589427752,6.452911270884264,6.293383589427752,6.406648635864258,1437572,0.0,0.0
2003-04-29 00:00:00-04:00,6.413028240203857,6.483220346604366,6.3970759938121935,6.413028240203857,736923,0.0,0.0
2003-04-30 00:00:00-04:00,6.414623778783094,6.425790721538537,6.285405769213644,6.357193470001221,2265059,0.0,0.0
2003-05-01 00:00:00-04:00,6.35719291753666,6.35719291753666,5.95039622867894,6.006231307983398,3125411,0.0,0.0
2003-05-02 00:00:00-04:00,6.030161108306107,6.09397231736863,5.854680098194399,6.028565883636475,1785462,0.0,0.0
2003-05-05 00:00:00-04:00,6.028565836827475,6.070043159434016,5.966349852917663,5.996660232543945,1022490,0.0,0.0
2003-05-06 00:00:00-04:00,5.998255585339892,6.022184696468845,5.942420869245821,5.979112148284912,1365268,0.0,0.0
2003-05-07 00:00:00-04:00,5.990278732839697,6.054089935003827,5.96156358075199,6.025374412536621,979156,0.0,0.0
2003-05-08 00:00:00-04:00,6.014209625685637,6.014209625685637,5.905730253513343,5.918492794036865,427498,0.0,0.0
2003-05-09 00:00:00-04:00,5.942421313088384,6.006232527784713,5.905729660929231,5.983898639678955,560422,0.0,0.0
2003-05-12 00:00:00-04:00,6.038137555150487,6.046113678436718,5.958373359251897,5.996660232543945,792430,0.0,0.0
2003-05-13 00:00:00-04:00,6.006233670792156,6.164166512777682,5.998257174842267,6.095569610595703,787074,0.0,0.0
2003-05-14 00:00:00-04:00,6.117902903597257,6.1960718942971855,6.11630804892254,6.1737380027771,663888,0.0,0.0
2003-05-15 00:00:00-04:00,6.141833338146822,6.20564420206385,6.117903847500791,6.197668075561523,832112,0.0,0.0
2003-05-16 00:00:00-04:00,6.213617906086913,6.355598449707031,6.1896887965760765,6.355598449707031,949942,0.0,0.0
2003-05-19 00:00:00-04:00,6.315714106233333,6.315714106233333,6.1035418920999005,6.111518383026123,1527892,0.0,0.0
2003-05-20 00:00:00-04:00,6.127472090638107,6.137044177765444,6.030160069144219,6.054089546203613,433098,0.0,0.0
2003-05-21 00:00:00-04:00,6.054091092356663,6.054091092356663,5.942421282031915,5.999851226806641,742523,0.0,0.0
2003-05-22 00:00:00-04:00,6.062069814069604,6.215216636657715,6.038140322106702,6.215216636657715,823591,0.0,0.0
2003-05-23 00:00:00-04:00,6.207238886542111,6.279026607182637,6.181714174342558,6.242335319519043,914642,0.0,0.0
2003-05-27 00:00:00-04:00,6.229572461831108,6.3173131694374804,6.218405516554604,6.231167316436768,802655,0.0,0.0
2003-05-28 00:00:00-04:00,6.221595874543313,6.2742401501769836,6.221595874543313,6.245525360107422,662184,0.0,0.0
2003-05-29 00:00:00-04:00,6.261478964943783,6.28540771209689,6.216811180114746,6.216811180114746,318433,0.0,0.0
2003-05-30 00:00:00-04:00,6.216812495840888,6.34283938102953,6.2152169000053235,6.301362037658691,1025168,0.0,0.0
2003-06-02 00:00:00-04:00,6.309336065991379,6.363575932540202,6.27264404296875,6.27264404296875,1184384,0.0,0.0
2003-06-03 00:00:00-04:00,6.2742392603850545,6.290192248498728,6.205642004103548,6.248714923858643,546058,0.0,0.0
2003-06-04 00:00:00-04:00,6.2375475781026655,6.365169993264103,6.2375475781026655,6.352407455444336,621284,0.0,0.0
2003-06-05 00:00:00-04:00,6.336456495237385,6.381124275534261,6.320503504914442,6.33326530456543,1047078,0.0,0.0
2003-06-06 00:00:00-04:00,6.357194218637645,6.411434084556656,6.221595294599259,6.234357833862305,869603,0.0,0.0
2003-06-09 00:00:00-04:00,6.2215950765943075,6.2215950765943075,6.149807740247862,6.188094615936279,454521,0.0,0.0
2003-06-10 00:00:00-04:00,6.189689040393994,6.21999979019165,6.165759929940567,6.21999979019165,504915,0.0,0.0
2003-06-11 00:00:00-04:00,6.197662849374788,6.237544929774542,6.197662849374788,6.221591949462891,411187,0.0,0.0
2003-06-12 00:00:00-04:00,6.1976667593588095,6.296574040399801,6.1976667593588095,6.245525360107422,447948,0.0,0.0
2003-06-13 00:00:00-04:00,6.245521419930366,6.251902315751528,6.199258073330078,6.221591949462891,887132,0.0,0.0
2003-06-16 00:00:00-04:00,6.223187543797554,6.229568439618716,6.197662849374788,6.221591949462891,585984,0.0,0.0
2003-06-17 00:00:00-04:00,6.221593459754971,6.2997620451952425,6.2152125623848455,6.237546443939209,604730,0.0,0.0
2003-06-18 00:00:00-04:00,6.23914304200657,6.23914304200657,6.117901883908073,6.1577839851379395,769789,0.0,0.0
2003-06-19 00:00:00-04:00,6.1737373723786835,6.234358140531593,6.116307424388278,6.1179022789001465,363227,0.0,0.0
2003-06-20 00:00:00-04:00,6.117901932412298,6.129069246779215,6.070043706860679,6.089187145233154,390250,0.0,0.0
2003-06-23 00:00:00-04:00,6.0572817914972275,6.062067836480369,6.01420923854687,6.0301618576049805,566265,0.0,0.0
2003-06-24 00:00:00-04:00,6.006233248603144,6.012614148610818,5.972732412424014,5.990280628204346,464746,0.0,0.0
2003-06-25 00:00:00-04:00,5.990280510368346,6.046114865855619,5.918492794036865,5.918492794036865,552145,0.0,0.0
2003-06-26 00:00:00-04:00,5.920086754883079,6.0381378294362555,5.920086754883079,5.998255729675293,308695,0.0,0.0
2003-06-27 00:00:00-04:00,6.022185795229242,6.039734010794605,5.942421953453139,5.974327564239502,338882,0.0,0.0
2003-06-30 00:00:00-04:00,5.902540377232845,5.918493369247895,5.843515195688303,5.916897773742676,1134477,0.0,0.0
2003-07-01 00:00:00-04:00,5.916896305423659,5.998255729675293,5.894562788828165,5.998255729675293,859622,0.0,0.0
2003-07-02 00:00:00-04:00,6.022186627786667,6.148213863372803,5.974328390180604,6.148213863372803,715013,0.0,0.0
2003-07-03 00:00:00-04:00,6.10035194130987,6.138638806898727,6.062065816479934,6.1370439529418945,399015,0.0,0.0
2003-07-07 00:00:00-04:00,6.149808374362157,6.1960713786062644,6.1386410591519285,6.1657609939575195,481544,0.0,0.0
2003-07-08 00:00:00-04:00,6.16576046988146,6.224785638860767,6.125878368713549,6.223190784454346,511002,0.0,0.0
2003-07-09 00:00:00-04:00,6.231166492630399,6.231166492630399,6.1099257059826675,6.202451705932617,285323,0.0,0.0
2003-07-10 00:00:00-04:00,6.19447299974826,6.19447299974826,6.046111601886386,6.111518383026123,499073,0.0,0.0
2003-07-11 00:00:00-04:00,6.078022720975227,6.085999218667122,6.0014489357405925,6.047712326049805,464503,0.0,0.0
2003-07-14 00:00:00-04:00,6.07961551029461,6.1657609894126155,6.07961551029461,6.141831874847412,674843,0.0,0.0
2003-07-15 00:00:00-04:00,6.165760479459825,6.165760479459825,6.089187096956587,6.1577839851379395,775145,0.0,0.0
2003-07-16 00:00:00-04:00,6.157780768975035,6.221591949462891,6.156185545019744,6.221591949462891,447461,0.0,0.0
2003-07-17 00:00:00-04:00,6.301359346604067,6.31731233510908,6.160974751505941,6.191285133361816,691885,0.0,0.0
2003-07-18 00:00:00-04:00,6.175332441163672,6.188094980731883,6.111521224840934,6.164165496826172,442349,0.0,0.0
2003-07-21 00:00:00-04:00,6.173736380127931,6.173736380127931,6.092376960703088,6.133853912353516,273881,0.0,0.0
2003-07-22 00:00:00-04:00,6.125878273076803,6.165760373622077,6.101949160901462,6.1466169357299805,228356,0.0,0.0
2003-07-23 00:00:00-04:00,6.1450219407697775,6.237548313788678,6.141831491128304,6.22957181930542,267795,0.0,0.0
2003-07-24 00:00:00-04:00,6.258286980774722,6.258286980774722,6.19288053693899,6.218405246734619,210828,0.0,0.0
2003-07-25 00:00:00-04:00,6.229571201760623,6.304549353559598,6.223190303110222,6.288597106933594,544598,0.0,0.0
2003-07-28 00:00:00-04:00,6.309334998645243,6.3715506084470706,6.3013585054574905,6.326882839202881,365662,0.0,0.0
2003-07-29 00:00:00-04:00,6.317312904621206,6.318907759160011,6.224786155558053,6.266263484954834,588419,0.0,0.0
2003-07-30 00:00:00-04:00,6.2854070952883925,6.3141226261171655,6.184904589285714,6.245525360107422,579168,0.0,0.0
2003-07-31 00:00:00-04:00,6.141829898908883,6.143425123316071,5.738224049470193,5.83872652053833,3419012,0.0,0.0
2003-08-01 00:00:00-04:00,5.82277526092009,5.837132654304912,5.663247227390433,5.7222723960876465,1420287,0.0,0.0
2003-08-04 00:00:00-04:00,5.743012026822933,5.824371096887612,5.510101021579687,5.782894134521484,2399930,0.0,0.0
2003-08-05 00:00:00-04:00,5.798847675323486,5.902541023638159,5.782895051941059,5.798847675323486,1612856,0.0,0.0
2003-08-06 00:00:00-04:00,5.798845936021888,5.902539253234863,5.735035091251872,5.902539253234863,1289798,0.0,0.0
2003-08-07 00:00:00-04:00,5.886586876678711,5.897754192352295,5.758964803481728,5.897754192352295,705031,0.0,0.0
2003-08-08 00:00:00-04:00,5.8786104362208205,5.881801626985356,5.822776079609516,5.8403239250183105,434558,0.0,0.0
2003-08-11 00:00:00-04:00,5.841917698727227,5.908919724850792,5.8259650822841555,5.869037628173828,483248,0.0,0.0
2003-08-12 00:00:00-04:00,5.869038150001062,5.9184919690927105,5.869038150001062,5.900943756103516,706979,0.0,0.0
2003-08-13 00:00:00-04:00,5.90572933181824,5.955183150084811,5.90572933181824,5.913705825805664,330849,0.0,0.0
2003-08-14 00:00:00-04:00,5.881800441696781,5.97273121156072,5.877014397273681,5.9599690437316895,362497,0.0,0.0
2003-08-15 00:00:00-04:00,5.959970248587242,6.046114991442929,5.959970248587242,6.0381388664245605,249049,0.0,0.0
2003-08-18 00:00:00-04:00,6.038135935119828,6.038135935119828,5.953585717554771,5.982301235198975,562370,0.0,0.0
2003-08-19 00:00:00-04:00,5.982301235198975,5.993468175183145,5.928061759507369,5.982301235198975,441131,0.0,0.0
2003-08-20 00:00:00-04:00,5.982304059530995,6.034948335847476,5.972732339257125,5.974327564239502,322328,0.0,0.0
2003-08-21 00:00:00-04:00,5.998257534463461,6.0221866533681405,5.958375422702554,5.987090587615967,298470,0.0,0.0
2003-08-22 00:00:00-04:00,5.998256163460146,6.014209152670048,5.931254497689548,5.966350555419922,417517,0.0,0.0
2003-08-25 00:00:00-04:00,5.966350193056613,5.966350193056613,5.884991138242067,5.900943756103516,331335,0.0,0.0
2003-08-26 00:00:00-04:00,5.897754192352295,5.902539867315592,5.832347375196619,5.897754192352295,392928,0.0,0.0
2003-08-27 00:00:00-04:00,5.897753578769453,5.910515747723456,5.85946670152787,5.902539253234863,1233074,0.0,0.0
2003-08-28 00:00:00-04:00,5.902539830572165,5.910516325840951,5.886586840034592,5.889777660369873,787317,0.0,0.0
2003-08-29 00:00:00-04:00,5.918492242212047,5.918492242212047,5.869038420838265,5.902539253234863,680930,0.0,0.0
2003-09-02 00:00:00-04:00,5.886584904552485,5.9073239335842755,5.81001190851558,5.894561767578125,1852411,0.0,0.0
2003-09-03 00:00:00-04:00,5.894564383447568,5.923279177109488,5.838729280525682,5.875420570373535,586958,0.0,0.0
2003-09-04 00:00:00-04:00,5.854681360203194,5.905730412533024,5.854681360203194,5.87222957611084,518062,0.0,0.0
2003-09-05 00:00:00-04:00,5.89137025609984,5.89137025609984,5.817987347212059,5.83074951171875,528530,0.0,0.0
2003-09-08 00:00:00-04:00,5.798844228900183,5.849893260067446,5.7605573629298705,5.78767728805542,944586,0.0,0.0
2003-09-09 00:00:00-04:00,5.774917969094769,5.782894465166471,5.6472955134661165,5.70313024520874,2200545,0.0,0.0
2003-09-10 00:00:00-04:00,5.703129529798329,5.714296845125653,5.5436014802739875,5.559554100036621,2530176,0.0,0.0
2003-09-11 00:00:00-04:00,5.559555502221065,5.567532369683641,5.353764025684924,5.516483306884766,3219139,0.0,0.0
2003-09-12 00:00:00-04:00,5.503720689248863,5.583484918243639,5.431933327609191,5.572317600250244,891514,0.0,0.0
2003-09-15 00:00:00-04:00,5.583482833278845,5.658460987938414,5.583482833278845,5.647294044494629,941665,0.0,0.0
2003-09-16 00:00:00-04:00,5.663247435625607,5.679200054375362,5.554768442912627,5.631341457366943,850614,0.0,0.0
2003-09-17 00:00:00-04:00,5.607411883973832,5.6281505459126455,5.567530155181885,5.567530155181885,1067772,0.0,0.0
2003-09-18 00:00:00-04:00,5.591460526316123,5.591460526316123,5.4797903271724655,5.540411472320557,1595084,0.0,0.0
2003-09-19 00:00:00-04:00,5.540410137143709,5.722272047242779,5.467026838776189,5.704723834991455,2358544,0.0,0.0
2003-09-22 00:00:00-04:00,5.743010454806283,5.743010454806283,5.631340657893298,5.6632466316223145,1974380,0.0,0.0
2003-09-23 00:00:00-04:00,5.639317204891696,5.806821346282959,5.628150262132278,5.806821346282959,2481729,0.0,0.0
2003-09-24 00:00:00-04:00,5.806821366968282,5.806821366968282,5.7430105298153915,5.766939640045166,1608961,0.0,0.0
2003-09-25 00:00:00-04:00,5.80682267506559,5.822776036111786,5.766940939158354,5.784489154815674,1606040,0.0,0.0
2003-09-26 00:00:00-04:00,5.803631214303046,5.803631214303046,5.68239006194717,5.7398200035095215,786587,0.0,0.0
2003-09-29 00:00:00-04:00,5.663246705589631,5.82277472442068,5.663246705589631,5.766939640045166,960167,0.0,0.0
2003-09-30 00:00:00-04:00,5.782895910911575,5.782895910911575,5.719084296764466,5.727060794830322,760781,0.0,0.0
2003-10-01 00:00:00-04:00,5.746202880526318,5.808418884014952,5.728654663015272,5.790870666503906,939717,0.0,0.0
2003-10-02 00:00:00-04:00,5.758963496373419,5.819583884047603,5.754177452116796,5.806821346282959,748852,0.0,0.0
2003-10-03 00:00:00-04:00,5.805225398819146,5.856274429125782,5.774915025500223,5.789272785186768,1132286,0.0,0.0
2003-10-06 00:00:00-04:00,5.789272842879056,5.814797173097005,5.758962469258079,5.779700756072998,1110862,0.0,0.0
2003-10-07 00:00:00-04:00,5.7813022983973115,5.832351011350357,5.755777941920789,5.822779655456543,946047,0.0,0.0
2003-10-08 00:00:00-04:00,5.814799777765375,5.822776273423755,5.743012057599204,5.7781081199646,606434,0.0,0.0
2003-10-09 00:00:00-04:00,5.778105710795238,5.838726459915828,5.711104064112146,5.730247497558594,2334442,0.0,0.0
2003-10-10 00:00:00-04:00,5.730249194934601,5.730249194934601,5.664842382888294,5.707915306091309,1052191,0.0,0.0
2003-10-13 00:00:00-04:00,5.719080952165655,5.825965074829417,5.719080952165655,5.768535137176514,462555,0.0,0.0
2003-10-14 00:00:00-04:00,5.76853552986002,5.76853552986002,5.695152230029965,5.7398200035095215,1253281,0.0,0.0
2003-10-15 00:00:00-04:00,5.75896442187663,5.75896442187663,5.679200214736852,5.711105823516846,809228,0.0,0.0
2003-10-16 00:00:00-04:00,5.71110694688244,5.735036435959018,5.6983444045564005,5.725464344024658,781718,0.0,0.0
2003-10-17 00:00:00-04:00,5.725463533243492,5.725463533243492,5.567531075904873,5.583483695983887,990111,0.0,0.0
2003-10-20 00:00:00-04:00,5.583485224703282,5.655272960662842,5.548388784236999,5.655272960662842,656098,0.0,0.0
2003-10-21 00:00:00-04:00,5.6233641644610435,5.690366190760645,5.6106019971971515,5.6632466316223145,412404,0.0,0.0
2003-10-22 00:00:00-04:00,5.8227766512075,5.846705769355544,5.704725544867228,5.790870666503906,1544934,0.0,0.0
2003-10-23 00:00:00-04:00,5.814797213180968,5.814797213180968,5.750986016816757,5.78767728805542,354220,0.0,0.0
2003-10-24 00:00:00-04:00,5.798845675400376,5.924872875213623,5.794060001150051,5.924872875213623,958706,0.0,0.0
2003-10-27 00:00:00-05:00,5.956776533727531,5.975919965228812,5.851488030849922,5.877012729644775,853536,0.0,0.0
2003-10-28 00:00:00-05:00,5.87063421987663,5.958374556694451,5.869038994898794,5.889777660369873,603026,0.0,0.0
2003-10-29 00:00:00-05:00,5.782892983712811,6.172141151435348,5.69674788526997,6.087591648101807,2056422,0.0,0.0
2003-10-30 00:00:00-05:00,6.109926031766861,6.138640819995729,5.990280093134357,6.046114444732666,1134964,0.0,0.0
2003-10-31 00:00:00-05:00,6.062070898736175,6.1003570556640625,6.006235777878711,6.1003570556640625,738384,0.0,0.0
2003-11-03 00:00:00-05:00,6.100355630855198,6.100355630855198,6.007829970733741,6.06525993347168,749583,0.0,0.0
2003-11-04 00:00:00-05:00,6.062067079745538,6.0636619340347195,5.926467797590903,5.92806339263916,1174646,0.0,0.0
2003-11-05 00:00:00-05:00,5.9296588159646735,5.934444860809658,5.864252746372854,5.902539253234863,1370624,0.0,0.0
2003-11-06 00:00:00-05:00,5.926468366321067,5.928063961522443,5.888181859459057,5.902539253234863,555309,0.0,0.0
2003-11-07 00:00:00-05:00,5.9025398035722665,5.937635864062933,5.870634193022676,5.918492794036865,1077753,0.0,0.0
2003-11-10 00:00:00-05:00,5.934445855990614,5.9424223518168295,5.891373297060538,5.910516738891602,882750,0.0,0.0
2003-11-11 00:00:00-05:00,5.926472611435278,5.928068207779576,5.854684850375743,5.886590480804443,1003501,0.0,0.0
2003-11-12 00:00:00-05:00,5.926468452774746,5.966350555419922,5.8594667870041475,5.966350555419922,445757,0.0,0.0
2003-11-13 00:00:00-05:00,5.966349925872744,5.974326419636045,5.8881813240551075,5.923277378082275,353733,0.0,0.0
2003-11-14 00:00:00-05:00,5.905729136138483,5.955182952766457,5.905729136138483,5.92806339263916,417273,0.0,0.0
2003-11-17 00:00:00-05:00,5.899346899908859,5.899346899908859,5.781296589982177,5.83872652053833,1214329,0.0,0.0
2003-11-18 00:00:00-05:00,5.814803155165189,5.86266141615363,5.790873654291126,5.822779655456543,890784,0.0,0.0
2003-11-19 00:00:00-05:00,5.846706661975747,5.902541402972056,5.798848047993405,5.884993553161621,318433,0.0,0.0
2003-11-20 00:00:00-05:00,5.8945642516049634,5.977518550792437,5.8546817715673365,5.916897773742676,1309761,0.0,0.0
2003-11-21 00:00:00-05:00,5.948803624569691,5.974327966766669,5.913707191074301,5.934445858001709,298713,0.0,0.0
2003-11-24 00:00:00-05:00,5.95039874561015,5.956780016634828,5.822776658533465,5.875420570373535,753234,0.0,0.0
2003-11-25 00:00:00-05:00,5.875418390462948,5.897752645572989,5.808416736271367,5.873823165893555,636135,0.0,0.0
2003-11-26 00:00:00-05:00,5.854679401414066,5.902537987704955,5.840322010716546,5.892966270446777,394876,0.0,0.0
2003-11-28 00:00:00-05:00,5.894564521773155,5.894564521773155,5.865848986678075,5.870635032653809,164085,0.0,0.0
2003-12-01 00:00:00-05:00,5.862657864401839,5.921683412266858,5.862657864401839,5.908921241760254,1341653,0.0,0.0
2003-12-02 00:00:00-05:00,5.966349254243526,6.06047083299254,5.926467160296071,6.025374412536621,606677,0.0,0.0
2003-12-03 00:00:00-05:00,6.023780421356346,6.0652577457428185,6.014208702622579,6.050899982452393,726455,0.0,0.0
2003-12-04 00:00:00-05:00,6.050900967027434,6.240739407107612,6.014209681227381,6.231167316436768,1767934,0.0,0.0
2003-12-05 00:00:00-05:00,6.2215950765943075,6.2215950765943075,6.149807740247862,6.188094615936279,558474,0.0,0.0
2003-12-08 00:00:00-05:00,6.15778449897004,6.167356589258692,6.1258788893997185,6.1657609939575195,614711,0.0,0.0
2003-12-09 00:00:00-05:00,6.165761165717276,6.188095426380303,6.145022500399869,6.180118560791016,664619,0.0,0.0
2003-12-10 00:00:00-05:00,6.189688682556152,6.213617791626191,6.165759573486112,6.189688682556152,1503304,0.0,0.0
2003-12-11 00:00:00-05:00,6.2455241891457005,6.315716296577337,6.215213809417683,6.288597106933594,617633,0.0,0.0
2003-12-12 00:00:00-05:00,6.2854074193196325,6.3492186433543685,6.239144041147693,6.33964729309082,452087,0.0,0.0
2003-12-15 00:00:00-05:00,6.381124515471466,6.397077506394259,6.314122842506817,6.315717697143555,642221,0.0,0.0
2003-12-16 00:00:00-05:00,6.299763244783387,6.304549289101792,6.202451207943854,6.21999979019165,427742,0.0,0.0
2003-12-17 00:00:00-05:00,6.205642200669804,6.232762133170262,6.145021806904511,6.223190784454346,532182,0.0,0.0
2003-12-18 00:00:00-05:00,6.224785638860767,6.232762133170262,6.183308683286436,6.223190784454346,447461,0.0,0.0
2003-12-19 00:00:00-05:00,6.2455266864739,6.2455266864739,6.145023788747752,6.197668075561523,803872,0.0,0.0
2003-12-22 00:00:00-05:00,6.22159666062291,6.374743461608887,6.192881496545669,6.374743461608887,457443,0.0,0.0
2003-12-23 00:00:00-05:00,6.349216967287732,6.349216967287732,6.29019180434586,6.3220977783203125,512949,0.0,0.0
2003-12-24 00:00:00-05:00,6.377933746300485,6.405053684510182,6.328480656385447,6.373148441314697,229330,0.0,0.0
2003-12-26 00:00:00-05:00,6.349217793614458,6.381123771741353,6.3316699501001565,6.350813388824463,190378,0.0,0.0
2003-12-29 00:00:00-05:00,6.3492166646909745,6.366765245844199,6.317311432996146,6.33645486831665,708440,0.0,0.0
2003-12-30 00:00:00-05:00,6.34124214775512,6.350814238777918,6.301360410518129,6.33964729309082,321111,0.0,0.0
2003-12-31 00:00:00-05:00,6.341241042710147,6.361980075805992,6.307740211486816,6.307740211486816,809471,0.0,0.0
2004-01-02 00:00:00-05:00,6.1817158540856685,6.2694562196102215,6.1817158540856685,6.255098819732666,698945,0.0,0.0
2004-01-05 00:00:00-05:00,6.237550051782759,6.310932636260986,6.237550051782759,6.310932636260986,606434,0.0,0.0
2004-01-06 00:00:00-05:00,6.310930421927862,7.019235376979142,6.301359073694861,7.0144500732421875,2869302,0.0,0.0
2004-01-07 00:00:00-05:00,6.97456786642364,6.97456786642364,6.661892700981404,6.700179576873779,1949061,0.0,0.0
2004-01-08 00:00:00-05:00,6.684225420175838,6.838967751085177,6.6044612328012615,6.818228721618652,645386,0.0,0.0
2004-01-09 00:00:00-05:00,6.818229913322962,6.818229913322962,6.665083150512582,6.700179576873779,687016,0.0,0.0
2004-01-12 00:00:00-05:00,6.668276109886483,6.669871705632191,6.54065437680879,6.65870475769043,957976,0.0,0.0
2004-01-13 00:00:00-05:00,6.674655535553969,6.696989424020731,6.636368657965477,6.673059940338135,321111,0.0,0.0
2004-01-14 00:00:00-05:00,6.652319039834768,6.689010307826967,6.6204130740962555,6.637960910797119,779770,0.0,0.0
2004-01-15 00:00:00-05:00,6.6363692208078024,6.637964075399746,6.562985909079564,6.588510990142822,342778,0.0,0.0
2004-01-16 00:00:00-05:00,6.58851037536918,6.612439118089272,6.56458089188994,6.604462623596191,417030,0.0,0.0
2004-01-20 00:00:00-05:00,6.604464393315646,6.6140364855759195,6.572559147553206,6.585320949554443,461581,0.0,0.0
2004-01-21 00:00:00-05:00,6.585317336992582,6.585317336992582,6.5486260652280395,6.5725555419921875,651472,0.0,0.0
2004-01-22 00:00:00-05:00,6.56458227817444,6.601273567983621,6.524699797286804,6.596487522125244,651716,0.0,0.0
2004-01-23 00:00:00-05:00,6.572555541992188,6.622009349516064,6.54703121123246,6.5725555419921875,747392,0.0,0.0
2004-01-26 00:00:00-05:00,6.556605653196357,6.60446388856207,6.542248256662572,6.602869033813477,248076,0.0,0.0
2004-01-27 00:00:00-05:00,6.642751700524761,6.732087283214998,6.590107412045245,6.607656002044678,607651,0.0,0.0
2004-01-28 00:00:00-05:00,6.612437113041797,6.620413605116216,6.527887630419021,6.553411960601807,810932,0.0,0.0
2004-01-29 00:00:00-05:00,6.593296516337645,6.620416452904591,6.532675743103027,6.532675743103027,662671,0.0,0.0
2004-01-30 00:00:00-05:00,6.548628961290536,6.7177287458998824,6.5374620153472565,6.64115571975708,401693,0.0,0.0
2004-02-02 00:00:00-05:00,6.673060667601492,6.6874188038313624,6.540652917586301,6.542247772216797,709170,0.0,0.0
2004-02-03 00:00:00-05:00,6.606058827578713,6.606058827578713,6.540652751922607,6.540652751922607,312103,0.0,0.0
2004-02-04 00:00:00-05:00,6.542247637274562,6.575748472934794,6.534271142008904,6.535866737365723,308208,0.0,0.0
2004-02-05 00:00:00-05:00,6.548630137497709,6.641156912583098,6.513534438663403,6.610846519470215,419464,0.0,0.0
2004-02-06 00:00:00-05:00,6.604464091210548,6.689014359018256,6.601273640856178,6.660298824310303,169685,0.0,0.0
2004-02-09 00:00:00-05:00,6.676249830579783,6.756014028745508,6.66667848236426,6.722513198852539,373209,0.0,0.0
2004-02-10 00:00:00-05:00,6.72251517484091,6.779944762532848,6.701776136472692,6.773563861846924,390007,0.0,0.0
2004-02-11 00:00:00-05:00,6.813446025177349,6.9873311164516725,6.8054695293124015,6.961806774139404,911233,0.0,0.0
2004-02-12 00:00:00-05:00,6.955424536973348,6.955424536973348,6.880446379164182,6.925114154815674,497125,0.0,0.0
2004-02-13 00:00:00-05:00,6.925112532282081,6.9729707463014785,6.883635215929548,6.950636863708496,528287,0.0,0.0
2004-02-17 00:00:00-05:00,6.982544119372208,7.025616297693571,6.93947120029175,6.996901512145996,401936,0.0,0.0
2004-02-18 00:00:00-05:00,7.028805986169227,7.106974581176539,7.012853740791521,7.059116363525391,579411,0.0,0.0
2004-02-19 00:00:00-05:00,7.075068903478664,7.106974132981014,6.966589937956326,6.9793524742126465,477892,0.0,0.0
2004-02-20 00:00:00-05:00,6.958616279607837,6.958616279607837,6.75282520618494,6.858113765716553,415813,0.0,0.0
2004-02-23 00:00:00-05:00,6.8341805259641575,6.838966568976707,6.578935763091506,6.637960910797119,756156,0.0,0.0
2004-02-24 00:00:00-05:00,6.598083975774486,6.669871709949239,6.57734567562325,6.610846519470215,308451,0.0,0.0
2004-02-25 00:00:00-05:00,6.6044623359428005,6.6714639978554775,6.6044623359428005,6.644344806671143,347890,0.0,0.0
2004-02-26 00:00:00-05:00,6.724111448189255,7.268102175861502,6.724111448189255,7.051144123077393,2806735,0.0,0.0
2004-02-27 00:00:00-05:00,7.091022587586463,7.199501563801803,7.091022587586463,7.154833793640137,1258393,0.0,0.0
2004-03-01 00:00:00-05:00,7.250552656153856,7.2984116322623365,7.186741428768503,7.215456962585449,1771099,0.0,0.0
2004-03-02 00:00:00-05:00,7.16759465781363,7.290430997080943,7.15483212327881,7.21226167678833,1030767,0.0,0.0
2004-03-03 00:00:00-05:00,7.21385927727207,7.242574802770324,7.159620157124834,7.188334941864014,642465,0.0,0.0
2004-03-04 00:00:00-05:00,7.223432385093857,7.3079818969534704,7.220241194553453,7.26969575881958,959193,0.0,0.0
2004-03-05 00:00:00-05:00,7.354246192676801,7.3590314975689815,7.274481975109444,7.284053325653076,1058277,0.0,0.0
2004-03-08 00:00:00-05:00,7.323933309245767,7.325528163413303,7.284050843672078,7.285646438598633,421899,0.0,0.0
2004-03-09 00:00:00-05:00,7.285648771216307,7.285648771216307,7.134096835032535,7.169193267822266,499073,0.0,0.0
2004-03-10 00:00:00-05:00,7.169190110059906,7.194715181260093,7.121331897887682,7.130903244018555,488117,0.0,0.0
2004-03-11 00:00:00-05:00,7.130905289203311,7.170787761417796,7.083047063305072,7.11495304107666,537051,0.0,0.0
2004-03-12 00:00:00-05:00,7.146860087160215,7.1787653322487746,7.122931338533628,7.138883590698242,509541,0.0,0.0
2004-03-15 00:00:00-05:00,7.175574168053396,7.189932304712324,7.135692430469946,7.169193267822266,537294,0.0,0.0
2004-03-16 00:00:00-05:00,7.1867396348867905,7.193121274563906,7.051141458703946,7.126119613647461,368583,0.0,0.0
2004-03-17 00:00:00-05:00,7.1388819448653384,7.240980038977326,7.135691495167958,7.1947174072265625,576490,0.0,0.0
2004-03-18 00:00:00-05:00,7.2026914372178075,7.2026914372178075,7.156428816539414,7.178761959075928,892975,0.0,0.0
2004-03-19 00:00:00-05:00,7.1787653322487746,7.193123470335922,7.138883590698242,7.138883590698242,775145,0.0,0.0
2004-03-22 00:00:00-05:00,7.170791404351984,7.170791404351984,7.067097664674558,7.079860210418701,1028576,0.0,0.0
2004-03-23 00:00:00-05:00,7.099002118336036,7.129312509737144,7.044762236641624,7.055929183959961,460851,0.0,0.0
2004-03-24 00:00:00-05:00,7.055925469473666,7.055925469473666,6.936279562511661,6.9793524742126465,1001066,0.0,0.0
2004-03-25 00:00:00-05:00,6.979355777367833,7.041571411759957,6.979355777367833,7.019237518310547,1167099,0.0,0.0
2004-03-26 00:00:00-05:00,7.011258095903353,7.038378023990685,6.9953051098803325,7.0160441398620605,532669,0.0,0.0
2004-03-29 00:00:00-05:00,7.043160155476852,7.089423492940742,6.996896818012962,7.039968967437744,365662,0.0,0.0
2004-03-30 00:00:00-05:00,7.039974121904334,7.076666144391537,7.022426278634204,7.054332256317139,454765,0.0,0.0
2004-03-31 00:00:00-05:00,7.091025215208931,7.1261216508093135,7.033594886251755,7.119740009307861,423846,0.0,0.0
2004-04-01 00:00:00-05:00,7.130905289203311,7.154834772532002,7.106975805874621,7.11495304107666,966253,0.0,0.0
2004-04-02 00:00:00-05:00,7.154831845488795,7.1755701299489765,7.1149501303490705,7.146855354309082,1257419,0.0,0.0
2004-04-05 00:00:00-04:00,7.143667828463775,7.1468582780891055,7.11495304107666,7.11495304107666,601808,0.0,0.0
2004-04-06 00:00:00-04:00,7.122931229976511,7.122931229976511,6.998498479673627,7.019237518310547,917076,0.0,0.0
2004-04-07 00:00:00-04:00,7.019237063454271,7.019237063454271,6.953830242156982,6.953830242156982,762485,0.0,0.0
2004-04-08 00:00:00-04:00,6.99371378883711,7.063905925735644,6.99371378883711,7.051144123077393,750800,0.0,0.0
2004-04-12 00:00:00-04:00,7.0511416634441115,7.092618989133757,7.008068742599081,7.035188674926758,271203,0.0,0.0
2004-04-13 00:00:00-04:00,7.0511400761358765,7.0511400761358765,6.929898575911708,6.950636863708496,282889,0.0,0.0
2004-04-14 00:00:00-04:00,6.950637132089735,6.95223272694754,6.850134656540665,6.875658988952637,303582,0.0,0.0
2004-04-15 00:00:00-04:00,6.859707672546649,6.859707672546649,6.7639912175218315,6.779943466186523,921702,0.0,0.0
2004-04-16 00:00:00-04:00,6.778349037512389,7.027213021425102,6.68901347634143,6.9761643409729,1254254,0.0,0.0
2004-04-19 00:00:00-04:00,6.963401831167854,6.971378326416016,6.89480456464104,6.971378326416016,295305,0.0,0.0
2004-04-20 00:00:00-04:00,6.955424978590943,6.969782372996349,6.875660770966362,6.91713809967041,608382,0.0,0.0
2004-04-21 00:00:00-04:00,6.947449685811693,7.004880014129183,6.912353250602232,6.995307922363281,491282,0.0,0.0
2004-04-22 00:00:00-04:00,6.995304742064449,7.035187205024964,6.933089136908605,7.027210712432861,1017621,0.0,0.0
2004-04-23 00:00:00-04:00,7.0511401902091695,7.055925493157256,6.969780410225102,7.027210712432861,335961,0.0,0.0
2004-04-26 00:00:00-04:00,7.011257703714996,7.011257703714996,6.94425605507699,6.9793524742126465,427011,0.0,0.0
2004-04-27 00:00:00-04:00,6.980948039570113,7.0639026817911565,6.963400198593792,6.984138488769531,419464,0.0,0.0
2004-04-28 00:00:00-04:00,6.982545811540123,7.019237099911463,6.955425873751157,6.961806774139404,646603,0.0,0.0
2004-04-29 00:00:00-04:00,7.0591177393941775,7.394126809765728,7.0591177393941775,7.1947174072265625,1849003,0.0,0.0
2004-04-30 00:00:00-04:00,7.298411567624109,7.319149864480019,7.162812618036252,7.260124683380127,723290,0.0,0.0
2004-05-03 00:00:00-04:00,7.274484601576835,7.30639059642721,7.212268207922418,7.279270648956299,819940,0.0,0.0
2004-05-04 00:00:00-04:00,7.279264509361276,7.2840498119451045,7.1899289843443,7.217048168182373,424090,0.0,0.0
2004-05-05 00:00:00-04:00,7.2266245216292555,7.245767965544029,7.1580272426645974,7.173980236053467,260492,0.0,0.0
2004-05-06 00:00:00-04:00,7.162811428734435,7.210669655713468,7.122929696378433,7.1947174072265625,237364,0.0,0.0
2004-05-07 00:00:00-04:00,7.194719172968063,7.196314027828586,7.118145398401403,7.162813186645508,563343,0.0,0.0
2004-05-10 00:00:00-04:00,7.473891363293875,7.473891363293875,7.0080693890815535,7.049546718597412,485683,0.0,0.0
2004-05-11 00:00:00-04:00,7.113359762934826,7.121336259975926,6.969784297713813,7.051144123077393,800707,0.0,0.0
2004-05-12 00:00:00-04:00,7.06709640873746,7.06709640873746,6.921926087899594,6.985737323760986,498829,0.0,0.0
2004-05-13 00:00:00-04:00,6.987330329360108,7.027212804192263,6.941067695617676,6.941067695617676,327197,0.0,0.0
2004-05-14 00:00:00-04:00,6.949042640998854,6.949042640998854,6.821420231513196,6.829396724700928,939474,0.0,0.0
2004-05-17 00:00:00-04:00,6.797491482486189,6.811848875463506,6.733680270885477,6.7943010330200195,696754,0.0,0.0
2004-05-18 00:00:00-04:00,6.779941852418136,6.86768327336506,6.779941852418136,6.818228721618652,554579,0.0,0.0
2004-05-19 00:00:00-04:00,6.850137130086167,6.929901345840098,6.823017193023535,6.838970184326172,508080,0.0,0.0
2004-05-20 00:00:00-04:00,6.827801742485619,6.845349584617954,6.7974913619557995,6.83577823638916,355924,0.0,0.0
2004-05-21 00:00:00-04:00,6.9314946288663855,6.936280673323839,6.878850362111658,6.880445957183838,414108,0.0,0.0
2004-05-24 00:00:00-04:00,6.891612968530944,6.992115458576347,6.843754745760623,6.883636474609375,367123,0.0,0.0
2004-05-25 00:00:00-04:00,6.859708200067827,6.988926239123463,6.8373750502198085,6.974568843841553,219592,0.0,0.0
2004-05-26 00:00:00-04:00,6.974569731411726,7.031999319847742,6.969783685455618,7.019237518310547,284106,0.0,0.0
2004-05-27 00:00:00-04:00,7.043165435975456,7.089428808124556,6.993711614153859,7.012855052947998,472780,0.0,0.0
2004-05-28 00:00:00-04:00,7.052736486013499,7.097404261053218,7.043165137401754,7.062307834625244,315024,0.0,0.0
2004-06-01 00:00:00-04:00,7.091024875640869,7.102191821784514,7.049547541284577,7.091024875640869,367366,0.0,0.0
2004-06-02 00:00:00-04:00,7.114952953980798,7.186739921569824,7.0766660774272285,7.186739921569824,451843,0.0,0.0
2004-06-03 00:00:00-04:00,7.218645008783042,7.218645008783042,7.143666860094545,7.167596340179443,454521,0.0,0.0
2004-06-04 00:00:00-04:00,7.17557151014214,7.197906134196617,7.1277132946173625,7.178761959075928,301148,0.0,0.0
2004-06-07 00:00:00-04:00,7.226621501146772,7.256931879613174,7.209072919449986,7.255336284637451,356654,0.0,0.0
2004-06-08 00:00:00-04:00,7.2345987830639045,7.408484579454986,7.2345987830639045,7.389340400695801,690181,0.0,0.0
2004-06-09 00:00:00-04:00,7.429225034913003,7.481869319551123,7.402105094786839,7.43241548538208,741305,0.0,0.0
2004-06-10 00:00:00-04:00,7.4563445280068175,7.48984536706265,7.418057643154639,7.427628993988037,768572,0.0,0.0
2004-06-14 00:00:00-04:00,7.427628824791956,7.448367862264171,7.3478653473860485,7.378175735473633,585497,0.0,0.0
2004-06-15 00:00:00-04:00,7.362223560177876,7.478679079756101,7.347866162282911,7.41965389251709,604973,0.0,0.0
2004-06-16 00:00:00-04:00,7.449963496028075,7.521751218669695,7.4435818548257595,7.469106197357178,454278,0.0,0.0
2004-06-17 00:00:00-04:00,7.497818099545806,7.590344074194991,7.453150336559378,7.561629295349121,496881,0.0,0.0
2004-06-18 00:00:00-04:00,7.561629761898648,7.595130586205457,7.52334289390259,7.548867225646973,383921,0.0,0.0
2004-06-21 00:00:00-04:00,7.604704867372124,7.840807064203297,7.593537921627356,7.66532564163208,1329724,0.0,0.0
2004-06-22 00:00:00-04:00,7.665325709461549,7.729136934390489,7.609490980243635,7.633420467376709,562126,0.0,0.0
2004-06-23 00:00:00-04:00,7.657349213750525,7.687659601148715,7.630230017244152,7.633420467376709,402666,0.0,0.0
2004-06-24 00:00:00-04:00,7.635016098599233,7.665326489080208,7.593538761138916,7.593538761138916,487630,0.0,0.0
2004-06-25 00:00:00-04:00,7.617466136722703,7.713182586908507,7.590346204225044,7.697230339050293,671192,0.0,0.0
2004-06-28 00:00:00-04:00,7.6732988357543945,7.745086524871705,7.641392866920508,7.6732988357543945,598887,0.0,0.0
2004-06-29 00:00:00-04:00,7.649374319896572,7.6972333041848815,7.553657832838783,7.574396133422852,511488,0.0,0.0
2004-06-30 00:00:00-04:00,7.577584297782764,7.70839792645481,7.529726068694488,7.698825836181641,713795,0.0,0.0
2004-07-01 00:00:00-04:00,7.698029032531286,7.753065960755377,7.552060206757487,7.580775737762451,542082,0.0,1.5
2004-07-02 00:00:00-04:00,7.628637029600005,7.628637029600005,7.54249188353572,7.573599338531494,324925,0.0,0.0
2004-07-06 00:00:00-04:00,7.573596043961391,7.769815746046165,7.571203391774696,7.686063289642334,1172780,0.0,0.0
2004-07-07 00:00:00-04:00,7.836817703231277,7.920570162716886,7.769816031946476,7.793745517730713,1316415,0.0,0.0
2004-07-08 00:00:00-04:00,7.8487828259049435,7.8487828259049435,7.631027033864658,7.647777080535889,1015836,0.0,0.0
2004-07-09 00:00:00-04:00,7.741098203109603,7.750669549210862,7.566415395879932,7.6262383460998535,875609,0.0,0.0
2004-07-12 00:00:00-04:00,7.566419047780185,7.621455981133357,7.5305248158686755,7.537703514099121,559286,0.0,0.0
2004-07-13 00:00:00-04:00,7.573592990490041,7.628630635427045,7.475483919761815,7.501805305480957,300255,0.0,0.0
2004-07-14 00:00:00-04:00,7.468304721529844,7.683667783390066,7.444375986273541,7.602308750152588,581683,0.0,0.0
2004-07-15 00:00:00-04:00,7.57359480010715,7.686062027316965,7.559238148585659,7.621453762054443,301067,0.0,0.0
2004-07-16 00:00:00-04:00,7.657346851728817,7.7052058112321635,7.621453372860338,7.628632068634033,346673,0.0,0.0
2004-07-19 00:00:00-04:00,7.698030997106008,7.698030997106008,7.60470642347201,7.623849868774414,566102,0.0,0.0
2004-07-20 00:00:00-04:00,7.683670404036618,7.690849101137817,7.56641785754425,7.681277751922607,945884,0.0,0.0
2004-07-21 00:00:00-04:00,7.741099554406424,7.753064294690776,7.635811025118626,7.67170524597168,363552,0.0,0.0
2004-07-22 00:00:00-04:00,7.657346851728817,7.671704984035239,7.559237762568631,7.628632068634033,431556,0.0,0.0
2004-07-23 00:00:00-04:00,7.724349432291555,7.887068284443464,7.6334190280022804,7.855960845947266,1323881,0.0,0.0
2004-07-26 00:00:00-04:00,7.896639811282126,8.035429170926564,7.88467507082399,7.949284076690674,1148597,0.0,0.0
2004-07-27 00:00:00-04:00,7.956462772813743,7.997142297764153,7.9229619439864,7.949284076690674,956596,0.0,0.0
2004-07-28 00:00:00-04:00,7.949284973751128,7.949284973751128,7.709992359861918,7.767422676086426,803872,0.0,0.0
2004-07-29 00:00:00-04:00,7.769817522979436,7.800925712316782,7.67649369572676,7.736316680908203,901739,0.0,0.0
2004-07-30 00:00:00-04:00,7.738708471508995,7.765030609167189,7.676492105720969,7.721957683563232,308857,0.0,0.0
2004-08-02 00:00:00-04:00,7.721956612476208,7.820066452026367,7.621454121019619,7.820066452026367,541108,0.0,0.0
2004-08-03 00:00:00-04:00,7.760241966076003,7.762634617513334,7.628631321843637,7.6597394943237305,409321,0.0,0.0
2004-08-04 00:00:00-04:00,7.597524281080797,7.676490679382948,7.540093971199487,7.621453762054443,854996,0.0,0.0
2004-08-05 00:00:00-04:00,7.58556429088748,7.604707739502748,7.430024789432777,7.444382190704346,333040,0.0,0.0
2004-08-06 00:00:00-04:00,7.41805605887883,7.432413452442261,7.315160170409008,7.360625743865967,489497,0.0,0.0
2004-08-09 00:00:00-04:00,7.360628045873582,7.3989149345228995,7.229017329116162,7.305591106414795,424415,0.0,0.0
2004-08-10 00:00:00-04:00,7.274481201417846,7.43720006942749,7.274481201417846,7.43720006942749,255947,0.0,0.0
2004-08-11 00:00:00-04:00,7.461129096237119,7.564024996521187,7.437200351137006,7.475487232208252,448922,0.0,0.0
2004-08-12 00:00:00-04:00,7.475486949048488,7.475486949048488,7.374984445612763,7.43720006942749,457037,0.0,0.0
2004-08-13 00:00:00-04:00,7.437196849271601,7.439589500427246,7.382159946620778,7.439589500427246,262439,0.0,0.0
2004-08-16 00:00:00-04:00,7.465911833355861,7.537699518364945,7.451554444505822,7.501805305480957,285486,0.0,0.0
2004-08-17 00:00:00-04:00,7.499415027889605,7.499415027889605,7.339089567054939,7.353446960449219,524067,0.0,0.0
2004-08-18 00:00:00-04:00,7.365411267846491,7.46352110460497,7.334303090152563,7.418055534362793,333689,0.0,0.0
2004-08-19 00:00:00-04:00,7.418055331843427,7.430020072226681,7.370197111069474,7.386947154998779,301716,0.0,0.0
2004-08-20 00:00:00-04:00,7.363016906379766,7.396517731503805,7.286443909278671,7.370196342468262,678576,0.0,0.0
2004-08-23 00:00:00-04:00,7.430020159989268,7.446770204116423,7.370197198125438,7.394125938415527,313239,0.0,0.0
2004-08-24 00:00:00-04:00,7.394124867336047,7.415661693464193,7.3366953063515625,7.391732215881348,274287,0.0,0.0
2004-08-25 00:00:00-04:00,7.415662680070402,7.430020072226681,7.334302889919711,7.386947154998779,285810,0.0,0.0
2004-08-26 00:00:00-04:00,7.38216205299217,7.468306408281665,7.38216205299217,7.418055534362793,1039856,0.0,0.0
2004-08-27 00:00:00-04:00,7.418055534362793,7.418055534362793,7.401304749217114,7.418055534362793,172200,0.0,0.0
2004-08-30 00:00:00-04:00,7.4419874391982335,7.449166137810036,7.4084865987567134,7.413271903991699,269743,0.0,0.0
2004-08-31 00:00:00-04:00,7.4060918223184675,7.4348066114032925,7.358233593590697,7.377377033233643,285323,0.0,0.0
2004-09-01 00:00:00-04:00,7.379768603334531,7.4180554770065505,7.351053818460055,7.40609073638916,616415,0.0,0.0
2004-09-02 00:00:00-04:00,7.406091124317494,7.535309144539183,7.406091124317494,7.499414920806885,208880,0.0,0.0
2004-09-03 00:00:00-04:00,7.451558556591145,7.508988884442677,7.396520881282024,7.408486366271973,772548,0.0,0.0
2004-09-07 00:00:00-04:00,7.418054719243884,7.499413761916699,7.382161241817348,7.489842414855957,453466,0.0,0.0
2004-09-08 00:00:00-04:00,7.441982804938612,7.508984444098499,7.410874636486214,7.485054969787598,376211,0.0,0.0
2004-09-09 00:00:00-04:00,7.489845338321096,7.573597065259642,7.4659158501904885,7.480273246765137,630211,0.0,0.0
2004-09-10 00:00:00-04:00,7.504203255243158,7.635813967568911,7.4898458576729565,7.60949182510376,355275,0.0,0.0
2004-09-13 00:00:00-04:00,7.633418918724366,7.765029589736854,7.585559954167744,7.7315287590026855,650012,0.0,0.0
2004-09-14 00:00:00-04:00,7.693242120915333,7.9468913815477125,7.6717060306561615,7.906211853027344,1239485,0.0,0.0
2004-09-15 00:00:00-04:00,7.906212814406575,8.114397267837438,7.85596193102477,8.023466110229492,1626733,0.0,0.0
2004-09-16 00:00:00-04:00,8.01628195118981,8.121570432317698,7.956459017890668,7.961245059967041,696105,0.0,0.0
2004-09-17 00:00:00-04:00,7.9612515755774655,7.989966370018893,7.918178643156001,7.925357341766357,561558,0.0,0.0
2004-09-20 00:00:00-04:00,7.927748837914547,7.94210623304086,7.89664139539394,7.91578483581543,367610,0.0,0.0
2004-09-21 00:00:00-04:00,7.944497247727222,8.064143158973774,7.944497247727222,8.016284942626953,1561813,0.0,0.0
2004-09-22 00:00:00-04:00,8.018675894587355,8.090463574271391,7.956460300599236,7.994747161865234,1312682,0.0,0.0
2004-09-23 00:00:00-04:00,7.884676552612851,8.03543068104706,7.884676552612851,8.009108543395996,693508,0.0,0.0
2004-09-24 00:00:00-04:00,8.028251261854212,8.030643913876776,7.987571732915779,8.013893127441406,783584,0.0,0.0
2004-09-27 00:00:00-04:00,8.016288544036701,8.016288544036701,7.939714770872942,7.9684295654296875,955298,0.0,0.0
2004-09-28 00:00:00-04:00,7.9325295482675235,7.9803877467550945,7.925350855532324,7.961245059967041,630373,0.0,0.0
2004-09-29 00:00:00-04:00,7.932532479305261,8.03064230394912,7.9205677400727685,7.9995341300964355,510758,0.0,0.0
2004-09-30 00:00:00-04:00,8.004319456571238,8.10003662109375,7.992354718411059,8.10003662109375,441943,0.0,0.0
2004-10-01 00:00:00-04:00,8.088075816558435,8.100040560537652,8.028252837421636,8.080896377563477,786344,0.0,0.0
2004-10-04 00:00:00-04:00,8.076112458187938,8.37283475228808,7.956466479386826,8.107220649719238,1174890,0.0,0.0
2004-10-05 00:00:00-04:00,8.104823564185553,8.351294849743045,8.085680127406375,8.332151412963867,1190471,0.0,0.0
2004-10-06 00:00:00-04:00,8.315404331108075,8.317797724745747,8.19575835352541,8.308225631713867,671111,0.0,0.0
2004-10-07 00:00:00-04:00,8.305832419089068,8.324975863103308,8.236437341942528,8.253188133239746,500858,0.0,0.0
2004-10-08 00:00:00-04:00,8.231650226462282,8.262758411539405,8.133541107177734,8.133541107177734,1143728,0.0,0.0
2004-10-11 00:00:00-04:00,8.052181410750824,8.212507643243708,8.052181410750824,8.135933876037598,292789,0.0,0.0
2004-10-12 00:00:00-04:00,8.112002502038484,8.246006563484695,8.078501671866706,8.18379020690918,4582865,0.0,0.0
2004-10-13 00:00:00-04:00,8.171826408743977,8.207719891687091,8.09525265745318,8.114396095275879,1964479,0.0,0.0
2004-10-14 00:00:00-04:00,8.100036319801255,8.123965054472626,8.02824863426935,8.040212631225586,368421,0.0,0.0
2004-10-15 00:00:00-04:00,8.021073076750776,8.150290368636636,8.021073076750776,8.078502655029297,415488,0.0,0.0
2004-10-18 00:00:00-04:00,8.021073746960399,8.253186953921727,8.018680353826019,8.2268648147583,593369,0.0,0.0
2004-10-19 00:00:00-04:00,8.202933097078583,8.298650277441022,8.198147052870699,8.224469184875488,526501,0.0,0.0
2004-10-20 00:00:00-04:00,8.207721597603507,8.210114250043972,8.102433038074743,8.135933876037598,612358,0.0,0.0
2004-10-21 00:00:00-04:00,8.133540041520119,8.159861436817657,8.07132367951747,8.109610557556152,486900,0.0,0.0
2004-10-22 00:00:00-04:00,8.131145164928101,8.143109904726805,8.064143510966192,8.066536903381348,354463,0.0,0.0
2004-10-25 00:00:00-04:00,8.021071758273742,8.17421850977469,8.021071758273742,8.155075073242188,764758,0.0,0.0
2004-10-26 00:00:00-04:00,8.159860524357887,8.313008019387214,8.121574391359635,8.274721145629883,887132,0.0,0.0
2004-10-27 00:00:00-04:00,8.255581053571312,8.396763865158025,8.24122365528506,8.387191772460938,1013888,0.0,0.0
2004-10-28 00:00:00-04:00,7.4922366065904855,8.231649060407184,7.4922366065904855,7.932534217834473,4666450,0.0,0.0
2004-10-29 00:00:00-04:00,7.934928670987255,7.934928670987255,7.707601487184661,7.90860652923584,1587781,0.0,0.0
2004-11-01 00:00:00-05:00,7.908604597108091,7.9205693387555405,7.745886481132029,7.812888145446777,831301,0.0,0.0
2004-11-02 00:00:00-05:00,7.812890423958879,7.824855169095667,7.729137948760722,7.788960933685303,1329562,0.0,0.0
2004-11-03 00:00:00-05:00,7.824853732703732,7.865533266093869,7.753066015820283,7.858354568481445,664619,0.0,0.0
2004-11-04 00:00:00-05:00,7.762635527807584,7.9253543636014525,7.705205960505433,7.922961711883545,1058358,0.0,0.0
2004-11-05 00:00:00-05:00,7.9181748909003336,7.9756044525685335,7.908602803449652,7.937318325042725,676466,0.0,0.0
2004-11-08 00:00:00-05:00,7.877495567746581,7.9995341300964355,7.8727095239017855,7.9995341300964355,829191,0.0,0.0
2004-11-09 00:00:00-05:00,7.980391790666445,8.05696553965582,7.97082044242232,8.018678665161133,789590,0.0,0.0
2004-11-10 00:00:00-05:00,8.24600613132751,8.25797087163876,7.94449793482387,7.973212718963623,1312520,0.0,0.0
2004-11-11 00:00:00-05:00,8.03303888316518,8.088075816558435,7.966036465033423,8.080896377563477,608625,0.0,0.0
2004-11-12 00:00:00-05:00,8.100041950251924,8.114399349186552,8.009110769320069,8.107220649719238,547763,0.0,0.0
2004-11-15 00:00:00-05:00,8.10721656170364,8.138324737548828,8.064143645859605,8.138324737548828,536239,0.0,0.0
2004-11-16 00:00:00-05:00,8.186184324723863,8.193362281011783,8.107217916446784,8.157468795776367,662509,0.0,0.0
2004-11-17 00:00:00-05:00,8.155077821415828,8.315403323049555,8.140720424367931,8.296259880065918,1111593,0.0,0.0
2004-11-18 00:00:00-05:00,8.016288444512124,8.018681097109038,7.23619554755923,7.374985694885254,12150590,0.0,0.0
2004-11-19 00:00:00-05:00,7.370196547625428,7.441984243677792,6.891612154195996,7.379767894744873,8869046,0.0,0.0
2004-11-22 00:00:00-05:00,7.3797670920967455,7.413267914509654,7.212262239273279,7.346266269683838,3670577,0.0,0.0
2004-11-23 00:00:00-05:00,7.286445774982684,7.2936244721503085,7.166799834510047,7.183549880981445,2361627,0.0,0.0
2004-11-24 00:00:00-05:00,7.178761959075928,7.200298785707212,7.109367657678847,7.178761959075928,1958636,0.0,0.0
2004-11-26 00:00:00-05:00,7.178761959075928,7.2026914372178075,7.159619265473202,7.178761959075928,624206,0.0,0.0
2004-11-29 00:00:00-05:00,7.159620774479875,7.248158528899436,7.130905246505558,7.207479000091553,1903454,0.0,0.0
2004-11-30 00:00:00-05:00,7.195514375111147,7.245765994311239,7.173978284350743,7.209871768951416,1439114,0.0,0.0
2004-12-01 00:00:00-05:00,7.106973174342386,7.250548539633923,7.106973174342386,7.21226167678833,1872293,0.0,0.0
2004-12-02 00:00:00-05:00,7.152443469608298,7.267303381580963,7.130906634246506,7.260124683380127,930141,0.0,0.0
2004-12-03 00:00:00-05:00,7.298412184597122,7.339091724760478,7.27687534741471,7.327126979827881,974125,0.0,0.0
2004-12-06 00:00:00-05:00,7.34626686419724,7.370196342468261,7.264907823290144,7.370196342468262,692859,0.0,0.0
2004-12-07 00:00:00-05:00,7.346267930348381,7.365411367591655,7.267301529504535,7.272087574005127,663807,0.0,0.0
2004-12-08 00:00:00-05:00,7.298408750454577,7.303194794327493,7.190727578247441,7.250549793243408,615279,0.0,0.0
2004-12-09 00:00:00-05:00,7.322337939955064,7.329516635827734,7.166798541701829,7.255336284637451,763297,0.0,0.0
2004-12-10 00:00:00-05:00,7.255338271856114,7.255338271856114,7.166800504670222,7.214658737182617,800464,0.0,0.0
2004-12-13 00:00:00-05:00,7.243371024109207,7.243371024109207,7.154833287535648,7.159619331359863,2002944,0.0,0.0
2004-12-14 00:00:00-05:00,7.243373789513912,7.286446718858437,7.154836019138043,7.284053325653076,1115326,0.0,0.0
2004-12-15 00:00:00-05:00,7.2864468237029545,7.296018174384309,7.207480402734471,7.260124683380127,680362,0.0,0.0
2004-12-16 00:00:00-05:00,7.200300359519185,7.250551237538188,7.181156920973184,7.2194437980651855,517737,0.0,0.0
2004-12-17 00:00:00-05:00,7.183549447570234,7.21465762725918,7.147655963897706,7.147655963897705,1108509,0.0,0.0
2004-12-20 00:00:00-05:00,7.171583652496338,7.178762348176202,7.1476549138164645,7.171583652496338,836494,0.0,0.0
2004-12-21 00:00:00-05:00,7.15483573189119,7.176371825319202,7.142870988622547,7.150049686431885,930791,0.0,0.0
2004-12-22 00:00:00-05:00,7.135693348223921,7.178765541462647,7.135693348223921,7.173980236053467,554741,0.0,0.0
2004-12-23 00:00:00-05:00,7.173980389657373,7.343877995064111,7.171586996142186,7.305591106414795,2988917,0.0,0.0
2004-12-27 00:00:00-05:00,7.281660016351466,7.305589501690852,7.2026936036425395,7.221837043762207,618201,0.0,0.0
2004-12-28 00:00:00-05:00,7.245766677789087,7.348661837189665,7.245766677789087,7.288838863372803,368908,0.0,0.0
2004-12-29 00:00:00-05:00,7.336696714846757,7.367804152765688,7.274480357490683,7.322338581085205,442754,0.0,0.0
2004-12-30 00:00:00-05:00,7.322338491170617,7.3869474996473645,7.303195794575156,7.336696624755859,571621,0.0,0.0
2004-12-31 00:00:00-05:00,7.3127665234920505,7.339088655030234,7.286444391953866,7.296015739440918,362254,0.0,0.0
2005-01-03 00:00:00-05:00,7.296016019056233,7.296016019056233,7.133297920227051,7.133297920227051,1536819,0.0,0.0
2005-01-04 00:00:00-05:00,7.133298060840379,7.166798890127885,6.922720255554648,6.9298996925354,3581474,0.0,0.0
2005-01-05 00:00:00-05:00,6.929899052400365,7.023222835420618,6.9155416612832505,7.0160441398620605,1216276,0.0,0.0
2005-01-06 00:00:00-05:00,7.013652584883804,7.111761686443632,7.013652584883804,7.035188674926758,1034013,0.0,0.0
2005-01-07 00:00:00-05:00,7.035187442215557,7.178762091437103,7.035187442215557,7.097403049468994,701461,0.0,0.0
2005-01-10 00:00:00-05:00,7.099797089300697,7.099797089300697,7.035188817859206,7.054332256317139,577463,0.0,0.0
2005-01-11 00:00:00-05:00,7.04236811262062,7.0662968571553595,6.891613984939031,6.908364772796631,1491862,0.0,0.0
2005-01-12 00:00:00-05:00,6.927507558710459,7.147656752040692,6.894006723335721,7.111762523651123,992140,0.0,0.0
2005-01-13 00:00:00-05:00,7.11415542217576,7.133298861167734,6.977758697142631,6.994508743286133,473754,0.0,0.0
2005-01-14 00:00:00-05:00,7.083047118492936,7.114155298910786,6.9801519690479665,7.013652801513672,560422,0.0,0.0
2005-01-18 00:00:00-05:00,7.061511126147928,7.102190656082989,7.011259506369818,7.068689823150635,596615,0.0,0.0
2005-01-19 00:00:00-05:00,7.049545986905732,7.068689424753733,6.905970573425293,6.905970573425293,1111268,0.0,0.0
2005-01-20 00:00:00-05:00,6.915542357225737,6.99929406075689,6.915542357225737,6.941864490509033,1093091,0.0,0.0
2005-01-21 00:00:00-05:00,6.927508405960643,6.965795291288407,6.87965016968059,6.89161491394043,1018270,0.0,0.0
2005-01-24 00:00:00-05:00,6.8916132296030606,6.94186484690897,6.736073073758385,6.748037815093994,1426617,0.0,0.0
2005-01-25 00:00:00-05:00,6.748037801359688,6.817432856509508,6.683428790886195,6.700179576873779,1519615,0.0,0.0
2005-01-26 00:00:00-05:00,6.700179576873779,6.719323014819967,6.56856890396819,6.700179576873779,2978043,0.0,0.0
2005-01-27 00:00:00-05:00,6.7025736324354,6.7958981897510675,6.7001809799757455,6.7528252601623535,1194528,0.0,0.0
2005-01-28 00:00:00-05:00,6.755217418562063,6.791111647387321,6.702573142225727,6.783932209014893,1023464,0.0,0.0
2005-01-31 00:00:00-05:00,6.7839312983417,6.817432870385054,6.724109073181898,6.748037815093994,1032715,0.0,0.0
2005-02-01 00:00:00-05:00,6.750432459760484,6.771969296825825,6.6977881749507,6.755218505859375,1922119,0.0,0.0
2005-02-02 00:00:00-05:00,6.795896590141702,6.810253242279655,6.745644974242908,6.786324501037598,894435,0.0,0.0
2005-02-03 00:00:00-05:00,6.762396765106913,6.815040299969173,6.76000337209553,6.798290252685547,895085,0.0,0.0
2005-02-04 00:00:00-05:00,6.752823827279207,6.855718972600151,6.745645130664217,6.853326320648193,581196,0.0,0.0
2005-02-07 00:00:00-05:00,6.843754855295841,6.9035778199059905,6.841361462625607,6.85093355178833,1461836,0.0,0.0
2005-02-08 00:00:00-05:00,6.867684364318848,6.98732955324825,6.8509335785980845,6.867684364318848,940853,0.0,0.0
2005-02-09 00:00:00-05:00,6.867683181469177,6.872468484485967,6.7408578363446345,6.7671799659729,972826,0.0,0.0
2005-02-10 00:00:00-05:00,6.748039838621534,6.7887193787538385,6.72411108953395,6.75043249130249,883561,0.0,0.0
2005-02-11 00:00:00-05:00,6.779148594013922,6.8700797741229715,6.760005148687837,6.843757629394531,1092117,0.0,0.0
2005-02-14 00:00:00-05:00,6.8724725018223705,6.8724725018223705,6.690610880383806,6.738469123840332,1356990,0.0,0.0
2005-02-15 00:00:00-05:00,6.712143008823191,6.721714355549608,6.640355315718652,6.649926662445068,1628681,0.0,0.0
2005-02-16 00:00:00-05:00,6.628392107075431,6.678643726078175,6.580533880876099,6.604462623596191,2129538,0.0,0.0
2005-02-17 00:00:00-05:00,6.616427834393106,6.736073778753048,6.523104027422719,6.556604862213135,1199559,0.0,0.0
2005-02-18 00:00:00-05:00,6.544642759020887,6.573358300964248,6.530285358428955,6.530285358428955,1115975,0.0,0.0
2005-02-22 00:00:00-05:00,6.5326749201942365,6.547033054751063,6.477637997050082,6.503960132598877,1126037,0.0,0.0
2005-02-23 00:00:00-05:00,6.515923140673784,6.549423964207933,6.5111370970949185,6.51831579208374,1657895,0.0,0.0
2005-02-24 00:00:00-05:00,6.532676303094632,6.532676303094632,6.420209040192451,6.491996765136719,1276327,0.0,0.0
2005-02-25 00:00:00-05:00,6.520710570199983,6.527890008289302,6.451316249089017,6.496781826019287,980941,0.0,0.0
2005-02-28 00:00:00-05:00,6.496780013904074,6.523102143692369,6.379526755618215,6.472851276397705,1005449,0.0,0.0
2005-03-01 00:00:00-05:00,6.465673923492432,6.520710852324363,6.460888618904768,6.465673923492432,1142105,0.0,0.0
2005-03-02 00:00:00-05:00,7.406089616897432,7.657346168846823,7.138082282463899,7.286443710327148,8260908,0.0,0.0
2005-03-03 00:00:00-05:00,7.31994602860848,7.374983690210987,7.233800928664466,7.298409938812256,2495687,0.0,0.0
2005-03-04 00:00:00-05:00,7.322338049782769,7.470699495147649,7.274479829660798,7.453949451446533,1643774,0.0,0.0
2005-03-07 00:00:00-05:00,7.465912936065599,7.559237458892595,7.418054719243884,7.489842414855957,1095525,0.0,0.0
2005-03-08 00:00:00-05:00,7.513772313996157,7.585560020701639,7.489843572267074,7.499414920806885,1182031,0.0,0.0
2005-03-09 00:00:00-05:00,7.451554780341242,7.475484256675716,7.300800709103693,7.346266269683838,1399351,0.0,0.0
2005-03-10 00:00:00-05:00,7.370198757471419,7.4228430343105005,7.317554480632338,7.365412712097168,520821,0.0,0.0
2005-03-11 00:00:00-05:00,7.365409762464375,7.398910585149571,7.329515547670922,7.358231067657471,1138535,0.0,0.0
2005-03-14 00:00:00-05:00,7.360624596176676,7.453949121305832,7.33430246516156,7.4515557289123535,949780,0.0,0.0
2005-03-15 00:00:00-05:00,7.453949756492499,7.5018072378139395,7.391733401104642,7.418055534362793,1103153,0.0,0.0
2005-03-16 00:00:00-05:00,7.418056129469929,7.418056129469929,7.319946284840673,7.341483116149902,727753,0.0,0.0
2005-03-17 00:00:00-05:00,7.3414816779914975,7.413268632429096,7.217048981609,7.372589111328125,749501,0.0,0.0
2005-03-18 00:00:00-05:00,7.365415797988958,7.365415797988958,7.236197704060199,7.279270648956299,580385,0.0,0.0
2005-03-21 00:00:00-05:00,7.262513728041137,7.264907120091965,7.159618611105125,7.217048168182373,897194,0.0,0.0
2005-03-22 00:00:00-05:00,7.2026933203481684,7.238587546945465,7.1404776979757,7.183549880981445,1129121,0.0,0.0
2005-03-23 00:00:00-05:00,7.1787627484817484,7.20029957748131,7.0926183955197555,7.133297920227051,328658,0.0,0.0
2005-03-24 00:00:00-05:00,7.142868253761378,7.154832992448963,7.059115823707247,7.121332168579102,557176,0.0,0.0
2005-03-28 00:00:00-05:00,7.1213348951945346,7.176371825319202,7.1213348951945346,7.150049686431885,429121,0.0,0.0
2005-03-29 00:00:00-05:00,6.939473150220483,6.989724779808085,6.80786244488086,6.89161491394043,2193485,0.0,0.0
2005-03-30 00:00:00-05:00,6.939472504448119,6.956223293004961,6.831791297648755,6.855720043182373,1147461,0.0,0.0
2005-03-31 00:00:00-05:00,6.855722040062491,6.93708187270049,6.819828540927675,6.901188373565674,622583,0.0,0.0
2005-04-01 00:00:00-05:00,6.925116675612489,6.925116675612489,6.798291999239744,6.810256004333496,538025,0.0,0.0
2005-04-04 00:00:00-04:00,6.783932764480174,6.783932764480174,6.640358059700973,6.695394992828369,1258961,0.0,0.0
2005-04-05 00:00:00-04:00,6.707358390493445,6.757610008573528,6.661892817173163,6.702572345733643,1026548,0.0,0.0
2005-04-06 00:00:00-04:00,6.736076331436412,6.8652944151384006,6.695396783829336,6.805471420288086,625667,0.0,0.0
2005-04-07 00:00:00-04:00,6.805469159030312,6.874864224824041,6.76239697261426,6.855720043182373,559935,0.0,0.0
2005-04-08 00:00:00-04:00,6.8509345361748135,6.898792766587691,6.815040307795745,6.846148490905762,688314,0.0,0.0
2005-04-11 00:00:00-04:00,6.87247158722482,6.905972427261994,6.824613350137331,6.894007682800293,667865,0.0,0.0
2005-04-12 00:00:00-04:00,6.9299026377025195,6.965796134065412,6.841364112075064,6.937081336975098,711523,0.0,0.0
2005-04-13 00:00:00-04:00,6.9394722915071245,6.96579442931786,6.7815394646427105,6.798290252685547,537700,0.0,0.0
2005-04-14 00:00:00-04:00,6.771967914749578,6.841362235603935,6.68821545852887,6.697786808013916,526988,0.0,0.0
2005-04-15 00:00:00-04:00,6.697787781917561,6.760004155274205,6.592499218476436,6.666680335998535,790239,0.0,0.0
2005-04-18 00:00:00-04:00,6.666678456859104,6.666678456859104,6.537460441509807,6.561389923095703,900278,0.0,0.0
2005-04-19 00:00:00-04:00,6.60446272440859,6.60446272440859,6.549425800477216,6.580533981323242,767192,0.0,0.0
2005-04-20 00:00:00-04:00,6.5446404863613195,6.6116429004559025,6.5231043929519394,6.532675743103027,1052353,0.0,0.0
2005-04-21 00:00:00-04:00,6.628393315779552,6.733681877073202,6.604463827936711,6.695394992828369,1209135,0.0,0.0
2005-04-22 00:00:00-04:00,6.695393461217305,6.73128768477055,6.6044623171266865,6.640356540679932,926408,0.0,0.0
2005-04-25 00:00:00-04:00,6.642750551577513,6.901186643602199,6.642750551577513,6.776753902435303,1127011,0.0,0.0
2005-04-26 00:00:00-04:00,6.791113378604662,6.791113378604662,6.6523239547698685,6.657109260559082,1043264,0.0,0.0
2005-04-27 00:00:00-04:00,6.659498947785864,6.74564403391891,6.597282599559278,6.733679294586182,1304081,0.0,0.0
2005-04-28 00:00:00-04:00,6.939473728292443,7.34387796971058,6.932295029290399,7.106977939605713,4900324,0.0,0.0
2005-04-29 00:00:00-04:00,7.178765670385505,7.214659906155083,7.054334393843854,7.106977939605713,1794389,0.0,0.0
2005-05-02 00:00:00-04:00,7.106974530523455,7.152440836992666,6.984935965268973,7.0160441398620605,2158265,0.0,0.0
2005-05-03 00:00:00-04:00,7.00168765898743,7.006472962809234,6.850933551141179,6.9514360427856445,1992882,0.0,0.0
2005-05-04 00:00:00-04:00,6.953829369474001,7.011259687740454,6.88922035401914,6.982544898986816,1477579,0.0,0.0
2005-05-05 00:00:00-04:00,6.9514359411896045,7.0399736904673595,6.879648236561571,6.996901512145996,1188685,0.0,0.0
2005-05-06 00:00:00-04:00,6.984939522832819,7.039976463732798,6.972974777221679,6.97297477722168,918456,0.0,0.0
2005-05-09 00:00:00-04:00,6.975366014776284,6.999294757843018,6.925114395045578,6.999294757843018,947994,0.0,0.0
2005-05-10 00:00:00-04:00,6.999294106828833,7.004080151300686,6.937078491731101,6.984936714172363,581521,0.0,0.0
2005-05-11 00:00:00-04:00,7.035191158095851,7.035191158095851,6.944259980362453,6.97297477722168,286460,0.0,0.0
2005-05-12 00:00:00-04:00,6.972972603704806,7.004080784445288,6.831790575475035,6.8820414543151855,600672,0.0,0.0
2005-05-13 00:00:00-04:00,6.862901074720615,6.886829825808666,6.810256044504329,6.843757629394531,337097,0.0,0.0
2005-05-16 00:00:00-04:00,6.879650698392524,6.913151540439083,6.8317924584344905,6.903580188751221,307721,0.0,0.0
2005-05-17 00:00:00-04:00,6.8796488022425155,6.9251143769373265,6.853326666406528,6.8820414543151855,640111,0.0,0.0
2005-05-18 00:00:00-04:00,6.915542270330513,6.9705791880461865,6.879648048617537,6.934685707092285,667702,0.0,0.0
2005-05-19 00:00:00-04:00,7.023221998435944,7.047151474618706,6.958613005349625,7.018435955047607,816531,0.0,0.0
2005-05-20 00:00:00-04:00,7.011259829902755,7.023224572379098,6.975366343232922,7.001688480377197,786344,0.0,0.0
2005-05-23 00:00:00-04:00,7.035188998093025,7.042367695103768,6.96818733215332,6.96818733215332,648226,0.0,0.0
2005-05-24 00:00:00-04:00,6.939469754732387,6.999292706000861,6.8676828058173705,6.927505016326904,674519,0.0,0.0
2005-05-25 00:00:00-04:00,6.934685181697814,6.958613920267804,6.812645874182499,6.848539352416992,507674,0.0,0.0
2005-05-26 00:00:00-04:00,6.862898033960388,6.939471040577939,6.862898033960388,6.9298996925354,474241,0.0,0.0
2005-05-27 00:00:00-04:00,6.939472338277072,6.9634018239969135,6.867685362635981,6.889220714569092,256434,0.0,0.0
2005-05-31 00:00:00-04:00,6.903577846921758,6.9179352399629215,6.846147533997994,6.867684364318848,620960,0.0,0.0
2005-06-01 00:00:00-04:00,6.84375382209009,6.8461464736399975,6.748036648708867,6.791109561920166,2384999,0.0,0.0
2005-06-02 00:00:00-04:00,6.81503912798382,6.82939726130531,6.776752253978013,6.819825172424316,460283,0.0,0.0
2005-06-03 00:00:00-04:00,6.807861610271774,6.8509345361748135,6.771968122651919,6.846148490905762,981104,0.0,0.0
2005-06-06 00:00:00-04:00,6.879647447709344,6.891612187235266,6.724108056149381,6.7887163162231445,491607,0.0,0.0
2005-06-07 00:00:00-04:00,6.8198243807192265,6.855717857958413,6.721714555253453,6.733679294586182,459147,0.0,0.0
2005-06-08 00:00:00-04:00,6.7265036578105475,6.755218452659073,6.6810380721274925,6.743253707885742,597102,0.0,0.0
2005-06-09 00:00:00-04:00,6.743252226116354,6.77914645254891,6.55899727122158,6.652321815490723,4440203,0.0,0.0
2005-06-10 00:00:00-04:00,6.652323161172287,6.712146143235481,6.544641200851079,6.645144462585449,662671,0.0,0.0
2005-06-13 00:00:00-04:00,6.640360961070863,6.764793018854972,6.635574913259273,6.724113464355469,875446,0.0,0.0
2005-06-14 00:00:00-04:00,6.6953935321974525,6.771967283982202,6.671464049574937,6.700179576873779,827568,0.0,0.0
2005-06-15 00:00:00-04:00,6.702571479643552,6.745644395397722,6.676249348004625,6.709750175476074,601971,0.0,0.0
2005-06-16 00:00:00-04:00,6.712144435253246,6.733680525533654,6.6714641659336325,6.702572345733643,707141,0.0,0.0
2005-06-17 00:00:00-04:00,6.714536218451143,6.841360832482386,6.688214086816789,6.731287002563477,2071922,0.0,0.0
2005-06-20 00:00:00-04:00,6.736072885138804,6.83657611693639,6.731287581345853,6.786324501037598,656990,0.0,0.0
2005-06-21 00:00:00-04:00,6.786324731054924,6.8485403493039465,6.774359989648809,6.812646865844727,443404,0.0,0.0
2005-06-22 00:00:00-04:00,6.831791095857819,6.860505885953704,6.795897608237964,6.846148490905762,692696,0.0,0.0
2005-06-23 00:00:00-04:00,6.843755434144218,6.99929485898257,6.843755434144218,6.975366115570068,1614236,0.0,0.0
2005-06-24 00:00:00-04:00,6.963401272863339,7.008866847677036,6.963401272863339,6.999294757843018,894922,0.0,0.0
2005-06-27 00:00:00-04:00,6.975367735984274,7.102192401885986,6.939473501388352,7.102192401885986,1161419,0.0,0.0
2005-06-28 00:00:00-04:00,7.09501278552201,7.214658737182616,7.09501278552201,7.214658737182617,1174727,0.0,0.0
2005-06-29 00:00:00-04:00,7.190730180298843,7.214658926804333,7.140478553346565,7.197908878326416,774171,0.0,0.0
2005-06-30 00:00:00-04:00,7.226622340424725,7.468306857977545,7.226622340424725,7.422842025756836,1556619,0.0,0.0
2005-07-01 00:00:00-04:00,7.418055331843427,7.4204479836164525,7.353446326381105,7.386947154998779,696916,0.0,0.0
2005-07-05 00:00:00-04:00,7.386945846885087,7.386945846885087,7.274478640565013,7.358231067657471,797380,0.0,0.0
2005-07-06 00:00:00-04:00,7.358232958498649,7.425234621086424,7.336696868543818,7.410877227783203,846070,0.0,0.0
2005-07-07 00:00:00-04:00,7.374982591564653,7.3845539386841,7.224228503930587,7.379767894744873,558961,0.0,0.0
2005-07-08 00:00:00-04:00,7.406090526073632,7.585559407960767,7.382161786277447,7.549665927886963,1125713,0.0,0.0
2005-07-11 00:00:00-04:00,7.525737741560557,7.58077540815083,7.43241393656037,7.5783820152282715,819940,0.0,0.0
2005-07-12 00:00:00-04:00,7.561630839155507,7.561630839155507,7.456342307546052,7.4635210037231445,586228,0.0,0.0
2005-07-13 00:00:00-04:00,7.4419856236310755,7.516165985028675,7.415663488222978,7.468307018280029,369233,0.0,0.0
2005-07-14 00:00:00-04:00,7.456342800416149,7.456342800416149,7.351054261847039,7.410877227783203,563506,0.0,0.0
2005-07-15 00:00:00-04:00,7.386948311599921,7.398913053856538,7.348661432682419,7.396519660949707,305449,0.0,0.0
2005-07-18 00:00:00-04:00,7.4060918223184675,7.430021307061946,7.327125411576012,7.377377033233643,301878,0.0,0.0
2005-07-19 00:00:00-04:00,7.377375197907476,7.501806413492134,7.377375197907476,7.489842414855957,460283,0.0,0.0
2005-07-20 00:00:00-04:00,7.477880339117654,7.578382852470433,7.449165546948079,7.575990200042725,882425,0.0,0.0
2005-07-21 00:00:00-04:00,7.585560950036444,7.724350335801538,7.5735962073265,7.721957683563232,622907,0.0,0.0
2005-07-22 00:00:00-04:00,7.724349321711904,7.73631406285106,7.650168963711895,7.7315287590026855,493879,0.0,0.0
2005-07-25 00:00:00-04:00,7.717168726718063,7.717168726718063,7.597522826278221,7.6262383460998535,518062,0.0,0.0
2005-07-26 00:00:00-04:00,7.63342072510386,7.657349472285581,7.525738770128617,7.537703514099121,623557,0.0,0.0
2005-07-27 00:00:00-04:00,7.5472728080561176,7.5472728080561176,7.365411267846491,7.418055534362793,1440250,0.0,0.0
2005-07-28 00:00:00-04:00,7.645381331491872,8.344114068723817,7.645381331491872,8.33932876586914,2387108,0.0,0.0
2005-07-29 00:00:00-04:00,8.372831184796166,8.482905023567708,8.190968900420248,8.205327033996582,1785462,0.0,0.0
2005-08-01 00:00:00-04:00,8.2077202537816,8.360867022360353,8.080894880016256,8.190969467163086,848991,0.0,0.0
2005-08-02 00:00:00-04:00,8.14789665237908,8.217290963989406,8.076108948146926,8.123967170715332,556202,0.0,0.0
2005-08-03 00:00:00-04:00,8.123969684652554,8.219686900167853,8.049789305602774,8.212508201599121,613007,0.0,0.0
2005-08-04 00:00:00-04:00,8.152682357162421,8.327365952231057,8.128753615080628,8.18618392944336,377023,0.0,0.0
2005-08-05 00:00:00-04:00,8.171825566312537,8.171825566312537,8.0761083870665,8.116787910461426,199954,0.0,0.0
2005-08-08 00:00:00-04:00,8.102429754237917,8.116787144580332,7.9875698907396195,8.025856018066406,728565,0.0,0.0
2005-08-09 00:00:00-04:00,7.992358342871988,8.06414606362921,7.913391924114969,7.963643550872803,572108,0.0,0.0
2005-08-10 00:00:00-04:00,7.961249858742979,8.045001571389289,7.9325343297346995,7.956463813781738,587039,0.0,0.0
2005-08-11 00:00:00-04:00,7.956464831404466,8.088075528977711,7.956464831404466,8.064146041870117,477324,0.0,0.0
2005-08-12 00:00:00-04:00,8.05218129831632,8.092860833791823,8.037823902355468,8.064146041870117,500209,0.0,0.0
2005-08-15 00:00:00-04:00,8.064141449745874,8.064141449745874,7.915780788288678,7.994747161865234,495664,0.0,0.0
2005-08-16 00:00:00-04:00,7.997143298962575,8.042608873940095,7.982785904918971,7.99235725402832,255947,0.0,0.0
2005-08-17 00:00:00-04:00,7.944500692854939,8.064146655985889,7.903820413522219,8.035431861877441,335636,0.0,0.0
2005-08-18 00:00:00-04:00,8.016285427822366,8.123966606309999,7.951676424426171,8.116787910461426,773197,0.0,0.0
2005-08-19 00:00:00-04:00,8.123968417530735,8.34411686773967,8.123968417530735,8.279508590698242,779202,0.0,0.0
2005-08-22 00:00:00-04:00,8.267544583676338,8.327367561580921,8.195756862038987,8.231650352478027,489497,0.0,0.0
2005-08-23 00:00:00-04:00,8.26753982417006,8.353684892390525,8.123964463549667,8.195752143859863,501669,0.0,0.0
2005-08-24 00:00:00-04:00,8.214898846081708,8.267543116556473,8.12157504674174,8.236434936523438,990517,0.0,0.0
2005-08-25 00:00:00-04:00,8.231648924559982,8.401546478271484,8.164647260190158,8.401546478271484,625667,0.0,0.0
2005-08-26 00:00:00-04:00,8.42547588817806,8.432654584958057,8.324973392498965,8.363260269165039,559286,0.0,0.0
2005-08-29 00:00:00-04:00,8.327368461263974,8.37283404790501,8.255580731870726,8.289081573486328,446812,0.0,0.0
2005-08-30 00:00:00-04:00,8.279508122222957,8.298651561256968,8.143111396890312,8.17900562286377,1669418,0.0,0.0
2005-08-31 00:00:00-04:00,8.217293897928288,8.255580785956768,8.171829051748741,8.253188133239746,898168,0.0,0.0
2005-09-01 00:00:00-04:00,8.250791649677419,8.375222866857493,8.219683475002896,8.35847282409668,646441,0.0,0.0
2005-09-02 00:00:00-04:00,8.339329951870571,8.370437387885817,8.26275620619814,8.365652084350586,592395,0.0,0.0
2005-09-06 00:00:00-04:00,8.358472786617458,8.485297395593976,8.310613828637708,8.394366264343262,1627869,0.0,0.0
2005-09-07 00:00:00-04:00,8.370436785353387,8.454189221058941,8.27232769931652,8.394366264343262,557176,0.0,0.0
2005-09-08 00:00:00-04:00,8.38718974846963,8.42547662849986,8.365653656237326,8.384797096252441,516926,0.0,0.0
2005-09-09 00:00:00-04:00,8.387191772460938,8.40154917074719,8.329761438556543,8.387191772460938,339045,0.0,0.0
2005-09-12 00:00:00-04:00,8.39676362772011,8.554695745162386,8.39676362772011,8.525980949401855,428310,0.0,0.0
2005-09-13 00:00:00-04:00,8.52597538393793,8.808340074049484,8.506831952340631,8.724588394165039,1163853,0.0,0.0
2005-09-14 00:00:00-04:00,8.724590009014086,8.82987853190782,8.652802312426632,8.68630313873291,1068908,0.0,0.0
2005-09-15 00:00:00-04:00,8.638443490111925,8.738945960998535,8.614514753667848,8.738945960998535,495502,0.0,0.0
2005-09-16 00:00:00-04:00,8.734163515054846,8.868166853401972,8.691090590152301,8.829880714416504,639462,0.0,0.0
2005-09-19 00:00:00-04:00,8.829876743659042,8.846626783040415,8.664764556415522,8.736552238464355,355275,0.0,0.0
2005-09-20 00:00:00-04:00,8.717412887230884,8.813130088347684,8.705448144496382,8.726984977722168,296035,0.0,0.0
2005-09-21 00:00:00-04:00,8.762877861393521,8.851416358921053,8.762877861393521,8.825094223022461,694806,0.0,0.0
2005-09-22 00:00:00-04:00,8.82509489463847,8.894489217783603,8.700662902670103,8.786808013916016,609112,0.0,0.0
2005-09-23 00:00:00-04:00,8.789201398379397,8.92559814453125,8.762879258284793,8.92559814453125,534616,0.0,0.0
2005-09-26 00:00:00-04:00,8.937559927059311,9.035669756792327,8.758091051539465,8.796377182006836,639787,0.0,0.0
2005-09-27 00:00:00-04:00,8.798769689187843,8.837056556562198,8.578620572164775,8.703052520751953,644656,0.0,0.0
2005-09-28 00:00:00-04:00,8.703057734039117,8.86577664747219,8.61451994836429,8.707843780517578,446974,0.0,0.0
2005-09-29 00:00:00-04:00,8.662376576239438,8.793987274169922,8.662376576239438,8.793987274169922,377834,0.0,0.0
2005-09-30 00:00:00-04:00,8.793985309761235,8.805950050674813,8.715018908642532,8.782020568847656,212613,0.0,0.0
2005-10-03 00:00:00-04:00,8.746128417945528,8.770057162655322,8.69348414252109,8.726984977722168,711036,0.0,0.0
2005-10-04 00:00:00-04:00,8.726987221399884,8.791596256169578,8.726987221399884,8.755702018737793,306098,0.0,0.0
2005-10-05 00:00:00-04:00,8.755699246662903,8.755699246662903,8.52597871841149,8.59298038482666,465314,0.0,0.0
2005-10-06 00:00:00-04:00,8.59058457695951,8.650407524336929,8.499653459902987,8.576227188110352,319893,0.0,0.0
2005-10-07 00:00:00-04:00,8.569049970933092,8.614515537299317,8.411117184848006,8.466154098510742,453304,0.0,0.0
2005-10-10 00:00:00-04:00,8.466158624261539,8.58580460360164,8.418300380677382,8.557089805603027,484790,0.0,0.0
2005-10-11 00:00:00-04:00,8.518798710997942,8.650409371483239,8.492476578900883,8.516406059265137,286622,0.0,0.0
2005-10-12 00:00:00-04:00,8.492477379346294,8.50204946869782,8.183790461044236,8.32736587524414,801924,0.0,0.0
2005-10-13 00:00:00-04:00,8.279511974269377,8.411122715885682,8.279511974269377,8.40394401550293,400556,0.0,0.0
2005-10-14 00:00:00-04:00,8.447011629388504,8.57622964760592,8.41590345078818,8.514013290405273,501507,0.0,0.0
2005-10-17 00:00:00-04:00,8.542729539701986,8.542729539701986,8.437440994695553,8.509228706359863,315998,0.0,0.0
2005-10-18 00:00:00-04:00,8.533156968196872,8.648017596681592,8.50683483343068,8.60973072052002,285161,0.0,0.0
2005-10-19 00:00:00-04:00,8.614518452752884,8.762879200992892,8.54990942916867,8.74852180480957,255947,0.0,0.0
2005-10-20 00:00:00-04:00,8.698268123211705,8.815521398950217,8.681518078539971,8.782020568847656,554579,0.0,0.0
2005-10-21 00:00:00-04:00,8.779629555159916,8.983027966365576,8.736556627985875,8.908846855163574,696105,0.0,0.0
2005-10-24 00:00:00-04:00,8.94473852465708,9.02609756955105,8.880129522766445,9.016526222229004,370206,0.0,0.0
2005-10-25 00:00:00-04:00,9.016529589139001,9.016529589139001,8.877740186209602,8.963885307312012,354626,0.0,0.0
2005-10-26 00:00:00-04:00,8.961492713425757,9.198392002779737,8.829882737877355,8.832275390625,781799,0.0,0.0
2005-10-27 00:00:00-04:00,8.834667307111049,9.200784629513745,8.834667307111049,9.188819885253906,1319337,0.0,0.0
2005-10-28 00:00:00-04:00,9.160101619944214,9.557326237962547,9.160101619944214,9.322819709777832,1567656,0.0,0.0
2005-10-31 00:00:00-05:00,9.298891862579065,9.428109138025754,9.21035337273167,9.332392692565918,886970,0.0,0.0
2005-11-01 00:00:00-05:00,9.356319852951534,9.643470622339724,9.356319852951534,9.571682929992676,1849084,0.0,0.0
2005-11-02 00:00:00-05:00,9.559717979419156,10.045481032546919,9.559717979419156,9.978479385375977,2128727,0.0,0.0
2005-11-03 00:00:00-05:00,9.954550349280224,10.076588901362111,9.882762660684259,10.067017555236816,1070369,0.0,0.0
2005-11-04 00:00:00-05:00,10.126843117659277,10.18666608783571,10.01437587446685,10.145986557006836,1617482,0.0,0.0
2005-11-07 00:00:00-05:00,10.145981414579904,10.270413336891913,10.11965929141311,10.258448600769043,1238187,0.0,0.0
2005-11-08 00:00:00-05:00,10.177094194974432,10.256060600280762,10.112485183222137,10.256060600280762,1376142,0.0,0.0
2005-11-09 00:00:00-05:00,10.256060574819847,10.789681972314336,10.241703181301455,10.701144218444824,2262300,0.0,0.0
2005-11-10 00:00:00-05:00,10.672432295773389,10.674825689341025,10.433140347610184,10.509714126586914,1355692,0.0,0.0
2005-11-11 00:00:00-05:00,10.55278469027111,10.576714177691775,10.299134642193572,10.361351013183594,1467030,0.0,0.0
2005-11-14 00:00:00-05:00,10.397244306811155,10.547997693538486,10.327849244004032,10.526461601257324,958544,0.0,0.0
2005-11-15 00:00:00-05:00,10.507317357840117,10.603034550814582,10.421172254542672,10.445101737976074,719314,0.0,0.0
2005-11-16 00:00:00-05:00,10.445101132121547,10.488173310892352,10.337419203676331,10.47381591796875,1120032,0.0,0.0
2005-11-17 00:00:00-05:00,10.48099350452229,10.569531986107021,10.476207460468217,10.507315635681152,597589,0.0,0.0
2005-11-18 00:00:00-05:00,10.516890690900276,10.612607901932984,10.471425849013935,10.600643157958984,869279,0.0,0.0
2005-11-21 00:00:00-05:00,10.624572929220978,10.648502417807078,10.50971301367817,10.521677017211914,699838,0.0,0.0
2005-11-22 00:00:00-05:00,10.521676622032349,10.624572530176785,10.447496247264578,10.480997085571289,1467517,0.0,0.0
2005-11-23 00:00:00-05:00,10.497747980166523,10.533641471297482,10.437925001108733,10.45706844329834,616578,0.0,0.0
2005-11-25 00:00:00-05:00,10.385280059796875,10.421173548645092,10.373315316594391,10.404422760009766,252214,0.0,0.0
2005-11-28 00:00:00-05:00,10.351778918911833,10.351778918911833,10.074199403357282,10.153165817260742,1707071,0.0,0.0
2005-11-29 00:00:00-05:00,10.122055676632083,10.169913894518555,10.119662284244399,10.141199111938477,601484,0.0,0.0
2005-11-30 00:00:00-05:00,10.193845324332923,10.20581080791229,9.856443576904365,9.870800971984863,3562160,0.0,0.0
2005-12-01 00:00:00-05:00,9.906695475548213,9.985661891443016,9.870801246090995,9.930624961853027,2551031,0.0,0.0
2005-12-02 00:00:00-05:00,9.88276691479993,10.157952308654785,9.88276691479993,10.157952308654785,1049919,0.0,0.0
2005-12-05 00:00:00-05:00,10.134023895297393,10.172310779054039,9.956947613492357,10.090950965881348,657640,0.0,0.0
2005-12-06 00:00:00-05:00,10.086161477776368,10.26084504751117,10.086161477776368,10.189057350158691,607814,0.0,0.0
2005-12-07 00:00:00-05:00,10.186667101960143,10.421173701744454,10.17470309934113,10.344600677490234,1022977,0.0,0.0
2005-12-08 00:00:00-05:00,10.325449584630325,10.480988911008572,10.313484850118453,10.43791675567627,1157199,0.0,0.0
2005-12-09 00:00:00-05:00,10.43314130191847,10.504929041085656,10.370924915619165,10.461856842041016,863761,0.0,0.0
2005-12-12 00:00:00-05:00,10.497748882380524,10.56475056542287,10.464248040859351,10.540821075439453,948481,0.0,0.0
2005-12-13 00:00:00-05:00,10.540818371280283,10.586283946129349,10.409207691653817,10.528854370117188,794621,0.0,0.0
2005-12-14 00:00:00-05:00,10.492960044109529,10.586283844996911,10.473816605368636,10.552783012390137,489497,0.0,0.0
2005-12-15 00:00:00-05:00,10.543211835975205,10.574320017033243,10.485781518812482,10.567140579223633,502481,0.0,0.0
2005-12-16 00:00:00-05:00,10.576712597047042,10.583891294048561,10.471424053345869,10.528854370117188,499235,0.0,0.0
2005-12-19 00:00:00-05:00,10.528855943609713,10.543213339758406,10.315885431539892,10.361351013183594,731648,0.0,0.0
2005-12-20 00:00:00-05:00,10.320669447385168,10.33981288540486,10.24648908803331,10.311098098754883,645143,0.0,0.0
2005-12-21 00:00:00-05:00,10.28238459360652,10.5216765047761,10.253669801309139,10.361351013183594,744957,0.0,0.0
2005-12-22 00:00:00-05:00,10.358956223511427,10.404421055015671,10.284775864875046,10.335026741027832,388222,0.0,0.0
2005-12-23 00:00:00-05:00,10.344599220971148,10.387671402157226,10.284776253262164,10.327848434448242,366636,0.0,0.0
2005-12-27 00:00:00-05:00,10.325457690846333,10.325457690846333,10.17470354731319,10.210597038269043,349432,0.0,0.0
2005-12-28 00:00:00-05:00,10.20580987099859,10.208202523039285,10.107700025942915,10.174701690673828,541271,0.0,0.0
2005-12-29 00:00:00-05:00,10.15077260203352,10.201024222915759,10.105307026177963,10.145986557006836,425551,0.0,0.0
2005-12-30 00:00:00-05:00,10.145985079522378,10.145985079522378,10.014374416147875,10.102912902832031,352678,0.0,0.0
2006-01-03 00:00:00-05:00,10.050271088851241,10.119665415142508,9.799014441262829,10.062235832214355,973313,0.0,0.0
2006-01-04 00:00:00-05:00,10.026336938413419,10.184269699522526,10.01676559263055,10.122054100036621,658127,0.0,0.0
2006-01-05 00:00:00-05:00,10.136414918268928,10.17470179587077,10.031126375243437,10.129236221313477,778391,0.0,0.0
2006-01-06 00:00:00-05:00,10.138806717226023,10.191450984309128,10.031125531195704,10.083769798278809,684419,0.0,0.0
2006-01-09 00:00:00-05:00,10.09812994818867,10.114879997329066,10.02634222431441,10.059843063354492,530234,0.0,0.0
2006-01-10 00:00:00-05:00,10.031126468798254,10.078984695867328,9.942587970923348,10.03591251373291,514816,0.0,0.0
2006-01-11 00:00:00-05:00,9.988054402851402,10.088556903093316,9.93540938947611,10.038305282592773,433016,0.0,0.0
2006-01-12 00:00:00-05:00,10.002412454791918,10.0263419423301,9.808586124314159,9.973697662353516,722397,0.0,0.0
2006-01-13 00:00:00-05:00,9.990444123961991,10.095732638304602,9.947371213204127,9.978479385375977,603594,0.0,0.0
2006-01-17 00:00:00-05:00,9.870801020680512,9.954554220834762,9.84926492795352,9.904302597045898,379295,0.0,0.0
2006-01-18 00:00:00-05:00,9.885157439858197,10.023946803483158,9.86122795825562,9.988053321838379,698539,0.0,0.0
2006-01-19 00:00:00-05:00,9.968912178164452,10.002413018149182,9.90430389153917,9.980876922607422,411106,0.0,0.0
2006-01-20 00:00:00-05:00,9.942584727298408,9.990443679513348,9.834903566332628,9.868404388427734,352516,0.0,0.0
2006-01-23 00:00:00-05:00,9.834902850847591,9.901904490163465,9.739186434898874,9.789437294006348,448597,0.0,0.0
2006-01-24 00:00:00-05:00,9.765514880725407,9.889946153839976,9.763121487284401,9.8564453125,584605,0.0,0.0
2006-01-25 00:00:00-05:00,9.858836971318672,9.964125522936172,9.849264880757511,9.94019603729248,520009,0.0,0.0
2006-01-26 00:00:00-05:00,9.930624246070854,10.03591279300824,9.930624246070854,10.004804611206055,466450,0.0,0.0
2006-01-27 00:00:00-05:00,10.004804443553695,10.026340534859319,9.93540938389002,9.968910217285156,334013,0.0,0.0
2006-01-30 00:00:00-05:00,9.954552222545688,10.002409702937,9.90669326063624,9.97608757019043,347647,0.0,0.0
2006-01-31 00:00:00-05:00,9.930625473695914,10.033520640439702,9.810979517523542,9.973697662353516,304637,0.0,0.0
2006-02-01 00:00:00-05:00,9.973694736366399,10.13641357421875,9.973694736366399,10.13641357421875,448597,0.0,0.0
2006-02-02 00:00:00-05:00,10.136416936606588,10.23931284805502,10.114880100692721,10.20102596282959,517575,0.0,0.0
2006-02-03 00:00:00-05:00,10.19384333284249,10.241702294773276,10.08376949822345,10.220166206359863,372316,0.0,0.0
2006-02-06 00:00:00-05:00,10.21777427962531,10.265632507662653,10.14837996008504,10.19384479522705,360306,0.0,0.0
2006-02-07 00:00:00-05:00,10.205810267942443,10.270418542386384,10.074198844643282,10.145986557006836,541108,0.0,0.0
2006-02-08 00:00:00-05:00,10.13402150047702,10.157950241600751,9.930623126750268,9.990446090698242,684744,0.0,0.0
2006-02-09 00:00:00-05:00,9.985656647574556,10.122053314518014,9.959334522765758,10.0095853805542,474565,0.0,0.0
2006-02-10 00:00:00-05:00,10.026337237540071,10.093338882295795,9.976085633593815,10.055052757263184,276397,0.0,0.0
2006-02-13 00:00:00-05:00,10.081379442561618,10.095737580348773,9.94259003669364,9.980876922607422,267633,0.0,0.0
2006-02-14 00:00:00-05:00,9.990443435188453,10.289558175422135,9.94497787615151,10.284772872924805,894111,0.0,0.0
2006-02-15 00:00:00-05:00,10.28478002398257,10.569537573199774,10.232134993077484,10.492963790893555,852724,0.0,0.0
2006-02-16 00:00:00-05:00,10.492960144350429,10.540818371280283,10.457066659342829,10.528854370117188,480246,0.0,0.0
2006-02-17 00:00:00-05:00,10.52885279573248,10.569532319577984,10.480993835199843,10.48817253112793,610897,0.0,0.0
2006-02-21 00:00:00-05:00,10.44510161248719,10.492959838019873,10.303918847140935,10.373313903808594,411593,0.0,0.0
2006-02-22 00:00:00-05:00,10.354171507194573,10.732252786232715,10.337420719155284,10.715502738952637,641572,0.0,0.0
2006-02-23 00:00:00-05:00,10.696359462814668,10.734646343984153,10.591070909978196,10.682002067565918,496800,0.0,0.0
2006-02-24 00:00:00-05:00,10.658072746239771,10.689180930265291,10.591071073538066,10.6485013961792,299119,0.0,0.0
2006-02-27 00:00:00-05:00,10.574318341420414,10.708321652806692,10.536031469378893,10.593461036682129,865871,0.0,0.0
2006-02-28 00:00:00-05:00,10.61260789254488,10.615001285793133,10.411602860692934,10.45706844329834,524391,0.0,0.0
2006-03-01 00:00:00-05:00,10.373309258953265,10.648495228874703,10.193839697238271,10.397238731384277,1238024,0.0,0.0
2006-03-02 00:00:00-05:00,10.399638392592056,10.524070399745563,10.349386762916444,10.495355606079102,519847,0.0,0.0
2006-03-03 00:00:00-05:00,10.495350388608617,10.495350388608617,9.870797270008493,10.000015258789062,2072246,0.0,0.0
2006-03-06 00:00:00-05:00,9.952159588343537,10.239310418644672,9.882765273501542,10.114877700805664,1218386,0.0,0.0
2006-03-07 00:00:00-05:00,10.074201517914009,10.143596596558352,10.074201517914009,10.131631851196289,450220,0.0,0.0
2006-03-08 00:00:00-05:00,10.131627397112192,10.134020789588039,9.935407733563034,10.043088912963867,624206,0.0,0.0
2006-03-09 00:00:00-05:00,10.021558151467195,10.045486901861214,9.937805673189667,9.954556465148926,278507,0.0,0.0
2006-03-10 00:00:00-05:00,9.940197270030064,10.050271880579091,9.832516052797752,10.026342391967773,743496,0.0,0.0
2006-03-13 00:00:00-05:00,10.019166159174002,10.083775201716886,9.980879264277515,10.033523559570312,321029,0.0,0.0
2006-03-14 00:00:00-05:00,10.019158903961266,10.026337598961085,9.921049084618474,9.978479385375977,553118,0.0,0.0
2006-03-15 00:00:00-05:00,9.98087467679498,10.043090296836157,9.964124630951225,10.021554946899414,475052,0.0,0.0
2006-03-16 00:00:00-05:00,10.009591716663103,10.031128552964178,9.899517845610118,9.980876922607422,485439,0.0,0.0
2006-03-17 00:00:00-05:00,10.004807576503854,10.06223791206201,9.933019842246011,10.02873706817627,384164,0.0,0.0
2006-03-20 00:00:00-05:00,10.028734589622765,10.043091244014875,9.882766504318909,9.904302597045898,783098,0.0,0.0
2006-03-21 00:00:00-05:00,9.858836523367376,10.047876784630034,9.81097829501372,9.95694637298584,334013,0.0,0.0
2006-03-22 00:00:00-05:00,9.95694517514833,9.95694517514833,9.834905855654988,9.861227989196777,405263,0.0,0.0
2006-03-23 00:00:00-05:00,9.810979907725267,9.990448849121652,9.78226437338552,9.849266052246094,389033,0.0,0.0
2006-03-24 00:00:00-05:00,9.839689820180636,9.885155381302004,9.82772508187097,9.846868515014648,400881,0.0,0.0
2006-03-27 00:00:00-05:00,9.827727275618393,9.834905972054836,9.653043686974023,9.662615776062012,736355,0.0,0.0
2006-03-28 00:00:00-05:00,9.662614056349533,9.708079619527961,9.542968149357444,9.571682929992676,660236,0.0,0.0
2006-03-29 00:00:00-05:00,9.621936119873292,9.636293512553,9.437681185379168,9.590827941894531,972339,0.0,0.0
2006-03-30 00:00:00-05:00,9.557325986481949,9.621934986690672,9.533396507661235,9.576469421386719,509784,0.0,0.0
2006-03-31 00:00:00-05:00,9.571684931022403,9.834906277736906,9.562113582396023,9.748761177062988,679063,0.0,0.0
2006-04-03 00:00:00-04:00,9.715256690979004,9.777472285543588,9.653040355655575,9.715256690979004,759077,0.0,0.0
2006-04-04 00:00:00-04:00,9.72722907266734,9.734407772268268,9.653047942192037,9.66740608215332,447623,0.0,0.0
2006-04-05 00:00:00-04:00,9.62193516556191,9.760724515632326,9.559718815775058,9.743973731994629,853536,0.0,0.0
2006-04-06 00:00:00-04:00,9.693725702473461,9.734405236535178,9.657831473059547,9.696118354797363,228518,0.0,0.0
2006-04-07 00:00:00-04:00,9.684151125639076,9.72722404172667,9.605184730111024,9.619542121887207,310805,0.0,0.0
2006-04-10 00:00:00-04:00,9.61954316170907,9.61954316170907,9.507075926293126,9.54775619506836,470345,0.0,0.0
2006-04-11 00:00:00-04:00,9.511864437748788,9.533400533326066,9.40896926504003,9.437684059143066,339532,0.0,0.0
2006-04-12 00:00:00-04:00,9.437684059143066,9.511864437748788,9.435290665794936,9.437684059143066,260167,0.0,0.0
2006-04-13 00:00:00-04:00,9.413749160727418,9.504680277480388,9.375463037510437,9.47596549987793,431069,0.0,0.0
2006-04-17 00:00:00-04:00,9.444857951526929,9.535788333501847,9.411357128534288,9.473572731018066,385949,0.0,0.0
2006-04-18 00:00:00-04:00,9.47357693780351,9.631509776653454,9.44007609993467,9.583651542663574,393740,0.0,0.0
2006-04-19 00:00:00-04:00,9.578862695199842,9.62911430768404,9.53578977867638,9.595613479614258,237932,0.0,0.0
2006-04-20 00:00:00-04:00,9.605187134790286,9.691332247773046,9.554936250993228,9.566900253295898,472455,0.0,0.0
2006-04-21 00:00:00-04:00,9.566896886300482,9.57646897368487,9.449644371533973,9.571682929992676,535265,0.0,0.0
2006-04-24 00:00:00-04:00,9.52382755279541,9.559721039283248,9.428110354229196,9.52382755279541,254324,0.0,0.0
2006-04-25 00:00:00-04:00,9.547758671136899,9.571687419302991,9.353931588663455,9.437684059143066,736842,0.0,0.0
2006-04-26 00:00:00-04:00,9.401785637953447,9.473573331994237,9.318033204779363,9.423321723937988,347971,0.0,0.0
2006-04-27 00:00:00-04:00,9.411358034469377,9.440072816724593,9.306069511854902,9.377857208251953,393902,0.0,0.0
2006-04-28 00:00:00-04:00,9.365892469089335,9.475967035670285,9.27256868599725,9.35632038116455,388059,0.0,0.0
2006-05-01 00:00:00-04:00,9.38025153000494,9.452039239183776,9.231890807592054,9.28214168548584,584767,0.0,0.0
2006-05-02 00:00:00-04:00,8.973458051303014,8.975851444968088,8.41112165392293,8.722201347351074,3359285,0.0,0.0
2006-05-03 00:00:00-04:00,8.722195836714882,8.770054049907403,8.595371238413177,8.70065975189209,1566844,0.0,0.0
2006-05-04 00:00:00-04:00,8.710232991471276,8.863380492189584,8.69826825038277,8.853808403015137,1093091,0.0,0.0
2006-05-05 00:00:00-04:00,8.849022400836825,8.927988803488484,8.746127256652583,8.817914962768555,2294597,0.0,0.0
2006-05-08 00:00:00-04:00,8.79637896276881,8.849023236172798,8.71262724836005,8.74612808227539,1236401,0.0,0.0
2006-05-09 00:00:00-04:00,8.746127042741108,8.844236139915653,8.729376257394788,8.83945083618164,1221308,0.0,0.0
2006-05-10 00:00:00-04:00,8.839450994128777,9.02609858434494,8.801164119017999,9.00695514678955,1010642,0.0,0.0
2006-05-11 00:00:00-04:00,9.200781664913702,9.260604626177933,9.126601311467507,9.234282493591309,1631115,0.0,0.0
2006-05-12 00:00:00-04:00,9.234280706012909,9.258210182189941,9.155314323539402,9.258210182189941,1362022,0.0,0.0
2006-05-15 00:00:00-04:00,9.258218601348783,9.270182609558105,9.155322649127612,9.270182609558105,1011778,0.0,0.0
2006-05-16 00:00:00-04:00,9.294108104500172,9.308465500775268,9.126603913358599,9.160104751586914,2608161,0.0,0.0
2006-05-17 00:00:00-04:00,9.169674739826476,9.169674739826476,8.894488635988099,9.050028800964355,983213,0.0,0.0
2006-05-18 00:00:00-04:00,9.081138668433962,9.303680541237197,9.021314947134767,9.188819885253906,1235915,0.0,0.0
2006-05-19 00:00:00-04:00,9.188818876552368,9.224713105391599,9.105066416686714,9.176854133605957,645792,0.0,0.0
2006-05-22 00:00:00-04:00,9.176854522041534,9.176854522041534,9.023707731819094,9.052422523498535,655530,0.0,0.0
2006-05-23 00:00:00-04:00,9.05242279932546,9.109853125193494,8.923204751312202,8.92559814453125,969093,0.0,0.0
2006-05-24 00:00:00-04:00,8.935169387467411,8.937562039699994,8.715020196256752,8.810736656188965,1356341,0.0,0.0
2006-05-25 00:00:00-04:00,8.810735468615091,8.925596093963057,8.736555111052304,8.805950164794922,792998,0.0,0.0
2006-05-26 00:00:00-04:00,8.82030533894129,8.959094670753633,8.82030533894129,8.956701278686523,1057222,0.0,0.0
2006-05-30 00:00:00-04:00,8.97345643341535,9.073958948723938,8.918419500432874,8.937562942504883,1707234,0.0,0.0
2006-05-31 00:00:00-04:00,8.925595933262061,8.959096763195609,8.760484435461331,8.83945083618164,3389473,0.0,0.0
2006-06-01 00:00:00-04:00,8.834665208202162,8.947132444158331,8.793985679990653,8.92798900604248,925272,0.0,0.0
2006-06-02 00:00:00-04:00,9.045243926444618,9.059601322444442,8.734164296997816,8.793987274169922,1398377,0.0,0.0
2006-06-05 00:00:00-04:00,8.770056349008868,8.801164529080651,8.542729221180572,8.554693222045898,1388963,0.0,0.0
2006-06-06 00:00:00-04:00,8.535549339000006,8.602550993881325,8.41351002844122,8.549906730651855,1250684,0.0,0.0
2006-06-07 00:00:00-04:00,8.573837237092997,8.724591349004742,8.545121709592253,8.60973072052002,576977,0.0,0.0
2006-06-08 00:00:00-04:00,8.614516930168229,8.681518594354271,8.514013693130027,8.554693222045898,719151,0.0,0.0
2006-06-09 00:00:00-04:00,8.557087445894828,8.710234227587922,8.547516096121166,8.573838233947754,590285,0.0,0.0
2006-06-12 00:00:00-04:00,8.573838335207295,8.573838335207295,8.377618625317277,8.41111946105957,518711,0.0,0.0
2006-06-13 00:00:00-04:00,8.411116575447238,8.49486900644953,8.291470668734801,8.341721534729004,842175,0.0,0.0
2006-06-14 00:00:00-04:00,8.35847382267597,8.401546001285864,8.222077108893107,8.301043510437012,689126,0.0,0.0
2006-06-15 00:00:00-04:00,8.336937715729029,8.63365991022832,8.32975901867139,8.614517211914062,689288,0.0,0.0
2006-06-16 00:00:00-04:00,8.614518394103875,8.686306115291007,8.518801185601278,8.57144546508789,781961,0.0,0.0
2006-06-19 00:00:00-04:00,8.566655784982391,8.62887212930298,8.502047530008019,8.607336044311523,756967,0.0,0.0
2006-06-20 00:00:00-04:00,8.626479537287503,8.659980363967929,8.53554914530293,8.640837669372559,496476,0.0,0.0
2006-06-21 00:00:00-04:00,8.631265130869972,8.920808556950846,8.631265130869972,8.894486427307129,1604011,0.0,0.0
2006-06-22 00:00:00-04:00,8.858594654478676,8.870559395846596,8.710233194882882,8.762877464294434,717204,0.0,0.0
2006-06-23 00:00:00-04:00,8.746129485908888,8.84663200378418,8.72219999751793,8.84663200378418,505727,0.0,0.0
2006-06-26 00:00:00-04:00,8.832272987019758,8.91841809236328,8.791593456824089,8.884917259216309,557014,0.0,0.0
2006-06-27 00:00:00-04:00,8.841846074184247,8.889704310835986,8.801166535992305,8.849024772644043,432043,0.0,0.0
2006-06-28 00:00:00-04:00,8.858594115104683,8.896880988847204,8.750912930868038,8.87295150756836,499722,0.0,0.0
2006-06-29 00:00:00-04:00,8.913632119100567,8.93277555830411,8.741341907027845,8.923203468322754,728240,0.0,0.0
2006-06-30 00:00:00-04:00,8.923202511965613,9.076350009180157,8.923202511965613,8.94473934173584,662184,0.0,0.0
2006-07-03 00:00:00-04:00,8.961489963440432,9.04045636899291,8.887309602673929,8.999776840209961,323789,0.0,0.0
2006-07-05 00:00:00-04:00,8.961490274655462,9.042850075805964,8.884917259216309,8.884917259216309,557338,0.0,0.0
2006-07-06 00:00:00-04:00,8.887309088078883,8.904059873480321,8.698268107949687,8.734162330627441,747392,0.0,0.0
2006-07-07 00:00:00-04:00,8.72219904801428,8.777235976410976,8.63605393624765,8.659982681274414,551982,0.0,0.0
2006-07-10 00:00:00-04:00,8.68151968009159,8.691091030132702,8.590588521284488,8.626482009887695,272502,0.0,0.0
2006-07-11 00:00:00-04:00,8.614518727521654,8.63366142920381,8.537944957755851,8.621697425842285,365824,0.0,0.0
2006-07-12 00:00:00-04:00,8.624088100395662,8.686304459250644,8.521192213467337,8.561872482299805,394389,0.0,0.0
2006-07-13 00:00:00-04:00,8.561871768,8.614516033057999,8.420689016748607,8.435047149658203,478136,0.0,0.0
2006-07-14 00:00:00-04:00,8.382404481933381,8.435049502434644,8.231650340785013,8.322582244873047,751774,0.0,0.0
2006-07-17 00:00:00-04:00,8.336938015413425,8.466156048614177,8.207720722971864,8.360867500305176,554579,0.0,0.0
2006-07-18 00:00:00-04:00,8.36086509737735,8.518797874450684,8.356079794381657,8.518797874450684,704869,0.0,0.0
2006-07-19 00:00:00-04:00,8.55469129213747,8.626478984930072,8.504440425713927,8.528369903564453,473754,0.0,0.0
2006-07-20 00:00:00-04:00,8.528369675041041,8.535548370052046,8.368043511104718,8.375222206115723,453142,0.0,0.0
2006-07-21 00:00:00-04:00,8.435045943968216,8.449402593307575,8.126358353059668,8.234040260314941,1240459,0.0,0.0
2006-07-24 00:00:00-04:00,8.226864153632818,8.332152701825347,8.226864153632818,8.313009262084961,597102,0.0,0.0
2006-07-25 00:00:00-04:00,8.315401923466363,8.423083864720054,8.303437181020488,8.360867500305176,1252469,0.0,0.0
2006-07-26 00:00:00-04:00,8.363258891821419,8.564263850076138,8.253184324724398,8.559477806091309,794459,0.0,0.0
2006-07-27 00:00:00-04:00,8.691089741910321,9.593221757784443,8.691089741910321,9.478361129760742,2721284,0.0,0.0
2006-07-28 00:00:00-04:00,9.478356676059157,9.655432838821596,9.468784591175364,9.600395202636719,1237700,0.0,0.0
2006-07-31 00:00:00-04:00,9.392222806722215,9.81098461151123,9.380258056740875,9.81098461151123,1358126,0.0,0.0
2006-08-01 00:00:00-04:00,9.775084802559283,9.806192986667877,9.279750212949649,9.308465003967285,1272270,0.0,0.0
2006-08-02 00:00:00-04:00,9.428109138025754,9.428109138025754,9.308463210821412,9.332392692565918,615929,0.0,0.0
2006-08-03 00:00:00-04:00,9.332394714057656,9.435289878177166,9.315643925056293,9.404182434082031,481057,0.0,0.0
2006-08-04 00:00:00-04:00,9.464001126510748,9.571683036610255,9.373070739899998,9.420928955078125,352516,0.0,0.0
2006-08-07 00:00:00-04:00,9.404180881720368,9.404180881720368,9.140959532001073,9.231890678405762,504915,0.0,0.0
2006-08-08 00:00:00-04:00,9.229498063707522,9.301285777933566,9.121816862748055,9.148138999938965,411106,0.0,0.0
2006-08-09 00:00:00-04:00,9.17206674872804,9.20078227575747,8.966275718686175,8.983026504516602,430095,0.0,0.0
2006-08-10 00:00:00-04:00,8.983029532450015,9.117032901225846,8.983029532450015,9.045245170593262,472131,0.0,0.0
2006-08-11 00:00:00-04:00,9.047636358433664,9.047636358433664,8.882524099698758,8.889702796936035,390494,0.0,0.0
2006-08-14 00:00:00-04:00,8.889704189639946,8.973456658208146,8.889704189639946,8.963885307312012,752098,0.0,0.0
2006-08-15 00:00:00-04:00,9.009349281364168,9.128995220368676,9.009349281364168,9.09788703918457,373290,0.0,0.0
2006-08-16 00:00:00-04:00,9.152924841707128,9.298892919111559,9.128995357243774,9.286928176879883,466613,0.0,0.0
2006-08-17 00:00:00-04:00,9.289319830342684,9.380250972616555,9.284533785812718,9.34435749053955,506051,0.0,0.0
2006-08-18 00:00:00-04:00,9.361110624151184,9.377861415153792,9.31325238533698,9.370682716369629,301878,0.0,0.0
2006-08-21 00:00:00-04:00,9.370681091087263,9.43050332365974,9.346751605450901,9.408967971801758,367123,0.0,0.0
2006-08-22 00:00:00-04:00,9.380249817931483,9.416144036349095,9.260603904724121,9.260603904724121,421655,0.0,0.0
2006-08-23 00:00:00-04:00,9.296499536221171,9.394609385563728,9.262998702391906,9.334786415100098,395363,0.0,0.0
2006-08-24 00:00:00-04:00,9.385039776114622,9.437684059143066,9.332395493086178,9.437684059143066,473267,0.0,0.0
2006-08-25 00:00:00-04:00,9.401787219665298,9.511861801147461,9.349142951229364,9.511861801147461,389845,0.0,0.0
2006-08-28 00:00:00-04:00,9.480756136885134,9.629117633081135,9.468791392565556,9.531007766723633,500696,0.0,0.0
2006-08-29 00:00:00-04:00,9.54297532546942,9.571690127697565,9.485544980253605,9.51904582977295,348945,0.0,0.0
2006-08-30 00:00:00-04:00,9.535790935532084,9.767904849205125,9.535790935532084,9.753546714782715,572919,0.0,0.0
2006-08-31 00:00:00-04:00,9.753550344086483,9.834910173050968,9.63629775836724,9.808588027954102,739763,0.0,0.0
2006-09-01 00:00:00-04:00,9.806198563366761,9.885165024332029,9.775090361567205,9.81098461151123,297821,0.0,0.0
2006-09-05 00:00:00-04:00,9.75115696526519,9.791836506339411,9.665012577644035,9.7870512008667,484466,0.0,0.0
2006-09-06 00:00:00-04:00,9.777477257165405,9.796620697709777,9.667403399984286,9.729619026184082,384813,0.0,0.0
2006-09-07 00:00:00-04:00,9.732014331374131,9.732014331374131,9.574080730662432,9.633904457092285,274449,0.0,0.0
2006-09-08 00:00:00-04:00,9.614757680357231,9.743974958685266,9.583649501547528,9.734403610229492,323626,0.0,0.0
2006-09-11 00:00:00-04:00,9.691333422897577,9.779871939684009,9.629117788494648,9.732013702392578,316647,0.0,0.0
2006-09-12 00:00:00-04:00,9.75354583305421,9.858835105504612,9.75354583305421,9.834905624389648,286784,0.0,0.0
2006-09-13 00:00:00-04:00,9.803797112459879,10.009588124443484,9.803797112459879,10.007195472717285,360468,0.0,0.0
2006-09-14 00:00:00-04:00,9.880372349809468,10.03591251373291,9.880372349809468,10.03591251373291,463691,0.0,0.0
2006-09-15 00:00:00-04:00,10.028735621113464,10.047878322777983,9.913874966570587,9.94258975982666,274774,0.0,0.0
2006-09-18 00:00:00-04:00,9.894729764917411,10.002410961241843,9.794227265630665,9.813370704650879,324438,0.0,0.0
2006-09-19 00:00:00-04:00,9.813372560270537,9.870802147431426,9.710476648675106,9.849266052246094,358196,0.0,0.0
2006-09-20 00:00:00-04:00,9.887553501158315,9.93780513354795,9.832516563405358,9.8564453125,406724,0.0,0.0
2006-09-21 00:00:00-04:00,9.858838579776274,10.00719934084624,9.837301742879557,9.923447608947754,377672,0.0,0.0
2006-09-22 00:00:00-04:00,9.92583696597531,10.009588670066158,9.81097708395293,9.988053321838379,299119,0.0,0.0
2006-09-25 00:00:00-04:00,10.002412061048318,10.076593173192848,9.870801366287692,10.050271034240723,375725,0.0,0.0
2006-09-26 00:00:00-04:00,10.057445225361413,10.217770639588824,10.026337054877663,10.124446868896484,520334,0.0,0.0
2006-09-27 00:00:00-04:00,10.13402315783673,10.145987159975688,10.019162514925286,10.069414138793945,314375,0.0,0.0
2006-09-28 00:00:00-04:00,10.093343299394007,10.581499199967936,9.990448135903565,10.440317153930664,1515071,0.0,0.0
2006-09-29 00:00:00-04:00,10.440315206860305,10.440315206860305,10.172308560533008,10.275203704833984,811500,0.0,0.0
2006-10-02 00:00:00-04:00,10.275204587413068,10.3350275575895,10.138807859846398,10.145986557006836,552956,0.0,0.0
2006-10-03 00:00:00-04:00,10.145985923713837,10.179486755291213,10.033518687541399,10.078984260559082,590772,0.0,0.0
2006-10-04 00:00:00-04:00,10.093342161955457,10.18427331256715,10.050269979513603,10.074198722839355,680524,0.0,0.0
2006-10-05 00:00:00-04:00,10.040697341256216,10.169915363043552,9.70329563418377,10.114877700805664,1298400,0.0,0.0
2006-10-06 00:00:00-04:00,10.040692335639369,10.043084986420716,9.880366955078905,9.899510383605957,504591,0.0,0.0
2006-10-09 00:00:00-04:00,9.90190698378691,10.01676760076166,9.837297979333494,9.971302032470703,416949,0.0,0.0
2006-10-10 00:00:00-04:00,9.961730175853198,10.00958839699364,9.930622739529397,9.997624397277832,531208,0.0,0.0
2006-10-11 00:00:00-04:00,9.990448393225618,10.011984487428192,9.882767181453485,9.913874626159668,464503,0.0,0.0
2006-10-12 00:00:00-04:00,9.937802375233055,9.995232690486784,9.899515498397236,9.928230285644531,393415,0.0,0.0
2006-10-13 00:00:00-04:00,9.942586807888844,9.964123637195943,9.810976884033757,9.834905624389648,363227,0.0,0.0
2006-10-16 00:00:00-04:00,9.810976884033757,9.885157238427444,9.775082662361308,9.834905624389648,646441,0.0,0.0
2006-10-17 00:00:00-04:00,9.837300629992711,9.909088349755358,9.767906303369678,9.839694023132324,442105,0.0,0.0
2006-10-18 00:00:00-04:00,9.84926487164467,9.918659935491638,9.736797622589963,9.822942733764648,341642,0.0,0.0
2006-10-19 00:00:00-04:00,9.787046801985106,9.952158285566778,9.777474713823226,9.885156631469727,372479,0.0,0.0
2006-10-20 00:00:00-04:00,9.873192027676508,9.947372378537487,9.779868240987044,9.935407638549805,396824,0.0,0.0
2006-10-23 00:00:00-04:00,9.906693519202456,10.157950112748615,9.858835296802969,10.11966323852539,1329724,0.0,0.0
2006-10-24 00:00:00-04:00,10.098129323305713,10.110094066670914,9.952161232072452,9.992840766906738,446163,0.0,0.0
2006-10-25 00:00:00-04:00,10.021556637236788,10.13880920019752,9.992841104039668,10.090950965881348,403153,0.0,0.0
2006-10-26 00:00:00-04:00,10.169914339869745,10.277595520019531,10.124448771620958,10.277595520019531,660723,0.0,0.0
2006-10-27 00:00:00-04:00,10.282380838580249,10.349382489978632,10.160341534365408,10.172307014465332,477000,0.0,0.0
2006-10-30 00:00:00-05:00,10.193849334577937,10.40921256778662,10.17949193384926,10.366140365600586,821725,0.0,0.0
2006-10-31 00:00:00-05:00,10.313493276009998,10.461854771799558,10.184275222927456,10.37810230255127,1011616,0.0,0.0
2006-11-01 00:00:00-05:00,10.370921738499183,10.373315131552529,10.27759792839932,10.29434871673584,1011129,0.0,0.0
2006-11-02 00:00:00-05:00,10.289563855577251,10.289563855577251,10.208204779103118,10.251276969909668,1035961,0.0,0.0
2006-11-03 00:00:00-05:00,10.251273174446967,10.325454265747616,10.251273174446967,10.299131393432617,333851,0.0,0.0
2006-11-06 00:00:00-05:00,10.284774956737964,10.330239784227702,10.232129951770743,10.277595520019531,464016,0.0,0.0
2006-11-07 00:00:00-05:00,10.265630582894703,10.43552811244516,10.265630582894703,10.390063285827637,235497,0.0,0.0
2006-11-08 00:00:00-05:00,10.33742414908466,10.428355335447616,10.277601156111022,10.356568336486816,442917,0.0,0.0
2006-11-09 00:00:00-05:00,10.385283595988401,10.387676249139902,10.330245906668475,10.339818000793457,213425,0.0,0.0
2006-11-10 00:00:00-05:00,10.342210653944958,10.373318848711918,10.291959011687522,10.339818000793457,255460,0.0,0.0
2006-11-13 00:00:00-05:00,10.339812799630387,10.406814461763934,10.311098013218615,10.382884979248047,491769,0.0,0.0
2006-11-14 00:00:00-05:00,10.370917768130315,10.409204634733976,10.289558732166737,10.375703811645508,512381,0.0,0.0
2006-11-15 00:00:00-05:00,10.37570655581953,10.402028690976376,10.32545567827591,10.373313903808594,373290,0.0,0.0
2006-11-16 00:00:00-05:00,10.397243935964742,10.667643257844034,10.382885800863555,10.650893211364746,689450,0.0,0.0
2006-11-17 00:00:00-05:00,10.648499708674823,10.658071057218592,10.516888295694425,10.605426788330078,368421,0.0,0.0
2006-11-20 00:00:00-05:00,10.552783674422258,10.562355764772787,10.435530382563051,10.466638565063477,381405,0.0,0.0
2006-11-21 00:00:00-05:00,10.433137730355018,10.483388612038107,10.394850850471293,10.466638565063477,270067,0.0,0.0
2006-11-22 00:00:00-05:00,10.457063046243563,10.490563867595254,10.390061403540184,10.416382789611816,368259,0.0,0.0
2006-11-24 00:00:00-05:00,10.392459591621002,10.394852244149828,10.296742379078509,10.354172706604004,454278,0.0,0.0
2006-11-27 00:00:00-05:00,10.356563962664772,10.370920615634322,10.282382860467951,10.327848434448242,550522,0.0,0.0
2006-11-28 00:00:00-05:00,10.303916037141631,10.373311074884445,10.1842701355592,10.31588077545166,505889,0.0,0.0
2006-11-29 00:00:00-05:00,10.299138890613715,10.349390538622332,10.23692323471885,10.318283081054688,413216,0.0,0.0
2006-11-30 00:00:00-05:00,10.356566661808651,10.36135196712594,10.256063397996202,10.313493728637695,809390,0.0,0.0
2006-12-01 00:00:00-05:00,10.268024137030377,10.268024137030377,10.074197124516184,10.1603422164917,393091,0.0,0.0
2006-12-04 00:00:00-05:00,10.148380451344218,10.22734612401083,10.074199342422352,10.162737846374512,723533,0.0,0.0
2006-12-05 00:00:00-05:00,10.129235834928021,10.145985880265416,10.074198172690132,10.114877700805664,397635,0.0,0.0
2006-12-06 00:00:00-05:00,10.114879650366353,10.162738625147053,10.05027136777909,10.100522994995117,663482,0.0,0.0
2006-12-07 00:00:00-05:00,10.100520001424767,10.122056089237702,9.973694644755259,10.007195472717285,302690,0.0,0.0
2006-12-08 00:00:00-05:00,10.246487656192478,10.325454049204302,10.081375433750464,10.189057350158691,797542,0.0,0.0
2006-12-11 00:00:00-05:00,10.150772440209575,10.193844622485544,10.090949470986843,10.179487228393555,547276,0.0,0.0
2006-12-12 00:00:00-05:00,10.198631832427967,10.215382621288176,10.040698997857051,10.062235832214355,458011,0.0,0.0
2006-12-13 00:00:00-05:00,10.122060738403373,10.124453391228542,10.00720006912628,10.040700912475586,229492,0.0,0.0
2006-12-14 00:00:00-05:00,10.03591103692412,10.102912693113197,9.933015160145786,9.971302032470703,681822,0.0,0.0
2006-12-15 00:00:00-05:00,9.99044552815122,10.059839836489378,9.947372611339318,9.961730003356934,722235,0.0,0.0
2006-12-18 00:00:00-05:00,9.935411050336834,9.990448725028122,9.882767509679681,9.916268348693848,1261071,0.0,0.0
2006-12-19 00:00:00-05:00,9.877982023262614,9.973698499934978,9.822944345454637,9.923447608947754,1274380,0.0,0.0
2006-12-20 00:00:00-05:00,9.894730397917503,9.98087550863988,9.882766395928758,9.94976806640625,594505,0.0,0.0
2006-12-21 00:00:00-05:00,9.94259097881284,9.995236007502205,9.906697482842118,9.954556465148926,550035,0.0,0.0
2006-12-22 00:00:00-05:00,9.990443912578137,10.067017645301279,9.966514435912421,10.000015258789062,656828,0.0,0.0
2006-12-26 00:00:00-05:00,9.990446090698242,10.014374831821973,9.96412395693077,9.990446090698242,382541,0.0,0.0
2006-12-27 00:00:00-05:00,10.002408570455565,10.019159353379147,9.961729050045559,9.98326587677002,501507,0.0,0.0
2006-12-28 00:00:00-05:00,9.99044659774981,10.009589295316717,9.937802327542975,9.985660552978516,398609,0.0,0.0
2006-12-29 00:00:00-05:00,9.983268955536529,9.985661607795352,9.87319435872404,9.892337799072266,343427,0.0,0.0
2007-01-03 00:00:00-05:00,9.899519281958717,10.057452153698504,9.759533529487385,9.874393463134766,823618,0.0,1.5
2007-01-04 00:00:00-05:00,9.845673599983217,9.94258711255764,9.809780117969964,9.831316947937012,685014,0.0,0.0
2007-01-05 00:00:00-05:00,9.813369970237853,9.820548666738297,9.705688781972068,9.770297050476074,492418,0.0,0.0
2007-01-08 00:00:00-05:00,9.770297267041688,9.791833357020385,9.691330863027336,9.748761177062988,686204,0.0,0.0
2007-01-09 00:00:00-05:00,9.748762084345577,9.81696007933796,9.734404689690253,9.784655570983887,397851,0.0,0.0
2007-01-10 00:00:00-05:00,9.766713081730414,9.8133750032947,9.705693759801655,9.802606582641602,253837,0.0,0.0
2007-01-11 00:00:00-05:00,9.7667076402747,9.899514630792796,9.7667076402747,9.834905624389648,387681,0.0,0.0
2007-01-12 00:00:00-05:00,9.867209994606668,9.921050585630635,9.716455895284126,9.763117790222168,675493,0.0,0.0
2007-01-16 00:00:00-05:00,9.759528413826148,9.83490509002832,9.62313171224804,9.680562019348145,1036448,0.0,0.0
2007-01-17 00:00:00-05:00,9.641076979889613,9.684149146415173,9.526216387636998,9.565699577331543,545544,0.0,0.0
2007-01-18 00:00:00-05:00,9.56211228255212,9.612363152338135,9.493913562418278,9.497503280639648,408996,0.0,0.0
2007-01-19 00:00:00-05:00,9.47237978426272,9.475969503359085,9.339572770603679,9.379055976867676,601592,0.0,0.0
2007-01-22 00:00:00-05:00,9.37905621142311,9.565703830880963,9.37905621142311,9.522631645202637,1854873,0.0,0.0
2007-01-23 00:00:00-05:00,9.483146622443403,9.501093733419752,9.411358919297088,9.429306030273438,542731,0.0,0.0
2007-01-24 00:00:00-05:00,9.50468446452272,9.673385709151344,9.46520125754659,9.669795989990234,1709019,0.0,0.0
2007-01-25 00:00:00-05:00,9.87079999255426,9.87079999255426,9.5800601783656,9.594417572021484,556797,0.0,0.0
2007-01-26 00:00:00-05:00,9.601595577554596,9.626721383084515,9.547754988995647,9.605184555053711,490687,0.0,0.0
2007-01-29 00:00:00-05:00,9.874390110828816,10.086163527718531,9.81695979312272,9.996429443359375,1179488,0.0,0.0
2007-01-30 00:00:00-05:00,9.94258650784749,10.032321318561573,9.799011847767629,9.971302032470703,497612,0.0,0.0
2007-01-31 00:00:00-05:00,9.97489167220359,10.104108939332782,9.874388447953164,10.043088912963867,610681,0.0,0.0
2007-02-01 00:00:00-05:00,10.039501015269135,10.183076430419703,10.032322318587518,10.114877700805664,620202,0.0,0.0
2007-02-02 00:00:00-05:00,10.104109933558059,10.24768534739275,10.061037013104004,10.229738235473633,767246,0.0,0.0
2007-02-05 00:00:00-05:00,10.222558314344894,10.222558314344894,10.078982917708435,10.086161613464355,354355,0.0,0.0
2007-02-06 00:00:00-05:00,10.06103871060162,10.075396847014886,9.996430430158512,10.050271034240723,308154,0.0,0.0
2007-02-07 00:00:00-05:00,10.050270460760874,10.154362684451792,9.996429859750869,10.13282585144043,189566,0.0,0.0
2007-02-08 00:00:00-05:00,10.086161961434613,10.168718076614404,10.039500067031792,10.13641357421875,246155,0.0,0.0
2007-02-09 00:00:00-05:00,10.1723169699763,10.18667363417349,10.02156273640928,10.089760780334473,309777,0.0,0.0
2007-02-12 00:00:00-05:00,10.046680188886935,10.100521527693699,9.971303499772121,10.03591251373291,344184,0.0,0.0
2007-02-13 00:00:00-05:00,10.064626867134367,10.11487774412087,10.003607574699766,10.078984260559082,254270,0.0,0.0
2007-02-14 00:00:00-05:00,10.104112512121638,10.215383449201846,9.989251855437868,10.197436332702637,490903,0.0,0.0
2007-02-15 00:00:00-05:00,10.211791986847617,10.283579699833814,10.107700506738855,10.233328819274902,414298,0.0,0.0
2007-02-16 00:00:00-05:00,10.236918036599715,10.405619277171331,10.218970922744198,10.376904487609863,643141,0.0,0.0
2007-02-20 00:00:00-05:00,10.326652260175216,10.409207645707877,10.265632224792897,10.405618667602539,499668,0.0,0.0
2007-02-21 00:00:00-05:00,10.373317091839349,10.427157704705342,10.330244157090936,10.423568725585938,377618,0.0,0.0
2007-02-22 00:00:00-05:00,10.423563480291612,10.491761456835706,10.384079544531517,10.412795066833496,291058,0.0,0.0
2007-02-23 00:00:00-05:00,10.394846618746298,10.427151114199633,10.348184734371234,10.41997241973877,174418,0.0,0.0
2007-02-26 00:00:00-05:00,10.416384951388734,10.419974669773758,10.258452157628751,10.358955383300781,434639,0.0,0.0
2007-02-27 00:00:00-05:00,10.247693716379949,10.294355652869774,9.996436907354823,10.089760780334473,557555,0.0,0.0
2007-02-28 00:00:00-05:00,10.050269564734018,10.16154047592202,9.799012955248516,9.985660552978516,823835,0.0,0.0
2007-03-01 00:00:00-05:00,9.906695200445322,9.946178407296298,9.759530789731397,9.870800971984863,913857,0.0,0.0
2007-03-02 00:00:00-05:00,9.81695960848003,9.831317743205876,9.680563625037319,9.684152603149414,752747,0.0,0.0
2007-03-05 00:00:00-05:00,9.601594390203667,9.687739469396933,9.511859593196169,9.515448570251465,322869,0.0,0.0
2007-03-06 00:00:00-05:00,9.583648642446748,9.85285233090684,9.58005892412318,9.619542121887207,513084,0.0,0.0
2007-03-07 00:00:00-05:00,9.608775481062764,9.781065682410597,9.580059953665376,9.748761177062988,559286,0.0,0.0
2007-03-08 00:00:00-05:00,9.824137035360643,9.89592399050032,9.702097730105187,9.777474403381348,685014,0.0,0.0
2007-03-09 00:00:00-05:00,9.834906059739188,9.877978979500966,9.748760960974739,9.770297050476074,489821,0.0,0.0
2007-03-12 00:00:00-04:00,9.76311822097319,9.87079940777204,9.709277627573766,9.831316947937012,382054,0.0,0.0
2007-03-13 00:00:00-04:00,9.827726516181174,9.827726516181174,9.519039630231509,9.529808044433594,596615,0.0,0.0
2007-03-14 00:00:00-04:00,9.50468453079039,9.540578018855662,9.364698816197,9.522631645202637,542623,0.0,0.0
2007-03-15 00:00:00-04:00,9.511860672007082,9.551343868647033,9.42930530126483,9.497503280639648,533859,0.0,0.0
2007-03-16 00:00:00-04:00,9.519046702188984,9.526225403403945,9.418544144419942,9.447258949279785,388330,0.0,0.0
2007-03-19 00:00:00-04:00,9.49391720578166,9.511864322257807,9.3862359884434,9.483149528503418,512976,0.0,0.0
2007-03-20 00:00:00-04:00,9.479559309647154,9.583651542663574,9.447254797995187,9.583651542663574,365283,0.0,0.0
2007-03-21 00:00:00-04:00,9.583649852284843,9.691331044958917,9.472378940834037,9.562113761901855,652013,0.0,0.0
2007-03-22 00:00:00-04:00,9.544166955386192,9.56211406832671,9.501094773239938,9.536988258361816,371883,0.0,0.0
2007-03-23 00:00:00-04:00,9.5118654581517,9.580063471842138,9.4687925216171,9.572885513305664,359873,0.0,0.0
2007-03-26 00:00:00-04:00,9.544168953754342,9.572884488623496,9.493917323302814,9.533400535583496,382379,0.0,0.0
2007-03-27 00:00:00-04:00,9.511859089158529,9.536984890249915,9.404177931062755,9.414945602416992,528882,0.0,0.0
2007-03-28 00:00:00-04:00,9.432898721362108,9.454434818556164,9.303681397438394,9.357522010803223,362795,0.0,0.0
2007-03-29 00:00:00-04:00,9.386236807061966,9.422130302385394,9.321627774720422,9.357522010803223,326007,0.0,0.0
2007-03-30 00:00:00-04:00,9.314446959206736,9.436486297095088,9.260606358075687,9.379055976867676,459742,0.0,0.0
2007-04-02 00:00:00-04:00,9.3682861328125,9.414948029399755,9.303677865755674,9.3682861328125,690749,0.0,0.0
2007-04-03 00:00:00-04:00,9.368286773271683,9.504683494567871,9.310856457869214,9.504683494567871,585037,0.0,0.0
2007-04-04 00:00:00-04:00,9.511863455110452,9.547757684790453,9.475969966189691,9.479558944702148,468614,0.0,0.0
2007-04-05 00:00:00-04:00,9.504684359247792,9.565703658237075,9.475969569313826,9.50827407836914,350352,0.0,0.0
2007-04-09 00:00:00-04:00,9.49391594264295,9.562114679874933,9.461611433587635,9.50827407836914,294196,0.0,0.0
2007-04-10 00:00:00-04:00,9.483147786820117,9.626723210741481,9.44366384152053,9.587239265441895,316160,0.0,0.0
2007-04-11 00:00:00-04:00,9.605183367258961,9.605183367258961,9.33956943480964,9.515448570251465,545112,0.0,0.0
2007-04-12 00:00:00-04:00,9.515449920371312,9.691329821527168,9.475967463366327,9.619542121887207,347538,0.0,0.0
2007-04-13 00:00:00-04:00,9.612362998970838,9.723633891431625,9.612362998970838,9.705687522888184,442322,0.0,0.0
2007-04-16 00:00:00-04:00,9.763119733039826,9.834907448943571,9.684153319621625,9.816960334777832,490471,0.0,0.0
2007-04-17 00:00:00-04:00,9.8133697977914,9.849263279662885,9.781065293727519,9.845673561096191,396769,0.0,0.0
2007-04-18 00:00:00-04:00,9.845674460344032,9.949767419176329,9.82413911001332,9.924641609191895,421764,0.0,0.0
2007-04-19 00:00:00-04:00,9.978484794462997,10.02155772856962,9.860035151618971,10.003610610961914,593044,0.0,0.0
2007-04-20 00:00:00-04:00,10.003610271886473,10.003610271886473,9.892339331705221,9.974895477294922,539918,0.0,0.0
2007-04-23 00:00:00-04:00,9.938997530243995,9.989248402006279,9.885156940119167,9.971302032470703,284566,0.0,0.0
2007-04-24 00:00:00-04:00,9.942587839055506,10.093341956044851,9.885158263637965,10.075395584106445,364418,0.0,0.0
2007-04-25 00:00:00-04:00,9.755938982233557,10.143592270222333,9.755938982233557,10.13641357421875,368746,0.0,0.0
2007-04-26 00:00:00-04:00,10.14000232985339,10.175896549844557,9.97848056217026,10.04667854309082,351975,0.0,0.0
2007-04-27 00:00:00-04:00,10.017961918258546,10.147179901260143,9.917458713364457,10.122054100036621,735003,0.0,0.0
2007-04-30 00:00:00-04:00,10.07539394020999,10.168717725795979,10.050268134684755,10.086161613464355,2081227,0.0,0.0
2007-05-01 00:00:00-04:00,10.075395852420568,10.078984830600167,9.838496625236987,9.996429443359375,690641,0.0,0.0
2007-05-02 00:00:00-04:00,10.301523208618164,10.40920437003867,10.229735520751518,10.301523208618164,1061226,0.0,0.0
2007-05-03 00:00:00-04:00,10.319468606843921,10.373309178638037,10.204608028974928,10.258448600769043,811392,0.0,0.0
2007-05-04 00:00:00-04:00,10.258454197805596,10.265632895244273,10.183077504319893,10.208203315734863,748528,0.0,0.0
2007-05-07 00:00:00-04:00,10.193846613099073,10.222562147649668,10.15795312085996,10.197436332702637,429229,0.0,0.0
2007-05-08 00:00:00-04:00,10.13641500709364,10.190255605110904,10.100521522001852,10.125646591186523,759239,0.0,0.0
2007-05-09 00:00:00-04:00,10.075394461336884,10.165128533306689,10.075394461336884,10.150771141052246,551928,0.0,0.0
2007-05-10 00:00:00-04:00,10.15794904655188,10.186663828825798,10.043088435938186,10.05385684967041,326872,0.0,0.0
2007-05-11 00:00:00-04:00,10.050267872265676,10.078982654539594,10.007194958095788,10.05385684967041,459958,0.0,0.0
2007-05-14 00:00:00-04:00,10.03591156275679,10.061036629574835,9.992838643944683,10.014374732971191,182750,0.0,0.0
2007-05-15 00:00:00-04:00,9.985657182576093,9.985657182576093,9.8564392026793,9.863617897033691,338774,0.0,0.0
2007-05-16 00:00:00-04:00,9.852852864992972,9.938997961078718,9.770296746666295,9.795422554016113,2628394,0.0,0.0
2007-05-17 00:00:00-04:00,9.813370793454833,9.849264278968068,9.788244983215987,9.809781074523926,588283,0.0,0.0
2007-05-18 00:00:00-04:00,9.83490730701443,9.91746269761888,9.83490730701443,9.87798023223877,469480,0.0,0.0
2007-05-21 00:00:00-04:00,9.860036924858985,9.949771788276182,9.791838161988501,9.802606582641602,695185,0.0,0.0
2007-05-22 00:00:00-04:00,9.784649812443643,9.899510383605957,9.741577653826841,9.899510383605957,446000,0.0,0.0
2007-05-23 00:00:00-04:00,9.942585169617931,10.04667735825373,9.921049084618474,9.978479385375977,607327,0.0,0.0
2007-05-24 00:00:00-04:00,9.97848142514076,10.046679411959298,9.813369924875534,9.827727317810059,435613,0.0,0.0
2007-05-25 00:00:00-04:00,9.87079940777204,9.874389126352913,9.820548532953488,9.831316947937012,326656,0.0,0.0
2007-05-29 00:00:00-04:00,9.834906795763933,9.870800280952356,9.795423591677087,9.813370704650879,492959,0.0,0.0
2007-05-30 00:00:00-04:00,9.816954301785621,9.899510383605957,9.78106083627162,9.899510383605957,458011,0.0,0.0
2007-05-31 00:00:00-04:00,9.863617809635814,9.881564915742208,9.84567070352942,9.867207527160645,1467733,0.0,0.0
2007-06-01 00:00:00-04:00,9.867209208444448,9.881566599472384,9.752349339461963,9.777474403381348,692913,0.0,0.0
2007-06-04 00:00:00-04:00,9.727226551574546,9.791834831237793,9.702100739103667,9.791834831237793,855646,0.0,0.0
2007-06-05 00:00:00-04:00,9.770296480247955,9.773886198668224,9.669793994348288,9.673383712768555,688909,0.0,0.0
2007-06-06 00:00:00-04:00,9.63031000797432,9.63031000797432,9.52980753029353,9.576469421386719,485602,0.0,0.0
2007-06-07 00:00:00-04:00,9.547756027535426,9.576470813687857,9.397001177957836,9.400590896606445,595749,0.0,0.0
2007-06-08 00:00:00-04:00,9.375468343573763,9.429308952429007,9.332395412033982,9.371878623962402,581900,0.0,0.0
2007-06-11 00:00:00-04:00,9.332392475081896,9.375465393066406,9.303677690264939,9.375465393066406,533859,0.0,0.0
2007-06-12 00:00:00-04:00,9.321625500347814,9.364698424985985,9.23548039183066,9.253427505493164,527042,0.0,0.0
2007-06-13 00:00:00-04:00,9.25342754225796,9.31444684004188,9.224712752891218,9.307268142700195,507133,0.0,0.0
2007-06-14 00:00:00-04:00,9.332393256014873,9.371876458821673,9.20676495078952,9.339571952819824,1961774,0.0,0.0
2007-06-15 00:00:00-04:00,9.379054373079516,9.42212655031547,9.289319559365996,9.353928565979004,538295,0.0,0.0
2007-06-18 00:00:00-04:00,9.375471077872701,9.544171652102339,9.36829163655614,9.51904582977295,940150,0.0,0.0
2007-06-19 00:00:00-04:00,9.458021594790596,9.533398281889536,9.440074482334985,9.504683494567871,417111,0.0,0.0
2007-06-20 00:00:00-04:00,9.529809129960773,9.594417400255592,9.475968534335525,9.490325927734375,756534,0.0,0.0
2007-06-21 00:00:00-04:00,9.483148429197,9.483148429197,9.314447183547905,9.335983276367188,951186,0.0,0.0
2007-06-22 00:00:00-04:00,9.325214476804579,9.475968589894643,9.221122262913925,9.231890678405762,1060144,0.0,0.0
2007-06-25 00:00:00-04:00,9.195994979505647,9.249835566814077,9.11702858725088,9.167280197143555,718773,0.0,0.0
2007-06-26 00:00:00-04:00,9.203175717205431,9.267784732615363,9.13497772358338,9.217533111572266,581250,0.0,0.0
2007-06-27 00:00:00-04:00,9.217531511732203,9.353928216061801,9.16728064017007,9.325213432312012,679929,0.0,0.0
2007-06-28 00:00:00-04:00,9.307266713383438,9.343160194579704,9.264193795188842,9.29649829864502,681985,0.0,0.0
2007-06-29 00:00:00-04:00,9.615955214451652,9.615955214451652,8.99140261166124,9.379055976867676,553659,0.0,0.0
2007-07-02 00:00:00-04:00,9.565707753773447,9.565707753773447,9.450847804101343,9.51904582977295,618796,0.0,0.0
2007-07-03 00:00:00-04:00,9.544166955386192,9.544166955386192,9.461610828467132,9.536988258361816,193570,0.0,0.0
2007-07-05 00:00:00-04:00,9.483144369449363,9.53698494882795,9.45083987367043,9.468786239624023,421114,0.0,0.0
2007-07-06 00:00:00-04:00,9.44366748865353,9.483151449201774,9.397005568972185,9.461614608764648,260978,0.0,0.0
2007-07-09 00:00:00-04:00,9.429305815460975,9.519039886780293,9.368285787683323,9.450841903686523,406075,0.0,0.0
2007-07-10 00:00:00-04:00,9.429306162838138,9.490325452104686,9.34316032524419,9.3682861328125,286189,0.0,0.0
2007-07-11 00:00:00-04:00,9.364700095015824,9.393414889389257,9.314448464102991,9.386236190795898,260113,0.0,0.0
2007-07-12 00:00:00-04:00,9.386230827306383,9.450839818486998,9.357516049341177,9.436482429504395,354680,0.0,0.0
2007-07-13 00:00:00-04:00,9.407767406449617,9.536985395618984,9.364695237232453,9.515448570251465,246155,0.0,0.0
2007-07-16 00:00:00-04:00,9.54416813769046,9.54416813769046,9.414950093726217,9.493916511535645,446433,0.0,0.0
2007-07-17 00:00:00-04:00,9.454427677168603,9.493910862580496,9.332389144491195,9.343156814575195,682093,0.0,0.0
2007-07-18 00:00:00-04:00,9.353927737948508,9.368285129089545,9.242656845466959,9.314444541931152,620311,0.0,0.0
2007-07-19 00:00:00-04:00,9.296499439418676,9.61954377286216,9.274963348058224,9.587239265441895,623665,0.0,0.0
2007-07-20 00:00:00-04:00,9.673389600745974,9.73799790480486,9.558528912011148,9.68774700164795,982348,0.0,0.0
2007-07-23 00:00:00-04:00,9.68415181978494,9.834905925758788,9.633900944966388,9.831316947937012,1086653,0.0,0.0
2007-07-24 00:00:00-04:00,9.727226622202624,9.849265225434095,9.605187278211913,9.644670486450195,1155576,0.0,0.0
2007-07-25 00:00:00-04:00,9.655435064190145,9.716454341542548,9.501092011884905,9.554932594299316,541974,0.0,0.0
2007-07-26 00:00:00-04:00,9.515448066023641,9.698507368152475,9.379052129971367,9.414945602416992,918943,0.0,0.0
2007-07-27 00:00:00-04:00,9.45802072881792,9.511861320495987,9.343160108529572,9.411358833312988,465152,0.0,0.0
2007-07-30 00:00:00-04:00,9.404180399465616,9.458020992645546,9.253426294106358,9.422126770019531,577680,0.0,0.0
2007-07-31 00:00:00-04:00,9.479557677918644,9.730814289065469,9.458021587444122,9.615954399108887,964711,0.0,0.0
2007-08-01 00:00:00-04:00,9.852853877621724,10.150772396401853,9.741582962750272,10.147183418273926,1664116,0.0,0.0
2007-08-02 00:00:00-04:00,10.114875529081466,10.179484526103197,9.924638996724878,10.104107856750488,908772,0.0,0.0
2007-08-03 00:00:00-04:00,10.132825074629576,10.161540602856913,10.000018071450466,10.057448387145996,740088,0.0,0.0
2007-08-06 00:00:00-04:00,10.068217506405908,10.211792945861816,10.050271132043356,10.211792945861816,642924,0.0,0.0
2007-08-07 00:00:00-04:00,10.208199084026901,10.29793387595049,10.150768787565449,10.272808074951172,1148976,0.0,0.0
2007-08-08 00:00:00-04:00,10.265628075069943,10.391256332397461,10.254860404347436,10.391256332397461,1722003,0.0,0.0
2007-08-09 00:00:00-04:00,10.305115229445102,10.868647705117699,10.27639970342545,10.829164505004883,2101569,0.0,0.0
2007-08-10 00:00:00-04:00,10.922489376171836,10.929668073195685,10.376903957804299,10.513299942016602,1711291,0.0,0.0
2007-08-13 00:00:00-04:00,10.459457603487499,10.498940800928183,10.175896525573396,10.326650619506836,802411,0.0,0.0
2007-08-14 00:00:00-04:00,10.366132356206657,10.40561554808358,10.157947984216005,10.204609870910645,520442,0.0,0.0
2007-08-15 00:00:00-04:00,10.23332646115943,10.376901854047041,10.032320762964972,10.05385684967041,609491,0.0,0.0
2007-08-16 00:00:00-04:00,9.992843420547237,10.229742735354513,9.885162183183727,10.068220138549805,1065013,0.0,0.0
2007-08-17 00:00:00-04:00,10.226149211468504,10.305115614645867,9.946177081676439,10.287168502807617,580926,0.0,0.0
2007-08-20 00:00:00-04:00,10.218974315314384,10.269225954489059,10.014379519868049,10.068220138549805,545869,0.0,0.0
2007-08-21 00:00:00-04:00,10.089752155702602,10.147182467199045,10.000017340286853,10.014374732971191,462230,0.0,0.0
2007-08-22 00:00:00-04:00,10.075395840526296,10.161540946604157,9.97489334022865,10.10770034790039,296576,0.0,0.0
2007-08-23 00:00:00-04:00,10.122055088961819,10.2225575629161,9.906692009837807,10.064624786376953,762269,0.0,0.0
2007-08-24 00:00:00-04:00,10.032323101919275,10.086163701614872,9.924641902528078,10.010787010192871,411376,0.0,0.0
2007-08-27 00:00:00-04:00,9.93181875598783,10.183075335095806,9.93181875598783,10.043088912963867,425551,0.0,0.0
2007-08-28 00:00:00-04:00,9.978480804867024,10.071804593899415,9.766707420349121,9.766707420349121,792024,0.0,0.0
2007-08-29 00:00:00-04:00,9.80260078659678,10.007195472717285,9.741581500747273,10.007195472717285,701461,0.0,0.0
2007-08-30 00:00:00-04:00,9.913873708788406,10.039502024484085,9.860033107884432,9.967714309692383,361929,0.0,0.0
2007-08-31 00:00:00-04:00,10.100522555304774,10.154363158830035,10.043091491764285,10.143594741821289,527691,0.0,0.0
2007-09-04 00:00:00-04:00,10.315885226420427,10.319474945765856,10.157952390406594,10.175899505615234,704707,0.0,0.0
2007-09-05 00:00:00-04:00,10.150771786203324,10.319473007812821,10.114877562526821,10.287168502807617,472618,0.0,0.0
2007-09-06 00:00:00-04:00,10.29434741423555,10.40920730272744,10.204612593930635,10.355366706848145,449463,0.0,0.0
2007-09-07 00:00:00-04:00,10.254862747046376,10.355365227716174,10.229736941689172,10.290756225585938,398501,0.0,0.0
2007-09-10 00:00:00-04:00,10.373316948311519,10.373316948311519,10.125649243643505,10.222562789916992,407914,0.0,0.0
2007-09-11 00:00:00-04:00,10.22974148881584,10.35536983068472,10.172311897625052,10.222562789916992,502048,0.0,0.0
2007-09-12 00:00:00-04:00,10.215383895729843,10.240509711775157,10.122060071069537,10.154364585876465,399907,0.0,0.0
2007-09-13 00:00:00-04:00,10.17948728500604,10.17948728500604,10.014375770511577,10.032322883605957,756426,0.0,0.0
2007-09-14 00:00:00-04:00,9.967710315811502,10.122054100036621,9.91386973648047,10.122054100036621,463421,0.0,0.0
2007-09-17 00:00:00-04:00,10.122059554297529,10.125648533115434,9.834908655455871,9.849266052246094,352516,0.0,0.0
2007-09-18 00:00:00-04:00,9.870800292379124,10.179487228393555,9.831317829005734,10.179487228393555,476405,0.0,0.0
2007-09-19 00:00:00-04:00,10.193840393631524,10.434329237564056,10.193840393631524,10.391256332397461,529747,0.0,0.0
2007-09-20 00:00:00-04:00,10.33024068230848,10.409207085485843,10.254863997802413,10.287168502807617,316485,0.0,0.0
2007-09-21 00:00:00-04:00,10.312295571936327,10.380494313854411,10.258454966731016,10.283580780029297,412134,0.0,0.0
2007-09-24 00:00:00-04:00,10.24409583312921,10.43433314914255,10.24409583312921,10.430744171142578,465585,0.0,0.0
2007-09-25 00:00:00-04:00,10.348189925732822,10.732253605476748,10.34101122767063,10.685591697692871,1130582,0.0,0.0
2007-09-26 00:00:00-04:00,10.739431097334046,10.936847123769585,10.689180216542663,10.929668426513672,418626,0.0,0.0
2007-09-27 00:00:00-04:00,10.89377534701651,11.091191380823721,10.836345026065535,11.087601661682129,680686,0.0,0.0
2007-09-28 00:00:00-04:00,11.037346034576801,11.073239506767733,10.786088766204713,10.94043254852295,1064688,0.0,0.0
2007-10-01 00:00:00-04:00,10.940433851635088,11.313729710678404,10.940433851635088,11.249120712280273,989489,0.0,0.0
2007-10-02 00:00:00-04:00,11.249125116044763,11.751638427847345,11.249125116044763,11.496792793273926,1897395,0.0,0.0
2007-10-03 00:00:00-04:00,11.500381551392744,11.604473783036534,11.374753225851387,11.518328666687012,1235428,0.0,0.0
2007-10-04 00:00:00-04:00,11.529096514104754,11.582937860785426,11.471666929526867,11.532686233520508,539702,0.0,0.0
2007-10-05 00:00:00-04:00,11.532683881796254,11.952641707560982,11.44653878173671,11.81983470916748,797109,0.0,0.0
2007-10-08 00:00:00-04:00,11.755228162891182,11.934697097236281,11.661903605902829,11.805479049682617,783368,0.0,0.0
2007-10-09 00:00:00-04:00,11.776762433728658,11.866497257386396,11.65113412506332,11.844961166381836,515357,0.0,0.0
2007-10-10 00:00:00-04:00,11.744454879889394,11.913156067555585,11.65113110232217,11.866494178771973,587959,0.0,0.0
2007-10-11 00:00:00-04:00,11.898803195560388,11.952643799927767,11.633188411517146,11.669082641601562,397527,0.0,0.0
2007-10-12 00:00:00-04:00,11.61165003200715,11.744457027504243,11.59370292049808,11.67625904083252,361388,0.0,0.0
2007-10-15 00:00:00-04:00,11.669080040800301,11.755225136739961,11.629596840962996,11.701384544372559,268444,0.0,0.0
2007-10-16 00:00:00-04:00,11.694207152633748,11.755226448073095,11.568578842842543,11.640366554260254,335745,0.0,0.0
2007-10-17 00:00:00-04:00,11.701388484840365,11.701388484840365,11.453720787636787,11.586527824401855,423170,0.0,0.0
2007-10-18 00:00:00-04:00,11.547044872188227,11.59729650486049,11.198874644803118,11.453721046447754,652230,0.0,0.0
2007-10-19 00:00:00-04:00,11.439364480065606,11.439364480065606,11.28861031185275,11.328093528747559,276559,0.0,0.0
2007-10-22 00:00:00-04:00,11.285014978262062,11.3962858742304,11.223995693621047,11.34603500366211,196275,0.0,0.0
2007-10-23 00:00:00-04:00,11.410639874232078,11.6188242126991,11.385514076036568,11.597288131713867,350135,0.0,0.0
2007-10-24 00:00:00-04:00,11.543453540237902,11.593704421908154,11.267071098394323,11.40705680847168,484736,0.0,0.0
2007-10-25 00:00:00-04:00,11.37833805821728,11.53268110933171,11.324496735459327,11.482429504394531,445459,0.0,0.0
2007-10-26 00:00:00-04:00,11.550637247219752,11.665497195898029,11.460902379893945,11.475259780883789,380539,0.0,0.0
2007-10-29 00:00:00-04:00,11.554221266627243,11.661902468580886,11.500380665650422,11.64754581451416,248103,0.0,0.0
2007-10-30 00:00:00-04:00,11.626008026395064,11.801887950461445,11.57934612666466,11.737278938293457,471752,0.0,0.0
2007-10-31 00:00:00-04:00,12.390543776481186,12.59872816464708,11.988533131659347,12.465920448303223,1691923,0.0,0.0
2007-11-01 00:00:00-04:00,12.422848276050342,12.54129860164324,12.225432301327162,12.465920448303223,771466,0.0,0.0
2007-11-02 00:00:00-04:00,12.422849997109113,12.7423053189907,12.397724189434513,12.717180252075195,1339083,0.0,0.0
2007-11-05 00:00:00-05:00,12.562831569799467,12.982789984731546,12.562831569799467,12.939716339111328,952593,0.0,0.0
2007-11-06 00:00:00-05:00,12.921774452246297,13.406340512712141,12.871522838834833,13.38839340209961,3379735,0.0,0.0
2007-11-07 00:00:00-05:00,13.338144550264415,13.506846536039989,13.147907212509551,13.391985893249512,1493701,0.0,0.0
2007-11-08 00:00:00-05:00,13.445822134915472,13.697078704833984,13.176618455500204,13.697078704833984,1771234,0.0,0.0
2007-11-09 00:00:00-05:00,13.280714428730585,13.377627953245597,12.928954557865367,12.954079627990723,1565438,0.0,0.0
2007-11-12 00:00:00-05:00,12.88588611416775,13.068944059259401,12.767435722652891,12.867938995361328,1019028,0.0,0.0
2007-11-13 00:00:00-05:00,12.871521332337094,13.036632063915004,12.663336947723245,12.810502052307129,862138,0.0,0.0
2007-11-14 00:00:00-05:00,12.788972249083606,12.95049483287652,12.717185257130517,12.796150207519531,791591,0.0,0.0
2007-11-15 00:00:00-05:00,12.839219355414123,12.925363715372008,12.670517391172998,12.849987030029297,474565,0.0,0.0
2007-11-16 00:00:00-05:00,12.993562441114781,12.993562441114781,12.695643937021568,12.8715238571167,733488,0.0,0.0
2007-11-19 00:00:00-05:00,12.699232371035729,12.961256624557011,12.634623366862627,12.821270942687988,777742,0.0,0.0
2007-11-20 00:00:00-05:00,12.950491149012038,13.022278120544785,12.566426777136387,12.74230670928955,436262,0.0,0.0
2007-11-21 00:00:00-05:00,12.57001548165743,12.699233501506468,12.365420777402527,12.390545845031738,677981,0.0,0.0
2007-11-23 00:00:00-05:00,12.473103341163005,12.645393559440047,12.451566508308979,12.548480033874512,212180,0.0,0.0
2007-11-26 00:00:00-05:00,12.422853073004452,12.745898193436485,12.422853073004452,12.616680145263672,493717,0.0,0.0
2007-11-27 00:00:00-05:00,12.605912198373117,12.742309698560915,12.483873577378727,12.627449035644531,898493,0.0,0.0
2007-11-28 00:00:00-05:00,12.66693336610363,12.864348701125474,12.5628403779761,12.785382270812988,407157,0.0,0.0
2007-11-29 00:00:00-05:00,12.645388966791073,13.147902044385766,12.645388966791073,13.101240158081055,596507,0.0,0.0
2007-11-30 00:00:00-05:00,13.28789508782904,13.28789508782904,12.950494024433835,13.094069480895996,538403,0.0,0.0
2007-12-03 00:00:00-05:00,13.04022085750769,13.133544629939964,12.896645481107765,12.989969253540039,558096,0.0,0.0
2007-12-04 00:00:00-05:00,12.954077119950378,13.194566025165244,12.835628267266067,13.158673286437988,335312,0.0,0.0
2007-12-05 00:00:00-05:00,13.219692681974886,13.514021438489447,13.072527562958554,13.445822715759277,656341,0.0,0.0
2007-12-06 00:00:00-05:00,13.341736452504895,13.600171089172363,13.341736452504895,13.600171089172363,464719,0.0,0.0
2007-12-07 00:00:00-05:00,13.50325795864539,13.589402336883403,13.323788281705022,13.384807586669922,576057,0.0,0.0
2007-12-10 00:00:00-05:00,13.424287793473008,13.438645185841382,13.169441486277597,13.313016891479492,607759,0.0,0.0
2007-12-11 00:00:00-05:00,13.234054115241126,13.406344352340637,13.115603743881026,13.298663139343262,754695,0.0,0.0
2007-12-12 00:00:00-05:00,13.481721061531555,13.528382969909572,13.072531562980163,13.27712631225586,645846,0.0,0.0
2007-12-13 00:00:00-05:00,13.16584911171323,13.320192159674535,13.036631124948286,13.305834770202637,320380,0.0,0.0
2007-12-14 00:00:00-05:00,13.015099002155734,13.305838062803955,13.000740127612804,13.1730318069458,500858,0.0,0.0
2007-12-17 00:00:00-05:00,13.212517207203142,13.287893907733952,12.882294131122816,13.25917911529541,648010,0.0,0.0
2007-12-18 00:00:00-05:00,13.338138790641535,13.338138790641535,13.036630659461617,13.14790153503418,603431,0.0,0.0
2007-12-19 00:00:00-05:00,13.226872448645064,13.366858150116927,13.036635127832923,13.20533561706543,441023,0.0,0.0
2007-12-20 00:00:00-05:00,13.24481774141695,13.334551811218262,13.065348120296228,13.334551811218262,591962,0.0,0.0
2007-12-21 00:00:00-05:00,13.330959831398998,13.485304360878152,13.187385936680004,13.305834770202637,332715,0.0,0.0
2007-12-24 00:00:00-05:00,13.295069533631555,13.718616304424941,13.295069533631555,13.614524841308594,372533,0.0,0.0
2007-12-26 00:00:00-05:00,13.592995604970396,13.944755611736506,13.499671763423297,13.833484649658203,553768,0.0,0.0
2007-12-27 00:00:00-05:00,13.87296206566946,13.930393126709475,13.391985633379976,13.427878379821777,400773,0.0,0.0
2007-12-28 00:00:00-05:00,13.456592388400155,13.456592388400155,13.00791905889635,13.287890434265137,478136,0.0,0.0
2007-12-31 00:00:00-05:00,13.158673902069037,13.3668568335885,13.129957635618412,13.287890434265137,291815,0.0,0.0
2008-01-02 00:00:00-05:00,13.194570444826578,13.327378215308869,12.835632566697349,12.889473915100098,451951,0.0,0.0
2008-01-03 00:00:00-05:00,12.928954900142525,12.939722575978683,12.735127845981184,12.936134338378906,698106,0.0,0.0
2008-01-04 00:00:00-05:00,12.903828023877976,12.939720765482612,12.526941644124532,12.577193260192871,434423,0.0,0.0
2008-01-07 00:00:00-05:00,12.742305322144382,12.742305322144382,12.343883599334928,12.584372520446777,661318,0.0,0.0
2008-01-08 00:00:00-05:00,12.727948419240958,12.727948419240958,12.286454501209683,12.372599601745605,813448,0.0,0.0
2008-01-09 00:00:00-05:00,12.455154678987311,12.455154678987311,12.135699352544568,12.286454200744629,724940,0.0,0.0
2008-01-10 00:00:00-05:00,12.340296317883409,12.379779523735355,12.096218385413115,12.293634414672852,728078,0.0,0.0
2008-01-11 00:00:00-05:00,12.225437760584768,12.322351302568887,12.081862307443703,12.121345520019531,424469,0.0,0.0
2008-01-14 00:00:00-05:00,12.261330906689404,12.27568830257817,11.974180025877095,12.071093559265137,553876,0.0,0.0
2008-01-15 00:00:00-05:00,11.884440546240231,12.024426953350035,11.834189680266553,11.866494178771973,668784,0.0,0.0
2008-01-16 00:00:00-05:00,11.765997266525048,12.071094546778106,11.765997266525048,11.959823608398438,518603,0.0,0.0
2008-01-17 00:00:00-05:00,12.020837415285337,12.132108302744886,11.572164888203366,11.600879669189453,652338,0.0,0.0
2008-01-18 00:00:00-05:00,11.740867877245929,11.844960085407221,11.421412556415662,11.529093742370605,566211,0.0,0.0
2008-01-22 00:00:00-05:00,11.188106731526403,11.791123387794588,11.040942287423531,11.572171211242676,898060,0.0,0.0
2008-01-23 00:00:00-05:00,11.46807696677877,11.694208543913529,11.288608037262351,11.66549301147461,613927,0.0,0.0
2008-01-24 00:00:00-05:00,11.651136773689943,12.060326299592509,11.590117464926061,11.974181175231934,694536,0.0,0.0
2008-01-25 00:00:00-05:00,12.153645896363699,12.157235614811817,11.913157723870883,11.945462226867676,556797,0.0,0.0
2008-01-28 00:00:00-05:00,11.952647285851542,12.042382146474015,11.740873785172349,11.97059440612793,615333,0.0,0.0
2008-01-29 00:00:00-05:00,11.970588426386934,12.153646295028004,11.956230292882553,12.139288902282715,397960,0.0,0.0
2008-01-30 00:00:00-05:00,12.049556066599568,12.376189377807506,11.970589657619314,12.225435256958008,524013,0.0,0.0
2008-01-31 00:00:00-05:00,12.1895470245837,12.394141832317073,12.020845717873948,12.343890190124512,675276,0.0,0.0
2008-02-01 00:00:00-05:00,12.426441678470585,12.720770498408676,12.369011357680066,12.67051887512207,1459185,0.0,0.0
2008-02-04 00:00:00-05:00,12.677696842086075,12.763842683653879,12.469512416355611,12.605908393859863,416678,0.0,0.0
2008-02-05 00:00:00-05:00,12.537710582297281,12.641802049724483,12.35106225496904,12.397724151611328,516114,0.0,0.0
2008-02-06 00:00:00-05:00,12.526939980866056,12.828448155725281,12.37977635233475,12.430027961730957,760646,0.0,0.0
2008-02-07 00:00:00-05:00,12.386959239456232,12.828452496723308,12.132112869616883,12.236205101013184,1004096,0.0,0.0
2008-02-08 00:00:00-05:00,12.239796450681936,12.552072445706079,12.211080914302682,12.534125328063965,474673,0.0,0.0
2008-02-11 00:00:00-05:00,12.501817268371859,12.544889449590832,12.315169668238026,12.476692199707031,526934,0.0,0.0
2008-02-12 00:00:00-05:00,12.605908486413703,12.631035036084658,12.329526810661015,12.422850608825684,551387,0.0,0.0
2008-02-13 00:00:00-05:00,12.537711845460581,12.552069239603304,12.376189309457033,12.483870506286621,642059,0.0,0.0
2008-02-14 00:00:00-05:00,12.552067928207858,12.720768402898376,12.469511809373623,12.58796215057373,579411,0.0,0.0
2008-02-15 00:00:00-05:00,12.516169462798626,12.526937133250824,12.024424857314553,12.146463394165039,754695,0.0,0.0
2008-02-19 00:00:00-05:00,12.203898973926686,12.354653092408146,11.870086230092086,11.93469524383545,795270,0.0,0.0
2008-02-20 00:00:00-05:00,11.794708934015867,12.096217155456543,11.794708934015867,12.096217155456543,628534,0.0,0.0
2008-02-21 00:00:00-05:00,12.09262958791266,12.182364422872602,11.931107033136614,11.963412284851074,472618,0.0,0.0
2008-02-22 00:00:00-05:00,11.941875087409748,11.970590618918953,11.687028726846421,11.837782859802246,780879,0.0,0.0
2008-02-25 00:00:00-05:00,11.765994071753804,11.873675261249762,11.733688825994077,11.855728149414062,560151,0.0,0.0
2008-02-26 00:00:00-05:00,11.758817140839842,12.221847984038945,11.758817140839842,12.157238960266113,589906,0.0,0.0
2008-02-27 00:00:00-05:00,12.20031301849633,12.347478204254505,12.017255077434198,12.268511772155762,645846,0.0,0.0
2008-02-28 00:00:00-05:00,11.130669019463546,11.410640305120275,10.70712237363262,10.976325988769531,4258644,0.0,0.0
2008-02-29 00:00:00-05:00,10.91172228864508,10.91172228864508,10.480995999463216,10.79686164855957,1515233,0.0,0.0
2008-03-03 00:00:00-05:00,10.72507180760075,10.72507180760075,10.366134045196112,10.506119728088379,1158822,0.0,0.0
2008-03-04 00:00:00-05:00,10.34460221847311,10.452283443399683,10.100524232082678,10.165132522583008,1459834,0.0,0.0
2008-03-05 00:00:00-05:00,10.12923001275997,10.466631525897805,9.895919912054552,10.43791675567627,2550923,0.0,0.0
2008-03-06 00:00:00-05:00,10.384082229820585,10.398440365064037,9.98566119946581,10.010787010192871,1971729,0.0,0.0
2008-03-07 00:00:00-05:00,9.88156693252306,10.11128741898959,9.8600308452553,10.086161613464355,1281196,0.0,0.0
2008-03-10 00:00:00-04:00,10.017964003362193,10.075394312289458,9.72363450346391,9.766707420349121,1119329,0.0,0.0
2008-03-11 00:00:00-04:00,9.888746216139246,9.938997830177044,9.651847019833756,9.834905624389648,1120519,0.0,0.0
2008-03-12 00:00:00-04:00,9.795423725685026,9.899515945294246,9.745172104974596,9.773887634277344,1020434,0.0,0.0
2008-03-13 00:00:00-04:00,9.598006852947176,9.827727363238743,9.587238437816955,9.770297050476074,1027143,0.0,0.0
2008-03-14 00:00:00-04:00,9.766709217123214,9.82054981756545,9.242659125865835,9.307268142700195,2121477,0.0,0.0
2008-03-17 00:00:00-04:00,9.163692894306632,9.228301912409798,8.919614957618498,8.955509185791016,1956148,0.0,0.0
2008-03-18 00:00:00-04:00,9.081137502876414,9.134978104375984,8.815522732981085,8.955509185791016,1698524,0.0,0.0
2008-03-19 00:00:00-04:00,9.030887683363355,9.127801229873418,8.754505182425262,8.808345794677734,1449988,0.0,0.0
2008-03-20 00:00:00-04:00,8.779631245589101,8.994993700647468,8.686307416295891,8.84065055847168,1547801,0.0,0.0
2008-03-24 00:00:00-04:00,8.811935411880551,9.091906888636247,8.811935411880551,8.977046966552734,1862663,0.0,0.0
2008-03-25 00:00:00-04:00,9.002172823371568,9.192409454435113,8.991404404694277,9.1062650680542,1568143,0.0,0.0
2008-03-26 00:00:00-04:00,9.124213434330992,9.206769600419396,8.890903818445523,8.973459243774414,1024329,0.0,0.0
2008-03-27 00:00:00-04:00,8.980632003063532,9.13138609388867,8.966274611700952,9.016526222229004,2522142,0.0,0.0
2008-03-28 00:00:00-04:00,9.01652955575015,9.113442353656925,8.973456624978798,9.027297973632812,789644,0.0,0.0
2008-03-31 00:00:00-04:00,9.296498894572533,9.565702613457894,9.296498894572533,9.490325927734375,2377587,0.0,0.0
2008-04-01 00:00:00-04:00,9.52981247601807,9.662619522726619,9.422130506199725,9.501097679138184,1266481,0.0,0.0
2008-04-02 00:00:00-04:00,9.565702134325498,9.791832920928618,9.52980865262623,9.590827941894531,1375114,0.0,0.0
2008-04-03 00:00:00-04:00,9.529808052906539,9.687740843962644,9.529808052906539,9.619542121887207,1190308,0.0,0.0
2008-04-04 00:00:00-04:00,9.59082733833484,9.691329821527168,9.508271965242262,9.619542121887207,920349,0.0,0.0
2008-04-07 00:00:00-04:00,9.63031127171847,9.781065378401966,9.623132575282028,9.662615776062012,4229863,0.0,0.0
2008-04-08 00:00:00-04:00,9.565701924882584,9.90310434926367,9.565701924882584,9.834905624389648,1405951,0.0,0.0
2008-04-09 00:00:00-04:00,9.899518447140379,9.939001661745738,9.468792065576807,9.540579795837402,1767014,0.0,0.0
2008-04-10 00:00:00-04:00,9.547754639409066,9.659024789951973,9.450841139095981,9.576469421386719,456171,0.0,0.0
2008-04-11 00:00:00-04:00,9.493911982556266,9.504680394669403,9.379052129971367,9.414945602416992,411268,0.0,0.0
2008-04-14 00:00:00-04:00,9.3682865711073,9.41853818859494,9.195996369376994,9.213943481445312,536888,0.0,0.0
2008-04-15 00:00:00-04:00,9.206764225274815,9.328802802101197,9.156512610840965,9.29649829864502,782286,0.0,0.0
2008-04-16 00:00:00-04:00,9.382643781983221,9.53339789075513,9.379054804094832,9.511861801147461,780014,0.0,0.0
2008-04-17 00:00:00-04:00,9.443660380373492,9.52980619576079,9.38264110683648,9.414945602416992,701893,0.0,0.0
2008-04-18 00:00:00-04:00,9.511860672007082,9.66620374034552,9.418536887359744,9.497503280639648,3703037,0.0,0.0
2008-04-21 00:00:00-04:00,9.511863411478684,9.712868430031397,9.389824068189421,9.70210075378418,695942,0.0,0.0
2008-04-22 00:00:00-04:00,9.655436214743553,9.766707110680015,9.56570140618733,9.659025192260742,770709,0.0,0.0
2008-04-23 00:00:00-04:00,9.709276931626919,9.709276931626919,9.551344140570814,9.619542121887207,558961,0.0,0.0
2008-04-24 00:00:00-04:00,9.673381299791766,9.906690716139385,9.565699403912273,9.867207527160645,616415,0.0,0.0
2008-04-25 00:00:00-04:00,9.892335896856737,9.996428102246874,9.770296580698872,9.982069969177246,636324,0.0,0.0
2008-04-28 00:00:00-04:00,9.942587755754934,10.061037365199947,9.849263955724162,10.057448387145996,618255,0.0,0.0
2008-04-29 00:00:00-04:00,10.032322192448605,10.043089866956082,9.816959072430569,9.95335578918457,711740,0.0,0.0
2008-04-30 00:00:00-04:00,9.989252260689247,10.050272311110204,9.860034942626953,9.860034942626953,933009,0.0,0.0
2008-05-01 00:00:00-04:00,10.204609331399384,11.173742710420125,10.204609331399384,10.94043254852295,2267006,0.0,0.0
2008-05-02 00:00:00-04:00,11.026582224808054,11.148621562711709,10.703537877222058,10.850702285766602,1095850,0.0,0.0
2008-05-05 00:00:00-04:00,10.782505995963819,10.861472420997213,10.599447330521073,10.61739444732666,729268,0.0,0.0
2008-05-06 00:00:00-04:00,10.631749637146678,11.066064884659577,10.563551644507491,11.008634567260742,1018487,0.0,0.0
2008-05-07 00:00:00-04:00,11.116320316054482,11.227591270080287,10.829169371373768,10.900957107543945,783476,0.0,0.0
2008-05-08 00:00:00-04:00,10.911721359041222,10.979919349010041,10.836343931514396,10.9619722366333,579519,0.0,0.0
2008-05-09 00:00:00-04:00,10.91172428014737,10.91172428014737,10.692772117269786,10.739433288574219,555823,0.0,0.0
2008-05-12 00:00:00-04:00,10.721482674751572,10.847110963850144,10.63533758339138,10.804038047790527,448922,0.0,0.0
2008-05-13 00:00:00-04:00,10.789679117677256,10.804036507397099,10.459456191085126,10.707123756408691,1119437,0.0,0.0
2008-05-14 00:00:00-04:00,10.800452289974007,10.82916708206795,10.638929732547416,10.743021965026855,828920,0.0,0.0
2008-05-15 00:00:00-04:00,10.728665610872941,10.768148824216079,10.567143037760404,10.739433288574219,441672,0.0,0.0
2008-05-16 00:00:00-04:00,10.768147179817646,10.768147179817646,10.599445933746765,10.682002067565918,571621,0.0,0.0
2008-05-19 00:00:00-04:00,10.768145472722502,10.893773772371809,10.588675838287116,10.771735191345215,576381,0.0,0.0
2008-05-20 00:00:00-04:00,10.71789745465141,10.71789745465141,10.498945286416637,10.606626510620117,365608,0.0,0.0
2008-05-21 00:00:00-04:00,10.577910755558035,10.75379071446184,10.502534053604567,10.628162384033203,697024,0.0,0.0
2008-05-22 00:00:00-04:00,10.577908984401653,10.735841800868858,10.488174160223773,10.678411483764648,541649,0.0,0.0
2008-05-23 00:00:00-04:00,10.642518418187729,10.69994873755644,10.373314675798438,10.448691368103027,814205,0.0,0.0
2008-05-27 00:00:00-04:00,10.480998317571336,10.563554467189393,10.366138392841174,10.423568725585938,872200,0.0,0.0
2008-05-28 00:00:00-04:00,10.402021356734444,10.635331430627737,10.402021356734444,10.588668823242188,969472,0.0,0.0
2008-05-29 00:00:00-04:00,10.527657965551034,10.782504317792945,10.527657965551034,10.649697303771973,1054084,0.0,0.0
2008-05-30 00:00:00-04:00,10.610215100945865,10.807631151476043,10.610215100945865,10.778916358947754,925326,0.0,0.0
2008-06-02 00:00:00-04:00,10.775321581242057,10.796857665528588,10.527654019290699,10.635335922241211,635350,0.0,0.0
2008-06-03 00:00:00-04:00,10.55637110289245,10.911719879675863,10.50253051382085,10.786090850830078,713795,0.0,0.0
2008-06-04 00:00:00-04:00,10.753786799854893,11.008632346685891,10.66764097075372,10.944024085998535,958652,0.0,0.0
2008-06-05 00:00:00-04:00,11.033760918710605,11.148621559143066,10.900953905077426,11.148621559143066,592720,0.0,0.0
2008-06-06 00:00:00-04:00,11.127084729649226,11.134263427083653,10.832755912560138,10.850702285766602,511678,0.0,0.0
2008-06-09 00:00:00-04:00,10.875826489864558,10.94402521655155,10.75019819218948,10.936845779418945,538836,0.0,0.0
2008-06-10 00:00:00-04:00,10.9153110406867,10.918900759697104,10.760967938423013,10.839934349060059,407806,0.0,0.0
2008-06-11 00:00:00-04:00,10.814810883273381,10.861472795971373,10.531249687296656,10.556375503540039,759889,0.0,0.0
2008-06-12 00:00:00-04:00,10.570727417732412,10.653282781696767,10.376901168667393,10.47740364074707,769194,0.0,0.0
2008-06-13 00:00:00-04:00,10.58149727412348,10.646107024826547,10.405618096870526,10.620981216430664,912992,0.0,0.0
2008-06-16 00:00:00-04:00,10.506123336061899,10.811220612957111,10.43433561077609,10.768148422241211,877069,0.0,0.0
2008-06-17 00:00:00-04:00,10.768145603743218,10.825575917091685,10.689179200673744,10.821986198425293,778391,0.0,0.0
2008-06-18 00:00:00-04:00,10.64970040132803,10.91172552723527,10.64970040132803,10.900957107543945,1320365,0.0,0.0
2008-06-19 00:00:00-04:00,10.908129867079877,10.979917564158177,10.81121636491032,10.944024085998535,712822,0.0,0.0
2008-06-20 00:00:00-04:00,10.829165844022272,10.944026480785118,10.714305207259425,10.843523979187012,777201,0.0,0.0
2008-06-23 00:00:00-04:00,10.836344541225053,10.872238767998134,10.671233024042744,10.843523979187012,1049648,0.0,0.0
2008-06-24 00:00:00-04:00,10.775322079818416,10.832752381332073,10.455866814705098,10.47740364074707,797326,0.0,0.0
2008-06-25 00:00:00-04:00,10.5097138543234,10.610216381057212,10.373317091839349,10.423568725585938,718448,0.0,0.0
2008-06-26 00:00:00-04:00,10.366135705412477,10.369725424360608,10.096931970114422,10.161540985107422,995332,0.0,0.0
2008-06-27 00:00:00-04:00,10.136415136339954,10.287169257166006,9.964124924184228,10.10770034790039,689991,0.0,0.0
2008-06-30 00:00:00-04:00,10.111287596165337,10.111287596165337,9.486735128384296,9.529808044433594,1654486,0.0,0.0
2008-07-01 00:00:00-04:00,9.475969966189691,9.712868474585195,9.393413830533081,9.479558944702148,1265074,0.0,0.0
2008-07-02 00:00:00-04:00,9.594419678499186,9.605188096484902,9.181641186849863,9.188819885253906,1349903,0.0,0.0
2008-07-03 00:00:00-04:00,9.217533654722306,9.361109088369293,9.167282771477314,9.335983276367188,1410928,0.0,0.0
2008-07-07 00:00:00-04:00,9.389823982482278,9.47238011700665,9.163693153484711,9.242659568786621,1181219,0.0,0.0
2008-07-08 00:00:00-04:00,9.167281022156592,9.357518324323468,8.987811393965037,9.073956489562988,2004513,0.0,0.0
2008-07-09 00:00:00-04:00,9.03447005264665,9.371871590239598,8.987807436516466,9.059595108032227,1514259,0.0,0.0
2008-07-10 00:00:00-04:00,9.124210580777302,9.292911840029012,9.020118345952172,9.267786026000977,1964371,0.0,0.0
2008-07-11 00:00:00-04:00,9.131390378908252,9.242661325322072,8.973457518289846,9.063192367553711,1192797,0.0,0.0
2008-07-14 00:00:00-04:00,9.203176425368362,9.221123540087481,8.847827554029646,8.908846855163574,760213,0.0,0.0
2008-07-15 00:00:00-04:00,8.81552019852609,8.955506611090037,8.621693940700691,8.79757308959961,897952,0.0,0.0
2008-07-16 00:00:00-04:00,8.758090154202527,9.26419222760799,8.75091145917797,9.235477447509766,866682,0.0,0.0
2008-07-17 00:00:00-04:00,9.321626961736719,9.490328226942015,9.239071559313201,9.483149528503418,995224,0.0,0.0
2008-07-18 00:00:00-04:00,9.475969522480009,9.569293330063365,9.397002369033471,9.544167518615723,902280,0.0,0.0
2008-07-21 00:00:00-04:00,9.583647374051283,9.709275646604555,9.411357214021592,9.554932594299316,576057,0.0,0.0
2008-07-22 00:00:00-04:00,9.4328975993758,9.694922676728321,9.407771785258278,9.651849746704102,1391452,0.0,0.0
2008-07-23 00:00:00-04:00,9.72723023962806,9.845679167633225,9.576476048403965,9.666210174560547,1945761,0.0,0.0
2008-07-24 00:00:00-04:00,9.641080355458799,9.709278346714772,9.4113598312819,9.443663597106934,2648087,0.0,0.0
2008-07-25 00:00:00-04:00,9.447254209126736,9.547757457227938,9.397002585076134,9.522631645202637,1062524,0.0,0.0
2008-07-28 00:00:00-04:00,9.590830240724094,9.659028242678652,9.522632238769534,9.583651542663574,933441,0.0,0.0
2008-07-29 00:00:00-04:00,9.619548236224297,9.741587625410112,9.51904568915096,9.68774700164795,625829,0.0,0.0
2008-07-30 00:00:00-04:00,9.759530216175794,9.996429443359375,9.716457292706428,9.996429443359375,1176675,0.0,0.0
2008-07-31 00:00:00-04:00,10.247687433527911,10.470229296198909,10.09693329238818,10.409209251403809,1914383,0.0,0.0
2008-08-01 00:00:00-04:00,10.369724847110797,10.455869207960518,10.104110104787637,10.244095802307129,1481366,0.0,0.0
2008-08-04 00:00:00-04:00,10.470226224847906,10.470226224847906,10.021553652461193,10.061036109924316,1482015,0.0,0.0
2008-08-05 00:00:00-04:00,10.168716245330492,10.34459611764172,10.01796217488643,10.301523208618164,980941,0.0,0.0
2008-08-06 00:00:00-04:00,10.326653226502597,10.409208619760467,10.186666770593577,10.29434871673584,673004,0.0,0.0
2008-08-07 00:00:00-04:00,10.240507394374607,10.31588408469366,10.078984856892106,10.161540985107422,648875,0.0,0.0
2008-08-08 00:00:00-04:00,10.122058478712725,10.441513116007016,10.057449459262873,10.384082794189453,507350,0.0,0.0
2008-08-11 00:00:00-04:00,10.308705875186178,10.473817398667858,10.265632949566987,10.427155494689941,514275,0.0,0.0
2008-08-12 00:00:00-04:00,10.362543106079102,10.480992687055487,10.089750468417865,10.362543106079102,636324,0.0,0.0
2008-08-13 00:00:00-04:00,10.294347622015758,10.506121031820276,10.279990228259376,10.445101737976074,634918,0.0,0.0
2008-08-14 00:00:00-04:00,10.35536626960007,10.728662187765034,10.287168283133791,10.64251708984375,697782,0.0,0.0
2008-08-15 00:00:00-04:00,10.678411385283493,10.796860996541502,10.610213393623122,10.793272018432617,525095,0.0,0.0
2008-08-18 00:00:00-04:00,10.760967273315309,10.760967273315309,10.355366828927174,10.516888618469238,704598,0.0,0.0
2008-08-19 00:00:00-04:00,10.484586545656287,10.746611614465344,10.229740174823984,10.283580780029297,787912,0.0,0.0
2008-08-20 00:00:00-04:00,10.31947452886101,10.441513129527223,10.211792582718745,10.29434871673584,545653,0.0,0.0
2008-08-21 00:00:00-04:00,10.129235271187147,10.247684870980205,9.938997967814139,10.218969345092773,583739,0.0,0.0
2008-08-22 00:00:00-04:00,10.283580634412955,10.376905188307838,10.258454821470458,10.344600677490234,560909,0.0,0.0
2008-08-25 00:00:00-04:00,10.323062611089263,10.323062611089263,10.050269902114188,10.125646591186523,359657,0.0,0.0
2008-08-26 00:00:00-04:00,10.122060134745858,10.226152378583082,10.00002077351203,10.09693431854248,342778,0.0,0.0
2008-08-27 00:00:00-04:00,10.043089602488465,10.297936658186673,9.989249009091536,10.254863739013672,358142,0.0,0.0
2008-08-28 00:00:00-04:00,10.26922350160495,10.534837552062656,10.26922350160495,10.520480155944824,433233,0.0,0.0
2008-08-29 00:00:00-04:00,10.5204791761764,10.588677171764484,10.283579940016699,10.376904487609863,477595,0.0,0.0
2008-09-02 00:00:00-04:00,10.516887921680487,10.674821463488525,10.204612038133293,10.236916542053223,586552,0.0,0.0
2008-09-03 00:00:00-04:00,10.229737845513533,10.265631327224378,9.921050939763903,10.014374732971191,930953,0.0,0.0
2008-09-04 00:00:00-04:00,9.956944013290604,9.956944013290604,9.741580925599257,9.79901123046875,730025,0.0,0.0
2008-09-05 00:00:00-04:00,9.795422947364802,9.795422947364802,9.501094165902275,9.676973342895508,635350,0.0,0.0
2008-09-08 00:00:00-04:00,9.92105308838119,10.240508478208548,9.838497692187554,10.211792945861816,829786,0.0,0.0
2008-09-09 00:00:00-04:00,10.29075771619509,10.330240918687235,9.899515410027082,9.931819915771484,1139779,0.0,0.0
2008-09-10 00:00:00-04:00,10.014376436051272,10.014376436051272,9.52622055721173,9.669795989990234,1047701,0.0,0.0
2008-09-11 00:00:00-04:00,9.569293313173441,9.723636419172083,9.447253975254235,9.655438423156738,952701,0.0,0.0
2008-09-12 00:00:00-04:00,9.594414954575202,9.605183367258961,9.343158411864934,9.515448570251465,672679,0.0,0.0
2008-09-15 00:00:00-04:00,9.264193609418015,9.511861217362654,8.944739040520359,8.948328018188477,1252090,0.0,0.0
2008-09-16 00:00:00-04:00,8.725787002435519,9.249837049879982,8.632463944795832,9.231890678405762,1428997,0.0,0.0
2008-09-17 00:00:00-04:00,9.081139665996036,9.389825953556935,9.01294091252705,9.15292739868164,1447824,0.0,0.0
2008-09-18 00:00:00-04:00,9.228305453746826,9.691335693240763,9.070372567003531,9.418542861938477,1605580,0.0,0.0
2008-09-19 00:00:00-04:00,9.860035032281836,10.229741354121739,9.644671845873987,9.8564453125,1280114,0.0,0.0
2008-09-22 00:00:00-04:00,9.816956354616373,9.870796934525394,9.242655600988625,9.318032264709473,725806,0.0,0.0
2008-09-23 00:00:00-04:00,9.314445980847335,9.318034958807521,9.070368071466989,9.102672576904297,820697,0.0,0.0
2008-09-24 00:00:00-04:00,9.095496144838979,9.2606076910955,8.944741995516187,9.206767082214355,694103,0.0,0.0
2008-09-25 00:00:00-04:00,9.206765978692275,9.425718107586361,9.138567240292383,9.335983276367188,876636,0.0,0.0
2008-09-26 00:00:00-04:00,9.300088582310465,9.318034953619659,9.091904156443523,9.213943481445312,575840,0.0,0.0
2008-09-29 00:00:00-04:00,9.052420345963323,9.073956434542456,8.435047288047995,8.575032234191895,1026061,0.0,0.0
2008-09-30 00:00:00-04:00,8.70425577030117,8.96628017720838,8.5463221450039,8.761685371398926,1619321,0.0,0.0
2008-10-01 00:00:00-04:00,8.72219817248707,8.880130984999257,8.560676381922775,8.85859489440918,862138,0.0,0.0
2008-10-02 00:00:00-04:00,9.088311582629146,9.274959103862015,8.973450999748279,9.081132888793945,1586428,0.0,0.0
2008-10-03 00:00:00-04:00,9.300089408408322,9.676974350765768,9.206765602578006,9.253427505493164,2035675,0.0,0.0
2008-10-06 00:00:00-04:00,8.90525676123949,9.059599854365688,8.341723503870691,8.693483352661133,2316346,0.0,0.0
2008-10-07 00:00:00-04:00,8.71143224816767,9.213946357629247,8.632466560087572,8.808345794677734,2490331,0.0,0.0
2008-10-08 00:00:00-04:00,8.639642335404998,9.971303611231397,8.61451726592532,9.809781074523926,2959919,0.0,0.0
2008-10-09 00:00:00-04:00,9.827728734096103,9.974893884780876,8.811933778102325,9.09908390045166,2017714,0.0,0.0
2008-10-10 00:00:00-04:00,8.718608752473074,9.404181363631132,8.126360685255317,8.445816040039062,3048860,0.0,0.0
2008-10-13 00:00:00-04:00,8.704250395506172,8.894486942812378,8.524780780618089,8.847825050354004,1686622,0.0,0.0
2008-10-14 00:00:00-04:00,9.170872289485654,9.170872289485654,8.061753443786152,8.07611083984375,2692665,0.0,0.0
2008-10-15 00:00:00-04:00,8.086880679575025,8.115595476740536,6.999296995920068,7.038780212402344,3363938,0.0,0.0
2008-10-16 00:00:00-04:00,7.128512427226395,7.203889112277163,6.64753530810302,7.081850528717041,2528742,0.0,0.0
2008-10-17 00:00:00-04:00,7.035187689609751,8.083286888109988,6.966988969553321,8.054572105407715,2985454,0.0,0.0
2008-10-20 00:00:00-04:00,8.033038056504743,8.34531399027846,7.936124529157366,8.291473388671875,2807141,0.0,0.0
2008-10-21 00:00:00-04:00,8.190970691001029,8.305831340166135,8.040216551946363,8.133541107177734,1911353,0.0,0.0
2008-10-22 00:00:00-04:00,8.022270972263328,8.022270972263328,7.415665377330172,7.526935577392578,2447268,0.0,0.0
2008-10-23 00:00:00-04:00,7.455147787874454,7.853569635995571,7.189533716299927,7.5843658447265625,1538820,0.0,0.0
2008-10-24 00:00:00-04:00,7.078262164311504,7.383360163104785,7.078262164311504,7.229016304016113,1160337,0.0,0.0
2008-10-27 00:00:00-04:00,7.0459569995462115,7.304392326179241,7.028010626567791,7.049546718597412,1168452,0.0,0.0
2008-10-28 00:00:00-04:00,7.178765002227351,7.781781588348539,7.013654199788569,7.774602890014648,1714862,0.0,0.0
2008-10-29 00:00:00-04:00,7.835618726065209,8.122769495287315,7.724347840029591,7.914585113525391,998902,0.0,0.0
2008-10-30 00:00:00-04:00,9.497505679544364,9.497505679544364,7.096208773665178,8.291473388671875,1527459,0.0,0.0
2008-10-31 00:00:00-04:00,8.183790488083067,8.743734012705424,8.036626095459457,8.715019226074219,1939810,0.0,0.0
2008-11-03 00:00:00-05:00,8.776040381509583,9.052422854177657,8.585803027785909,8.937562942504883,1106778,0.0,0.0
2008-11-04 00:00:00-05:00,9.14574778795473,9.228303938267423,8.84065048530741,9.041655540466309,1527568,0.0,0.0
2008-11-05 00:00:00-05:00,9.271376459011256,9.440077744725254,8.531963763112978,8.578625679016113,1367323,0.0,0.0
2008-11-06 00:00:00-05:00,8.348905218285351,8.7006651942138,8.158668572218028,8.244812965393066,1101801,0.0,0.0
2008-11-07 00:00:00-05:00,8.241222392082644,8.596571278617276,8.241222392082644,8.57144546508789,709359,0.0,0.0
2008-11-10 00:00:00-05:00,8.697073651341137,8.84064909139374,8.3991550947255,8.610928535461426,1843836,0.0,0.0
2008-11-11 00:00:00-05:00,8.438639141232027,8.449406818811143,7.921767653895312,7.9684295654296875,1647561,0.0,0.0
2008-11-12 00:00:00-05:00,7.896643275443502,7.939715471077162,7.451559476005998,7.5089898109436035,1126470,0.0,0.0
2008-11-13 00:00:00-05:00,7.559238733977003,7.763833441716581,6.934686195334405,7.724349498748779,1585238,0.0,0.0
2008-11-14 00:00:00-05:00,7.738708591770716,7.806906589214323,7.412074518205613,7.447968006134033,1132421,0.0,0.0
2008-11-17 00:00:00-05:00,7.376177968859394,7.476681184957554,7.132100105459118,7.142868518829346,1034717,0.0,0.0
2008-11-18 00:00:00-05:00,7.153639108702521,7.372591234694693,6.9992952603119,7.361823558807373,1048350,0.0,0.0
2008-11-19 00:00:00-05:00,7.24696314397063,7.38694886096165,6.830594230726725,6.855720043182373,1547693,0.0,0.0
2008-11-20 00:00:00-05:00,6.992115835884376,6.992115835884376,6.285007908082211,6.331669807434082,1713347,0.0,0.0
2008-11-21 00:00:00-05:00,6.3209022879017365,6.633178234100342,5.997857924649675,6.633178234100342,1866666,0.0,0.0
2008-11-24 00:00:00-05:00,6.7229093269093205,7.239780464982207,6.7229093269093205,6.988523960113525,1838751,0.0,0.0
2008-11-25 00:00:00-05:00,6.995707912061495,7.225428508229223,6.870079565201557,7.196712970733643,1128851,0.0,0.0
2008-11-26 00:00:00-05:00,7.002886466255765,7.5125785423267555,6.862900723926033,7.476685047149658,1057547,0.0,0.0
2008-11-28 00:00:00-05:00,7.358232590063001,7.799726486206055,7.358232590063001,7.799726486206055,452384,0.0,0.0
2008-12-01 00:00:00-05:00,7.620258806512892,7.631027223039337,6.76239668550937,6.7695746421813965,2403230,0.0,0.0
2008-12-02 00:00:00-05:00,6.478835999888513,6.959814001908772,6.209632203851226,6.920330047607422,1241703,0.0,0.0
2008-12-03 00:00:00-05:00,6.7659863676688285,7.060315956003313,6.6224109225905785,6.9023823738098145,1383012,0.0,0.0
2008-12-04 00:00:00-05:00,6.84495102463315,7.207478522624911,6.830592891217591,6.984936714172363,1071288,0.0,0.0
2008-12-05 00:00:00-05:00,6.913148413092132,7.02441930770874,6.665481559259507,7.02441930770874,1364943,0.0,0.0
2008-12-08 00:00:00-05:00,7.049545721885566,7.200299826296676,6.794699409576417,6.984936714172363,1532004,0.0,0.0
2008-12-09 00:00:00-05:00,6.923917198309393,6.963400397201525,6.539853623907412,6.694196701049805,1983090,0.0,0.0
2008-12-10 00:00:00-05:00,6.7588071345097545,6.8126477369626235,6.622410398405725,6.794700622558594,1137290,0.0,0.0
2008-12-11 00:00:00-05:00,6.615232768731362,6.920330059057392,6.615232768731362,6.755218505859375,1068583,0.0,0.0
2008-12-12 00:00:00-05:00,6.744452041856077,6.9167423248291025,6.4860166173965395,6.916742324829102,1348929,0.0,0.0
2008-12-15 00:00:00-05:00,6.934686100986166,6.963400887380303,6.687018475679833,6.81623649597168,1777185,0.0,0.0
2008-12-16 00:00:00-05:00,6.870074401467534,7.01723873526692,6.7731609241865876,6.988523960113525,1280439,0.0,0.0
2008-12-17 00:00:00-05:00,6.852128511144287,7.239781748220061,6.83777112102277,7.121332168579102,1460051,0.0,0.0
2008-12-18 00:00:00-05:00,7.239787424784682,7.408488742885058,7.124926732234776,7.279270648956299,1411253,0.0,0.0
2008-12-19 00:00:00-05:00,7.444378960021099,7.537702768545516,7.221837114611052,7.3295183181762695,1536656,0.0,0.0
2008-12-22 00:00:00-05:00,7.315160537985429,7.365412158741649,7.089029726100787,7.257730960845947,748419,0.0,0.0
2008-12-23 00:00:00-05:00,7.243371871667223,7.304391159719731,6.963400497714018,7.146459102630615,875771,0.0,0.0
2008-12-24 00:00:00-05:00,7.146461895255994,7.211070927033743,7.010065132698454,7.106977939605713,341587,0.0,0.0
2008-12-26 00:00:00-05:00,7.178765992510357,7.290037683933402,7.12133639791704,7.167998313903809,449463,0.0,0.0
2008-12-29 00:00:00-05:00,7.211068023089347,7.282855724959761,7.045955790256051,7.117743492126465,543164,0.0,0.0
2008-12-30 00:00:00-05:00,7.699224125906582,8.291472135591704,7.681277014496976,8.072519302368164,4045923,0.0,0.0
2008-12-31 00:00:00-05:00,8.112004833247722,9.038065825525774,8.112004833247722,8.876543998718262,3809830,0.0,0.0
2009-01-02 00:00:00-05:00,8.837056777706131,9.038061725313137,8.56067441917727,8.898076057434082,4185717,0.0,0.0
2009-01-05 00:00:00-05:00,9.030881005923153,9.210349827651799,8.715015524116508,8.901663780212402,35745493,0.0,0.0
2009-01-06 00:00:00-05:00,8.923205103439924,9.070370272986743,8.481711817077386,8.506836891174316,7250049,0.0,0.0
2009-01-07 00:00:00-05:00,8.323781244723614,8.517608394604231,8.208921287607359,8.431463241577148,3440111,0.0,0.0
2009-01-08 00:00:00-05:00,8.402742608918814,8.485297983790362,8.187379505358107,8.449403762817383,2281722,0.0,0.0
2009-01-09 00:00:00-05:00,8.431461774979127,8.470944994113673,8.126363701183442,8.237634658813477,1900641,0.0,0.0
2009-01-12 00:00:00-05:00,8.255576345462414,8.377615642816002,8.112000962961353,8.234040260314941,2104165,0.0,0.0
2009-01-13 00:00:00-05:00,8.298649850544118,8.578621199778826,8.287881436820088,8.442224502563477,2755638,0.0,0.0
2009-01-14 00:00:00-05:00,8.234041471154109,8.413510355292363,8.083287371435073,8.155075073242188,2692557,0.0,0.0
2009-01-15 00:00:00-05:00,8.133540362617135,8.280704768831491,7.900230107035284,8.201738357543945,3390880,0.0,0.0
2009-01-16 00:00:00-05:00,8.320188112362866,8.44222670959747,8.00791218107742,8.16225528717041,2019769,0.0,0.0
2009-01-20 00:00:00-05:00,8.11200469417645,8.316599449080668,7.9289460343254925,8.015091896057129,2598098,0.0,0.0
2009-01-21 00:00:00-05:00,8.086877347606649,8.22327331870413,7.896640042868535,8.187379837036133,2518571,0.0,0.0
2009-01-22 00:00:00-05:00,8.126357705712094,8.147894529902894,7.814081903293366,8.040212631225586,2411886,0.0,0.0
2009-01-23 00:00:00-05:00,7.824855084141478,7.885874394765382,7.656153809214941,7.781782150268555,2034917,0.0,0.0
2009-01-26 00:00:00-05:00,7.77819243046275,8.004324036966734,7.727941538496913,7.781782150268555,2108277,0.0,0.0
2009-01-27 00:00:00-05:00,7.821262921511859,7.964838335232733,7.749475214651421,7.839210033416748,1525404,0.0,0.0
2009-01-28 00:00:00-05:00,8.1227681470231,8.1227681470231,7.799723955648465,7.875100612640381,1918386,0.0,0.0
2009-01-29 00:00:00-05:00,7.8248550109348125,7.8392124085050146,7.577187310191135,7.60949182510376,1218765,0.0,0.0
2009-01-30 00:00:00-05:00,7.598720492369339,7.702812695972026,7.286444622320336,7.343874931335449,2074843,0.0,0.0
2009-02-02 00:00:00-05:00,7.2684978976930275,7.397715914646522,7.182352799977063,7.336696624755859,1707504,0.0,0.0
2009-02-03 00:00:00-05:00,7.290035468366492,7.336697370171907,7.099797401434853,7.257730960845947,1801530,0.0,0.0
2009-02-04 00:00:00-05:00,7.290036461382803,7.444379582107853,7.218248739420673,7.300804138183594,1616183,0.0,0.0
2009-02-05 00:00:00-05:00,7.264907867160491,7.566416035856533,7.19312017267291,7.487449645996094,2660638,0.0,0.0
2009-02-06 00:00:00-05:00,7.537701773571904,7.720760388076479,7.458735370511821,7.684866905212402,1649509,0.0,0.0
2009-02-09 00:00:00-05:00,7.645381839478711,7.806904340530045,7.573594143540229,7.6489715576171875,1287688,0.0,0.0
2009-02-10 00:00:00-05:00,7.566416607579401,7.706402289066039,7.401304379250695,7.473092079162598,3173290,0.0,0.0
2009-02-11 00:00:00-05:00,7.476684371323647,7.570008191107822,7.336698641647384,7.408486366271973,2055584,0.0,0.0
2009-02-12 00:00:00-05:00,7.297212525778008,7.379767894744873,7.135690024470435,7.379767894744873,1550831,0.0,0.0
2009-02-13 00:00:00-05:00,7.36899847113642,7.451554569547825,7.2218341218156725,7.325926303863525,1595734,0.0,0.0
2009-02-17 00:00:00-05:00,7.006473018605646,7.182352935953418,6.496781119073443,7.063903331756592,2094103,0.0,0.0
2009-02-18 00:00:00-05:00,7.117743316424109,7.185942038934995,6.97057893864002,7.11415433883667,1898802,0.0,0.0
2009-02-19 00:00:00-05:00,7.146458840918868,7.254140020686831,7.089028532688399,7.11415433883667,2548002,0.0,0.0
2009-02-20 00:00:00-05:00,7.024421107446467,7.218248163507362,6.952633391211974,7.139281749725342,3371187,0.0,0.0
2009-02-23 00:00:00-05:00,7.286445849825621,7.465914762377997,7.117744612755695,7.15363883972168,4574696,0.0,0.0
2009-02-24 00:00:00-05:00,7.200298461970591,7.591540671141982,7.182351354171111,7.541289806365967,4109544,0.0,0.0
2009-02-25 00:00:00-05:00,7.487451258341458,7.516166046016327,7.279266825421204,7.390537738800049,4860669,0.0,0.0
2009-02-26 00:00:00-05:00,7.171583310196786,7.379767697253277,6.5901038025686365,6.615229606628418,5798222,0.0,0.0
2009-02-27 00:00:00-05:00,6.52549625417247,6.758806497145745,6.417815059421206,6.669071674346924,3978947,0.0,0.0
2009-03-02 00:00:00-05:00,6.525497425932605,6.5362658436450385,6.184506297357089,6.216811180114746,3192766,0.0,0.0
2009-03-03 00:00:00-05:00,6.317313388033401,6.643946733863334,6.0696457187946375,6.127075672149658,3078615,0.0,0.0
2009-03-04 00:00:00-05:00,6.252705082602976,6.5936966039927,6.155791539092781,6.572159767150879,3920843,0.0,0.0
2009-03-05 00:00:00-05:00,6.42140619802461,6.564980909183935,6.34961847206529,6.381922245025635,2826725,0.0,0.0
2009-03-06 00:00:00-05:00,6.37115296260963,6.460887782642685,6.213220153437294,6.389100074768066,2087611,0.0,0.0
2009-03-09 00:00:00-04:00,6.317312413904142,6.4608878307218065,6.26706079579022,6.331669807434082,1528541,0.0,0.0
2009-03-10 00:00:00-04:00,6.374744503205883,6.758809005841252,6.374744503205883,6.7516303062438965,2067594,0.0,0.0
2009-03-11 00:00:00-04:00,6.809059511914286,6.96699161756253,6.730092347951209,6.89161491394043,1868398,0.0,0.0
2009-03-12 00:00:00-04:00,6.8916127949867425,7.229014479273583,6.762395522684907,7.146459102630615,2156642,0.0,0.0
2009-03-13 00:00:00-04:00,7.2326071462186485,7.261321942711892,7.0351910684291585,7.243374824523926,1335621,0.0,0.0
2009-03-16 00:00:00-04:00,7.307982183896166,7.422842825085293,7.243373165822183,7.297214508056641,1405843,0.0,0.0
2009-03-17 00:00:00-04:00,7.203888506813669,7.343874931335449,7.1967098107816625,7.343874931335449,1595517,0.0,0.0
2009-03-18 00:00:00-04:00,7.358232877733292,7.7961370724705965,7.300802564391656,7.684866905212402,2241255,0.0,0.0
2009-03-19 00:00:00-04:00,7.860746562040407,7.893051068968823,7.652562126448203,7.785369873046875,2058613,0.0,0.0
2009-03-20 00:00:00-04:00,7.7315305282657505,7.824854345292563,7.544882153452847,7.5951337814331055,2084798,0.0,0.0
2009-03-23 00:00:00-04:00,7.602309316219712,8.137126922607422,7.602309316219712,8.137126922607422,1899018,0.0,0.0
2009-03-24 00:00:00-04:00,8.173021658215458,8.287882280433275,8.015089598994358,8.022268295288086,1589242,0.0,0.0
2009-03-25 00:00:00-04:00,8.061749455416386,8.2196822154348,7.803313491197966,8.040212631225586,1418502,0.0,0.0
2009-03-26 00:00:00-04:00,8.086876005289563,8.348900229871033,7.907406404461943,8.341721534729004,1667146,0.0,0.0
2009-03-27 00:00:00-04:00,8.24122248705967,8.291474114697573,7.950482620318714,7.982787132263184,1470330,0.0,0.0
2009-03-30 00:00:00-04:00,7.846390614112851,7.896642243209382,7.674100372580882,7.774602890014648,1529082,0.0,0.0
2009-03-31 00:00:00-04:00,8.07252202768901,8.090469145157645,7.7925505508231545,7.957662105560303,1416663,0.0,0.0
2009-04-01 00:00:00-04:00,7.817675346215198,7.99355455585794,7.724350792021176,7.950482368469238,1874024,0.0,0.0
2009-04-02 00:00:00-04:00,8.115591284204198,8.76167981273228,7.943301108697912,8.68630313873291,3584017,0.0,0.0
2009-04-03 00:00:00-04:00,8.675537020930363,8.955509185791016,8.524782892276045,8.955509185791016,2007110,0.0,0.0
2009-04-06 00:00:00-04:00,8.811935593676461,8.89449100233605,8.53196337038541,8.826292991638184,1737043,0.0,0.0
2009-04-07 00:00:00-04:00,8.632462501525879,8.79039454419351,8.549906391662406,8.632462501525879,1839400,0.0,0.0
2009-04-08 00:00:00-04:00,8.646818932928273,8.93396971034623,8.618104151490073,8.912433624267578,1709885,0.0,0.0
2009-04-09 00:00:00-04:00,9.023707771238392,9.332394746177865,8.991403260078275,9.271374702453613,2795780,0.0,0.0
2009-04-13 00:00:00-04:00,8.585800986112048,9.127798125669647,8.585800986112048,9.070367813110352,1577231,0.0,0.0
2009-04-14 00:00:00-04:00,8.951921334942304,9.05960256041459,8.801167174825487,8.826292991638184,1598330,0.0,0.0
2009-04-15 00:00:00-04:00,8.779629555159916,8.919615272146892,8.779629555159916,8.908846855163574,1432568,0.0,0.0
2009-04-16 00:00:00-04:00,8.937565072051292,9.529813368883119,8.90167157258851,9.461614608764648,2294597,0.0,0.0
2009-04-17 00:00:00-04:00,9.472378556947225,9.493914646457421,9.249836743064561,9.45802116394043,1819383,0.0,0.0
2009-04-20 00:00:00-04:00,8.715017563579698,9.163690093277765,8.715017563579698,8.894486427307129,1592920,0.0,0.0
2009-04-21 00:00:00-04:00,8.855004526558357,9.056010246276855,8.829879459757748,9.056010246276855,1107643,0.0,0.0
2009-04-22 00:00:00-04:00,8.966275603083846,9.282141211021322,8.890898919716541,9.070367813110352,997496,0.0,0.0
2009-04-23 00:00:00-04:00,9.06677889517045,9.332393651238903,8.793986182752201,9.310856819152832,1457995,0.0,0.0
2009-04-24 00:00:00-04:00,9.30367686895488,9.414947020677419,9.19958467204385,9.314444541931152,1809753,0.0,0.0
2009-04-27 00:00:00-04:00,9.199587722941416,9.379056653240422,9.163693492426061,9.271374702453613,1093902,0.0,0.0
2009-04-28 00:00:00-04:00,9.102672445729999,9.199585960645349,8.959097032690762,9.142155647277832,2039895,0.0,0.0
2009-04-29 00:00:00-04:00,9.239068117112119,9.766707070701962,9.149333308923207,9.716455459594727,2711059,0.0,0.0
2009-04-30 00:00:00-04:00,9.816957564273318,10.685587866731973,9.72722350028745,10.226147651672363,2877795,0.0,0.0
2009-05-01 00:00:00-04:00,10.175896612483712,10.588674959609763,10.175896612483712,10.323060989379883,2066295,0.0,0.0
2009-05-04 00:00:00-04:00,10.31588683026055,10.775328013869462,10.032325625218673,10.585090637207031,2943040,0.0,0.0
2009-05-05 00:00:00-04:00,10.574319485732792,11.223997091849112,10.56714004828391,10.746609687805176,3906236,0.0,0.0
2009-05-06 00:00:00-04:00,10.800453112769404,10.979922058547304,10.53483830262842,10.61739444732666,2480377,0.0,0.0
2009-05-07 00:00:00-04:00,10.714303369393297,10.800449202568092,9.971302039902406,10.061036109924316,3116809,0.0,0.0
2009-05-08 00:00:00-04:00,10.197434666670903,10.427155201747965,10.086163747769863,10.341010093688965,2017497,0.0,0.0
2009-05-11 00:00:00-04:00,10.132825159523986,10.20102389147104,9.917462029430757,10.075395584106445,1965453,0.0,0.0
2009-05-12 00:00:00-04:00,10.10411069210295,10.233328722406767,9.737993433414916,9.93899917602539,1204591,0.0,0.0
2009-05-13 00:00:00-04:00,9.66979728912385,9.755942412212674,9.508275461117048,9.533400535583496,1822413,0.0,0.0
2009-05-14 00:00:00-04:00,9.551346619490028,9.75594135729797,9.472380203467338,9.70210075378418,1725790,0.0,0.0
2009-05-15 00:00:00-04:00,9.702098497094441,9.845673159482942,9.63031079552066,9.673383712768555,1603740,0.0,0.0
2009-05-18 00:00:00-04:00,9.734403855329413,10.078984260559082,9.687741956319526,10.078984260559082,1253930,0.0,0.0
2009-05-19 00:00:00-04:00,9.996428790135688,10.165129272532187,9.935408757478221,10.082573890686035,1343411,0.0,0.0
2009-05-20 00:00:00-04:00,10.075395240889737,10.351777655828753,9.992839117900557,10.02514362335205,1372084,0.0,0.0
2009-05-21 00:00:00-04:00,9.824138428013244,9.888746696797707,9.633901118027886,9.734403610229492,1184790,0.0,0.0
2009-05-22 00:00:00-04:00,9.77388703285053,9.877979246054535,9.623132920754923,9.691330909729004,1087085,0.0,0.0
2009-05-26 00:00:00-04:00,9.612362033206292,10.082571360678633,9.501091892683947,10.000015258789062,1593786,0.0,0.0
2009-05-27 00:00:00-04:00,10.0179632955375,10.086161273298208,9.788242816818531,9.79901123046875,1133503,0.0,0.0
2009-05-28 00:00:00-04:00,9.881571805306148,9.892340224629645,9.35034361285559,9.572885513305664,1716593,0.0,0.0
2009-05-29 00:00:00-04:00,9.544169514282709,9.79901591963222,9.544169514282709,9.781068801879883,1938944,0.0,0.0
2009-06-01 00:00:00-04:00,9.949770009482686,10.272814422968285,9.949770009482686,10.222562789916992,1601035,0.0,0.0
2009-06-02 00:00:00-04:00,10.251275339734828,10.47740689816698,10.22256055043007,10.448691368103027,1771126,0.0,0.0
2009-06-03 00:00:00-04:00,10.330240248603744,10.351777078209087,10.082573374974041,10.218969345092773,1241920,0.0,0.0
2009-06-04 00:00:00-04:00,10.132827305912928,10.333833084729877,10.017967389988463,10.197436332702637,1353582,0.0,0.0
2009-06-05 00:00:00-04:00,10.36613750719987,10.409209697509004,10.093344005538155,10.20102596282959,1283036,0.0,0.0
2009-06-08 00:00:00-04:00,10.093339199277953,10.283576467787434,9.996426446850801,10.183073997497559,976072,0.0,0.0
2009-06-09 00:00:00-04:00,10.25845546738937,10.376905841684923,10.12564843719889,10.348190307617188,892434,0.0,0.0
2009-06-10 00:00:00-04:00,10.384080617084622,10.409206423909433,9.992838344735231,10.150771141052246,1041209,0.0,0.0
2009-06-11 00:00:00-04:00,10.26921844897596,10.27639714350284,10.089749604286222,10.122054100036621,783584,0.0,0.0
2009-06-12 00:00:00-04:00,10.093342179215849,10.132825383567985,9.834906861845276,10.032322883605957,758374,0.0,0.0
2009-06-15 00:00:00-04:00,9.90310474185496,9.913872416176302,9.709277714961585,9.827727317810059,1255553,0.0,0.0
2009-06-16 00:00:00-04:00,9.924641930615772,10.028734152060084,9.77029808757512,9.78824520111084,1064580,0.0,0.0
2009-06-17 00:00:00-04:00,9.784655417546151,10.046680458554048,9.748761931470703,9.95694637298584,1156442,0.0,0.0
2009-06-18 00:00:00-04:00,10.007198308577003,10.154363468900302,9.910284774816672,10.11846923828125,730783,0.0,0.0
2009-06-19 00:00:00-04:00,10.172309981176724,10.380493691540533,10.157951845324725,10.333831787109375,1611314,0.0,0.0
2009-06-22 00:00:00-04:00,10.269225954489059,10.308709173623605,10.068220138549805,10.068220138549805,902280,0.0,0.0
2009-06-23 00:00:00-04:00,10.075396903519229,10.089754299253771,9.842086630175547,9.992840766906738,1043264,0.0,0.0
2009-06-24 00:00:00-04:00,10.046680011532782,10.244096028061781,9.953356211129828,10.111289024353027,1229260,0.0,0.0
2009-06-25 00:00:00-04:00,10.043088939032312,10.55278153523975,9.978480675679538,10.48817253112793,1216601,0.0,0.0
2009-06-26 00:00:00-04:00,10.419976898425299,10.445102710217279,10.236918259094256,10.333831787109375,1212814,0.0,0.0
2009-06-29 00:00:00-04:00,10.35895836486341,10.520480182739307,10.244097714109676,10.409209251403809,872525,0.0,0.0
2009-06-30 00:00:00-04:00,10.409208308492001,10.448691514719673,10.262043900101304,10.319474220275879,1085030,0.0,0.0
2009-07-01 00:00:00-04:00,10.35178118544554,10.559964941744493,10.172312225667994,10.491766929626465,897627,0.0,0.0
2009-07-02 00:00:00-04:00,10.355364859649095,10.398437773124625,10.093339882967024,10.172307014465332,1052786,0.0,0.0
2009-07-06 00:00:00-04:00,10.11488018941372,10.254866661044524,10.021557109592028,10.197436332702637,926192,0.0,0.0
2009-07-07 00:00:00-04:00,10.168722691762376,10.168722691762376,9.79183690634712,9.903108596801758,1366891,0.0,0.0
2009-07-08 00:00:00-04:00,9.946180068254929,9.98566328169939,9.824141448931687,9.860034942626953,1288770,0.0,0.0
2009-07-09 00:00:00-04:00,9.870802829576112,10.039504105417974,9.791836401013429,10.003610610961914,852616,0.0,0.0
2009-07-10 00:00:00-04:00,9.877982269226678,10.06821890098282,9.845677013077195,10.003610610961914,577896,0.0,0.0
2009-07-13 00:00:00-04:00,9.989249993689263,10.10770034790039,9.784655274159443,10.10770034790039,792349,0.0,0.0
2009-07-14 00:00:00-04:00,10.100518881509888,10.362543106079102,10.057445969900764,10.362543106079102,1288013,0.0,0.0
2009-07-15 00:00:00-04:00,10.542014198423175,10.699947747259936,10.441511704398984,10.692769050598145,1232506,0.0,0.0
2009-07-16 00:00:00-04:00,10.69276767872591,10.886593945244767,10.603032870827736,10.847110748291016,1085138,0.0,0.0
2009-07-17 00:00:00-04:00,10.904543517275764,10.904543517275764,10.617392659768758,10.689180374145508,1087410,0.0,0.0
2009-07-20 00:00:00-04:00,10.649695615093783,10.811217393315273,10.64610663731593,10.717893600463867,1402813,0.0,0.0
2009-07-21 00:00:00-04:00,10.800447374298775,10.843520283594911,10.531243728284974,10.782500267028809,1196800,0.0,0.0
2009-07-22 00:00:00-04:00,10.778912632328128,10.843521633938627,10.642515933456963,10.775322914123535,1920117,0.0,0.0
2009-07-23 00:00:00-04:00,10.76455288982457,10.965558560234532,10.646104058938029,10.918896675109863,1879867,0.0,0.0
2009-07-24 00:00:00-04:00,10.854292239959456,10.997867673276128,10.80045163765551,10.994277954101562,1420450,0.0,0.0
2009-07-27 00:00:00-04:00,10.961972444931535,11.05170726776123,10.89018473481961,11.05170726776123,719314,0.0,0.0
2009-07-28 00:00:00-04:00,10.86506112334827,11.285019053201772,10.86506112334827,11.267072677612305,1272216,0.0,0.0
2009-07-29 00:00:00-04:00,11.155801688567454,11.500382172577817,11.155801688567454,11.468077659606934,2050931,0.0,0.0
2009-07-30 00:00:00-04:00,10.768150649963879,10.951209350276043,10.409211949277333,10.470232009887695,3973320,0.0,0.0
2009-07-31 00:00:00-04:00,10.1507748442593,10.513302464357182,10.08975553453731,10.484587669372559,2428765,0.0,0.0
2009-08-03 00:00:00-04:00,10.48458285484117,10.857877981261103,10.4630460277331,10.800448417663574,2113471,0.0,0.0
2009-08-04 00:00:00-04:00,10.771734547071881,10.886594424742214,10.743019022085004,10.836342811584473,1279790,0.0,0.0
2009-08-05 00:00:00-04:00,10.739427863587771,10.85787744378277,10.423563057160063,10.47740364074707,1668660,0.0,0.0
2009-08-06 00:00:00-04:00,10.567142204182732,10.656877042250985,10.402030665114195,10.480997085571289,968390,0.0,0.0
2009-08-07 00:00:00-04:00,10.577901156025888,10.67122488927976,10.520470881424039,10.588668823242188,743550,0.0,0.0
2009-08-10 00:00:00-04:00,10.58149750584484,10.617391730270459,10.23691709961004,10.355366706848145,985269,0.0,0.0
2009-08-11 00:00:00-04:00,10.262045808059996,10.3374225154366,10.068218719218432,10.154364585876465,960600,0.0,0.0
2009-08-12 00:00:00-04:00,10.19025682127732,10.441513469183798,10.100522727458863,10.344600677490234,1248087,0.0,0.0
2009-08-13 00:00:00-04:00,10.366138368508564,10.409210562396508,10.222562907363354,10.369728088378906,588608,0.0,0.0
2009-08-14 00:00:00-04:00,10.40920695549167,10.466637268201392,10.09334134672687,10.215380668640137,663591,0.0,0.0
2009-08-17 00:00:00-04:00,10.017964799265894,10.147182819428538,9.895925475694604,9.95335578918457,617281,0.0,0.0
2009-08-18 00:00:00-04:00,10.000017079944977,10.025142886867984,9.870799067631834,9.982069969177246,547276,0.0,0.0
2009-08-19 00:00:00-04:00,9.928230576878542,10.08257441475811,9.87797969772172,10.03591251373291,769735,0.0,0.0
2009-08-20 00:00:00-04:00,10.03232162892027,10.208201537426891,9.956944948565477,10.168718338012695,811933,0.0,0.0
2009-08-21 00:00:00-04:00,10.161543475254295,10.653288423825582,10.161543475254295,10.606626510620117,1947925,0.0,0.0
2009-08-24 00:00:00-04:00,10.660459693292085,10.717889985197631,10.531242462453152,10.549189567565918,549007,0.0,0.0
2009-08-25 00:00:00-04:00,10.545604182906487,10.707126713765312,10.463048058076613,10.592266082763672,772007,0.0,0.0
2009-08-26 00:00:00-04:00,10.542013940746465,10.786091843558756,10.52406756991021,10.771735191345215,1328804,0.0,0.0
2009-08-27 00:00:00-04:00,10.796861245688834,10.918900578631051,10.559962017706154,10.915310859680176,1248303,0.0,0.0
2009-08-28 00:00:00-04:00,10.983507495817843,11.008633303091976,10.678410312298151,10.72148323059082,1373274,0.0,0.0
2009-08-31 00:00:00-04:00,10.68917987099882,10.714304940202714,10.477406456897354,10.513299942016602,880315,0.0,0.0
2009-09-01 00:00:00-04:00,10.495355680850686,10.5707323851418,10.136417053666227,10.251276969909668,1582641,0.0,0.0
2009-09-02 00:00:00-04:00,10.236920056413569,10.283581969037265,10.010789192101862,10.09693431854248,1119004,0.0,0.0
2009-09-03 00:00:00-04:00,10.129236439230063,10.150772530559736,9.860032704952053,10.10770034790039,940907,0.0,0.0
2009-09-04 00:00:00-04:00,10.107701785660414,10.283581001009264,10.003609551621741,10.262044906616211,1117057,0.0,0.0
2009-09-08 00:00:00-04:00,10.323060359732196,10.323060359732196,10.125644382883923,10.172307014465332,1026277,0.0,0.0
2009-09-09 00:00:00-04:00,10.157949311782584,10.186664094806265,10.021553351661074,10.086161613464355,1519994,0.0,0.0
2009-09-10 00:00:00-04:00,10.096933144365375,10.147184770928344,10.02514542388653,10.11846923828125,756859,0.0,0.0
2009-09-11 00:00:00-04:00,10.118464792339083,10.244093062787567,10.118464792339083,10.204609870910645,1378252,0.0,0.0
2009-09-14 00:00:00-04:00,10.15436069508981,10.419974669773758,10.114876755890759,10.358955383300781,822645,0.0,0.0
2009-09-15 00:00:00-04:00,10.369721645603763,10.427151201773,10.244092639586297,10.416382789611816,429770,0.0,0.0
2009-09-16 00:00:00-04:00,10.459457397460938,10.484583202748098,10.312292283961437,10.459457397460938,852291,0.0,0.0
2009-09-17 00:00:00-04:00,10.409202646247847,10.466632935182345,10.2476809308655,10.258448600769043,1216168,0.0,0.0
2009-09-18 00:00:00-04:00,10.247685917243277,10.30152651523546,10.061037572575442,10.147183418273926,2014576,0.0,0.0
2009-09-21 00:00:00-04:00,10.075394849977098,10.143592836195852,9.813369838569622,9.921051025390625,1784975,0.0,0.0
2009-09-22 00:00:00-04:00,10.039499839379992,10.039499839379992,9.892335463504994,9.935407638549805,974990,0.0,0.0
2009-09-23 00:00:00-04:00,9.938998313278065,9.938998313278065,9.720045476407169,9.734403610229492,1431919,0.0,0.0
2009-09-24 00:00:00-04:00,9.784658196410804,9.809784014178996,9.55493833876863,9.608778953552246,1209243,0.0,0.0
2009-09-25 00:00:00-04:00,9.619543377141737,9.633901511550556,9.436485496969603,9.615954399108887,2140088,0.0,0.0
2009-09-28 00:00:00-04:00,9.619542942448511,9.809780251608077,9.580059741316509,9.770297050476074,539485,0.0,0.0
2009-09-29 00:00:00-04:00,9.777477787153197,9.874391321269927,9.662617878420203,9.752352714538574,967957,0.0,0.0
2009-09-30 00:00:00-04:00,9.788242212687834,9.788242212687834,9.450840581327135,9.569290161132812,1886683,0.0,0.0
2009-10-01 00:00:00-04:00,9.479560130468904,9.519043343600186,9.242660851681217,9.292912483215332,1630790,0.0,0.0
2009-10-02 00:00:00-04:00,9.228303382985102,9.274965294437813,9.063191833054125,9.109853744506836,1434516,0.0,0.0
2009-10-05 00:00:00-04:00,9.134979604936001,9.422129773688912,9.073959555171086,9.382646560668945,2348373,0.0,0.0
2009-10-06 00:00:00-04:00,9.508270616140875,9.759527158851142,9.436482926686665,9.515448570251465,2074519,0.0,0.0
2009-10-07 00:00:00-04:00,9.590829642906263,9.637491547770727,9.50468453079039,9.522631645202637,1301862,0.0,0.0
2009-10-08 00:00:00-04:00,9.59441798360248,9.795423725685026,9.536988406515327,9.773887634277344,1065554,0.0,0.0
2009-10-09 00:00:00-04:00,9.773888184811895,9.870800971984863,9.752352092191147,9.870800971984863,904336,0.0,0.0
2009-10-12 00:00:00-04:00,9.870798883033522,9.895924689486641,9.709277111421857,9.766707420349121,572053,0.0,0.0
2009-10-13 00:00:00-04:00,9.76671181865586,9.76671181865586,9.594420814285144,9.608778953552246,882479,0.0,0.0
2009-10-14 00:00:00-04:00,9.666205535064705,9.694921063890192,9.58006043010657,9.648259162902832,960275,0.0,0.0
2009-10-15 00:00:00-04:00,9.594417048777157,9.673384191096225,9.533397758687844,9.662615776062012,865816,0.0,0.0
2009-10-16 00:00:00-04:00,9.569292415101936,9.641080123477325,9.486736291204542,9.598007202148438,968823,0.0,0.0
2009-10-19 00:00:00-04:00,9.630315297810084,9.648262416783792,9.52263406548666,9.641083717346191,1025736,0.0,0.0
2009-10-20 00:00:00-04:00,9.605188827147874,9.626725664757604,9.511865000036908,9.540579795837402,1123657,0.0,0.0
2009-10-21 00:00:00-04:00,9.497504280667036,9.608775186619301,9.321624365999376,9.328803062438965,1430079,0.0,0.0
2009-10-22 00:00:00-04:00,9.37905532026362,9.4723791211253,9.249837293987968,9.465200424194336,1418502,0.0,0.0
2009-10-23 00:00:00-04:00,9.458020418293364,9.515449985792943,9.300087626151422,9.325213432312012,1308463,0.0,0.0
2009-10-26 00:00:00-04:00,9.353928995839661,9.554934721121912,9.34316058065627,9.511861801147461,2186397,0.0,0.0
2009-10-27 00:00:00-04:00,9.508270170695077,9.648255825231184,9.429303790070776,9.468786239624023,2475832,0.0,0.0
2009-10-28 00:00:00-04:00,9.472382545471191,9.590832198791365,9.404184529593303,9.472382545471191,3304536,0.0,0.0
2009-10-29 00:00:00-04:00,9.515453866400946,9.547759122432815,9.02729863977901,9.1062650680542,3665383,0.0,0.0
2009-10-30 00:00:00-04:00,9.052422944303173,9.095495874583845,8.668359254320697,8.768861770629883,2993028,0.0,0.0
2009-11-02 00:00:00-05:00,8.815520979064782,8.933970575101052,8.639641073834214,8.78321647644043,2536965,0.0,0.0
2009-11-03 00:00:00-05:00,8.776037090840855,8.86577189560892,8.715017808793252,8.837057113647461,1308463,0.0,0.0
2009-11-04 00:00:00-05:00,8.880133774000297,8.99858342058615,8.815524741179036,8.84065055847168,1381498,0.0,0.0
2009-11-05 00:00:00-05:00,8.937558618771174,9.038061085459558,8.87653934336311,8.984220504760742,1109916,0.0,0.0
2009-11-06 00:00:00-05:00,8.977046344526117,9.109853374868901,8.912437318748738,9.027297973632812,1064904,0.0,0.0
2009-11-09 00:00:00-05:00,9.081137124328162,9.217533111572266,9.038064200468481,9.217533111572266,788021,0.0,0.0
2009-11-10 00:00:00-05:00,9.163692128228353,9.217532725226887,9.070368327996343,9.134977340698242,1172455,0.0,0.0
2009-11-11 00:00:00-05:00,9.188816547924784,9.246246114299014,9.142154654866204,9.178048133850098,1228827,0.0,0.0
2009-11-12 00:00:00-05:00,9.149339256217006,9.350345090545611,8.951923142483336,8.973459243774414,2414267,0.0,0.0
2009-11-13 00:00:00-05:00,9.005761065659065,9.145746793214782,8.89807985073302,8.987813949584961,1297210,0.0,0.0
2009-11-16 00:00:00-05:00,8.994994281077297,9.134980774809549,8.994994281077297,9.120622634887695,1023788,0.0,0.0
2009-11-17 00:00:00-05:00,9.077546335288416,9.117029535522487,8.994990216272134,9.056010246276855,592395,0.0,0.0
2009-11-18 00:00:00-05:00,9.027295684731033,9.066778145184857,8.736555142451085,8.790395736694336,1465461,0.0,0.0
2009-11-19 00:00:00-05:00,8.761680777114858,8.811932392484886,8.596569279017887,8.77603816986084,1489914,0.0,0.0
2009-11-20 00:00:00-05:00,8.754502513217531,8.833468917980491,8.682714805182192,8.732966423034668,1310194,0.0,0.0
2009-11-23 00:00:00-05:00,8.793987855126485,8.966278100024887,8.793987855126485,8.876543998718262,904552,0.0,0.0
2009-11-24 00:00:00-05:00,8.89448667757038,8.89448667757038,8.747322308879395,8.837057113647461,1075833,0.0,0.0
2009-11-25 00:00:00-05:00,8.865773070553251,8.930382079287902,8.84782595906938,8.905256271362305,809661,0.0,0.0
2009-11-27 00:00:00-05:00,8.76885822028536,8.876540132009032,8.664766026614705,8.801162719726562,594559,0.0,0.0
2009-11-30 00:00:00-05:00,8.772449287941255,8.808343513988607,8.582212704775111,8.614517211914062,1578854,0.0,0.0
2009-12-01 00:00:00-05:00,8.697072598456478,8.707841014422515,8.57862298586671,8.614517211914062,1458211,0.0,0.0
2009-12-02 00:00:00-05:00,8.628872783375725,8.754501066487006,8.57862117382761,8.632462501525879,2440992,0.0,0.0
2009-12-03 00:00:00-05:00,8.621697232852556,8.682716537591709,8.524783696554412,8.531962394714355,968174,0.0,0.0
2009-12-04 00:00:00-05:00,8.607338514856425,8.686304923249603,8.528372106463246,8.614517211914062,1337136,0.0,0.0
2009-12-07 00:00:00-05:00,8.643234940358276,8.643234940358276,8.49965946884639,8.557089805603027,1622567,0.0,0.0
2009-12-08 00:00:00-05:00,8.528369705246755,8.528369705246755,8.341721412022693,8.381204605102539,1762686,0.0,0.0
2009-12-09 00:00:00-05:00,8.359669469991884,8.413510059263073,8.273524379006172,8.402742385864258,1316145,0.0,0.0
2009-12-10 00:00:00-05:00,8.40992564686052,8.51401716360107,8.406335926606289,8.478123664855957,1054084,0.0,0.0
2009-12-11 00:00:00-05:00,8.48529970872602,8.589391933645388,8.452995199586933,8.546319007873535,626586,0.0,0.0
2009-12-14 00:00:00-05:00,8.567854278757926,8.643230959164427,8.528371079316644,8.575032234191895,907473,0.0,0.0
2009-12-15 00:00:00-05:00,8.53555225476924,8.57862444443837,8.463764531228067,8.49247932434082,825458,0.0,0.0
2009-12-16 00:00:00-05:00,8.49965663873901,8.553497978198127,8.417101251601537,8.445816040039062,925002,0.0,0.0
2009-12-17 00:00:00-05:00,8.420689101818356,8.456583323316373,8.316596896536804,8.320186614990234,890053,0.0,0.0
2009-12-18 00:00:00-05:00,8.323775681087312,8.38479571013019,8.190968689804127,8.316596984863281,1815704,0.0,0.0
2009-12-21 00:00:00-05:00,8.381207548811867,8.467352660264508,8.36326117529701,8.399154663085938,644439,0.0,0.0
2009-12-22 00:00:00-05:00,8.406332835557878,8.45658445608272,8.399154138448496,8.445816040039062,787371,0.0,0.0
2009-12-23 00:00:00-05:00,8.417099954378463,8.445814738390537,8.348901231211205,8.395563125610352,621176,0.0,0.0
2009-12-24 00:00:00-05:00,8.431457169273148,8.431457169273148,8.377616580001959,8.402742385864258,222892,0.0,0.0
2009-12-28 00:00:00-05:00,8.399155021524132,8.43504925160408,8.32377758281179,8.338135719299316,398284,0.0,0.0
2009-12-29 00:00:00-05:00,8.37761892793171,8.399155021524132,8.320188604259343,8.338135719299316,690208,0.0,0.0
2009-12-30 00:00:00-05:00,8.338134162236617,8.366848948330981,8.216094839817357,8.25557804107666,975639,0.0,0.0
2009-12-31 00:00:00-05:00,8.298650654242374,8.359669942817055,8.162253943817433,8.169432640075684,690857,0.0,0.0
2010-01-04 00:00:00-05:00,8.216097831726074,8.277117144776456,8.140721120400235,8.216097831726074,995548,0.0,0.0
2010-01-05 00:00:00-05:00,8.19455857744425,8.266346281925447,8.147896680645337,8.241220474243164,1120195,0.0,0.0
2010-01-06 00:00:00-05:00,8.251990504539982,8.531962706030551,8.234044128864934,8.506836891174316,1974975,0.0,0.0
2010-01-07 00:00:00-05:00,8.488890178179059,8.643233299255371,8.474532041146537,8.643233299255371,1518912,0.0,0.0
2010-01-08 00:00:00-05:00,8.614519146069421,8.697074551147402,8.553499836999698,8.668359756469727,1048566,0.0,0.0
2010-01-11 00:00:00-05:00,8.686304523925568,8.758092231960907,8.610927097146853,8.732966423034668,1014159,0.0,0.0
2010-01-12 00:00:00-05:00,8.664768264754203,8.768860485312237,8.59657027096199,8.628874778747559,1605580,0.0,0.0
2010-01-13 00:00:00-05:00,8.646821125545666,8.858595285009477,8.646821125545666,8.85141658782959,1002365,0.0,0.0
2010-01-14 00:00:00-05:00,8.84782462527264,8.92320129692741,8.743732431420682,8.912433624267578,1214004,0.0,0.0
2010-01-15 00:00:00-05:00,8.883722558176414,8.948330843432817,8.704253617612254,8.75091552734375,1261287,0.0,0.0
2010-01-19 00:00:00-05:00,8.740147246190647,8.905258792614893,8.707842732677284,8.876543998718262,958977,0.0,0.0
2010-01-20 00:00:00-05:00,8.804757502468696,8.815525181303576,8.671949710256921,8.722201347351074,681227,0.0,0.0
2010-01-21 00:00:00-05:00,8.70784145206799,8.772449728833863,8.621696342287628,8.639642715454102,1418935,0.0,0.0
2010-01-22 00:00:00-05:00,8.643229945802137,8.653998359208714,8.510422970662958,8.521190643310547,1560136,0.0,0.0
2010-01-25 00:00:00-05:00,8.585801919988713,8.600159314500413,8.39915430981824,8.460173606872559,905850,0.0,0.0
2010-01-26 00:00:00-05:00,8.449404458782675,8.488888401408813,8.323776156547538,8.32736587524414,834655,0.0,0.0
2010-01-27 00:00:00-05:00,8.320188995038126,8.381208300128868,8.223275458181574,8.330957412719727,1289636,0.0,0.0
2010-01-28 00:00:00-05:00,8.348903817012962,8.348903817012962,8.183792276287491,8.219686508178711,784558,0.0,0.0
2010-01-29 00:00:00-05:00,8.287882413075238,8.327365613702186,8.190968900420248,8.205327033996582,1605147,0.0,0.0
2010-02-01 00:00:00-05:00,8.244808109167465,8.30582812953119,8.205325655930602,8.248397827148438,1015132,0.0,0.0
2010-02-02 00:00:00-05:00,8.248400884858695,8.35608283433929,8.219686093402133,8.338135719299316,1066527,0.0,0.0
2010-02-03 00:00:00-05:00,8.309418504270836,8.409921735533507,8.273525022219236,8.295061111450195,874148,0.0,0.0
2010-02-04 00:00:00-05:00,8.212505907598569,8.277114176670123,8.104823977627754,8.108413696289062,1499327,0.0,0.0
2010-02-05 00:00:00-05:00,8.07969935743312,8.165844461724426,7.878693620247301,7.932534217834473,2948234,0.0,0.0
2010-02-08 00:00:00-05:00,7.925353025807688,7.939710415209708,7.824850559234619,7.824850559234619,1330535,0.0,0.0
2010-02-09 00:00:00-05:00,7.910994823214699,7.961246421715206,7.817671060935624,7.875100612640381,1251658,0.0,0.0
2010-02-10 00:00:00-05:00,7.875101847500067,7.914585040867694,7.717169074029561,7.760241985321045,1705557,0.0,0.0
2010-02-11 00:00:00-05:00,7.745885893635282,7.867924471361155,7.65256136031898,7.799726486206055,1853574,0.0,0.0
2010-02-12 00:00:00-05:00,7.75306307998093,7.817672074786578,7.674096695387127,7.792546272277832,1668119,0.0,0.0
2010-02-16 00:00:00-05:00,7.842796681202569,8.043802348843686,7.7853671253841625,8.040212631225586,1283901,0.0,0.0
2010-02-17 00:00:00-05:00,8.298649382236485,8.496065350976453,8.205325604424678,8.45299243927002,3238967,0.0,0.0
2010-02-18 00:00:00-05:00,8.467354950718244,8.575036183972452,8.435051173349514,8.557089805603027,1318958,0.0,0.0
2010-02-19 00:00:00-05:00,8.528374021277067,8.765273299645875,8.528374021277067,8.668359756469727,1933642,0.0,0.0
2010-02-22 00:00:00-05:00,8.715018304676928,8.772447871867584,8.503244923763773,8.567853927612305,1786274,0.0,0.0
2010-02-23 00:00:00-05:00,8.557085513384536,8.650409300828395,8.531959707359102,8.567853927612305,2021501,0.0,0.0
2010-02-24 00:00:00-05:00,8.607341414969397,8.776041963803717,8.592983275257202,8.722201347351074,2511430,0.0,0.0
2010-02-25 00:00:00-05:00,9.160103051177767,9.504683460851977,9.156513332395722,9.339571952819824,4288940,0.0,0.0
2010-02-26 00:00:00-05:00,9.375467757104895,9.418539945191046,9.264196085984175,9.289321899414062,2187588,0.0,0.0
2010-03-01 00:00:00-05:00,9.364697285396005,9.36828626323625,9.213943178646456,9.328803062438965,2250019,0.0,0.0
2010-03-02 00:00:00-05:00,9.37546767464444,9.386235351191642,9.228302514746295,9.271374702453613,1368514,0.0,0.0
2010-03-03 00:00:00-05:00,9.307267193066648,9.343160676112813,9.160102801438699,9.195996284484863,1506577,0.0,0.0
2010-03-04 00:00:00-05:00,9.221123613274651,9.22471333255066,9.102673988554956,9.203176498413086,1005070,0.0,0.0
2010-03-05 00:00:00-05:00,9.228302514746295,9.328805026822627,9.199587722941416,9.271374702453613,1192148,0.0,0.0
2010-03-08 00:00:00-05:00,9.307267886433959,9.335982675010067,9.246247849570969,9.27496337890625,751233,0.0,0.0
2010-03-09 00:00:00-05:00,9.257017971482412,9.271375368416143,9.149336753720123,9.206767082214355,1267238,0.0,0.0
2010-03-10 00:00:00-05:00,9.206766217689095,9.285732634168891,9.195997800620308,9.203176498413086,1158822,0.0,0.0
2010-03-11 00:00:00-05:00,9.16369087643582,9.26060438224994,9.124207678595887,9.249835968017578,726347,0.0,0.0
2010-03-12 00:00:00-05:00,9.267784375984425,9.314446276260641,9.213943778801031,9.300088882446289,635783,0.0,0.0
2010-03-15 00:00:00-04:00,9.332392778053586,9.37546569743644,9.267783769358857,9.350339889526367,890161,0.0,0.0
2010-03-16 00:00:00-04:00,9.375465569911238,9.389822221831443,9.300088147206305,9.3682861328125,999984,0.0,0.0
2010-03-17 00:00:00-04:00,9.43648904784057,9.479561244997315,9.357522612293788,9.472382545471191,957137,0.0,0.0
2010-03-18 00:00:00-04:00,9.472383028983211,9.483151449201774,9.411363709516754,9.461614608764648,667378,0.0,0.0
2010-03-19 00:00:00-04:00,9.332392692565918,9.529808694680808,9.29649846994916,9.332392692565918,1279573,0.0,0.0
2010-03-22 00:00:00-04:00,9.274968638601543,9.490331897329142,9.274968638601543,9.447258949279785,909529,0.0,0.0
2010-03-23 00:00:00-04:00,9.552674669677636,9.815327644348145,9.513096732633747,9.815327644348145,1850436,0.058226,0.0
2010-03-24 00:00:00-04:00,9.754163964490452,9.858505955133776,9.692998251627227,9.721782684326172,1425319,0.0,0.0
2010-03-25 00:00:00-04:00,9.811730276771495,9.901680405734972,9.739770322108015,9.750564575195312,1434083,0.0,0.0
2010-03-26 00:00:00-04:00,9.80813053615309,9.887286400660095,9.646221218317702,9.725377082824707,997820,0.0,0.0
2010-03-29 00:00:00-04:00,9.73977368653411,9.980839729309082,9.73977368653411,9.980839729309082,1433434,0.0,0.0
2010-03-30 00:00:00-04:00,9.970040772637418,9.988030944671262,9.829719212860807,9.86569881439209,1184790,0.0,0.0
2010-03-31 00:00:00-04:00,9.797336697269039,9.876492559110808,9.743366183938077,9.858502388000488,1272540,0.0,0.0
2010-04-01 00:00:00-04:00,9.937655311931007,10.074379235383706,9.797333800841633,9.876489639282227,1366999,0.0,0.0
2010-04-05 00:00:00-04:00,9.905273685250423,9.912469603332148,9.790138253406623,9.82252025604248,1201128,0.0,0.0
2010-04-06 00:00:00-04:00,9.754162169864895,9.775750676051288,9.671408704605385,9.718182563781738,1435057,0.0,0.0
2010-04-07 00:00:00-04:00,9.678605093438954,9.710987111746565,9.577861449002237,9.61384105682373,1110132,0.0,0.0
2010-04-08 00:00:00-04:00,9.556276270443856,9.574266451889264,9.45193500014879,9.541884422302246,1078429,0.0,0.0
2010-04-09 00:00:00-04:00,9.56346753397721,9.613839720461902,9.516693679042753,9.538281440734863,1030930,0.0,0.0
2010-04-12 00:00:00-04:00,9.545477478946696,9.585055410726172,9.50589954716722,9.534683227539062,1467733,0.0,0.0
2010-04-13 00:00:00-04:00,9.50589954716722,9.574261159318539,9.430341272386556,9.534683227539062,1196476,0.0,0.0
2010-04-14 00:00:00-04:00,9.552676723943,9.685802405803056,9.473520832833058,9.67141056060791,2270685,0.0,0.0
2010-04-15 00:00:00-04:00,9.67140748105035,9.905276747344704,9.621035296370149,9.86569881439209,1277085,0.0,0.0
2010-04-16 00:00:00-04:00,9.865701189116388,9.95565132840066,9.732575517602008,9.793741226196289,1621161,0.0,0.0
2010-04-19 00:00:00-04:00,9.793740086623385,9.869297630502698,9.725378463945125,9.847710609436035,944045,0.0,0.0
2010-04-20 00:00:00-04:00,9.880095312458002,10.009623424102674,9.829723846569216,9.980839729309082,1154386,0.0,0.0
2010-04-21 00:00:00-04:00,9.959246187789416,10.045598713648957,9.923266587461592,10.031206130981445,1072587,0.0,0.0
2010-04-22 00:00:00-04:00,9.952050704069848,10.200312556094168,9.901679261402366,10.185920715332031,1243218,0.0,0.0
2010-04-23 00:00:00-04:00,10.214704513549805,10.22549876551293,10.110362553027677,10.214704513549805,1153196,0.0,0.0
2010-04-26 00:00:00-04:00,10.185923641439205,10.250687686009986,10.128355519316663,10.167933464050293,1023247,0.0,0.0
2010-04-27 00:00:00-04:00,10.142748281067304,10.146346613885008,9.808134515561932,9.833320617675781,1441008,0.0,0.0
2010-04-28 00:00:00-04:00,9.948456829193152,10.074386596679688,9.898084625183863,10.074386596679688,1088276,0.0,0.0
2010-04-29 00:00:00-04:00,10.05999033843043,10.05999033843043,9.138903679318839,9.28282356262207,3770229,0.0,0.0
2010-04-30 00:00:00-04:00,9.304413956555956,9.315208210747418,8.984192830957092,9.048956871032715,2182610,0.0,0.0
2010-05-03 00:00:00-04:00,9.099328490439248,9.160494199386466,9.066946469811525,9.092132568359375,1531246,0.0,0.0
2010-05-04 00:00:00-04:00,8.976994690768084,9.038160383486817,8.854662562794227,9.020170211791992,2119205,0.0,0.0
2010-05-05 00:00:00-04:00,8.973399097413111,9.020172964062366,8.919429308397557,8.991389274597168,1554185,0.0,0.0
2010-05-06 00:00:00-04:00,8.912231016512578,8.994984472991447,8.138661771171833,8.595606803894043,1982657,0.0,0.0
2010-05-07 00:00:00-04:00,8.599205135388804,8.73592910907056,8.433697479894645,8.595606803894043,2193863,0.0,0.0
2010-05-10 00:00:00-04:00,8.955402464697446,9.106518210530682,8.908628631765264,9.034558296203613,1877595,0.0,0.0
2010-05-11 00:00:00-04:00,8.887045457938475,9.124513074776369,8.887045457938475,9.005779266357422,1184898,0.0,0.0
2010-05-12 00:00:00-04:00,9.023770856101025,9.174886703491211,9.023770856101025,9.174886703491211,912992,0.0,0.0
2010-05-13 00:00:00-04:00,9.124514952178632,9.135308464459772,8.980595019779411,8.991389274597168,1078862,0.0,0.0
2010-05-14 00:00:00-04:00,8.955407436223346,8.973397610426241,8.739527573398089,8.807889938354492,1054409,0.0,0.0
2010-05-17 00:00:00-04:00,8.941016710580007,9.275630428370865,8.941016710580007,9.12451457977295,2386567,0.0,0.0
2010-05-18 00:00:00-04:00,9.361981296894639,9.44473476369882,9.153297350107545,9.236051559448242,2556117,0.0,0.0
2010-05-19 00:00:00-04:00,9.214461540838675,9.25044188422585,8.933818426593396,9.052552223205566,1671798,0.0,0.0
2010-05-20 00:00:00-04:00,8.901439535679923,8.901439535679923,8.595609479801018,8.61719799041748,1935049,0.0,0.0
2010-05-21 00:00:00-04:00,8.563226759851167,8.851066589355469,8.530844741905106,8.851066589355469,2608918,0.0,0.0
2010-05-24 00:00:00-04:00,8.797095248348096,8.87265353072516,8.699949946058242,8.717939376831055,1675152,0.0,0.0
2010-05-25 00:00:00-04:00,8.44089506954568,8.728734914736094,8.397719538289058,8.714343070983887,2202627,0.0,0.0
2010-05-26 00:00:00-04:00,8.811488776899804,8.955408705853861,8.696353279258517,8.725137710571289,1520643,0.0,0.0
2010-05-27 00:00:00-04:00,8.905038989349839,8.948214530944824,8.829480677753494,8.948214530944824,1093361,0.0,0.0
2010-05-28 00:00:00-04:00,8.9482135071951,8.9482135071951,8.768313952724498,8.822283744812012,934415,0.0,0.0
2010-06-01 00:00:00-04:00,8.739528338950079,8.840272729281951,8.58841323852539,8.58841323852539,822536,0.0,0.0
2010-06-02 00:00:00-04:00,8.635185795819737,8.75391960144043,8.581216019180596,8.75391960144043,1053976,0.0,0.0
2010-06-03 00:00:00-04:00,8.818683954270965,8.8582626368003,8.739528074285369,8.815086364746094,1586104,0.0,0.0
2010-06-04 00:00:00-04:00,8.689155544680043,8.70714571768106,8.379727984730213,8.4157075881958,2144632,0.0,0.0
2010-06-07 00:00:00-04:00,8.480475943963896,8.494867792693285,8.246606545769275,8.264595985412598,1600170,0.0,0.0
2010-06-08 00:00:00-04:00,8.311369549626525,8.372535270208997,8.181841442476133,8.347349166870117,2515542,0.0,0.0
2010-06-09 00:00:00-04:00,8.368935465857678,8.516453726962764,8.336553444763226,8.372533798217773,1832800,0.0,0.0
2010-06-10 00:00:00-04:00,8.502061497306258,8.577619048078194,8.38332767285281,8.570423126220703,1504305,0.0,0.0
2010-06-11 00:00:00-04:00,8.476875321133233,8.653177261352539,8.419307204269195,8.653177261352539,981374,0.0,0.0
2010-06-14 00:00:00-04:00,8.689155747047847,8.840271570195647,8.689155747047847,8.764713287353516,1436247,0.0,0.0
2010-06-15 00:00:00-04:00,8.84027496966335,8.998586774549585,8.83667663658105,8.994988441467285,980833,0.0,0.0
2010-06-16 00:00:00-04:00,8.941015121634246,9.027366913696172,8.91223143845909,8.976995468139648,1033526,0.0,0.0
2010-06-17 00:00:00-04:00,8.976996063268409,8.976996063268409,8.728734180546601,8.804291725158691,1503547,0.0,0.0
2010-06-18 00:00:00-04:00,8.822279926779247,8.905034116693319,8.735928148302495,8.757515907287598,1490239,0.0,0.0
2010-06-21 00:00:00-04:00,8.89424210081929,8.901438022289133,8.620794114819075,8.642382621765137,1309004,0.0,0.0
2010-06-22 00:00:00-04:00,8.653176383176174,8.775507783743702,8.509256476890213,8.538040161132812,2003756,0.0,0.0
2010-06-23 00:00:00-04:00,8.499440732190374,8.52469387502632,8.387605917140602,8.463364601135254,1848922,0.058226,0.0
2010-06-24 00:00:00-04:00,8.47057766490903,8.625702893299838,8.423678560905238,8.477792739868164,2116067,0.0,0.0
2010-06-25 00:00:00-04:00,8.517479922366938,8.517479922366938,8.347924451641102,8.452544212341309,2245691,0.0,0.0
2010-06-28 00:00:00-04:00,8.513868160201126,8.517475325443513,8.373173080976063,8.394818305969238,1077564,0.0,0.0
2010-06-29 00:00:00-04:00,8.315452145296689,8.326275130581847,8.149503923164547,8.185579299926758,2293624,0.0,0.0
2010-06-30 00:00:00-04:00,8.15671733874202,8.272160009916139,8.095388838469237,8.102603912353516,1922065,0.0,0.0
2010-07-01 00:00:00-04:00,8.088174815112117,8.135073922537678,7.925834499917792,8.023239135742188,1898153,0.0,0.0
2010-07-02 00:00:00-04:00,8.012417164014904,8.08456867251223,7.922228336778068,7.940265655517578,781961,0.0,0.0
2010-07-06 00:00:00-04:00,8.080962632259785,8.149506990677889,7.936660326381879,7.994380950927734,1187928,0.0,0.0
2010-07-07 00:00:00-04:00,8.037671040425913,8.322669190083348,8.008809987673624,8.319061279296875,1461457,0.0,0.0
2010-07-08 00:00:00-04:00,8.36235325775373,8.441719857247556,8.3082398025558,8.41646671295166,1219630,0.0,0.0
2010-07-09 00:00:00-04:00,8.387608113023118,8.499442957351343,8.365962130917836,8.48501205444336,1197558,0.0,0.0
2010-07-12 00:00:00-04:00,8.423680829893874,8.506655331043211,8.409250676088721,8.445326805114746,790617,0.0,0.0
2010-07-13 00:00:00-04:00,8.528299224938813,8.694247456711933,8.51386907339559,8.665387153625488,1003555,0.0,0.0
2010-07-14 00:00:00-04:00,8.622098463761471,8.737541198730469,8.571592918661626,8.737541198730469,1011345,0.0,0.0
2010-07-15 00:00:00-04:00,8.73393440246582,8.75918755049605,8.589631337590234,8.73393440246582,881397,0.0,0.0
2010-07-16 00:00:00-04:00,8.672601794157044,8.690639110424344,8.448932222923004,8.47057819366455,975639,0.0,0.0
2010-07-19 00:00:00-04:00,8.481399905091259,8.557158564418643,8.355134976536988,8.477792739868164,834979,0.0,0.0
2010-07-20 00:00:00-04:00,8.322669431909784,8.683426273433785,8.322669431909784,8.679819107055664,954432,0.0,0.0
2010-07-21 00:00:00-04:00,8.687032962763043,8.777222532718266,8.61488145570148,8.697855949401855,1648643,0.0,0.0
2010-07-22 00:00:00-04:00,8.762794701625001,8.957604062205107,8.755579622845739,8.896275520324707,1068583,0.0,0.0
2010-07-23 00:00:00-04:00,8.889060776307003,9.062224921574234,8.852985378030558,9.055009841918945,974341,0.0,0.0
2010-07-26 00:00:00-04:00,9.062222125009901,9.228170394897461,9.000893594608959,9.228170394897461,892434,0.0,0.0
2010-07-27 00:00:00-04:00,9.264241199098375,9.264241199098375,9.145191363647225,9.199305534362793,1858010,0.0,0.0
2010-07-28 00:00:00-04:00,9.202916784226433,9.311143684674008,9.127158102815763,9.18127155303955,1935806,0.0,0.0
2010-07-29 00:00:00-04:00,9.022538627662692,9.145195685756105,8.632920732547808,8.679819107055664,2682927,0.0,0.0
2010-07-30 00:00:00-04:00,8.567984799616063,8.712287842569998,8.481403122746347,8.539124488830566,1685431,0.0,0.0
2010-08-02 00:00:00-04:00,8.632920449370719,8.806083787183189,8.582414165628265,8.791653633117676,1384960,0.0,0.0
2010-08-03 00:00:00-04:00,8.726714533844842,8.74114468350946,8.485006921167198,8.54633617401123,1496406,0.0,0.0
2010-08-04 00:00:00-04:00,8.546335215103445,8.57880342046234,8.448930599026763,8.517474174499512,1640096,0.0,0.0
2010-08-05 00:00:00-04:00,8.459759649509502,8.571594493837726,8.40925335061502,8.48501205444336,1071721,0.0,0.0
2010-08-06 00:00:00-04:00,8.387606198461025,8.430896663763306,8.282986457210692,8.380391120910645,1227745,0.0,0.0
2010-08-09 00:00:00-04:00,8.409253960736663,8.445330103854,8.384000809457214,8.423684120178223,1219198,0.0,0.0
2010-08-10 00:00:00-04:00,8.373176161766974,8.427289616416662,8.239695363914327,8.3371000289917,1246248,0.0,0.0
2010-08-11 00:00:00-04:00,8.239693759453251,8.239693759453251,8.037670135498047,8.037670135498047,944694,0.0,0.0
2010-08-12 00:00:00-04:00,7.95469448422983,8.05931419136232,7.8825429877423545,8.001593589782715,1566628,0.0,0.0
2010-08-13 00:00:00-04:00,7.983558887152939,8.008811288707854,7.925837516784668,7.925837516784668,906500,0.0,0.0
2010-08-16 00:00:00-04:00,7.911404292465823,7.972732805911646,7.8825432462166765,7.936657428741455,1469031,0.0,0.0
2010-08-17 00:00:00-04:00,8.008809253559146,8.037670303665932,7.929443413176491,7.940265655517578,1923039,0.0,0.0
2010-08-18 00:00:00-04:00,7.954693677387322,7.958301586876583,7.90418815612793,7.90418815612793,1479635,0.0,0.0
2010-08-19 00:00:00-04:00,7.896974078489195,7.896974078489195,7.622798236134838,7.727417945861816,2633913,0.0,0.0
2010-08-20 00:00:00-04:00,7.655267179321789,7.788747203313111,7.633621951123669,7.785140037536621,1663575,0.0,0.0
2010-08-23 00:00:00-04:00,7.821214614156718,7.83564476480595,7.68051952855722,7.687734603881836,1955607,0.0,0.0
2010-08-24 00:00:00-04:00,7.593938031122191,7.63001340846248,7.53982384834226,7.572292804718018,2005920,0.0,0.0
2010-08-25 00:00:00-04:00,7.485710306764351,7.622798227791483,7.471280900540376,7.557861804962158,2097132,0.0,0.0
2010-08-26 00:00:00-04:00,7.575900834125121,7.597546807510724,7.366661388151505,7.370269298553467,2075384,0.0,0.0
2010-08-27 00:00:00-04:00,7.424384310167132,7.543434210865263,7.341409798538173,7.489320755004883,2395332,0.0,0.0
2010-08-30 00:00:00-04:00,7.510966794489014,7.514574706039736,7.330588340759277,7.330588340759277,1758899,0.0,0.0
2010-08-31 00:00:00-04:00,7.305332923715742,7.413559813425396,7.247612312944241,7.316155910491943,2332143,0.0,0.0
2010-09-01 00:00:00-04:00,7.395522064728673,7.48571088607075,7.308940409093496,7.402737140655518,2138681,0.0,0.0
2010-09-02 00:00:00-04:00,7.435205246352466,7.666089906189755,7.409952108719585,7.586723327636719,3527753,0.0,0.0
2010-09-03 00:00:00-04:00,7.68052365773889,7.70938397455316,7.536220584640778,7.57590389251709,2699915,0.0,0.0
2010-09-07 00:00:00-04:00,7.554257548669909,7.568687704963909,7.3774862727852275,7.399132251739502,1762470,0.0,0.0
2010-09-08 00:00:00-04:00,7.41716894420513,7.460460153919566,7.319765025245769,7.373878479003906,2751310,0.0,0.0
2010-09-09 00:00:00-04:00,7.48931879240587,7.550647310008757,7.464065654418491,7.525394916534424,3824762,0.0,0.0
2010-09-10 00:00:00-04:00,7.575902762398302,7.651662199504584,7.507359147932565,7.62640905380249,3885246,0.0,0.0
2010-09-13 00:00:00-04:00,7.691343157484801,7.698558978624773,7.593939250765724,7.601154327392578,3375515,0.0,0.0
2010-09-14 00:00:00-04:00,7.615584491420099,7.622799568057159,7.485711622926774,7.507357597351074,3781806,0.0,0.0
2010-09-15 00:00:00-04:00,7.449639427953127,7.514575889990556,7.334197407841484,7.34862756729126,11611483,0.0,0.0
2010-09-16 00:00:00-04:00,7.348624821033757,7.37748512914791,7.269258229206673,7.305333614349365,8349902,0.0,0.0
2010-09-17 00:00:00-04:00,7.319765239555478,7.474890527838142,7.283689106318334,7.36305570602417,19582793,0.0,0.0
2010-09-20 00:00:00-04:00,7.402737348852994,7.485711096601812,7.287294641750637,7.4676737785339355,7229167,0.0,0.0
2010-09-21 00:00:00-04:00,7.467675508656059,7.593940486949785,7.44963744189603,7.536219120025635,6081706,0.0,0.0
2010-09-22 00:00:00-04:00,7.539824323867582,7.57950835821421,7.460458488713463,7.525394916534424,4160723,0.0,0.0
2010-09-23 00:00:00-04:00,7.572291907522954,7.716594144299609,7.485709523138886,7.583114147186279,5408269,0.0,0.0
2010-09-24 00:00:00-04:00,7.699992157183144,7.909860650823053,7.660189563337737,7.9062418937683105,5179859,0.058226,0.0
2010-09-27 00:00:00-04:00,7.924334145605242,7.9677547495352234,7.855584482673763,7.909860610961914,2671674,0.0,0.0
2010-09-28 00:00:00-04:00,7.93518641079109,8.108870248677578,7.891765077943947,8.07630443572998,4131076,0.0,0.0
2010-09-29 00:00:00-04:00,8.050974973749625,8.061830493091788,7.927949239376461,8.032882690429688,2220589,0.0,0.0
2010-09-30 00:00:00-04:00,8.090779589594478,8.155911228572428,7.971371833718631,8.083542823791504,3538897,0.0,0.0
2010-10-01 00:00:00-04:00,8.130580541725626,8.141436061625173,7.906238606642647,8.07630443572998,5483684,0.0,0.0
2010-10-04 00:00:00-04:00,8.043739442501893,8.155910421474477,8.032883921496085,8.09439754486084,4175546,0.0,0.0
2010-10-05 00:00:00-04:00,7.721700457330209,7.721700457330209,7.258543030770842,7.399661064147949,17616583,0.0,0.0
2010-10-06 00:00:00-04:00,7.352622476498356,7.468412218432042,7.211504428595891,7.392425060272217,5628348,0.0,0.0
2010-10-07 00:00:00-04:00,7.367096956183188,7.396044768769683,7.262162722403572,7.3562421798706055,3786459,0.0,0.0
2010-10-08 00:00:00-04:00,7.3526223457911115,7.453937808118633,7.280253945056838,7.41051721572876,3330829,0.0,0.0
2010-10-11 00:00:00-04:00,7.392425346658132,7.605911804851921,7.392425346658132,7.562490463256836,3568220,0.0,0.0
2010-10-12 00:00:00-04:00,7.544400174495339,7.609531824324318,7.47203175765773,7.584202766418457,3482201,0.0,0.0
2010-10-13 00:00:00-04:00,7.64571563330901,7.7072285260483655,7.602295031405223,7.689136981964111,2483190,0.0,0.0
2010-10-14 00:00:00-04:00,7.696372988570796,7.743412342694883,7.645714877936592,7.7325568199157715,2593338,0.0,0.0
2010-10-15 00:00:00-04:00,7.808549550629329,7.819405081144635,7.7144700285841505,7.790457248687744,2473560,0.0,0.0
2010-10-18 00:00:00-04:00,7.761502826421644,7.927949905395508,7.757884070753247,7.927949905395508,1776752,0.0,0.0
2010-10-19 00:00:00-04:00,7.851966347415715,7.993084441489985,7.808545740047359,7.920716762542725,3223927,0.0,0.0
2010-10-20 00:00:00-04:00,7.938808691720418,8.069072013609718,7.920717144486916,8.000322341918945,2045629,0.0,0.0
2010-10-21 00:00:00-04:00,8.058211614360115,8.12696199122294,8.014791031158218,8.119725227355957,2184125,0.0,0.0
2010-10-22 00:00:00-04:00,8.11973004010511,8.184860953512532,8.065453158805104,8.181242942810059,1192364,0.0,0.0
2010-10-25 00:00:00-04:00,8.231897708091363,8.322357646514723,8.228278952113886,8.286173820495605,2475941,0.0,0.0
2010-10-26 00:00:00-04:00,8.242754800202526,8.311504462345306,8.163149613826112,8.260847091674805,1938511,0.0,0.0
2010-10-27 00:00:00-04:00,8.181241169850766,8.181241169850766,8.036504344586252,8.163148880004883,2766458,0.0,0.0
2010-10-28 00:00:00-04:00,8.163149733218003,8.163149733218003,7.399663684236895,7.667427062988281,7942096,0.0,0.0
2010-10-29 00:00:00-04:00,7.689136823085863,7.884531021118163,7.685518066292997,7.884531021118164,2857778,0.0,0.0
2010-11-01 00:00:00-04:00,7.899003441422359,7.899003441422359,7.779595685357784,7.837490558624268,2196027,0.0,0.0
2010-11-02 00:00:00-04:00,7.870054380803263,8.036501445794077,7.870054380803263,8.032882690429688,1715619,0.0,0.0
2010-11-03 00:00:00-04:00,8.079922060279708,8.112487121917914,7.974987871775905,8.105250358581543,2009058,0.0,0.0
2010-11-04 00:00:00-04:00,8.166764133020909,8.271699080003014,8.123343548150059,8.253606796264648,2725991,0.0,0.0
2010-11-05 00:00:00-04:00,8.282555064518128,8.322357646514723,8.217423430932586,8.286173820495605,1499760,0.0,0.0
2010-11-08 00:00:00-05:00,8.27169931206848,8.282554085215216,8.210185694982458,8.257225036621094,1320473,0.0,0.0
2010-11-09 00:00:00-05:00,8.282557351563424,8.344070246156917,8.24999152577832,8.300649642944336,1505278,0.0,0.0
2010-11-10 00:00:00-05:00,8.297031346604065,8.333215181366787,8.217425416623456,8.307886123657227,1180137,0.0,0.0
2010-11-11 00:00:00-05:00,8.239136721993392,8.412821390283954,8.188479347149453,8.398347854614258,1789844,0.0,0.0
2010-11-12 00:00:00-05:00,8.344069055640153,8.387490399408794,8.282556169823208,8.297030448913574,1075616,0.0,0.0
2010-11-15 00:00:00-05:00,8.300649533428805,8.394728252566166,8.246373406753507,8.249991416931152,1483206,0.0,0.0
2010-11-16 00:00:00-05:00,8.069068194987462,8.105252019082204,7.73979203534541,7.960515975952148,4621330,0.0,0.0
2010-11-17 00:00:00-05:00,7.949662534093196,8.022030947957274,7.917096710516796,7.938807010650635,1626895,0.0,0.0
2010-11-18 00:00:00-05:00,7.974991135483826,8.07992536693121,7.974991135483826,8.040122032165527,1297859,0.0,0.0
2010-11-19 00:00:00-05:00,8.022029658423044,8.11248960114832,7.938805734494577,8.090779304504395,1106020,0.0,0.0
2010-11-22 00:00:00-05:00,8.040121898801633,8.137819362330514,7.9351884158460555,8.05821418762207,983322,0.0,0.0
2010-11-23 00:00:00-05:00,7.982226189309325,8.079923633499153,7.94242360983396,8.011173248291016,1050189,0.0,0.0
2010-11-24 00:00:00-05:00,8.065450830954122,8.24637222290039,8.065450830954122,8.24637222290039,908880,0.0,0.0
2010-11-26 00:00:00-05:00,8.192097284319363,8.210189577120142,8.137821152668419,8.177623748779297,545869,0.0,0.0
2010-11-29 00:00:00-05:00,8.116110621139157,8.195715811122472,8.022031896022762,8.174005508422852,1052678,0.0,0.0
2010-11-30 00:00:00-05:00,8.079925135102282,8.105253443042827,7.989464438846326,8.036503791809082,1843944,0.0,0.0
2010-12-01 00:00:00-05:00,8.141437659841873,8.311502775563042,8.137818903581291,8.264463424682617,1581451,0.0,0.0
2010-12-02 00:00:00-05:00,8.253609006301641,8.499661293373988,8.253609006301641,8.488805770874023,1401623,0.0,0.0
2010-12-03 00:00:00-05:00,8.463477420676963,8.510516777506822,8.39472776379131,8.4562406539917,948157,0.0,0.0
2010-12-06 00:00:00-05:00,8.409199228271682,8.427291513909294,8.286173478138563,8.373015403747559,1155576,0.0,0.0
2010-12-07 00:00:00-05:00,8.456237974009921,8.528606364678593,8.391106347733011,8.427290916442871,1206971,0.0,0.0
2010-12-08 00:00:00-05:00,8.42729545522696,8.485190348293214,8.362163793871352,8.423677444458008,829245,0.0,0.0
2010-12-09 00:00:00-05:00,8.485190289955964,8.553939961607856,8.423677386543671,8.434532165527344,1858335,0.0,0.0
2010-12-10 00:00:00-05:00,8.47071361541748,8.510515452614559,8.391107700769824,8.47071361541748,4213308,0.0,0.0
2010-12-13 00:00:00-05:00,8.608215532344621,8.785518209467712,8.604597521837777,8.781899452209473,3059355,0.0,0.0
2010-12-14 00:00:00-05:00,8.847030137161214,8.973675426019021,8.796372021618092,8.951964378356934,3231934,0.0,0.0
2010-12-15 00:00:00-05:00,8.713147131746071,8.930252338840159,8.68420006950066,8.894067764282227,2478213,0.0,0.0
2010-12-16 00:00:00-05:00,8.890452774054804,9.179926481818203,8.857886944593849,9.136505126953125,3234531,0.0,0.0
2010-12-17 00:00:00-05:00,9.122030420738826,9.165451773588378,9.038807219008314,9.161833763122559,2370878,0.0,0.0
2010-12-20 00:00:00-05:00,9.165451185771076,9.198017011631816,9.07860923239288,9.147358894348145,1847299,0.0,0.0
2010-12-21 00:00:00-05:00,9.16907129285142,9.190781597704857,9.07861056916826,9.089466094970703,1452152,0.0,0.0
2010-12-22 00:00:00-05:00,9.147060915031785,9.205392320388926,9.059564183186952,9.125186920166016,1529191,0.173752,0.0
2010-12-23 00:00:00-05:00,9.099674076880982,9.150714190965038,9.081445357224911,9.103320121765137,747446,0.0,0.0
2010-12-27 00:00:00-05:00,9.103321530748207,9.168944329761066,9.081446762822274,9.110612869262695,1009722,0.0,0.0
2010-12-28 00:00:00-05:00,9.114249546542252,9.16164357827563,9.088729509674643,9.125186920166016,1051704,0.0,0.0
2010-12-29 00:00:00-05:00,9.136123541408022,9.157998288655548,9.10695821492033,9.125186920166016,688477,0.0,0.0
2010-12-30 00:00:00-05:00,9.114252897697611,9.143418987290934,9.0777962261835,9.117898941040039,1119113,0.0,0.0
2010-12-31 00:00:00-05:00,9.114252897697611,9.139772943948506,9.081441517143894,9.117898941040039,828812,0.0,0.0
2011-01-03 00:00:00-05:00,9.172588734981755,9.19446274840796,9.0449891947553,9.063217163085938,2064023,0.0,0.0
2011-01-04 00:00:00-05:00,9.06686094483641,9.088734952802243,8.862701280008672,8.939261436462402,2575809,0.0,0.0
2011-01-05 00:00:00-05:00,8.92832056814335,9.147062819489383,8.891863902443301,9.037692070007324,3248813,0.0,0.0
2011-01-06 00:00:00-05:00,9.02675808453601,9.125192247470657,8.9830093168821,9.01582145690918,1316253,0.0,0.0
2011-01-07 00:00:00-05:00,9.012172845154616,9.099669603151867,8.950196131652811,9.008526802062988,1432676,0.0,0.0
2011-01-10 00:00:00-05:00,8.950195464440915,9.037692215915529,8.910092002950543,9.034046173095703,925651,0.0,0.0
2011-01-11 00:00:00-05:00,9.048629932263113,9.077796021197837,8.95019654520672,8.975716590881348,1388531,0.0,0.0
2011-01-12 00:00:00-05:00,9.041337871164432,9.205393991003591,8.99029778816635,9.08508586883545,1310627,0.0,0.0
2011-01-13 00:00:00-05:00,9.055923428050484,9.092380859825775,8.986655361012508,9.01582145690918,915264,0.0,0.0
2011-01-14 00:00:00-05:00,9.015824582026983,9.063217905474657,8.975721844602838,9.04134464263916,747554,0.0,0.0
2011-01-18 00:00:00-05:00,9.034049763757034,9.136129222319461,9.034049763757034,9.066861152648926,1629817,0.0,0.0
2011-01-19 00:00:00-05:00,9.07050468705966,9.07050468705966,8.93196783367027,8.975716590881348,952917,0.0,0.0
2011-01-20 00:00:00-05:00,8.942909886778883,8.993949252431538,8.891869768743819,8.93197250366211,1475523,0.0,0.0
2011-01-21 00:00:00-05:00,8.986654666503489,9.004883380982378,8.910094517121438,8.968426704406738,2344369,0.0,0.0
2011-01-24 00:00:00-05:00,8.979363458435753,9.088734242094711,8.942906781343483,9.052277565002441,1277085,0.0,0.0
2011-01-25 00:00:00-05:00,9.008529218601108,9.081443328555025,8.950198532543723,9.074151992797852,1233805,0.0,0.0
2011-01-26 00:00:00-05:00,9.077798514235813,9.256437378253798,9.03769578927141,9.227272033691406,1378901,0.0,0.0
2011-01-27 00:00:00-05:00,9.21268775553249,9.387681297167898,9.187167707297725,9.325704574584961,1501924,0.0,0.0
2011-01-28 00:00:00-05:00,9.31112236012402,9.387681756189687,9.00488327109709,9.012174606323242,1459293,0.0,0.0
2011-01-31 00:00:00-05:00,8.986655760653795,9.019467149757817,8.851764912327386,8.891867637634277,1745699,0.0,0.0
2011-02-01 00:00:00-05:00,8.942908208663965,9.019467618967965,8.913742109952985,8.972073554992676,1005286,0.0,0.0
2011-02-02 00:00:00-05:00,8.94290697854769,9.168940638650586,8.94290697854769,9.106963157653809,1139887,0.0,0.0
2011-02-03 00:00:00-05:00,9.066863359494173,9.165297550128411,9.019469286755259,9.150714874267578,870685,0.0,0.0
2011-02-04 00:00:00-05:00,9.168940610922066,9.354870796203613,9.09602650296802,9.354870796203613,1408439,0.0,0.0
2011-02-07 00:00:00-05:00,9.398618042588398,9.595485575572045,9.391325955827853,9.584548950195312,1618023,0.0,0.0
2011-02-08 00:00:00-05:00,9.566325051990365,9.682987213134766,9.529867609369827,9.682987213134766,2129160,0.0,0.0
2011-02-09 00:00:00-05:00,9.63923717815075,9.693922578314721,9.599134451046202,9.672048568725586,2112280,0.0,0.0
2011-02-10 00:00:00-05:00,9.595485176174652,9.741313362438905,9.59183913294614,9.723085403442383,3288955,0.0,0.0
2011-02-11 00:00:00-05:00,9.661109484448202,9.741314924516761,9.639235478715541,9.72673225402832,2457655,0.0,0.0
2011-02-14 00:00:00-05:00,9.730374367996967,9.744957033723425,9.661106329605344,9.715791702270508,1243543,0.0,0.0
2011-02-15 00:00:00-05:00,9.693919814346314,9.788707914588478,9.64287972080882,9.770479202270508,1350661,0.0,0.0
2011-02-16 00:00:00-05:00,9.80329007826751,9.84339279187108,9.704856692063847,9.723085403442383,1443063,0.0,0.0
2011-02-17 00:00:00-05:00,9.675691018452365,9.901724641620214,9.56632025025336,9.832456588745117,1702852,0.0,0.0
2011-02-18 00:00:00-05:00,9.82881135471731,9.890788078308105,9.744959873779793,9.890788078308105,1333457,0.0,0.0
2011-02-22 00:00:00-05:00,9.788710304787998,9.828813030250553,9.591841969399688,9.617362022399902,2104923,0.0,0.0
2011-02-23 00:00:00-05:00,9.628298620127648,9.642881291404374,9.380390951276796,9.47153377532959,2274256,0.0,0.0
2011-02-24 00:00:00-05:00,9.486114193529845,9.486114193529845,8.942904927007019,9.212686538696289,5359362,0.0,0.0
2011-02-25 00:00:00-05:00,9.274663521142815,9.504343179174953,9.252789518790902,9.500697135925293,2765267,0.0,0.0
2011-02-28 00:00:00-05:00,9.533512883627546,9.58090695329564,9.438724744291356,9.478827476501465,2306499,0.0,0.0
2011-03-01 00:00:00-05:00,9.511634087102284,9.529862045387791,9.252789104199053,9.303829193115234,1416230,0.0,0.0
2011-03-02 00:00:00-05:00,9.307477072705929,9.358517175818976,9.176232275587246,9.278311729431152,1614344,0.0,0.0
2011-03-03 00:00:00-05:00,9.369458733325326,9.453309508818187,9.285607205449939,9.329355239868164,1803694,0.0,0.0
2011-03-04 00:00:00-05:00,9.314767263013744,9.314767263013744,9.106962336780908,9.190813064575195,1352284,0.0,0.0
2011-03-07 00:00:00-05:00,9.256436637608324,9.482470297027655,9.212688624265196,9.354870796203613,3010124,0.0,0.0
2011-03-08 00:00:00-05:00,9.373098893324734,9.67569193233584,9.35487017944249,9.599132537841797,1998670,0.0,0.0
2011-03-09 00:00:00-05:00,9.559029507749859,9.613714895235418,9.446012689168061,9.588194847106934,1524863,0.0,0.0
2011-03-10 00:00:00-05:00,10.645448173156147,11.144909499819414,10.047553450032844,10.084010124206543,12016151,0.0,0.0
2011-03-11 00:00:00-05:00,10.094946052790434,10.397539038310358,10.094946052790434,10.353790283203125,4254424,0.0,0.0
2011-03-14 00:00:00-04:00,10.28452383909926,10.379311945494091,10.207964446205617,10.361083984375,2108926,0.0,0.0
2011-03-15 00:00:00-04:00,10.069426008343047,10.412121705885442,10.069426008343047,10.353790283203125,3998315,0.0,0.0
2011-03-16 00:00:00-04:00,10.33921062379101,10.397542063444687,10.178800481412248,10.295462608337402,3170585,0.0,0.0
2011-03-17 00:00:00-04:00,10.415768344551664,10.492327729889567,10.313688913307116,10.39024829864502,3477223,0.0,0.0
2011-03-18 00:00:00-04:00,10.488681860477811,10.554303864698639,10.404830393178223,10.459516525268555,3586614,0.0,0.0
2011-03-21 00:00:00-04:00,10.550661308987124,10.55430660064224,10.477747199680815,10.517849922180176,1387990,0.0,0.0
2011-03-22 00:00:00-04:00,10.485037914387878,10.773048290518158,10.474100535305944,10.76211166381836,3124708,0.0,0.0
2011-03-23 00:00:00-04:00,10.735694522302719,11.403464788471535,10.724687041362039,11.337421417236328,7051394,0.173752,0.0
2011-03-24 00:00:00-04:00,11.392462327881386,11.49886549984884,11.319080856083307,11.429153442382812,6540041,0.0,0.0
2011-03-25 00:00:00-04:00,11.396126006224657,11.47317609636855,11.355766254910142,11.370442390441895,3415008,0.0,0.0
2011-03-28 00:00:00-04:00,11.363106991322864,11.436487686215218,11.319077817182883,11.322747230529785,2399119,0.0,0.0
2011-03-29 00:00:00-04:00,11.322749808780058,11.557570357519182,11.319080394597611,11.528217315673828,2469340,0.0,0.0
2011-03-30 00:00:00-04:00,11.54289440949459,11.568578037589816,11.410807611979001,11.469512939453125,1851735,0.0,0.0
2011-03-31 00:00:00-04:00,11.414471502053312,11.491521591844924,11.355766202990319,11.458499908447266,2974526,0.0,0.0
2011-04-01 00:00:00-04:00,11.458504240733712,11.572245469395172,11.440158685864528,11.56857681274414,2642677,0.0,0.0
2011-04-04 00:00:00-04:00,11.535552835388176,11.961165411768064,11.484186348628398,11.902460098266602,3404621,0.0,0.0
2011-04-05 00:00:00-04:00,11.858430635069718,12.085913056794364,11.825409701559114,12.01620101928711,2725125,0.0,0.0
2011-04-06 00:00:00-04:00,12.027208566788541,12.357424718516427,11.97950997989475,12.29871940612793,3293500,0.0,0.0
2011-04-07 00:00:00-04:00,12.221670617301863,12.28771401030479,12.063900962643483,12.18131160736084,6461812,0.0,0.0
2011-04-08 00:00:00-04:00,12.225341119179824,12.419801901569524,12.151959649002308,12.24368667602539,2337228,0.0,0.0
2011-04-11 00:00:00-04:00,12.225337487932505,12.254689764403208,12.03087676330276,12.10058879852295,2320349,0.0,0.0
2011-04-12 00:00:00-04:00,12.034543623635066,12.140945981873022,12.008860008569073,12.045550346374512,1177649,0.0,0.0
2011-04-13 00:00:00-04:00,12.034544774879413,12.144616556029746,12.034544774879413,12.093249320983887,1582100,0.0,0.0
2011-04-14 00:00:00-04:00,12.474839175467123,12.716997826302476,12.386781553091069,12.698652267456055,10652831,0.0,0.0
2011-04-15 00:00:00-04:00,12.720661596394587,12.727998908031552,12.562891223291759,12.669294357299805,2443264,0.0,0.0
2011-04-18 00:00:00-04:00,12.467494094704819,12.504184434567165,12.31706256546258,12.438141822814941,4687224,0.0,0.0
2011-04-19 00:00:00-04:00,12.849075998933165,13.025191125267966,12.595910031574181,12.805046081542969,17544846,0.0,0.0
2011-04-20 00:00:00-04:00,13.006847693018054,13.025193242511259,12.093249474796144,12.107926368713379,13664037,0.0,0.0
2011-04-21 00:00:00-04:00,12.096918654141808,12.19965236635328,11.535550756677226,11.663968086242676,9166379,0.0,0.0
2011-04-25 00:00:00-04:00,11.649292816544733,11.68231450457038,11.454832101373468,11.645624160766602,3465862,0.0,0.0
2011-04-26 00:00:00-04:00,11.61627186246628,11.796056451475305,11.601595724017491,11.671308517456055,2488600,0.0,0.0
2011-04-27 00:00:00-04:00,11.667642414542222,11.7813836555974,11.572246730355237,11.61994457244873,2559579,0.0,0.0
2011-04-28 00:00:00-04:00,11.528217545312527,11.733685813503907,11.528217545312527,11.61994457244873,2729020,0.0,0.0
2011-04-29 00:00:00-04:00,11.608929012209378,11.719001519652016,11.546555070887898,11.685979843139648,2671350,0.0,0.0
2011-05-02 00:00:00-04:00,11.69698893294367,11.843751034417956,11.685981453521256,11.814398765563965,2688229,0.0,0.0
2011-05-03 00:00:00-04:00,11.74836171906704,11.884117171302023,11.68231832143793,11.810735702514648,3170368,0.0,0.0
2011-05-04 00:00:00-04:00,11.792387053079048,11.913466331240521,11.744689981662818,11.777710914611816,2198732,0.0,0.0
2011-05-05 00:00:00-04:00,11.737350398878295,11.785048224425456,11.612602472740953,11.645624160766602,2082958,0.0,0.0
2011-05-06 00:00:00-04:00,11.726343563764315,11.796055594936384,11.564904538141011,11.616271018981934,2556766,0.0,0.0
2011-05-09 00:00:00-04:00,11.638282880827019,11.847420446626872,11.520873048206724,11.814398765563965,2215828,0.0,0.0
2011-05-10 00:00:00-04:00,11.843757633936963,12.030880345159565,11.785052306313162,11.96116828918457,2444563,0.0,0.0
2011-05-11 00:00:00-04:00,11.9868501569955,12.078577176406023,11.829080501390468,11.97584342956543,2242445,0.0,0.0
2011-05-12 00:00:00-04:00,11.928143038450765,12.122603005875977,11.847423520951798,12.10058879852295,2434500,0.0,0.0
2011-05-13 00:00:00-04:00,12.078574182605646,12.078574182605646,11.829077569430424,11.89879035949707,1557214,0.0,0.0
2011-05-16 00:00:00-04:00,11.994183908525095,12.232673770229324,11.939148019579324,11.983177185058594,1688786,0.0,0.0
2011-05-17 00:00:00-04:00,12.038213926515674,12.14461705652168,11.961163827976016,12.085911750793457,1899451,0.0,0.0
2011-05-18 00:00:00-04:00,12.056558470667898,12.181307140282186,12.005191237790648,12.173968315124512,1200804,0.0,0.0
2011-05-19 00:00:00-04:00,12.203323874654473,12.218000013604279,11.968503379843852,12.063899040222168,1938511,0.0,0.0
2011-05-20 00:00:00-04:00,12.041882996301405,12.16296225998854,11.931810456546632,12.107926368713379,1912002,0.0,0.0
2011-05-23 00:00:00-04:00,11.964834094366301,12.133611208501856,11.91346685028847,12.067567825317383,1447608,0.0,0.0
2011-05-24 00:00:00-04:00,12.067569780094813,12.118937032493418,12.03087942638488,12.05289363861084,1444795,0.0,0.0
2011-05-25 00:00:00-04:00,12.005191812928246,12.151954693433352,11.950155922039944,12.13727855682373,1742236,0.0,0.0
2011-05-26 00:00:00-04:00,12.107925874920939,12.408788936876364,12.060227296742987,12.368429183959961,1581127,0.0,0.0
2011-05-27 00:00:00-04:00,12.364756519532982,12.504180524617624,12.364756519532982,12.467490196228027,1454857,0.0,0.0
2011-05-31 00:00:00-04:00,12.511527587688263,12.588577706654307,12.434476711517545,12.47850513458252,2157833,0.0,0.0
2011-06-01 00:00:00-04:00,12.41245804151908,12.44914838089432,12.126270365574609,12.170299530029297,2887101,0.0,0.0
2011-06-02 00:00:00-04:00,12.14461492179211,12.247348620855044,12.111593240449677,12.184974670410156,1405843,0.0,0.0
2011-06-03 00:00:00-04:00,12.019871982480954,12.137282629160786,11.913468820553826,11.979512214660645,1665847,0.0,0.0
2011-06-06 00:00:00-04:00,11.935481671415019,12.016201192727273,11.730013454799929,11.766704559326172,1789303,0.0,0.0
2011-06-07 00:00:00-04:00,11.821736832777463,11.92813994317968,11.722671789588743,11.814398765563965,1023464,0.0,0.0
2011-06-08 00:00:00-04:00,11.785046577453613,11.887781040155941,11.700658419896003,11.785046577453613,1054193,0.0,0.0
2011-06-09 00:00:00-04:00,11.807063362822038,11.961164323489749,11.733681916922913,11.89879035949707,869712,0.0,0.0
2011-06-10 00:00:00-04:00,11.847420203335872,11.90245608490909,11.693319280608272,11.707995414733887,2079712,0.0,0.0
2011-06-13 00:00:00-04:00,11.755691860048259,11.957490573782591,11.730008249717665,11.832742691040039,2811793,0.0,0.0
2011-06-14 00:00:00-04:00,11.94648920538936,12.08958346263804,11.913467511963097,11.94282054901123,1773831,0.0,0.0
2011-06-15 00:00:00-04:00,11.876773133179718,11.961162044909349,11.730010269339537,11.836413383483887,1821222,0.0,0.0
2011-06-16 00:00:00-04:00,11.862100761242738,11.950158356040426,11.678647501847939,11.792387962341309,1981467,0.0,0.0
2011-06-17 00:00:00-04:00,11.89512271566321,12.111597672520675,11.880446575741452,11.94282054901123,1843403,0.0,0.0
2011-06-20 00:00:00-04:00,11.92080685084568,12.104260891009444,11.917138194077038,12.05289363861084,851318,0.0,0.0
2011-06-21 00:00:00-04:00,12.096915422483027,12.298714137490808,12.071231811990359,12.232670783996582,1675802,0.0,0.0
2011-06-22 00:00:00-04:00,12.24376775446314,12.350974800467776,12.155044866061996,12.203103065490723,1235211,0.231054,0.0
2011-06-23 00:00:00-04:00,12.092196511064289,12.284429258946757,12.01826066274213,12.258551597595215,1318633,0.0,0.0
2011-06-24 00:00:00-04:00,12.243762673204776,12.317698510009347,12.058923462655915,12.136555671691895,1414931,0.0,0.0
2011-06-27 00:00:00-04:00,12.136557309904044,12.35097134187176,12.12177029313218,12.214189529418945,1139995,0.0,0.0
2011-06-28 00:00:00-04:00,12.23637330395811,12.40272918375851,12.16983095203795,12.369457244873047,1280872,0.0,0.0
2011-06-29 00:00:00-04:00,12.41751597208532,12.49145183705828,12.362064264086957,12.439697265625,1013077,0.0,0.0
2011-06-30 00:00:00-04:00,12.447090717606851,12.63192999771193,12.439697207436682,12.60235595703125,4292619,0.0,0.0
2011-07-01 00:00:00-04:00,12.587566425197169,12.776102041307665,12.576475780692034,12.7132568359375,1959394,0.0,0.0
2011-07-05 00:00:00-04:00,12.679991652543498,12.857436697257816,12.643023330911936,12.801985740661621,1786923,0.0,0.0
2011-07-06 00:00:00-04:00,12.813066569075366,12.949848346908514,12.705859580225754,12.938756942749023,3138666,0.0,0.0
2011-07-07 00:00:00-04:00,12.93875913997429,13.138386138544385,12.912882244241276,13.086630821228027,1671690,0.0,0.0
2011-07-08 00:00:00-04:00,12.953547786594056,13.108813758093845,12.927670887602686,13.082935333251953,2294056,0.0,0.0
2011-07-11 00:00:00-04:00,12.957243623728225,13.090328292860509,12.938759472365366,12.972030639648438,2016632,0.0,0.0
2011-07-12 00:00:00-04:00,12.92767465071745,13.11251318497591,12.916584765900213,13.02009391784668,2183692,0.0,0.0
2011-07-13 00:00:00-04:00,13.071844916799074,13.230806491757276,13.03487661188074,13.064452171325684,2164649,0.0,0.0
2011-07-14 00:00:00-04:00,13.064451919631757,13.208626475015114,12.890701805373249,12.979425430297852,3025597,0.0,0.0
2011-07-15 00:00:00-04:00,13.02748666432946,13.031183800785422,12.635626820416384,12.761317253112793,2612164,0.0,0.0
2011-07-18 00:00:00-04:00,12.805675352771113,12.805675352771113,12.513629868501216,12.613443374633789,1364077,0.0,0.0
2011-07-19 00:00:00-04:00,12.643023330911936,12.83155978762641,12.624539170096154,12.801985740661621,1289528,0.0,0.0
2011-07-20 00:00:00-04:00,12.842644306743777,12.887006884502677,12.716953896744752,12.750225067138672,946317,0.0,0.0
2011-07-21 00:00:00-04:00,12.809369284004442,12.997906368152028,12.805672149328007,12.850034713745117,1806291,0.0,0.0
2011-07-22 00:00:00-04:00,12.861127092338347,12.92397229065566,12.79088838615577,12.820463180541992,973800,0.0,0.0
2011-07-25 00:00:00-04:00,12.716959211249486,12.879617995406983,12.668901003468916,12.801985740661621,1375114,0.0,0.0
2011-07-26 00:00:00-04:00,12.753922840153177,12.835252970097653,12.668897099865172,12.702167510986328,1690192,0.0,0.0
2011-07-27 00:00:00-04:00,12.631929516146842,12.635626652553688,12.254857460141572,12.369457244873047,3156194,0.0,0.0
2011-07-28 00:00:00-04:00,12.347272841991803,12.509931534360947,11.663366906991975,11.71512222290039,6909436,0.0,0.0
2011-07-29 00:00:00-04:00,11.626403127788043,11.792759009184635,11.467440756350703,11.69294548034668,2486436,0.0,0.0
2011-08-01 00:00:00-04:00,11.785364627885835,11.859300484937345,11.582041211725517,11.615311622619629,2833542,0.0,0.0
2011-08-02 00:00:00-04:00,11.519191736004064,11.733605732573578,11.389804216223355,11.397197723388672,3239724,0.0,0.0
2011-08-03 00:00:00-04:00,11.423080975177028,11.578346227550838,11.312176787524033,11.55616569519043,2882015,0.0,0.0
2011-08-04 00:00:00-04:00,11.430473121058062,11.474834943407137,11.116246279901409,11.264117240905762,4558682,0.0,0.0
2011-08-05 00:00:00-04:00,11.393502841494563,11.448955300588239,11.08297319036634,11.282599449157715,5336640,0.0,0.0
2011-08-08 00:00:00-04:00,11.060793987606576,11.190181557376935,10.321436882019043,10.321436882019043,6012999,0.0,0.0
2011-08-09 00:00:00-04:00,10.421249830841905,10.84638086061488,10.232713414677562,10.838987350463867,5880995,0.0,0.0
2011-08-10 00:00:00-04:00,10.66523715059877,10.994251760680285,10.550636607509164,10.598694801330566,3705201,0.0,0.0
2011-08-11 00:00:00-04:00,10.657846730647833,11.463747139234677,10.657846730647833,11.32326889038086,3504057,0.0,0.0
2011-08-12 00:00:00-04:00,11.367623991154689,11.61900553010593,11.367623991154689,11.50440502166748,2023773,0.0,0.0
2011-08-15 00:00:00-04:00,11.582044492768407,11.848213195800781,11.526592012076806,11.848213195800781,1761388,0.0,0.0
2011-08-16 00:00:00-04:00,11.715127562583824,11.948025064474667,11.681856381895775,11.829728126525879,2044223,0.0,0.0
2011-08-17 00:00:00-04:00,11.881481458465371,12.010869030731468,11.726216219160973,11.803849220275879,1631981,0.0,0.0
2011-08-18 00:00:00-04:00,11.500713211358523,11.585738961165964,11.0866720575186,11.171698570251465,3190277,0.0,0.0
2011-08-19 00:00:00-04:00,11.03861355007277,11.367628181967076,11.031220039988948,11.123640060424805,1765932,0.0,0.0
2011-08-22 00:00:00-04:00,11.256722458743186,11.32326480328335,11.094064496314884,11.216057777404785,1455615,0.0,0.0
2011-08-23 00:00:00-04:00,11.267815718925076,11.741004986670454,11.230848165003787,11.72252082824707,2098106,0.0,0.0
2011-08-24 00:00:00-04:00,11.648585455564078,11.866695940339628,11.61901141116248,11.833425521850586,1971296,0.0,0.0
2011-08-25 00:00:00-04:00,11.807544130725706,11.851905183348983,11.467438912654254,11.530284881591797,1644856,0.0,0.0
2011-08-26 00:00:00-04:00,11.426771950790725,11.718818139639165,11.264112512409566,11.670759201049805,2523765,0.0,0.0
2011-08-29 00:00:00-04:00,11.85560035670249,12.01456191334373,11.829722698826556,11.977594375610352,2173197,0.0,0.0
2011-08-30 00:00:00-04:00,11.918450024411595,12.121773465550055,11.851907668598018,12.014566421508789,2441208,0.0,0.0
2011-08-31 00:00:00-04:00,12.140254631821236,12.162435921638508,11.899963683178202,12.029351234436035,2386676,0.0,0.0
2011-09-01 00:00:00-04:00,12.00347478167235,12.225282361728514,11.999778408280365,12.033049583435059,2155560,0.0,0.0
2011-09-02 00:00:00-04:00,11.822333062604006,11.829726572571749,11.61161612120983,11.652280807495117,1685431,0.0,0.0
2011-09-06 00:00:00-04:00,11.319565085802557,11.670760119619718,11.241932876826983,11.648579597473145,2237684,0.0,0.0
2011-09-07 00:00:00-04:00,11.855602007453873,12.077408790588379,11.829724345974782,12.077408790588379,2063482,0.0,0.0
2011-09-08 00:00:00-04:00,11.977594375610352,12.151342947344942,11.918445552311805,11.977594375610352,1632738,0.0,0.0
2011-09-09 00:00:00-04:00,11.907358209414351,11.955416403248677,11.548769560861805,11.641189575195312,1696684,0.0,0.0
2011-09-12 00:00:00-04:00,11.526586519969467,11.741000540289624,11.411986001825092,11.729909896850586,1584156,0.0,0.0
2011-09-13 00:00:00-04:00,11.75948529070358,12.007169728106732,11.696639325248107,11.96650505065918,1178190,0.0,0.0
2011-09-14 00:00:00-04:00,12.040443650079938,12.484058067786462,11.914753216282005,12.332489967346191,2092155,0.0,0.0
2011-09-15 00:00:00-04:00,12.399031928436349,12.528419494628906,12.236373186602805,12.528419494628906,1556782,0.0,0.0
2011-09-16 00:00:00-04:00,12.550596465248018,12.628229440705258,12.36945361877295,12.450783729553223,2240930,0.0,0.0
2011-09-19 00:00:00-04:00,12.203100800244009,12.56908293305895,12.158738982815546,12.502540588378906,1287364,0.0,0.0
2011-09-20 00:00:00-04:00,12.569085221002025,12.853737279858946,12.49145221710205,12.49145221710205,1609583,0.0,0.0
2011-09-21 00:00:00-04:00,12.46165600147412,12.565938207661008,11.970042521834337,11.984940528869629,1410495,0.231054,0.0
2011-09-22 00:00:00-04:00,11.67209279812365,11.783822829548907,11.38904302649413,11.534292221069336,2074627,0.0,0.0
2011-09-23 00:00:00-04:00,11.538021617771356,11.538021617771356,11.314561448938257,11.415118217468262,1702202,0.0,0.0
2011-09-26 00:00:00-04:00,11.478429629605987,11.925351416847322,11.411392053270651,11.876935005187988,2039462,0.0,0.0
2011-09-27 00:00:00-04:00,12.137640490266937,12.32758223478557,12.04080765503333,12.1190185546875,1223850,0.0,0.0
2011-09-28 00:00:00-04:00,12.141365499553526,12.275441440809331,11.929077888003997,11.966320991516113,1264533,0.0,0.0
2011-09-29 00:00:00-04:00,12.182330584660587,12.253092849880613,11.768928000375771,12.033356666564941,1110024,0.0,0.0
2011-09-30 00:00:00-04:00,11.89182569521995,12.092939850691033,11.77264707875776,11.776371002197266,2203277,0.0,0.0
2011-10-03 00:00:00-04:00,11.675817812466718,11.87320888533752,11.299659133795412,11.303383827209473,1836803,0.0,0.0
2011-10-04 00:00:00-04:00,11.020334852729007,11.325730528251407,10.85273900881014,11.288487434387207,4544400,0.0,0.0
2011-10-05 00:00:00-04:00,11.307106071657753,11.307106071657753,11.061298649314299,11.11716365814209,6252986,0.0,0.0
2011-10-06 00:00:00-04:00,11.117168484548738,11.154412352344158,10.737285798430465,10.971920013427734,8407140,0.0,0.0
2011-10-07 00:00:00-04:00,11.05013175874915,11.19910570420284,10.878811952061051,11.02406120300293,3680098,0.0,0.0
2011-10-10 00:00:00-04:00,11.247519024746685,11.333178520202637,11.087371808458167,11.333178520202637,3326393,0.0,0.0
2011-10-11 00:00:00-04:00,11.221451797839821,11.32573325437227,11.19910593614262,11.247522354125977,2016199,0.0,0.0
2011-10-12 00:00:00-04:00,11.307109422465553,11.660921506096,11.295936109944131,11.586435317993164,1796661,0.0,0.0
2011-10-13 00:00:00-04:00,11.51567041453291,11.675816845840579,11.444908163031451,11.653470993041992,1225149,0.0,0.0
2011-10-14 00:00:00-04:00,11.754032259006632,11.92162813035832,11.720513084736295,11.89928150177002,1334431,0.0,0.0
2011-10-17 00:00:00-04:00,11.862035234810927,12.037078910808331,11.783823592857525,11.817342758178711,1549640,0.0,0.0
2011-10-18 00:00:00-04:00,11.783823937240923,12.137636761495498,11.690715825171566,12.066874504089355,1494999,0.0,0.0
2011-10-19 00:00:00-04:00,12.21957213619285,12.21957213619285,11.832240151797814,11.85831069946289,1265507,0.0,0.0
2011-10-20 00:00:00-04:00,11.880659682001356,12.01846029718601,11.817345262636456,11.981216430664062,975964,0.0,0.0
2011-10-21 00:00:00-04:00,12.111565842931013,12.215848032059949,12.066874134971673,12.20467472076416,1810619,0.0,0.0
2011-10-24 00:00:00-04:00,12.215850369450875,12.405791317539382,12.18977981718028,12.364824295043945,1229368,0.0,0.0
2011-10-25 00:00:00-04:00,12.297788240949764,12.383448538479785,12.04825750685477,12.070603370666504,1172996,0.0,0.0
2011-10-26 00:00:00-04:00,12.189779411157247,12.2530930584112,11.914177427406335,12.16743278503418,1724275,0.0,0.0
2011-10-27 00:00:00-04:00,12.551040062136469,12.551040062136469,11.564088480275018,11.83224105834961,3592240,0.0,0.0
2011-10-28 00:00:00-04:00,11.646025192085897,11.761479945719644,11.400218446016382,11.627403259277344,2135002,0.0,0.0
2011-10-31 00:00:00-04:00,11.489601538580825,11.690716548834695,11.407665964465243,11.519396781921387,2501151,0.0,0.0
2011-11-01 00:00:00-04:00,11.173032824928798,11.284762876477767,11.10971918029185,11.161859512329102,4242306,0.0,0.0
2011-11-02 00:00:00-04:00,11.396493173232331,11.396493173232331,11.202827541417365,11.254968643188477,2633047,0.0,0.0
2011-11-03 00:00:00-04:00,11.329454704922892,11.396492270819184,11.22517327825004,11.348075866699219,2895540,0.0,0.0
2011-11-04 00:00:00-04:00,11.254966909413705,11.336902474653943,11.165582726298165,11.25869083404541,1957013,0.0,0.0
2011-11-07 00:00:00-05:00,11.251244513020067,11.310833464116367,11.128340379853949,11.292211532592773,2258350,0.0,0.0
2011-11-08 00:00:00-05:00,11.37042499730079,11.407668097675902,11.173034643782387,11.277316093444824,2108277,0.0,0.0
2011-11-09 00:00:00-05:00,11.042683380624512,11.14324014269173,10.88998550592083,10.94957447052002,2264626,0.0,0.0
2011-11-10 00:00:00-05:00,11.072474322760657,11.146961273306363,10.968192899441437,11.031506538391113,2096267,0.0,0.0
2011-11-11 00:00:00-05:00,11.18048168434918,11.269865881233933,11.16930837150908,11.254968643188477,1893500,0.0,0.0
2011-11-14 00:00:00-05:00,11.247517685070838,11.266138844449095,11.124614343837445,11.158133506774902,1860391,0.0,0.0
2011-11-15 00:00:00-05:00,11.105992379186604,11.284760735188362,11.105992379186604,11.236344337463379,1291259,0.0,0.0
2011-11-16 00:00:00-05:00,11.13206636898763,11.22889919439908,11.094823270218646,11.128341674804688,4129237,0.0,0.0
2011-11-17 00:00:00-05:00,11.113442578402106,11.184205607157836,10.960744746044726,11.050128936767578,1960584,0.0,0.0
2011-11-18 00:00:00-05:00,11.109721490653056,11.135791277787119,10.986817332333429,11.02406120300293,1659355,0.0,0.0
2011-11-21 00:00:00-05:00,10.908602618218492,10.95329509366743,10.789423964707803,10.856461524963379,2510565,0.0,0.0
2011-11-22 00:00:00-05:00,10.849015546010929,10.893708032330617,10.73728548312982,10.759632110595703,1445119,0.0,0.0
2011-11-23 00:00:00-05:00,10.66279824322599,10.741009900114474,10.554792877246548,10.64045238494873,1888090,0.0,0.0
2011-11-25 00:00:00-05:00,10.603208519207913,10.741009900114474,10.580862660930656,10.64045238494873,616415,0.0,0.0
2011-11-28 00:00:00-05:00,10.860189624046566,11.042682739059408,10.811773208816566,10.927227973937988,2026911,0.0,0.0
2011-11-29 00:00:00-05:00,10.979367696780672,11.146963562073369,10.979367696780672,11.035233497619629,2249586,0.0,0.0
2011-11-30 00:00:00-05:00,11.325732124288574,11.348077983756102,11.214002058338838,11.310834884643555,2762671,0.0,0.0
2011-12-01 00:00:00-05:00,11.325733019809967,11.333181640221436,11.012887888079648,11.02406120300293,3259850,0.0,0.0
2011-12-02 00:00:00-05:00,11.128338392635953,11.2586903527998,11.068748683568751,11.135787010192871,1969565,0.0,0.0
2011-12-05 00:00:00-05:00,11.284760735188362,11.307107356147469,11.150684852492969,11.236344337463379,2958404,0.0,0.0
2011-12-06 00:00:00-05:00,11.2661410787139,11.348076655785361,11.173032957522153,11.240071296691895,2364495,0.0,0.0
2011-12-07 00:00:00-05:00,11.199105528841633,11.199105528841633,10.945850132980821,11.087374687194824,1949223,0.0,0.0
2011-12-08 00:00:00-05:00,11.016603167477301,11.098538690591099,10.912321033615012,10.923494338989258,1920009,0.0,0.0
2011-12-09 00:00:00-05:00,10.938400990718458,11.176759919976384,10.927228444330355,11.143239974975586,1652647,0.0,0.0
2011-12-12 00:00:00-05:00,11.046405942896284,11.091097657718695,10.927226499479133,10.986815452575684,1127444,0.0,0.0
2011-12-13 00:00:00-05:00,11.072477367214288,11.132067097757846,10.916054804920039,10.968195915222168,1519453,0.0,0.0
2011-12-14 00:00:00-05:00,10.908602429724155,10.968192139755768,10.811769631305207,10.889981269836426,1401623,0.0,0.0
2011-12-15 00:00:00-05:00,10.971916225740424,11.105992105127266,10.96819153280187,11.03895378112793,1510364,0.0,0.0
2011-12-16 00:00:00-05:00,11.135789513052968,11.277314815667097,11.105995036128746,11.232623100280762,3407434,0.0,0.0
2011-12-19 00:00:00-05:00,11.295935095973707,11.418838448229057,11.135787884398113,11.184205055236816,1623000,0.0,0.0
2011-12-20 00:00:00-05:00,11.336906270731852,11.605058909867372,11.31828433550223,11.530571937561035,2054285,0.0,0.0
2011-12-21 00:00:00-05:00,11.538077845683922,11.586888388266157,11.369117679153952,11.50428581237793,1772965,0.231054,0.0
2011-12-22 00:00:00-05:00,11.564361644975516,11.624436466276652,11.515551094814915,11.541833877563477,1461133,0.0,0.0
2011-12-23 00:00:00-05:00,11.545587563044544,11.571869567896831,11.43294718922054,11.538078308105469,1722436,0.0,0.0
2011-12-27 00:00:00-05:00,11.549341340206645,11.579379133628036,11.43670174576594,11.50428581237793,1408656,0.0,0.0
2011-12-28 00:00:00-05:00,11.534322206403802,11.65447182384603,11.436701126525035,11.52305793762207,1267347,0.0,0.0
2011-12-29 00:00:00-05:00,11.560602512174254,11.654469332304446,11.560602512174254,11.64695930480957,882371,0.0,0.0
2011-12-30 00:00:00-05:00,11.609414052115609,11.650715332588598,11.560603518362873,11.56435775756836,827081,0.0,0.0
2012-01-03 00:00:00-05:00,11.714550650239618,11.759606968930669,11.635703061116766,11.64321231842041,1789303,0.0,0.0
2012-01-04 00:00:00-05:00,11.586892499872347,11.710796407671962,11.560609711878032,11.695777893066406,1718216,0.0,0.0
2012-01-05 00:00:00-05:00,11.631947442725888,11.767115616930816,11.590646142259843,11.707040786743164,1239323,0.0,0.0
2012-01-06 00:00:00-05:00,11.699526633702751,11.902278810160546,11.665734604293117,11.872241020202637,1181869,0.0,0.0
2012-01-09 00:00:00-05:00,11.868491193962527,11.906037476785194,11.737078041779524,11.808416366577148,1055924,0.0,0.0
2012-01-10 00:00:00-05:00,11.887261435491673,12.063730864633062,11.879752180514268,12.044958114624023,1091630,0.0,0.0
2012-01-11 00:00:00-05:00,11.977376020963579,11.99614877406971,11.842207859332602,11.857226371765137,952809,0.0,0.0
2012-01-12 00:00:00-05:00,11.868493586874006,11.913549135345253,11.740834649800274,11.834701538085938,1024762,0.0,0.0
2012-01-13 00:00:00-05:00,11.797148170845995,11.97737259306379,11.78588467717972,11.845958709716797,1036989,0.0,0.0
2012-01-17 00:00:00-05:00,11.969864877655738,11.999901897785367,11.842205992366903,11.902280807495117,1236510,0.0,0.0
2012-01-18 00:00:00-05:00,11.883507972155211,12.014921105152514,11.853470175413344,11.984883308410645,1435273,0.0,0.0
2012-01-19 00:00:00-05:00,12.014920789068361,12.063731335762183,11.95484597203405,12.018675804138184,739006,0.0,0.0
2012-01-20 00:00:00-05:00,12.018676120321121,12.105032945640119,11.93982777560134,11.984883308410645,1306623,0.0,0.0
2012-01-23 00:00:00-05:00,11.954844615907401,12.059974952639998,11.823431501274433,11.849714279174805,696916,0.0,0.0
2012-01-24 00:00:00-05:00,11.83094310760498,11.898527185678654,11.767114044921641,11.83094310760498,590447,0.0,0.0
2012-01-25 00:00:00-05:00,11.827188730583797,11.958601869824149,11.744586141640204,11.928564071655273,698431,0.0,0.0
2012-01-26 00:00:00-05:00,11.977376674678448,12.029941471061266,11.70704033666177,11.725813865661621,888322,0.0,0.0
2012-01-27 00:00:00-05:00,11.688264361023537,11.748338397474926,11.620680295146819,11.661981582641602,1102233,0.0,0.0
2012-01-30 00:00:00-05:00,11.594400331447774,11.643210885348342,11.515551977160563,11.616928100585938,902172,0.0,0.0
2012-01-31 00:00:00-05:00,11.654477048168943,11.7107968675862,11.560610165894037,11.571873664855957,944478,0.0,0.0
2012-02-01 00:00:00-05:00,11.66198299588503,11.692020017750725,11.56060688478481,11.583134651184082,1076698,0.0,0.0
2012-02-02 00:00:00-05:00,11.57937861779919,11.714545970132926,11.538077331694932,11.545586585998535,729701,0.0,0.0
2012-02-03 00:00:00-05:00,11.650718725250895,11.692020017750725,11.553097629318387,11.583134651184082,773305,0.0,0.0
2012-02-06 00:00:00-05:00,11.515553551943016,11.628193962775894,11.466742991367475,11.493025779724121,815503,0.0,0.0
2012-02-07 00:00:00-05:00,11.444215038637013,11.624438763283878,11.384140205464996,11.598155975341797,622583,0.0,0.0
2012-02-08 00:00:00-05:00,11.598151229618054,11.628189021347813,11.53432218135423,11.590641975402832,523363,0.0,0.0
2012-02-09 00:00:00-05:00,11.60566034796634,11.669489391221282,11.485510740213595,11.57562255859375,1436030,0.0,0.0
2012-02-10 00:00:00-05:00,11.508040459383777,11.590643038194244,11.429192895459666,11.44045639038086,736842,0.0,0.0
2012-02-13 00:00:00-05:00,11.500533110680815,11.598154215479424,11.436704045984657,11.553098678588867,807929,0.0,0.0
2012-02-14 00:00:00-05:00,11.511797073190865,11.568116880226137,11.41793021155271,11.474250793457031,855321,0.0,0.0
2012-02-15 00:00:00-05:00,11.489267099498804,11.523059134484996,11.342836239340224,11.38789176940918,746688,0.0,0.0
2012-02-16 00:00:00-05:00,11.369118127803244,11.444211452016692,11.320307583294843,11.425437927246094,1487534,0.0,0.0
2012-02-17 00:00:00-05:00,11.478003439451514,11.624435072374496,11.478003439451514,11.613171577453613,1558405,0.0,0.0
2012-02-21 00:00:00-05:00,11.616926236951384,11.6882653234147,11.474249613762687,11.489267349243164,1137723,0.0,0.0
2012-02-22 00:00:00-05:00,11.556855924529803,11.673249804728549,11.515553845438701,11.571873664855957,1480068,0.0,0.0
2012-02-23 00:00:00-05:00,11.369119113952852,11.369119113952852,10.884767866889312,11.357854843139648,4345637,0.0,0.0
2012-02-24 00:00:00-05:00,11.354100632762165,11.81967912952509,11.335327106313592,11.804659843444824,3091923,0.0,0.0
2012-02-27 00:00:00-05:00,11.755850250541904,12.090015639076675,11.677002672836553,11.857226371765137,2732483,0.0,0.0
2012-02-28 00:00:00-05:00,11.872246090756041,11.902283893542887,11.590646241985658,11.624438285827637,1460051,0.0,0.0
2012-02-29 00:00:00-05:00,11.62443873640338,11.789643946092516,11.598155948522075,11.658230781555176,3998639,0.0,0.0
2012-03-01 00:00:00-05:00,11.669491872944414,11.804659241825966,11.541832984416812,11.57938003540039,1897720,0.0,0.0
2012-03-02 00:00:00-05:00,11.549342784254453,11.635700385693738,11.417929649353027,11.417929649353027,1103965,0.0,0.0
2012-03-05 00:00:00-05:00,11.3653664953172,11.399159314882631,11.04997536960076,11.05748462677002,2450514,0.0,0.0
2012-03-06 00:00:00-05:00,10.986146505049831,11.023692791609802,10.824695535668981,10.839714050292969,2252399,0.0,0.0
2012-03-07 00:00:00-05:00,10.832204792980976,10.888524610255526,10.783394233018418,10.839714050292969,1996182,0.0,0.0
2012-03-08 00:00:00-05:00,10.903541627936288,10.9598614334763,10.805919753482033,10.828448295593262,1603308,0.0,0.0
2012-03-09 00:00:00-05:00,10.858486170114174,10.873504682786738,10.794657103821235,10.805920600891113,1773182,0.0,0.0
2012-03-12 00:00:00-04:00,10.832202088768042,10.858484870233232,10.719562482338933,10.847221374511719,1734230,0.0,0.0
2012-03-13 00:00:00-04:00,10.888522629048156,10.944842436075108,10.835957837428555,10.91480541229248,1955066,0.0,0.0
2012-03-14 00:00:00-04:00,10.87725769945804,10.90354047923954,10.813427870026123,10.888521194458008,2002890,0.0,0.0
2012-03-15 00:00:00-04:00,10.899785900725153,10.956105702586724,10.865993864634415,10.92982292175293,3245892,0.0,0.0
2012-03-16 00:00:00-04:00,10.918558559951894,10.978633372109696,10.8697472423513,10.959859848022461,5603029,0.0,0.0
2012-03-19 00:00:00-04:00,10.959854941526915,11.042457480688636,10.899780156263326,11.012419700622559,1230450,0.0,0.0
2012-03-20 00:00:00-04:00,10.97863661345455,11.00491862509351,10.944843795199148,10.963617324829102,1572254,0.0,0.0
2012-03-21 00:00:00-04:00,11.035566711499605,11.111308491999772,11.00148287119652,11.039353370666504,2202303,0.231054,0.0
2012-03-22 00:00:00-04:00,10.982552176341203,10.997701164511286,10.808346237210511,10.850004196166992,1585996,0.0,0.0
2012-03-23 00:00:00-04:00,10.834858057320506,10.857580371571208,10.736393914006763,10.796987533569336,1001824,0.0,0.0
2012-03-26 00:00:00-04:00,10.876509668426953,10.959825553553735,10.842425826187794,10.944677352905273,1177865,0.0,0.0
2012-03-27 00:00:00-04:00,10.937102649632006,11.058289029699084,10.921954449818648,11.031779289245605,1116083,0.0,0.0
2012-03-28 00:00:00-04:00,10.990127699357403,11.031785663695286,10.774263773384794,10.831069946289062,1226014,0.0,0.0
2012-03-29 00:00:00-04:00,10.766686304200553,10.887873497978427,10.766686304200553,10.880298614501953,1475199,0.0,0.0
2012-03-30 00:00:00-04:00,10.887873988286769,10.925744499572504,10.861364239606532,10.906808853149414,1603091,0.0,0.0
2012-04-02 00:00:00-04:00,10.884083768751184,10.971187094820202,10.8386391668058,10.944677352905273,1121168,0.0,0.0
2012-04-03 00:00:00-04:00,10.948466783001942,11.027995241635486,10.903021391239642,10.914382934570312,2072355,0.0,0.0
2012-04-04 00:00:00-04:00,10.857575868425068,10.8992338180542,10.804557157162776,10.8992338180542,1199938,0.0,0.0
2012-04-05 00:00:00-04:00,10.846215197457393,10.92953109741211,10.796983145807825,10.92953109741211,1719190,0.0,0.0
2012-04-09 00:00:00-04:00,10.834854578865269,10.959828439463186,10.827280476546647,10.937106132507324,3014452,0.0,0.0
2012-04-10 00:00:00-04:00,10.918171438663283,10.933319644622374,10.789410906450481,10.815919876098633,3251735,0.0,0.0
2012-04-11 00:00:00-04:00,10.887874626424148,10.974977198266636,10.84621667078805,10.94089412689209,1440683,0.0,0.0
2012-04-12 00:00:00-04:00,10.96361343406567,11.194626255145822,10.891659082191062,11.190838813781738,2618115,0.0,0.0
2012-04-13 00:00:00-04:00,11.183266685325332,11.277944138964738,11.141608730773669,11.22871208190918,1827931,0.0,0.0
2012-04-16 00:00:00-04:00,11.289306216505764,11.308241082879247,11.126461051082373,11.17948055267334,2046928,0.0,0.0
2012-04-17 00:00:00-04:00,11.20599214711879,11.315817047459497,11.156760079638989,11.202204704284668,1357477,0.0,0.0
2012-04-18 00:00:00-04:00,11.145390913065468,11.171899868538745,11.02799120731772,11.065861701965332,1137939,0.0,0.0
2012-04-19 00:00:00-04:00,11.084800615871705,11.205987797677741,11.0128462639971,11.190838813781738,1465136,0.0,0.0
2012-04-20 00:00:00-04:00,11.209777733480493,11.421854972839355,11.205991072570107,11.421854972839355,1823603,0.0,0.0
2012-04-23 00:00:00-04:00,11.32717469939504,11.35368444543626,11.194626750749313,11.346110343933105,1764526,0.0,0.0
2012-04-24 00:00:00-04:00,11.365046430931383,11.368833091050199,11.300665393307572,11.32717514038086,2298817,0.0,0.0
2012-04-25 00:00:00-04:00,11.437003559779745,11.463512531715299,11.380196610190625,11.425642013549805,1483963,0.0,0.0
2012-04-26 00:00:00-04:00,11.323390087546533,11.53167988483519,11.058294124008343,11.414280891418457,3064765,0.0,0.0
2012-04-27 00:00:00-04:00,11.421854186047645,11.645292174306748,11.338538273031673,11.62256908416748,1859092,0.0,0.0
2012-04-30 00:00:00-04:00,11.622570220596353,11.622570220596353,11.486235574232772,11.501383781433105,1233047,0.0,0.0
2012-05-01 00:00:00-04:00,11.497594709826336,11.637716769392286,11.448361874406542,11.543039321899414,2059262,0.0,0.0
2012-05-02 00:00:00-04:00,11.51653131982625,11.800562923799781,11.501383113505629,11.777840614318848,4526006,0.0,0.0
2012-05-03 00:00:00-04:00,11.78162808036486,11.815711153874508,11.649079320891605,11.709672927856445,2565314,0.0,0.0
2012-05-04 00:00:00-04:00,11.899028003189137,11.899028003189137,11.739970260912456,11.838435173034668,2230651,0.0,0.0
2012-05-07 00:00:00-04:00,11.838437754288128,12.050514269191142,11.819502099955825,12.03536605834961,2360924,0.0,0.0
2012-05-08 00:00:00-04:00,11.974767807861154,12.050509614372375,11.777839579868257,11.868729591369629,1500085,0.0,0.0
2012-05-09 00:00:00-04:00,11.774051770448958,11.849793574596772,11.683161761783671,11.736181259155273,1637499,0.0,0.0
2012-05-10 00:00:00-04:00,11.819497160083962,11.876303317778385,11.62256815676674,11.67558765411377,2988159,0.0,0.0
2012-05-11 00:00:00-04:00,11.649080247389632,11.789203121182958,11.607422285830683,11.71724796295166,1236618,0.0,0.0
2012-05-14 00:00:00-04:00,11.630141164576083,11.683159871810457,11.558186032417526,11.599843978881836,952268,0.0,0.0
2012-05-15 00:00:00-04:00,11.59227342674294,11.614995736799665,11.387771073111303,11.437003135681152,2346858,0.0,0.0
2012-05-16 00:00:00-04:00,11.505172769877962,11.558191502202861,11.293095495896305,11.323391914367676,1885926,0.0,0.0
2012-05-17 00:00:00-04:00,11.334746392773175,11.334746392773175,11.009056971090516,11.039353370666504,1840807,0.0,0.0
2012-05-18 00:00:00-04:00,11.06208254421953,11.065869205471888,10.762902698176205,10.804560661315918,2857887,0.0,0.0
2012-05-21 00:00:00-04:00,10.876512548374668,10.929532046243345,10.78183509691216,10.868938446044922,1882139,0.0,0.0
2012-05-22 00:00:00-04:00,10.88408945783206,10.94468307365825,10.774263773384794,10.831069946289062,1859525,0.0,0.0
2012-05-23 00:00:00-04:00,10.77426004928909,11.016633647257377,10.743963642628197,10.997698783874512,1546286,0.0,0.0
2012-05-24 00:00:00-04:00,10.997702061530793,11.152972364283807,10.967404864280013,11.046934127807617,1840698,0.0,0.0
2012-05-25 00:00:00-04:00,11.039356639216178,11.156757176233757,11.03556997892812,11.096162796020508,810202,0.0,0.0
2012-05-29 00:00:00-04:00,11.164333008775097,11.296881779889134,11.092378631507998,11.145398139953613,1453451,0.0,0.0
2012-05-30 00:00:00-04:00,11.077227609000898,11.107524016665163,10.876511954324124,10.880298614501953,1280439,0.0,0.0
2012-05-31 00:00:00-04:00,10.906816333227507,10.906816333227507,10.607636353425985,10.736397743225098,2785284,0.0,0.0
2012-06-01 00:00:00-04:00,10.603845225974352,10.668225502987577,10.365258987797862,10.425851821899414,2567478,0.0,0.0
2012-06-04 00:00:00-04:00,10.414490412225815,10.452361715599944,10.263007543411279,10.380407333374023,1742453,0.0,0.0
2012-06-05 00:00:00-04:00,10.365251717614335,10.82348822112335,10.361464277359172,10.75532054901123,3221871,0.0,0.0
2012-06-06 00:00:00-04:00,12.069443981607021,12.243649883642773,11.630142175671667,12.239862442016602,10879294,0.0,0.0
2012-06-07 00:00:00-04:00,12.289096290849916,12.379985518663908,12.069444978951417,12.156547546386719,4965947,0.0,0.0
2012-06-08 00:00:00-04:00,12.11489319391743,12.40649895529314,12.084596775640723,12.391350746154785,2474642,0.0,0.0
2012-06-11 00:00:00-04:00,12.561762896070347,12.610994938501449,12.315601902354603,12.319389343261719,2764185,0.0,0.0
2012-06-12 00:00:00-04:00,12.353476524353027,12.402708580091648,12.205780357137169,12.353476524353027,2413293,0.0,0.0
2012-06-13 00:00:00-04:00,12.27394947809631,12.539045450844384,12.27394947809631,12.440581321716309,3728572,0.0,0.0
2012-06-14 00:00:00-04:00,12.414068602850021,12.486022956673757,12.342113467465932,12.417855262756348,3919978,0.0,0.0
2012-06-15 00:00:00-04:00,12.451943232735609,12.565555572509766,12.387562958967628,12.565555572509766,1931370,0.0,0.0
2012-06-18 00:00:00-04:00,12.508749514752967,12.648871610146665,12.433007693704367,12.527685165405273,1878136,0.0,0.0
2012-06-19 00:00:00-04:00,12.53147186342325,12.686742948731426,12.489813900802135,12.57313060760498,2827591,0.0,0.0
2012-06-20 00:00:00-04:00,12.641852089583422,12.641852089583422,12.439491524580417,12.603671073913574,1538496,0.249538,0.0
2012-06-21 00:00:00-04:00,12.603671070611167,12.603671070611167,12.386037311428707,12.420400619506836,1316253,0.0,0.0
2012-06-22 00:00:00-04:00,12.458584026423585,12.527310655770993,12.374584987880908,12.515856742858887,1635659,0.0,0.0
2012-06-25 00:00:00-04:00,12.523488520236606,12.596032832253105,12.309672503183558,12.481488227844238,1657624,0.0,0.0
2012-06-26 00:00:00-04:00,12.40512574983011,12.489125548873782,12.33258143589002,12.397489547729492,1072262,0.0,0.0
2012-06-27 00:00:00-04:00,12.454765555754824,12.561673201546606,12.408947543004835,12.431856155395508,1211083,0.0,0.0
2012-06-28 00:00:00-04:00,12.374585675286191,12.37840417178147,12.179861265276566,12.340222358703613,2423464,0.0,0.0
2012-06-29 00:00:00-04:00,12.561674667406756,12.62276509554602,12.489130325719884,12.584583282470703,2174279,0.0,0.0
2012-07-02 00:00:00-04:00,12.561675280807236,12.596038599065526,12.416585802379878,12.428040504455566,1345467,0.0,0.0
2012-07-03 00:00:00-04:00,12.435674753450987,12.485310474688912,12.340221019087242,12.366948127746582,823835,0.0,0.0
2012-07-05 00:00:00-04:00,12.324946430323784,12.573125780577227,12.29440161895595,12.512035369873047,1082866,0.0,0.0
2012-07-06 00:00:00-04:00,12.401312520441511,12.401312520441511,12.260041548619446,12.305859565734863,911910,0.0,0.0
2012-07-09 00:00:00-04:00,12.252405343761662,12.309677274179395,12.206587326646245,12.305859565734863,855646,0.0,0.0
2012-07-10 00:00:00-04:00,12.34021941724837,12.34021941724837,11.977496219312295,12.042405128479004,1778051,0.0,0.0
2012-07-11 00:00:00-04:00,12.065314741917797,12.107314257005417,11.832408554968804,11.916407585144043,2061535,0.0,0.0
2012-07-12 00:00:00-04:00,11.904955473445975,11.988954521881931,11.801866305251872,11.931682586669922,2967385,0.0,0.0
2012-07-13 00:00:00-04:00,11.969861412353888,12.141677974353833,11.943135092014911,12.130223274230957,811933,0.0,0.0
2012-07-16 00:00:00-04:00,12.084405865454404,12.107314477382282,11.935498705970247,12.02713394165039,668351,0.0,0.0
2012-07-17 00:00:00-04:00,12.027135394816218,12.20658739188631,11.954590266326472,12.179861068725586,1745807,0.0,0.0
2012-07-18 00:00:00-04:00,12.153133303588163,12.321131378254085,12.111132996953001,12.2218599319458,1236726,0.0,0.0
2012-07-19 00:00:00-04:00,12.22567809912873,12.405130093278014,12.0958618299968,12.313495635986328,1535683,0.0,0.0
2012-07-20 00:00:00-04:00,12.202768124150609,12.225676735919132,12.030951565965124,12.095860481262207,1407249,0.0,0.0
2012-07-23 00:00:00-04:00,11.90495310209778,12.053860261581937,11.836226478345514,12.02713394165039,1303918,0.0,0.0
2012-07-24 00:00:00-04:00,12.008043629108323,12.061497059572561,11.84768176177828,11.920226097106934,1840374,0.0,0.0
2012-07-25 00:00:00-04:00,11.969859670637081,12.023313879474275,11.878225234862224,11.943133354187012,841363,0.0,0.0
2012-07-26 00:00:00-04:00,12.080584485134557,12.355490914507252,12.01949486791257,12.332581520080566,1438194,0.0,0.0
2012-07-27 00:00:00-04:00,12.370766305357176,12.61894490515775,12.218040649494379,12.508218765258789,1201128,0.0,0.0
2012-07-30 00:00:00-04:00,12.45094429825525,12.523489403355827,12.286764763915254,12.370763778686523,868089,0.0,0.0
2012-07-31 00:00:00-04:00,12.324948696981208,12.336403397335014,12.214222553456612,12.298221588134766,658181,0.0,0.0
2012-08-01 00:00:00-04:00,12.332586693766471,12.363132303160198,12.210406620097876,12.309678077697754,876204,0.0,0.0
2012-08-02 00:00:00-04:00,12.130222923787723,12.237131353929602,12.0385884773266,12.214221954345703,876204,0.0,0.0
2012-08-03 00:00:00-04:00,12.374587547827028,12.546404156739458,12.34022422604454,12.531131744384766,945235,0.0,0.0
2012-08-06 00:00:00-04:00,12.54639976655945,12.603671686833641,12.462400740032347,12.504400253295898,590447,0.0,0.0
2012-08-07 00:00:00-04:00,12.561670524876527,12.672396643123964,12.523489512361106,12.668578147888184,972177,0.0,0.0
2012-08-08 00:00:00-04:00,12.584578250248947,12.729667663574219,12.53494254347396,12.729667663574219,1262586,0.0,0.0
2012-08-09 00:00:00-04:00,12.645672576685499,12.794579743201917,12.641854080532873,12.72203540802002,872633,0.0,0.0
2012-08-10 00:00:00-04:00,12.680033689968951,12.870940341195158,12.630397976409508,12.863304138183594,666512,0.0,0.0
2012-08-13 00:00:00-04:00,12.821305125582166,12.882395540015816,12.733488393554316,12.825122833251953,535157,0.0,0.0
2012-08-14 00:00:00-04:00,12.890033917043905,12.909124034549242,12.733490540875465,12.756399154663086,1039910,0.0,0.0
2012-08-15 00:00:00-04:00,12.764038192310668,12.84803724947804,12.733493367147574,12.748764991760254,2248829,0.0,0.0
2012-08-16 00:00:00-04:00,12.74112318271453,12.77548569980294,12.676215067815296,12.7373046875,1158497,0.0,0.0
2012-08-17 00:00:00-04:00,12.767856068127692,12.825128010040482,12.725857326964672,12.80221939086914,913533,0.0,0.0
2012-08-20 00:00:00-04:00,12.767850412351246,12.767850412351246,12.618943271745632,12.680033683776855,587093,0.0,0.0
2012-08-21 00:00:00-04:00,12.691490836148592,12.702945537570539,12.569310768845671,12.59985637664795,1027143,0.0,0.0
2012-08-22 00:00:00-04:00,12.59985619946481,12.6151278211981,12.504402456874178,12.546401977539062,807388,0.0,0.0
2012-08-23 00:00:00-04:00,12.576942983049248,12.714396204622773,12.405126456082343,12.416581153869629,992194,0.0,0.0
2012-08-24 00:00:00-04:00,12.386040980803076,12.492948644290658,12.370768570014675,12.428040504455566,1197774,0.0,0.0
2012-08-27 00:00:00-04:00,12.428037958728709,12.46621897787881,12.271493810291757,12.28676700592041,901955,0.0,0.0
2012-08-28 00:00:00-04:00,12.24858799182042,12.33640474422525,12.240950998771638,12.271495819091797,1139671,0.0,0.0
2012-08-29 00:00:00-04:00,12.24858779668723,12.62658270001794,12.240950803760112,12.59985637664795,2783229,0.0,0.0
2012-08-30 00:00:00-04:00,12.534944854934983,12.599853765583308,12.40894631727915,12.58076286315918,1350552,0.0,0.0
2012-08-31 00:00:00-04:00,12.607493942995799,12.6456757622658,12.408951004292165,12.5234956741333,1579504,0.0,0.0
2012-09-04 00:00:00-04:00,12.496765072455378,12.500582780536169,12.321130801522937,12.431856155395508,1011021,0.0,0.0
2012-09-05 00:00:00-04:00,12.412764665953555,12.485308991150148,12.240948122108257,12.401309967041016,754803,0.0,0.0
2012-09-06 00:00:00-04:00,12.454766906501137,12.615127998595993,12.42422129869886,12.59985637664795,974557,0.0,0.0
2012-09-07 00:00:00-04:00,12.59985636114392,12.61131027458304,12.542583642073396,12.596037864685059,910503,0.0,0.0
2012-09-10 00:00:00-04:00,12.653307424658685,12.653307424658685,12.450946061509503,12.557853698730469,797867,0.0,0.0
2012-09-11 00:00:00-04:00,12.534944745499748,12.57694425768502,12.424218615562477,12.458581924438477,732730,0.0,0.0
2012-09-12 00:00:00-04:00,12.519675453841609,12.638037816537324,12.496766838214013,12.630401611328125,1137398,0.0,0.0
2012-09-13 00:00:00-04:00,12.611311636473086,12.630402544891547,12.504403967673577,12.57313060760498,1652214,0.0,0.0
2012-09-14 00:00:00-04:00,12.550214266081015,12.714394569396973,12.538759569766942,12.714394569396973,1267671,0.0,0.0
2012-09-17 00:00:00-04:00,12.638033925409474,12.783123355650137,12.504399193440197,12.699124336242676,1177000,0.0,0.0
2012-09-18 00:00:00-04:00,12.70294189453125,12.760213809278673,12.626579078878517,12.70294189453125,965793,0.0,0.0
2012-09-19 00:00:00-04:00,12.714393485243841,12.867119079222853,12.680030187200149,12.848028182983398,1114135,0.0,0.0
2012-09-20 00:00:00-04:00,12.748759819703649,12.909121662690268,12.73730590889867,12.905303955078125,1049215,0.0,0.0
2012-09-21 00:00:00-04:00,13.036172274946605,13.043869972229004,12.924554472880772,13.043869972229004,3500486,0.249538,0.0
2012-09-24 00:00:00-04:00,13.005374620623256,13.155481633345499,12.943793071110193,13.113143920898438,1401190,0.0,0.0
2012-09-25 00:00:00-04:00,13.113147036692757,13.155484759199618,12.909156119676622,12.955342292785645,2355514,0.0,0.0
2012-09-26 00:00:00-04:00,12.943795794063359,13.016924296650808,12.84757341123665,12.936098098754883,1320040,0.0,0.0
2012-09-27 00:00:00-04:00,12.974583330981902,13.032316428516141,12.870663278832092,12.939943313598633,1044996,0.0,0.0
2012-09-28 00:00:00-04:00,12.913003015141825,13.143935427297732,12.81678064720106,13.1285400390625,1563706,0.0,0.0
2012-10-01 00:00:00-04:00,13.140084858367308,13.18242336321641,12.905303225665198,12.966885566711426,951403,0.0,0.0
2012-10-02 00:00:00-04:00,13.005376873364039,13.163181607109737,13.00152842300969,13.120843887329102,1179055,0.0,0.0
2012-10-03 00:00:00-04:00,13.182425488619264,13.317136335286703,13.14778546584035,13.259403228759766,919267,0.0,0.0
2012-10-04 00:00:00-04:00,13.317137343641523,13.45954589567461,13.286345768665575,13.320985794067383,1658490,0.0,0.0
2012-10-05 00:00:00-04:00,13.378721799890895,13.50573418722149,13.36717406385875,13.448001861572266,1196692,0.0,0.0
2012-10-08 00:00:00-04:00,13.436447143554688,13.459541014990828,13.347924078408095,13.436447143554688,733055,0.0,0.0
2012-10-09 00:00:00-04:00,13.428750166148369,13.467237833478459,13.320980884919221,13.386411666870117,880748,0.0,0.0
2012-10-10 00:00:00-04:00,13.371019157508721,13.371019157508721,13.170877525296573,13.22091293334961,1335296,0.0,0.0
2012-10-11 00:00:00-04:00,13.282494734263993,14.117702043224417,13.193970065611223,13.840581893920898,5128464,0.0,0.0
2012-10-12 00:00:00-04:00,13.755904410929478,13.82133678310103,13.555762816881197,13.563461303710938,2073220,0.0,0.0
2012-10-15 00:00:00-04:00,13.58270848795433,13.852130159657795,13.386414511758097,13.836734771728516,1992287,0.0,0.0
2012-10-16 00:00:00-04:00,13.91756196072481,14.098458973429862,13.82134038206026,14.040726661682129,1600603,0.0,0.0
2012-10-17 00:00:00-04:00,14.048419294391419,14.510285591209318,14.048419294391419,14.506436347961426,2500286,0.0,0.0
2012-10-18 00:00:00-04:00,14.519387809003145,14.78690715939265,14.415832075057633,14.575480461120605,2249803,3.761553,0.0
2012-10-19 00:00:00-04:00,14.588423105255355,14.830053723806616,14.528016118471959,14.704923629760742,2309096,0.0,0.0
2012-10-22 00:00:00-04:00,14.64019969473826,14.666088400321316,14.433088269128927,14.536643981933594,1063931,0.0,0.0
2012-10-23 00:00:00-04:00,14.402883415780538,14.489179986027942,14.316586845533136,14.433087348937988,1208594,0.0,0.0
2012-10-24 00:00:00-04:00,14.493494903414838,14.506439701134092,14.389940083550533,14.420143127441406,799273,0.0,0.0
2012-10-25 00:00:00-04:00,14.52801432985092,14.588421309197294,14.411513819688532,14.532329559326172,737816,0.0,0.0
2012-10-26 00:00:00-04:00,14.515071210061992,14.73512745787534,14.428774624831807,14.66609001159668,1019569,0.0,0.0
2012-10-31 00:00:00-04:00,14.735123287057963,15.063049505734208,14.70923458595854,14.929290771484375,2403879,0.0,0.0
2012-11-01 00:00:00-04:00,14.87320420373947,15.23996406881423,14.748074095039971,15.188186645507812,3069418,0.0,0.0
2012-11-02 00:00:00-04:00,15.239955928891428,15.308992456426386,14.998326301574707,14.998326301574707,1272324,0.0,0.0
2012-11-05 00:00:00-05:00,14.94654948731069,15.04579084703576,14.903401650781742,15.01558780670166,804683,0.0,0.0
2012-11-06 00:00:00-05:00,15.067363445019069,15.136399975376037,14.920659927538294,15.019901275634766,1543257,0.0,0.0
2012-11-07 00:00:00-05:00,14.907718076756266,14.981070740454166,14.722181029074727,14.782588005065918,1090007,0.0,0.0
2012-11-08 00:00:00-05:00,14.778274305625713,14.868885218768616,14.64882899909986,14.700607299804688,996414,0.0,0.0
2012-11-09 00:00:00-05:00,14.674719225678265,14.903405037429033,14.666089656411494,14.756701469421387,1013618,0.0,0.0
2012-11-12 00:00:00-05:00,14.752381481525024,14.860252398277286,14.627252322277979,14.653141021728516,1209892,0.0,0.0
2012-11-13 00:00:00-05:00,14.597054470362735,14.75670285246959,14.471924368558138,14.493497848510742,1745699,0.0,0.0
2012-11-14 00:00:00-05:00,14.506441961504892,14.588423318574554,14.286385708823353,14.325220108032227,902713,0.0,0.0
2012-11-15 00:00:00-05:00,14.329537048084985,14.346796190550434,14.049072866366881,14.070647239685059,1632089,0.0,0.0
2012-11-16 00:00:00-05:00,14.087901576617627,14.26912429163331,14.044753735172192,14.1051607131958,1651998,0.0,0.0
2012-11-19 00:00:00-05:00,14.238924738576978,14.376998755524099,13.997294095828712,14.37268352508545,3376056,0.0,0.0
2012-11-20 00:00:00-05:00,14.372681078976091,14.407199354719989,14.213032717951819,14.28207015991211,613819,0.0,0.0
2012-11-21 00:00:00-05:00,14.27343931869109,14.346791093344796,13.936882598297606,14.062012672424316,2362006,0.0,0.0
2012-11-23 00:00:00-05:00,14.131052171993957,14.204403957360292,14.06201472610488,14.066329956054688,976180,0.0,0.0
2012-11-26 00:00:00-05:00,14.03181150132092,14.087904150685153,13.807440903863991,13.811756134033203,2992920,0.0,0.0
2012-11-27 00:00:00-05:00,13.85489988851595,13.923937317511067,13.686621099685834,13.768603324890137,3464348,0.0,0.0
2012-11-28 00:00:00-05:00,13.77292453845562,13.77292453845562,13.587387412851038,13.63485050201416,2267006,0.0,0.0
2012-11-29 00:00:00-05:00,13.69525325712706,13.807438536621708,13.574438409246088,13.587382316589355,2321323,0.0,0.0
2012-11-30 00:00:00-05:00,13.60896178714503,13.673684019554239,13.544239554735823,13.63485050201416,1950738,0.0,0.0
2012-12-03 00:00:00-05:00,13.712515119955356,13.798811711446843,13.565810647278044,13.652107238769531,2253481,0.0,0.0
2012-12-04 00:00:00-05:00,13.639159427934528,13.677992927522608,13.483825429582206,13.578751564025879,2022691,0.0,0.0
2012-12-05 00:00:00-05:00,13.626217418836326,13.643476557634632,13.492457757440638,13.574440002441406,1100286,0.0,0.0
2012-12-06 00:00:00-05:00,13.548551113213776,13.570125483077629,13.427736244826864,13.462254524230957,1791900,0.0,0.0
2012-12-07 00:00:00-05:00,13.501086841148414,13.634846497732198,13.268086694808197,13.522661209106445,6285879,0.0,0.0
2012-12-10 00:00:00-05:00,13.526978806029733,13.552868410003201,13.419108721206932,13.466571807861328,1468382,0.0,0.0
2012-12-11 00:00:00-05:00,13.492457424694555,13.505402223710316,13.38890170398603,13.457939147949219,1898802,0.0,0.0
2012-12-12 00:00:00-05:00,13.483827590942383,13.570124171585018,13.427734947095544,13.483827590942383,1145946,0.0,0.0
2012-12-13 00:00:00-05:00,13.496768853334002,13.496768853334002,13.224934383869321,13.250823974609375,1480284,0.0,0.0
2012-12-14 00:00:00-05:00,13.22925323421581,13.380272029496915,13.160215790795945,13.350068092346191,1234670,0.0,0.0
2012-12-17 00:00:00-05:00,13.384585643513391,13.410475239938211,13.281030819703965,13.358696937561035,1010155,0.0,0.0
2012-12-18 00:00:00-05:00,13.363012879409244,13.505402105445652,13.285345866939837,13.488142967224121,1089249,0.0,0.0
2012-12-19 00:00:00-05:00,13.492458418315922,13.52266235792865,13.393217920128482,13.423421859741211,1104289,0.0,0.0
2012-12-20 00:00:00-05:00,13.406161382061878,13.509717106939336,13.29397608765068,13.479513168334961,842012,0.0,0.0
2012-12-21 00:00:00-05:00,13.296712583426023,13.79289090513382,13.27930297533731,13.679727554321289,3037931,0.249538,0.0
2012-12-24 00:00:00-05:00,13.623143025529703,13.832060075308098,13.531741254854339,13.557856559753418,582657,0.0,0.0
2012-12-26 00:00:00-05:00,13.557859207511687,13.62314568603798,13.45340066222244,13.492571830749512,905850,0.0,0.0
2012-12-27 00:00:00-05:00,13.48386826739891,13.531745142487843,13.331532837410123,13.462106704711914,1544663,0.0,0.0
2012-12-28 00:00:00-05:00,13.370706845548641,13.58397683773583,13.331534769504623,13.353297233581543,1559162,0.0,0.0
2012-12-31 00:00:00-05:00,13.340235857356207,13.562210593659124,13.296711839569284,13.514333724975586,1090007,0.0,0.0
2013-01-02 00:00:00-05:00,13.688425929471334,13.962630271911621,13.688425929471334,13.962630271911621,1438411,0.0,0.0
2013-01-03 00:00:00-05:00,13.9887466630174,14.293417419118056,13.980041861263295,14.219426155090332,1769395,0.0,0.0
2013-01-04 00:00:00-05:00,14.228135726198142,14.463168147050187,14.228135726198142,14.450111389160156,1488291,0.0,0.0
2013-01-07 00:00:00-05:00,14.363059997558594,14.441403226261437,14.306477429475056,14.363059997558594,865059,0.0,0.0
2013-01-08 00:00:00-05:00,14.328240693508338,14.376117562863211,14.184610085443717,14.188962936401367,665755,0.0,0.0
2013-01-09 00:00:00-05:00,14.197668589749393,14.236840657769099,14.106266798291442,14.149791717529297,1057980,0.0,0.0
2013-01-10 00:00:00-05:00,14.162845668314821,14.415287634811941,14.0496823378974,14.406582832336426,1983631,0.0,0.0
2013-01-11 00:00:00-05:00,14.445753248501934,14.506687757131223,14.276008272194723,14.293416976928711,1092063,0.0,0.0
2013-01-14 00:00:00-05:00,14.297771006970871,14.363058370849398,14.193312482295212,14.358705520629883,768869,0.0,0.0
2013-01-15 00:00:00-05:00,14.293417015661625,14.63290786743164,14.293417015661625,14.63290786743164,1313873,0.0,0.0
2013-01-16 00:00:00-05:00,14.571978179877975,14.598092591433577,14.506691701871038,14.550215721130371,970229,0.0,0.0
2013-01-17 00:00:00-05:00,14.589388591130472,14.78524803593876,14.580683786799167,14.741724014282227,1401515,0.0,0.0
2013-01-18 00:00:00-05:00,14.776541698175562,14.894057891806874,14.672083158804115,14.885353088378906,1455506,0.0,0.0
2013-01-22 00:00:00-05:00,14.859234761427553,14.946283676260375,14.793948299861846,14.94193172454834,1103207,0.0,0.0
2013-01-23 00:00:00-05:00,14.968047590396502,15.011572501178733,14.763483384074373,15.002867698669434,1147353,0.0,0.0
2013-01-24 00:00:00-05:00,14.98980756527069,15.08120842561116,14.85923375276712,14.915816307067871,930953,0.0,0.0
2013-01-25 00:00:00-05:00,14.954997357752406,15.002875142662727,14.846186823279655,14.924530982971191,1089899,0.0,0.0
2013-01-28 00:00:00-05:00,14.907116111178482,14.954992082729314,14.750427847063525,14.863591194152832,724183,0.0,0.0
2013-01-29 00:00:00-05:00,14.828775599790179,14.91582455685993,14.759136254487162,14.907119750976562,1151140,0.0,0.0
2013-01-30 00:00:00-05:00,14.920167487178762,15.037683642886241,14.863585834038615,14.981101989746094,1457995,0.0,0.0
2013-01-31 00:00:00-05:00,14.924520991826936,14.989807448452137,14.828767282580486,14.889700889587402,2401174,0.0,0.0
2013-02-01 00:00:00-05:00,14.93757905505537,15.04203666995258,14.924521404075415,15.020275115966797,1327398,0.0,0.0
2013-02-04 00:00:00-05:00,14.924520066068766,14.99415936799257,14.763479910186328,14.780889511108398,1236942,0.0,0.0
2013-02-05 00:00:00-05:00,14.885357287150104,14.94193897451003,14.798308330080353,14.907119750976562,1062091,0.0,0.0
2013-02-06 00:00:00-05:00,14.880996777273714,15.015922546386719,14.789595913415548,15.015922546386719,1123441,0.0,0.0
2013-02-07 00:00:00-05:00,15.028982554396762,15.120383432588058,14.920171172431912,15.076858520507812,1409630,0.0,0.0
2013-02-08 00:00:00-05:00,15.072512859232699,15.10297923070644,14.74607859654407,14.907119750976562,1401082,0.0,0.0
2013-02-11 00:00:00-05:00,14.872295892413995,14.928878463793144,14.74607489146517,14.811362266540527,852183,0.0,0.0
2013-02-12 00:00:00-05:00,14.785244941229752,15.055096513725228,14.772188186583671,15.002867698669434,966983,0.0,0.0
2013-02-13 00:00:00-05:00,15.050742369429619,15.076855874918316,15.011570314725363,15.020275115966797,670515,0.0,0.0
2013-02-14 00:00:00-05:00,15.015927365971114,15.111682008618505,15.002870608792401,15.042041778564453,838658,0.0,0.0
2013-02-15 00:00:00-05:00,15.063802546904585,15.129089918411722,14.976753616464206,15.107327461242676,1312791,0.0,0.0
2013-02-19 00:00:00-05:00,15.111677406462901,15.229191778226786,15.033332396070492,15.216135025024414,1844269,0.0,0.0
2013-02-20 00:00:00-05:00,15.22919306577183,15.294480430245919,15.072506624682575,15.089916229248047,1348605,0.0,0.0
2013-02-21 00:00:00-05:00,15.024630437514038,15.046392894616774,14.7939509072853,14.985458374023438,2982100,0.0,0.0
2013-02-22 00:00:00-05:00,15.05074557300346,15.146499305276167,14.994163903772844,15.028983116149902,1316902,0.0,0.0
2013-02-25 00:00:00-05:00,15.107324398035832,15.168258906459574,14.82441520690918,14.82441520690918,1154494,0.0,0.0
2013-02-26 00:00:00-05:00,14.88535351457117,15.08991864657503,14.846181448905838,15.055098533630371,1379009,0.0,0.0
2013-02-27 00:00:00-05:00,15.063800039496613,15.30318523203823,15.01592318063542,15.224841117858887,1558405,0.0,0.0
2013-02-28 00:00:00-05:00,14.785243063595816,15.12038106146846,14.519744375189541,15.015922546386719,2204575,0.0,0.0
2013-03-01 00:00:00-05:00,14.959344569381702,15.111680877025362,14.907115748106026,15.072508811950684,1595084,0.0,0.0
2013-03-04 00:00:00-05:00,15.050747868949575,15.089919937967245,14.898412444207942,15.063804626464844,1119654,0.0,0.0
2013-03-05 00:00:00-05:00,15.142146547589734,15.298834800720215,15.059450468568537,15.298834800720215,1324693,0.0,0.0
2013-03-06 00:00:00-05:00,15.342354839870028,15.385877943543932,15.102969685543925,15.150847434997559,1313764,0.0,0.0
2013-03-07 00:00:00-05:00,15.168263614311137,15.242254898765285,15.068157019149485,15.111681938171387,693670,0.0,0.0
2013-03-08 00:00:00-05:00,15.185671133678827,15.229194250241862,15.068154946368347,15.181318283081055,914398,0.0,0.0
2013-03-11 00:00:00-04:00,15.163907892090135,15.590445909743009,15.146498287071944,15.573038101196289,1480176,0.0,0.0
2013-03-12 00:00:00-04:00,15.538212140670874,15.873350972480196,15.507745790720435,15.834178924560547,1559054,0.0,0.0
2013-03-13 00:00:00-04:00,15.842888832092285,15.860298438159782,15.686202377484806,15.842888832092285,1047917,0.0,0.0
2013-03-14 00:00:00-04:00,15.869003127396136,15.960404002539374,15.825478216767369,15.912528038024902,823618,0.0,0.0
2013-03-15 00:00:00-04:00,15.84288282605886,15.89076057194772,15.664433982399032,15.834178924560547,1802504,0.0,0.0
2013-03-18 00:00:00-04:00,15.703610760014126,15.890765358011361,15.651380149409572,15.847240447998047,903037,0.0,0.0
2013-03-19 00:00:00-04:00,15.842886921119359,15.88205897916418,15.677494785191982,15.803716659545898,985486,0.0,0.0
2013-03-20 00:00:00-04:00,15.847240615833645,15.951700041677622,15.742782986461123,15.790658950805664,806306,0.0,0.0
2013-03-21 00:00:00-04:00,15.707343265606703,15.777505645354152,15.562636637896443,15.641568183898926,789535,0.249538,0.0
2013-03-22 00:00:00-04:00,15.694186227518301,15.76873227410001,15.531939481999629,15.588945388793945,715310,0.0,0.0
2013-03-25 00:00:00-04:00,15.654721422909157,15.746809424880668,15.56702071858066,15.637181282043457,888214,0.0,0.0
2013-03-26 00:00:00-04:00,15.69857597896707,15.786278511666785,15.562638501235833,15.650341033935547,1685864,0.0,0.0
2013-03-27 00:00:00-04:00,15.545102218710396,15.681039730213955,15.496867261695378,15.632802963256836,586011,0.0,0.0
2013-03-28 00:00:00-04:00,15.59333366091382,15.926598186330464,15.52755676750866,15.92221450805664,1507551,0.0,0.0
2013-04-01 00:00:00-04:00,15.89590686868299,15.909061526267283,15.738043737903958,15.795049667358398,941232,0.0,0.0
2013-04-02 00:00:00-04:00,15.830124664061282,16.027453511508135,15.830124664061282,15.904670715332031,1143349,0.0,0.0
2013-04-03 00:00:00-04:00,15.904672823542182,15.96167874147854,15.65472352029176,15.830126762390137,992951,0.0,0.0
2013-04-04 00:00:00-04:00,15.856435590855185,16.154619792374348,15.799429681156447,15.979216575622559,1035582,0.0,0.0
2013-04-05 00:00:00-04:00,15.830126235155246,15.860822842216459,15.624028201779057,15.843282699584961,683499,0.0,0.0
2013-04-08 00:00:00-04:00,15.834509962518554,15.979216575622559,15.755578424483186,15.979216575622559,461473,0.0,0.0
2013-04-09 00:00:00-04:00,15.983605184411989,16.097617026072665,15.821358398944845,16.009916305541992,539593,0.0,0.0
2013-04-10 00:00:00-04:00,16.049386588848964,16.343187252522196,15.961684033750272,16.294950485229492,1100719,0.0,0.0
2013-04-11 00:00:00-04:00,16.290559719483515,16.588745776326967,16.23793928943168,16.56682014465332,1405085,0.0,0.0
2013-04-12 00:00:00-04:00,16.52735181917625,16.55804661281771,16.189701849355227,16.312482833862305,1851735,0.0,0.0
2013-04-15 00:00:00-04:00,16.25547826135452,16.31248417562134,15.895902633666992,15.895902633666992,821887,0.0,0.0
2013-04-16 00:00:00-04:00,15.979215041372136,16.211624145507812,15.966060389609707,16.211624145507812,909529,0.0,0.0
2013-04-17 00:00:00-04:00,16.123924998667817,16.123924998667817,15.76434939979434,15.979216575622559,1120627,0.0,0.0
2013-04-18 00:00:00-04:00,16.023069546243804,16.062535319483043,15.816971513739688,16.005529403686523,816585,0.0,0.0
2013-04-19 00:00:00-04:00,15.996757194142342,16.11515449133606,15.865205245018576,16.0800724029541,890053,0.0,0.0
2013-04-22 00:00:00-04:00,16.1063896636154,16.224787005994408,15.939757372457047,16.141469955444336,690749,0.0,0.0
2013-04-23 00:00:00-04:00,16.216012495865332,16.39141572674517,16.119540809378492,16.382646560668945,970338,0.0,0.0
2013-04-24 00:00:00-04:00,16.40895160319805,16.479113963275548,16.28178515359029,16.321250915527344,596615,0.0,0.0
2013-04-25 00:00:00-04:00,16.37826123848803,16.558048149255598,16.33440997783873,16.461576461791992,791591,0.0,0.0
2013-04-26 00:00:00-04:00,16.444035330294827,16.558047153171245,16.316868853991533,16.42211151123047,462555,0.0,0.0
2013-04-29 00:00:00-04:00,16.487884620442088,16.487884620442088,16.30371225468195,16.308095932006836,652230,0.0,0.0
2013-04-30 00:00:00-04:00,16.268637442802966,16.60628749679617,16.180934907779168,16.60190200805664,1097797,0.0,0.0
2013-05-01 00:00:00-04:00,16.571206297257717,16.619441240920086,16.28617488401593,16.496660232543945,1261828,0.0,0.0
2013-05-02 00:00:00-04:00,16.487889355307615,16.834310369862717,16.470349211147752,16.80361557006836,962980,0.0,0.0
2013-05-03 00:00:00-04:00,16.926396568408602,17.150034739846987,16.89131447392094,16.948320388793945,1614560,0.0,0.0
2013-05-06 00:00:00-04:00,16.957088470458984,17.031634514880686,16.908851729985468,16.957088470458984,693237,0.0,0.0
2013-05-07 00:00:00-04:00,16.970245954253055,17.066717641357183,16.90447087346562,17.062332153320312,977803,0.0,0.0
2013-05-08 00:00:00-04:00,17.044790644971453,17.22019386291504,17.00971036337099,17.22019386291504,712930,0.0,0.0
2013-05-09 00:00:00-04:00,17.18073355337824,17.37806246251525,17.18073355337824,17.303516387939453,1332050,0.0,0.0
2013-05-10 00:00:00-04:00,17.334207041267884,17.360518159500412,17.29912675691879,17.338592529296875,967633,0.0,0.0
2013-05-13 00:00:00-04:00,17.307897963484237,17.413138817933127,17.202655299093912,17.25527572631836,996414,0.0,0.0
2013-05-14 00:00:00-04:00,17.294737342678467,17.347357757256347,17.158799914229864,17.242116928100586,966875,0.0,0.0
2013-05-15 00:00:00-04:00,17.22896023826488,17.24650037438201,17.106177475504193,17.14564323425293,935064,0.0,0.0
2013-05-16 00:00:00-04:00,17.097412068178002,17.163188957485108,16.82115347694746,16.838693618774414,985053,0.0,0.0
2013-05-17 00:00:00-04:00,16.838693334481704,17.08864261372253,16.825538680818923,17.084257125854492,864843,0.0,0.0
2013-05-20 00:00:00-04:00,17.101797285426517,17.15441952001582,16.724681527204094,16.759761810302734,1136208,0.0,0.0
2013-05-21 00:00:00-04:00,16.768535369707557,16.957093277871362,16.729069592655446,16.900087356567383,594451,0.0,0.0
2013-05-22 00:00:00-04:00,16.904465797758743,17.018477592835957,16.53611930214741,16.553659439086914,713687,0.0,0.0
2013-05-23 00:00:00-04:00,16.465957713351163,16.505423475793176,16.22477946171514,16.237934112548828,1683484,0.0,0.0
2013-05-24 00:00:00-04:00,16.2072380966625,16.220392746500053,16.04937505884863,16.10199546813965,993276,0.0,0.0
2013-05-28 00:00:00-04:00,16.1020045063075,16.4528110517061,16.1020045063075,16.268638610839844,1555267,0.0,0.0
2013-05-29 00:00:00-04:00,16.220394228669726,16.220394228669726,15.935364723205566,15.935364723205566,917320,0.0,0.0
2013-05-30 00:00:00-04:00,15.961674025284731,16.08445680145744,15.935364723205566,15.935364723205566,777958,0.0,0.0
2013-05-31 00:00:00-04:00,15.904674825977038,16.023072165045548,15.707345927529516,15.716116905212402,1089358,0.0,0.0
2013-06-03 00:00:00-04:00,15.724886755768617,15.738041411408306,15.1592112240794,15.474937438964844,2844362,0.0,0.0
2013-06-04 00:00:00-04:00,15.47054776748835,15.492473394253958,15.084661080272355,15.128511428833008,3132390,0.0,0.0
2013-06-05 00:00:00-04:00,15.045199305122095,15.268837499561766,14.94872760772705,14.94872760772705,1642909,0.0,0.0
2013-06-06 00:00:00-04:00,14.953113311022946,15.089049882058779,14.861026195839019,15.084665298461914,1246464,0.0,0.0
2013-06-07 00:00:00-04:00,12.374687620470088,12.870200768535161,12.155434007122969,12.69479751586914,17970722,0.0,0.0
2013-06-10 00:00:00-04:00,13.001748089071382,13.019288225827603,12.444842864753586,12.497464179992676,6331756,0.0,0.0
2013-06-11 00:00:00-04:00,12.400997077711608,12.804423991163883,12.3790714462279,12.782498359680176,4069077,0.0,0.0
2013-06-12 00:00:00-04:00,12.86581795855153,12.870202542738665,12.64656431497951,12.664104461669922,2828023,0.0,0.0
2013-06-13 00:00:00-04:00,12.624634384699096,12.747416274737073,12.523777218080687,12.668485641479492,2828023,0.0,0.0
2013-06-14 00:00:00-04:00,12.655333678029814,12.716724188000644,12.576402117382148,12.686028480529785,2000293,0.0,0.0
2013-06-17 00:00:00-04:00,12.677258736488891,12.81319531201738,12.585171618261514,12.804425239562988,3793384,0.0,0.0
2013-06-18 00:00:00-04:00,12.795651346673713,12.795651346673713,12.6070934877463,12.642173767089844,2175686,0.0,0.0
2013-06-19 00:00:00-04:00,12.64656210773801,12.721108170646986,12.52816478078556,12.536934852600098,1532004,0.0,0.0
2013-06-20 00:00:00-04:00,12.457999540020532,12.46676960918724,12.041417182234564,12.089653015136719,3015318,0.0,0.0
2013-06-21 00:00:00-04:00,12.20479895798986,12.20479895798986,11.823952455521958,11.885951042175293,3294474,0.249538,0.0
2013-06-24 00:00:00-04:00,11.792951230571251,11.801808039510856,11.474103366982304,11.633527755737305,2205441,0.0,0.0
2013-06-25 00:00:00-04:00,11.708810908227692,11.770808569849416,11.491816807749055,11.673382759094238,2116933,0.0,0.0
2013-06-26 00:00:00-04:00,11.757525407403532,11.841665559399203,11.691098875415248,11.766382217407227,1547044,0.0,0.0
2013-06-27 00:00:00-04:00,11.770809877398905,11.89923499019145,11.691098589316319,11.846094131469727,1218548,0.0,0.0
2013-06-28 00:00:00-04:00,11.810662328803689,11.859374306849558,11.722093351235147,11.784090995788574,1857037,0.0,0.0
2013-07-01 00:00:00-04:00,11.7973790441081,11.970088173971218,11.775236566765349,11.916946411132812,2089991,0.0,0.0
2013-07-02 00:00:00-04:00,11.881518839524174,12.045371156559444,11.846091607923341,12.014371871948242,1755870,0.0,0.0
2013-07-03 00:00:00-04:00,11.916946274970892,11.978944845253816,11.828377280532843,11.956802368164062,779473,0.0,0.0
2013-07-05 00:00:00-04:00,11.983372073252205,12.014371356533543,11.823948623966755,11.890375137329102,759131,0.0,0.0
2013-07-08 00:00:00-04:00,11.91694424176572,11.996656414551996,11.854946595981465,11.992227554321289,890486,0.0,0.0
2013-07-09 00:00:00-04:00,12.05422952638185,12.147226478344553,11.987803001562625,12.116228103637695,1714537,0.0,0.0
2013-07-10 00:00:00-04:00,12.116228103637695,12.16494101036127,12.058658387866295,12.116228103637695,1290718,0.0,0.0
2013-07-11 00:00:00-04:00,12.222510323361492,12.771637949757551,12.209224653267027,12.758352279663086,2445861,0.0,0.0
2013-07-12 00:00:00-04:00,12.767208066549266,12.829206636799777,12.466073851185708,12.501501083374023,1534060,0.0,0.0
2013-07-15 00:00:00-04:00,12.479357420881772,12.598925689040986,12.430645438210473,12.567926406860352,1532328,0.0,0.0
2013-07-16 00:00:00-04:00,12.550216981560062,12.789352666364097,12.545788119840953,12.718497276306152,1486343,0.0,0.0
2013-07-17 00:00:00-04:00,12.714063388387874,12.824773912587318,12.69634886370893,12.784917831420898,1186197,0.0,0.0
2013-07-18 00:00:00-04:00,12.758351086730178,12.877919364637375,12.731780662946672,12.824777603149414,981807,0.0,0.0
2013-07-19 00:00:00-04:00,12.820346170081391,12.846917502454845,12.590067382316574,12.7362060546875,1394914,0.0,0.0
2013-07-22 00:00:00-04:00,12.740633379278917,12.77163265403154,12.554638644683834,12.621065139770508,1298292,0.0,0.0
2013-07-23 00:00:00-04:00,12.656495364776662,12.745064350558865,12.567926378994459,12.585640907287598,778283,0.0,0.0
2013-07-24 00:00:00-04:00,12.585645160669054,12.634358073615994,12.355365354242771,12.470505714416504,875987,0.0,0.0
2013-07-25 00:00:00-04:00,12.479357387314524,12.616640183436889,12.47050149405345,12.576783180236816,688044,0.0,0.0
2013-07-26 00:00:00-04:00,12.532501966572903,12.585643735552674,12.275652672613736,12.333222389221191,1347956,0.0,0.0
2013-07-29 00:00:00-04:00,12.333217523931333,12.39964402351087,12.28893258159783,12.359787940979004,1509282,0.0,0.0
2013-07-30 00:00:00-04:00,12.421786735660678,12.461643735818928,12.253506498125684,12.30221939086914,1170291,0.0,0.0
2013-07-31 00:00:00-04:00,12.302221263739881,12.46607357992689,12.28007878714352,12.311078071594238,1412118,0.0,0.0
2013-08-01 00:00:00-04:00,12.160507528319679,12.559067439717612,12.04536814052572,12.359787940979004,1794281,0.0,0.0
2013-08-02 00:00:00-04:00,12.319939809175798,12.52807716184006,12.302226186379118,12.51036262512207,1398701,0.0,0.0
2013-08-05 00:00:00-04:00,12.470498539430134,12.634350804356107,12.45278401534245,12.621065139770508,1214112,0.0,0.0
2013-08-06 00:00:00-04:00,12.621067410196005,12.638781023549564,12.457215115794362,12.519213676452637,978561,0.0,0.0
2013-08-07 00:00:00-04:00,12.483786685294245,12.510357107771105,12.368647273973606,12.457216262817383,1264425,0.0,0.0
2013-08-08 00:00:00-04:00,12.333221188574718,12.448360610580737,12.133940716702,12.390789985656738,2035891,0.0,0.0
2013-08-09 00:00:00-04:00,12.381931897932922,12.563497807093672,12.381931897932922,12.488214492797852,1173862,0.0,0.0
2013-08-12 00:00:00-04:00,12.457215572011677,12.479357132554098,12.337647306615011,12.377503395080566,1308571,0.0,0.0
2013-08-13 00:00:00-04:00,12.395217342296029,12.439502292413065,12.226936176908866,12.280077934265137,1871211,0.0,0.0
2013-08-14 00:00:00-04:00,12.275653837554994,12.30665312957489,12.195941633481308,12.271224975585938,1086761,0.0,0.0
2013-08-15 00:00:00-04:00,12.182652182995707,12.218080325996475,11.978943787944596,11.98337173461914,1177216,0.0,0.0
2013-08-16 00:00:00-04:00,11.956800755871596,12.00108570407958,11.801805264985328,11.868231773376465,913100,0.0,0.0
2013-08-19 00:00:00-04:00,11.850519214567228,11.85494807535061,11.664524426162716,11.841662406921387,1573444,0.0,0.0
2013-08-20 00:00:00-04:00,11.854949599265666,11.970089027383322,11.797379885206837,11.947946548461914,801005,0.0,0.0
2013-08-21 00:00:00-04:00,11.908088686911187,11.970087253133057,11.850518981385552,11.912517547607422,997388,0.0,0.0
2013-08-22 00:00:00-04:00,11.9169448029289,11.939087277283502,11.770806117246062,11.832804679870605,1178947,0.0,0.0
2013-08-23 00:00:00-04:00,11.899230763931085,12.014370164188465,11.89037395728981,11.96122932434082,1162068,0.0,0.0
2013-08-26 00:00:00-04:00,11.952375411987305,12.045372361200458,11.92580407170837,11.952375411987305,1093686,0.0,0.0
2013-08-27 00:00:00-04:00,11.83280676292104,11.846092432656784,11.744237763831775,11.788522720336914,1578097,0.0,0.0
2013-08-28 00:00:00-04:00,11.801807542041942,11.868234063249503,11.744237829400657,11.761951446533203,1557647,0.0,0.0
2013-08-29 00:00:00-04:00,11.71766580534313,11.8150916002037,11.668952907912843,11.677809715270996,1213896,0.0,0.0
2013-08-30 00:00:00-04:00,11.66894892551168,11.682233675054619,11.389957304142431,11.425384521484375,1630033,0.0,0.0
2013-09-03 00:00:00-04:00,11.491815804490619,11.57595593773502,11.354533909145937,11.420960426330566,1459943,0.0,0.0
2013-09-04 00:00:00-04:00,11.438674208758568,11.65566829344923,11.429817400599866,11.646811485290527,1501924,0.0,0.0
2013-09-05 00:00:00-04:00,11.64238250357473,11.668952925689666,11.394389155405976,11.398818016052246,969688,0.0,0.0
2013-09-06 00:00:00-04:00,11.425387316256343,11.478529069188879,11.305819057598741,11.443100929260254,1075075,0.0,0.0
2013-09-09 00:00:00-04:00,11.465246165301771,11.629098495953302,11.465246165301771,11.474102973937988,2245258,0.0,0.0
2013-09-10 00:00:00-04:00,11.558245145539656,11.571530817790869,11.425392078712267,11.447534561157227,1573985,0.0,0.0
2013-09-11 00:00:00-04:00,11.456386533085237,11.56266912444608,11.456386533085237,11.465243339538574,1437004,0.0,0.0
2013-09-12 00:00:00-04:00,11.540526564981791,11.832803917516872,11.53609861874866,11.770805358886719,3982409,0.0,0.0
2013-09-13 00:00:00-04:00,11.815089351223394,11.859373379584776,11.699949963563085,11.775233268737793,1229044,0.0,0.0
2013-09-16 00:00:00-04:00,11.890375106025102,11.930231196721762,11.815091785340702,11.903660774230957,2338202,0.0,0.0
2013-09-17 00:00:00-04:00,11.90808818727462,12.058655735815586,11.86823209836439,12.054226875305176,1741912,0.0,0.0
2013-09-18 00:00:00-04:00,12.076369818913692,12.483786617014157,12.067513011469847,12.474929809570312,2814931,0.0,0.0
2013-09-19 00:00:00-04:00,12.51921813094363,12.877922127707324,12.505932459240846,12.851350784301758,2886992,0.0,0.0
2013-09-20 00:00:00-04:00,12.86020909525577,12.89563633618596,12.643214959755387,12.700784683227539,2726424,0.0,0.0
2013-09-23 00:00:00-04:00,12.656075967743272,12.705251819912254,12.43701964737056,12.700780868530273,2414483,0.249538,0.0
2013-09-24 00:00:00-04:00,12.709724039566888,12.942191408944725,12.682901094470996,12.933250427246094,3136718,0.0,0.0
2013-09-25 00:00:00-04:00,12.906428775627473,12.99136949418727,12.521962833628452,12.530903816223145,2410480,0.0,0.0
2013-09-26 00:00:00-04:00,12.539843934010674,12.638196580983049,12.410199234025141,12.468316078186035,1615642,0.0,0.0
2013-09-27 00:00:00-04:00,12.43254694728595,12.468311785491599,12.33419617938809,12.392313003540039,938960,0.0,0.0
2013-09-30 00:00:00-04:00,12.302905456937669,12.307375486234301,12.057026167422915,12.079379081726074,1645289,0.0,0.0
2013-10-01 00:00:00-04:00,12.070437716217807,12.150907473212511,12.007850845027143,12.06149673461914,1217034,0.0,0.0
2013-10-02 00:00:00-04:00,12.021259711404198,12.021259711404198,11.833498208724102,11.887144088745117,1443280,0.0,0.0
2013-10-03 00:00:00-04:00,11.85137699163815,11.864788920395325,11.609968732253567,11.623380661010742,1349362,0.0,0.0
2013-10-04 00:00:00-04:00,11.623383058555008,11.72173476277756,11.547383343396449,11.66808795928955,1541309,0.0,0.0
2013-10-07 00:00:00-04:00,11.592090751961665,11.770912224566876,11.556326826483296,11.708324432373047,960600,0.0,0.0
2013-10-08 00:00:00-04:00,11.717265293949104,11.806676029337604,11.560796737670898,11.560796737670898,2368390,0.0,0.0
2013-10-09 00:00:00-04:00,11.560798196830971,11.601033078964424,11.404329620803896,11.4847993850708,948914,0.0,0.0
2013-10-10 00:00:00-04:00,11.596560662783629,11.811146981280032,11.444563058447851,11.560796737670898,2427792,0.0,0.0
2013-10-11 00:00:00-04:00,11.337269681424688,11.377504556069864,11.189742115261252,11.310446739196777,2651657,0.0,0.0
2013-10-14 00:00:00-04:00,11.408797800065374,11.471384661698545,11.252329262072598,11.390914916992188,3967478,0.0,0.0
2013-10-15 00:00:00-04:00,11.390915224697375,11.41773908872847,11.301504497342437,11.350680351257324,3621887,0.0,0.0
2013-10-16 00:00:00-04:00,11.39538584536506,11.466914609693442,11.337269012662803,11.422208786010742,1997913,0.0,0.0
2013-10-17 00:00:00-04:00,11.373031710302582,11.623381897222334,11.350678800865388,11.61444091796875,2325543,0.0,0.0
2013-10-18 00:00:00-04:00,11.618912220523523,11.851379551824037,11.592089279821133,11.846909523010254,1884195,0.0,0.0
2013-10-21 00:00:00-04:00,11.869260787963867,11.945259570711944,11.793261082609352,11.869260787963867,1530597,0.0,0.0
2013-10-22 00:00:00-04:00,11.905030278004999,12.052557884381674,11.882677358752112,11.994441032409668,905634,0.0,0.0
2013-10-23 00:00:00-04:00,11.949729598905481,11.98549443748597,11.84243785098333,11.869260787963867,791375,0.0,0.0
2013-10-24 00:00:00-04:00,11.869266536028588,11.963147322228407,11.83350260273473,11.958677291870117,713363,0.0,0.0
2013-10-25 00:00:00-04:00,11.989969769811212,12.124085426330566,11.945263935900243,12.124085426330566,974557,0.0,0.0
2013-10-28 00:00:00-04:00,12.106200846171653,12.16878863585151,11.891616379314003,11.905027389526367,1069990,0.0,0.0
2013-10-29 00:00:00-04:00,11.945259570711944,12.007847346272971,11.82902592118984,11.869260787963867,754695,0.0,0.0
2013-10-30 00:00:00-04:00,11.86031917173442,11.90055403634669,11.757496534923861,11.797731399536133,1197341,0.0,0.0
2013-10-31 00:00:00-04:00,12.338670434528776,12.499609955072948,11.601032503045895,11.86479377746582,1596058,0.0,0.0
2013-11-01 00:00:00-04:00,11.851380276380883,11.855851228074572,11.51162023889236,11.67255973815918,2978962,0.0,0.0
2013-11-04 00:00:00-05:00,11.694914661163098,11.76197249513599,11.525035061126939,11.60997486114502,1509282,0.0,0.0
2013-11-05 00:00:00-05:00,11.592088239438267,11.63679313659668,11.408796777179049,11.63679313659668,1910055,0.0,0.0
2013-11-06 00:00:00-05:00,11.654676062317595,11.784320725872476,11.601029262917328,11.757497787475586,1554185,0.0,0.0
2013-11-07 00:00:00-05:00,11.753028769248605,11.98102514912877,11.753028769248605,11.846909523010254,1928665,0.0,0.0
2013-11-08 00:00:00-05:00,11.846910294760205,12.04808466964976,11.811146371493894,12.034672737121582,1478228,0.0,0.0
2013-11-11 00:00:00-05:00,12.00784866416317,12.11514134646739,11.985495752922883,12.070435523986816,898385,0.0,0.0
2013-11-12 00:00:00-05:00,12.06149454401201,12.106199443886043,12.00784866416317,12.070435523986816,999768,0.0,0.0
2013-11-13 00:00:00-05:00,12.003378764762163,12.048084591160432,11.761969516467396,11.824557304382324,1840049,0.0,0.0
2013-11-14 00:00:00-05:00,11.842442800911707,13.094191454489192,11.806677947382152,12.736549377441406,5672818,0.0,0.0
2013-11-15 00:00:00-05:00,12.749955280368942,13.550180756212585,12.718661392049952,13.478652000427246,7883885,0.0,0.0
2013-11-18 00:00:00-05:00,13.505478207669045,13.724533618759938,13.299832883720125,13.433948516845703,2471180,0.0,0.0
2013-11-19 00:00:00-05:00,13.402657787013702,13.433950763397927,12.986897963147864,13.273012161254883,2635860,0.0,0.0
2013-11-20 00:00:00-05:00,13.290896631795999,13.331131520570194,12.803608858474888,12.8349027633667,1788871,0.0,0.0
2013-11-21 00:00:00-05:00,12.839367114039552,12.937718815843226,12.71866250111508,12.772309303283691,2615951,0.0,0.0
2013-11-22 00:00:00-05:00,12.763365902957633,12.781247859420587,12.611367427809796,12.696307182312012,1151464,0.0,0.0
2013-11-25 00:00:00-05:00,12.718666840553322,12.781254644003063,12.589022126075339,12.665020942687988,1193879,0.0,0.0
2013-11-26 00:00:00-05:00,12.687367833456133,12.696308812835856,12.49960634387547,12.553252220153809,1391560,0.0,0.0
2013-11-27 00:00:00-05:00,12.593488535858,12.67395828212924,12.432549043315522,12.5979585647583,1897936,0.0,0.0
2013-11-29 00:00:00-05:00,12.61136943701567,12.66948718868896,12.530899697505815,12.571134567260742,468181,0.0,0.0
2013-12-02 00:00:00-05:00,12.571134072852011,12.620309920328836,12.437018460681205,12.526429176330566,1254363,0.0,0.0
2013-12-03 00:00:00-05:00,12.45937210193076,12.575605762318892,12.343137518936103,12.441489219665527,935714,0.0,0.0
2013-12-04 00:00:00-05:00,12.419137687055759,12.741015740541856,12.316315031335815,12.700780868530273,2493577,0.0,0.0
2013-12-05 00:00:00-05:00,12.705253269132092,12.893015719067671,12.580078610043925,12.624783515930176,1576799,0.0,0.0
2013-12-06 00:00:00-05:00,12.69183843877181,12.893012775852549,12.682897459635607,12.808072090148926,1141294,0.0,0.0
2013-12-09 00:00:00-05:00,12.803606543141886,12.933251247295683,12.763371661643545,12.817017555236816,1016972,0.0,0.0
2013-12-10 00:00:00-05:00,12.90642630351138,12.973484121430625,12.75442870590864,12.758898735046387,818749,0.0,0.0
2013-12-11 00:00:00-05:00,12.758899414308996,13.161247265851433,12.727605518252211,13.040543556213379,2723827,0.0,0.0
2013-12-12 00:00:00-05:00,12.986899375915527,13.06289819415628,12.83043078654604,12.986899375915527,2053420,0.0,0.0
2013-12-13 00:00:00-05:00,13.018189000190924,13.24171535117542,13.000307039729215,13.183598518371582,1331834,0.0,0.0
2013-12-16 00:00:00-05:00,13.192541949056983,13.317717540752874,13.076308261859431,13.197012901306152,1711291,0.0,0.0
2013-12-17 00:00:00-05:00,13.094185972677842,13.17912573436316,12.843835793206022,12.906423568725586,1673962,0.0,0.0
2013-12-18 00:00:00-05:00,12.893014399735295,13.210421505564307,12.80807370333334,13.121010780334473,1993585,0.0,0.0
2013-12-19 00:00:00-05:00,13.121012488594884,13.237247092351167,12.995837826018915,13.067366600036621,1276111,0.0,0.0
2013-12-20 00:00:00-05:00,13.107605642533283,13.335603047865893,13.071841705464239,13.326662063598633,2445645,0.0,0.0
2013-12-23 00:00:00-05:00,13.357952817044426,13.585950184311582,13.317718855862532,13.456304550170898,1729361,0.0,0.0
2013-12-24 00:00:00-05:00,13.429234527411086,13.799136458737658,13.34352594068306,13.781092643737793,1094876,0.249538,0.0
2013-12-26 00:00:00-05:00,13.803648557950524,13.893868574436224,13.650275181595042,13.799138069152832,1108942,0.0,0.0
2013-12-27 00:00:00-05:00,13.857779322965888,13.857779322965888,13.677339311052569,13.781092643737793,531695,0.0,0.0
2013-12-30 00:00:00-05:00,13.735983572519773,13.86229215228174,13.713429266954359,13.7540283203125,861921,0.0,0.0
2013-12-31 00:00:00-05:00,13.803649382531546,13.853271278972485,13.591633122438875,13.690875053405762,838658,0.0,0.0
2014-01-02 00:00:00-05:00,13.650274696168852,13.749516617678173,13.181130813318227,13.30292797088623,2041085,0.0,0.0
2014-01-03 00:00:00-05:00,13.348036975315173,13.424723652333697,13.199174109419465,13.275860786437988,1161635,0.0,0.0
2014-01-06 00:00:00-05:00,13.32548044634156,13.478853785468898,13.108952831716369,13.208194732666016,1300672,0.0,0.0
2014-01-07 00:00:00-05:00,13.235260821187621,13.284881773047504,12.752584627989586,12.978134155273438,3799659,0.0,0.0
2014-01-08 00:00:00-05:00,13.032265804704851,13.167595327394485,12.549588707261256,12.725517272949219,4482185,0.0,0.0
2014-01-09 00:00:00-05:00,12.730033600622273,12.766121239000887,12.400730642066,12.630791664123535,2524739,0.0,0.0
2014-01-10 00:00:00-05:00,12.635297437353897,12.648830762173377,12.4323031508049,12.567632675170898,2611299,0.0,0.0
2014-01-13 00:00:00-05:00,12.531545815695406,12.581166768454773,12.193221053158155,12.490946769714355,4574912,0.0,0.0
2014-01-14 00:00:00-05:00,12.536058705172932,12.581168244356329,12.396216806310985,12.400728225708008,2423031,0.0,0.0
2014-01-15 00:00:00-05:00,12.387194898474306,12.52252537793923,12.319530124220526,12.400728225708008,8011344,0.0,0.0
2014-01-16 00:00:00-05:00,12.400728109309352,12.481926210034674,12.161645226488067,12.378172874450684,3806260,0.0,0.0
2014-01-17 00:00:00-05:00,12.418770938102071,12.599210940720164,12.378171890965135,12.409749031066895,2922374,0.0,0.0
2014-01-21 00:00:00-05:00,12.432305368615069,12.472904419358809,11.981205321994265,12.400728225708008,2782579,0.0,0.0
2014-01-22 00:00:00-05:00,12.454862585512318,12.66687979665158,12.450352096017806,12.572149276733398,1799691,0.0,0.0
2014-01-23 00:00:00-05:00,12.508995364073252,12.585682066476393,12.355621959266971,12.57666015625,1885710,0.0,0.0
2014-01-24 00:00:00-05:00,12.468394561846818,12.527037435609966,12.26540021365688,12.364642143249512,4139840,0.0,0.0
2014-01-27 00:00:00-05:00,12.360126030377296,12.549587908660577,12.247350814674329,12.269906044006348,2640513,0.0,0.0
2014-01-28 00:00:00-05:00,12.251863842514839,12.423281932235444,12.229308610219622,12.287951469421387,1929531,0.0,0.0
2014-01-29 00:00:00-05:00,12.21126366145635,12.319527463067702,12.053378911983245,12.062400817871094,1802396,0.0,0.0
2014-01-30 00:00:00-05:00,12.13006707902306,12.193221359012691,12.017292775986652,12.057890892028809,1152005,0.0,0.0
2014-01-31 00:00:00-05:00,11.927075122472447,12.030828469882268,11.868431318964202,11.913541793823242,2750119,0.0,0.0
2014-02-03 00:00:00-05:00,11.945117423363415,11.985716473198712,11.61581453634232,11.683479309082031,3496267,0.0,0.0
2014-02-04 00:00:00-05:00,11.769189527592506,11.963161949706278,11.72859047534406,11.904519081115723,2127104,0.0,0.0
2014-02-05 00:00:00-05:00,11.81881098948772,11.963162457306867,11.805277661178213,11.931585311889648,1751866,0.0,0.0
2014-02-06 00:00:00-05:00,11.945121147311557,12.26089080584446,11.936099236864129,12.1842041015625,2178282,0.0,0.0
2014-02-07 00:00:00-05:00,12.269906515205951,12.391703641127659,12.01729128843185,12.062400817871094,2799350,0.0,0.0
2014-02-10 00:00:00-05:00,12.11653430065168,12.364639062822429,12.075935254936716,12.170665740966797,3266774,0.0,0.0
2014-02-11 00:00:00-05:00,12.170667581355051,12.333063788771657,12.166157092792028,12.233821868896484,1601144,0.0,0.0
2014-02-12 00:00:00-05:00,12.256380470891498,12.301490023698351,12.152627102999263,12.26089096069336,1276219,0.0,0.0
2014-02-13 00:00:00-05:00,12.20675493946722,12.463881641462303,12.179689215824942,12.454859733581543,1032553,0.0,0.0
2014-02-14 00:00:00-05:00,12.441326328793135,12.671387288498082,12.400727281141833,12.635298728942871,1071396,0.0,0.0
2014-02-18 00:00:00-05:00,12.639807873264951,12.788670710877096,12.572143116342545,12.748071670532227,1341788,0.0,0.0
2014-02-19 00:00:00-05:00,12.689429887935015,12.89242417579994,12.689429887935015,12.770627975463867,1176459,0.0,0.0
2014-02-20 00:00:00-05:00,12.770630422781924,12.815739962855247,12.675898992191867,12.766119003295898,1260422,0.0,0.0
2014-02-21 00:00:00-05:00,12.788675291876375,12.960092489227494,12.702966693200816,12.905961036682129,1577231,0.0,0.0
2014-02-24 00:00:00-05:00,12.924003358616039,13.167597659753543,12.86987191233483,12.910470962524414,1641286,0.0,0.0
2014-02-25 00:00:00-05:00,12.896938200550498,13.036779172673404,12.851828660006364,12.991668701171875,1378468,0.0,0.0
2014-02-26 00:00:00-05:00,13.0458016592339,13.081889293269334,12.82476257337327,12.869873046875,1062632,0.0,0.0
2014-02-27 00:00:00-05:00,12.86084723042419,13.045797695092254,12.761605336025296,12.815736770629883,2263544,0.0,0.0
2014-02-28 00:00:00-05:00,13.014220233348828,13.122484030802541,12.233818421840821,12.269906044006348,3499837,0.0,0.0
2014-03-03 00:00:00-05:00,12.13457617051217,12.4368123245893,12.008268565716822,12.382680892944336,2330195,0.0,0.0
2014-03-04 00:00:00-05:00,12.450349773628014,12.60823456467946,12.400728812698777,12.481926918029785,1554185,0.0,0.0
2014-03-05 00:00:00-05:00,12.504481474029363,12.590190063351708,12.41426146534183,12.463881492614746,968823,0.0,0.0
2014-03-06 00:00:00-05:00,12.477414215611121,12.481925634757873,12.328551348128062,12.414260864257812,1110998,0.0,0.0
2014-03-07 00:00:00-05:00,12.436815410154997,12.684920194141796,12.418771595130018,12.545079231262207,2432228,0.0,0.0
2014-03-10 00:00:00-04:00,12.527033648006851,12.711984122342546,12.527033648006851,12.684918403625488,1668769,0.0,0.0
2014-03-11 00:00:00-04:00,12.693943550772474,12.775140721699312,12.414261613596809,12.454859733581543,2137491,0.0,0.0
2014-03-12 00:00:00-04:00,12.396216769766989,12.549591064453125,12.319530087902601,12.549591064453125,1150599,0.0,0.0
2014-03-13 00:00:00-04:00,12.572143262085769,12.64431850712923,12.39170328756284,12.441324234008789,1441981,0.0,0.0
2014-03-14 00:00:00-04:00,12.436816848741026,12.612746392977954,12.346597763180347,12.369152069091797,956921,0.0,0.0
2014-03-17 00:00:00-04:00,12.441323747952692,12.540565636967418,12.40974661400126,12.531543731689453,1094768,0.0,0.0
2014-03-18 00:00:00-04:00,12.531545632769362,12.815738019531036,12.508990400674188,12.797694206237793,1331617,0.0,0.0
2014-03-19 00:00:00-04:00,12.80220556101707,12.883403657292442,12.648832206681194,12.743562698364258,1318850,0.0,0.0
2014-03-20 00:00:00-04:00,12.730028849175856,12.748072661630362,12.522523144034633,12.567632675170898,1057439,0.0,0.0
2014-03-21 00:00:00-04:00,12.576743125915527,12.79083509075769,12.52663657585185,12.576743125915527,2259216,0.249538,0.0
2014-03-24 00:00:00-04:00,12.62229557131977,12.654181729967766,12.43553512790689,12.594964981079102,1249710,0.0,0.0
2014-03-25 00:00:00-04:00,12.576743168499817,12.626850658800887,12.403648496833915,12.408203125,1401947,0.0,0.0
2014-03-26 00:00:00-04:00,12.526640804772601,12.558526972862749,12.385432243347168,12.385432243347168,1086436,0.0,0.0
2014-03-27 00:00:00-04:00,12.380875153438232,12.389985351764269,12.248775867608817,12.262441635131836,1014375,0.0,0.0
2014-03-28 00:00:00-04:00,12.294328993569055,12.476534857924978,12.289773423929546,12.339879989624023,992951,0.0,0.0
2014-03-31 00:00:00-04:00,12.330771062563871,12.56308351658167,12.312550662262106,12.558527946472168,1871427,0.0,0.0
2014-04-01 00:00:00-04:00,12.604073791428302,12.699731316782575,12.581297832032458,12.681510925292969,1895664,0.0,0.0
2014-04-02 00:00:00-04:00,12.690628333918115,12.831837858322308,12.654187530227304,12.8045072555542,2279017,0.0,0.0
2014-04-03 00:00:00-04:00,12.72706695591994,12.831834710867176,12.385431214877972,12.485644340515137,2453110,0.0,0.0
2014-04-04 00:00:00-04:00,12.585854991280293,12.731620032650397,12.503863213085944,12.567635536193848,1994018,0.0,0.0
2014-04-07 00:00:00-04:00,12.567634252095722,12.663291786915913,12.517526760439349,12.522082328796387,1678182,0.0,0.0
2014-04-08 00:00:00-04:00,12.54940858009334,12.553964146875405,12.417309364290107,12.503857612609863,2128943,0.0,0.0
2014-04-09 00:00:00-04:00,12.517527654911252,12.763505802142038,12.485642434404587,12.758950233459473,1315171,0.0,0.0
2014-04-10 00:00:00-04:00,12.777171407123651,12.959377244315196,12.444646835327148,12.444646835327148,2084581,0.0,0.0
2014-04-11 00:00:00-04:00,12.367208880913243,12.408205241740326,11.943581385813202,11.970911979675293,2196460,0.0,0.0
2014-04-14 00:00:00-04:00,12.025567220792707,12.084783943616246,11.920798594217306,11.998235702514648,1575176,0.0,0.0
2014-04-15 00:00:00-04:00,11.97090995196308,12.030126698667697,11.820590301081877,11.966355323791504,1236726,0.0,0.0
2014-04-16 00:00:00-04:00,12.030125213043505,12.613183351743526,11.948132515403248,12.421867370605469,4408825,0.0,0.0
2014-04-17 00:00:00-04:00,12.430982094940836,12.46742382942887,12.198669680342963,12.34443473815918,2443372,0.0,0.0
2014-04-21 00:00:00-04:00,12.31709788407799,12.52663328559731,12.31709788407799,12.426420211791992,933982,0.0,0.0
2014-04-22 00:00:00-04:00,12.45375658422428,12.549414128264068,12.421870422855068,12.531193733215332,813123,0.0,0.0
2014-04-23 00:00:00-04:00,12.558529601735124,13.109701953884818,12.553974971093425,12.722515106201172,1997480,0.0,0.0
2014-04-24 00:00:00-04:00,12.78628374507881,12.809058771814351,12.717956784736243,12.795393943786621,1569982,0.0,0.0
2014-04-25 00:00:00-04:00,12.799945287126748,12.809055483495804,12.563078301395807,12.576743125915527,777417,0.0,0.0
2014-04-28 00:00:00-04:00,12.640514574407517,12.727062844084653,12.544857049053244,12.681510925292969,767679,0.0,0.0
2014-04-29 00:00:00-04:00,12.736174898113706,12.79994627763196,12.69517854124664,12.781725883483887,826215,0.0,0.0
2014-04-30 00:00:00-04:00,12.77717133301451,12.954822540283203,12.71339994841487,12.954822540283203,1428456,0.0,0.0
2014-05-01 00:00:00-04:00,12.950263141251673,13.082362380383811,12.822719469706119,12.886491775512695,1999644,0.0,0.0
2014-05-02 00:00:00-04:00,12.818173026972353,12.868278662013118,12.658743100722756,12.8045072555542,1285849,0.0,0.0
2014-05-05 00:00:00-04:00,12.74073099257416,12.781727354158294,12.549414951870835,12.663293838500977,1226122,0.0,0.0
2014-05-06 00:00:00-04:00,12.63140388012778,12.676954857053998,12.48563981389625,12.494749069213867,1272973,0.0,0.0
2014-05-07 00:00:00-04:00,12.494750003809568,12.5220815320773,12.30799051440882,12.3580961227417,1105371,0.0,0.0
2014-05-08 00:00:00-04:00,12.348987323889999,12.440090234932233,12.221443624457994,12.271550178527832,988732,0.0,0.0
2014-05-09 00:00:00-04:00,12.248772820366378,12.298879368728063,12.162225487766266,12.289769172668457,661535,0.0,0.0
2014-05-12 00:00:00-04:00,12.348982443031176,12.622291068134336,12.348982443031176,12.503857612609863,1342221,0.0,0.0
2014-05-13 00:00:00-04:00,12.522080637972762,12.635959490776578,12.435533311485143,12.631403923034668,1554509,0.0,0.0
2014-05-14 00:00:00-04:00,13.014040255113935,13.73830808409538,12.995819858171247,13.537880897521973,7478243,0.0,0.0
2014-05-15 00:00:00-04:00,13.478665471068139,13.583433226581777,13.364786576749164,13.483220100402832,4537367,0.0,0.0
2014-05-16 00:00:00-04:00,13.446779730196372,13.710977382060992,13.42855839207812,13.669981956481934,3593538,0.0,0.0
2014-05-19 00:00:00-04:00,13.665428971528122,13.811193123567028,13.610766826970918,13.729201316833496,1220280,0.0,0.0
2014-05-20 00:00:00-04:00,13.742862328990979,13.751972527207565,13.48321932964848,13.59254264831543,1865260,0.0,0.0
2014-05-21 00:00:00-04:00,13.610758713398704,13.665420825371024,13.428552926914469,13.574317932128906,1537089,0.0,0.0
2014-05-22 00:00:00-04:00,13.496886741284154,13.60621007326957,13.405783807951634,13.583434104919434,1269294,0.0,0.0
2014-05-23 00:00:00-04:00,13.574319479437964,13.715528933056044,13.556099086726158,13.697308540344238,1209892,0.0,0.0
2014-05-27 00:00:00-04:00,13.738304357736233,13.920510157877748,13.724638593701926,13.91595458984375,1660113,0.0,0.0
2014-05-28 00:00:00-04:00,13.893177587262034,14.152820503956342,13.893177587262034,14.048052787780762,2422706,0.0,0.0
2014-05-29 00:00:00-04:00,14.011613862490885,14.16193352531404,13.961507308216499,14.148268699645996,1316902,0.0,0.0
2014-05-30 00:00:00-04:00,14.116382600113837,14.189265117570931,14.070830674177726,14.184709548950195,1622784,0.0,0.0
2014-06-02 00:00:00-04:00,14.184710635864173,14.239372763162473,14.061721554493914,14.189266204833984,1519020,0.0,0.0
2014-06-03 00:00:00-04:00,14.175601209816856,14.175601209816856,14.0435019233824,14.079943656921387,1330319,0.0,0.0
2014-06-04 00:00:00-04:00,14.066281020594525,14.089056991618,13.993398477360296,14.020730018615723,1444795,0.0,0.0
2014-06-05 00:00:00-04:00,14.075389960822466,14.266706032141226,13.993397224533277,14.216599464416504,1446418,0.0,0.0
2014-06-06 00:00:00-04:00,14.225702271925798,14.403352481528344,14.221146704468904,14.394242286682129,1291367,0.0,0.0
2014-06-09 00:00:00-04:00,14.380581416751703,14.608339185594549,14.3669165898673,14.467129707336426,1614236,0.0,0.0
2014-06-10 00:00:00-04:00,14.47167941290874,14.503565564904278,14.353245939840377,14.394242286682129,972393,0.0,0.0
2014-06-11 00:00:00-04:00,14.330472802280518,14.398799742622376,14.230258765693378,14.257590293884277,1192148,0.0,0.0
2014-06-12 00:00:00-04:00,14.266700905904532,14.289475926637413,14.05716451071505,14.102715492248535,1476173,0.0,0.0
2014-06-13 00:00:00-04:00,14.11183382157518,14.212046978772042,14.070837444533893,14.120944023132324,1616075,0.0,0.0
2014-06-16 00:00:00-04:00,14.125500756355176,14.171052707957712,13.89774381854753,14.09361457824707,1658814,0.0,0.0
2014-06-17 00:00:00-04:00,14.12094342111609,14.225712144659068,14.025285838810088,14.029840469360352,1230775,0.0,0.0
2014-06-18 00:00:00-04:00,14.066277889335774,14.184711408184619,13.779303350513493,14.079943656921387,1308895,0.0,0.0
2014-06-19 00:00:00-04:00,14.057171106135153,14.120942510202648,13.84307904230958,13.89318561553955,927382,0.0,0.0
2014-06-20 00:00:00-04:00,13.938738138972575,14.034396665611116,13.75197759658533,13.77475357055664,2211283,0.0,0.0
2014-06-23 00:00:00-04:00,13.765555549935788,13.940210611243687,13.613881642400845,13.908037185668945,1787139,0.249538,0.0
2014-06-24 00:00:00-04:00,13.894249274712799,14.101077776049877,13.728787422180176,13.728787422180176,1859958,0.0,0.0
2014-06-25 00:00:00-04:00,13.696615880683462,13.839097545996978,13.61848107987836,13.68282699584961,3529484,0.0,0.0
2014-06-26 00:00:00-04:00,16.394571980032616,16.546246854911267,16.132589829855107,16.42674446105957,16564987,0.0,0.0
2014-06-27 00:00:00-04:00,16.330217856772663,16.394564687277505,15.870600619996173,15.99929428100586,6482803,0.0,0.0
2014-06-30 00:00:00-04:00,16.155568197693867,16.344012131809503,15.953336330814501,16.293453216552734,4457732,0.0,0.0
2014-07-01 00:00:00-04:00,16.27506779081287,16.316433483933555,16.146374101754358,16.252086639404297,1722003,0.0,0.0
2014-07-02 00:00:00-04:00,16.26587594345122,16.334819403492343,16.23370346700971,16.316434860229492,1807697,0.0,0.0
2014-07-03 00:00:00-04:00,16.31643770227317,16.353206795203416,16.224513072873314,16.270475387573242,1524322,0.0,0.0
2014-07-07 00:00:00-04:00,16.2153188698072,16.288857042613976,16.063644017050834,16.224510192871094,1873375,0.0,0.0
2014-07-08 00:00:00-04:00,16.215315884168348,16.242893642430097,16.114199966640005,16.1739501953125,1483855,0.0,0.0
2014-07-09 00:00:00-04:00,16.201532112090433,16.321032600108122,16.118800713143717,16.279666900634766,1044887,0.0,0.0
2014-07-10 00:00:00-04:00,16.10960613483305,16.23370322279585,16.008490199871567,16.21531867980957,1406925,0.0,0.0
2014-07-11 00:00:00-04:00,16.187743406524206,16.302647292129542,16.11420522326866,16.24289894104004,1488291,0.0,0.0
2014-07-14 00:00:00-04:00,16.242895317085118,16.321030093630018,16.164758643466467,16.252086639404297,1211083,0.0,0.0
2014-07-15 00:00:00-04:00,16.288854573688603,16.32102894222028,15.944141121026211,16.109603881835938,2014143,0.0,0.0
2014-07-16 00:00:00-04:00,16.187741553761555,16.270472948992136,16.06824107111159,16.155569076538086,1644424,0.0,0.0
2014-07-17 00:00:00-04:00,16.13718158262906,16.17854727268188,15.948737672713607,16.017681121826172,1273730,0.0,0.0
2014-07-18 00:00:00-04:00,15.911972546732267,16.072838737569196,15.861414573939603,15.980914115905762,2564015,0.0,0.0
2014-07-21 00:00:00-04:00,15.980915003816612,16.013089382016076,15.741914958068245,15.79706859588623,3084457,0.0,0.0
2014-07-22 00:00:00-04:00,15.934954255333928,16.091223841097804,15.911973099120273,15.916569709777832,1102125,0.0,0.0
2014-07-23 00:00:00-04:00,15.967126401646475,15.990107557379206,15.801664546567151,15.810856819152832,915480,0.0,0.0
2014-07-24 00:00:00-04:00,15.815452481177147,15.898183882985336,15.755702235101689,15.810856819152832,1482989,0.0,0.0
2014-07-25 00:00:00-04:00,15.797067386579684,15.820048541513124,15.62700892685367,15.64999008178711,1000634,0.0,0.0
2014-07-28 00:00:00-04:00,15.627015021705837,15.70514984070927,15.493725599058138,15.668380737304688,1224608,0.0,0.0
2014-07-29 00:00:00-04:00,15.691355045673227,15.774087394263832,15.645393683719593,15.705143928527832,1084056,0.0,0.0
2014-07-30 00:00:00-04:00,15.723525284301667,15.806256667575857,15.590236887400849,15.645390510559082,1848922,0.0,0.0
2014-07-31 00:00:00-04:00,15.571852877294164,15.737315659563178,15.39260216219402,15.40179443359375,3254007,0.0,0.0
2014-08-01 00:00:00-04:00,15.424779110284218,15.783280622387242,15.374221131766832,15.659184455871582,2286050,0.0,0.0
2014-08-04 00:00:00-04:00,15.663779172040197,15.668375782780963,15.429374789151304,15.43397045135498,2337769,0.0,0.0
2014-08-05 00:00:00-04:00,15.424773743417918,15.452350554322246,15.222541899712532,15.360426902770996,2222536,0.0,0.0
2014-08-06 00:00:00-04:00,15.282296532642256,15.296085416334389,14.98354529045512,15.208757400512695,1957338,0.0,0.0
2014-08-07 00:00:00-04:00,15.254718021649705,15.397199659360828,15.213352323698928,15.263910293579102,1086220,0.0,0.0
2014-08-08 00:00:00-04:00,15.047890513861146,15.590240284309033,15.038698241331899,15.581048011779785,1416122,0.0,0.0
2014-08-11 00:00:00-04:00,15.62701124584968,15.861416594759486,15.599434424959457,15.760300636291504,1105912,0.0,0.0
2014-08-12 00:00:00-04:00,15.71893212232445,15.87520169465357,15.677566424110978,15.852221488952637,2167462,0.0,0.0
2014-08-13 00:00:00-04:00,15.921161996086294,15.957932978666676,15.774085654060192,15.847623825073242,1045753,0.0,0.0
2014-08-14 00:00:00-04:00,15.87060665845634,16.031472847388265,15.824644348168917,15.971722602844238,1044996,0.0,0.0
2014-08-15 00:00:00-04:00,16.09581999338018,16.187742718542886,15.925760580486559,15.98551082611084,1689435,0.0,0.0
2014-08-18 00:00:00-04:00,16.086628320192222,16.33482254762407,16.06824377339071,16.284265518188477,1190741,0.0,0.0
2014-08-19 00:00:00-04:00,16.29345628579818,16.417553395269845,16.233706036468213,16.348609924316406,1057114,0.0,0.0
2014-08-20 00:00:00-04:00,16.353201463945982,16.51406761587801,16.316432383002713,16.46810531616211,912667,0.0,0.0
2014-08-21 00:00:00-04:00,16.48189080631177,16.638160307727578,16.431331910516583,16.619775772094727,1093253,0.0,0.0
2014-08-22 00:00:00-04:00,16.601395741397237,16.61058706317125,16.30264268787958,16.385374069213867,1109483,0.0,0.0
2014-08-25 00:00:00-04:00,16.49568793092699,16.518669087549466,16.348609666787667,16.42674446105957,547059,0.0,0.0
2014-08-26 00:00:00-04:00,16.43593612434079,16.509474300901626,16.316435638892433,16.35320472717285,795486,0.0,0.0
2014-08-27 00:00:00-04:00,16.426742954549496,16.46810865326143,16.224511071307596,16.26587677001953,647902,0.0,0.0
2014-08-28 00:00:00-04:00,16.183145860686622,16.325625591540522,16.150971488337483,16.288856506347656,467316,0.0,0.0
2014-08-29 00:00:00-04:00,16.311839116270363,16.69791833943805,16.311839116270363,16.537052154541016,1017296,0.0,0.0
2014-09-02 00:00:00-04:00,16.56003437515425,16.70711263560862,16.486494296389996,16.587610244750977,1171698,0.0,0.0
2014-09-03 00:00:00-04:00,16.573816299438477,16.6565476723743,16.500278144417056,16.573816299438477,651472,0.0,0.0
2014-09-04 00:00:00-04:00,16.56002959015917,16.771452749964936,16.412951372202826,16.541645050048828,1742669,0.0,0.0
2014-09-05 00:00:00-04:00,16.55543712446373,16.64735984802246,16.42214870103505,16.64735984802246,914615,0.0,0.0
2014-09-08 00:00:00-04:00,16.647353933468345,17.05181946464844,16.52325877502171,16.63816261291504,1273622,0.0,0.0
2014-09-09 00:00:00-04:00,16.578418158482954,16.596802703060366,16.34860850565426,16.37158966064453,838225,0.0,0.0
2014-09-10 00:00:00-04:00,16.458913601243424,16.550836301405475,16.417547911902105,16.44972038269043,1243975,0.0,0.0
2014-09-11 00:00:00-04:00,16.44053293540151,16.463512193051873,16.316435838134236,16.362398147583008,806306,0.0,0.0
2014-09-12 00:00:00-04:00,16.33021993609135,16.34860447613744,16.127988098510816,16.183143615722656,1031903,0.0,0.0
2014-09-15 00:00:00-04:00,16.32562915365201,16.47270742358853,16.21991848492582,16.366994857788086,1673313,0.0,0.0
2014-09-16 00:00:00-04:00,16.43134124103577,16.458919008681615,16.20153346659246,16.34401512145996,1331185,0.0,0.0
2014-09-17 00:00:00-04:00,16.385370955823845,16.624373732639697,16.362391707218293,16.417545318603516,3035659,0.0,0.0
2014-09-18 00:00:00-04:00,16.399168590771946,16.5094758660708,16.399168590771946,16.42674446105957,1033310,0.0,0.0
2014-09-19 00:00:00-04:00,16.51866436006295,16.523260969486774,16.38077935686368,16.385374069213867,2153072,0.0,0.0
2014-09-22 00:00:00-04:00,16.307241786995256,16.353204094103475,16.123394455636312,16.23370361328125,2004189,0.0,0.0
2014-09-23 00:00:00-04:00,16.217397121997376,16.454996806427967,16.156832383440502,16.394432067871094,3523966,0.439002,0.0
2014-09-24 00:00:00-04:00,16.399094807171668,16.46897617717263,16.259328221300336,16.436365127563477,2841007,0.0,0.0
2014-09-25 00:00:00-04:00,16.42238769441694,16.841681643812464,16.413069153727594,16.417728424072266,4396274,0.0,0.0
2014-09-26 00:00:00-04:00,16.469030308128886,16.469030308128886,16.041864873777023,16.417564392089844,2876300,0.669,1.082
2014-09-29 00:00:00-04:00,16.28889884664627,17.657887789376986,16.2786054678998,17.44687843322754,9291800,0.0,0.0
2014-09-30 00:00:00-04:00,16.777823919024282,17.08147174527112,16.618281443660607,16.803558349609375,7719800,0.0,0.0
2014-10-01 00:00:00-04:00,16.75724253605553,16.844733335427506,16.417567812091285,16.56167221069336,2945200,0.0,0.0
2014-10-02 00:00:00-04:00,16.505056231522712,16.865316663838495,16.494762851940955,16.803558349609375,2316400,0.0,0.0
2014-10-03 00:00:00-04:00,16.95280736231364,17.076325953427983,16.839584113992007,17.035152435302734,2125500,0.0,0.0
2014-10-06 00:00:00-04:00,17.07117439798394,17.12778699089491,16.83443261241165,16.968244552612305,1718200,0.0,0.0
2014-10-07 00:00:00-04:00,16.906488395691888,16.95795529413884,16.705772399902344,16.705772399902344,1500000,0.0,0.0
2014-10-08 00:00:00-04:00,16.700628434458203,17.143233990982313,16.65430920265308,17.138086318969727,1913800,0.0,0.0
2014-10-09 00:00:00-04:00,17.132941663428944,17.168967516685132,16.628577754580547,16.65431022644043,1869000,0.0,0.0
2014-10-10 00:00:00-04:00,16.65431049556471,16.824146383193803,16.386688464721434,16.40727424621582,1881100,0.0,0.0
2014-10-13 00:00:00-04:00,16.417566381835808,16.535938297561042,16.185971204037724,16.2014102935791,1690900,0.0,0.0
2014-10-14 00:00:00-04:00,16.340368527621848,16.777826427308614,16.2014108273861,16.546232223510742,2178900,0.0,0.0
2014-10-15 00:00:00-04:00,16.474178893448606,16.587404124835206,16.010988513094016,16.484472274780273,1899700,0.0,0.0
2014-10-16 00:00:00-04:00,16.22714745501876,16.741803850540634,16.21685407188425,16.53594207763672,1944600,0.0,0.0
2014-10-17 00:00:00-04:00,16.690330665176933,16.726356506745958,16.49476040861571,16.65945053100586,2672000,0.0,0.0
2014-10-20 00:00:00-04:00,16.592550025545552,17.060888028192405,16.587402353798463,17.055740356445312,1684600,0.0,0.0
2014-10-21 00:00:00-04:00,17.19469990468397,17.606425342219335,17.14838067025738,17.590986251831055,1788100,0.0,0.0
2014-10-22 00:00:00-04:00,17.632150655410825,17.940946080639648,17.62185924150472,17.69905662536621,1932200,0.0,0.0
2014-10-23 00:00:00-04:00,17.848313426855455,17.97183006632028,17.63730403477993,17.899778366088867,1786200,0.0,0.0
2014-10-24 00:00:00-04:00,17.90491972978974,18.337231742129603,17.77625546377503,18.32179069519043,1819500,0.0,0.0
2014-10-27 00:00:00-04:00,18.244593336254788,18.244593336254788,17.930652212666256,18.09019660949707,1223700,0.0,0.0
2014-10-28 00:00:00-04:00,18.177692737344213,18.527659801771932,18.079908572942326,18.45046043395996,1996600,0.0,0.0
2014-10-29 00:00:00-04:00,18.460753352324,18.481340111660675,18.187985662528078,18.342382431030273,1862600,0.0,0.0
2014-10-30 00:00:00-04:00,18.254895438886336,18.27548023923547,17.940954165235492,18.208576202392578,1749600,0.0,0.0
2014-10-31 00:00:00-04:00,18.486481301789333,18.697492588527176,18.429870672341195,18.56368064880371,3876500,0.0,0.0
2014-11-03 00:00:00-05:00,18.553392822057997,19.00629173595833,18.4659020349783,18.8621883392334,3353500,0.0,0.0
2014-11-04 00:00:00-05:00,18.908507122575315,18.990852199227177,18.6254440810269,18.687204360961914,2438000,0.0,0.0
2014-11-05 00:00:00-05:00,18.836451387836895,18.959969970839996,18.55339034072883,18.584270477294922,2366400,0.0,0.0
2014-11-06 00:00:00-05:00,18.630590738738505,18.79013321173428,18.630590738738505,18.769548416137695,1767900,0.0,0.0
2014-11-07 00:00:00-05:00,18.887923682447354,19.587857938643396,18.887923682447354,19.58271026611328,4389200,0.0,0.0
2014-11-10 00:00:00-05:00,19.52095137373048,19.5569772273515,19.222449199999986,19.371700286865234,2362300,0.0,0.0
2014-11-11 00:00:00-05:00,19.31507990996456,19.46947860717773,19.263614986400828,19.469478607177734,1805800,0.0,0.0
2014-11-12 00:00:00-05:00,19.412874374594384,19.644468593641804,19.381994229199208,19.58271026611328,1291000,0.0,0.0
2014-11-13 00:00:00-05:00,19.598151157135025,19.757693665526098,19.56727101199716,19.747400283813477,2048800,0.0,0.0
2014-11-14 00:00:00-05:00,19.73710605618152,19.814305434086553,19.371699855722742,19.397432327270508,2065800,0.0,0.0
2014-11-17 00:00:00-05:00,19.541536929531052,19.61358863232202,19.459191845875427,19.48492431640625,2069500,0.0,0.0
2014-11-18 00:00:00-05:00,19.495217978856083,19.541537211785254,19.32023442815274,19.423166275024414,2116800,0.0,0.0
2014-11-19 00:00:00-05:00,19.423166762080005,19.464338323904084,19.196716300631508,19.397432327270508,2894400,0.0,0.0
2014-11-20 00:00:00-05:00,19.366553568033133,19.3974317476631,19.124664023536134,19.38713836669922,1830900,0.0,0.0
2014-11-21 00:00:00-05:00,19.582704503237206,19.675342948898898,19.345962681328995,19.381988525390625,1424100,0.0,0.0
2014-11-24 00:00:00-05:00,19.505507734358005,19.572411753616635,19.33566992409844,19.526092529296875,1839600,0.0,0.0
2014-11-25 00:00:00-05:00,19.585682410363603,19.6634041644967,19.274799346923828,19.274799346923828,17681900,0.255,0.0
2014-11-26 00:00:00-05:00,19.14526068747966,19.533865429539954,19.14526068747966,19.471689224243164,3228700,0.0,0.0
2014-11-28 00:00:00-05:00,19.585683459708928,19.735944471592113,19.518324734287773,19.69449234008789,1127400,0.0,0.0
2014-12-01 00:00:00-05:00,19.627130716438216,20.38361413958535,19.570135038049088,20.11936378479004,3493100,0.0,0.0
2014-12-02 00:00:00-05:00,20.109000941790978,20.279986002005053,19.969102996227125,20.16599464416504,2627100,0.0,0.0
2014-12-03 00:00:00-05:00,20.116168605232378,20.236814928359816,19.591627030118445,19.67030906677246,4226600,0.475,0.0
2014-12-04 00:00:00-05:00,19.644076671991236,19.701776548618483,19.507694781605608,19.607358932495117,1554900,0.0,0.0
2014-12-05 00:00:00-05:00,19.56015456160034,19.743743300727512,19.512945742829466,19.58113670349121,1059300,0.0,0.0
2014-12-08 00:00:00-05:00,19.549664143419275,19.73325288867649,19.376564468490546,19.570646286010742,1146100,0.0,0.0
2014-12-09 00:00:00-05:00,19.39229896870296,19.570643150219965,19.229690391124624,19.512943267822266,1103400,0.0,0.0
2014-12-10 00:00:00-05:00,19.465735141023888,19.633588258841385,19.29788202320639,19.39229965209961,2132300,0.0,0.0
2014-12-11 00:00:00-05:00,19.52867568005775,19.68079316315974,19.402786867189384,19.486713409423828,1328000,0.0,0.0
2014-12-12 00:00:00-05:00,19.387053973526573,19.444753860507973,19.10904761003485,19.11429214477539,1249500,0.0,0.0
2014-12-15 00:00:00-05:00,19.11429194342651,19.733251086578907,19.11429194342651,19.38180923461914,3863900,0.0,0.0
2014-12-16 00:00:00-05:00,19.29263487843401,19.707023125381884,19.208708322175816,19.49720573425293,1760400,0.0,0.0
2014-12-17 00:00:00-05:00,19.607365526406042,20.34172256425763,19.50245680643656,20.247304916381836,2600100,0.0,0.0
2014-12-18 00:00:00-05:00,20.46236746207748,21.128535551334284,20.425649709210113,21.123291015625,2294400,0.0,0.0
2014-12-19 00:00:00-05:00,21.165245133865792,21.196718338874398,20.630214655486302,20.850521087646484,3967100,0.0,0.0
2014-12-22 00:00:00-05:00,20.15288142724502,20.64595166789623,19.48671555060518,20.593496322631836,1939500,0.0,0.0
2014-12-23 00:00:00-05:00,20.656440109751316,20.834784259033842,20.630213440938178,20.682666778564453,858500,0.0,0.0
2014-12-24 00:00:00-05:00,20.80331295283047,20.918712707290897,20.666933061986402,20.792821884155273,877600,0.0,0.0
2014-12-26 00:00:00-05:00,20.887235641479492,20.992144307878476,20.750855775837277,20.887235641479492,483200,0.0,0.0
2014-12-29 00:00:00-05:00,20.855771983013582,20.976418305197576,20.78758301947847,20.90298080444336,722300,0.0,0.0
2014-12-30 00:00:00-05:00,20.871504529409354,21.02362202834612,20.635460479501745,20.7665958404541,1679800,0.0,0.0
2014-12-31 00:00:00-05:00,20.834788970493303,20.834788970493303,20.26303865682168,20.27877426147461,828000,0.0,0.0
2015-01-02 00:00:00-05:00,20.430887897463997,20.514814441290884,20.24205267361184,20.436132431030273,898700,0.0,0.0
2015-01-05 00:00:00-05:00,20.357460521820332,20.598749181208788,20.320742769346758,20.535804748535156,907100,0.0,0.0
2015-01-06 00:00:00-05:00,20.630218539663574,20.929207040154317,20.472854485959342,20.724634170532227,1389300,0.0,0.0
2015-01-07 00:00:00-05:00,20.871499430684043,20.960670493883864,20.677417703190923,20.756099700927734,1701900,0.0,0.0
2015-01-08 00:00:00-05:00,20.950181889118948,21.139017105102543,20.82953761245533,21.13901710510254,2114200,0.0,0.0
2015-01-09 00:00:00-05:00,21.13902436876759,21.15476197615159,20.687918309126317,20.708900451660156,1280600,0.0,0.0
2015-01-12 00:00:00-05:00,20.766599753752065,20.8452817855372,20.436138021608574,20.62497329711914,1479200,0.0,0.0
2015-01-13 00:00:00-05:00,20.714135552987297,20.929197392820786,20.630209030149015,20.819042205810547,1758700,0.0,0.0
2015-01-14 00:00:00-05:00,20.813813392499288,21.013139785137174,20.609242463645934,20.981666564941406,1284300,0.0,0.0
2015-01-15 00:00:00-05:00,21.02362500220584,21.401293534513634,21.02362500220584,21.170495986938477,1614100,0.0,0.0
2015-01-16 00:00:00-05:00,21.2019671763632,21.29638480958824,20.834789714895926,21.154760360717773,1627500,0.0,0.0
2015-01-20 00:00:00-05:00,21.280645326485192,21.50095376418671,21.08656556065215,21.375062942504883,1689600,0.0,0.0
2015-01-21 00:00:00-05:00,21.30687925458916,21.469487871111888,20.90822851858711,20.929210662841797,1490500,0.0,0.0
2015-01-22 00:00:00-05:00,21.107550313804865,21.196721406115927,20.86101517464632,21.160003662109375,3096700,0.0,0.0
2015-01-23 00:00:00-05:00,21.170492108117795,21.569142708337925,21.1127922315539,21.375062942504883,1239600,0.0,0.0
2015-01-26 00:00:00-05:00,21.32260703354208,21.521931309170913,21.26490716392503,21.43276023864746,711400,0.0,0.0
2015-01-27 00:00:00-05:00,21.285895761209602,21.40654007023528,21.112796099802914,21.170495986938477,994700,0.0,0.0
2015-01-28 00:00:00-05:00,21.35408225881758,21.44325534711299,21.055093788060777,21.070829391479492,1023600,0.0,0.0
2015-01-29 00:00:00-05:00,21.023623716808622,21.338347807983876,21.01837718140775,21.333101272583008,906800,0.0,0.0
2015-01-30 00:00:00-05:00,21.243929063483204,21.270155736207712,20.787578554982808,20.89773178100586,1352900,0.0,0.0
2015-02-02 00:00:00-05:00,20.902973211590385,20.92395534704141,20.299751824622685,20.808555603027344,1132400,0.0,0.0
2015-02-03 00:00:00-05:00,20.829544499460297,21.09181527482787,20.6721824344332,21.086570739746094,793800,0.0,0.0
2015-02-04 00:00:00-05:00,21.086570031496112,21.42227629253624,21.002643466236083,21.270158767700195,960100,0.0,0.0
2015-02-05 00:00:00-05:00,21.30162802009277,21.569143271826174,21.243928142021485,21.553407669067383,1111700,0.0,0.0
2015-02-06 00:00:00-05:00,21.563900701260785,21.784207163809644,21.396047586661567,21.45899200439453,1168700,0.0,0.0
2015-02-09 00:00:00-05:00,21.348843103226475,21.4170340701655,20.708901723415682,20.73512840270996,1065400,0.0,0.0
2015-02-10 00:00:00-05:00,20.792821212280717,20.89248536099129,20.635459189171062,20.850521087646484,1132000,0.0,0.0
2015-02-11 00:00:00-05:00,20.866261729702735,20.939697224827064,20.619728567637793,20.908226013183594,696700,0.0,0.0
2015-02-12 00:00:00-05:00,21.00263652362468,21.254416136176747,20.881992251003886,21.22818946838379,834900,0.0,0.0
2015-02-13 00:00:00-05:00,21.191476516596936,21.191476516596936,20.467608716515056,20.65119743347168,1298800,0.0,0.0
2015-02-17 00:00:00-05:00,20.562026984376192,20.693162357999807,20.46760935528983,20.499082565307617,1354500,0.0,0.0
2015-02-18 00:00:00-05:00,20.483348679743592,20.792828297737803,20.325986603010534,20.73512840270996,1671800,0.0,0.0
2015-02-19 00:00:00-05:00,20.724629108693538,20.724629108693538,20.352205207951727,20.367942810058594,1162500,0.0,0.0
2015-02-20 00:00:00-05:00,20.12665534259675,20.12665534259675,18.93594598339005,19.255916595458984,3471300,0.0,0.0
2015-02-23 00:00:00-05:00,19.255922441546222,19.308377804267217,18.873007298036654,19.035615921020508,1648500,0.0,0.0
2015-02-24 00:00:00-05:00,18.998893623143935,19.213955556439384,18.799567294417148,19.187728881835938,1579300,0.0,0.0
2015-02-25 00:00:00-05:00,19.124785722609975,19.24543004713058,18.930705896291375,19.135276794433594,1584400,0.0,0.0
2015-02-26 00:00:00-05:00,19.103798444008348,19.34508902915986,19.014627358927108,19.3293514251709,1955900,0.0,0.0
2015-02-27 00:00:00-05:00,19.303126011504105,19.329352685239652,19.061837411589952,19.276899337768555,2199000,0.0,0.0
2015-03-02 00:00:00-05:00,19.234939805908173,19.696536981243355,19.21395966232232,19.66506576538086,1934500,0.0,0.0
2015-03-03 00:00:00-05:00,19.617856399758644,19.6703097587283,19.42902110592007,19.61260986328125,1864200,0.0,0.0
2015-03-04 00:00:00-05:00,19.535573062469712,19.726838173660965,19.344307951278456,19.386812210083008,2038700,0.475,0.0
2015-03-05 00:00:00-05:00,19.39743714547902,19.487757686260004,19.360246930661763,19.43994140625,1082300,0.0,0.0
2015-03-06 00:00:00-05:00,19.291178146272163,19.44525100560647,19.16898145183453,19.275238037109375,1677700,0.0,0.0
2015-03-09 00:00:00-04:00,19.307115117246113,19.439937867907766,19.259298845939348,19.423999786376953,1148400,0.0,0.0
2015-03-10 00:00:00-04:00,19.29117460299227,19.333676823952782,18.913956498379562,19.259296417236328,2318500,0.0,0.0
2015-03-11 00:00:00-04:00,19.28585961425565,19.28585961425565,19.020214159440243,19.11053466796875,1653600,0.0,0.0
2015-03-12 00:00:00-04:00,19.131784820489827,19.535567047960225,19.11584674170236,19.498376846313477,1045100,0.0,0.0
2015-03-13 00:00:00-04:00,19.49837514457607,19.70026624069105,19.26991991056239,19.588693618774414,1702000,0.0,0.0
2015-03-16 00:00:00-04:00,19.689644029030077,20.029669924713286,19.689644029030077,19.976539611816406,1302000,0.0,0.0
2015-03-17 00:00:00-04:00,19.944663792896655,20.25281150612729,19.870283380279407,20.050922393798828,2230500,0.0,0.0
2015-03-18 00:00:00-04:00,20.034977588227793,20.58220854520191,19.987161330370128,20.49188804626465,1761500,0.0,0.0
2015-03-19 00:00:00-04:00,20.48657912961922,20.592835694969963,20.29531406924536,20.332504272460938,2046100,0.0,0.0
2015-03-20 00:00:00-04:00,20.449388750318438,20.67252996769047,20.40688450317288,20.534395217895508,3722700,0.0,0.0
2015-03-23 00:00:00-04:00,20.52908452263025,20.571588776709685,20.268753059894053,20.3643856048584,1315400,0.0,0.0
2015-03-24 00:00:00-04:00,20.34844325968761,20.34844325968761,19.987165246578655,20.09342384338379,1094500,0.0,0.0
2015-03-25 00:00:00-04:00,20.130613250875072,20.130613250875072,19.344302908405886,19.354928970336914,1066800,0.0,0.0
2015-03-26 00:00:00-04:00,19.312423484038547,19.445246209586855,19.184914802471983,19.323049545288086,1717500,0.0,0.0
2015-03-27 00:00:00-04:00,19.32304864117865,19.530251759064917,19.307110563407047,19.46649742126465,617200,0.0,0.0
2015-03-30 00:00:00-04:00,19.546198341316387,19.62589078329897,19.418687596743915,19.524946212768555,756400,0.0,0.0
2015-03-31 00:00:00-04:00,19.551509396013653,19.572761523513545,19.344306219675758,19.38149642944336,1008000,0.0,0.0
2015-04-01 00:00:00-04:00,19.3921244583582,19.43994073672137,19.089288704296354,19.280553817749023,1509300,0.0,0.0
2015-04-02 00:00:00-04:00,19.285858805122736,19.79058555343913,19.269920727050962,19.737457275390625,1153600,0.0,0.0
2015-04-06 00:00:00-04:00,19.71089816339806,20.09342838772411,19.67370795011243,20.056238174438477,1264700,0.0,0.0
2015-04-07 00:00:00-04:00,20.072174887038376,20.109365097783456,19.540883845863494,19.54619789123535,1211300,0.0,0.0
2015-04-08 00:00:00-04:00,19.59932190798873,19.992478084423706,19.535567564439344,19.960599899291992,1582500,0.0,0.0
2015-04-09 00:00:00-04:00,19.918095964383916,19.997788380281296,19.705578801896507,19.854339599609375,953000,0.0,0.0
2015-04-10 00:00:00-04:00,19.918100002458708,20.141241244266315,19.64714046401887,19.748085021972656,870500,0.0,0.0
2015-04-13 00:00:00-04:00,19.769337690475233,19.907474485902622,19.599324732037164,19.620576858520508,771500,0.0,0.0
2015-04-14 00:00:00-04:00,19.604637369241328,19.742772128035174,19.45056250337244,19.594011306762695,1005000,0.0,0.0
2015-04-15 00:00:00-04:00,19.700269116391592,19.732145275837556,19.323051006996803,19.344303131103516,1223300,0.0,0.0
2015-04-16 00:00:00-04:00,19.317739762460814,19.60994938712355,19.21148116438868,19.594011306762695,1022900,0.0,0.0
2015-04-17 00:00:00-04:00,19.434624423011584,19.663077672802526,19.312425717864407,19.594011306762695,2022700,0.0,0.0
2015-04-20 00:00:00-04:00,19.721522880931534,19.785279265106944,19.535571827206116,19.54619789123535,939400,0.0,0.0
2015-04-21 00:00:00-04:00,19.594015404968662,19.641831682766476,19.370872099673996,19.386812210083008,927200,0.0,0.0
2015-04-22 00:00:00-04:00,19.392129186051143,19.439945476071657,19.227428181154906,19.33368682861328,905300,0.0,0.0
2015-04-23 00:00:00-04:00,19.328367913629634,19.647141715579657,19.29648972274887,19.392122268676758,1703500,0.0,0.0
2015-04-24 00:00:00-04:00,19.392125857014243,19.509010551824428,19.376187771981865,19.402751922607422,952500,0.0,0.0
2015-04-27 00:00:00-04:00,19.503684017297623,19.55681431124374,19.216786510129023,19.253978729248047,1351600,0.0,0.0
2015-04-28 00:00:00-04:00,20.18905048825671,20.44938387314873,19.556815163109768,19.806520462036133,6468100,0.0,0.0
2015-04-29 00:00:00-04:00,19.71620818130029,19.71620818130029,18.690816449126498,18.807701110839844,3191600,0.0,0.0
2015-04-30 00:00:00-04:00,18.73331669134491,18.913955682743975,18.217965884155742,18.3242244720459,3411000,0.0,0.0
2015-05-01 00:00:00-04:00,18.32954115474199,18.54737040333846,18.22328253980638,18.38266944885254,1724400,0.0,0.0
2015-05-04 00:00:00-04:00,18.39860504717161,18.60580818079745,18.34547473937395,18.515487670898438,1457700,0.0,0.0
2015-05-05 00:00:00-04:00,18.478304216355685,18.520808478114716,18.138278229142443,18.17546844482422,1576900,0.0,0.0
2015-05-06 00:00:00-04:00,18.175464182697837,18.30297491135905,18.000139210842224,18.19671630859375,1013400,0.0,0.0
2015-05-07 00:00:00-04:00,18.244531195477812,18.653625467748594,18.143586645195718,18.557992935180664,1469400,0.0,0.0
2015-05-08 00:00:00-04:00,18.759886416784216,19.046782023778665,18.712070144499414,18.82895278930664,1320500,0.0,0.0
2015-05-11 00:00:00-04:00,18.754571884403887,19.004279302815956,18.754571884403887,18.951148986816406,1882500,0.0,0.0
2015-05-12 00:00:00-04:00,18.797071996408242,19.142409854116586,18.6483091710947,19.06271743774414,2415400,0.0,0.0
2015-05-13 00:00:00-04:00,19.121164725404824,19.381496190569482,19.10522461661915,19.200857162475586,2130300,0.0,0.0
2015-05-14 00:00:00-04:00,19.365555328012302,19.44524775364091,19.24335865401048,19.43462371826172,2246600,0.0,0.0
2015-05-15 00:00:00-04:00,19.50900367400859,19.65776448643854,19.498377612161583,19.65245246887207,1149200,0.0,0.0
2015-05-18 00:00:00-04:00,19.588701296822464,19.81184460140587,19.567451194202533,19.774654388427734,1835800,0.0,0.0
2015-05-19 00:00:00-04:00,19.748084333145336,20.003105781621947,19.716208172121412,19.976539611816406,1703600,0.0,0.0
2015-05-20 00:00:00-04:00,20.045604158338215,20.045604158338215,19.774646708062413,19.779958724975586,1339000,0.0,0.0
2015-05-21 00:00:00-04:00,19.7905900333477,19.811842160063414,19.40274784100057,19.514318466186523,1021300,0.0,0.0
2015-05-22 00:00:00-04:00,19.46649742126465,19.55681792430273,19.392117022712025,19.46649742126465,776600,0.0,0.0
2015-05-26 00:00:00-04:00,19.471816732521464,19.514318960314746,19.291177704292615,19.392122268676758,1342400,0.0,0.0
2015-05-27 00:00:00-04:00,19.402749737688595,19.657769203063125,19.3655595256578,19.609952926635742,1302700,0.0,0.0
2015-05-28 00:00:00-04:00,19.56213642437,19.65776897612072,19.370871320868552,19.524946212768555,1220000,0.0,0.0
2015-05-29 00:00:00-04:00,19.551513298279225,19.599329581340374,19.26461559991234,19.376188278198242,4082100,0.0,0.0
2015-06-01 00:00:00-04:00,19.38680486956235,19.668388384024016,19.37086476518882,19.56744384765625,1058600,0.0,0.0
2015-06-02 00:00:00-04:00,18.967084001110685,19.115844792529085,18.350786688031036,18.425167083740234,4355100,0.0,0.0
2015-06-03 00:00:00-04:00,18.361415043145115,18.361415043145115,18.042639273062388,18.2126522064209,2236100,0.0,0.0
2015-06-04 00:00:00-04:00,18.095772689121304,18.22859544278766,17.410406793791466,17.47416114807129,2790500,0.0,0.0
2015-06-05 00:00:00-04:00,17.51134805632762,17.51134805632762,17.171322195305958,17.346649169921875,2404200,0.0,0.0
2015-06-08 00:00:00-04:00,17.102255605998774,17.341336947999807,17.006623069198362,17.16069793701172,2077200,0.0,0.0
2015-06-09 00:00:00-04:00,17.192575918259635,17.192575918259635,16.87380113720777,16.974746704101562,2406700,0.0,0.0
2015-06-10 00:00:00-04:00,17.117664293755002,17.241705093380382,16.923512761367395,17.17698860168457,1806900,0.475,0.0
2015-06-11 00:00:00-04:00,17.263281520192752,17.29024861811925,17.063737750801156,17.18238639831543,1389800,0.0,0.0
2015-06-12 00:00:00-04:00,17.133845704699873,17.392713755581315,17.069128177654417,17.268672943115234,2633500,0.0,0.0
2015-06-15 00:00:00-04:00,17.166199795748167,17.230917307117174,16.955869683936296,17.193164825439453,2070800,0.0,0.0
2015-06-16 00:00:00-04:00,17.203953384928912,17.23631163030625,17.020588280040542,17.096092224121094,1436800,0.0,0.0
2015-06-17 00:00:00-04:00,17.14463391478898,17.344177672364932,17.05295134197967,17.274066925048828,1323900,0.0,0.0
2015-06-18 00:00:00-04:00,17.317210216243215,17.73787052682392,17.274064513978363,17.64079475402832,2580600,0.0,0.0
2015-06-19 00:00:00-04:00,17.630011999873723,17.651584855498648,17.462827512032415,17.527544021606445,1759700,0.0,0.0
2015-06-22 00:00:00-04:00,17.586861575659356,17.748653815961013,17.51675085051865,17.678543090820312,2534000,0.0,0.0
2015-06-23 00:00:00-04:00,17.732475022725474,17.732475022725474,17.52753708993761,17.565288543701172,1735700,0.0,0.0
2015-06-24 00:00:00-04:00,17.570682625702517,17.576074808777296,17.04215919182804,17.069124221801758,1781000,0.0,0.0
2015-06-25 00:00:00-04:00,17.09069957841558,17.160809283832606,16.961265563964844,16.961265563964844,1109600,0.0,0.0
2015-06-26 00:00:00-04:00,16.999021241839156,17.37114373999657,16.97205517256302,17.18238639831543,3569300,0.0,0.0
2015-06-29 00:00:00-04:00,17.08530310172909,17.322598235228167,16.718572949857897,16.76711082458496,2319500,0.0,0.0
2015-06-30 00:00:00-04:00,16.934295928480424,17.05833670424357,16.691607588332946,16.71857261657715,2101100,0.0,0.0
2015-07-01 00:00:00-04:00,16.691612515514066,17.042163129416824,16.659253237689054,16.977445602416992,2319300,0.0,0.0
2015-07-02 00:00:00-04:00,17.07991528352801,17.392714447957673,16.788687943205442,17.01519775390625,1798400,0.0,0.0
2015-07-06 00:00:00-04:00,16.891149180632954,17.128445308753722,16.810253077238304,16.84261131286621,1752900,0.0,0.0
2015-07-07 00:00:00-04:00,16.907333573316762,17.0691258256614,16.562175191051455,16.697002410888672,2210200,0.0,0.0
2015-07-08 00:00:00-04:00,16.513636072584184,16.68621472571388,16.411167111544707,16.470491409301758,1227900,0.0,0.0
2015-07-09 00:00:00-04:00,16.65924930172243,16.82104256667113,16.52981530695344,16.54060173034668,995400,0.0,0.0
2015-07-10 00:00:00-04:00,16.70239724031849,16.815652650845657,16.648467170081904,16.675432205200195,778300,0.0,0.0
2015-07-13 00:00:00-04:00,16.761723251732548,16.92351553614965,16.680827109523996,16.799474716186523,712300,0.0,0.0
2015-07-14 00:00:00-04:00,16.853403294670837,17.05834022612799,16.750934314617208,16.993623733520508,1505300,0.0,0.0
2015-07-15 00:00:00-04:00,16.9396915435791,17.052946941305294,16.869581843005772,16.9396915435791,2355800,0.0,0.0
2015-07-16 00:00:00-04:00,17.0529501429096,17.15002489377872,16.961267576546906,17.133846282958984,909900,0.0,0.0
2015-07-17 00:00:00-04:00,17.12305677959958,17.171594660636906,17.004409197425034,17.11227035522461,964900,0.0,0.0
2015-07-20 00:00:00-04:00,17.11766650761265,17.14463257318188,16.912729552537613,16.934301376342773,885700,0.0,0.0
2015-07-21 00:00:00-04:00,16.95047690259458,17.101482718539316,16.880366177777407,16.9127254486084,1538300,0.0,0.0
2015-07-22 00:00:00-04:00,16.896546760919467,17.096091494303145,16.842615668492797,17.031373977661133,1037800,0.0,0.0
2015-07-23 00:00:00-04:00,16.993624382857963,17.03137584309652,16.783294230871654,16.826438903808594,1229200,0.0,0.0
2015-07-24 00:00:00-04:00,16.79947137842289,16.842616047605368,16.718575252286996,16.783292770385742,1387400,0.0,0.0
2015-07-27 00:00:00-04:00,16.76171474711196,16.84261084827515,16.524418625536835,16.589136123657227,1801600,0.0,0.0
2015-07-28 00:00:00-04:00,16.64307242095976,16.702395698473737,16.540603445399167,16.664644241333008,975100,0.0,0.0
2015-07-29 00:00:00-04:00,16.718574751456796,16.7239679635243,16.335665952514148,16.53520965576172,2259600,0.0,0.0
2015-07-30 00:00:00-04:00,15.753214883469914,16.152304435691526,15.284016644786798,16.1307315826416,2305700,0.0,0.0
2015-07-31 00:00:00-04:00,16.227804920724658,16.411170029439635,16.12533594146627,16.20623207092285,1266400,0.0,0.0
2015-08-03 00:00:00-04:00,16.227807465441202,16.41117260291005,16.195449214314422,16.30331039428711,1052900,0.0,0.0
2015-08-04 00:00:00-04:00,16.265558746368058,16.411172417771244,16.125338288200197,16.163089752197266,889000,0.0,0.0
2015-08-05 00:00:00-04:00,16.179266460959656,16.297914044692675,16.02825960367668,16.076797485351562,858000,0.0,0.0
2015-08-06 00:00:00-04:00,16.109154684254662,16.109154684254662,15.634562353143716,15.785569190979004,1285500,0.0,0.0
2015-08-07 00:00:00-04:00,15.763996344723994,15.828713854839096,15.612990535538634,15.785569190979004,803500,0.0,0.0
2015-08-10 00:00:00-04:00,15.915001911372306,15.931181544771238,15.596809655075532,15.677705764770508,1221600,0.0,0.0
2015-08-11 00:00:00-04:00,15.602205644157166,15.693888192442035,15.488950247499375,15.591419219970703,1895700,0.0,0.0
2015-08-12 00:00:00-04:00,15.510521799637768,16.09297528457994,15.467377135147606,16.044437408447266,3183200,0.0,0.0
2015-08-13 00:00:00-04:00,16.022870500088892,16.146912356537772,15.898829672290333,15.920402526855469,1134000,0.0,0.0
2015-08-14 00:00:00-04:00,15.925794439211764,16.335669384605843,15.790967195147273,16.28173828125,1268900,0.0,0.0
2015-08-17 00:00:00-04:00,16.23859658043792,16.341064564078668,16.11455471139053,16.33567237854004,881000,0.0,0.0
2015-08-18 00:00:00-04:00,16.324880567058138,16.400383483507074,16.2278048009666,16.297914505004883,1397200,0.0,0.0
2015-08-19 00:00:00-04:00,16.211622570884263,16.27634008081121,15.963541011572456,16.260160446166992,1323200,0.0,0.0
2015-08-20 00:00:00-04:00,16.098366660008566,16.51363465126625,16.022862734275463,16.308696746826172,2062900,0.0,0.0
2015-08-21 00:00:00-04:00,16.26016204382204,16.308699923873895,15.73703281605759,15.769391059875488,1610700,0.0,0.0
2015-08-24 00:00:00-04:00,15.575240190630357,15.672315954791326,14.760884677169045,14.895711898803711,1996400,0.0,0.0
2015-08-25 00:00:00-04:00,15.381091953663926,16.087586410939625,14.286294382621257,14.302474021911621,1962900,0.0,0.0
2015-08-26 00:00:00-04:00,14.771666161562463,15.354119563643518,14.44808173824505,14.782452583312988,3146000,0.0,0.0
2015-08-27 00:00:00-04:00,14.965826519908772,15.28941216390715,14.890323580147632,15.213908195495605,1742000,0.0,0.0
2015-08-28 00:00:00-04:00,15.197725632699758,15.402662571076096,15.073684827139077,15.391877174377441,1803000,0.0,0.0
2015-08-31 00:00:00-04:00,15.327157461075384,15.440411825106118,15.18154382562159,15.284012794494629,2662500,0.0,0.0
2015-09-01 00:00:00-04:00,14.949642811894636,15.159973989048488,14.771670910395299,14.901104927062988,2095900,0.0,0.0
2015-09-02 00:00:00-04:00,15.035933972858379,15.170761218423877,14.879534902900529,15.165369033813477,1144100,0.0,0.0
2015-09-03 00:00:00-04:00,15.192331338543433,15.478165418038166,15.165366305741127,15.337944984436035,1611600,0.0,0.0
2015-09-04 00:00:00-04:00,15.068295530049179,15.21930140957146,14.944253663605357,15.213908195495605,2420400,0.0,0.0
2015-09-08 00:00:00-04:00,15.521311720124494,15.575241791401057,15.2462640362833,15.348731994628906,1676000,0.0,0.0
2015-09-09 00:00:00-04:00,15.466651193943523,15.559889910675677,15.208873011508283,15.362442970275879,1766200,0.475,0.0
2015-09-10 00:00:00-04:00,15.384380420430324,15.505042900441522,15.25823423324564,15.378896713256836,1482300,0.0,0.0
2015-09-11 00:00:00-04:00,15.318567671559398,15.576344836204578,15.280175439177125,15.565375328063965,854900,0.0,0.0
2015-09-14 00:00:00-04:00,15.614731544355884,15.69700178019478,15.384377185447885,15.653124809265137,1045700,0.0,0.0
2015-09-15 00:00:00-04:00,15.664096287990178,15.883481184943319,15.647643074537259,15.845088958740234,969700,0.0,0.0
2015-09-16 00:00:00-04:00,15.812181367067431,16.06447478125257,15.784758647445214,16.009628295898438,720500,0.0,0.0
2015-09-17 00:00:00-04:00,16.020595010551464,16.459365799468404,15.987687541368308,16.16868019104004,929400,0.0,0.0
2015-09-18 00:00:00-04:00,15.921875581321608,16.475823139054896,15.921875581321608,16.45388412475586,4035700,0.0,0.0
2015-09-21 00:00:00-04:00,16.514216481856106,16.62390842242069,16.29483050850724,16.382585525512695,2762700,0.0,0.0
2015-09-22 00:00:00-04:00,16.135779210583184,16.272894941112916,16.08641746390368,16.174171447753906,1292100,0.0,0.0
2015-09-23 00:00:00-04:00,16.229016583438458,16.37161705672207,16.135777852680327,16.34967803955078,979000,0.0,0.0
2015-09-24 00:00:00-04:00,16.29482733211921,16.700690676032835,16.2674046138511,16.623905181884766,1902300,0.0,0.0
2015-09-25 00:00:00-04:00,16.706181005787695,16.903628003144732,16.569065267869764,16.755542755126953,1416200,0.0,0.0
2015-09-28 00:00:00-04:00,16.596482778681022,16.711659452925154,16.415490114790487,16.547121047973633,1424600,0.0,0.0
2015-09-29 00:00:00-04:00,16.563573188944293,16.673265096182547,16.420972768035977,16.65132713317871,1514500,0.0,0.0
2015-09-30 00:00:00-04:00,16.832324417476478,17.040739831001613,16.722631433867573,17.013317108154297,1286100,0.0,0.0
2015-10-01 00:00:00-04:00,17.04073379947796,17.095580271869643,16.848771669161785,17.09009552001953,1571500,0.0,0.0
2015-10-02 00:00:00-04:00,16.90361814155347,17.09009552001953,16.81037945232044,17.09009552001953,1893500,0.0,0.0
2015-10-05 00:00:00-04:00,17.183338755492564,17.391754150390625,17.13397702189123,17.391754150390625,1411200,0.0,0.0
2015-10-06 00:00:00-04:00,17.39175346202866,17.506931184576302,17.276576785590706,17.413692474365234,1007800,0.0,0.0
2015-10-07 00:00:00-04:00,17.45208246258479,17.62210664806803,17.298513580354193,17.45756721496582,1686800,0.0,0.0
2015-10-08 00:00:00-04:00,17.41917605878469,17.74276810016165,17.3039983439644,17.71534538269043,1361000,0.0,0.0
2015-10-09 00:00:00-04:00,17.58920322372724,17.693410410793497,17.002348148557818,17.15591812133789,2598400,0.0,0.0
2015-10-12 00:00:00-04:00,17.17236900014535,17.43563192424229,17.12300726725903,17.430147171020508,1440900,0.0,0.0
2015-10-13 00:00:00-04:00,17.413695500583884,17.517903735072945,17.33691103628135,17.375303268432617,1164500,0.0,0.0
2015-10-14 00:00:00-04:00,17.39175549334653,17.52338749052092,17.13946309866686,17.21624755859375,1628100,0.0,0.0
2015-10-15 00:00:00-04:00,17.254640116763767,17.309486608944717,16.969440240420518,17.139463424682617,1561900,0.0,0.0
2015-10-16 00:00:00-04:00,17.177850971427294,17.397235834220773,17.172366219093764,17.3314208984375,2109600,0.0,0.0
2015-10-19 00:00:00-04:00,17.30400251205752,17.402725992509275,17.23270280179229,17.375303268432617,1413600,0.0,0.0
2015-10-20 00:00:00-04:00,17.391755144584796,17.52887084662451,17.166885476928446,17.227216720581055,2256900,0.0,0.0
2015-10-21 00:00:00-04:00,17.27657766152729,17.32593939567758,17.1120392450995,17.188823699951172,1810700,0.0,0.0
2015-10-22 00:00:00-04:00,17.27109481634055,17.380787803484864,17.079132611892927,17.15591812133789,4311300,0.0,0.0
2015-10-23 00:00:00-04:00,17.188825403158944,17.314971604660485,16.870716999397317,17.035255432128906,3639900,0.0,0.0
2015-10-26 00:00:00-04:00,17.0571880550283,17.18333420925256,16.942010358394814,17.09009552001953,4202900,0.0,0.0
2015-10-27 00:00:00-04:00,17.05170843627425,17.068162696777836,16.585514849770288,16.590999603271484,1891400,0.0,0.0
2015-10-28 00:00:00-04:00,16.645846749013195,16.9310476656707,16.481307275813954,16.79393196105957,1989400,0.0,0.0
2015-10-29 00:00:00-04:00,16.689724216199153,16.89813963295822,16.470339291687022,16.618423461914062,2759900,0.0,0.0
2015-10-30 00:00:00-04:00,16.67327016666516,16.97492535705271,16.39903874600912,16.804901123046875,1935500,0.0,0.0
2015-11-02 00:00:00-05:00,16.815871677483575,17.534357751406972,16.728117701101016,17.446603775024414,1786400,0.0,0.0
2015-11-03 00:00:00-05:00,17.380783434280406,17.682438550041883,17.29851423765804,17.594684600830078,1365600,0.0,0.0
2015-11-04 00:00:00-05:00,17.60565530501162,17.649533333929725,17.194309245002263,17.227216720581055,1170900,0.0,0.0
2015-11-05 00:00:00-05:00,17.22721525044758,17.320453961722183,17.046222581045072,17.243669509887695,1079900,0.0,0.0
2015-11-06 00:00:00-05:00,17.133978902070417,17.254640349608927,16.541639079964366,16.612939834594727,1994900,0.0,0.0
2015-11-09 00:00:00-05:00,16.574544337485374,16.645845082566606,16.190621030675374,16.431943893432617,1463700,0.0,0.0
2015-11-10 00:00:00-05:00,16.399036608730107,16.486790568214317,16.086412997303892,16.229013442993164,938000,0.0,0.0
2015-11-11 00:00:00-05:00,16.289348070297372,16.344193521799507,16.10835536045451,16.179655075073242,800100,0.0,0.0
2015-11-12 00:00:00-05:00,16.141260357560913,16.17416783262201,15.899936432856748,15.971237182617188,1292600,0.0,0.0
2015-11-13 00:00:00-05:00,15.976723458502976,16.086416454487573,15.675069288710246,15.691523551940918,881500,0.0,0.0
2015-11-16 00:00:00-05:00,15.675066294153359,15.828636249971877,15.592797085936551,15.795727729797363,889900,0.0,0.0
2015-11-17 00:00:00-05:00,15.773792501689952,15.773792501689952,15.494076308290282,15.603769302368164,2378900,0.0,0.0
2015-11-18 00:00:00-05:00,15.707973267380806,15.86154321830286,15.631188814974633,15.845088958740234,1135800,0.0,0.0
2015-11-19 00:00:00-05:00,15.899935870562782,15.99865933836453,15.784759188867232,15.828636169433594,1190900,0.0,0.0
2015-11-20 00:00:00-05:00,15.861544436454711,16.015114399170795,15.735398241782457,15.867029190063477,1522200,0.0,0.0
2015-11-23 00:00:00-05:00,15.834122493690653,16.009630433368457,15.790245508771203,15.872514724731445,771300,0.0,0.0
2015-11-24 00:00:00-05:00,15.801214985203911,15.878000498326644,15.592799554979129,15.740884780883789,978100,0.0,0.0
2015-11-25 00:00:00-05:00,15.823152043103098,15.872513778959968,15.548920642169284,15.581828117370605,1238200,0.0,0.0
2015-11-27 00:00:00-05:00,15.584616060103142,15.818971228836965,15.556716001754829,15.657154083251953,961100,0.485,0.0
2015-11-30 00:00:00-05:00,15.696215411513553,15.76875450962023,15.473020233259474,15.500920295715332,2203600,0.0,0.0
2015-12-01 00:00:00-05:00,15.60693410705491,15.712952193867183,15.506497095856183,15.645994186401367,1499800,0.0,0.0
2015-12-02 00:00:00-05:00,15.623677960728601,15.707376022662498,15.32236366063225,15.339103698730469,1370600,0.0,0.0
2015-12-03 00:00:00-05:00,15.344679473103495,15.763170731460862,15.19960237582621,15.272141456604004,1608000,0.0,0.0
2015-12-04 00:00:00-05:00,15.305621250674513,15.584615437338567,15.249822200486031,15.400479316711426,2263600,0.0,0.0
2015-12-07 00:00:00-05:00,15.367002846901707,15.439540879116109,15.138226596967353,15.233084678649902,1029500,0.0,0.0
2015-12-08 00:00:00-05:00,15.221921554074097,15.227501564914661,14.993146431002174,15.054524421691895,1017800,0.0,0.0
2015-12-09 00:00:00-05:00,14.993143143316619,15.277716183836727,14.942924121041772,15.104740142822266,1069000,0.0,0.0
2015-12-10 00:00:00-05:00,15.093588896689448,15.344684154012006,14.864813690808287,14.976411819458008,1293800,0.0,0.0
2015-12-11 00:00:00-05:00,14.831334196639894,14.976411333465247,14.775535134125743,14.926192283630371,1365500,0.0,0.0
2015-12-14 00:00:00-05:00,14.915030663622527,15.009888740471197,14.502119348010224,14.58023738861084,1239600,0.0,0.0
2015-12-15 00:00:00-05:00,14.697416335082055,14.970830556741086,14.636037263021146,14.909451484680176,1311800,0.0,0.0
2015-12-16 00:00:00-05:00,14.965254089691868,15.378165526198494,14.942935099104945,15.344686508178711,1913100,0.0,0.0
2015-12-17 00:00:00-05:00,15.339107328278118,15.439545452075958,15.121492102902035,15.1549711227417,1197500,0.0,0.0
2015-12-18 00:00:00-05:00,15.11590832756722,15.143807326444978,14.937352180480957,14.937352180480957,2537800,0.0,0.0
2015-12-21 00:00:00-05:00,15.048948351840421,15.205185503456574,14.864812202993557,15.043368339538574,797300,0.0,0.0
2015-12-22 00:00:00-05:00,15.082427644008176,15.249823747274235,15.009888552122007,15.12148666381836,1389500,0.0,0.0
2015-12-23 00:00:00-05:00,15.188445288452819,15.445120529935426,15.093587208990758,15.367002487182617,1442400,0.0,0.0
2015-12-24 00:00:00-05:00,15.383739638411322,15.461857671916139,15.216343548250034,15.255402565002441,623400,0.0,0.0
2015-12-28 00:00:00-05:00,15.227504190902279,15.33910123412378,15.154965101743796,15.294462203979492,659700,0.0,0.0
2015-12-29 00:00:00-05:00,15.367002697420329,15.813393039655661,15.367002697420329,15.768754005432129,1620700,0.0,0.0
2015-12-30 00:00:00-05:00,15.579032657195485,15.662730685464265,15.355837560386014,15.38931655883789,829800,0.0,0.0
2015-12-31 00:00:00-05:00,15.361427189714117,15.383746181231473,15.060112822138523,15.071272850036621,744400,0.0,0.0
2016-01-04 00:00:00-05:00,14.954091768016612,14.998730806620776,14.680677523531289,14.976411819458008,1082400,0.0,0.0
2016-01-05 00:00:00-05:00,15.015467450813833,15.272142662972888,14.926189393787654,15.249822616577148,783000,0.0,0.0
2016-01-06 00:00:00-05:00,15.110332226411975,15.21077035121716,15.026634143833942,15.132652282714844,800600,0.0,0.0
2016-01-07 00:00:00-05:00,14.915027275645656,14.959666297888809,14.569075119330774,14.630453109741211,824300,0.0,0.0
2016-01-08 00:00:00-05:00,14.719737043479183,14.853655228066504,14.234287615395148,14.295666694641113,1659300,0.0,0.0
2016-01-11 00:00:00-05:00,14.34588137030595,14.530018565517032,14.195225309927169,14.457479476928711,1159900,0.0,0.0
2016-01-12 00:00:00-05:00,14.546759275319799,14.585818298023046,14.044569864046474,14.156167984008789,1076000,0.0,0.0
2016-01-13 00:00:00-05:00,14.178484776742776,14.384940947461214,13.972029670302721,13.98318862915039,938000,0.0,0.0
2016-01-14 00:00:00-05:00,13.999927395487552,14.167323470099218,13.787891232415936,14.011087417602539,1260300,0.0,0.0
2016-01-15 00:00:00-05:00,13.782316482131494,13.944132594956082,13.57028025449824,13.860434532165527,1142300,0.0,0.0
2016-01-19 00:00:00-05:00,14.011089819955112,14.03340880373363,13.693036585092313,13.854852676391602,1003000,0.0,0.0
2016-01-20 00:00:00-05:00,13.709773126259345,13.860430231098702,13.19084380799819,13.704193115234375,1475300,0.0,0.0
2016-01-21 00:00:00-05:00,13.76557341440525,14.139425672587608,13.609336284442435,13.877171516418457,1183400,0.0,0.0
2016-01-22 00:00:00-05:00,14.044569198239275,14.340303457124632,14.033409173916395,14.234285354614258,1123400,0.0,0.0
2016-01-25 00:00:00-05:00,14.217543641140702,14.223123652643968,14.038987530149669,14.100366592407227,1373200,0.0,0.0
2016-01-26 00:00:00-05:00,14.206386666294623,14.40726286639926,14.145008655146007,14.40168285369873,1949100,0.0,0.0
2016-01-27 00:00:00-05:00,14.345882713775048,14.624876942180896,14.284504707235154,14.412841796875,1192100,0.0,0.0
2016-01-28 00:00:00-05:00,14.580237469071223,14.719734579072693,14.435161411234763,14.563498497009277,903100,0.0,0.0
2016-01-29 00:00:00-05:00,14.73089492785177,15.428380493226175,14.624876823916876,15.367002487182617,3934500,0.0,0.0
2016-02-01 00:00:00-05:00,15.199609627909963,15.294467734301085,15.021053442768748,15.110331535339355,1458600,0.0,0.0
2016-02-02 00:00:00-05:00,15.009890002109348,15.060109050796127,14.702996761715543,14.853653907775879,1161800,0.0,0.0
2016-02-03 00:00:00-05:00,14.959669508286495,15.154965671615876,14.669516333577224,15.12148666381836,1530800,0.0,0.0
2016-02-04 00:00:00-05:00,15.138227225833381,15.372582433591724,15.015470141494662,15.260985374450684,1657600,0.0,0.0
2016-02-05 00:00:00-05:00,15.076848157654172,15.149386187790933,14.909450984273294,15.065688133239746,1514700,0.0,0.0
2016-02-08 00:00:00-05:00,14.93177174420605,14.959670742292259,14.552339410273685,14.881552696228027,3336600,0.0,0.0
2016-02-09 00:00:00-05:00,14.736468569025783,14.931764655753367,14.658350560045971,14.82016658782959,3525700,0.0,0.0
2016-02-10 00:00:00-05:00,14.836910542436422,15.065685684352847,14.758792512790325,14.91502857208252,1488300,0.0,0.0
2016-02-11 00:00:00-05:00,14.641613989504608,14.926188172087713,14.596974964645197,14.84807014465332,1520500,0.0,0.0
2016-02-12 00:00:00-05:00,14.94850911595455,15.305621336313603,14.915029047087113,15.288881301879883,1066600,0.0,0.0
2016-02-16 00:00:00-05:00,15.467440743041513,15.980790202498921,15.33910364424681,15.975210189819336,1434300,0.0,0.0
2016-02-17 00:00:00-05:00,16.01426809603988,16.282102282486143,15.785492928748893,16.21514320373535,1016900,0.0,0.0
2016-02-18 00:00:00-05:00,16.10354412128979,16.443916291074633,15.9975260367937,16.332319259643555,1194700,0.0,0.0
2016-02-19 00:00:00-05:00,16.231880844165538,16.287679890843897,15.94172665286071,16.153762817382812,966100,0.0,0.0
2016-02-22 00:00:00-05:00,16.326745925490975,16.477403097028606,16.153769764250782,16.432764053344727,866400,0.0,0.0
2016-02-23 00:00:00-05:00,16.388123156820196,16.538779247045902,16.254204976630586,16.326744079589844,879800,0.0,0.0
2016-02-24 00:00:00-05:00,16.243048647825084,16.276527666159392,16.07007141382709,16.254207611083984,1180500,0.0,0.0
2016-02-25 00:00:00-05:00,16.360220664105583,16.71175397243665,16.06448747613648,16.700593948364258,1152100,0.0,0.0
2016-02-26 00:00:00-05:00,16.655959735381085,16.739657811583246,16.42160448344777,16.494142532348633,907100,0.0,0.0
2016-02-29 00:00:00-05:00,16.516457782040415,16.722912905659282,16.332321642252403,16.393699645996094,1372300,0.0,0.0
2016-03-01 00:00:00-05:00,16.471819573947776,16.756393815903937,16.46623956164136,16.72291374206543,1311700,0.0,0.0
2016-03-02 00:00:00-05:00,16.67827267956772,16.73965174319519,16.47181757073088,16.734071731567383,1238000,0.0,0.0
2016-03-03 00:00:00-05:00,16.731235416204303,17.179292748295996,16.538400751984188,17.12824821472168,1532800,0.485,0.0
2016-03-04 00:00:00-05:00,17.12257636581715,17.332425151984634,16.93541343788025,17.009143829345703,1014400,0.0,0.0
2016-03-07 00:00:00-05:00,16.884373275523608,17.491235014667346,16.83900046554388,17.485563278198242,1362900,0.0,0.0
2016-03-08 00:00:00-05:00,17.411826641318658,17.610331937887878,17.321081053809092,17.547945022583008,1572500,0.0,0.0
2016-03-09 00:00:00-05:00,17.604666197281382,17.90526063411404,17.423173889849455,17.842872619628906,1849600,0.0,0.0
2016-03-10 00:00:00-05:00,17.86555632590554,17.927944329083946,17.19630674124828,17.355112075805664,1716000,0.0,0.0
2016-03-11 00:00:00-05:00,17.54227472736167,18.052718969424504,17.394812865117235,18.030033111572266,1381400,0.0,0.0
2016-03-14 00:00:00-04:00,18.018688266279987,18.126447975954584,17.655704832397568,17.96764373779297,1003700,0.0,0.0
2016-03-15 00:00:00-04:00,17.831531298411967,17.93362038940892,17.621681380054554,17.689741134643555,875400,0.0,0.0
2016-03-16 00:00:00-04:00,17.621681742476014,17.916605548805492,17.53093612233973,17.854217529296875,1066500,0.0,0.0
2016-03-17 00:00:00-04:00,17.933614981279142,18.534804791463632,17.87122698186761,18.500774383544922,1484300,0.0,0.0
2016-03-18 00:00:00-04:00,18.52346545666269,18.812716416124186,18.364661178020775,18.591524124145508,2280900,0.0,0.0
2016-03-21 00:00:00-04:00,18.472421805814992,18.48943593261953,18.109439343677334,18.370332717895508,893200,0.0,0.0
2016-03-22 00:00:00-04:00,18.296602062345002,18.710631250842344,18.251230334284752,18.693614959716797,1208700,0.0,0.0
2016-03-23 00:00:00-04:00,18.653906801077735,18.710624144043063,18.51211668898253,18.6312198638916,1187000,0.0,0.0
2016-03-24 00:00:00-04:00,18.546150603497477,18.61420926438644,18.364659398763028,18.585851669311523,801900,0.0,0.0
2016-03-28 00:00:00-04:00,18.619880831154855,18.920475213145735,18.60853736117747,18.76734161376953,769300,0.0,0.0
2016-03-29 00:00:00-04:00,18.716297662080223,19.01122140001728,18.41570327075115,18.9998779296875,1131300,0.0,0.0
2016-03-30 00:00:00-04:00,19.050927644749752,19.198388472043135,18.943167892633294,19.062271118164062,798200,0.0,0.0
2016-03-31 00:00:00-04:00,19.045254277141836,19.368535650991586,18.999880389947332,19.2324161529541,1221100,0.0,0.0
2016-04-01 00:00:00-04:00,18.863758143785297,19.028235215584857,18.30227043460156,18.56316375732422,2170800,0.0,0.0
2016-04-04 00:00:00-04:00,18.5574951171875,18.60286683914814,18.421375624213695,18.5574951171875,1104900,0.0,0.0
2016-04-05 00:00:00-04:00,18.495103730664578,18.6085362601814,18.347640793229047,18.500774383544922,1206000,0.0,0.0
2016-04-06 00:00:00-04:00,18.4837646197354,18.4837646197354,18.217198437047763,18.438390731811523,788000,0.0,0.0
2016-04-07 00:00:00-04:00,18.37033135583529,18.455406310642392,18.268242275485157,18.30794334411621,918100,0.0,0.0
2016-04-08 00:00:00-04:00,18.432716234851814,18.631221544270435,18.41002929561951,18.534805297851562,1502900,0.0,0.0
2016-04-11 00:00:00-04:00,18.60286521911621,18.76167164101364,18.534806560329173,18.60286521911621,1188300,0.0,0.0
2016-04-12 00:00:00-04:00,18.670925490037142,18.8354025795578,18.574509228725958,18.807044982910156,1038700,0.0,0.0
2016-04-13 00:00:00-04:00,18.89779156306428,18.89779156306428,18.687942740814716,18.82973289489746,1356000,0.0,0.0
2016-04-14 00:00:00-04:00,18.773017822470102,18.875106918932055,18.67092872600815,18.869436264038086,1824200,0.0,0.0
2016-04-15 00:00:00-04:00,18.824057777806598,19.11898152189956,18.65958286345608,19.039579391479492,1689900,0.0,0.0
2016-04-18 00:00:00-04:00,19.306140787700166,19.890315315004425,19.23240932894338,19.708824157714844,2874400,0.0,0.0
2016-04-19 00:00:00-04:00,19.708833805803028,19.981070675005828,19.55570016121152,19.856294631958008,3121200,0.0,0.0
2016-04-20 00:00:00-04:00,19.907340146866066,20.12286182344733,19.861968414902147,19.878982543945312,3443700,0.0,0.0
2016-04-21 00:00:00-04:00,19.907332838803484,19.992407779880804,19.572708054669327,19.9697208404541,10341300,0.0,0.0
2016-04-22 00:00:00-04:00,19.947037404573777,20.34972307771673,19.90733633537667,20.17390251159668,3870600,0.0,0.0
2016-04-25 00:00:00-04:00,20.100170635351006,20.14554452128925,19.99241090156663,20.134201049804688,1871500,0.0,0.0
2016-04-26 00:00:00-04:00,20.236287396340476,20.417778588487824,20.145541800266802,20.40076446533203,2292900,0.0,0.0
2016-04-27 00:00:00-04:00,20.400772949298076,20.576591397813107,20.281667547038758,20.42913055419922,2289600,0.0,0.0
2016-04-28 00:00:00-04:00,20.3327015543145,20.76941536660925,20.327030901694375,20.553895950317383,2936700,0.0,0.0
2016-04-29 00:00:00-04:00,20.593600402210367,20.729717722973934,20.502854800519387,20.718374252319336,3531200,0.0,0.0
2016-05-02 00:00:00-04:00,21.18912089998639,21.330911053585286,20.70136242543882,20.75807762145996,12658100,0.0,0.0
2016-05-03 00:00:00-04:00,20.712706081877776,20.735393025906763,20.485840968680026,20.70136260986328,11558600,0.0,0.0
2016-05-04 00:00:00-04:00,20.621953271772835,21.14941263684802,20.621953271772835,21.041650772094727,3543400,0.0,0.0
2016-05-05 00:00:00-04:00,21.138071060180664,21.200459058294847,20.95657988214604,21.138071060180664,1444700,0.0,0.0
2016-05-06 00:00:00-04:00,21.092694705787018,21.597469284158585,21.052993650477887,21.552095413208008,2093000,0.0,0.0
2016-05-09 00:00:00-04:00,21.512402392847434,21.91508591198373,21.512402392847434,21.637178421020508,2755900,0.0,0.0
2016-05-10 00:00:00-04:00,21.63717792185219,21.693893116870047,21.37628239955042,21.603147506713867,2883600,0.0,0.0
2016-05-11 00:00:00-04:00,21.580458328624406,21.580458328624406,21.155087919399698,21.262849807739258,2606600,0.0,0.0
2016-05-12 00:00:00-04:00,21.26851525538235,21.671198624966728,21.26851525538235,21.597469329833984,1696500,0.0,0.0
2016-05-13 00:00:00-04:00,21.563443234884012,21.620158421478518,21.313893384904233,21.48971176147461,1296500,0.0,0.0
2016-05-16 00:00:00-04:00,21.523744402254163,21.682548672013613,21.444342267374438,21.580459594726562,1866800,0.0,0.0
2016-05-17 00:00:00-04:00,21.540758462396294,21.637176885564013,21.240164048815462,21.381954193115234,1847900,0.0,0.0
2016-05-18 00:00:00-04:00,21.302553455574714,21.313896927488152,20.56524292602362,20.75807762145996,2642100,0.0,0.0
2016-05-19 00:00:00-04:00,20.599271411927692,20.701360486038396,20.281660718744845,20.604944229125977,2543000,0.0,0.0
2016-05-20 00:00:00-04:00,20.724050739178562,20.79778006617053,20.434797595130654,20.525543212890625,1968700,0.0,0.0
2016-05-23 00:00:00-04:00,20.508519777010708,20.531206712039825,20.253297166796173,20.417774200439453,1713200,0.0,0.0
2016-05-24 00:00:00-04:00,20.542557681278033,20.831808636119593,20.47449685133626,20.769420623779297,1859100,0.0,0.0
2016-05-25 00:00:00-04:00,20.865844415364908,20.91688896917098,20.650322725567438,20.729724884033203,1198800,0.0,0.0
2016-05-26 00:00:00-04:00,20.786438191972493,20.984943549317858,20.786438191972493,20.882854461669922,1600800,0.0,0.0
2016-05-27 00:00:00-04:00,20.882853023575684,21.160762668267125,20.724048748635422,20.871509552001953,3479900,0.0,0.0
2016-05-31 00:00:00-04:00,20.87150879498494,20.922553333442334,20.61628610269798,20.837480545043945,5351900,0.0,0.0
2016-06-01 00:00:00-04:00,20.729722529206843,20.8941996465142,20.678677981199257,20.786439895629883,2354800,0.0,0.0
2016-06-02 00:00:00-04:00,20.760571228178666,21.065199050136375,20.74907563182547,21.047954559326172,2141200,0.485,0.0
2016-06-03 00:00:00-04:00,21.157157918586893,21.31234515330245,20.938746011295326,21.099679946899414,2229400,0.0,0.0
2016-06-06 00:00:00-04:00,21.139914838910542,21.208888409529784,20.921505109631337,20.93874740600586,2424200,0.0,0.0
2016-06-07 00:00:00-04:00,21.070943822216673,21.18014868872913,21.036457036315607,21.093935012817383,2020100,0.0,0.0
2016-06-08 00:00:00-04:00,21.08818296247799,21.318090448952088,21.053698374299078,21.28360366821289,2123000,0.0,0.0
2016-06-09 00:00:00-04:00,21.254875270446565,21.3525867632205,21.076696779247772,21.3295955657959,1563800,0.0,0.0
2016-06-10 00:00:00-04:00,21.197399718555676,21.4215584146767,21.105437120337786,21.37557601928711,2448300,0.0,0.0
2016-06-13 00:00:00-04:00,21.392817712877502,21.921602035256317,21.352584218460027,21.80664825439453,3079000,0.0,0.0
2016-06-14 00:00:00-04:00,21.720428843301278,21.973325340550527,21.599728391834166,21.864120483398438,2581000,0.0,0.0
2016-06-15 00:00:00-04:00,21.87561869952273,22.185991012985024,21.800898423800003,22.163002014160156,2233600,0.0,0.0
2016-06-16 00:00:00-04:00,22.04805198042662,22.111276671154478,21.864126803342522,22.04230308532715,1562800,0.0,0.0
2016-06-17 00:00:00-04:00,21.984827041625977,22.076789629130335,21.78940626910908,21.984827041625977,1810600,0.0,0.0
2016-06-20 00:00:00-04:00,21.984826806641,22.12277178270363,21.875621920322132,21.904359817504883,1232900,0.0,0.0
2016-06-21 00:00:00-04:00,21.9905756602488,22.071044849817707,21.869875164737284,21.97333335876465,1070900,0.0,0.0
2016-06-22 00:00:00-04:00,21.956085329131394,22.076785793153228,21.93884083958495,21.996318817138672,990000,0.0,0.0
2016-06-23 00:00:00-04:00,22.157255298802617,22.26646237234224,22.099779507247693,22.185993194580078,874000,0.0,0.0
2016-06-24 00:00:00-04:00,21.473286240888466,21.806649817465594,21.473286240888466,21.685949325561523,4617100,0.0,0.0
2016-06-27 00:00:00-04:00,21.61122369404578,21.869869107477626,21.427298553952163,21.829635620117188,1735000,0.0,0.0
2016-06-28 00:00:00-04:00,21.979077006865023,22.25496472755027,21.944590219569104,22.16874885559082,1862000,0.0,0.0
2016-06-29 00:00:00-04:00,22.27795513683581,22.76650812126623,22.27795513683581,22.73202133178711,1933300,0.0,0.0
2016-06-30 00:00:00-04:00,22.73201205794914,22.89869485025642,22.61131163285489,22.892948150634766,1802300,0.0,0.0
2016-07-01 00:00:00-04:00,22.944683069327514,22.990665452661982,22.829731496112778,22.956178665161133,1795900,0.0,0.0
2016-07-05 00:00:00-04:00,22.938937073364677,23.312536275487805,22.938937073364677,23.243562698364258,1821600,0.0,0.0
2016-07-06 00:00:00-04:00,23.1745944290873,23.341277307368,22.81249077447501,22.99066925048828,2164300,0.0,0.0
2016-07-07 00:00:00-04:00,23.0021639617944,23.030901858737828,22.54809773538079,22.57683563232422,1543800,0.0,0.0
2016-07-08 00:00:00-04:00,22.76076159531303,23.042398257298625,22.55959411715266,22.90445327758789,3934100,0.0,0.0
2016-07-11 00:00:00-04:00,22.99066766663276,23.180341727311724,22.910200680609293,23.168846130371094,1091400,0.0,0.0
2016-07-12 00:00:00-04:00,23.278053951145424,23.58842853004205,23.168849055264555,23.54244613647461,1474200,0.0,0.0
2016-07-13 00:00:00-04:00,23.611420975561213,23.66889677799903,23.203334885031953,23.28955078125,1246800,0.0,0.0
2016-07-14 00:00:00-04:00,23.433244238306347,23.59992714746954,23.11137401984241,23.140111923217773,1123800,0.0,0.0
2016-07-15 00:00:00-04:00,23.11712225689011,23.157355758980692,22.732027346444116,22.898710250854492,1887900,0.0,0.0
2016-07-18 00:00:00-04:00,22.9446865391316,22.95618213670363,22.800994858322724,22.823986053466797,737400,0.0,0.0
2016-07-19 00:00:00-04:00,22.806747719246506,23.04240202904846,22.72053181874471,22.984926223754883,2199700,0.0,0.0
2016-07-20 00:00:00-04:00,23.007906206475838,23.099868774414062,22.967672720037896,23.099868774414062,903500,0.0,0.0
2016-07-21 00:00:00-04:00,23.042398668809376,23.151603559966556,22.98492287189741,23.145856857299805,579000,0.0,0.0
2016-07-22 00:00:00-04:00,23.180335246283384,23.66888592058027,23.134352871377164,23.59991455078125,1135300,0.0,0.0
2016-07-25 00:00:00-04:00,23.571180311800262,23.64590059326055,23.41024634486505,23.628658294677734,1288700,0.0,0.0
2016-07-26 00:00:00-04:00,23.64015413120664,23.73211671218318,23.513704760153566,23.709125518798828,1355500,0.0,0.0
2016-07-27 00:00:00-04:00,23.64015761010914,23.70338230493987,23.381512127874885,23.56543731689453,1087300,0.0,0.0
2016-07-28 00:00:00-04:00,23.490705867710492,23.737855634186992,23.28378958018969,23.703371047973633,974400,0.0,0.0
2016-07-29 00:00:00-04:00,23.65164783627265,23.81832849357614,23.559685262651147,23.686132431030273,3015900,0.0,0.0
2016-08-01 00:00:00-04:00,23.697633401251565,23.852820690538316,23.51945491520503,23.576932907104492,1267600,0.0,0.0
2016-08-02 00:00:00-04:00,23.50220041243141,23.6976210983119,23.140096925419904,23.26654624938965,1097900,0.0,0.0
2016-08-03 00:00:00-04:00,23.278047053302902,23.301038243273783,22.95043027017978,23.12860870361328,1995700,0.0,0.0
2016-08-04 00:00:00-04:00,23.1113667773574,23.18034035491758,21.70318802763531,21.812395095825195,3371400,0.0,0.0
2016-08-05 00:00:00-04:00,21.88137023292322,21.93309932868318,21.341090271422328,21.71468734741211,3741800,0.0,0.0
2016-08-08 00:00:00-04:00,21.720434746381258,21.720434746381258,21.065201040271468,21.145668029785156,2595800,0.0,0.0
2016-08-09 00:00:00-04:00,21.17440211238643,21.180148813790233,20.910009996598955,21.13416862487793,2020800,0.0,0.0
2016-08-10 00:00:00-04:00,21.185897582659614,21.40430950824514,21.001972442975156,21.093935012817383,2016900,0.0,0.0
2016-08-11 00:00:00-04:00,21.134170873893463,21.312349332221185,20.96748801215729,21.289358139038086,2339300,0.0,0.0
2016-08-12 00:00:00-04:00,21.289352681595428,21.599727132321394,21.289352681595428,21.35832405090332,1280900,0.0,0.0
2016-08-15 00:00:00-04:00,21.358329652917693,21.490525725664604,21.289358265519493,21.318096160888672,1242700,0.0,0.0
2016-08-16 00:00:00-04:00,21.30085364681166,21.341087138433892,21.162908680849117,21.191646575927734,1124600,0.0,0.0
2016-08-17 00:00:00-04:00,21.2836111809976,21.36407817189905,21.019219013018255,21.243377685546875,1485500,0.0,0.0
2016-08-18 00:00:00-04:00,21.19164536526166,21.519262174075187,21.19164536526166,21.51351547241211,1346800,0.0,0.0
2016-08-19 00:00:00-04:00,21.53076016617878,21.67445184191552,21.502022269543623,21.651460647583008,1897400,0.0,0.0
2016-08-22 00:00:00-04:00,21.662956576457546,21.81814385173681,21.421555609952698,21.80664825439453,1289100,0.0,0.0
2016-08-23 00:00:00-04:00,21.881368622734275,21.973331209255694,21.795152738625006,21.904359817504883,1313800,0.0,0.0
2016-08-24 00:00:00-04:00,21.85261917224029,21.88710594616331,21.680189687744896,21.841123580932617,1270300,0.0,0.0
2016-08-25 00:00:00-04:00,21.85262741306036,22.13426183234571,21.85262741306036,22.065290451049805,1490900,0.0,0.0
2016-08-26 00:00:00-04:00,22.08828522663851,22.39291088664151,21.835388659141778,21.984827041625977,2749400,0.0,0.0
2016-08-29 00:00:00-04:00,22.03081168256067,22.20324127767846,21.990575990890637,22.10552978515625,1130300,0.0,0.0
2016-08-30 00:00:00-04:00,22.099779002298575,22.140012493979924,22.00206752781469,22.071041107177734,1422200,0.0,0.0
2016-08-31 00:00:00-04:00,22.030802044508455,22.14000689537707,21.869865925918553,22.0767822265625,2909200,0.0,0.0
2016-09-01 00:00:00-04:00,22.117015968702074,22.249212008435688,22.013557817160923,22.157249450683594,2144400,0.0,0.0
2016-09-02 00:00:00-04:00,22.243465549521826,22.68028715545076,22.18024087927519,22.295194625854492,1247200,0.0,0.0
2016-09-06 00:00:00-04:00,22.352669646086937,22.76075334969496,22.335427352079922,22.74925994873047,1587200,0.0,0.0
2016-09-07 00:00:00-04:00,22.75500883348827,22.846971397953716,22.594074893813865,22.77225112915039,1415100,0.0,0.0
2016-09-08 00:00:00-04:00,22.70533963591851,22.716977697965422,22.234008111818703,22.27474021911621,3019600,0.485,0.0
2016-09-09 00:00:00-04:00,22.04198408600173,22.04780200674902,21.18660545349121,21.18660545349121,2250200,0.0,0.0
2016-09-12 00:00:00-04:00,21.134236799463118,21.512466047353083,21.093504692119076,21.396087646484375,2048200,0.0,0.0
2016-09-13 00:00:00-04:00,21.273887071119006,21.273887071119006,20.918934018315973,20.953845977783203,1948000,0.0,0.0
2016-09-14 00:00:00-04:00,21.000399597750114,21.163328005266205,20.66872264260203,20.732730865478516,1918300,0.0,0.0
2016-09-15 00:00:00-04:00,20.69200043170788,21.064409518757152,20.610534001649253,20.97712516784668,2183100,0.0,0.0
2016-09-16 00:00:00-04:00,20.820016111840115,21.00040274702206,20.7443720368542,20.843292236328125,5534800,0.0,0.0
2016-09-19 00:00:00-04:00,20.96548902089498,21.250616002803703,20.901480787013426,21.2331600189209,1181500,0.0,0.0
2016-09-20 00:00:00-04:00,21.349533173590757,21.49500560458486,21.291345089086374,21.297163009643555,1387100,0.0,0.0
2016-09-21 00:00:00-04:00,21.343719416672595,21.51828592397256,20.977128197529172,21.48337173461914,1191600,0.0,0.0
2016-09-22 00:00:00-04:00,21.64047670376377,21.873233466923093,21.64047670376377,21.774311065673828,1227000,0.0,0.0
2016-09-23 00:00:00-04:00,21.75685335460276,22.007066078188256,21.588104825722716,21.908145904541016,989700,0.0,0.0
2016-09-26 00:00:00-04:00,21.87905902401177,22.135091996801982,21.762682821543976,22.030351638793945,1058300,0.0,0.0
2016-09-27 00:00:00-04:00,22.05361953432681,22.20490987289689,21.943059075628533,22.088531494140625,1200900,0.0,0.0
2016-09-28 00:00:00-04:00,22.15254879647708,22.38530564942506,21.98380018907649,22.367847442626953,1390900,0.0,0.0
2016-09-29 00:00:00-04:00,22.245649801498196,22.245649801498196,21.84414658420611,21.96634292602539,1148700,0.0,0.0
2016-09-30 00:00:00-04:00,22.041982505727592,22.117626568685218,21.832501858112202,21.838319778442383,1322200,0.0,0.0
2016-10-03 00:00:00-04:00,21.826679863833636,21.826679863833636,21.227334232753016,21.2506103515625,1339600,0.0,0.0
2016-10-04 00:00:00-04:00,21.227338551621248,21.238976613393845,20.441788249704118,20.59307861328125,1822200,0.0,0.0
2016-10-05 00:00:00-04:00,20.668720628580513,20.802554981675094,19.93553842673541,19.94135856628418,2230200,0.0,0.0
2016-10-06 00:00:00-04:00,19.824983204216466,19.906447412412582,19.539858475530053,19.70860481262207,2328500,0.0,0.0
2016-10-07 00:00:00-04:00,19.80752743390861,20.057740201601963,19.417660150863973,19.534038543701172,1852100,0.0,0.0
2016-10-10 00:00:00-04:00,19.57476969824284,19.75515630937274,19.528219675207026,19.73188018798828,1486000,0.0,0.0
2016-10-11 00:00:00-04:00,19.726068960710446,19.83080932274659,19.56895841765623,19.603870391845703,1817500,0.0,0.0
2016-10-12 00:00:00-04:00,19.63296429761422,20.156663824957175,19.54567993319026,20.13920783996582,2147100,0.0,0.0
2016-10-13 00:00:00-04:00,20.08683638992521,20.58144183763506,19.982096047159967,20.494159698486328,1939000,0.0,0.0
2016-10-14 00:00:00-04:00,20.49415612035184,20.53488822212307,20.005368679364015,20.011186599731445,1877700,0.0,0.0
2016-10-17 00:00:00-04:00,20.022821087879368,20.05773526305404,19.842434512409223,19.85407257080078,1449100,0.0,0.0
2016-10-18 00:00:00-04:00,20.02864261478703,20.02864261478703,19.772611943254272,19.87153434753418,1454300,0.0,0.0
2016-10-19 00:00:00-04:00,19.92972183227539,20.022824093651444,19.59222474745407,19.92972183227539,2416800,0.0,0.0
2016-10-20 00:00:00-04:00,19.947181247836124,19.982095434264796,19.65623635346403,19.81334686279297,755100,0.0,0.0
2016-10-21 00:00:00-04:00,19.662055776333098,19.883172289772553,19.60968560846937,19.766796112060547,821400,0.0,0.0
2016-10-24 00:00:00-04:00,19.830802971015192,19.96463734192054,19.696966380376693,19.9180850982666,1320100,0.0,0.0
2016-10-25 00:00:00-04:00,19.906445711998124,20.00536811331,19.81334345062207,19.92972183227539,668800,0.0,0.0
2016-10-26 00:00:00-04:00,19.87735393117384,19.87735393117384,19.632961299679042,19.790069580078125,742000,0.0,0.0
2016-10-27 00:00:00-04:00,19.772614131180536,19.778434271935,18.94051158195695,19.062707901000977,1918900,0.0,0.0
2016-10-28 00:00:00-04:00,19.103443145751953,19.394388044933798,19.0394349127746,19.103443145751953,1063100,0.0,0.0
2016-10-31 00:00:00-04:00,19.202358948654492,19.73187845511595,19.115074610994714,19.627138137817383,1655800,0.0,0.0
2016-11-01 00:00:00-04:00,19.371107425803384,20.162477723122613,19.132532752617404,19.301279067993164,2377800,0.0,0.0
2016-11-02 00:00:00-04:00,19.301288306931006,19.3478405677543,18.66121025874851,18.684486389160156,1892500,0.0,0.0
2016-11-03 00:00:00-04:00,18.68447576354971,18.771757873356268,18.37025484088761,18.67865562438965,1781900,0.0,0.0
2016-11-04 00:00:00-04:00,18.736848798317418,18.97542348671108,18.62628833460347,18.876501083374023,1247900,0.0,0.0
2016-11-07 00:00:00-05:00,19.126716059232074,19.38856689886906,19.056889908573314,19.371110916137695,1223100,0.0,0.0
2016-11-08 00:00:00-05:00,19.411847874602014,19.708610753881846,19.324563499660606,19.603870391845703,1275300,0.0,0.0
2016-11-09 00:00:00-05:00,19.097626485969172,19.248919104173144,18.754311353563327,19.074350357055664,2302600,0.0,0.0
2016-11-10 00:00:00-05:00,19.056887872026966,19.126714015223637,18.271336546931938,18.306249618530273,2543300,0.0,0.0
2016-11-11 00:00:00-05:00,18.312070967094094,18.539008735880078,18.172417553154006,18.35280418395996,2258700,0.0,0.0
2016-11-14 00:00:00-05:00,18.346983516655886,18.44590481477423,17.89310912943056,18.428447723388672,2364600,0.0,0.0
2016-11-15 00:00:00-05:00,18.54482887551564,18.83577267288414,18.294616077714654,18.51573371887207,1800100,0.0,0.0
2016-11-16 00:00:00-05:00,18.445903247500464,18.789218246513656,18.277154708044343,18.76012420654297,1318400,0.0,0.0
2016-11-17 00:00:00-05:00,18.70775630452499,18.812496636846845,18.521550652693577,18.620471954345703,1302100,0.0,0.0
2016-11-18 00:00:00-05:00,18.603013409652487,18.608832439867815,18.20732934380903,18.358619689941406,1780200,0.0,0.0
2016-11-21 00:00:00-05:00,18.498277582410083,19.115079360039694,18.486639519848502,18.963788986206055,1618300,0.0,0.0
2016-11-22 00:00:00-05:00,19.080171823935,19.272194351469473,19.033619562875742,19.248920440673828,1291500,0.0,0.0
2016-11-23 00:00:00-05:00,19.074346894596975,19.34783581035122,19.045252848603283,19.26055145263672,872500,0.0,0.0
2016-11-25 00:00:00-05:00,19.28382756096963,19.708606847370863,19.28382756096963,19.586410522460938,568400,0.0,0.0
2016-11-28 00:00:00-05:00,19.57476842007727,19.78424905939282,19.347831800729743,19.36528778076172,1383300,0.0,0.0
2016-11-29 00:00:00-05:00,19.371107484272507,19.74933443475474,19.307099265953056,19.627138137817383,1837400,0.0,0.0
2016-11-30 00:00:00-05:00,19.609679492658127,19.621317550746344,18.99869587128871,19.202356338500977,2912700,0.0,0.0
2016-12-01 00:00:00-05:00,19.196540682085082,19.196540682085082,18.765941360995285,18.923051834106445,2084100,0.0,0.0
2016-12-02 00:00:00-05:00,18.96960821651703,19.667876480258006,18.96960821651703,19.621326446533203,1877400,0.0,0.0
2016-12-05 00:00:00-05:00,19.627141591179512,19.778434173778408,19.435119122168057,19.766796112060547,1561900,0.0,0.0
2016-12-06 00:00:00-05:00,19.795886000156013,19.89480617438866,19.621319550506566,19.667869567871094,995500,0.0,0.0
2016-12-07 00:00:00-05:00,19.691152856861912,20.209034474623696,19.47003408959572,20.203216552734375,2122800,0.0,0.0
2016-12-08 00:00:00-05:00,20.110115838550147,20.412698854354314,20.06938372293553,20.360328674316406,1251200,0.0,0.0
2016-12-09 00:00:00-05:00,20.33704587021838,20.41269215427341,20.110109237786375,20.162479400634766,1154700,0.0,0.0
2016-12-12 00:00:00-05:00,19.999551318584576,20.005371459493894,19.667874318221358,19.8657169342041,1814600,0.0,0.0
2016-12-13 00:00:00-05:00,19.830228264577393,19.853885506288627,19.522690890567546,19.611404418945312,1696000,0.55,0.0
2016-12-14 00:00:00-05:00,19.593661222518314,19.63506026452998,19.01407237827642,19.055471420288086,2474400,0.0,0.0
2016-12-15 00:00:00-05:00,18.889879354504128,18.895793666148982,18.564598982274628,18.777509689331055,3207100,0.0,0.0
2016-12-16 00:00:00-05:00,18.836649579982904,19.055474574314584,18.789336220132743,18.960847854614258,3880800,0.0,0.0
2016-12-19 00:00:00-05:00,18.801169427103453,19.085049655433654,18.795255114674937,18.913537979125977,1410500,0.0,0.0
2016-12-20 00:00:00-05:00,18.80707275177641,18.966755719512346,18.70653174928036,18.90761375427246,1181700,0.0,0.0
2016-12-21 00:00:00-05:00,18.984502352188937,19.286126564498307,18.937190121600132,19.067302703857422,1397100,0.0,0.0
2016-12-22 00:00:00-05:00,19.055472445575134,19.232897243182762,18.907616943516306,19.1678409576416,986800,0.0,0.0
2016-12-23 00:00:00-05:00,19.161926192044763,19.268381513028896,19.102783093676624,19.24472427368164,824100,0.0,0.0
2016-12-27 00:00:00-05:00,19.345271123757964,19.380756995558663,19.114618597251763,19.191503524780273,646200,0.0,0.0
2016-12-28 00:00:00-05:00,19.197416164944077,19.28021427405446,18.949021837612914,18.996334075927734,768800,0.0,0.0
2016-12-29 00:00:00-05:00,19.01407304980554,19.238810069783554,18.86621755048025,19.15009880065918,921800,0.0,0.0
2016-12-30 00:00:00-05:00,19.19149815681859,19.39258019528685,19.090956009545106,19.209239959716797,1995600,0.0,0.0
2017-01-03 00:00:00-05:00,19.404412619841075,19.5818374518406,19.085046568594443,19.5759220123291,1812100,0.0,0.0
2017-01-04 00:00:00-05:00,19.635060117873493,20.084536394676633,19.439891273208882,20.05496597290039,1346300,0.0,0.0
2017-01-05 00:00:00-05:00,19.94260121390427,20.14959646130024,19.871629481015088,20.09636878967285,1465300,0.0,0.0
2017-01-06 00:00:00-05:00,20.096364848863043,20.1081934686917,19.729686658488895,19.812484741210938,1102000,0.0,0.0
2017-01-09 00:00:00-05:00,19.87162569672221,19.87162569672221,19.534517925972853,19.670543670654297,1271700,0.0,0.0
2017-01-10 00:00:00-05:00,19.60549115118298,19.72377284706661,19.33343738484593,19.694202423095703,1077000,0.0,0.0
2017-01-11 00:00:00-05:00,19.717860105904215,19.83614406051326,19.552263923098824,19.629146575927734,1220500,0.0,0.0
2017-01-12 00:00:00-05:00,19.62323423204485,19.942600246313958,19.58774836732199,19.924856185913086,842300,0.0,0.0
2017-01-13 00:00:00-05:00,19.865715921007663,19.960342640318608,19.58774894599722,19.753347396850586,863700,0.0,0.0
2017-01-17 00:00:00-05:00,19.812488279216506,20.10819705950332,19.753347425590725,20.07862663269043,799100,0.0,0.0
2017-01-18 00:00:00-05:00,19.98990882386874,20.309274779781582,19.94850978396283,20.167333602905273,881000,0.0,0.0
2017-01-19 00:00:00-05:00,20.1377674829231,20.167337909731007,19.85980276363402,20.060882568359375,932000,0.0,0.0
2017-01-20 00:00:00-05:00,20.07862804623841,20.534019870669447,20.013571749022677,20.51036262512207,1610600,0.0,0.0
2017-01-23 00:00:00-05:00,20.427565467669655,20.723274282467145,20.356593727741224,20.681875228881836,1169700,0.0,0.0
2017-01-24 00:00:00-05:00,20.699613398650975,20.924352690109824,20.664127534922056,20.882953643798828,1508800,0.0,0.0
2017-01-25 00:00:00-05:00,20.91252406886685,20.9302658726919,20.735099262379894,20.882953643798828,1547100,0.0,0.0
2017-01-26 00:00:00-05:00,20.83563937714981,21.391571044921875,20.83563937714981,21.391571044921875,1561800,0.0,0.0
2017-01-27 00:00:00-05:00,21.444801783893354,21.456630406954112,21.2732923897103,21.397489547729492,1313300,0.0,0.0
2017-01-30 00:00:00-05:00,21.33834742501878,21.33834742501878,21.02489457266682,21.16683578491211,1976600,0.0,0.0
2017-01-31 00:00:00-05:00,21.184577187809392,21.338347019492712,21.12543633321057,21.172748565673828,3226400,0.0,0.0
2017-02-01 00:00:00-05:00,21.166834891355748,21.332431085252093,20.877039295958205,21.279203414916992,2156800,0.0,0.0
2017-02-02 00:00:00-05:00,21.26146262043177,21.45071606704278,21.190493141972404,21.409317016601562,935900,0.0,0.0
2017-02-03 00:00:00-05:00,21.521684907425566,21.722766970497947,21.47437267521505,21.639968872070312,1249200,0.0,0.0
2017-02-06 00:00:00-05:00,21.634057143470454,21.70502662459679,21.52168635426803,21.68728256225586,1407600,0.0,0.0
2017-02-07 00:00:00-05:00,21.699106972080408,21.817390921711347,21.651794745875243,21.710935592651367,1635400,0.0,0.0
2017-02-08 00:00:00-05:00,21.63996873146144,21.781909939328653,21.580827877562832,21.7641658782959,1239700,0.0,0.0
2017-02-09 00:00:00-05:00,21.76416838360271,21.988907715229647,21.687283459821003,21.90019416809082,1261600,0.0,0.0
2017-02-10 00:00:00-05:00,21.882451361843884,22.178160164030963,21.770082829201275,22.11310386657715,899100,0.0,0.0
2017-02-13 00:00:00-05:00,22.130848170929326,22.326017085321762,22.018479625602374,22.24913215637207,1110800,0.0,0.0
2017-02-14 00:00:00-05:00,22.178158077763197,22.249127551909947,21.894277925097295,21.912019729614258,1199700,0.0,0.0
2017-02-15 00:00:00-05:00,21.811485356787575,22.095365581395374,21.799656732085648,22.036222457885742,932400,0.0,0.0
2017-02-16 00:00:00-05:00,21.971161726665937,22.16041515220265,21.829220529474007,21.882448196411133,1776300,0.0,0.0
2017-02-17 00:00:00-05:00,21.87061874114592,22.0362149181549,21.79964927329617,21.971160888671875,1762700,0.0,0.0
2017-02-21 00:00:00-05:00,21.97116431431474,22.308272159259733,21.93567844681772,22.302356719970703,1512900,0.0,0.0
2017-02-22 00:00:00-05:00,22.25504370881734,22.29644275807851,21.906107253559618,21.965248107910156,1993800,0.0,0.0
2017-02-23 00:00:00-05:00,22.08944692063495,22.29644443862175,21.71094000967287,21.846965789794922,1906300,0.0,0.0
2017-02-24 00:00:00-05:00,21.728680325927627,21.917933748779404,21.722764887419206,21.823307037353516,1405500,0.0,0.0
2017-02-27 00:00:00-05:00,21.82331524866978,21.8765429348794,21.59266043770836,21.675460815429688,1588900,0.0,0.0
2017-02-28 00:00:00-05:00,21.622221450929136,21.716848146851166,21.486195716546113,21.498022079467773,2419100,0.0,0.0
2017-03-01 00:00:00-05:00,21.58082655622876,21.634054223910113,21.391570871967094,21.57491111755371,1443100,0.0,0.0
2017-03-02 00:00:00-05:00,21.539423786161134,21.592651450215843,21.367914429610334,21.50985336303711,1449100,0.0,0.0
2017-03-03 00:00:00-05:00,21.503938674926758,21.509851856705996,21.27328623220179,21.503938674926758,1265100,0.0,0.0
2017-03-06 00:00:00-05:00,21.438882504363615,21.46845292556772,21.26145772106045,21.361997604370117,1361700,0.0,0.0
2017-03-07 00:00:00-05:00,21.279204313216983,21.362002413660473,21.066293622888566,21.16683578491211,1065600,0.0,0.0
2017-03-08 00:00:00-05:00,21.001229805849526,21.018973861074123,20.54584041651902,20.557666778564453,1189500,0.0,0.0
2017-03-09 00:00:00-05:00,20.563584456962722,20.61681211628153,20.072706903680558,20.167333602905273,1777100,0.0,0.0
2017-03-10 00:00:00-05:00,20.167336979348725,20.433475320500012,19.88345683414697,20.250137329101562,1584600,0.0,0.0
2017-03-13 00:00:00-04:00,20.3102418716934,20.466519724711954,20.244123524793697,20.442476272583008,1287400,0.55,0.0
2017-03-14 00:00:00-04:00,20.268169847488075,20.436469450407248,20.09385823423029,20.412425994873047,1352600,0.0,0.0
2017-03-15 00:00:00-04:00,20.36434239551686,20.839188055067613,20.36434239551686,20.73099708557129,1107600,0.0,0.0
2017-03-16 00:00:00-04:00,20.7370083459883,20.857223345706544,20.610783628093824,20.779083251953125,1536000,0.0,0.0
2017-03-17 00:00:00-04:00,20.85722187280756,21.09764956235508,20.779081784572252,21.0736083984375,2214600,0.0,0.0
2017-03-20 00:00:00-04:00,21.05557744617772,21.14573927476033,20.899299541933143,20.95940589904785,1043800,0.0,0.0
2017-03-21 00:00:00-04:00,21.06759951712748,21.181804807568422,20.755041410669534,20.76706314086914,1245800,0.0,0.0
2017-03-22 00:00:00-04:00,20.821158000474426,21.18781271503286,20.700943001665213,21.0495662689209,1673900,0.0,0.0
2017-03-23 00:00:00-04:00,21.007490038616105,21.332069827061012,20.91732822196688,21.0736083984375,1352800,0.0,0.0
2017-03-24 00:00:00-04:00,21.08563241542863,21.27797550510714,20.85121212527936,20.875255584716797,1331900,0.0,0.0
2017-03-27 00:00:00-04:00,20.827166298291722,20.983444163844034,20.62881124168419,20.785091400146484,1226500,0.0,0.0
2017-03-28 00:00:00-04:00,20.797112302403626,21.115682358876477,20.724984228050022,21.09764862060547,1019700,0.0,0.0
2017-03-29 00:00:00-04:00,21.109673210525408,21.289994567312398,21.06759830370546,21.271963119506836,867000,0.0,0.0
2017-03-30 00:00:00-04:00,21.19983503537413,21.34409120363954,21.109673210525408,21.271963119506836,1078600,0.0,0.0
2017-03-31 00:00:00-04:00,21.229885426976534,21.542443474419432,21.187810525677502,21.44025993347168,1095000,0.0,0.0
2017-04-03 00:00:00-04:00,21.368131483292057,21.638614624682614,21.14573525277543,21.235897064208984,1052000,0.0,0.0
2017-04-04 00:00:00-04:00,21.199832161107373,21.199832161107373,20.965414199775555,21.09764862060547,894100,0.0,0.0
2017-04-05 00:00:00-04:00,21.157756451363564,21.277971432631833,20.977435125916188,21.001476287841797,1297500,0.0,0.0
2017-04-06 00:00:00-04:00,21.04355525568993,21.229888627324996,20.94137399224878,21.217866897583008,849400,0.0,0.0
2017-04-07 00:00:00-04:00,21.22988458199607,21.416217918125543,21.16376622746916,21.350099563598633,1331300,0.0,0.0
2017-04-10 00:00:00-04:00,21.344082564961706,21.362116298378854,21.12769840014164,21.3020076751709,1218800,0.0,0.0
2017-04-11 00:00:00-04:00,21.338077545166016,21.416217626078616,21.22988429249012,21.338077545166016,1302100,0.0,0.0
2017-04-12 00:00:00-04:00,21.338076734135573,21.392173358417384,21.175786861290135,21.241905212402344,1088900,0.0,0.0
2017-04-13 00:00:00-04:00,21.241910019463095,21.35010329251094,21.103663568993174,21.211856842041016,1380700,0.0,0.0
2017-04-17 00:00:00-04:00,21.295999787720373,21.57850460877904,21.265946619990878,21.572492599487305,1480300,0.0,0.0
2017-04-18 00:00:00-04:00,21.548457935783233,22.059371167178313,21.500373306388664,21.963199615478516,1382500,0.0,0.0
2017-04-19 00:00:00-04:00,22.02330410297941,22.02330410297941,21.710746013301787,21.758832931518555,1163700,0.0,0.0
2017-04-20 00:00:00-04:00,21.80691533530472,22.035323587744987,21.716755812198723,21.951173782348633,822800,0.0,0.0
2017-04-21 00:00:00-04:00,21.927127317656126,22.023298838188875,21.74680600327096,21.84297752380371,1223600,0.0,0.0
2017-04-24 00:00:00-04:00,21.999257481445543,22.029312947465737,21.596539917368403,21.921119689941406,1144200,0.0,0.0
2017-04-25 00:00:00-04:00,21.96920933431134,21.999262514296777,21.836974883793282,21.963199615478516,708700,0.0,0.0
2017-04-26 00:00:00-04:00,21.92111752814265,21.93914897164845,21.698719024658203,21.698719024658203,1046500,0.0,0.0
2017-04-27 00:00:00-04:00,21.698714872574833,21.722758321255085,20.89928969368686,20.953386306762695,1553900,0.0,0.0
2017-04-28 00:00:00-04:00,20.917321571131254,20.92934329572276,20.779075177693212,20.893278121948242,1209000,0.0,0.0
2017-05-01 00:00:00-04:00,21.007488696598326,21.235896936050814,20.953392068646686,21.151744842529297,1059800,0.0,0.0
2017-05-02 00:00:00-04:00,21.193819870739244,21.398184656133207,21.193819870739244,21.235897064208984,1183800,0.0,0.0
2017-05-03 00:00:00-04:00,21.362120820483227,21.362120820483227,20.833176288829634,20.851207733154297,813400,0.0,0.0
2017-05-04 00:00:00-04:00,20.899293607695064,20.91732505112744,20.616788765068396,20.887271881103516,1215300,0.0,0.0
2017-05-05 00:00:00-04:00,20.977431058488325,21.199827240321486,20.965409333401446,21.193815231323242,773000,0.0,0.0
2017-05-08 00:00:00-04:00,21.217861816861877,21.23589555361184,20.881262636328536,20.977434158325195,797300,0.0,0.0
2017-05-09 00:00:00-04:00,20.977438434778367,21.079619694582355,20.761051892945908,20.917329788208008,836200,0.0,0.0
2017-05-10 00:00:00-04:00,20.941371966829234,21.133715038276897,20.941371966829234,21.085630416870117,763200,0.0,0.0
2017-05-11 00:00:00-04:00,21.007482919838534,21.03753608423412,20.8812582536314,20.953386306762695,641400,0.0,0.0
2017-05-12 00:00:00-04:00,20.989457781777247,20.989457781777247,20.7370083459883,20.779083251953125,851600,0.0,0.0
2017-05-15 00:00:00-04:00,20.797114623607442,21.037544622167804,20.694933364611046,20.839189529418945,1356300,0.0,0.0
2017-05-16 00:00:00-04:00,20.917324542594095,21.031529795982355,20.743012950619267,21.00748634338379,1185900,0.0,0.0
2017-05-17 00:00:00-04:00,20.941365883227697,21.28397702302,20.941365883227697,21.193815231323242,1918500,0.0,0.0
2017-05-18 00:00:00-04:00,21.12169144114469,21.45228092264252,20.94737983153145,21.283981323242188,2426000,0.0,0.0
2017-05-19 00:00:00-04:00,21.332072520387378,21.332072520387378,20.977439512587864,21.025524139404297,1183200,0.0,0.0
2017-05-22 00:00:00-04:00,21.037540904434987,21.10966897409254,20.730994888707905,20.923337936401367,1247400,0.0,0.0
2017-05-23 00:00:00-04:00,20.96541898859868,21.04355679828373,20.83919196351001,20.869247436523438,703200,0.0,0.0
2017-05-24 00:00:00-04:00,20.92334179932025,21.1397260482423,20.797114787977705,20.917329788208008,1256000,0.0,0.0
2017-05-25 00:00:00-04:00,20.983446870401515,21.11568359186314,20.887275334677685,21.085630416870117,949900,0.0,0.0
2017-05-26 00:00:00-04:00,21.103663742754705,21.187813557393568,21.031535657765748,21.139726638793945,708900,0.0,0.0
2017-05-30 00:00:00-04:00,21.12770473891583,21.27196089207588,21.043552641177218,21.061586380004883,658100,0.0,0.0
2017-05-31 00:00:00-04:00,21.133712703513,21.22387451144164,20.935359936144025,20.98945426940918,1590800,0.0,0.0
2017-06-01 00:00:00-04:00,21.031538009643555,21.061591190673816,20.82116115661026,21.031538009643555,1202400,0.0,0.0
2017-06-02 00:00:00-04:00,21.169774074059102,21.45227658841703,21.133708898798478,21.193815231323242,946800,0.0,0.0
2017-06-05 00:00:00-04:00,21.121690701187127,21.24791539631534,20.893282472209894,20.923337936401367,955400,0.0,0.0
2017-06-06 00:00:00-04:00,21.031532625636363,21.09764868981313,20.857221010209056,21.03754234313965,689300,0.0,0.0
2017-06-07 00:00:00-04:00,20.73700701489906,20.797113364444808,19.552893126983687,20.250137329101562,4726800,0.0,0.0
2017-06-08 00:00:00-04:00,20.250142653352924,20.250142653352924,19.871468424413642,20.105886459350586,2320700,0.0,0.0
2017-06-09 00:00:00-04:00,19.97965552169234,20.11188994304348,19.853428524938312,20.021730422973633,1414400,0.0,0.0
2017-06-12 00:00:00-04:00,20.021730151206004,20.622802781820184,20.021730151206004,20.616790771484375,1482000,0.0,0.0
2017-06-13 00:00:00-04:00,20.598466934044104,21.026072612286065,20.58624929605488,20.897790908813477,1491600,0.55,0.0
2017-06-14 00:00:00-04:00,21.074948093225892,21.166579234437563,20.818384626275968,20.885578155517578,911800,0.0,0.0
2017-06-15 00:00:00-04:00,20.732850782925674,21.252089773269887,20.726743130691872,21.14824104309082,1020000,0.0,0.0
2017-06-16 00:00:00-04:00,21.22155248983747,21.227660143693996,20.80616211930856,20.897790908813477,1900900,0.0,0.0
2017-06-19 00:00:00-04:00,20.891683723138584,21.215442981141834,20.867248446612546,21.209335327148438,742700,0.0,0.0
2017-06-20 00:00:00-04:00,21.221550273433756,21.349831963508453,21.136026816441362,21.264310836791992,1068600,0.0,0.0
2017-06-21 00:00:00-04:00,21.227652875536787,21.227652875536787,20.757284460244367,20.800045013427734,980900,0.0,0.0
2017-06-22 00:00:00-04:00,20.7939376567845,20.91000168417585,20.665655995413736,20.842805862426758,835400,0.0,0.0
2017-06-23 00:00:00-04:00,20.842812019257277,21.12992067689508,20.81226909042426,21.087160110473633,1266900,0.0,0.0
2017-06-26 00:00:00-04:00,21.129914760354254,21.288739343979493,21.117697126186858,21.22765350341797,524600,0.0,0.0
2017-06-27 00:00:00-04:00,21.111602458504127,21.374275928966494,20.91001486617292,20.934450149536133,697700,0.0,0.0
2017-06-28 00:00:00-04:00,21.081051290524837,21.368159964015252,20.95276958417746,21.209335327148438,743100,0.0,0.0
2017-06-29 00:00:00-04:00,21.10549103020421,21.252100390087538,20.696210548085983,20.885578155517578,919500,0.0,0.0
2017-06-30 00:00:00-04:00,20.897788826483147,21.081048717508484,20.720636588705744,20.98941993713379,1007500,0.0,0.0
2017-07-03 00:00:00-04:00,21.166574251891127,21.404812366628885,21.148246629797026,21.30707359313965,469000,0.0,0.0
2017-07-05 00:00:00-04:00,21.264312360091687,21.3131805801693,20.89168256961099,21.087160110473633,864700,0.0,0.0
2017-07-06 00:00:00-04:00,21.001639099117345,21.105485523805545,20.702312802159625,20.81226921081543,838400,0.0,0.0
2017-07-07 00:00:00-04:00,20.885573367210338,21.172682035591656,20.806162215328165,21.032182693481445,866300,0.0,0.0
2017-07-10 00:00:00-04:00,21.013853459512617,21.038286400744212,20.43352857772979,20.43963623046875,1358400,0.0,0.0
2017-07-11 00:00:00-04:00,20.45796985979432,20.45796985979432,20.109772964203678,20.3663387298584,1121400,0.0,0.0
2017-07-12 00:00:00-04:00,20.525166248475752,20.861145551665093,20.46408037350138,20.76340675354004,935800,0.0,0.0
2017-07-13 00:00:00-04:00,20.75117864591193,20.848917394739054,20.659547549390936,20.732851028442383,965300,0.0,0.0
2017-07-14 00:00:00-04:00,20.91001190315904,21.307077045576847,20.836708393733613,21.245988845825195,943900,0.0,0.0
2017-07-17 00:00:00-04:00,21.160463706907368,21.27042011545288,20.98942144040374,21.2215518951416,853400,0.0,0.0
2017-07-18 00:00:00-04:00,21.20322557627161,21.288746714777893,21.117704437765326,21.184900283813477,598100,0.0,0.0
2017-07-19 00:00:00-04:00,21.191001797225724,21.374263989807023,21.111590666067777,21.349828720092773,477900,0.0,0.0
2017-07-20 00:00:00-04:00,21.368156026191492,21.453677147996178,21.184896146570626,21.191003799438477,821100,0.0,0.0
2017-07-21 00:00:00-04:00,21.191008815554337,21.417031639855125,21.142140590216567,21.38037872314453,606300,0.0,0.0
2017-07-24 00:00:00-04:00,21.36816104062604,21.41092161156294,21.178791133422372,21.313182830810547,691500,0.0,0.0
2017-07-25 00:00:00-04:00,21.38037050492759,21.38037050492759,21.154350097781197,21.294849395751953,793800,0.0,0.0
2017-07-26 00:00:00-04:00,21.404814235960252,21.44757480745391,21.23376961970924,21.35594367980957,956600,0.0,0.0
2017-07-27 00:00:00-04:00,21.349823355885857,21.38647392097309,21.178778841137124,21.23375701904297,827700,0.0,0.0
2017-07-28 00:00:00-04:00,21.252095121918643,21.649157864762557,20.983311750473874,21.496440887451172,1752900,0.0,0.0
2017-07-31 00:00:00-04:00,21.49644416066381,22.431073788711103,21.49644416066381,22.253921508789062,2486700,0.0,0.0
2017-08-01 00:00:00-04:00,22.217257872885252,22.754822108049158,22.217257872885252,22.52269172668457,1540900,0.0,0.0
2017-08-02 00:00:00-04:00,22.49826585584949,22.61432991784855,22.29057067682015,22.553241729736328,1049000,0.0,0.0
2017-08-03 00:00:00-04:00,22.60211979862479,23.06637853132877,22.522706292800745,22.846467971801758,1239200,0.0,0.0
2017-08-04 00:00:00-04:00,22.815920420894415,22.950312135730496,22.461618168521994,22.60211753845215,1056700,0.0,0.0
2017-08-07 00:00:00-04:00,22.547139033282843,22.742616617667487,22.46161788139914,22.6754207611084,543700,0.0,0.0
2017-08-08 00:00:00-04:00,22.644870814635333,23.00528293618799,22.632653178109287,22.712066650390625,1014500,0.0,0.0
2017-08-09 00:00:00-04:00,22.80370108399022,23.439001964040443,22.75483053076069,23.40235137939453,1728200,0.0,0.0
2017-08-10 00:00:00-04:00,23.335147449368836,23.335147449368836,23.054148856479852,23.109127044677734,1283100,0.0,0.0
2017-08-11 00:00:00-04:00,23.035832234944333,23.05415985994146,22.657094718967492,22.681529998779297,1066500,0.0,0.0
2017-08-14 00:00:00-04:00,22.84035013781128,23.12745879310134,22.773154296762453,22.98695945739746,958000,0.0,0.0
2017-08-15 00:00:00-04:00,22.938087962995514,22.938087962995514,22.657089303157534,22.840349197387695,966400,0.0,0.0
2017-08-16 00:00:00-04:00,22.913649249578064,22.99306271292533,22.589890074026687,22.90143394470215,2085100,0.0,0.0
2017-08-17 00:00:00-04:00,22.889225216626574,23.048049874850236,22.657094718967492,22.681529998779297,1332800,0.0,0.0
2017-08-18 00:00:00-04:00,22.693739037679244,22.73038961322972,22.38219516384627,22.534912109375,835000,0.0,0.0
2017-08-21 00:00:00-04:00,22.58378165813367,23.090800683267034,22.553236406149573,22.956411361694336,838500,0.0,0.0
2017-08-22 00:00:00-04:00,22.956407824310954,23.16410059203561,22.907537292887366,23.048036575317383,849200,0.0,0.0
2017-08-23 00:00:00-04:00,22.9991785935649,23.652807094998213,22.968633332715157,23.45121955871582,1312300,0.0,0.0
2017-08-24 00:00:00-04:00,23.43899678010176,23.701670119925147,23.316822754325067,23.53673553466797,1276400,0.0,0.0
2017-08-25 00:00:00-04:00,23.658910438902346,23.68945336391165,23.500085830688477,23.500085830688477,947600,0.0,0.0
2017-08-28 00:00:00-04:00,23.500084434635117,23.994885849108623,23.42067097010794,23.860496520996094,1781200,0.0,0.0
2017-08-29 00:00:00-04:00,23.84217494600008,24.086523054043848,23.811632015063672,23.970458984375,1368700,0.0,0.0
2017-08-30 00:00:00-04:00,23.891039793894503,24.178148402735214,23.80551867558681,24.135385513305664,1358000,0.0,0.0
2017-08-31 00:00:00-04:00,24.19037023737003,24.275893709037685,24.04376323220671,24.080413818359375,1388100,0.0,0.0
2017-09-01 00:00:00-04:00,24.09262847900391,24.165934302800338,24.000999694672437,24.092628479003906,901700,0.0,0.0
2017-09-05 00:00:00-04:00,24.147604082545747,24.428605049633966,24.068192944061234,24.165931701660156,1303200,0.0,0.0
2017-09-06 00:00:00-04:00,24.214804762142514,24.269782969938547,23.95213136159215,23.970458984375,1210600,0.0,0.0
2017-09-07 00:00:00-04:00,24.08651422516853,24.398055734966817,24.06818893937904,24.355295181274414,905600,0.0,0.0
2017-09-08 00:00:00-04:00,24.294217602664634,24.57521628827123,24.294217602664634,24.459152221679688,1379700,0.0,0.0
2017-09-11 00:00:00-04:00,24.465257805380624,24.672952975053292,24.440822531236545,24.666845321655273,937800,0.0,0.0
2017-09-12 00:00:00-04:00,24.66073438714276,24.703494950108187,24.44082158887718,24.520235061645508,1055700,0.0,0.0
2017-09-13 00:00:00-04:00,24.50801644459092,24.5385593697335,24.184257243583115,24.25756072998047,1376500,0.0,0.0
2017-09-14 00:00:00-04:00,24.25755527997397,24.313305629440613,23.879692062811607,24.251361846923828,1411500,0.55,0.0
2017-09-15 00:00:00-04:00,24.238978463428527,24.567284843350613,24.238978463428527,24.4495906829834,4769800,0.0,0.0
2017-09-18 00:00:00-04:00,24.474371436742285,24.697372930781732,24.325705349385885,24.418621063232422,1044800,0.0,0.0
2017-09-19 00:00:00-04:00,24.44959232981695,24.678787231445312,24.41242463103753,24.678787231445312,1276300,0.0,0.0
2017-09-20 00:00:00-04:00,24.722148208074046,24.839842375620744,24.418617910815808,24.604454040527344,1452200,0.0,0.0
2017-09-21 00:00:00-04:00,24.573481306880048,24.715956311997434,24.418619431148244,24.635427474975586,918700,0.0,0.0
2017-09-22 00:00:00-04:00,24.703570870272934,25.17435000503817,24.703570870272934,24.85843276977539,821400,0.0,0.0
2017-09-25 00:00:00-04:00,24.895596581992827,25.05045847196965,24.777902396292205,24.82745933532715,935900,0.0,0.0
2017-09-26 00:00:00-04:00,24.89559467433732,24.901790472744384,24.375258669366374,24.381454467773438,1038700,0.0,0.0
2017-09-27 00:00:00-04:00,24.338094500612172,24.393844873931403,23.588563541657383,23.619535446166992,1832000,0.0,0.0
2017-09-28 00:00:00-04:00,23.60715174100397,24.077930943628004,23.51423364270713,24.022180557250977,1042100,0.0,0.0
2017-09-29 00:00:00-04:00,23.991206422323877,24.220401383744065,23.910677568795904,24.096513748168945,1091300,0.0,0.0
2017-10-02 00:00:00-04:00,24.05314950837463,24.387649389597065,23.923063726949646,24.313316345214844,1018300,0.0,0.0
2017-10-03 00:00:00-04:00,24.245175639099184,24.33189791412024,23.972619580032326,24.12748146057129,809300,0.0,0.0
2017-10-04 00:00:00-04:00,24.13367923040065,24.245179993454254,23.836344649926094,24.170846939086914,1091400,0.0,0.0
2017-10-05 00:00:00-04:00,24.201810029126904,24.387643778830878,24.146059667915278,24.164642333984375,890800,0.0,0.0
2017-10-06 00:00:00-04:00,23.582366567493168,23.76200691290153,23.235475110463717,23.613338470458984,2530200,0.0,0.0
2017-10-09 00:00:00-04:00,23.619530421556195,23.923058329387278,23.619530421556195,23.737224578857422,976100,0.0,0.0
2017-10-10 00:00:00-04:00,23.799170459004504,24.059339622935106,23.799170459004504,24.034561157226562,635900,0.0,0.0
2017-10-11 00:00:00-04:00,24.077921445549006,24.33189480263541,23.97880994919832,24.12128257751465,1207500,0.0,0.0
2017-10-12 00:00:00-04:00,24.06553816751725,24.69737499921103,24.022177024823026,24.66020965576172,1329000,0.0,0.0
2017-10-13 00:00:00-04:00,24.777901552866958,24.777901552866958,24.455788549119106,24.691179275512695,889100,0.0,0.0
2017-10-16 00:00:00-04:00,24.69118156297116,24.753125377390038,24.54251310015878,24.66020965576172,651500,0.0,0.0
2017-10-17 00:00:00-04:00,24.64161623226121,24.864617669060646,24.530115513861492,24.84603500366211,998700,0.0,0.0
2017-10-18 00:00:00-04:00,24.945148554545995,25.446901828855562,24.920370089961818,25.267261505126953,2147100,0.0,0.0
2017-10-19 00:00:00-04:00,25.23009739075927,25.496460015349797,25.09381817919999,25.372570037841797,1021000,0.0,0.0
2017-10-20 00:00:00-04:00,25.42831477168335,25.502647796505354,25.26725949073497,25.34778594970703,848500,0.0,0.0
2017-10-23 00:00:00-04:00,25.39734317676284,25.403536610986507,24.777895782207647,24.8150634765625,1675500,0.0,0.0
2017-10-24 00:00:00-04:00,24.83984142462956,24.92656605124349,24.67878612978404,24.715953826904297,1692400,0.0,0.0
2017-10-25 00:00:00-04:00,24.62923538554723,24.877015369232847,24.164649688390487,24.66020965576172,1868600,0.0,0.0
2017-10-26 00:00:00-04:00,24.746923942328696,24.846035431166634,24.5610901961331,24.567283630371094,948400,0.0,0.0
2017-10-27 00:00:00-04:00,24.387644343584906,24.790286113104592,24.362868242587137,24.777896881103516,1065000,0.0,0.0
2017-10-30 00:00:00-04:00,24.728338488126713,24.864617669060646,24.629227000994103,24.84603500366211,1037200,0.0,0.0
2017-10-31 00:00:00-04:00,24.79647954760294,24.808868779604015,24.523923532592377,24.777896881103516,1151000,0.0,0.0
2017-11-01 00:00:00-04:00,24.889404604717633,24.982322689351,24.62923538554723,24.66020965576172,827000,0.0,0.0
2017-11-02 00:00:00-04:00,24.728341426151303,24.951342889445996,24.616843057508483,24.709758758544922,913500,0.0,0.0
2017-11-03 00:00:00-04:00,24.573476371736977,24.8646173958038,24.505339145023072,24.85222816467285,593800,0.0,0.0
2017-11-06 00:00:00-05:00,24.86461939496733,25.316815734085555,24.86461939496733,25.17434310913086,929600,0.0,0.0
2017-11-07 00:00:00-05:00,25.168157407839846,25.372573893235323,25.019488939638936,25.149572372436523,1007000,0.0,0.0
2017-11-08 00:00:00-05:00,25.14956217980353,25.347785148398707,25.14956217980353,25.25486946105957,993300,0.0,0.0
2017-11-09 00:00:00-05:00,25.143369578125842,25.397342912733002,25.106201884157382,25.168148040771484,614000,0.0,0.0
2017-11-10 00:00:00-05:00,25.031867591963508,25.292036710562904,25.031867591963508,25.186729431152344,931300,0.0,0.0
2017-11-13 00:00:00-05:00,25.236291465018414,25.415929438976242,25.18673453219928,25.39115333557129,752200,0.0,0.0
2017-11-14 00:00:00-05:00,25.285845761946913,25.50884723121715,25.16815159227855,25.39734649658203,1164600,0.0,0.0
2017-11-15 00:00:00-05:00,25.397349910058605,25.397349910058605,25.093819566533305,25.10620880126953,812200,0.0,0.0
2017-11-16 00:00:00-05:00,25.14336648264477,25.39114635258767,24.777892474131175,25.285839080810547,1517600,0.0,0.0
2017-11-17 00:00:00-05:00,25.192923306495967,25.26106289501384,24.96372844212108,25.25486946105957,1352800,0.0,0.0
2017-11-20 00:00:00-05:00,25.242481028126218,25.347785949707035,25.062840718719144,25.34778594970703,765400,0.0,0.0
2017-11-21 00:00:00-05:00,25.397345339620617,25.72565173053233,25.267261942807053,25.614151000976562,1839400,0.0,0.0
2017-11-22 00:00:00-05:00,25.57698598030825,25.60176444562569,25.08142848898206,25.484067916870117,980200,0.0,0.0
2017-11-24 00:00:00-05:00,25.5522124278312,25.7132677573511,25.490268615632385,25.669906616210938,511900,0.0,0.0
2017-11-27 00:00:00-05:00,25.645125338241073,25.682290672864635,24.907981361480598,25.087621688842773,2999900,0.0,0.0
2017-11-28 00:00:00-05:00,25.1495645469045,25.440705593245465,25.11859264820968,25.199121475219727,1279900,0.0,0.0
2017-11-29 00:00:00-05:00,25.211520222744042,25.27346404351279,25.031879834307254,25.100019454956055,1191900,0.0,0.0
2017-11-30 00:00:00-05:00,25.13097499629267,25.353976386616797,25.11858576760758,25.316808700561523,1408100,0.0,0.0
2017-12-01 00:00:00-05:00,25.329203488515187,25.477871902362356,24.994701329612266,25.242481231689453,1260600,0.0,0.0
2017-12-04 00:00:00-05:00,25.341599535248033,25.440711050132943,25.093819566533305,25.10620880126953,1626000,0.0,0.0
2017-12-05 00:00:00-05:00,25.118591336813648,25.1681482625416,24.988507951284195,24.994701385498047,762000,0.0,0.0
2017-12-06 00:00:00-05:00,24.98851347642499,25.038068050105537,24.82126235961914,24.82126235961914,982600,0.0,0.0
2017-12-07 00:00:00-05:00,24.821264019132364,24.870820959131017,24.672597925146327,24.771709442138672,725000,0.0,0.0
2017-12-08 00:00:00-05:00,24.82125626834758,24.877006626934755,24.728338216367547,24.85222816467285,1050700,0.0,0.0
2017-12-11 00:00:00-05:00,24.926572010288965,25.24248924081996,24.802682019941603,25.211517333984375,801900,0.0,0.0
2017-12-12 00:00:00-05:00,23.76200681200177,24.461983158479658,23.28503194673841,23.415115356445312,8606900,0.0,0.0
2017-12-13 00:00:00-05:00,23.508032482328503,23.799171192865384,23.384142512970122,23.749616622924805,7927000,0.0,0.0
2017-12-14 00:00:00-05:00,23.861596268494146,24.440363067821888,23.849014068533638,23.880468368530273,4013300,0.588,0.0
2017-12-15 00:00:00-05:00,23.94966393799605,24.00628262531223,23.591079718263146,23.704317092895508,6050800,0.0,0.0
2017-12-18 00:00:00-05:00,23.792392890161075,24.150977152349363,23.792392890161075,23.867883682250977,2340800,0.0,0.0
2017-12-19 00:00:00-05:00,23.886763949125122,24.119528680840244,23.760944332048712,23.874181747436523,1531600,0.0,0.0
2017-12-20 00:00:00-05:00,23.86159017944072,23.95595545515955,23.383476302184665,23.389768600463867,2254400,0.0,0.0
2017-12-21 00:00:00-05:00,23.45268371707691,23.540756719049003,23.23250121214668,23.37090301513672,1488800,0.0,0.0
2017-12-22 00:00:00-05:00,23.408646538008494,23.72948663568079,23.40235663796811,23.691740036010742,2339900,0.0,0.0
2017-12-26 00:00:00-05:00,23.735776535721175,23.905632634522522,23.59108483669986,23.691740036010742,1148400,0.0,0.0
2017-12-27 00:00:00-05:00,23.760943676852264,23.87418108911761,23.47785014618891,23.559633255004883,1376300,0.0,0.0
2017-12-28 00:00:00-05:00,23.5659154962857,23.930792017171452,23.559625597564008,23.89304542541504,1186000,0.0,0.0
2017-12-29 00:00:00-05:00,23.92450125785449,23.987412248162638,23.716900989359857,23.73577308654785,1084900,0.0,0.0
2018-01-02 00:00:00-05:00,23.779809416058566,23.867882402074404,23.565916850102006,23.660282135009766,1307700,0.0,0.0
2018-01-03 00:00:00-05:00,23.64769527483173,23.710603852495062,23.28281880492085,23.33943748474121,1869700,0.0,0.0
2018-01-04 00:00:00-05:00,23.3583215474135,23.452684452567453,23.20733753943402,23.22620964050293,1827800,0.0,0.0
2018-01-05 00:00:00-05:00,23.27653062398601,23.377185795556848,22.99972950211835,23.150711059570312,1893200,0.0,0.0
2018-01-08 00:00:00-05:00,23.094096010756985,23.345735179198265,22.91795003273347,23.301698684692383,1442600,0.0,0.0
2018-01-09 00:00:00-05:00,23.32686388205897,23.452681070788596,23.16329769701598,23.16958999633789,1122500,0.0,0.0
2018-01-10 00:00:00-05:00,23.119262128989373,23.138134228094522,22.798424445156158,22.99344253540039,1358700,0.0,0.0
2018-01-11 00:00:00-05:00,22.961986955571398,23.075224343501404,22.74809437834906,23.01231575012207,1949200,0.0,0.0
2018-01-12 00:00:00-05:00,23.012308058932124,23.024887853556354,22.678885905993027,22.78583335876465,1665100,0.0,0.0
2018-01-16 00:00:00-05:00,22.873912602972425,23.34573422465153,22.773257419673236,22.792129516601562,1346000,0.0,0.0
2018-01-17 00:00:00-05:00,22.89907990955791,22.89907990955791,22.678895018233614,22.855043411254883,1882100,0.0,0.0
2018-01-18 00:00:00-05:00,22.7732640983504,22.785846299928867,22.188204923904273,22.207077026367188,2975500,0.0,0.0
2018-01-19 00:00:00-05:00,22.251111640087643,22.55307725286756,22.21336743837101,22.32660484313965,1750100,0.0,0.0
2018-01-22 00:00:00-05:00,22.395798356541547,22.7984214836882,22.38950845759326,22.527910232543945,1891500,0.0,0.0
2018-01-23 00:00:00-05:00,22.660022091045516,22.930533370629337,22.53420250057249,22.86762237548828,1691400,0.0,0.0
2018-01-24 00:00:00-05:00,22.861336642402062,22.899083246366086,22.42726149595862,22.50275230407715,1685700,0.0,0.0
2018-01-25 00:00:00-05:00,22.502748277912765,22.628567868805174,22.458711781071788,22.534202575683594,1015900,0.0,0.0
2018-01-26 00:00:00-05:00,22.641148317105035,22.641148317105035,22.22594537913282,22.4964542388916,1788800,0.0,0.0
2018-01-29 00:00:00-05:00,22.49645740082406,22.502749700661514,21.39554011057531,21.439579010009766,3653500,0.0,0.0
2018-01-30 00:00:00-05:00,21.452159948570063,21.584271854266348,21.118740033767075,21.34521484375,2807600,0.0,0.0
2018-01-31 00:00:00-05:00,21.395542145885788,22.04351230165673,21.395542145885788,22.037220001220703,3380100,0.0,0.0
2018-02-01 00:00:00-05:00,21.980595797933127,22.087543280307607,21.728959039056406,21.779285430908203,2055300,0.0,0.0
2018-02-02 00:00:00-05:00,21.615723271937817,21.67234196688004,21.024371924805944,21.175355911254883,2364200,0.0,0.0
2018-02-05 00:00:00-05:00,21.09357172057597,21.55910345473529,20.590295791625977,20.590295791625977,2002700,0.0,0.0
2018-02-06 00:00:00-05:00,20.263164541445477,21.257136537361493,20.162509362095268,20.8293514251709,3135100,0.0,0.0
2018-02-07 00:00:00-05:00,20.72869851161023,21.345211852495527,20.577714526176937,20.873390197753906,2566700,0.0,0.0
2018-02-08 00:00:00-05:00,20.885969316727664,20.93629570457839,20.168800891241837,20.175090789794922,2103900,0.0,0.0
2018-02-09 00:00:00-05:00,20.338659545291442,21.005499268213136,20.074438175979665,20.823060989379883,2365000,0.0,0.0
2018-02-12 00:00:00-05:00,20.89855285087241,21.062116621614038,20.571422909580313,20.94887924194336,2607800,0.0,0.0
2018-02-13 00:00:00-05:00,20.917424786546427,21.257136922943705,20.722404323101586,21.099863052368164,1686900,0.0,0.0
2018-02-14 00:00:00-05:00,20.91742914162182,20.98033774302628,20.590299134738135,20.879682540893555,1441200,0.0,0.0
2018-02-15 00:00:00-05:00,21.030667840343895,21.225688356413837,20.797903121028416,21.213106155395508,2561500,0.0,0.0
2018-02-16 00:00:00-05:00,21.936560749743034,22.175617726256295,20.84193585693578,20.867097854614258,3047900,0.0,0.0
2018-02-20 00:00:00-05:00,20.602885399340742,20.854524654218437,20.06186268122055,20.206554412841797,3840300,0.0,0.0
2018-02-21 00:00:00-05:00,20.06186200291458,20.351245456372816,19.785060751755793,19.79764175415039,2912700,0.0,0.0
2018-02-22 00:00:00-05:00,19.9423323676844,20.149932682021618,19.715857552182396,19.866840362548828,2293400,0.0,0.0
2018-02-23 00:00:00-05:00,19.99265978927751,20.156224798996128,19.980077588551918,20.10589599609375,1550600,0.0,0.0
2018-02-26 00:00:00-05:00,20.181390578045608,20.31978999585559,20.01153325646489,20.099607467651367,1854100,0.0,0.0
2018-02-27 00:00:00-05:00,20.14993601435565,20.294627748230727,19.514550365616408,19.533422470092773,2316600,0.0,0.0
2018-02-28 00:00:00-05:00,19.634069815276675,19.854253478420997,19.47050604255688,19.791343688964844,2543300,0.0,0.0
2018-03-01 00:00:00-05:00,19.728439538973635,20.187679065510313,19.59632883139593,19.89829444885254,2161600,0.0,0.0
2018-03-02 00:00:00-05:00,19.803928741482878,19.87312963985008,19.56487294697601,19.847965240478516,2046600,0.0,0.0
2018-03-05 00:00:00-05:00,19.747308653583577,20.275749004164805,19.665526761188527,20.193965911865234,1724600,0.0,0.0
2018-03-06 00:00:00-05:00,20.20025971920164,20.401570115422267,20.05556682200153,20.376405715942383,1310700,0.0,0.0
2018-03-07 00:00:00-05:00,20.282039762674014,20.602877408384874,20.21912877345012,20.577713012695312,2005000,0.0,0.0
2018-03-08 00:00:00-05:00,20.63433170309239,20.690950393489466,20.4581857328832,20.577713012695312,1612400,0.0,0.0
2018-03-09 00:00:00-05:00,20.60916730795643,20.91742515563965,20.47705783029599,20.91742515563965,2629400,0.0,0.0
2018-03-12 00:00:00-04:00,20.942585869573055,20.999204550017954,20.672074662981707,20.766437530517578,2106300,0.0,0.0
2018-03-13 00:00:00-04:00,20.848226957740124,20.992918651917314,20.835644758271346,20.898555755615234,1623100,0.0,0.0
2018-03-14 00:00:00-04:00,20.94851076273906,21.127833218197807,20.84604183521346,21.121427536010742,1999100,0.588,0.0
2018-03-15 00:00:00-04:00,21.121428294168638,21.191876142443466,20.890872588197215,21.06378936767578,1758100,0.0,0.0
2018-03-16 00:00:00-04:00,20.775586613784544,20.871652268070093,20.410542257906716,20.82682228088379,5377900,0.0,0.0
2018-03-19 00:00:00-04:00,20.64110069082203,20.64110069082203,20.06471275996152,20.147968292236328,1926800,0.0,0.0
2018-03-20 00:00:00-04:00,20.15437242124607,20.32728916412527,20.090330268943333,20.320884704589844,1367900,0.0,0.0
2018-03-21 00:00:00-04:00,20.314482339927967,20.474590180246985,20.103140039567894,20.244035720825195,1446800,0.0,0.0
2018-03-22 00:00:00-04:00,20.14796680692728,20.513012428843563,20.122350191779557,20.26324462890625,2231900,0.0,0.0
2018-03-23 00:00:00-04:00,20.282463516558003,20.410550291671072,19.71247993250947,19.782926559448242,1836700,0.0,0.0
2018-03-26 00:00:00-04:00,19.930224526195403,20.07752344631346,19.821351145776426,20.026288986206055,1249100,0.0,0.0
2018-03-27 00:00:00-04:00,20.192801061963518,20.724359037727847,20.013479842822512,20.429759979248047,2202700,0.0,0.0
2018-03-28 00:00:00-04:00,20.519417640863477,21.14703996671856,20.513011960315747,20.948505401611328,1776500,0.0,0.0
2018-03-29 00:00:00-04:00,21.006147976711198,21.191873656182132,20.94210581836689,21.044574737548828,1901700,0.0,0.0
2018-04-02 00:00:00-04:00,21.05098009915691,21.102215785440876,20.705148988948093,20.730764389038086,2050600,0.0,0.0
2018-04-03 00:00:00-04:00,20.769183643330695,21.108611391538304,20.589863692285334,21.018951416015625,1569900,0.0,0.0
2018-04-04 00:00:00-04:00,20.839630286901404,21.435231454119585,20.81401245447136,21.326356887817383,1390400,0.0,0.0
2018-04-05 00:00:00-04:00,21.35198134323822,21.665793780217655,21.211085664220708,21.62736701965332,1680200,0.0,0.0
2018-04-06 00:00:00-04:00,21.62736793579472,21.97320146636818,21.43523901093785,21.473663330078125,2219900,0.0,0.0
2018-04-09 00:00:00-04:00,21.512091043563224,21.665795656076835,21.268726425021644,21.339174270629883,1183800,0.0,0.0
2018-04-10 00:00:00-04:00,21.505682702666117,21.588937006769207,21.396808118994713,21.428829193115234,1460900,0.0,0.0
2018-04-11 00:00:00-04:00,21.3775973895846,21.60174736643636,21.2367017223912,21.480066299438477,797700,0.0,0.0
2018-04-12 00:00:00-04:00,21.518490859890886,21.518490859890886,21.038167381383936,21.23670196533203,1554500,0.0,0.0
2018-04-13 00:00:00-04:00,21.358381271362305,21.377595870192167,21.102210236460483,21.358381271362305,784300,0.0,0.0
2018-04-16 00:00:00-04:00,21.448047449448207,21.7682631313608,21.339172847211007,21.524898529052734,1332900,0.0,0.0
2018-04-17 00:00:00-04:00,21.59534197652891,22.0244297303318,21.390404177242264,21.921960830688477,1193000,0.0,0.0
2018-04-18 00:00:00-04:00,21.966793235174006,22.267796729783697,21.94117539668562,22.107688903808594,1164300,0.0,0.0
2018-04-19 00:00:00-04:00,22.005222433737874,22.03724351387438,21.50568674306327,21.620962142944336,1102900,0.0,0.0
2018-04-20 00:00:00-04:00,21.685006724498553,21.69781564515066,21.268725353986433,21.35198211669922,1304300,0.0,0.0
2018-04-23 00:00:00-04:00,21.40321433435399,21.524897853213286,21.275130020051964,21.41602325439453,1173500,0.0,0.0
2018-04-24 00:00:00-04:00,21.50568674306327,21.717027826405673,21.44164213973844,21.620962142944336,1718400,0.0,0.0
2018-04-25 00:00:00-04:00,21.556918911893046,21.691408907617063,21.505685674829863,21.633769989013672,1994500,0.0,0.0
2018-04-26 00:00:00-04:00,21.75545203165926,22.165327672561567,21.556917449262162,21.986007690429688,1721500,0.0,0.0
2018-04-27 00:00:00-04:00,21.883531877209187,22.22296205813367,21.82589541731463,22.09487533569336,1551300,0.0,0.0
2018-04-30 00:00:00-04:00,22.152519821697123,22.158923060059973,21.729835241251408,21.736238479614258,1540700,0.0,0.0
2018-05-01 00:00:00-04:00,21.755449690154684,21.902748580059686,21.627362955395604,21.851512908935547,1362100,0.0,0.0
2018-05-02 00:00:00-04:00,21.742640944641607,21.89634307312928,21.58893637310265,21.774662017822266,2022500,0.0,0.0
2018-05-03 00:00:00-04:00,21.76826092122705,21.998814136632536,21.729834163800373,21.966793060302734,1165500,0.0,0.0
2018-05-04 00:00:00-04:00,21.93477917339087,22.23578276426232,21.83871346986312,22.088483810424805,1054600,0.0,0.0
2018-05-07 00:00:00-04:00,22.13971046019979,22.18454045700024,21.979602630754865,22.056453704833984,1450800,0.0,0.0
2018-05-08 00:00:00-04:00,22.050046363074568,22.107685268670178,21.390403010297945,21.448041915893555,2011200,0.0,0.0
2018-05-09 00:00:00-04:00,21.544109172884763,21.729834841663468,21.26872351036506,21.403213500976562,1632700,0.0,0.0
2018-05-10 00:00:00-04:00,21.550518354003366,21.685008366456156,21.46085590264951,21.595348358154297,1166600,0.0,0.0
2018-05-11 00:00:00-04:00,21.665794697986822,21.81309362181215,21.377600089175605,21.473663330078125,1076000,0.0,0.0
2018-05-14 00:00:00-04:00,21.473662496893866,21.64017601688039,21.281533579491654,21.460853576660156,738000,0.0,0.0
2018-05-15 00:00:00-04:00,21.307151412602224,21.33917249164958,20.833231136325445,20.9741268157959,2107200,0.0,0.0
2018-05-16 00:00:00-04:00,21.057386498362078,21.24310975983439,20.85244863235313,20.890872955322266,1199700,0.0,0.0
2018-05-17 00:00:00-04:00,20.89086925499965,20.993338169854184,20.468184675843247,20.52582359313965,1206600,0.0,0.0
2018-05-18 00:00:00-04:00,20.570651710000956,20.62829062202765,20.41054511401378,20.54503631591797,1014200,0.0,0.0
2018-05-21 00:00:00-04:00,20.628292980416507,20.980529730605046,20.525824063215264,20.929296493530273,1355100,0.0,0.0
2018-05-22 00:00:00-04:00,20.922885492118265,20.94210008880602,20.66671448577526,20.82682228088379,1260000,0.0,0.0
2018-05-23 00:00:00-04:00,20.833230951051192,21.0701923086081,20.794806633756775,21.05097770690918,903200,0.0,0.0
2018-05-24 00:00:00-04:00,21.031767529807336,21.15985429997732,20.99334076584076,21.121427536010742,1014600,0.0,0.0
2018-05-25 00:00:00-04:00,21.159847762560304,21.287934493157394,21.070187784057694,21.127826690673828,929400,0.0,0.0
2018-05-29 00:00:00-04:00,21.147044752513143,21.351982601496342,20.974127984361346,21.30074691772461,1251700,0.0,0.0
2018-05-30 00:00:00-04:00,21.300744111934215,21.627365445325918,20.884465229855643,21.454448699951172,1676400,0.0,0.0
2018-05-31 00:00:00-04:00,21.396808802107365,21.582534458207757,21.26231882067664,21.319957733154297,3084800,0.0,0.0
2018-06-01 00:00:00-04:00,21.358383106379563,21.851515505823777,21.23029879944989,21.742643356323242,1245700,0.0,0.0
2018-06-04 00:00:00-04:00,21.87072950385142,22.146115153657213,21.87072950385142,22.13970947265625,1454300,0.0,0.0
2018-06-05 00:00:00-04:00,22.17172988996281,22.210156645672786,22.005218834655736,22.050048828125,1444300,0.0,0.0
2018-06-06 00:00:00-04:00,22.062855200091672,22.2165573190877,21.941171709247758,22.178133010864258,1216700,0.0,0.0
2018-06-07 00:00:00-04:00,22.216564255746043,22.389481025894572,22.120501012142565,22.287012100219727,2233700,0.0,0.0
2018-06-08 00:00:00-04:00,22.158923298008908,22.306224655504288,22.011624383565202,22.165328979492188,1690200,0.0,0.0
2018-06-11 00:00:00-04:00,22.165323826344686,22.23577164797254,22.062854933899928,22.18453598022461,1404900,0.0,0.0
2018-06-12 00:00:00-04:00,22.184536840557122,22.504752447246574,22.15891900568968,22.41509246826172,1897000,0.0,0.0
2018-06-13 00:00:00-04:00,22.45992158674198,22.485539420615947,22.056449253905885,22.18453598022461,2874000,0.0,0.0
2018-06-14 00:00:00-04:00,22.280965944241984,22.437322204769742,22.052942876885233,22.144153594970703,1801600,0.588,0.0
2018-06-15 00:00:00-04:00,21.883552957915075,22.026881577807682,21.662046220461754,21.668560028076172,3100100,0.0,0.0
2018-06-18 00:00:00-04:00,21.655537822421422,21.837954304043425,21.538269374167804,21.746746063232422,1680100,0.0,0.0
2018-06-19 00:00:00-04:00,21.635983746483753,22.202781873655216,21.59689593442868,22.03990936279297,2848100,0.0,0.0
2018-06-20 00:00:00-04:00,22.046425441270625,22.417774605479426,22.00082133234937,22.359140396118164,1420800,0.0,0.0
2018-06-21 00:00:00-04:00,22.391713696656176,22.66534082677016,22.3591396892048,22.606706619262695,1177900,0.0,0.0
2018-06-22 00:00:00-04:00,22.65231021458853,22.886847039315658,22.593676008406746,22.802152633666992,2155300,0.0,0.0
2018-06-25 00:00:00-04:00,22.821694026761335,22.89987461655013,22.678367915956155,22.756546020507812,1324500,0.0,0.0
2018-06-26 00:00:00-04:00,22.77609458343384,22.841245088248883,22.489439817960584,22.52853012084961,1488000,0.0,0.0
2018-06-27 00:00:00-04:00,22.59367511609883,22.802151733125562,22.411258697509766,22.411258697509766,1597800,0.0,0.0
2018-06-28 00:00:00-04:00,22.443834402493653,22.63276712761769,22.254901677369617,22.574132919311523,1232700,0.0,0.0
2018-06-29 00:00:00-04:00,22.56109990567597,23.043201124837147,22.2809590005267,22.808664321899414,2026200,0.0,0.0
2018-07-02 00:00:00-04:00,22.737001419067383,22.83472342545368,22.424284039967457,22.737001419067383,1487400,0.0,0.0
2018-07-03 00:00:00-04:00,22.68487901227251,23.271220939451172,22.64578872204832,23.166982650756836,840900,0.0,0.0
2018-07-05 00:00:00-04:00,23.22562477674372,23.28425898948951,22.88033330824622,23.245168685913086,2285200,0.0,0.0
2018-07-06 00:00:00-04:00,23.303800873526093,23.512277504008054,23.27774067340648,23.38197898864746,973800,0.0,0.0
2018-07-09 00:00:00-04:00,23.453649024440818,23.79242425302242,23.29077646177109,23.779394149780273,2012500,0.0,0.0
2018-07-10 00:00:00-04:00,23.779390433124043,23.87059865632539,23.51879337948788,23.75333023071289,1453600,0.0,0.0
2018-07-11 00:00:00-04:00,23.636060099461165,23.92271733482255,23.512277874797164,23.857566833496094,1345600,0.0,0.0
2018-07-12 00:00:00-04:00,23.929228947104207,23.981349343383926,23.766356436586015,23.935745239257812,2108200,0.0,0.0
2018-07-13 00:00:00-04:00,23.97483999155016,24.072564520245624,23.81848372792302,23.870601654052734,1437600,0.0,0.0
2018-07-16 00:00:00-04:00,23.838023351331852,23.85756725945998,23.55136859608991,23.688180923461914,1231500,0.0,0.0
2018-07-17 00:00:00-04:00,23.623029753817878,23.623029753817878,22.730489019435296,22.821697235107422,3455200,0.0,0.0
2018-07-18 00:00:00-04:00,22.743518941700955,22.87381745674392,22.437317804135596,22.606706619262695,2346600,0.0,0.0
2018-07-19 00:00:00-04:00,22.61321596301342,23.180014018783904,22.391709276735032,23.075773239135742,1761400,0.0,0.0
2018-07-20 00:00:00-04:00,23.0236577402152,23.0236577402152,22.65882242903712,22.769577026367188,1328100,0.0,0.0
2018-07-23 00:00:00-04:00,22.658823130644638,22.75003133995402,22.50898071745961,22.678369522094727,994800,0.0,0.0
2018-07-24 00:00:00-04:00,22.737004314786272,22.906390638570645,22.567615505764525,22.834726333618164,1456700,0.0,0.0
2018-07-25 00:00:00-04:00,22.93245033134823,23.075776452851233,22.78260791759122,23.03017234802246,1193600,0.0,0.0
2018-07-26 00:00:00-04:00,23.049719456375048,23.28425628006682,22.945481144205083,23.09532356262207,1496600,0.0,0.0
2018-07-27 00:00:00-04:00,23.453643235244172,23.453643235244172,21.505686773034686,22.450347900390625,4936400,0.0,0.0
2018-07-30 00:00:00-04:00,22.45686220254845,22.91290323684461,22.39822800024791,22.74351692199707,3275500,0.0,0.0
2018-07-31 00:00:00-04:00,22.736999433665197,23.14092249231274,22.63927495057517,22.873811721801758,5369100,0.0,0.0
2018-08-01 00:00:00-04:00,22.70442950671206,23.017146948825484,22.42428855852872,22.997600555419922,2493500,0.0,0.0
2018-08-02 00:00:00-04:00,22.991086649718675,23.40803992377484,22.951996348311827,23.18001937866211,1323200,0.0,0.0
2018-08-03 00:00:00-04:00,23.232131357453984,23.590450330436745,23.173497162948667,23.297279357910156,1576200,0.0,0.0
2018-08-06 00:00:00-04:00,23.329863259427217,23.57091392002406,23.316833158146615,23.460159301757812,1387100,0.0,0.0
2018-08-07 00:00:00-04:00,23.473187107812656,23.505763600447654,23.310314585587506,23.408039093017578,1514400,0.0,0.0
2018-08-08 00:00:00-04:00,23.258197496238253,23.368949622367996,23.07577857491052,23.18001937866211,1200100,0.0,0.0
2018-08-09 00:00:00-04:00,23.199561662258567,23.421068384245174,23.06274934477085,23.101837158203125,1766700,0.0,0.0
2018-08-10 00:00:00-04:00,22.92593464497626,22.92593464497626,22.437317092980056,22.541555404663086,2499600,0.0,0.0
2018-08-13 00:00:00-04:00,22.183238443616688,22.96502709716339,22.150664434143412,22.691402435302734,1952800,0.0,0.0
2018-08-14 00:00:00-04:00,22.776091146414537,23.062748353867516,22.665339032798446,23.004114151000977,1303200,0.0,0.0
2018-08-15 00:00:00-04:00,22.99108464169723,23.284255663549406,22.932450437326796,23.160470962524414,1107700,0.0,0.0
2018-08-16 00:00:00-04:00,23.258197073631774,23.531821722795236,23.193046572470827,23.50576400756836,958500,0.0,0.0
2018-08-17 00:00:00-04:00,23.53833689179133,23.785901328671493,23.52530679218121,23.766357421875,1026900,0.0,0.0
2018-08-20 00:00:00-04:00,23.883629254920898,23.97483748002171,23.81196493941662,23.824995040893555,695400,0.0,0.0
2018-08-21 00:00:00-04:00,23.85105953237739,23.948781583168675,23.642582841736832,23.65561294555664,1045200,0.0,0.0
2018-08-22 00:00:00-04:00,23.66864351584661,23.727275256334003,23.421076508867483,23.44062042236328,742400,0.0,0.0
2018-08-23 00:00:00-04:00,23.44712979914226,23.518791622563047,23.362435390251783,23.50576400756836,1055300,0.0,0.0
2018-08-24 00:00:00-04:00,23.51879627122389,23.61652079966252,23.329865993607466,23.388500213623047,872800,0.0,0.0
2018-08-27 00:00:00-04:00,23.388496208165815,23.4080401164113,23.08229505771951,23.284257888793945,1154800,0.0,0.0
2018-08-28 00:00:00-04:00,23.284253585594175,23.609998584084522,23.21910309475384,23.590452194213867,1370600,0.0,0.0
2018-08-29 00:00:00-04:00,23.64909665102764,23.77939520398754,23.551374600236358,23.65561294555664,939900,0.0,0.0
2018-08-30 00:00:00-04:00,23.70121104675817,23.70121104675817,23.34940578868814,23.421070098876953,1145500,0.0,0.0
2018-08-31 00:00:00-04:00,23.362433074568596,23.54484948926313,23.336372876687303,23.518789291381836,1212600,0.0,0.0
2018-09-04 00:00:00-04:00,23.531824882944214,23.883630180745644,23.518794780962182,23.68166732788086,1551000,0.0,0.0
2018-09-05 00:00:00-04:00,23.63605971663674,23.86408273972987,23.53833769408609,23.805448532104492,1226800,0.0,0.0
2018-09-06 00:00:00-04:00,23.844537567950272,23.96832228218508,23.629547119140625,23.629547119140625,1312600,0.0,0.0
2018-09-07 00:00:00-04:00,23.518791028527385,23.590455335375584,22.873817237368492,23.03668975830078,1748800,0.0,0.0
2018-09-10 00:00:00-04:00,23.206075162451093,23.531820191343815,23.1930450630669,23.401521682739258,2127600,0.0,0.0
2018-09-11 00:00:00-04:00,23.297287610937097,23.388498323218663,23.06275323506931,23.232139587402344,1225900,0.0,0.0
2018-09-12 00:00:00-04:00,23.193045772377253,23.49924690417688,23.134411565973867,23.466672897338867,1585900,0.0,0.0
2018-09-13 00:00:00-04:00,23.557881502843127,23.740297932363344,23.388495173322564,23.67514991760254,1769900,0.0,0.0
2018-09-14 00:00:00-04:00,23.70693994291521,23.70693994291521,23.42881503845953,23.60761070251465,1510500,0.588,0.0
2018-09-17 00:00:00-04:00,23.653960575132395,23.75328979756798,23.54800788886766,23.69369125366211,1337200,0.0,0.0
2018-09-18 00:00:00-04:00,23.700317052449346,23.812890687522703,23.269882801154804,23.34272575378418,1415600,0.0,0.0
2018-09-19 00:00:00-04:00,23.342722863774952,23.42218674493623,22.832824784610207,22.912288665771484,2040900,0.0,0.0
2018-09-20 00:00:00-04:00,23.044735448574382,23.581122453450938,22.846074436953668,23.52814483642578,1844900,0.0,0.0
2018-09-21 00:00:00-04:00,23.495029221731293,23.879109270916903,23.448675081465606,23.77977752685547,2845600,0.0,0.0
2018-09-24 00:00:00-04:00,23.68043927544708,23.773150056612863,23.256628665988323,23.329471588134766,1314400,0.0,0.0
2018-09-25 00:00:00-04:00,23.329477143773573,23.355965944700365,22.978509372882442,22.985130310058594,1416500,0.0,0.0
2018-09-26 00:00:00-04:00,23.02486086600292,23.104324733542178,22.71362380615052,22.720247268676758,1261300,0.0,0.0
2018-09-27 00:00:00-04:00,22.779854172016314,22.905672219031747,22.54808089453096,22.574569702148438,1188400,0.0,0.0
2018-09-28 00:00:00-04:00,22.514963348738362,22.865931086701455,22.43549947952444,22.859310150146484,1713400,0.0,0.0
2018-10-01 00:00:00-04:00,22.925531219362842,23.124192169311122,22.759980006720774,22.766603469848633,2099100,0.0,0.0
2018-10-02 00:00:00-04:00,22.779847936330505,22.846067411135756,22.54145378525393,22.54807472229004,1132300,0.0,0.0
2018-10-03 00:00:00-04:00,22.614301191707806,22.6606553384531,22.144133733687433,22.32292938232422,1487300,0.0,0.0
2018-10-04 00:00:00-04:00,22.216970743546046,22.32954687418154,21.985200071812482,22.197105407714844,1467700,0.0,0.0
2018-10-05 00:00:00-04:00,22.20372755220475,22.27657048902974,22.03155540470923,22.0447998046875,1541000,0.0,0.0
2018-10-08 00:00:00-04:00,22.150752513000537,22.614296408520044,22.071288639117796,22.455366134643555,1475400,0.0,0.0
2018-10-09 00:00:00-04:00,22.47523376953034,22.49510163461564,22.157375715389488,22.21697425842285,1325100,0.0,0.0
2018-10-10 00:00:00-04:00,22.183862878740946,22.25008235450171,21.45543854092821,21.488548278808594,2901200,0.0,0.0
2018-10-11 00:00:00-04:00,21.521662000625852,21.561395209104088,20.846212613165132,20.85945701599121,3900800,0.0,0.0
2018-10-12 00:00:00-04:00,21.15744628344884,21.19055602201101,20.766745305748568,20.919052124023438,3135200,0.0,0.0
2018-10-15 00:00:00-04:00,20.912430723598263,21.250155374683665,20.885943184346495,21.07798194885254,2365000,0.0,0.0
2018-10-16 00:00:00-04:00,21.203795339399583,21.375967454314114,21.05148855763774,21.28988265991211,2070400,0.0,0.0
2018-10-17 00:00:00-04:00,21.256773998312656,21.309751597160574,20.965404782981974,21.018381118774414,1636700,0.0,0.0
2018-10-18 00:00:00-04:00,20.99189362555946,21.18393236955603,20.95216042634184,21.05811309814453,2842700,0.0,0.0
2018-10-19 00:00:00-04:00,21.104470257114595,21.375972896075805,21.104470257114595,21.30975341796875,2484100,0.0,0.0
2018-10-22 00:00:00-04:00,21.342861798264284,21.47530327215789,21.02500377658622,21.044870376586914,1593500,0.0,0.0
2018-10-23 00:00:00-04:00,20.925677346514398,21.34948938704098,20.91905514523445,21.210424423217773,1654500,0.0,0.0
2018-10-24 00:00:00-04:00,21.263403229466856,21.72032377598225,21.230293484260518,21.356111526489258,2170400,0.0,0.0
2018-10-25 00:00:00-04:00,21.574634638216487,22.11764239834554,21.263397558833628,21.654098510742188,4212200,0.0,0.0
2018-10-26 00:00:00-04:00,21.389218494323305,21.409086359756593,20.011832305865507,20.184005737304688,5514300,0.0,0.0
2018-10-29 00:00:00-04:00,20.28333422223673,20.985272280336023,20.28333422223673,20.773366928100586,3100200,0.0,0.0
2018-10-30 00:00:00-04:00,20.832966908346418,21.177313781969257,20.627683729594825,20.93229866027832,2293700,0.0,0.0
2018-10-31 00:00:00-04:00,20.97864708998885,21.044867818887482,20.256843797409985,20.27008819580078,2844200,0.0,0.0
2018-11-01 00:00:00-04:00,20.349555526754113,20.919052124023438,20.197248708479243,20.919052124023438,1964000,0.0,0.0
2018-11-02 00:00:00-04:00,20.991895521524626,21.071359401025994,20.323068430952734,20.64754867553711,1910600,0.0,0.0
2018-11-05 00:00:00-05:00,20.753504498770624,21.038252846712204,20.674039344183477,20.94554328918457,1223100,0.0,0.0
2018-11-06 00:00:00-05:00,20.991893582405933,21.117711590503305,20.872696511109073,21.018381118774414,1358000,0.0,0.0
2018-11-07 00:00:00-05:00,21.15745046448117,21.29651290958979,20.879324311208116,21.276647567749023,1183400,0.0,0.0
2018-11-08 00:00:00-05:00,21.230290144723977,21.38921790715963,21.09784865862011,21.382596969604492,1228600,0.0,0.0
2018-11-09 00:00:00-05:00,21.37597508070918,21.813030248771994,21.349488802426144,21.700456619262695,1762700,0.0,0.0
2018-11-12 00:00:00-05:00,21.64747405920211,21.859379393667318,21.607743387809165,21.63422966003418,1628500,0.0,0.0
2018-11-13 00:00:00-05:00,21.70707930481557,21.85276521460197,21.56801685971671,21.766677856445312,1453800,0.0,0.0
2018-11-14 00:00:00-05:00,21.852760304562253,21.938847643376167,21.627610551895046,21.74018669128418,2448000,0.0,0.0
2018-11-15 00:00:00-05:00,21.66072264080258,21.91236122136005,21.157448005798976,21.87925148010254,2204700,0.0,0.0
2018-11-16 00:00:00-05:00,21.80640205148469,22.567938504589268,21.80640205148469,22.422252655029297,2995500,0.0,0.0
2018-11-19 00:00:00-05:00,22.461990916831496,22.581188011116332,22.038180148757156,22.157377243041992,1595000,0.0,0.0
2018-11-20 00:00:00-05:00,22.144130162259156,22.567943405181197,21.918980403189465,21.92560386657715,2065700,0.0,0.0
2018-11-21 00:00:00-05:00,21.819654652607593,21.985205898035403,21.52828284394327,21.568016052246094,1898800,0.0,0.0
2018-11-23 00:00:00-05:00,21.561394057629226,21.67396768647164,21.270022263239152,21.46868324279785,794700,0.0,0.0
2018-11-26 00:00:00-05:00,21.601126632601886,22.03156089782715,21.574640352152535,22.03156089782715,2045400,0.0,0.0
2018-11-27 00:00:00-05:00,22.051426224695614,22.1772467927189,21.9189847180924,22.144134521484375,1187100,0.0,0.0
2018-11-28 00:00:00-05:00,22.130889252655034,22.54807909799944,22.117647376013082,22.35603904724121,1207000,0.0,0.0
2018-11-29 00:00:00-05:00,22.322924118736086,22.554697323923595,22.210350510644883,22.34941291809082,1354100,0.0,0.0
2018-11-30 00:00:00-05:00,22.44212432260588,22.514967267944687,22.309682833454534,22.495101928710938,2087200,0.0,0.0
2018-12-03 00:00:00-05:00,22.607675399907453,22.614298863681523,22.104400775863176,22.448747634887695,2082400,0.0,0.0
2018-12-04 00:00:00-05:00,22.44874848062086,22.872559238121884,22.395770872877545,22.461990356445312,1976600,0.0,0.0
2018-12-06 00:00:00-05:00,22.395771074471433,22.799716495760485,21.912361766963492,22.77322769165039,2542500,0.0,0.0
2018-12-07 00:00:00-05:00,22.733493798744618,22.74011473578073,22.409012309532383,22.54807472229004,1600000,0.0,0.0
2018-12-10 00:00:00-05:00,22.634161903268758,22.680516040532787,22.177241467618575,22.501720428466797,1394000,0.0,0.0
2018-12-11 00:00:00-05:00,22.620917224080024,22.978508443800035,22.620917224080024,22.819578170776367,1792700,0.0,0.0
2018-12-12 00:00:00-05:00,22.965270543987483,23.06460230850612,22.554704134459744,22.561325073242188,1786800,0.0,0.0
2018-12-13 00:00:00-05:00,22.68713716926478,23.17716987234026,22.601052357110323,23.144060134887695,2455600,0.0,0.0
2018-12-14 00:00:00-05:00,23.1784353759587,23.60978706996555,23.084077514277066,23.60304832458496,2563400,0.611,0.0
2018-12-17 00:00:00-05:00,23.60304943147248,23.710887360031357,22.403352154872625,22.490968704223633,2751300,0.0,0.0
2018-12-18 00:00:00-05:00,22.699900699570414,23.1514711201804,22.544883872895713,22.854917526245117,2887100,0.0,0.0
2018-12-19 00:00:00-05:00,22.848183595222935,23.02341926240441,22.376391700575752,22.42357063293457,2155000,0.0,0.0
2018-12-20 00:00:00-05:00,22.464012616779755,22.477490109052752,21.55412762480112,21.85068130493164,2849200,0.0,0.0
2018-12-21 00:00:00-05:00,21.911339231376004,22.571849447011306,21.621526882633578,21.65522575378418,3856900,0.0,0.0
2018-12-24 00:00:00-05:00,21.608037753346295,21.783273352436957,20.630755473686794,20.65097427368164,1484700,0.0,0.0
2018-12-26 00:00:00-05:00,20.731855269990255,21.648477378840482,20.597057258277133,21.614778518676758,2226700,0.0,0.0
2018-12-27 00:00:00-05:00,21.50020669852488,21.675443649291992,20.900358075709004,21.675443649291992,1890200,0.0,0.0
2018-12-28 00:00:00-05:00,21.830459594726562,22.140493296993345,21.601303690647015,21.830459594726562,1794100,0.0,0.0
2018-12-31 00:00:00-05:00,21.830458766485062,21.918077877647985,21.479986178421495,21.84393882751465,1380900,0.0,0.0
2019-01-02 00:00:00-05:00,21.567606302308,21.70240435590923,21.284531418169028,21.6350040435791,2250000,0.0,0.0
2019-01-03 00:00:00-05:00,21.5608621129417,22.214629590107055,21.554122083008536,21.978734970092773,1889100,0.0,0.0
2019-01-04 00:00:00-05:00,22.100054557999638,22.524664905153788,22.073094436290535,22.3629093170166,1693600,0.0,0.0
2019-01-07 00:00:00-05:00,22.423569890823963,22.888620453423847,22.383129705400922,22.612285614013672,1796800,0.0,0.0
2019-01-08 00:00:00-05:00,22.71338537321262,23.205396072017017,22.679686503360614,23.111038208007812,1804600,0.0,0.0
2019-01-09 00:00:00-05:00,23.25257059850187,23.353669759962226,22.868397898646084,23.198650360107422,1525900,0.0,0.0
2019-01-10 00:00:00-05:00,23.07059409517676,23.46824686229562,22.93579606765098,23.394107818603516,1305500,0.0,0.0
2019-01-11 00:00:00-05:00,23.42107440510221,23.589571343268414,23.164958339192996,23.474994659423828,1291000,0.0,0.0
2019-01-14 00:00:00-05:00,23.421063552285105,23.589560412373487,23.313225664670863,23.43454360961914,1209700,0.0,0.0
2019-01-15 00:00:00-05:00,23.48846634469216,23.683923361694678,23.41432986991818,23.481727600097656,1620800,0.0,0.0
2019-01-16 00:00:00-05:00,23.522175398187684,23.771550165878796,23.373897258504595,23.616533279418945,1196100,0.0,0.0
2019-01-17 00:00:00-05:00,23.549128001279758,23.91982327248788,23.508690387008976,23.879383087158203,1412000,0.0,0.0
2019-01-18 00:00:00-05:00,23.87937921598693,24.074836223472456,23.832200292946766,24.020915985107422,1676700,0.0,0.0
2019-01-22 00:00:00-05:00,24.047871021180477,24.148970161215882,23.778275028458026,23.973731994628906,2496300,0.0,0.0
2019-01-23 00:00:00-05:00,23.973744092705363,24.061363220214844,23.764806964354825,24.061363220214844,1446700,0.0,0.0
2019-01-24 00:00:00-05:00,24.07483939178224,24.27029385393159,23.832203429325048,24.202896118164062,1399800,0.0,0.0
2019-01-25 00:00:00-05:00,24.310732715661327,24.411831884872207,24.16245461976768,24.297252655029297,1609800,0.0,0.0
2019-01-28 00:00:00-05:00,24.18941294790195,24.485969117705917,24.007435999447285,24.425310134887695,1385900,0.0,0.0
2019-01-29 00:00:00-05:00,24.47249635679771,24.620771914863198,24.364658418632242,24.539894104003906,1842000,0.0,0.0
2019-01-30 00:00:00-05:00,24.52640368611671,24.937536455261956,24.519664942664665,24.82969856262207,2302300,0.0,0.0
2019-01-31 00:00:00-05:00,24.80948902552061,25.092562635258318,24.634250777632303,25.072343826293945,2633400,0.0,0.0
2019-02-01 00:00:00-05:00,25.106038084244688,25.153217010530387,24.290513705810547,24.674686431884766,2029300,0.0,0.0
2019-02-04 00:00:00-05:00,24.667948346596994,24.897104263305664,24.5466303571007,24.897104263305664,1898900,0.0,0.0
2019-02-05 00:00:00-05:00,24.883615316277947,24.8903566305424,24.735339826214854,24.849916458129883,1994700,0.0,0.0
2019-02-06 00:00:00-05:00,24.85666406851729,24.87688287431588,24.634246920497908,24.762306213378906,1593100,0.0,0.0
2019-02-07 00:00:00-05:00,24.694902071649835,24.74882230681246,24.51966644948796,24.627504348754883,1716500,0.0,0.0
2019-02-08 00:00:00-05:00,24.56685645907463,24.748833478304455,24.4994561346972,24.6072940826416,1772400,0.0,0.0
2019-02-11 00:00:00-05:00,24.654466607657444,24.816222185077667,24.42531073043001,24.519668579101562,2627100,0.0,0.0
2019-02-12 00:00:00-05:00,24.452273259042492,24.68817049982081,24.054620407902142,24.122020721435547,2355100,0.0,0.0
2019-02-13 00:00:00-05:00,24.10179569970424,24.22311367467234,23.940040113785894,24.155715942382812,2570100,0.0,0.0
2019-02-14 00:00:00-05:00,24.19615447897224,24.263552206678497,23.54238572177579,23.771541595458984,4898300,0.0,0.0
2019-02-15 00:00:00-05:00,23.845682709474023,24.0748386030585,23.55586782726252,23.67044448852539,3105200,0.0,0.0
2019-02-19 00:00:00-05:00,23.710884027616906,24.108536815363742,23.704142711808725,23.852420806884766,3794500,0.0,0.0
2019-02-20 00:00:00-05:00,23.85241959960056,24.14223445927555,23.737842947247366,24.07483673095703,3860700,0.0,0.0
2019-02-21 00:00:00-05:00,24.074838149423638,24.270292601486748,23.993957785405783,24.155715942382812,2819300,0.0,0.0
2019-02-22 00:00:00-05:00,24.19615409727106,24.36465098493713,23.90633924480074,23.980478286743164,2810600,0.0,0.0
2019-02-25 00:00:00-05:00,23.946785863728365,24.095064003411455,23.333457064665723,23.616533279418945,3057500,0.0,0.0
2019-02-26 00:00:00-05:00,23.704149842814015,23.778288912655558,23.528914144964446,23.616533279418945,1788500,0.0,0.0
2019-02-27 00:00:00-05:00,23.508687487474525,23.663704322197006,23.394108262035296,23.58956527709961,1821800,0.0,0.0
2019-02-28 00:00:00-05:00,23.589563269913,24.128752773299343,23.57608321094605,23.872636795043945,3160400,0.0,0.0
2019-03-01 00:00:00-05:00,23.926562517324996,24.162457175691944,23.582829933553306,24.115278244018555,2274700,0.0,0.0
2019-03-04 00:00:00-05:00,24.26355484886868,24.26355484886868,23.69066638780502,24.0411376953125,2239900,0.0,0.0
2019-03-05 00:00:00-05:00,24.020921133057787,24.108540253649476,23.751327596631167,23.791765213012695,2519100,0.0,0.0
2019-03-06 00:00:00-05:00,23.973741025930913,23.980482342370404,23.596307008145473,23.60304832458496,2193500,0.0,0.0
2019-03-07 00:00:00-05:00,23.656962325867248,23.70414124937916,23.3941075888556,23.50194549560547,2771800,0.0,0.0
2019-03-08 00:00:00-05:00,23.441287994384766,23.603046150265577,23.272791093744143,23.441287994384766,1768000,0.0,0.0
2019-03-11 00:00:00-04:00,23.54238527375107,23.62326305967113,23.3941071903489,23.57608413696289,2544100,0.0,0.0
2019-03-12 00:00:00-04:00,23.710883589623442,23.75806251517456,23.495207766801585,23.656963348388672,2636400,0.0,0.0
2019-03-13 00:00:00-04:00,23.67718374824682,23.89959830652428,23.656962373088135,23.771541595458984,2145800,0.0,0.0
2019-03-14 00:00:00-04:00,23.861391114689372,23.991705326355103,23.737934444107744,23.847673416137695,1784700,0.611,0.0
2019-03-15 00:00:00-04:00,23.861387645511442,23.971126601586576,23.779081466167767,23.957408905029297,2424000,0.0,0.0
2019-03-18 00:00:00-04:00,23.936840253227953,23.99856859652516,23.724219822674506,23.881969451904297,1501200,0.0,0.0
2019-03-19 00:00:00-04:00,23.881966886326982,23.998566018421904,23.600760600712036,23.66248893737793,1689200,0.0,0.0
2019-03-20 00:00:00-04:00,23.66249229020885,23.799666681834665,23.381285964748677,23.59390640258789,1899200,0.0,0.0
2019-03-21 00:00:00-04:00,23.593903551205948,24.17003383330048,23.532175213253545,24.16317367553711,2493000,0.0,0.0
2019-03-22 00:00:00-04:00,24.1220214412594,24.499251640235492,24.06029571748187,24.08772850036621,3093700,0.0,0.0
2019-03-25 00:00:00-04:00,24.087727781565693,24.218044616008175,24.04657730027531,24.122020721435547,2457300,0.0,0.0
2019-03-26 00:00:00-04:00,24.18374771930587,24.403228278351556,24.163172479801116,24.368932723999023,2906400,0.0,0.0
2019-03-27 00:00:00-04:00,24.36207848351401,24.464957311359182,24.142600511117077,24.314067840576172,1447800,0.0,0.0
2019-03-28 00:00:00-04:00,24.389512248465607,24.650140687967916,24.320923751451602,24.437522888183594,1866700,0.0,0.0
2019-03-29 00:00:00-04:00,24.51296417489305,24.57469250204786,24.23861547278653,24.320919036865234,2099600,0.0,0.0
2019-04-01 00:00:00-04:00,24.327786219280238,24.56098189850263,24.14945872649518,24.51982879638672,2115300,0.0,0.0
2019-04-02 00:00:00-04:00,24.47181367679171,24.5403995513916,24.211182643821992,24.5403995513916,1805800,0.0,0.0
2019-04-03 00:00:00-04:00,24.540400598801092,24.615846633911133,24.389511144964533,24.615846633911133,1378200,0.0,0.0
2019-04-04 00:00:00-04:00,24.622710508255512,24.663860994430035,24.512971517816933,24.643285751342773,961100,0.0,0.0
2019-04-05 00:00:00-04:00,24.670717136868923,24.95878095873193,24.670717136868923,24.93820571899414,1741100,0.0,0.0
2019-04-08 00:00:00-04:00,24.931347613421107,24.965643170984706,24.780458148952825,24.89705467224121,1152600,0.0,0.0
2019-04-09 00:00:00-04:00,24.897050801739354,24.93134373758806,24.61584454156668,24.67071533203125,1262900,0.0,0.0
2019-04-10 00:00:00-04:00,24.76673745965931,24.89705166696642,24.622705554259337,24.835323333740234,844200,0.0,0.0
2019-04-11 00:00:00-04:00,24.89019775390625,25.034229680299156,24.80103401149855,24.89019775390625,1001800,0.0,0.0
2019-04-12 00:00:00-04:00,24.86961693628392,25.06166209833967,24.656999151113435,25.05480194091797,1291300,0.0,0.0
2019-04-15 00:00:00-04:00,25.068521451549397,25.13710994880729,24.897054132980134,25.082239151000977,1205000,0.0,0.0
2019-04-16 00:00:00-04:00,25.0685205624761,25.102813501696996,24.6227071198373,24.7255859375,1628600,0.0,0.0
2019-04-17 00:00:00-04:00,24.821607887590332,24.821607887590332,24.416944914479664,24.70501136779785,1369000,0.0,0.0
2019-04-18 00:00:00-04:00,24.739306414772305,24.82161000142214,24.615849726605624,24.650142669677734,1822300,0.0,0.0
2019-04-22 00:00:00-04:00,24.560983872960662,24.608994521096857,24.101450019734653,24.27977752685547,2750500,0.0,0.0
2019-04-23 00:00:00-04:00,24.416946485084214,24.74616605759145,24.29348979948995,24.595273971557617,2134400,0.0,0.0
2019-04-24 00:00:00-04:00,24.663863732758486,25.04795155012918,24.519831782388554,24.581560134887695,2810900,0.0,0.0
2019-04-25 00:00:00-04:00,23.731071840215524,23.731071840215524,22.290747653756828,22.39362907409668,9957300,0.0,0.0
2019-04-26 00:00:00-04:00,22.434780637858456,22.434780637858456,21.920378743962313,22.249595642089844,6279600,0.0,0.0
2019-04-29 00:00:00-04:00,22.208445299543552,22.42106307582277,21.954671813222102,21.9683895111084,3579800,0.0,0.0
2019-04-30 00:00:00-04:00,21.954680987492445,22.304475888804493,21.927246888447552,22.277040481567383,3281200,0.0,0.0
2019-05-01 00:00:00-04:00,22.25645670761012,22.304467343689378,21.913522097682026,21.920379638671875,2537100,0.0,0.0
2019-05-02 00:00:00-04:00,21.954677226521532,21.9889727878851,21.61174385214979,21.632320404052734,3514300,0.0,0.0
2019-05-03 00:00:00-04:00,21.70776248423381,21.790067373566643,21.5911646541242,21.67346954345703,3066600,0.0,0.0
2019-05-06 00:00:00-04:00,21.550013859446402,21.62545990247211,21.29624163811842,21.330535888671875,2965000,0.0,0.0
2019-05-07 00:00:00-04:00,21.33053444656638,21.474566364577555,20.99445866301516,21.165925979614258,2972100,0.0,0.0
2019-05-08 00:00:00-04:00,21.2070743598367,21.467704063561424,21.159063728218324,21.255084991455078,2897100,0.0,0.0
2019-05-09 00:00:00-04:00,21.172787174450725,21.351112052257033,21.035612782700692,21.24137306213379,2380500,0.0,0.0
2019-05-10 00:00:00-04:00,21.22079452663107,21.51571850740087,21.131630793370007,21.50200080871582,2193900,0.0,0.0
2019-05-13 00:00:00-04:00,21.323675828535166,21.632317525042705,21.23451209034773,21.53629493713379,2247900,0.0,0.0
2019-05-14 00:00:00-04:00,21.625461043732066,21.947819166795263,21.58430794089611,21.803787231445312,2436500,0.0,0.0
2019-05-15 00:00:00-04:00,21.81064066815022,22.05069646492995,21.694042848447,21.920379638671875,1663000,0.0,0.0
2019-05-16 00:00:00-04:00,21.947819280488694,22.263318554713575,21.913526336139718,22.194732666015625,1978400,0.0,0.0
2019-05-17 00:00:00-04:00,22.10556564909168,22.194729384322496,22.002686831256327,22.009544372558594,1690300,0.0,0.0
2019-05-20 00:00:00-04:00,21.98211181943407,22.04384016467738,21.570591262067925,21.68718910217285,2411900,0.0,0.0
2019-05-21 00:00:00-04:00,21.84493639481251,22.05755550108659,21.783208056185874,21.838077545166016,1781400,0.0,0.0
2019-05-22 00:00:00-04:00,21.810644484467527,21.844938736376005,21.536297010159448,21.68718910217285,2437800,0.0,0.0
2019-05-23 00:00:00-04:00,21.563732845045116,21.810644922788523,21.515722199600344,21.76263427734375,1789300,0.0,0.0
2019-05-24 00:00:00-04:00,21.886091198803328,21.940960695340475,21.44713522650613,21.47456932067871,2536600,0.0,0.0
2019-05-28 00:00:00-04:00,21.58430496828001,21.755772281905916,21.234511491500147,21.303098678588867,3071100,0.0,0.0
2019-05-29 00:00:00-04:00,21.309956889930415,21.399120622933026,21.001316519561957,21.07676124572754,2524500,0.0,0.0
2019-05-30 00:00:00-04:00,21.076759200537914,21.255085341047465,21.076759200537914,21.11791229248047,1323100,0.0,0.0
2019-05-31 00:00:00-04:00,21.07676203605429,21.213936411267362,20.97388190874039,21.021892547607422,3392700,0.0,0.0
2019-06-03 00:00:00-04:00,21.09047952880388,21.42655530577579,20.994458252009558,21.316816329956055,2546100,0.0,0.0
2019-06-04 00:00:00-04:00,21.316821578087144,21.488288933544148,20.884724417940017,21.06304931640625,5379000,0.0,0.0
2019-06-05 00:00:00-04:00,21.19335769666191,21.598020623174754,20.967020916425202,21.577444076538086,3886100,0.0,0.0
2019-06-06 00:00:00-04:00,21.646032024221192,21.790065239398757,21.06990177989436,21.28938102722168,3236800,0.0,0.0
2019-06-07 00:00:00-04:00,21.364828013083184,21.495143543813406,21.309958522490223,21.392263412475586,3924200,0.0,0.0
2019-06-10 00:00:00-04:00,21.502007580762655,21.659757240748643,21.3168225147658,21.570594787597656,4193900,0.0,0.0
2019-06-11 00:00:00-04:00,21.721483205526546,21.78321155406533,21.54315701065807,21.728342056274414,2131900,0.0,0.0
2019-06-12 00:00:00-04:00,21.64603345044361,21.851795013084324,21.591163962044444,21.700902938842773,2490700,0.0,0.0
2019-06-13 00:00:00-04:00,21.7626354127884,22.009548811606248,21.728342466593492,22.0026912689209,4876500,0.0,0.0
2019-06-14 00:00:00-04:00,22.04534041554976,22.220136958012944,21.856559829627493,22.185176849365234,2600100,0.611,0.0
2019-06-17 00:00:00-04:00,22.213142335154952,22.674605046533767,22.199158293333383,22.646636962890625,2453200,0.0,0.0
2019-06-18 00:00:00-04:00,22.737529842321056,22.842406145711703,22.41590491109691,22.576717376708984,2667300,0.0,0.0
2019-06-19 00:00:00-04:00,22.499809549986423,22.80045979489444,22.35997179258075,22.765501022338867,1756300,0.0,0.0
2019-06-20 00:00:00-04:00,22.89834452682342,23.059157008018506,22.730538691081474,22.758506774902344,1939400,0.0,0.0
2019-06-21 00:00:00-04:00,22.72354782417697,22.72354782417697,22.164199488095417,22.41590690612793,3135700,0.0,0.0
2019-06-24 00:00:00-04:00,22.44386766081159,22.49980381639308,21.842568657815427,22.031349182128906,2594800,0.0,0.0
2019-06-25 00:00:00-04:00,22.04533617129962,22.08029493962515,21.569889453959846,21.590864181518555,2656600,0.0,0.0
2019-06-26 00:00:00-04:00,21.5908670126629,21.62582711916417,21.0315186445596,21.297208786010742,6252800,0.0,0.0
2019-06-27 00:00:00-04:00,21.40208496553255,21.660783051761143,21.32517407490655,21.590864181518555,3144500,0.0,0.0
2019-06-28 00:00:00-04:00,21.646798135321678,21.884521484375,21.569888581398406,21.884521484375,4108300,0.0,0.0
2019-07-01 00:00:00-04:00,22.087292686709844,22.087292686709844,21.36013838139982,21.479000091552734,4331200,0.0,0.0
2019-07-02 00:00:00-04:00,21.534931204656758,22.1502157154136,21.465013661990806,22.108264923095703,3112200,0.0,0.0
2019-07-03 00:00:00-04:00,22.185171366077828,22.3669598853397,22.10826181324541,22.352975845336914,1161400,0.0,0.0
2019-07-05 00:00:00-04:00,22.23411441634864,22.304033283537958,21.842570627116523,22.0872859954834,1642500,0.0,0.0
2019-07-08 00:00:00-04:00,22.010375656726932,22.276067091949223,21.982408909309143,22.00338363647461,1880900,0.0,0.0
2019-07-09 00:00:00-04:00,22.00338530633311,22.101272263702878,21.70972710140702,22.094280242919922,2096400,0.0,0.0
2019-07-10 00:00:00-04:00,22.32501551260659,22.429894509166402,22.066316032599882,22.422901153564453,3355000,0.0,0.0
2019-07-11 00:00:00-04:00,21.695745608302254,21.744688422931926,20.58403957980207,20.74485206604004,11058100,0.0,0.0
2019-07-12 00:00:00-04:00,20.786800144023715,21.122409115006526,20.702898568073763,21.09444236755371,3972600,0.0,0.0
2019-07-15 00:00:00-04:00,21.213304276799988,21.499970442681757,21.108426638919845,21.26224708557129,2480200,0.0,0.0
2019-07-16 00:00:00-04:00,21.185336347885496,21.625824297179687,21.11541881119,21.374116897583008,2465700,0.0,0.0
2019-07-17 00:00:00-04:00,21.472005360527707,21.478997381841893,21.003551934802555,21.080461502075195,2174600,0.0,0.0
2019-07-18 00:00:00-04:00,21.00355252537635,21.374120330305853,20.91265757932786,21.353145599365234,2148200,0.0,0.0
2019-07-19 00:00:00-04:00,21.32517458490262,21.360133354064196,21.010540328082186,21.017532348632812,2032800,0.0,0.0
2019-07-22 00:00:00-04:00,21.080456898633976,21.178343842064837,20.779806715736914,20.99655532836914,2673100,0.0,0.0
2019-07-23 00:00:00-04:00,21.003551829970554,21.360135580072367,20.919648908210792,21.283226013183594,1531600,0.0,0.0
2019-07-24 00:00:00-04:00,21.29720634242284,21.388101275305385,21.129401851245316,21.16436195373535,2211800,0.0,0.0
2019-07-25 00:00:00-04:00,21.15038031212774,21.199323127574523,20.968591759331343,21.024526596069336,1860800,0.0,0.0
2019-07-26 00:00:00-04:00,21.017530601719532,21.059482721536362,20.828751396909585,20.91265296936035,2658300,0.0,0.0
2019-07-29 00:00:00-04:00,20.961595775555203,21.017530601719532,20.884686223073913,20.91265296936035,2467000,0.0,0.0
2019-07-30 00:00:00-04:00,20.884685516357422,21.024521910240594,20.751839808615717,20.884685516357422,2936500,0.0,0.0
2019-07-31 00:00:00-04:00,20.84273683532807,20.884688960643995,20.472169063512087,20.56306266784668,4382000,0.0,0.0
2019-08-01 00:00:00-04:00,21.03850876854337,21.870540557954616,20.95460585409864,21.555906295776367,6872300,0.0,0.0
2019-08-02 00:00:00-04:00,21.674766305813378,22.548748818144563,21.597855417978963,21.98240852355957,6940100,0.0,0.0
2019-08-05 00:00:00-04:00,21.863547485437618,21.94744906225429,21.492978409321356,21.737693786621094,3417000,0.0,0.0
2019-08-06 00:00:00-04:00,21.73070601543615,21.81460894225043,21.47200654688458,21.54192543029785,2145100,0.0,0.0
2019-08-07 00:00:00-04:00,21.54192098756953,21.709725472998922,21.353141774956157,21.569889068603516,2373600,0.0,0.0
2019-08-08 00:00:00-04:00,21.527937716678906,21.82858657836914,21.437042789291127,21.82858657836914,2384800,0.0,0.0
2019-08-09 00:00:00-04:00,21.76566102961224,21.8915147312924,21.367125196686093,21.3811092376709,2038700,0.0,0.0
2019-08-12 00:00:00-04:00,21.395092791838067,21.75866984762102,21.38110875117145,21.737693786621094,1348400,0.0,0.0
2019-08-13 00:00:00-04:00,21.66777578831471,21.863548364746393,21.527939376799143,21.660783767700195,1588500,0.0,0.0
2019-08-14 00:00:00-04:00,21.57687893144776,21.625821734772067,21.33915560079423,21.402082443237305,1840200,0.0,0.0
2019-08-15 00:00:00-04:00,21.45801515397275,21.76565598275576,21.41606304074587,21.667770385742188,1532900,0.0,0.0
2019-08-16 00:00:00-04:00,21.744689954297797,22.157209897501918,21.667779049553776,22.017372131347656,1959700,0.0,0.0
2019-08-19 00:00:00-04:00,22.02436667803303,22.37395979990657,21.989407899282444,22.304040908813477,1250700,0.0,0.0
2019-08-20 00:00:00-04:00,22.37395230303236,22.394927029817907,21.92647368372099,21.94045639038086,1130400,0.0,0.0
2019-08-21 00:00:00-04:00,21.982409457003364,22.283059667386503,21.835579695229292,22.178180694580078,2468100,0.0,0.0
2019-08-22 00:00:00-04:00,22.22013497679853,22.29704454178243,22.066313179647402,22.129240036010742,1359000,0.0,0.0
2019-08-23 00:00:00-04:00,22.115258465346937,22.325015121197197,21.69574782083005,21.77265739440918,1814400,0.0,0.0
2019-08-26 00:00:00-04:00,21.898506011459837,22.04533576965332,21.814604435570562,22.04533576965332,1129800,0.0,0.0
2019-08-27 00:00:00-04:00,22.17818119386127,22.22013331736489,21.821596145629883,21.821596145629883,1586700,0.0,0.0
2019-08-28 00:00:00-04:00,21.849562013662347,22.129236140718938,21.828585954036313,22.073301315307617,1250200,0.0,0.0
2019-08-29 00:00:00-04:00,22.192169254248704,22.276072182860027,22.14322643488869,22.248104095458984,998800,0.0,0.0
2019-08-30 00:00:00-04:00,22.290046302855252,22.471834800129155,22.234111483201072,22.269071578979492,1396600,0.0,0.0
2019-09-03 00:00:00-04:00,22.227123876886985,22.653627769330676,22.11525288848921,22.63265037536621,2231900,0.0,0.0
2019-09-04 00:00:00-04:00,22.723545530708776,23.045170458096432,22.667609369154583,23.017202377319336,4154900,0.0,0.0
2019-09-05 00:00:00-04:00,23.031193158793435,23.205989714037663,22.78647904832502,23.136072158813477,3004000,0.0,0.0
2019-09-06 00:00:00-04:00,23.12907065222146,23.25492165932513,23.003216977935274,23.10809326171875,1572500,0.0,0.0
2019-09-09 00:00:00-04:00,23.07314992889806,23.492660678913396,22.96128021774835,23.37380027770996,3735900,0.0,0.0
2019-09-10 00:00:00-04:00,23.275901466751616,23.527608841460793,23.219965309179447,23.44370460510254,2187800,0.0,0.0
2019-09-11 00:00:00-04:00,23.597523167251847,24.003052253040337,23.471669496985243,23.702402114868164,3124000,0.0,0.0
2019-09-12 00:00:00-04:00,23.92614681025461,23.94013085092251,23.70939818067671,23.870210647583008,2045800,0.0,0.0
2019-09-13 00:00:00-04:00,23.806849853117793,23.856684550871435,23.109161368779464,23.173234939575195,3608500,0.611,0.0
2019-09-16 00:00:00-04:00,23.1732368876036,23.20883271530747,22.867107880932693,22.981016159057617,3670600,0.0,0.0
2019-09-17 00:00:00-04:00,23.02372726762992,23.066443880116548,22.88134127512808,22.95253562927246,2865200,0.0,0.0
2019-09-18 00:00:00-04:00,22.93829675665411,22.988131446657828,22.66064420708653,22.88846206665039,2234300,0.0,0.0
2019-09-19 00:00:00-04:00,22.99524952417825,23.173231335844935,22.874223195822626,22.88846206665039,2634800,0.0,0.0
2019-09-20 00:00:00-04:00,22.945418304347868,23.023730747850777,22.738960077695197,22.781675338745117,2680400,0.0,0.0
2019-09-23 00:00:00-04:00,22.72472216238666,22.952540066005568,22.24773076056441,22.297565460205078,3838000,0.0,0.0
2019-09-24 00:00:00-04:00,22.283325054817727,22.333161108926276,22.112462657269305,22.212133407592773,2745900,0.0,0.0
2019-09-25 00:00:00-04:00,22.233490358602808,22.439949937657335,22.13382096617297,22.212133407592773,2452000,0.0,0.0
2019-09-26 00:00:00-04:00,22.318917216138836,22.75319186968307,22.190770107328188,22.71759605407715,2383900,0.0,0.0
2019-09-27 00:00:00-04:00,22.724721189042366,22.966775240087433,22.724721189042366,22.909822463989258,1656700,0.0,0.0
2019-09-30 00:00:00-04:00,22.959656778525197,23.32273852798338,22.80303189423992,23.059326171875,2303400,0.0,0.0
2019-10-01 00:00:00-04:00,22.94542033135375,23.080685562943483,22.6535301989219,22.981016159057617,2398200,0.0,0.0
2019-10-02 00:00:00-04:00,22.97389553084867,22.97389553084867,22.682005430802405,22.795913696289062,1984000,0.0,0.0
2019-10-03 00:00:00-04:00,22.78167427966858,23.322737848864335,22.774554843508948,23.19459342956543,1815800,0.0,0.0
2019-10-04 00:00:00-04:00,23.151877500455548,23.29426351209124,22.83150965322206,22.93117904663086,2397900,0.0,0.0
2019-10-07 00:00:00-04:00,22.831506221678783,23.066443512935024,22.78167153246447,22.973892211914062,961800,0.0,0.0
2019-10-08 00:00:00-04:00,22.924058030813,23.066444024204277,22.532497227933735,22.767433166503906,2309100,0.0,0.0
2019-10-09 00:00:00-04:00,22.83862911037854,22.895581882226093,22.575214053748834,22.610811233520508,1081500,0.0,0.0
2019-10-10 00:00:00-04:00,22.560977853890876,23.03084843320447,22.51826123567666,22.99525260925293,2434300,0.0,0.0
2019-10-11 00:00:00-04:00,23.052205009287672,23.258661846839072,22.945414835964563,22.95253562927246,1614200,0.0,0.0
2019-10-14 00:00:00-04:00,23.030846008294386,23.223066696338577,22.895580805205658,23.137636184692383,960300,0.0,0.0
2019-10-15 00:00:00-04:00,23.10916548612496,23.358341735076092,23.073569655071324,23.34410285949707,1235400,0.0,0.0
2019-10-16 00:00:00-04:00,23.37257503301306,23.38681118940693,23.158994666084485,23.287141799926758,1479200,0.0,0.0
2019-10-17 00:00:00-04:00,23.287144066554934,23.465125912460955,23.265787114098192,23.32986068725586,1238800,0.0,0.0
2019-10-18 00:00:00-04:00,23.280024186309483,23.87092245678563,23.180354794840294,23.849565505981445,4590600,0.0,0.0
2019-10-21 00:00:00-04:00,23.82108462513132,24.241121802303827,23.813966547729393,24.162809371948242,2332800,0.0,0.0
2019-10-22 00:00:00-04:00,24.20552862696058,24.2126467051398,23.913638537443422,24.184171676635742,1419100,0.0,0.0
2019-10-23 00:00:00-04:00,24.162813157916716,24.42622823143832,24.155695079399486,24.41910743713379,1649900,0.0,0.0
2019-10-24 00:00:00-04:00,24.468944430036448,24.518779131694945,24.162815425112793,24.33367919921875,1560700,0.0,0.0
2019-10-25 00:00:00-04:00,24.255364856201545,24.383511997832706,24.112978841523887,24.269603729248047,1019000,0.0,0.0
2019-10-28 00:00:00-04:00,24.248246297397785,24.255364375886405,23.892282625646253,23.96347427368164,1590300,0.0,0.0
2019-10-29 00:00:00-04:00,24.013312613900695,24.15569864736239,23.785496046677068,24.08450698852539,2000700,0.0,0.0
2019-10-30 00:00:00-04:00,24.056029452753805,24.091625282489076,23.351220074529458,23.835330963134766,3186800,0.0,0.0
2019-10-31 00:00:00-04:00,23.543437986326243,23.62886851058768,22.916941138238442,23.35121726989746,4411300,0.0,0.0
2019-11-01 00:00:00-04:00,23.351219061745912,23.878046552656745,23.28714548468632,23.863807678222656,2348000,0.0,0.0
2019-11-04 00:00:00-05:00,23.991952613821162,24.476063436664308,23.899401296451554,24.468942642211914,4153200,0.0,0.0
2019-11-05 00:00:00-05:00,24.283842142637525,24.312319888191485,23.550557847240473,23.77125358581543,3297200,0.0,0.0
2019-11-06 00:00:00-05:00,23.764133959254362,23.984829683452542,23.57903134099905,23.942115783691406,1727900,0.0,0.0
2019-11-07 00:00:00-05:00,23.92788229307665,23.92788229307665,23.522083859361572,23.835330963134766,1960000,0.0,0.0
2019-11-08 00:00:00-05:00,23.757018917156625,23.82821329364031,23.15899973363255,23.166120529174805,2794300,0.0,0.0
2019-11-11 00:00:00-05:00,23.166117704483813,23.500721727900984,23.151878830923252,23.39393424987793,1885500,0.0,0.0
2019-11-12 00:00:00-05:00,23.458010289090062,23.614632483146675,23.21595484468869,23.251550674438477,1921700,0.0,0.0
2019-11-13 00:00:00-05:00,23.223065669204356,23.38680860752862,23.10203934270737,23.230186462402344,2935400,0.0,0.0
2019-11-14 00:00:00-05:00,23.258667270781224,23.68582534790039,23.258667270781224,23.68582534790039,1830000,0.0,0.0
2019-11-15 00:00:00-05:00,23.74278085194629,23.913644645549105,23.64311143725626,23.906526565551758,1543500,0.0,0.0
2019-11-18 00:00:00-05:00,23.934996880921073,24.16993421131763,23.863805231836416,24.07026481628418,1405000,0.0,0.0
2019-11-19 00:00:00-05:00,24.162812671654244,24.248245906865506,23.899400319220963,24.177051544189453,1237300,0.0,0.0
2019-11-20 00:00:00-05:00,24.18417562249629,24.319440856268578,24.091624296342825,24.255367279052734,1270000,0.0,0.0
2019-11-21 00:00:00-05:00,24.177054392758805,24.20553214118451,23.878046181651616,23.885164260864258,1283000,0.0,0.0
2019-11-22 00:00:00-05:00,23.934991700500795,24.098734630585323,23.749891823470776,24.056020736694336,1733600,0.0,0.0
2019-11-25 00:00:00-05:00,24.155694587408274,24.276720930247276,24.048904401313777,24.241125106811523,1672600,0.0,0.0
2019-11-26 00:00:00-05:00,24.048906323103683,24.063145196773284,22.867106966401302,23.208831787109375,5098100,0.0,0.0
2019-11-27 00:00:00-05:00,23.194591146677727,23.194591146677727,22.568094405228287,22.767433166503906,4635400,0.0,0.0
2019-11-29 00:00:00-05:00,22.767436090570246,23.045087319659704,22.767436090570246,22.86710548400879,1328400,0.0,0.0
2019-12-02 00:00:00-05:00,22.85286596008628,22.924060321790385,22.582334175078707,22.746078491210938,2430400,0.0,0.0
2019-12-03 00:00:00-05:00,22.710481943959703,23.01661227625368,22.682005556377202,22.99525260925293,2344300,0.0,0.0
2019-12-04 00:00:00-05:00,22.888465626095435,23.251547383413016,22.888465626095435,23.173234939575195,1932800,0.0,0.0
2019-12-05 00:00:00-05:00,23.137637950160748,23.2729031635706,23.01661160907623,23.06644630432129,1576000,0.0,0.0
2019-12-06 00:00:00-05:00,23.123403497608574,23.393936691924804,23.066450713208578,23.315624237060547,2208200,0.0,0.0
2019-12-09 00:00:00-05:00,23.351216738299684,23.657345718703723,23.28002508900042,23.493602752685547,1518400,0.0,0.0
2019-12-10 00:00:00-05:00,23.628863984706594,23.63598477790711,23.415286357068037,23.422407150268555,2051200,0.0,0.0
2019-12-11 00:00:00-05:00,23.336973699865208,23.5007166366569,23.194590426680676,23.2586612701416,1868300,0.0,0.0
2019-12-12 00:00:00-05:00,23.24442738579155,23.557674419494703,23.223067720098136,23.301380157470703,2764800,0.0,0.0
2019-12-13 00:00:00-05:00,23.33693589401486,23.3949893023353,22.741902299424705,22.923315048217773,3052200,0.619,0.0
2019-12-16 00:00:00-05:00,22.923316612206637,23.09021602030664,22.84349455438945,23.075702667236328,4619600,0.0,0.0
2019-12-17 00:00:00-05:00,23.061197451611392,23.24986694456794,22.67660178703805,22.7781925201416,3219000,0.0,0.0
2019-12-18 00:00:00-05:00,22.74916052757148,23.119242726447265,22.74916052757148,23.075702667236328,2686400,0.0,0.0
2019-12-19 00:00:00-05:00,23.068442154894484,23.24259681605278,22.98862011513925,23.155519485473633,2728800,0.0,0.0
2019-12-20 00:00:00-05:00,23.14826811794091,23.30791084998453,23.053934090840023,23.19180679321289,3251000,0.0,0.0
2019-12-23 00:00:00-05:00,23.249865536453903,23.344198201114075,22.974117300344883,23.032169342041016,1584100,0.0,0.0
2019-12-24 00:00:00-05:00,23.03216518926613,23.199064606041272,23.00313986568635,23.04667854309082,504400,0.0,0.0
2019-12-26 00:00:00-05:00,23.03942301774913,23.13375705418548,22.930575626762675,23.097475051879883,1304500,0.0,0.0
2019-12-27 00:00:00-05:00,23.155525512534037,23.21357754272001,22.865265361604177,23.08296012878418,1545700,0.0,0.0
2019-12-30 00:00:00-05:00,23.11198800790992,23.141013332439975,22.8217278422611,22.99588394165039,1406800,0.0,0.0
2019-12-31 00:00:00-05:00,22.96685506195772,23.14101114488376,22.923316387243588,23.12649917602539,2271300,0.0,0.0
2020-01-02 00:00:00-05:00,23.14826495792173,23.242598972144876,21.914659177107833,22.067045211791992,8480500,0.0,0.0
2020-01-03 00:00:00-05:00,22.06705023742781,22.400850469151614,21.921919461187954,22.233949661254883,4402600,0.0,0.0
2020-01-06 00:00:00-05:00,22.262972893740777,22.836236463826125,22.175894164780377,22.618541717529297,2871600,0.0,0.0
2020-01-07 00:00:00-05:00,22.560492993507605,22.596774995175313,22.284744798182313,22.480670928955078,2312900,0.0,0.0
2020-01-08 00:00:00-05:00,22.40085032569854,22.618545104594567,22.364566939836102,22.45890235900879,2274600,0.0,0.0
2020-01-09 00:00:00-05:00,22.42987823486328,22.502443630880055,22.248465436856254,22.42987823486328,2089500,0.0,0.0
2020-01-10 00:00:00-05:00,22.458898310160244,22.63305437869446,22.241202186440418,22.248458862304688,2843500,0.0,0.0
2020-01-13 00:00:00-05:00,22.26297385711859,22.480668612835647,22.132356450060552,22.379077911376953,6731700,0.0,0.0
2020-01-14 00:00:00-05:00,22.386338325183683,22.429877006781993,22.038026104257746,22.204925537109375,2214200,0.0,0.0
2020-01-15 00:00:00-05:00,22.20492413526054,22.379080234728626,22.20492413526054,22.342798233032227,2003600,0.0,0.0
2020-01-16 00:00:00-05:00,22.371822563303013,22.604030685607086,22.321027209557695,22.58226203918457,2036400,0.0,0.0
2020-01-17 00:00:00-05:00,22.64031331018612,22.887034777874177,22.58951657407543,22.77092933654785,2711500,0.0,0.0
2020-01-21 00:00:00-05:00,22.778187337318624,23.08296085135273,22.727391982324544,22.97411346435547,2822100,0.0,0.0
2020-01-22 00:00:00-05:00,23.11198725123233,23.17003928246149,22.966856481124623,23.04667854309082,2221700,0.0,0.0
2020-01-23 00:00:00-05:00,23.017645430642563,23.191801475870076,22.901541400490885,23.155519485473633,1629700,0.0,0.0
2020-01-24 00:00:00-05:00,23.148272934833546,23.17729964710135,22.83624269830374,22.89429473876953,2630100,0.0,0.0
2020-01-27 00:00:00-05:00,22.71288196159272,23.184556347918654,22.683856633366254,22.952346801757812,2507500,0.0,0.0
2020-01-28 00:00:00-05:00,23.01765070805543,23.300655557497144,22.988625385897286,23.19180679321289,2013900,0.0,0.0
2020-01-29 00:00:00-05:00,23.22809148216843,23.257118191757932,22.894292626307298,23.003141403198242,1570100,0.0,0.0
2020-01-30 00:00:00-05:00,22.9958828081366,23.16278222214915,22.90880407069942,23.14101219177246,1947200,0.0,0.0
2020-01-31 00:00:00-05:00,23.126501332105658,23.19180865823069,22.89429181581923,22.93783187866211,3903600,0.0,0.0
2020-02-03 00:00:00-05:00,22.995882103300453,23.206320187546766,22.901546691962473,23.11198616027832,2083900,0.0,0.0
2020-02-04 00:00:00-05:00,23.141013539116468,23.409503675713438,23.09021818268297,23.40224838256836,1744300,0.0,0.0
2020-02-05 00:00:00-05:00,23.44579184235552,23.44579184235552,23.090221527671652,23.18455696105957,2502600,0.0,0.0
2020-02-06 00:00:00-05:00,23.286146114229894,23.467558906404278,23.05393796169784,23.170042037963867,1880900,0.0,0.0
2020-02-07 00:00:00-05:00,23.199065765591286,23.300657863372358,23.097475051879883,23.097475051879883,1515400,0.0,0.0
2020-02-10 00:00:00-05:00,23.177293702864038,23.293396369949164,23.024906270680223,23.19906234741211,1549600,0.0,0.0
2020-02-11 00:00:00-05:00,23.249861794497352,23.36596585920321,23.010395603963183,23.068449020385742,2080600,0.0,0.0
2020-02-12 00:00:00-05:00,23.068449020385742,23.111987698633033,22.799957505709923,23.068449020385742,3280600,0.0,0.0
2020-02-13 00:00:00-05:00,23.22083025923932,24.331075320204825,23.14826488786533,24.20771598815918,6984000,0.0,0.0
2020-02-14 00:00:00-05:00,24.149671169937314,24.164184526186034,23.68525484253693,24.048080444335938,2938700,0.0,0.0
2020-02-18 00:00:00-05:00,24.098874030238363,24.74470311091891,24.01905196082581,24.715679168701172,4187500,0.0,0.0
2020-02-19 00:00:00-05:00,24.74470092142971,24.77372762921853,24.527006149291992,24.527006149291992,3073400,0.0,0.0
2020-02-20 00:00:00-05:00,24.570545138973237,24.918857312824723,24.527005079189642,24.911602020263672,2525100,0.0,0.0
2020-02-21 00:00:00-05:00,24.853547449683923,25.02770491256796,24.74469868936403,24.99867820739746,2665300,0.0,0.0
2020-02-24 00:00:00-05:00,24.744696150744616,24.860800191376256,24.34558868408203,24.34558868408203,3374700,0.0,0.0
2020-02-25 00:00:00-05:00,24.43267110232711,24.505237872895943,23.89569084081402,23.91745948791504,3096100,0.0,0.0
2020-02-26 00:00:00-05:00,24.01179190235097,24.28028199952658,23.902943144181425,23.982765197753906,3342300,0.0,0.0
2020-02-27 00:00:00-05:00,23.765070713114845,23.765070713114845,22.64031219482422,22.64031219482422,5239600,0.0,0.0
2020-02-28 00:00:00-05:00,22.31376664476864,22.36456198966336,21.101929506584284,22.067045211791992,7534800,0.0,0.0
2020-03-02 00:00:00-05:00,22.226693530515337,23.162784153731433,21.856612671737018,23.003141403198242,6296600,0.0,0.0
2020-03-03 00:00:00-05:00,23.046679891707058,23.402248776801102,22.553236905349717,22.792701721191406,4846800,0.0,0.0
2020-03-04 00:00:00-05:00,23.15552925637985,23.772331657805918,23.06845188905679,23.73604965209961,4231800,0.0,0.0
2020-03-05 00:00:00-05:00,23.293397566032525,23.51109509524741,22.952342071261874,23.307910919189453,2404500,0.0,0.0
2020-03-06 00:00:00-05:00,22.65482893962238,23.191810637212317,22.30651671157536,23.053937911987305,4507500,0.0,0.0
2020-03-09 00:00:00-04:00,21.769536769228882,22.357313874458498,21.435737869787577,21.4429931640625,5996900,0.0,0.0
2020-03-10 00:00:00-04:00,22.22669376785301,22.34279922338111,20.84795688123231,22.241207122802734,4601600,0.0,0.0
2020-03-11 00:00:00-04:00,21.689709604449664,21.87837904495459,21.087419283790297,21.73324966430664,4907700,0.0,0.0
2020-03-12 00:00:00-04:00,20.34725641216622,20.354511704794074,19.041083672093134,19.324087142944336,6150200,0.0,0.0
2020-03-13 00:00:00-04:00,20.341143467265898,21.745262850535433,19.96225561685147,21.53724479675293,5817500,0.619,0.0
2020-03-16 00:00:00-04:00,19.33820568725398,20.57888198849091,18.21639645776369,18.29811668395996,5060000,0.0,0.0
2020-03-17 00:00:00-04:00,18.662147622205943,21.38123421327711,18.587855352344622,19.962257385253906,5516100,0.0,0.0
2020-03-18 00:00:00-04:00,18.7958716006377,19.843388473683895,18.21639502568024,19.315916061401367,4893100,0.0,0.0
2020-03-19 00:00:00-04:00,19.25648183140981,19.68737527123196,18.312973317952082,18.677003860473633,4341000,0.0,0.0
2020-03-20 00:00:00-04:00,18.855303831700496,19.04846314903637,16.663691279903485,16.871707916259766,5693800,0.0,0.0
2020-03-23 00:00:00-04:00,16.60425777513063,17.332318837370842,15.616174500088324,16.641403198242188,3985500,0.0,0.0
2020-03-24 00:00:00-04:00,17.42889509372435,18.320399280674792,17.258023906611015,17.8300724029541,4507000,0.0,0.0
2020-03-25 00:00:00-04:00,18.387266365013698,19.991973134417957,17.73349751774081,18.61014175415039,4862100,0.0,0.0
2020-03-26 00:00:00-04:00,18.669573978600297,19.806241784432654,18.067809336457078,18.92216682434082,4333400,0.0,0.0
2020-03-27 00:00:00-04:00,18.305542937015797,18.79586987875679,17.733495782989323,18.104955673217773,4111800,0.0,0.0
2020-03-30 00:00:00-04:00,18.2015370543338,18.617571790242266,17.39175427202531,18.461559295654297,2994400,0.0,0.0
2020-03-31 00:00:00-04:00,18.31297203183301,18.446697817042658,17.339747530706248,17.681489944458008,3884900,0.0,0.0
2020-04-01 00:00:00-04:00,17.064868887566394,17.45118755968113,16.292232960344112,16.507678985595703,3595800,0.0,0.0
2020-04-02 00:00:00-04:00,16.26994162223485,16.567109227520888,15.60131415608954,15.987632751464844,4462100,0.0,0.0
2020-04-03 00:00:00-04:00,15.824190026959355,16.418526674112346,15.78704460645284,16.388809204101562,2843100,0.0,0.0
2020-04-06 00:00:00-04:00,17.458616179668155,17.95637252742834,16.78255924096498,17.317461013793945,3113600,0.0,0.0
2020-04-07 00:00:00-04:00,18.000952027095654,18.914743325958476,17.94151848124297,18.32040786743164,5649300,0.0,0.0
2020-04-08 00:00:00-04:00,18.64728645345575,19.55364805996535,18.431839040650324,19.27876853942871,3921500,0.0,0.0
2020-04-09 00:00:00-04:00,19.687376666098192,21.106353512445068,19.501646697550097,20.14055824279785,7546000,0.0,0.0
2020-04-13 00:00:00-04:00,20.14055584880023,20.207418742890493,19.055892224563628,19.49421501159668,2459300,0.0,0.0
2020-04-14 00:00:00-04:00,19.98454232588727,20.415435752976034,19.575937002909097,19.813671112060547,2684300,0.0,0.0
2020-04-15 00:00:00-04:00,19.197051540004626,19.315918618140287,17.926657694044657,18.283260345458984,3962600,0.0,0.0
2020-04-16 00:00:00-04:00,18.402117063682923,18.56555884985416,17.926647601809837,18.015798568725586,2523700,0.0,0.0
2020-04-17 00:00:00-04:00,18.572996385196504,18.88502278114809,18.20896582608751,18.565567016601562,2481600,0.0,0.0
2020-04-20 00:00:00-04:00,18.186676111507644,18.743865953774474,18.000946164085367,18.327831268310547,2232900,0.0,0.0
2020-04-21 00:00:00-04:00,18.023233545953605,18.476415052953417,17.934082551278877,18.35011863708496,1820600,0.0,0.0
2020-04-22 00:00:00-04:00,18.60271357452528,18.743867324644697,18.14210264774723,18.201536178588867,2068500,0.0,0.0
2020-04-23 00:00:00-04:00,18.127244212301214,18.498704140491842,18.075240049075674,18.149532318115234,1647700,0.0,0.0
2020-04-24 00:00:00-04:00,18.21639804195776,18.268402213243565,17.332322879076912,17.480907440185547,3733400,0.0,0.0
2020-04-27 00:00:00-04:00,17.622058483240814,18.402125182645435,17.5626249514106,18.149532318115234,2707800,0.0,0.0
2020-04-28 00:00:00-04:00,18.662148062527272,19.182191129812225,18.350121655353412,18.41698455810547,2650100,0.0,0.0
2020-04-29 00:00:00-04:00,18.803296833278694,19.048460272683503,18.394691573272965,18.535846710205078,2877900,0.0,0.0
2020-04-30 00:00:00-04:00,18.372401839281096,18.431835352125656,17.599766172301816,17.963796615600586,3814000,0.0,0.0
2020-05-01 00:00:00-04:00,17.584907818999095,17.64434133312514,17.168873220116772,17.53290367126465,2275200,0.0,0.0
2020-05-04 00:00:00-04:00,17.421473301246,17.473477470747042,16.84942460271984,17.027725219726562,3713800,0.0,0.0
2020-05-05 00:00:00-04:00,17.198590978065138,17.243165763838327,16.685975982149348,16.745410919189453,3748700,0.0,0.0
2020-05-06 00:00:00-04:00,16.92371294146733,16.953428995547903,16.024779279165948,16.284801483154297,6364800,0.0,0.0
2020-05-07 00:00:00-04:00,17.830078306181132,19.06332527566474,17.71864060016896,18.238683700561523,7481500,0.0,0.0
2020-05-08 00:00:00-04:00,18.37983262604692,18.6695708464315,18.104953139273555,18.253536224365234,3469700,0.0,0.0
2020-05-11 00:00:00-04:00,18.082673876464103,18.1421074229493,17.770647403164926,17.859798431396484,2275100,0.0,0.0
2020-05-12 00:00:00-04:00,17.94894410478462,17.986089531810677,17.109445267733683,17.161449432373047,2941100,0.0,0.0
2020-05-13 00:00:00-04:00,17.05743849781445,17.154018868565657,16.767700219575044,16.95343017578125,3182500,0.0,0.0
2020-05-14 00:00:00-04:00,16.366525790917358,16.841994070099126,16.00249521254291,16.819705963134766,3332300,0.0,0.0
2020-05-15 00:00:00-04:00,16.656265258789062,16.827136506418494,16.485394011159627,16.656265258789062,1887300,0.0,0.0
2020-05-18 00:00:00-04:00,17.228312058816904,17.748355113892384,17.183735846690603,17.58491325378418,3376800,0.0,0.0
2020-05-19 00:00:00-04:00,17.53290951213987,17.815218444034684,17.220883104778643,17.42889976501465,2123100,0.0,0.0
2020-05-20 00:00:00-04:00,17.963803564693208,18.0826706363647,17.54033944473761,17.74092674255371,2188500,0.0,0.0
2020-05-21 00:00:00-04:00,17.62205466956045,17.926651631396776,17.50318763162465,17.77806854248047,2035900,0.0,0.0
2020-05-22 00:00:00-04:00,17.76321387955501,17.986089272512682,17.622058708277983,17.95637321472168,1510800,0.0,0.0
2020-05-26 00:00:00-04:00,18.64728926559648,18.795872391345895,18.342692228251877,18.461559295654297,3895500,0.0,0.0
2020-05-27 00:00:00-04:00,18.87759037407866,18.92959452886565,18.535847975760213,18.914735794067383,2945700,0.0,0.0
2020-05-28 00:00:00-04:00,19.219336895864988,19.30848648319471,18.899881137751336,19.093040466308594,3004300,0.0,0.0
2020-05-29 00:00:00-04:00,18.92216965647199,19.315917720120137,18.840449429682586,19.137617111206055,4239300,0.0,0.0
2020-06-01 00:00:00-04:00,19.145043785165008,19.73937906454249,19.093039625345362,19.620512008666992,3357300,0.0,0.0
2020-06-02 00:00:00-04:00,19.79138915041463,19.99940726898628,19.54622559713724,19.843393325805664,2994700,0.0,0.0
2020-06-03 00:00:00-04:00,20.18513168556477,21.143497522194057,20.140556892862904,21.098922729492188,4399400,0.0,0.0
2020-06-04 00:00:00-04:00,21.06177628755058,21.589248657226562,20.816612814023834,21.589248657226562,3899200,0.0,0.0
2020-06-05 00:00:00-04:00,22.309888687873467,22.74078224235186,21.990432852879447,22.072153091430664,4943000,0.0,0.0
2020-06-08 00:00:00-04:00,22.47332757633592,22.792783368605004,22.168730522546166,22.703632354736328,3163000,0.0,0.0
2020-06-09 00:00:00-04:00,22.116724165804108,22.458466614959864,21.774980299641197,22.384174346923828,3192900,0.0,0.0
2020-06-10 00:00:00-04:00,22.309882993004205,22.354457786018198,21.470382792032456,21.79726791381836,2677100,0.0,0.0
2020-06-11 00:00:00-04:00,20.831472039676708,20.831472039676708,20.029117288897904,20.51201629638672,7172800,0.0,0.0
2020-06-12 00:00:00-04:00,21.278813785454954,21.278813785454954,20.64044925593097,21.14202117919922,3007900,0.619,0.0
2020-06-15 00:00:00-04:00,20.465661844998486,21.476405565161407,20.389665782304906,21.294015884399414,2538300,0.0,0.0
2020-06-16 00:00:00-04:00,22.031167772067143,22.10716381204039,21.08122089616133,21.408002853393555,2755800,0.0,0.0
2020-06-17 00:00:00-04:00,21.49920340897741,21.582797767904623,21.028029010778667,21.16482162475586,1927700,0.0,0.0
2020-06-18 00:00:00-04:00,20.906430561016304,20.906430561016304,20.374459742357864,20.503652572631836,4800400,0.0,0.0
2020-06-19 00:00:00-04:00,20.876035890434018,20.8912353911452,19.865292285207055,20.017284393310547,10127200,0.0,0.0
2020-06-22 00:00:00-04:00,19.834892214712596,19.8804892615522,19.158529013989256,19.568906784057617,5640100,0.0,0.0
2020-06-23 00:00:00-04:00,19.728502922025104,20.040086939825425,19.637308801770125,19.834897994995117,4169600,0.0,0.0
2020-06-24 00:00:00-04:00,19.568908930315786,19.622105732380447,18.91534490608333,19.021739959716797,7761300,0.0,0.0
2020-06-25 00:00:00-04:00,18.892546751106604,18.96094305233861,18.550565244946576,18.72535514831543,4669400,0.0,0.0
2020-06-26 00:00:00-04:00,18.7101563870617,18.983740132095154,18.520166990744887,18.748153686523438,9111100,0.0,0.0
2020-06-29 00:00:00-04:00,18.93814490396066,19.56890970240761,18.831751295633573,19.530912399291992,6226100,0.0,0.0
2020-06-30 00:00:00-04:00,19.56891248682669,20.03248718822011,19.46251886336108,19.834897994995117,5261900,0.0,0.0
2020-07-01 00:00:00-04:00,19.971688030540825,20.222474002921288,19.81209616656914,19.948888778686523,3250800,0.0,0.0
2020-07-02 00:00:00-04:00,20.199671577660254,20.260468123549593,19.728497259889895,19.880489349365234,2705100,0.0,0.0
2020-07-06 00:00:00-04:00,20.260466943327547,20.344062732619722,19.926085235662754,20.07807731628418,2974800,0.0,0.0
2020-07-07 00:00:00-04:00,19.774095697729994,20.04767942866781,19.60690410990268,19.789295196533203,2928700,0.0,0.0
2020-07-08 00:00:00-04:00,19.78169550585906,19.895688848213567,19.56890687049438,19.880489349365234,2499200,0.0,0.0
2020-07-09 00:00:00-04:00,19.880489511647713,19.926086559060924,19.439714187976012,19.895689010620117,2860800,0.0,0.0
2020-07-10 00:00:00-04:00,19.918488122032098,20.351665174264248,19.903290071562274,20.321266174316406,2910400,0.0,0.0
2020-07-13 00:00:00-04:00,20.427664102883984,20.564456732621647,20.176878098199737,20.412466049194336,2720400,0.0,0.0
2020-07-14 00:00:00-04:00,20.41246215536137,20.807639016492903,20.29846735265576,20.75444221496582,2053600,0.0,0.0
2020-07-15 00:00:00-04:00,21.05842498008039,21.088823980679386,20.78484122221006,20.974830627441406,2544500,0.0,0.0
2020-07-16 00:00:00-04:00,20.822836928461044,21.06602311660886,20.73924258222524,20.784839630126953,1559900,0.0,0.0
2020-07-17 00:00:00-04:00,20.898838552698006,20.959635115962044,20.594855736377827,20.724048614501953,2405400,0.0,0.0
2020-07-20 00:00:00-04:00,20.564452590588612,20.670847642012788,20.290868835722144,20.42765998840332,1484300,0.0,0.0
2020-07-21 00:00:00-04:00,20.58725598478177,20.75444617138177,20.48086236144581,20.724048614501953,2460600,0.0,0.0
2020-07-22 00:00:00-04:00,20.64805204467451,21.172423295983624,20.587255482892612,20.89883804321289,3248100,0.0,0.0
2020-07-23 00:00:00-04:00,20.800045201515996,21.08882852187138,20.670852320158588,20.90643882751465,2311200,0.0,0.0
2020-07-24 00:00:00-04:00,20.90643324921459,21.03562609610048,20.67084680471822,20.701244354248047,1169700,0.0,0.0
2020-07-27 00:00:00-04:00,20.708844519950247,21.088823318481445,20.594851170291705,21.088823318481445,1626900,0.0,0.0
2020-07-28 00:00:00-04:00,21.050826526065883,21.33960978213174,21.02802727578274,21.18001937866211,3100600,0.0,0.0
2020-07-29 00:00:00-04:00,21.370010578807268,21.52200124495839,21.11922460262889,21.476404190063477,2293000,0.0,0.0
2020-07-30 00:00:00-04:00,21.16481875824787,21.48400099779736,21.119221709599096,21.468801498413086,2258800,0.0,0.0
2020-07-31 00:00:00-04:00,21.53719968572095,21.613195739805835,21.23321691888557,21.423206329345703,3273100,0.0,0.0
2020-08-03 00:00:00-04:00,21.316810607910156,21.392806659621005,21.157220203871084,21.316810607910156,2108600,0.0,0.0
2020-08-04 00:00:00-04:00,21.25601361000579,21.99317341176322,21.25601361000579,21.932376861572266,2835000,0.0,0.0
2020-08-05 00:00:00-04:00,22.038770514364153,22.152763865054872,21.74998726264739,22.023571014404297,2759700,0.0,0.0
2020-08-06 00:00:00-04:00,22.61634573594223,22.646743296127276,21.886785447941737,22.107173919677734,5511600,0.0,0.0
2020-08-07 00:00:00-04:00,22.11476710568826,22.563142218944623,22.038771053533868,22.380752563476562,2837500,0.0,0.0
2020-08-10 00:00:00-04:00,22.39594930189465,22.69993349269865,22.380751251957687,22.60873794555664,3068700,0.0,0.0
2020-08-11 00:00:00-04:00,22.7987296128721,22.859526167192925,22.4187507859909,22.46434783935547,2847900,0.0,0.0
2020-08-12 00:00:00-04:00,22.578340004934724,22.737931857537394,22.38075230095674,22.661935806274414,1621000,0.0,0.0
2020-08-13 00:00:00-04:00,22.601140216530656,22.912722735408693,22.236360894356977,22.31235694885254,2739500,0.0,0.0
2020-08-14 00:00:00-04:00,22.243959514971205,22.684734869253163,22.137564464279624,22.601139068603516,1997700,0.0,0.0
2020-08-17 00:00:00-04:00,22.63914027903184,23.110313235071363,22.456749157882832,23.049516677856445,2948400,0.0,0.0
2020-08-18 00:00:00-04:00,23.0343173298108,23.08751413654063,22.692337236760068,22.798730850219727,2081300,0.0,0.0
2020-08-19 00:00:00-04:00,22.798730850219727,22.889926411402485,22.51754586528514,22.798730850219727,1513300,0.0,0.0
2020-08-20 00:00:00-04:00,22.775928137384074,22.97351728200836,22.722731338736008,22.874723434448242,1558900,0.0,0.0
2020-08-21 00:00:00-04:00,22.943122565830983,23.02671692424219,22.867126508590058,22.95832061767578,1686700,0.0,0.0
2020-08-24 00:00:00-04:00,22.943122195540095,23.05711555480957,22.547943863868657,23.05711555480957,2123700,0.0,0.0
2020-08-25 00:00:00-04:00,23.140713135260338,23.247106752133707,22.783532079463765,23.087514877319336,1562200,0.0,0.0
2020-08-26 00:00:00-04:00,22.973519565664287,23.02671636960032,22.631539490573704,22.996318817138672,1680800,0.0,0.0
2020-08-27 00:00:00-04:00,23.0495171754937,23.277503907595783,22.973521114958245,23.14071273803711,2131200,0.0,0.0
2020-08-28 00:00:00-04:00,23.14830966242347,23.155909412975326,22.806329584615042,23.05711555480957,2141300,0.0,0.0
2020-08-31 00:00:00-04:00,23.057113959634822,23.08751151023504,22.813927756816657,22.867124557495117,2467800,0.0,0.0
2020-09-01 00:00:00-04:00,22.821526256088546,22.90512060278576,22.593538116313532,22.753129959106445,1711100,0.0,0.0
2020-09-02 00:00:00-04:00,22.745529644987563,23.209104213137923,22.60113730499739,23.1787052154541,2736200,0.0,0.0
2020-09-03 00:00:00-04:00,23.239500463533904,23.315496503995554,22.80632491725757,23.019113540649414,2235700,0.0,0.0
2020-09-04 00:00:00-04:00,23.133111080272077,23.285101739310775,22.69233570490276,22.92032241821289,2173700,0.0,0.0
2020-09-08 00:00:00-04:00,22.821526635800176,23.09511037877653,22.479545145199673,22.874723434448242,2358800,0.0,0.0
2020-09-09 00:00:00-04:00,23.02671479709477,23.399095298225344,22.821527345854445,22.851924896240234,3116500,0.0,0.0
2020-09-10 00:00:00-04:00,22.874722370636434,22.95831671483688,22.63153618840972,22.6467342376709,3035100,0.0,0.0
2020-09-11 00:00:00-04:00,22.7455316076141,22.806328158723662,22.441548852066298,22.661935806274414,2458000,0.0,0.0
2020-09-14 00:00:00-04:00,22.893982005324244,22.948306471550815,22.412819698317623,22.474905014038086,2624300,0.619,0.0
2020-09-15 00:00:00-04:00,22.50594775216304,22.762049857030153,22.319691810462473,22.560272216796875,2052700,0.0,0.0
2020-09-16 00:00:00-04:00,22.544747352303798,22.940541727922568,22.4360984382937,22.75428581237793,2814400,0.0,0.0
2020-09-17 00:00:00-04:00,22.5913136798752,22.6999625998417,22.288646505320557,22.397296905517578,2655800,0.0,0.0
2020-09-18 00:00:00-04:00,22.234324152776903,22.374016480391752,21.962700346884766,21.98598289489746,3288400,0.0,0.0
2020-09-21 00:00:00-04:00,21.644515753617174,21.76868639878302,20.94605550450157,21.163354873657227,3741500,0.0,0.0
2020-09-22 00:00:00-04:00,21.1633502626693,21.4194523475542,21.04694049321808,21.10126495361328,2805200,0.0,0.0
2020-09-23 00:00:00-04:00,21.000375106332765,21.10902550582786,20.208787797042866,20.224308013916016,4368700,0.0,0.0
2020-09-24 00:00:00-04:00,20.216546060359832,20.744271891195446,20.154460755569197,20.565776824951172,3114600,0.0,0.0
2020-09-25 00:00:00-04:00,20.511454727089898,20.674428115820724,20.410565170058877,20.589061737060547,2914800,0.0,0.0
2020-09-28 00:00:00-04:00,20.969337046095905,20.99261811579947,20.5813034285748,20.643388748168945,2749600,0.0,0.0
2020-09-29 00:00:00-04:00,20.58906205464073,20.81412075877342,20.449369730584973,20.76755714416504,1613600,0.0,0.0
2020-09-30 00:00:00-04:00,20.953813543755388,21.17111288375885,20.558019110301217,20.79084014892578,2217300,0.0,0.0
2020-10-01 00:00:00-04:00,20.829641180265757,21.000375410184795,20.604581009697885,20.961572647094727,2164600,0.0,0.0
2020-10-02 00:00:00-04:00,20.705470096891627,21.256477017589344,20.620102243734884,21.217674255371094,2825100,0.0,0.0
2020-10-05 00:00:00-04:00,21.326321411176867,21.380645865884777,20.953809595839456,21.225433349609375,2075500,0.0,0.0
2020-10-06 00:00:00-04:00,21.310805003908435,21.44273648960897,20.9305322463553,21.039182662963867,2295100,0.0,0.0
2020-10-07 00:00:00-04:00,21.03918251109517,21.240960163076586,20.907251026346966,21.031421661376953,1850500,0.0,0.0
2020-10-08 00:00:00-04:00,21.109026734588337,21.970460250758396,21.054700791563214,21.916135787963867,2876700,0.0,0.0
2020-10-09 00:00:00-04:00,22.125672499453614,22.265364809876203,21.78420257177956,21.92389488220215,2369000,0.0,0.0
2020-10-12 00:00:00-04:00,21.916137034407253,22.024785966175536,21.753163636754827,22.00150489807129,2039000,0.0,0.0
2020-10-13 00:00:00-04:00,21.729875383100612,21.753157925322554,21.209910448652924,21.442729949951172,2361700,0.0,0.0
2020-10-14 00:00:00-04:00,21.520345552920208,21.582430876785406,21.209918933594214,21.349611282348633,1539500,0.0,0.0
2020-10-15 00:00:00-04:00,21.264238986051303,21.714357860550713,21.217675372890834,21.458255767822266,1357300,0.0,0.0
2020-10-16 00:00:00-04:00,21.40393575570182,21.53586725394423,21.272004257459415,21.349611282348633,1201200,0.0,0.0
2020-10-19 00:00:00-04:00,21.53586536016891,21.53586536016891,21.147831750075774,21.209917068481445,1997600,0.0,0.0
2020-10-20 00:00:00-04:00,21.341846313491935,21.543623947174442,21.295282699636157,21.33408546447754,1240600,0.0,0.0
2020-10-21 00:00:00-04:00,21.19439569964332,21.334088038294208,21.101268460696573,21.248720169067383,1498300,0.0,0.0
2020-10-22 00:00:00-04:00,21.310802599211772,21.48153831451779,21.202153675093818,21.458255767822266,1585100,0.0,0.0
2020-10-23 00:00:00-04:00,21.58242668150096,21.729879852104805,21.34184628331722,21.61347007751465,1569400,0.0,0.0
2020-10-26 00:00:00-04:00,21.4815365621878,21.49705825871865,21.124544943130484,21.186630249023438,2422900,0.0,0.0
2020-10-27 00:00:00-04:00,21.155591501577497,21.34960829655136,20.96157470660364,20.969335556030273,2100800,0.0,0.0
2020-10-28 00:00:00-04:00,20.689951759212427,20.79860069524858,20.418327938891306,20.449371337890625,2784200,0.0,0.0
2020-10-29 00:00:00-04:00,20.410566785813316,20.73651506930849,20.038054884741893,20.433849334716797,2491900,0.0,0.0
2020-10-30 00:00:00-04:00,20.457129029779345,20.526975186515294,19.99148847828319,20.224308013916016,3604100,0.0,0.0
2020-11-02 00:00:00-05:00,20.41056501875773,20.682188811526185,20.247591631235007,20.581300735473633,2963300,0.0,0.0
2020-11-03 00:00:00-05:00,20.938289025451628,21.31080086080934,20.814118413665724,21.186630249023438,2411900,0.0,0.0
2020-11-04 00:00:00-05:00,21.132306862998586,21.380648099163587,20.643385239327564,20.658906936645508,2660300,0.0,0.0
2020-11-05 00:00:00-05:00,21.2254325902353,21.79972198839194,21.09350114199456,21.32632064819336,3215000,0.0,0.0
2020-11-06 00:00:00-05:00,21.434975713126686,21.71435888550747,20.798599395486146,20.806360244750977,2955100,0.0,0.0
2020-11-09 00:00:00-05:00,21.90060911157372,22.467139118209,20.651142310632945,20.68218421936035,4332700,0.0,0.0
2020-11-10 00:00:00-05:00,20.697711127070246,21.178873415494852,20.65114751213581,21.077983856201172,4441700,0.0,0.0
2020-11-11 00:00:00-05:00,21.1943920560494,21.497059231170798,20.426085805782197,20.53473472595215,5271300,0.0,0.0
2020-11-12 00:00:00-05:00,20.604585645604306,20.61234649601457,19.766433044297067,19.8518009185791,6825900,0.0,0.0
2020-11-13 00:00:00-05:00,19.890596998327297,20.092374600414693,19.285265672295473,19.78194808959961,12031500,0.0,0.0
2020-11-16 00:00:00-05:00,20.138942096948607,20.33295887445204,19.875079161125495,20.247591018676758,8343300,0.0,0.0
2020-11-17 00:00:00-05:00,20.10790428349921,20.25535748979577,19.913887452141456,20.100143432617188,2765400,0.0,0.0
2020-11-18 00:00:00-05:00,20.131186836145286,20.472655393568647,20.007016182494798,20.100143432617188,3033800,0.0,0.0
2020-11-19 00:00:00-05:00,20.007013472678896,20.131184109511302,19.766431568614202,20.014774322509766,2766900,0.0,0.0
2020-11-20 00:00:00-05:00,19.882841748375146,20.022532596998293,19.774191336916246,19.937166213989258,2924300,0.0,0.0
2020-11-23 00:00:00-05:00,19.99148768646263,20.51145267699636,19.92164153249314,20.30191421508789,3285400,0.0,0.0
2020-11-24 00:00:00-05:00,20.596824825769733,20.99261780722025,20.565781426313592,20.627866744995117,3609500,0.0,0.0
2020-11-25 00:00:00-05:00,20.682185340606075,20.90724548205957,20.363997987691395,20.899484634399414,2877100,0.0,0.0
2020-11-27 00:00:00-05:00,20.899487324151533,20.953811784533812,20.495932075268147,20.658906936645508,1496200,0.0,0.0
2020-11-30 00:00:00-05:00,20.627866477711493,21.341848373413086,20.589063709124854,21.341848373413086,6963200,0.0,0.0
2020-12-01 00:00:00-05:00,21.396168212717647,21.628989214561607,21.031417234128323,21.140066146850586,3317800,0.0,0.0
2020-12-02 00:00:00-05:00,21.0702259610957,21.295286178588867,20.91501339614292,21.295286178588867,2730200,0.0,0.0
2020-12-03 00:00:00-05:00,21.295283131876175,21.830768402663114,21.295283131876175,21.799726486206055,3186300,0.0,0.0
2020-12-04 00:00:00-05:00,21.908372901361965,22.630115509033203,21.830765898774544,22.630115509033203,4666500,0.0,0.0
2020-12-07 00:00:00-05:00,22.51370889158426,23.142322887954034,22.50594804221788,22.878459930419922,5067000,0.0,0.0
2020-12-08 00:00:00-05:00,22.816375649143172,23.49931562201002,22.785333730502348,23.398426055908203,6196100,0.0,0.0
2020-12-09 00:00:00-05:00,23.48379054669836,23.763175175456904,23.444986303687163,23.561397552490234,4368400,0.0,0.0
2020-12-10 00:00:00-05:00,23.452744607061923,23.61571944956094,23.2664887015133,23.507070541381836,3394000,0.0,0.0
2020-12-11 00:00:00-05:00,23.429469757161993,23.7321354989122,23.37514528866639,23.576921463012695,4349500,0.0,0.0
2020-12-14 00:00:00-05:00,23.68703512938699,23.821710642114343,23.14041081172682,23.187944412231445,2855900,0.619,0.0
2020-12-15 00:00:00-05:00,23.298851784509154,23.346383871261757,22.918592068452725,23.26716423034668,3117300,0.0,0.0
2020-12-16 00:00:00-05:00,23.33846391876992,23.60781495543479,23.005737767497028,23.01365852355957,2449700,0.0,0.0
2020-12-17 00:00:00-05:00,23.172099102585705,23.47313767394239,23.069112660310946,23.441450119018555,2536800,0.0,0.0
2020-12-18 00:00:00-05:00,23.441454425711736,23.584052226611824,23.251324528184323,23.354310989379883,3684800,0.0,0.0
2020-12-21 00:00:00-05:00,22.974051159474957,23.100804424300957,22.799765798093734,23.09288215637207,2584700,0.0,0.0
2020-12-22 00:00:00-05:00,23.25924252290746,23.50482673988406,23.172099102585705,23.441450119018555,3346700,0.0,0.0
2020-12-23 00:00:00-05:00,23.576125239709206,23.663268658598565,23.219630808814376,23.346384048461914,2883600,0.0,0.0
2020-12-24 00:00:00-05:00,23.481059852482737,23.520671184761465,23.235475636425942,23.401840209960938,1070800,0.0,0.0
2020-12-28 00:00:00-05:00,23.449377171484368,23.710805974789,23.187948368179732,23.393922805786133,2268800,0.0,0.0
2020-12-29 00:00:00-05:00,23.433530541245688,23.55236153012569,23.203790830880088,23.283010482788086,1641300,0.0,0.0
2020-12-30 00:00:00-05:00,23.3226159013521,23.378070248022663,23.084952472884186,23.203784942626953,2215500,0.0,0.0
2020-12-31 00:00:00-05:00,23.124571263166047,23.370155525261694,22.958206658443245,23.354310989379883,2776600,0.0,0.0
2021-01-04 00:00:00-05:00,23.766256220678507,23.766256220678507,22.54625434272843,22.704696655273438,4853900,0.0,0.0
2021-01-05 00:00:00-05:00,22.720545526863653,23.077038531629857,22.65716889194845,22.878986358642578,2099400,0.0,0.0
2021-01-06 00:00:00-05:00,23.084957055291394,23.124568390074447,22.76015166515996,22.823528289794922,3368100,0.0,0.0
2021-01-07 00:00:00-05:00,22.823531500610287,22.90275267030331,22.348205993470277,22.609636306762695,3231800,0.0,0.0
2021-01-08 00:00:00-05:00,22.791842482675417,22.989894638741035,22.60171259417459,22.617555618286133,2443700,0.0,0.0
2021-01-11 00:00:00-05:00,22.514566634537395,22.617553079282516,22.04716347781089,22.181838989257812,3983400,0.0,0.0
2021-01-12 00:00:00-05:00,22.181838030207754,22.379890155477465,21.960019105939267,22.2293701171875,3349900,0.0,0.0
2021-01-13 00:00:00-05:00,22.348207334117518,22.57794858890743,22.30067523385755,22.53041648864746,2136200,0.0,0.0
2021-01-14 00:00:00-05:00,22.625479477257695,23.924702739923777,22.617557209135676,23.916780471801758,4449500,0.0,0.0
2021-01-15 00:00:00-05:00,23.845483037394914,24.10691185743967,23.599898754569413,23.782106399536133,3018800,0.0,0.0
2021-01-19 00:00:00-05:00,23.774177858210308,23.964307721621697,23.33846226575194,23.385995864868164,2763400,0.0,0.0
2021-01-20 00:00:00-05:00,23.354310657059518,24.209895939267373,23.22755739384488,24.003921508789062,3328500,0.0,0.0
2021-01-21 00:00:00-05:00,23.916777411626697,24.019763861999415,23.56820521394881,23.980154037475586,1515600,0.0,0.0
2021-01-22 00:00:00-05:00,23.86924343295184,23.93262005780233,23.58404937663361,23.885087966918945,2486200,0.0,0.0
2021-01-25 00:00:00-05:00,23.885087100813305,28.163012900642606,23.885087100813305,25.437816619873047,13928800,0.0,0.0
2021-01-26 00:00:00-05:00,25.469503879102174,26.72119170792535,25.279372513920723,26.45976448059082,6947900,0.0,0.0
2021-01-27 00:00:00-05:00,26.729119721268507,32.73405938893607,26.562753617104715,29.319639205932617,22525900,0.0,0.0
2021-01-28 00:00:00-05:00,28.400679479443212,29.802889181507815,26.443926128570208,26.46769142150879,11526100,0.0,0.0
2021-01-29 00:00:00-05:00,26.562747766632278,27.861969112013306,26.404308497808515,26.673656463623047,8143900,0.0,0.0
2021-02-01 00:00:00-05:00,26.81625993771809,26.903403367362564,26.150804591930083,26.443923950195312,3927600,0.0,0.0
2021-02-02 00:00:00-05:00,26.293396421316686,26.33300926001942,24.724824109410942,25.4774227142334,4076000,0.0,0.0
2021-02-03 00:00:00-05:00,25.350672609637826,25.87353011133018,25.002100438170313,25.675477981567383,2471700,0.0,0.0
2021-02-04 00:00:00-05:00,25.746775049133337,25.810153176754376,24.92287752227256,25.303138732910156,4373200,0.0,0.0
2021-02-05 00:00:00-05:00,25.35067403578233,25.91314139066265,25.21599851952652,25.667558670043945,3183800,0.0,0.0
2021-02-08 00:00:00-05:00,25.723017172309774,26.301329154286247,25.588340123336444,26.21418571472168,2189100,0.0,0.0
2021-02-09 00:00:00-05:00,26.293402381887226,26.73704028642456,26.245871799925503,26.443923950195312,2135800,0.0,0.0
2021-02-10 00:00:00-05:00,26.760807037756347,27.25989932984207,26.68158738213976,27.244054794311523,2528300,0.0,0.0
2021-02-11 00:00:00-05:00,27.236132770881,27.236132770881,25.97652096412724,26.33301544189453,3685800,0.0,0.0
2021-02-12 00:00:00-05:00,26.3330166657688,26.467690684720097,26.103275433637126,26.277559280395508,1622300,0.0,0.0
2021-02-16 00:00:00-05:00,26.41223213522663,26.443921201264256,25.841841034692056,26.119115829467773,1738500,0.0,0.0
2021-02-17 00:00:00-05:00,26.0715865565745,26.079507313380393,25.794314737825626,25.936912536621094,1978800,0.0,0.0
2021-02-18 00:00:00-05:00,25.849766362788774,26.142882686129887,25.68340026712979,25.707168579101562,1965100,0.0,0.0
2021-02-19 00:00:00-05:00,25.7705452396427,25.9844419280112,25.453663607347025,25.485349655151367,2561500,0.0,0.0
2021-02-22 00:00:00-05:00,25.453659427521067,25.469503959839376,25.120930292907673,25.200151443481445,3001500,0.0,0.0
2021-02-23 00:00:00-05:00,25.414053888050134,25.572493193846938,25.01794806846801,25.429895401000977,2547700,0.0,0.0
2021-02-24 00:00:00-05:00,25.825995726217016,27.671842970003386,25.6754772001113,27.45002555847168,6178400,0.0,0.0
2021-02-25 00:00:00-05:00,27.331196000256664,28.59080776288906,27.00639060345389,27.410415649414062,5279600,0.0,0.0
2021-02-26 00:00:00-05:00,27.26782041106941,27.806522537373844,26.935094227077002,27.56093978881836,3232500,0.0,0.0
2021-03-01 00:00:00-05:00,27.88574386242672,28.400677649140118,27.489639554784397,27.513404846191406,2660300,0.0,0.0
2021-03-02 00:00:00-05:00,27.56885981336723,28.16301628788823,27.410417482421074,27.854055404663086,2747200,0.0,0.0
2021-03-03 00:00:00-05:00,27.996654116031397,28.234316109206073,27.156911849975586,27.156911849975586,3701000,0.0,0.0
2021-03-04 00:00:00-05:00,27.370806923459096,27.964963382095846,27.08561133978769,27.663923263549805,3903200,0.0,0.0
2021-03-05 00:00:00-05:00,27.71145929461486,28.503667975497052,27.600550562817155,28.3531494140625,2784600,0.0,0.0
2021-03-08 00:00:00-05:00,28.51950127083558,29.44638361156089,28.440281642786186,28.971059799194336,3234500,0.0,0.0
2021-03-09 00:00:00-05:00,28.955220512833243,29.57314520725517,28.939375979946973,29.058208465576172,3170900,0.0,0.0
2021-03-10 00:00:00-05:00,29.129506404855697,29.541455180389544,28.98690863555415,29.232494354248047,2140000,0.0,0.0
2021-03-11 00:00:00-05:00,29.153276123804833,29.644444613816585,29.09782176309557,29.319639205932617,2346700,0.0,0.0
2021-03-12 00:00:00-05:00,29.334943108737058,29.72972947021052,29.109352658431867,29.705556869506836,2179400,0.619,0.0
2021-03-15 00:00:00-04:00,29.689445855614142,29.81835513657339,29.254378953276486,29.6572208404541,2108100,0.0,0.0
2021-03-16 00:00:00-04:00,29.616933684392095,29.616933684392095,28.698454689149937,28.827363967895508,2594100,0.0,0.0
2021-03-17 00:00:00-04:00,28.819313818145705,29.4074627034009,28.779030237349634,29.157699584960938,2637800,0.0,0.0
2021-03-18 00:00:00-04:00,29.117411757699088,29.22215151124585,28.682341772295384,28.851537704467773,1541300,0.0,0.0
2021-03-19 00:00:00-04:00,28.859597017985166,29.141585153275518,28.746801763869023,28.843482971191406,2694300,0.0,0.0
2021-03-22 00:00:00-04:00,28.843480716655893,29.488027170824754,28.625945712103917,29.47191619873047,1564800,0.0,0.0
2021-03-23 00:00:00-04:00,29.415518959372093,29.520258730932884,29.028791041424885,29.21409797668457,1961400,0.0,0.0
2021-03-24 00:00:00-04:00,29.206041720505933,29.761962511643986,29.093246464922,29.375234603881836,3101000,0.0,0.0
2021-03-25 00:00:00-04:00,29.11740700960442,29.770011881291513,28.762907305290035,29.697500228881836,2130500,0.0,0.0
2021-03-26 00:00:00-04:00,29.89086535362946,30.052002715395563,29.608877275618436,30.035888671875,1893300,0.0,0.0
2021-03-29 00:00:00-04:00,30.04394752088113,30.197026325647457,29.5524799457898,29.560535430908203,1484500,0.0,0.0
2021-03-30 00:00:00-04:00,29.60082515959702,30.12451780314153,29.383290157469954,29.939210891723633,1869800,0.0,0.0
2021-03-31 00:00:00-04:00,29.93920935754927,30.172858393058046,29.7377884110982,29.818355560302734,1559400,0.0,0.0
2021-04-01 00:00:00-04:00,29.987545047601326,30.100340261626844,29.47190802723378,30.051998138427734,2659400,0.0,0.0
2021-04-05 00:00:00-04:00,30.237313448394232,30.5354186812497,29.75390437510202,30.261486053466797,1869300,0.0,0.0
2021-04-06 00:00:00-04:00,30.269538857517365,30.30176694579861,29.84252744482966,30.20508575439453,2241500,0.0,0.0
2021-04-07 00:00:00-04:00,30.21313976518913,30.42261618191439,29.995604790067027,30.36621856689453,1471500,0.0,0.0
2021-04-08 00:00:00-04:00,30.261480294550598,30.511240269730322,29.9794891609279,30.116456985473633,1499100,0.0,0.0
2021-04-09 00:00:00-04:00,30.092285586428726,30.358162688164693,29.858639644422556,30.34204864501953,961700,0.0,0.0
2021-04-12 00:00:00-04:00,30.37427943212978,30.57570037919504,30.23731158993673,30.543472290039062,2038300,0.0,0.0
2021-04-13 00:00:00-04:00,30.567642220058048,30.720724108831632,30.333996254220096,30.640153884887695,1196800,0.0,0.0
2021-04-14 00:00:00-04:00,30.422611665995856,30.78516990404805,30.414556182234275,30.607921600341797,1305100,0.0,0.0
2021-04-15 00:00:00-04:00,30.696548834549116,30.74489096471006,30.398446715488763,30.736835479736328,1660500,0.0,0.0
2021-04-16 00:00:00-04:00,30.801293165014766,30.938261017473774,30.519305047363822,30.64821434020996,1222400,0.0,0.0
2021-04-19 00:00:00-04:00,30.761003939529182,31.091334133888573,30.559583014348107,31.002708435058594,1489500,0.0,0.0
2021-04-20 00:00:00-04:00,31.00271345056261,32.17901110629171,31.00271345056261,31.816455841064453,5086500,0.0,0.0
2021-04-21 00:00:00-04:00,31.81645626537138,32.54962843848044,31.510295544920577,32.420719146728516,2849800,0.0,0.0
2021-04-22 00:00:00-04:00,32.36431429778085,32.82355685625458,32.066212175122075,32.52545166015625,2640100,0.0,0.0
2021-04-23 00:00:00-04:00,32.63018794574577,32.96857360474712,32.428767032500424,32.485164642333984,1797000,0.0,0.0
2021-04-26 00:00:00-04:00,32.63018710289746,32.73492683564256,32.23540077082078,32.29180145263672,1247800,0.0,0.0
2021-04-27 00:00:00-04:00,32.36431538146136,32.48516917564944,32.16289444010766,32.259578704833984,1515700,0.0,0.0
2021-04-28 00:00:00-04:00,32.21930317873647,32.307925833378256,31.735890954680876,31.84868621826172,1429700,0.0,0.0
2021-04-29 00:00:00-04:00,32.1064994965432,32.52545545826636,31.937306629339595,32.461002349853516,2764700,0.0,0.0
2021-04-30 00:00:00-04:00,32.460995837374725,32.541562975087,31.961469748552926,32.32402801513672,1952400,0.0,0.0
2021-05-03 00:00:00-04:00,32.35625686171631,32.52544969896081,32.050096199007655,32.30791473388672,2009700,0.0,0.0
2021-05-04 00:00:00-04:00,32.42071336600759,32.62213429054595,32.00175747415508,32.12260818481445,1590400,0.0,0.0
2021-05-05 00:00:00-04:00,31.719775018336396,31.784231207083064,31.07522849807093,31.204137802124023,2835300,0.0,0.0
2021-05-06 00:00:00-04:00,31.832562610494744,33.63729550613108,31.582802622839722,33.55672836303711,4548000,0.0,0.0
2021-05-07 00:00:00-04:00,33.03303380108173,33.70175278986683,32.767156687919574,33.27473831176758,3148100,0.0,0.0
2021-05-10 00:00:00-04:00,33.427819875646975,33.975681993753014,33.09748966369503,33.685638427734375,3313500,0.0,0.0
2021-05-11 00:00:00-04:00,33.403649560990736,33.89511717001452,33.15388955036144,33.78232192993164,2017700,0.0,0.0
2021-05-12 00:00:00-04:00,33.798437812562184,33.93540259055627,32.65436515785419,32.77521896362305,2644700,0.0,0.0
2021-05-13 00:00:00-04:00,32.82355225606762,34.104589343584706,32.71075396680572,33.74203109741211,3117400,0.0,0.0
2021-05-14 00:00:00-04:00,33.758149072680595,34.539660190570046,33.58089767090962,34.24155807495117,2736100,0.0,0.0
2021-05-17 00:00:00-04:00,34.4107574674117,35.25672491910835,34.39464342114394,35.08753204345703,3327600,0.0,0.0
2021-05-18 00:00:00-04:00,34.82165793495103,35.01502034312464,34.09654122069982,34.2979621887207,2492500,0.0,0.0
2021-05-19 00:00:00-04:00,34.18516116641996,34.25767282560192,33.76620525486191,33.93539810180664,1878700,0.0,0.0
2021-05-20 00:00:00-04:00,33.838717793309414,34.80553891637761,33.77426161749971,34.64440155029297,2456700,0.0,0.0
2021-05-21 00:00:00-04:00,34.56382563759835,34.829699611781095,34.402688312382736,34.63633728027344,1341400,0.0,0.0
2021-05-24 00:00:00-04:00,34.749140273913426,35.34534451536274,34.6202309995374,35.200321197509766,2949000,0.0,0.0
2021-05-25 00:00:00-04:00,35.19227294394114,35.232556524191374,34.81360052802062,34.821659088134766,1736500,0.0,0.0
2021-05-26 00:00:00-04:00,34.910274505615234,35.18420399984754,34.77330668505982,34.910274505615234,2052200,0.0,0.0
2021-05-27 00:00:00-04:00,35.006953315366744,35.04723688100193,34.64439507777202,34.65245056152344,5111000,0.0,0.0
2021-05-28 00:00:00-04:00,34.85387425561574,35.15197942676605,34.69273998016501,35.0794677734375,1890600,0.0,0.0
2021-06-01 00:00:00-04:00,35.24061206824536,35.63539542372639,34.92639279292957,35.59511184692383,2169900,0.0,0.0
2021-06-02 00:00:00-04:00,35.772361859811944,37.02117113199731,35.562882351210135,36.481361389160156,4080600,0.0,0.0
2021-06-03 00:00:00-04:00,36.27994875195809,36.7633609855688,35.95767700299143,36.69084930419922,2003700,0.0,0.0
2021-06-04 00:00:00-04:00,36.86003036138307,36.908372491246055,36.46524398443411,36.79557418823242,1689200,0.0,0.0
2021-06-07 00:00:00-04:00,36.82780646147226,37.25482097354047,36.77946739955348,36.83586502075195,2025100,0.0,0.0
2021-06-08 00:00:00-04:00,36.851976906856876,37.81073948450051,36.84391834804931,37.593204498291016,1836300,0.0,0.0
2021-06-09 00:00:00-04:00,37.75433810835635,38.14106590975214,37.536803143801336,37.88324737548828,1597900,0.0,0.0
2021-06-10 00:00:00-04:00,37.88325110244315,38.05244395592912,37.07756733524556,37.38372802734375,3221200,0.0,0.0
2021-06-11 00:00:00-04:00,37.375670233101495,37.43206785208382,36.87614714778386,37.287044525146484,3046100,0.0,0.0
2021-06-14 00:00:00-04:00,37.367887994826326,37.702696319519426,37.18006899464284,37.51487731933594,1640400,0.619,0.0
2021-06-15 00:00:00-04:00,37.465881183361134,37.612870500921794,37.26989438824545,37.53120803833008,1462500,0.0,0.0
2021-06-16 00:00:00-04:00,37.52304598175552,37.53121067103521,36.88609118927734,37.0412483215332,1899100,0.0,0.0
2021-06-17 00:00:00-04:00,36.951416770370294,37.33522253807823,36.80442745997595,37.212730407714844,1729200,0.0,0.0
2021-06-18 00:00:00-04:00,37.220902682780576,37.220902682780576,36.102150228696004,36.13481521606445,3134700,0.0,0.0
2021-06-21 00:00:00-04:00,36.18381265235236,37.11474298546897,36.18381265235236,37.0412483215332,1301700,0.0,0.0
2021-06-22 00:00:00-04:00,37.03308394889595,37.03308394889595,35.65302081499866,35.73468017578125,2796900,0.0,0.0
2021-06-23 00:00:00-04:00,35.72650942309149,35.72650942309149,35.285541473444276,35.52235794067383,2676100,0.0,0.0
2021-06-24 00:00:00-04:00,35.70201831441581,35.775512985190694,35.310047775318075,35.399871826171875,3030100,0.0,0.0
2021-06-25 00:00:00-04:00,35.318211312663315,35.473365339188724,35.19571916033469,35.24471664428711,2394200,0.0,0.0
2021-06-28 00:00:00-04:00,35.2447134342685,35.367205575440785,34.97523508483584,35.07322692871094,1772200,0.0,0.0
2021-06-29 00:00:00-04:00,35.03239451609363,35.089556680146444,34.4607697604612,34.55876159667969,3477000,0.0,0.0
2021-06-30 00:00:00-04:00,34.542429104792554,35.0160620242065,34.46893444885261,34.55876159667969,2634000,0.0,0.0
2021-07-01 00:00:00-04:00,34.7057420145773,35.056882712403656,34.477093416961445,34.803733825683594,2020500,0.0,0.0
2021-07-02 00:00:00-04:00,34.89357021489863,35.00789454406021,34.49343506283311,34.92623519897461,1524300,0.0,0.0
2021-07-06 00:00:00-04:00,34.820077126449426,34.86907460477006,34.37094447804264,34.64042282104492,2162500,0.0,0.0
2021-07-07 00:00:00-04:00,34.526086146878335,35.08954604331556,34.28110507304202,34.91805648803711,2207300,0.0,0.0
2021-07-08 00:00:00-04:00,34.697577328278236,35.03238553840296,34.50159059096214,34.803733825683594,1103600,0.0,0.0
2021-07-09 00:00:00-04:00,35.12222055699007,36.05315395715855,35.07322619363165,35.718345642089844,2331500,0.0,0.0
2021-07-12 00:00:00-04:00,35.60401599879018,36.436954390715734,35.399864523762474,36.33896255493164,2512400,0.0,0.0
2021-07-13 00:00:00-04:00,36.34712469948681,36.78809260230998,35.906159911767716,36.09397888183594,3089200,0.0,0.0
2021-07-14 00:00:00-04:00,35.93066291879716,36.404295879795136,35.91433042547607,36.11031723022461,1876900,0.0,0.0
2021-07-15 00:00:00-04:00,36.053147587616934,36.485947668043806,35.77550148892137,35.97148513793945,1160200,0.0,0.0
2021-07-16 00:00:00-04:00,36.01232167917938,36.09398414444441,35.318207857501505,35.375370025634766,1000500,0.0,0.0
2021-07-19 00:00:00-04:00,34.99156506912943,35.17121938193345,34.460773050097416,34.90174102783203,2096600,0.0,0.0
2021-07-20 00:00:00-04:00,35.11405866183664,35.96332966546898,35.0895614782084,35.759178161621094,1442100,0.0,0.0
2021-07-21 00:00:00-04:00,35.84899955989159,36.24097001046742,35.65301277705156,35.8408317565918,1259400,0.0,0.0
2021-07-22 00:00:00-04:00,35.865323786895964,36.15930236139573,35.46518870557423,35.58768081665039,1180900,0.0,0.0
2021-07-23 00:00:00-04:00,35.636685567974794,35.66935055580743,35.26921224261939,35.45703125,1281400,0.0,0.0
2021-07-26 00:00:00-04:00,35.367209055238185,35.61219024658203,35.21205191247336,35.61219024658203,1346400,0.0,0.0
2021-07-27 00:00:00-04:00,35.53869249796067,35.93066299316446,35.22021666530163,35.87350082397461,1514000,0.0,0.0
2021-07-28 00:00:00-04:00,35.88166620253157,36.012323036776614,35.22021734202433,35.4651985168457,1201300,0.0,0.0
2021-07-29 00:00:00-04:00,35.555028257968715,36.02865814835762,35.43253610410519,35.473365783691406,1302800,0.0,0.0
2021-07-30 00:00:00-04:00,35.55502895903857,35.97966448833888,35.473366483151054,35.73468017578125,2611700,0.0,0.0
2021-08-02 00:00:00-04:00,36.004161673552666,36.25731067614658,35.66118550503495,35.73468017578125,1024600,0.0,0.0
2021-08-03 00:00:00-04:00,35.8898312751343,36.03682059185984,35.48152830980878,35.8571662902832,815700,0.0,0.0
2021-08-04 00:00:00-04:00,35.94700202717084,35.94700202717084,35.23655557004041,35.383544921875,1283700,0.0,0.0
2021-08-05 00:00:00-04:00,35.46519454250395,36.13481113235852,34.6240914610022,36.10214614868164,1621900,0.0,0.0
2021-08-06 00:00:00-04:00,36.29813145110108,37.14740230134033,36.24913397758967,36.7227668762207,1375700,0.0,0.0
2021-08-09 00:00:00-04:00,36.64927122447193,37.155565976538476,36.4777816294088,37.00041198730469,2254600,0.0,0.0
2021-08-10 00:00:00-04:00,37.155573299941246,38.18449549760125,37.09841112868818,37.53937911987305,1852400,0.0,0.0
2021-08-11 00:00:00-04:00,37.67003492526012,38.26615691994339,37.604704951270634,38.151832580566406,1068600,0.0,0.0
2021-08-12 00:00:00-04:00,38.217159614672006,38.217159614672006,37.7843594378735,38.01300811767578,609800,0.0,0.0
2021-08-13 00:00:00-04:00,38.02117563449278,38.11916748008064,37.56387516324174,37.64553451538086,946100,0.0,0.0
2021-08-16 00:00:00-04:00,37.65370266348423,37.702697029173244,37.098410341574805,37.441383361816406,1031700,0.0,0.0
2021-08-17 00:00:00-04:00,37.23722785692817,37.343387496336895,36.771762742349395,37.24539566040039,944700,0.0,0.0
2021-08-18 00:00:00-04:00,37.13108056125687,37.13108056125687,36.70644501318651,36.959590911865234,1427100,0.0,0.0
2021-08-19 00:00:00-04:00,36.86159603441587,37.58021021964683,36.84526353985325,37.392391204833984,1109900,0.0,0.0
2021-08-20 00:00:00-04:00,37.31888429404433,37.53120042349639,37.09840036243808,37.29438400268555,982600,0.0,0.0
2021-08-23 00:00:00-04:00,37.4822067432142,37.53120109660286,37.25355500535298,37.457706451416016,1178900,0.0,0.0
2021-08-24 00:00:00-04:00,37.563868007975444,37.82518162317043,37.32705157073498,37.37604904174805,1101000,0.0,0.0
2021-08-25 00:00:00-04:00,37.35972170337371,37.6781975211169,37.12290523347589,37.46588134765625,1010700,0.0,0.0
2021-08-26 00:00:00-04:00,37.45770741382291,37.661858865131244,37.29438562975546,37.41687774658203,1038900,0.0,0.0
2021-08-27 00:00:00-04:00,37.563865495268566,38.1436548455054,37.40054371792055,37.86600875854492,1097800,0.0,0.0
2021-08-30 00:00:00-04:00,37.890517421412646,38.15183107686202,37.58837097627691,38.1273307800293,998200,0.0,0.0
2021-08-31 00:00:00-04:00,38.07016955965677,39.05009734952159,38.02933988405918,38.99293518066406,3103100,0.0,0.0
2021-09-01 00:00:00-04:00,39.00110051837057,39.52373096606705,38.78878433266936,39.491065979003906,1748400,0.0,0.0
2021-09-02 00:00:00-04:00,39.67071825178398,40.38116455078125,39.286912461299444,40.38116455078125,1954700,0.0,0.0
2021-09-03 00:00:00-04:00,40.48732694987169,40.48732694987169,39.77687748744165,40.324005126953125,1488800,0.0,0.0
2021-09-07 00:00:00-04:00,40.07902796936011,40.1198576504081,39.237921587267756,39.515567779541016,2021000,0.0,0.0
2021-09-08 00:00:00-04:00,39.376739171823104,39.68704718416352,38.9602684006279,39.58089065551758,1304300,0.0,0.0
2021-09-09 00:00:00-04:00,39.36040187939798,39.36856656710415,38.99292863053963,39.05009078979492,1183200,0.0,0.0
2021-09-10 00:00:00-04:00,39.050092701382084,39.050092701382084,38.388640821057535,38.39680862426758,1265100,0.0,0.0
2021-09-13 00:00:00-04:00,38.437636907138575,39.025594112864376,38.17632328572802,38.54379653930664,1818800,0.0,0.0
2021-09-14 00:00:00-04:00,38.73328954064221,38.84085675081964,37.53347544670091,37.59967041015625,1734300,0.619,0.0
2021-09-15 00:00:00-04:00,37.72378487051784,37.76515711127786,37.25213438155444,37.29350662231445,2048100,0.0,0.0
2021-09-16 00:00:00-04:00,37.26041539840153,37.32661352273061,36.78876481030786,37.1611213684082,1675100,0.0,0.0
2021-09-17 00:00:00-04:00,37.03699677243903,37.43417915510585,36.995624528223715,37.1528434753418,2192600,0.0,0.0
2021-09-20 00:00:00-04:00,36.69773882587043,36.90460320066452,36.34193184870462,36.722564697265625,1812700,0.0,0.0
2021-09-21 00:00:00-04:00,36.77221404929409,37.07009928581091,36.54880012190648,36.80531311035156,1556900,0.0,0.0
2021-09-22 00:00:00-04:00,37.06182706394484,37.27696465342051,36.98735575287628,37.053550720214844,1780600,0.0,0.0
2021-09-23 00:00:00-04:00,37.152837986917,37.51691810132775,36.912874586817,37.06181716918945,1639800,0.0,0.0
2021-09-24 00:00:00-04:00,36.99563005781744,37.15284902843444,36.59017758480601,36.63154983520508,1043600,0.0,0.0
2021-09-27 00:00:00-04:00,36.65637218241677,37.0618278078169,36.43295824472694,36.44123458862305,1157400,0.0,0.0
2021-09-28 00:00:00-04:00,36.391571201638236,36.424670250767285,35.96956937298956,36.259178161621094,1242700,0.0,0.0
2021-09-29 00:00:00-04:00,36.48260447277639,37.003903626914074,36.44123222547977,36.66464614868164,1354900,0.0,0.0
2021-09-30 00:00:00-04:00,36.73912659686925,36.830144300966346,35.92821519690556,35.953041076660156,1573000,0.0,0.0
2021-10-01 00:00:00-04:00,36.11851846803791,36.523970845430526,35.73788564723103,36.383304595947266,1401900,0.0,0.0
2021-10-04 00:00:00-04:00,36.35848050191108,36.78048558396853,36.24263695985603,36.557071685791016,1136300,0.0,0.0
2021-10-05 00:00:00-04:00,36.57362561612745,36.98735440554857,36.36676122141689,36.61499786376953,1509600,0.0,0.0
2021-10-06 00:00:00-04:00,36.557078734099306,36.78876586287935,35.72134475128491,36.4991569519043,1752100,0.0,0.0
2021-10-07 00:00:00-04:00,36.65637387895472,36.82186604303249,36.33366589507833,36.375038146972656,1579900,0.0,0.0
2021-10-08 00:00:00-04:00,36.32538855100538,36.3502112680017,35.24141799899766,35.27451705932617,1171000,0.0,0.0
2021-10-11 00:00:00-04:00,35.249692659517905,35.47310659132545,34.91871151189583,35.34071350097656,1147500,0.0,0.0
2021-10-12 00:00:00-04:00,35.43174049401833,35.895117968940156,35.33244644814251,35.81237030029297,1310500,0.0,0.0
2021-10-13 00:00:00-04:00,35.82891357583767,35.82891357583767,35.26624215332102,35.795814514160156,1097100,0.0,0.0
2021-10-14 00:00:00-04:00,35.95303374164652,37.11147250032369,35.84546336865855,37.053550720214844,1920700,0.0,0.0
2021-10-15 00:00:00-04:00,37.22731232909347,37.50037164815544,37.003898437224755,37.13629150390625,1557900,0.0,0.0
2021-10-18 00:00:00-04:00,37.0535464108456,37.48382469625536,36.90460380603068,37.23558807373047,1194200,0.0,0.0
2021-10-19 00:00:00-04:00,37.45900384663255,37.80653450417649,37.16111862216628,37.194217681884766,1165800,0.0,0.0
2021-10-20 00:00:00-04:00,37.27696699520604,37.881010708930965,37.27696699520604,37.68242263793945,1175400,0.0,0.0
2021-10-21 00:00:00-04:00,37.63277956246605,37.88101626587065,37.27697246353577,37.85619354248047,976400,0.0,0.0
2021-10-22 00:00:00-04:00,38.05477994319612,38.352662055370395,37.59140250786858,38.063053131103516,907200,0.0,0.0
2021-10-25 00:00:00-04:00,38.06305224044818,38.327838438296475,37.83963829416984,38.054779052734375,1132000,0.0,0.0
2021-10-26 00:00:00-04:00,38.079604562704255,38.41886210083816,37.78999246749194,38.26164627075195,1379000,0.0,0.0
2021-10-27 00:00:00-04:00,38.41058568342063,38.60917692423374,37.71552423182642,37.78171920776367,1049300,0.0,0.0
2021-10-28 00:00:00-04:00,37.83963508258799,38.67536901327165,37.773440116994344,38.410579681396484,1121500,0.0,0.0
2021-10-29 00:00:00-04:00,38.377479542744894,38.53469533062219,37.51692298946949,37.765159606933594,1943700,0.0,0.0
2021-11-01 00:00:00-04:00,37.79825876391267,38.13751621185738,37.02044985207598,38.005123138427734,1291000,0.0,0.0
2021-11-02 00:00:00-04:00,38.06304203963069,38.956697585246175,37.59139155383349,38.62571334838867,2045300,0.0,0.0
2021-11-03 00:00:00-04:00,38.73328744704995,40.07376773869142,38.65053980157831,39.90827560424805,2568000,0.0,0.0
2021-11-04 00:00:00-04:00,40.131692763200896,40.87640585027274,37.765163571506136,38.24509048461914,4166000,0.0,0.0
2021-11-05 00:00:00-04:00,38.5429693270816,39.6269365605429,38.5264197993914,39.428348541259766,1819400,0.0,0.0
2021-11-08 00:00:00-05:00,39.71796443859722,39.75933668692072,38.716741509267635,38.97325134277344,2292800,0.0,0.0
2021-11-09 00:00:00-05:00,38.84913463973375,39.44490196053558,38.3857572511099,39.37043380737305,1294800,0.0,0.0
2021-11-10 00:00:00-05:00,39.304234338117034,39.76761171086435,39.204940314135506,39.22976303100586,1187500,0.0,0.0
2021-11-11 00:00:00-05:00,39.196660958759345,39.8007045560208,39.105640128562435,39.610389709472656,726300,0.0,0.0
2021-11-12 00:00:00-05:00,39.66832340447002,39.70142247203507,39.18012320563849,39.34561538696289,694300,0.0,0.0
2021-11-15 00:00:00-05:00,39.56901663078814,40.54541671438934,39.46144627405247,40.5123176574707,1750300,0.0,0.0
2021-11-16 00:00:00-05:00,40.37991831598451,40.40474418306836,39.40351838400154,39.45316696166992,1464400,0.0,0.0
2021-11-17 00:00:00-05:00,39.32905805067126,39.52764926016211,38.4023064382144,39.02289962768555,1716200,0.0,0.0
2021-11-18 00:00:00-05:00,39.17184125397496,39.46972648241965,38.83258377857964,39.22976303100586,1433100,0.0,0.0
2021-11-19 00:00:00-05:00,39.23802947747408,39.535914654747955,38.43539792370787,38.56779098510742,1430600,0.0,0.0
2021-11-22 00:00:00-05:00,38.56779597721058,39.12219100717435,38.402303839915426,38.68363952636719,1774100,0.0,0.0
2021-11-23 00:00:00-05:00,38.78294128683303,38.89051167101985,38.23681933430852,38.76639175415039,1241200,0.0,0.0
2021-11-24 00:00:00-05:00,38.75811969833249,39.34561392147624,38.66709884416924,39.2794189453125,798200,0.0,0.0
2021-11-26 00:00:00-05:00,38.7663881488,39.188393301708345,38.443680182752615,38.633995056152344,726600,0.0,0.0
2021-11-29 00:00:00-05:00,38.87395604184547,39.213213517383174,38.592620343362974,38.774662017822266,1387000,0.0,0.0
2021-11-30 00:00:00-05:00,38.576070583998124,38.99807570746373,37.500376386723204,37.59967041015625,4054900,0.0,0.0
2021-12-01 00:00:00-05:00,38.029946821417475,39.18011226796101,37.31833284993012,37.34315872192383,2409300,0.0,0.0
2021-12-02 00:00:00-05:00,37.467267196157565,39.27940078371239,37.467267196157565,38.91531753540039,2229800,0.0,0.0
2021-12-03 00:00:00-05:00,39.039448572283185,39.18011484466544,38.31956136712073,38.9649772644043,1462400,0.0,0.0
2021-12-06 00:00:00-05:00,39.478005018634434,39.52765361560283,38.873961293104664,38.99808120727539,1441500,0.0,0.0
2021-12-07 00:00:00-05:00,39.254586484658105,39.82553423539344,38.766386385877254,39.76761245727539,1472000,0.0,0.0
2021-12-08 00:00:00-05:00,39.80898580432259,39.999300674323166,39.552472810930375,39.64349365234375,1103500,0.0,0.0
2021-12-09 00:00:00-05:00,39.6352222068378,39.767615302938495,38.94015766318406,39.122196197509766,1274100,0.0,0.0
2021-12-10 00:00:00-05:00,39.717963868623144,40.15651537625914,39.28768554793304,40.065494537353516,1501200,0.0,0.0
2021-12-13 00:00:00-05:00,40.13169056586753,41.16601248766824,40.040669731709066,41.00879669189453,2308100,0.0,0.0
2021-12-14 00:00:00-05:00,41.06661198347735,41.39340469544814,39.74269507479413,40.47168731689453,2576900,0.619,0.0
2021-12-15 00:00:00-05:00,40.56386524498062,41.63640600434428,40.262212357303696,41.50233840942383,2466800,0.0,0.0
2021-12-16 00:00:00-05:00,41.64478101618122,42.574876220131166,41.49395459411242,42.482704162597656,2917900,0.0,0.0
2021-12-17 00:00:00-05:00,42.43243545822731,43.38766751009744,42.088887032617464,42.94356918334961,4001700,0.0,0.0
2021-12-20 00:00:00-05:00,42.28160070488984,42.78435650469413,41.57774514230231,42.69218444824219,2002000,0.0,0.0
2021-12-21 00:00:00-05:00,42.77597882370576,43.34576685679149,42.683806760056115,43.16142272949219,3188800,0.0,0.0
2021-12-22 00:00:00-05:00,43.22007500433122,43.471451294884055,42.76759576348234,43.26197052001953,2041600,0.0,0.0
2021-12-23 00:00:00-05:00,43.530105855031756,43.60551906218448,42.66704288507877,42.98545455932617,1200500,0.0,0.0
2021-12-27 00:00:00-05:00,42.94355983336845,43.990963731743285,42.86814662482854,43.98258590698242,2029700,0.0,0.0
2021-12-28 00:00:00-05:00,43.815002318827666,44.2842372375258,43.530108319722444,44.21720504760742,830400,0.0,0.0
2021-12-29 00:00:00-05:00,44.409923288864924,44.409923288864924,43.907170718880884,44.20882034301758,931300,0.0,0.0
2021-12-30 00:00:00-05:00,44.29262171519051,44.39317160612559,43.74797034614734,44.02448654174805,1366900,0.0,0.0
2021-12-31 00:00:00-05:00,44.05800298434922,44.527237926314925,43.831763338862906,43.8485221862793,1216000,0.0,0.0
2022-01-03 00:00:00-05:00,43.965825352031295,43.99096202175983,42.23970264389381,43.00221252441406,2274700,0.0,0.0
2022-01-04 00:00:00-05:00,43.11952179963035,43.53848334808325,42.482701652408046,42.52459716796875,2050500,0.0,0.0
2022-01-05 00:00:00-05:00,42.315128916317654,42.43243767317269,40.513592446261306,40.6392822265625,3041900,0.0,0.0
2022-01-06 00:00:00-05:00,40.723072403322895,40.723072403322895,39.02208907279906,39.189674377441406,4013100,0.0,0.0
2022-01-07 00:00:00-05:00,39.1310115022443,39.46617884231727,38.97180405901824,39.206424713134766,3016600,0.0,0.0
2022-01-10 00:00:00-05:00,39.139394487303065,39.32373862632169,38.23443903373361,39.1142578125,4167800,0.0,0.0
2022-01-11 00:00:00-05:00,39.16452973984685,39.2650796236248,38.33498440851508,38.862876892089844,2899600,0.0,0.0
2022-01-12 00:00:00-05:00,38.86287735631681,39.52483422855396,38.787464143476726,39.1812858581543,2084500,0.0,0.0
2022-01-13 00:00:00-05:00,39.23993711181011,39.67565427547562,38.15901563369257,38.29308319091797,2587300,0.0,0.0
2022-01-14 00:00:00-05:00,37.99144432519294,38.05009870321995,36.9691768285669,37.51382827758789,2834600,0.0,0.0
2022-01-18 00:00:00-05:00,37.1953955383319,37.30432640599214,36.633988751971586,36.94401931762695,2629200,0.0,0.0
2022-01-19 00:00:00-05:00,37.14514039358127,37.4467900882233,36.20666402217174,36.23180389404297,2362600,0.0,0.0
2022-01-20 00:00:00-05:00,36.16476114813826,36.592100526020715,35.65362754175329,35.6871452331543,2076700,0.0,0.0
2022-01-21 00:00:00-05:00,35.78769667974792,36.86024047663614,35.64525127968376,36.32396697998047,3470600,0.0,0.0
2022-01-24 00:00:00-05:00,35.930146177622696,37.346235174476455,35.2346684170201,37.17864990234375,3290300,0.0,0.0
2022-01-25 00:00:00-05:00,36.75969383389919,37.17865547886042,36.097736864142455,36.88538360595703,2831000,0.0,0.0
2022-01-26 00:00:00-05:00,37.17027254035739,37.97467802091131,36.70941543356649,37.10323715209961,3234500,0.0,0.0
2022-01-27 00:00:00-05:00,37.396511462260406,37.63950674896592,36.35748533919954,36.58372497558594,1635400,0.0,0.0
2022-01-28 00:00:00-05:00,36.600480927914354,37.73167582396677,35.95527976326315,37.706539154052734,2579300,0.0,0.0
2022-01-31 00:00:00-05:00,37.48868580434708,38.78746613995684,37.438409261058105,38.47743225097656,9852700,0.0,0.0
2022-02-01 00:00:00-05:00,38.54446202635036,38.829356003967256,38.217672533641576,38.64501190185547,2391800,0.0,0.0
2022-02-02 00:00:00-05:00,38.83774336016135,39.306981555052715,38.7371934599788,39.08074188232422,1785300,0.0,0.0
2022-02-03 00:00:00-05:00,38.79584176458815,38.95504921109242,38.31822581792171,38.452293395996094,1571200,0.0,0.0
2022-02-04 00:00:00-05:00,38.20091759097957,38.75394675739027,37.86574704315717,38.24281311035156,1569200,0.0,0.0
2022-02-07 00:00:00-05:00,38.209294195642606,38.41877498223368,37.81547249041912,37.93278121948242,1209300,0.0,0.0
2022-02-08 00:00:00-05:00,37.87413261024972,37.89926928560498,37.09486371000049,37.497066497802734,1951200,0.0,0.0
2022-02-09 00:00:00-05:00,37.96630621852176,38.61988537560196,37.96630621852176,38.603126525878906,1734100,0.0,0.0
2022-02-10 00:00:00-05:00,38.117134104635895,38.552851428144045,37.40489734849891,37.51382827758789,1380300,0.0,0.0
2022-02-11 00:00:00-05:00,37.5138139371737,37.85736224704244,36.93564820488415,37.228919982910156,1570300,0.0,0.0
2022-02-14 00:00:00-05:00,37.1116182214478,37.32109901538721,36.44128032012633,36.575347900390625,1467600,0.0,0.0
2022-02-15 00:00:00-05:00,37.08647712489357,37.30433893337546,36.491552456941655,36.65913772583008,1443300,0.0,0.0
2022-02-16 00:00:00-05:00,36.68426935797393,37.111611894755086,36.59209731292612,36.876991271972656,1551600,0.0,0.0
2022-02-17 00:00:00-05:00,36.79321007518441,36.92727766840437,36.424524992935424,36.50831604003906,1049500,0.0,0.0
2022-02-18 00:00:00-05:00,36.416136153266855,36.734547817472695,35.99717461483602,36.03907012939453,1659800,0.0,0.0
2022-02-22 00:00:00-05:00,35.85473003536138,36.27369158324897,35.335215414556245,35.76255798339844,2200000,0.0,0.0
2022-02-23 00:00:00-05:00,35.896627731507365,36.27369378679673,35.276563196540074,35.39387512207031,2109100,0.0,0.0
2022-02-24 00:00:00-05:00,35.108974037617,38.16739098779513,34.91624893993034,38.06684112548828,3370400,0.0,0.0
2022-02-25 00:00:00-05:00,38.93829807280206,40.982829842293256,38.544473085808825,40.7817268371582,3710800,0.0,0.0
2022-02-28 00:00:00-05:00,40.077861987879785,41.711809417873305,39.71755481192664,41.20905685424805,3937000,0.0,0.0
2022-03-01 00:00:00-05:00,41.502327819574894,42.02184241420154,41.11688398208245,41.61963653564453,2963800,0.0,0.0
2022-03-02 00:00:00-05:00,41.619632529090005,42.5748674031778,41.234188728702684,42.2983512878418,2713600,0.0,0.0
2022-03-03 00:00:00-05:00,42.532977681909095,43.52172725449126,42.28998239772305,43.34576416015625,2169400,0.0,0.0
2022-03-04 00:00:00-05:00,43.03573295526005,43.756347366642885,42.66704472817686,43.68931198120117,2218300,0.0,0.0
2022-03-07 00:00:00-05:00,43.57200485759534,43.72283128397011,42.67542732104714,42.7927360534668,2120100,0.0,0.0
2022-03-08 00:00:00-05:00,42.73408252962687,43.49659250180837,42.365397478122865,42.5162239074707,2540200,0.0,0.0
2022-03-09 00:00:00-05:00,42.99383430396309,43.54686340785721,42.73407699894355,42.80949020385742,1482000,0.0,0.0
2022-03-10 00:00:00-05:00,42.49947166549738,43.136291980056875,42.12240553352357,43.06087875366211,1440200,0.0,0.0
2022-03-11 00:00:00-05:00,43.25359209846014,43.54686711874933,42.306741240593674,42.34025573730469,1649300,0.0,0.0
2022-03-14 00:00:00-04:00,41.872832279688836,42.008562561143854,40.065920278515904,40.744571685791016,3168200,0.619,0.0
2022-03-15 00:00:00-04:00,40.820920934140524,41.49109062712595,40.4646301521879,41.29597854614258,2240300,0.0,0.0
2022-03-16 00:00:00-04:00,41.56743997852397,41.93221573109829,40.62580969797472,41.6607551574707,2040400,0.0,0.0
2022-03-17 00:00:00-04:00,41.71165227687713,42.26305839110441,41.49109177282541,42.05097961425781,1168100,0.0,0.0
2022-03-18 00:00:00-04:00,41.77104388876635,42.08491962182332,41.49958003447841,41.966156005859375,3483000,0.0,0.0
2022-03-21 00:00:00-04:00,41.983119016491436,42.92474613306829,41.983119016491436,42.543006896972656,1563400,0.0,0.0
2022-03-22 00:00:00-04:00,42.755084122022,43.47615069274377,42.424238500894454,43.221656799316406,2118400,0.0,0.0
2022-03-23 00:00:00-04:00,43.25559377282263,44.443233119446305,42.89081797539942,44.23963928222656,2689500,0.0,0.0
2022-03-24 00:00:00-04:00,44.12935178152805,44.867385010610164,43.89182458965456,44.52806091308594,1707500,0.0,0.0
2022-03-25 00:00:00-04:00,44.748627953377735,45.2915491776008,44.50261576238111,45.2491340637207,1157000,0.0,0.0
2022-03-28 00:00:00-04:00,45.121887423542766,45.65632694236488,45.00312380515249,45.53756332397461,1117800,0.0,0.0
2022-03-29 00:00:00-04:00,45.792049850239536,46.81002864280794,45.67328625105187,46.75912857055664,2492100,0.0,0.0
2022-03-30 00:00:00-04:00,46.64035938041323,47.07300185252337,46.27558366316938,47.047550201416016,1782000,0.0,0.0
2022-03-31 00:00:00-04:00,47.166320925018525,47.93828758010279,46.78458169734662,47.00514221191406,2774800,0.0,0.0
2022-04-01 00:00:00-04:00,47.14935321826757,47.80255297546034,46.71671071968878,47.70075607299805,1889600,0.0,0.0
2022-04-04 00:00:00-04:00,47.700762886585856,47.717729578763965,46.88638107843071,47.3614387512207,1406800,0.0,0.0
2022-04-05 00:00:00-04:00,47.26812171083417,47.819524622729325,46.8100307481652,46.88637924194336,1514400,0.0,0.0
2022-04-06 00:00:00-04:00,46.67429616544355,47.675308220348334,46.334968838468455,47.64985656738281,1679700,0.0,0.0
2022-04-07 00:00:00-04:00,47.3105333251703,47.8704211594773,47.01362109972452,47.208736419677734,1468100,0.0,0.0
2022-04-08 00:00:00-04:00,47.251142682857605,47.7431636640299,46.80153356529787,47.44625473022461,1259200,0.0,0.0
2022-04-11 00:00:00-04:00,47.40384964101744,47.632895110920586,46.59794963270606,47.106937408447266,1068800,0.0,0.0
2022-04-12 00:00:00-04:00,47.17480287179657,48.20126335837363,47.13238776433059,47.46323013305664,1817600,0.0,0.0
2022-04-13 00:00:00-04:00,47.69227559665128,48.08249976304276,47.28508474006035,47.46323013305664,1287000,0.0,0.0
2022-04-14 00:00:00-04:00,47.59896564860044,47.76014436910707,46.98817767857009,47.01362609863281,1242300,0.0,0.0
2022-04-18 00:00:00-04:00,47.013623014618176,47.81952303641685,47.013623014618176,47.56502914428711,856600,0.0,0.0
2022-04-19 00:00:00-04:00,47.71772861327037,48.28609822744139,47.64986184593113,47.8958740234375,1133700,0.0,0.0
2022-04-20 00:00:00-04:00,48.04857026878676,49.16834602399502,47.98070673856548,48.964752197265625,1231400,0.0,0.0
2022-04-21 00:00:00-04:00,49.202280046735666,49.71975282017011,48.77812246012588,48.84598922729492,1001800,0.0,0.0
2022-04-22 00:00:00-04:00,48.83750425878505,48.92233448167283,48.03160419708893,48.08250427246094,953400,0.0,0.0
2022-04-25 00:00:00-04:00,47.71772194184791,47.84497049478556,46.470697772893445,47.26811599731445,1674500,0.0,0.0
2022-04-26 00:00:00-04:00,47.30205612779353,47.64986524505429,46.326495548191765,46.35194396972656,1749500,0.0,0.0
2022-04-27 00:00:00-04:00,46.56401522300846,46.88637586642676,46.046542495329554,46.165306091308594,1787300,0.0,0.0
2022-04-28 00:00:00-04:00,46.73368144178067,47.46323298384976,46.26710875950046,47.25963592529297,1177900,0.0,0.0
2022-04-29 00:00:00-04:00,47.217219764888924,47.352950055552185,45.46120771365438,45.57997131347656,1864800,0.0,0.0
2022-05-02 00:00:00-04:00,45.49514235048114,45.66480602750734,41.830421165403415,43.009578704833984,2685300,0.0,0.0
2022-05-03 00:00:00-04:00,43.4167743383909,44.9437411265648,43.26407733596693,44.59593200683594,1711700,0.0,0.0
2022-05-04 00:00:00-04:00,44.62986507646786,46.36042893428204,44.41778626750237,46.35194396972656,1913800,0.0,0.0
2022-05-05 00:00:00-04:00,46.05502848877396,46.55553453735729,45.52058905884743,46.30104064941406,3057600,0.0,0.0
2022-05-06 00:00:00-04:00,45.70722502117342,46.15683105283709,45.10491875475336,46.01261901855469,1600500,0.0,0.0
2022-05-09 00:00:00-04:00,45.37637129853911,45.69024694607017,44.81648352150793,44.96917724609375,1923900,0.0,0.0
2022-05-10 00:00:00-04:00,45.232165813626885,45.673290102136804,43.24710813336508,43.688232421875,2039500,0.0,0.0
2022-05-11 00:00:00-04:00,43.73912810414962,44.0360370973245,42.83143119808319,42.882328033447266,1855200,0.0,0.0
2022-05-12 00:00:00-04:00,42.88232626880497,44.036035285206154,42.65328081089604,44.02755355834961,1484600,0.0,0.0
2022-05-13 00:00:00-04:00,44.036039933552004,44.47716420615567,43.64581573565605,44.392333984375,1457200,0.0,0.0
2022-05-16 00:00:00-04:00,44.519572400097275,45.283057221763805,44.30749364253046,44.98614501953125,1204300,0.0,0.0
2022-05-17 00:00:00-04:00,45.469693376510634,45.66480872003789,44.69772667478624,45.39334487915039,1318600,0.0,0.0
2022-05-18 00:00:00-04:00,45.113392869812174,45.274571558083316,43.043505393000494,43.28103256225586,1635000,0.0,0.0
2022-05-19 00:00:00-04:00,42.83992309262984,43.18773223978082,41.24508940605323,41.25357437133789,2874200,0.0,0.0
2022-05-20 00:00:00-04:00,41.95766830850373,42.56845627775509,41.041489590692294,41.98311996459961,3043100,0.0,0.0
2022-05-23 00:00:00-04:00,42.415752469994054,43.272549246019295,42.00007667191947,43.247100830078125,1415800,0.0,0.0
2022-05-24 00:00:00-04:00,42.98412455303638,43.59491246042591,42.35637319138851,43.51008224487305,1423200,0.0,0.0
2022-05-25 00:00:00-04:00,43.264063018144775,43.806984075504076,43.060466003602656,43.552490234375,985700,0.0,0.0
2022-05-26 00:00:00-04:00,43.5779470113897,44.30749853576012,43.331938084852894,44.078453063964844,1320200,0.0,0.0
2022-05-27 00:00:00-04:00,44.434749123227256,46.631885523810844,44.25660047967089,46.6064338684082,1644300,0.0,0.0
2022-05-31 00:00:00-04:00,46.14834350064598,46.40283738765839,44.94373435589141,45.724185943603516,3855700,0.0,0.0
2022-06-01 00:00:00-04:00,45.79205521656372,45.99565229336288,44.6637976559962,45.31699752807617,1028000,0.0,0.0
2022-06-02 00:00:00-04:00,45.02008126786159,45.647835854153364,44.5789570356689,45.63935089111328,1046000,0.0,0.0
2022-06-03 00:00:00-04:00,45.36788827178843,46.16530325004564,44.9182823329489,45.444236755371094,1577000,0.0,0.0
2022-06-06 00:00:00-04:00,45.86840451146227,45.99565309117715,44.9522257401389,45.03705596923828,957100,0.0,0.0
2022-06-07 00:00:00-04:00,44.85890911023153,46.28407891871859,44.816493997039856,46.22469711303711,927100,0.0,0.0
2022-06-08 00:00:00-04:00,45.98715749973202,46.13137273915411,45.05401225101054,45.1473274230957,1238800,0.0,0.0
2022-06-09 00:00:00-04:00,45.070987144299195,45.2830659427097,44.34143555999655,44.358402252197266,941600,0.0,0.0
2022-06-10 00:00:00-04:00,43.84940703228057,44.34991307846502,43.272552496472535,43.298004150390625,1400500,0.0,0.0
2022-06-13 00:00:00-04:00,42.41575942406509,42.68722002549385,40.795477543508426,41.03300476074219,1685000,0.0,0.0
2022-06-14 00:00:00-04:00,41.13525953045704,41.16104111637878,40.05252798417146,40.628265380859375,2176100,0.619,0.0
2022-06-15 00:00:00-04:00,41.066515007583746,41.7367772164611,40.258759752767816,41.22119140625,1745900,0.0,0.0
2022-06-16 00:00:00-04:00,40.361880141842775,40.4306233878272,39.39944847394336,39.62287139892578,1371300,0.0,0.0
2022-06-17 00:00:00-04:00,39.90644983101558,40.40485238608304,39.45960717827019,39.717403411865234,2614400,0.0,0.0
2022-06-21 00:00:00-04:00,40.09549573548221,40.903247794029625,39.76036459712759,40.55093002319336,1446000,0.0,0.0
2022-06-22 00:00:00-04:00,40.05252493101764,41.82270520334073,40.03533830105151,41.3758659362793,1574500,0.0,0.0
2022-06-23 00:00:00-04:00,41.39304875151833,41.814112985192686,40.739973211345756,41.204002380371094,1517300,0.0,0.0
2022-06-24 00:00:00-04:00,41.85708012758833,42.87106838980667,41.76255529802337,42.501564025878906,2310600,0.0,0.0
2022-06-27 00:00:00-04:00,42.5101610524223,43.42102957514505,42.36407632378774,43.23198318481445,1450400,0.0,0.0
2022-06-28 00:00:00-04:00,43.46399513626174,43.61007657795271,42.183619031843705,42.243770599365234,980500,0.0,0.0
2022-06-29 00:00:00-04:00,41.97737916517696,42.23517532173201,41.23837378749733,41.401641845703125,1644800,0.0,0.0
2022-06-30 00:00:00-04:00,41.186821524043424,42.44141616903759,40.81731712780317,41.83989715576172,1549700,0.0,0.0
2022-07-01 00:00:00-04:00,41.82270923632037,42.60468622412045,41.77115261946485,42.38985824584961,1263400,0.0,0.0
2022-07-05 00:00:00-04:00,41.90864944458008,42.011765973652864,40.77435779073338,41.90864944458008,944300,0.0,0.0
2022-07-06 00:00:00-04:00,42.08050003921937,42.68201567886991,41.547724361222635,41.91722869873047,1130200,0.0,0.0
2022-07-07 00:00:00-04:00,42.16643284867715,42.80232506952568,42.04612971235801,42.10628128051758,1275300,0.0,0.0
2022-07-08 00:00:00-04:00,42.10627691584159,42.33829148812733,41.72818091545795,41.84848403930664,989700,0.0,0.0
2022-07-11 00:00:00-04:00,41.67662707558634,41.839895156209515,41.22978449502241,41.28993606567383,1062100,0.0,0.0
2022-07-12 00:00:00-04:00,41.092300889459594,41.547735215032596,40.59390161811814,40.954811096191406,1162400,0.0,0.0
2022-07-13 00:00:00-04:00,40.43921944126909,40.94621359648867,40.293134712808474,40.53374099731445,1227100,0.0,0.0
2022-07-14 00:00:00-04:00,39.66583704350177,40.043933098183224,38.35968256640027,38.41983413696289,4511600,0.0,0.0
2022-07-15 00:00:00-04:00,39.047129533782936,39.107281101426686,38.265155876399554,38.53154373168945,2306800,0.0,0.0
2022-07-18 00:00:00-04:00,38.935424799015266,39.62287368865935,38.729188493114606,38.978389739990234,1837100,0.0,0.0
2022-07-19 00:00:00-04:00,39.35648684464765,39.99237913304815,39.04713401666984,39.889259338378906,1515800,0.0,0.0
2022-07-20 00:00:00-04:00,39.76894618837977,40.53373311076952,39.69160800083395,39.829097747802734,3548800,0.0,0.0
2022-07-21 00:00:00-04:00,39.932226239608816,40.757164901626766,39.61427846690233,40.611080169677734,1578600,0.0,0.0
2022-07-22 00:00:00-04:00,40.94621411881271,41.092295571122015,40.38766006206755,40.705604553222656,1360000,0.0,0.0
2022-07-25 00:00:00-04:00,40.71419515797575,40.98057972561089,40.23297935622584,40.404842376708984,1574500,0.0,0.0
2022-07-26 00:00:00-04:00,40.387659038738654,40.62826532021749,40.08690118689011,40.23298263549805,2039000,0.0,0.0
2022-07-27 00:00:00-04:00,40.344688419991584,40.58529466759845,39.96658914173591,40.43061828613281,1439600,0.0,0.0
2022-07-28 00:00:00-04:00,40.55951851601549,41.324305510511294,40.31890897762423,41.24696731567383,2495900,0.0,0.0
2022-07-29 00:00:00-04:00,41.35007827979995,41.8484806415807,41.2813350480453,41.668025970458984,5013800,0.0,0.0
2022-08-01 00:00:00-04:00,41.40164722237365,42.08050440383576,41.07510778554135,41.960201263427734,2271400,0.0,0.0
2022-08-02 00:00:00-04:00,41.848489197118035,42.08909547447006,41.46179819564894,41.56491470336914,1626900,0.0,0.0
2022-08-03 00:00:00-04:00,41.49618005272419,42.04613924516533,41.178232231206685,41.556331634521484,1974400,0.0,0.0
2022-08-04 00:00:00-04:00,41.77973850574383,42.26954596607457,41.23837443570313,42.054718017578125,2007000,0.0,0.0
2022-08-05 00:00:00-04:00,41.90005491453809,44.99358032032833,41.90005491453809,44.942020416259766,2063200,0.0,0.0
2022-08-08 00:00:00-04:00,45.31152162981958,46.89265585012384,45.277148362896305,46.394256591796875,2368100,0.0,0.0
2022-08-09 00:00:00-04:00,46.40283760230934,46.437210861330804,45.60367735913953,45.809913635253906,1408100,0.0,0.0
2022-08-10 00:00:00-04:00,46.40283780207761,46.823902031867256,46.19660152507537,46.514549255371094,920600,0.0,0.0
2022-08-11 00:00:00-04:00,46.75515730041721,46.95279863117334,45.94740534715112,46.05052185058594,975200,0.0,0.0
2022-08-12 00:00:00-04:00,46.10208323364952,46.531739169553006,45.86147368049362,46.428619384765625,793700,0.0,0.0
2022-08-15 00:00:00-04:00,46.179426224022095,46.935618389491275,45.672432035938336,46.858280181884766,1010500,0.0,0.0
2022-08-16 00:00:00-04:00,46.5832915168887,46.94420417455554,46.377058522234236,46.52313995361328,1053000,0.0,0.0
2022-08-17 00:00:00-04:00,46.05911983223669,47.554324087801916,46.02474984506283,47.21059799194336,1062600,0.0,0.0
2022-08-18 00:00:00-04:00,47.32230519183357,47.42542170007424,46.7121945408888,47.305118560791016,1081700,0.0,0.0
2022-08-19 00:00:00-04:00,47.08170414911366,47.66603655748418,46.90984109759026,47.15904235839844,960800,0.0,0.0
2022-08-22 00:00:00-04:00,46.686419359213836,46.7207893455855,45.97318887425948,46.0763053894043,887400,0.0,0.0
2022-08-23 00:00:00-04:00,46.05911343966177,46.239571417849874,45.5521193215447,45.74116897583008,1130100,0.0,0.0
2022-08-24 00:00:00-04:00,46.03334760780909,47.07311443211322,46.03334760780909,46.78954315185547,1227400,0.0,0.0
2022-08-25 00:00:00-04:00,47.141853367830464,47.60588260033253,46.78953560493405,47.580101013183594,996100,0.0,0.0
2022-08-26 00:00:00-04:00,47.648845481353106,47.77774029946513,46.57470560701248,46.634857177734375,1335400,0.0,0.0
2022-08-29 00:00:00-04:00,46.23097566184321,46.81530796675841,45.98177444515581,46.41143035888672,1175100,0.0,0.0
2022-08-30 00:00:00-04:00,46.385656203670464,46.471589360914734,45.345889586125594,45.526344299316406,1749800,0.0,0.0
2022-08-31 00:00:00-04:00,45.78413427714736,45.85288079853146,44.78733266317992,45.208396911621094,2210700,0.0,0.0
2022-09-01 00:00:00-04:00,44.81312231573679,45.81851578687822,44.73578410426321,45.775550842285156,1481700,0.0,0.0
2022-09-02 00:00:00-04:00,46.17081878011278,46.454393223971735,44.692801558090835,44.795921325683594,1768200,0.0,0.0
2022-09-06 00:00:00-04:00,44.873266094324755,44.88185777054399,43.807717952338315,44.45220184326172,2044200,0.0,0.0
2022-09-07 00:00:00-04:00,44.63265347027306,45.363070463127194,44.49516371413801,45.328697204589844,1034500,0.0,0.0
2022-09-08 00:00:00-04:00,45.027943174351705,45.45759910816035,44.70999542316277,45.371665954589844,1503000,0.0,0.0
2022-09-09 00:00:00-04:00,45.85288821994594,47.65744208416107,45.73258506606694,47.459800720214844,2067300,0.0,0.0
2022-09-12 00:00:00-04:00,47.82070793832132,48.69720318052656,47.55432007262227,48.58549499511719,2024400,0.0,0.0
2022-09-13 00:00:00-04:00,47.68321835162107,47.82929979988206,46.866871398237805,47.08169937133789,1727400,0.0,0.0
2022-09-14 00:00:00-04:00,46.776630283151015,47.663144303440845,46.60280341957958,47.176429748535156,1725900,0.619,0.0
2022-09-15 00:00:00-04:00,47.306800547796286,47.550156166601305,46.26384268574788,46.49850845336914,1763600,0.0,0.0
2022-09-16 00:00:00-04:00,46.350767739794094,48.210707947317886,46.15955781792712,48.054264068603516,5749300,0.0,0.0
2022-09-19 00:00:00-04:00,47.32419278314403,48.83647915951694,47.05476092736619,48.827789306640625,2807500,0.0,0.0
2022-09-20 00:00:00-04:00,48.1585546251181,48.30630863771826,43.96065309199213,44.02149200439453,4273900,0.0,0.0
2022-09-21 00:00:00-04:00,44.33437157917162,45.79451194838515,43.56084550694563,43.58692169189453,2164100,0.0,0.0
2022-09-22 00:00:00-04:00,43.32618168952767,43.32618168952767,41.6226856204304,41.666141510009766,2683600,0.0,0.0
2022-09-23 00:00:00-04:00,41.092523942916685,41.292423730146474,40.11040802941457,40.50151443481445,2021500,0.0,0.0
2022-09-26 00:00:00-04:00,40.188629799237205,40.24077555147893,38.65026711412791,38.87623977661133,2487600,0.0,0.0
2022-09-27 00:00:00-04:00,39.310796112504896,39.467239963236004,37.75505077216317,37.88542175292969,2436900,0.0,0.0
2022-09-28 00:00:00-04:00,38.31998947592949,39.30210852533083,37.83327487722794,39.032676696777344,1573400,0.0,0.0
2022-09-29 00:00:00-04:00,38.589420918407136,38.615493789613026,37.6594509367153,38.07663345336914,1541900,0.0,0.0
2022-09-30 00:00:00-04:00,38.76323687887545,38.98921276991866,38.137464884345555,38.2156867980957,1509700,0.0,0.0
2022-10-03 00:00:00-04:00,38.850151487399856,39.945254951156834,38.14615427218172,39.66713333129883,1888900,0.0,0.0
2022-10-04 00:00:00-04:00,40.15385446927696,41.73567268731308,39.98871745076951,41.35325622558594,2082000,0.0,0.0
2022-10-05 00:00:00-04:00,40.61449080543515,41.21418999556474,39.68452091044343,40.89261245727539,1265900,0.0,0.0
2022-10-06 00:00:00-04:00,40.797012089205964,41.17943188994104,39.87573525755579,39.98003005981445,1314600,0.0,0.0
2022-10-07 00:00:00-04:00,39.57153654026381,40.54496572541282,39.42378584984964,39.67583465576172,1861500,0.0,0.0
2022-10-10 00:00:00-04:00,39.823590397114806,40.11909513089476,38.93707619577494,39.18043518066406,934200,0.0,0.0
2022-10-11 00:00:00-04:00,39.145665038500816,40.07563503835592,38.650260583081625,39.98871994018555,1407100,0.0,0.0
2022-10-12 00:00:00-04:00,39.927881055237435,39.94526407488284,39.18043110331674,39.449859619140625,894900,0.0,0.0
2022-10-13 00:00:00-04:00,38.589423598688576,40.02348797764007,38.43297972964338,39.788822174072266,1193600,0.0,0.0
2022-10-14 00:00:00-04:00,40.44066802952627,40.51020010724634,38.33737241057337,38.36344528198242,1139700,0.0,0.0
2022-10-17 00:00:00-04:00,39.14566571643315,40.05825271245855,39.14566571643315,39.59761428833008,1478600,0.0,0.0
2022-10-18 00:00:00-04:00,40.53627486654071,41.4401720261669,40.431980060575256,40.96215057373047,1373100,0.0,0.0
2022-10-19 00:00:00-04:00,40.52758594950815,40.82309066945708,39.44986187808495,40.18862533569336,1074600,0.0,0.0
2022-10-20 00:00:00-04:00,40.327675884225364,41.31848459935689,40.13646602149074,40.240760803222656,1134100,0.0,0.0
2022-10-21 00:00:00-04:00,40.35376024711007,41.144669474463264,39.73667791581223,40.910003662109375,1164600,0.0,0.0
2022-10-24 00:00:00-04:00,41.26634723457928,41.75306187958493,40.87523754800976,41.4488639831543,1029800,0.0,0.0
2022-10-25 00:00:00-04:00,41.70959778970196,43.213194008899904,41.64006571887422,43.03067398071289,1466700,0.0,0.0
2022-10-26 00:00:00-04:00,42.90899540712954,43.204500071935094,42.335369094915414,42.856849670410156,1362600,0.0,0.0
2022-10-27 00:00:00-04:00,43.247958663993856,43.76943927212099,43.004603036150925,43.352256774902344,1283100,0.0,0.0
2022-10-28 00:00:00-04:00,43.2045116486518,43.89981595348111,42.84816798520975,43.54347229003906,1119400,0.0,0.0
2022-10-31 00:00:00-04:00,43.13498230054144,43.760754508804624,42.79602166367547,43.517398834228516,1380300,0.0,0.0
2022-11-01 00:00:00-04:00,43.899807251709234,44.15185604833416,43.404402825499844,43.639068603515625,1154600,0.0,0.0
2022-11-02 00:00:00-04:00,43.621690775134915,43.71729573112466,42.39621599889001,42.74386978149414,2095400,0.0,0.0
2022-11-03 00:00:00-04:00,41.90949831768305,43.93457184474076,40.51019686262569,43.31748962402344,1662400,0.0,0.0
2022-11-04 00:00:00-04:00,43.682535417564125,43.682535417564125,41.75306628598232,42.94377517700195,1655000,0.0,0.0
2022-11-07 00:00:00-05:00,43.20449958896606,43.69990397509159,42.85684919132739,43.38701629638672,1627100,0.0,0.0
2022-11-08 00:00:00-05:00,43.38701950619112,44.768937979058634,43.343563617705335,43.891117095947266,1124700,0.0,0.0
2022-11-09 00:00:00-05:00,43.6129964916587,43.995412961293795,42.61349445482061,42.735172271728516,848000,0.0,0.0
2022-11-10 00:00:00-05:00,44.60381349452117,45.98573225297828,44.5864304724401,45.69022750854492,1715500,0.0,0.0
2022-11-11 00:00:00-05:00,45.994406505285106,46.39420924659447,45.238263536335545,45.950950622558594,1584300,0.0,0.0
2022-11-14 00:00:00-05:00,45.629377151663896,45.82927688228126,44.56034642768151,44.62987518310547,1418900,0.0,0.0
2022-11-15 00:00:00-05:00,45.24696501677574,45.85535411768755,45.099211009788625,45.69891357421875,1342100,0.0,0.0
2022-11-16 00:00:00-05:00,45.42079339103358,45.71629812083858,44.50820632752387,44.942771911621094,1269100,0.0,0.0
2022-11-17 00:00:00-05:00,44.395215945154185,44.71679350763802,44.0475621964617,44.60380554199219,924900,0.0,0.0
2022-11-18 00:00:00-05:00,45.19482388607374,45.67284539869732,44.87324625983206,45.455562591552734,929800,0.0,0.0
2022-11-21 00:00:00-05:00,45.220895858773275,45.794522325558916,45.099218019678204,45.69022750854492,1052900,0.0,0.0
2022-11-22 00:00:00-05:00,45.881431737950734,46.05525862170147,45.63807277451089,46.02918243408203,1032600,0.0,0.0
2022-11-23 00:00:00-05:00,46.07263434845087,46.515893029519916,45.829278721493274,46.4202880859375,657400,0.0,0.0
2022-11-25 00:00:00-05:00,46.66364382649471,46.88961975105268,46.263844348242024,46.5506591796875,535400,0.0,0.0
2022-11-28 00:00:00-05:00,46.124791417705374,46.39422327684377,45.97704070865913,46.29861831665039,1162300,0.0,0.0
2022-11-29 00:00:00-05:00,46.48113819789843,46.93308683939374,46.09002847780897,46.81140899658203,1658200,0.0,0.0
2022-11-30 00:00:00-05:00,46.620191826312194,47.47193990924697,46.60280880639858,47.21989440917969,2810000,0.0,0.0
2022-12-01 00:00:00-05:00,47.776133262149706,48.30630371517805,47.185123902918605,47.61099624633789,1392300,0.0,0.0
2022-12-02 00:00:00-05:00,47.046066499831085,47.8543586730957,46.71579575961699,47.8543586730957,975700,0.0,0.0
2022-12-05 00:00:00-05:00,47.35896009990159,47.932586553869626,47.21989924183274,47.79352569580078,1450600,0.0,0.0
2022-12-06 00:00:00-05:00,47.941267971319526,47.96734084153458,47.115592821300915,47.5153923034668,1254800,0.0,0.0
2022-12-07 00:00:00-05:00,47.53278111049593,48.175939616387424,47.15905445303383,47.30680847167969,1139700,0.0,0.0
2022-12-08 00:00:00-05:00,47.31549519766085,48.0716416307296,47.15905133671366,47.46324920654297,881600,0.0,0.0
2022-12-09 00:00:00-05:00,47.454554790209635,47.79351869032316,47.22858217227252,47.28942108154297,1092600,0.0,0.0
2022-12-12 00:00:00-05:00,47.550158979081175,47.715296000584885,46.99391563721398,47.654457092285156,1248000,0.0,0.0
2022-12-13 00:00:00-05:00,48.671333409068644,49.210193672051325,47.77612958767415,48.27153396606445,2186800,0.0,0.0
2022-12-14 00:00:00-05:00,48.47281489003016,49.228689129892295,48.12124282505823,48.305816650390625,1209600,0.619,0.0
2022-12-15 00:00:00-05:00,47.67300042143259,48.05093593465981,47.16322116847068,47.74331283569336,1367700,0.0,0.0
2022-12-16 00:00:00-05:00,46.943479595586176,47.15442349987751,44.84284510949825,45.361412048339844,2969100,0.0,0.0
2022-12-19 00:00:00-05:00,45.308670882548064,45.677821841394206,43.81449481643613,44.13090896606445,1452500,0.0,0.0
2022-12-20 00:00:00-05:00,43.744194489506846,44.174866815306146,43.15531169241528,44.04302978515625,1231100,0.0,0.0
2022-12-21 00:00:00-05:00,44.50006494913052,44.860424804039994,44.29791218689737,44.570377349853516,1092800,0.0,0.0
2022-12-22 00:00:00-05:00,44.20123303468826,44.825270306827214,43.6387203751354,44.54401397705078,1429300,0.0,0.0
2022-12-23 00:00:00-05:00,44.52643539791837,44.66706356394542,44.19244224628915,44.50006866455078,852500,0.0,0.0
2022-12-27 00:00:00-05:00,44.56159210205078,44.63190450678941,44.007867246059675,44.56159210205078,750100,0.0,0.0
2022-12-28 00:00:00-05:00,44.570373410113724,44.60553128378732,43.058621723382146,43.06740951538086,1013300,0.0,0.0
2022-12-29 00:00:00-05:00,43.4980952117878,44.12213252698779,43.26078453850607,44.06060791015625,927200,0.0,0.0
2022-12-30 00:00:00-05:00,43.849664412973475,44.04302941229793,43.33109738529077,43.81450653076172,953100,0.0,0.0
2023-01-03 00:00:00-05:00,44.18364232475157,44.54400211083272,43.27834896400016,43.65628433227539,1110500,0.0,0.0
2023-01-04 00:00:00-05:00,44.06060014615078,44.957105858515526,43.972705456993715,44.71979522705078,1579500,0.0,0.0
2023-01-05 00:00:00-05:00,44.227596808413324,44.35064602535185,42.997097933348655,43.023468017578125,1359800,0.0,0.0
2023-01-06 00:00:00-05:00,43.65628972966358,44.71979363719788,43.46292812607143,44.55279541015625,1369500,0.0,0.0
2023-01-09 00:00:00-05:00,44.64948606893624,44.91316346966452,44.24518049763022,44.350650787353516,1367300,0.0,0.0
2023-01-10 00:00:00-05:00,44.166071013145114,44.183649951212494,43.02346686148242,44.08696746826172,1785000,0.0,0.0
2023-01-11 00:00:00-05:00,44.45612172236049,45.317469633794666,44.39459375819247,45.291099548339844,1487300,0.0,0.0
2023-01-12 00:00:00-05:00,45.49325996573286,45.959093554855244,45.16805791509302,45.83604431152344,1072000,0.0,0.0
2023-01-13 00:00:00-05:00,45.12410291305852,46.36338959075468,44.93952908619392,46.25791931152344,1212200,0.0,0.0
2023-01-17 00:00:00-05:00,46.249128118859446,46.81164074464186,45.72177337039836,45.985450744628906,1361100,0.0,0.0
2023-01-18 00:00:00-05:00,46.16123426899909,46.62706438324445,45.54598486068059,45.765716552734375,1427800,0.0,0.0
2023-01-19 00:00:00-05:00,45.52840785112261,45.80087636783069,44.895582831138206,44.91315841674805,1122400,0.0,0.0
2023-01-20 00:00:00-05:00,44.85162944737872,45.572349089530476,44.23638342566821,45.545982360839844,1336100,0.0,0.0
2023-01-23 00:00:00-05:00,45.484466409379074,46.04697908069284,45.22957680742753,45.91514205932617,983600,0.0,0.0
2023-01-24 00:00:00-05:00,45.38778966471137,46.03819711883146,45.01864193471595,45.83604431152344,939600,0.0,0.0
2023-01-25 00:00:00-05:00,45.37900194264007,46.24035000018239,45.10653336565448,46.17882537841797,1758000,0.0,0.0
2023-01-26 00:00:00-05:00,46.58312358900482,47.17200297595551,46.34581293441816,47.13684844970703,1176600,0.0,0.0
2023-01-27 00:00:00-05:00,47.14563080460539,48.45523315043976,46.9434780524263,48.402496337890625,1681300,0.0,0.0
2023-01-30 00:00:00-05:00,48.130037118616194,48.446451349259654,47.55873662692341,47.86635971069336,2030200,0.0,0.0
2023-01-31 00:00:00-05:00,47.98939641477679,48.36733516349921,47.6554066832671,47.97182083129883,7025500,0.0,0.0
2023-02-01 00:00:00-05:00,47.68178075475284,48.938646395870286,47.37415770392261,48.85954284667969,1869100,0.0,0.0
2023-02-02 00:00:00-05:00,49.342956386702305,50.283407915906125,49.24627388976433,49.77363204956055,1635200,0.0,0.0
2023-02-03 00:00:00-05:00,49.09685595083783,49.17595950398641,48.10366763971444,48.80680847167969,1524300,0.0,0.0
2023-02-06 00:00:00-05:00,48.376134953733,48.543129849332736,48.033354016384145,48.29703140258789,1380100,0.0,0.0
2023-02-07 00:00:00-05:00,48.050926208496094,48.39371047446919,47.45325907331445,48.050926208496094,975600,0.0,0.0
2023-02-08 00:00:00-05:00,47.81361066213216,48.033342322614686,47.505984325753204,47.68177032470703,1365600,0.0,0.0
2023-02-09 00:00:00-05:00,47.97182658668271,48.200346080544705,46.45128026478836,46.61827850341797,982500,0.0,0.0
2023-02-10 00:00:00-05:00,46.52158873610716,46.97863100512645,46.337014940783746,46.8028450012207,936000,0.0,0.0
2023-02-13 00:00:00-05:00,46.82921421275981,47.36536004433906,46.82921421275981,47.2510986328125,865500,0.0,0.0
2023-02-14 00:00:00-05:00,47.04015805067984,47.374151140191756,46.40732974483396,46.7501106262207,817000,0.0,0.0
2023-02-15 00:00:00-05:00,46.39854079909045,46.85558308051986,46.23154258206784,46.8116340637207,709500,0.0,0.0
2023-02-16 00:00:00-05:00,46.143655715677326,46.96105788515363,45.862399415732746,46.72374725341797,952400,0.0,0.0
2023-02-17 00:00:00-05:00,46.662227766534,46.78527699215418,46.213976537083354,46.23155212402344,1816700,0.0,0.0
2023-02-21 00:00:00-05:00,45.58114227455904,45.69540369206513,44.5176417004687,44.53521728515625,2641800,0.0,0.0
2023-02-22 00:00:00-05:00,44.55280213128596,44.763746056746506,44.060605226611266,44.50006866455078,2302900,0.0,0.0
2023-02-23 00:00:00-05:00,45.82724891937111,47.2862674675872,45.61630833686571,46.38097381591797,3003900,0.0,0.0
2023-02-24 00:00:00-05:00,45.76572744655537,46.33703132302103,45.22958145386858,45.96788024902344,1688700,0.0,0.0
2023-02-27 00:00:00-05:00,46.56554866081974,46.79407154174021,46.029402693475774,46.2051887512207,1816500,0.0,0.0
2023-02-28 00:00:00-05:00,46.14365256793126,46.73253185800674,46.09091575797432,46.36338424682617,1736500,0.0,0.0
2023-03-01 00:00:00-05:00,46.08214124196313,46.42492222333735,45.853618352486784,46.21398162841797,1403700,0.0,0.0
2023-03-02 00:00:00-05:00,45.950289787816835,46.50401458357932,45.67782463893585,46.39854431152344,1373300,0.0,0.0
2023-03-03 00:00:00-05:00,46.873158390344834,48.14759931078177,46.7149513300574,48.01576232910156,1612300,0.0,0.0
2023-03-06 00:00:00-05:00,48.13003432576697,48.54313103100735,47.98940615951237,48.23550796508789,1309400,0.0,0.0
2023-03-07 00:00:00-05:00,48.20913610641998,48.288239656582434,47.1104775501858,47.15442657470703,1455200,0.0,0.0
2023-03-08 00:00:00-05:00,47.21595229182996,47.59389111225626,46.95227154988423,47.3214225769043,776600,0.0,0.0
2023-03-09 00:00:00-05:00,47.46204145092539,47.549932779143255,46.28427954747404,46.42490768432617,1003000,0.0,0.0
2023-03-10 00:00:00-05:00,46.27550151013308,46.398550736711165,44.93074110563276,45.115318298339844,1225600,0.0,0.0
2023-03-13 00:00:00-04:00,44.772525135176274,46.750110220962426,44.50006000250733,46.293067932128906,1684000,0.0,0.0
2023-03-14 00:00:00-04:00,46.73687509086616,47.323865212204474,46.15878066122018,46.47895431518555,1778900,0.619,0.0
2023-03-15 00:00:00-04:00,45.83860478010024,46.48785118894429,45.57179169865524,46.309974670410156,1290800,0.0,0.0
2023-03-16 00:00:00-04:00,45.936437215530994,46.8169207270324,45.6607284410835,46.318870544433594,1348500,0.0,0.0
2023-03-17 00:00:00-04:00,46.069844098402,46.22104033388822,44.54900640746817,44.72688293457031,3799700,0.0,0.0
2023-03-20 00:00:00-04:00,44.780239363149036,45.58068196448836,44.49563830327555,45.42948913574219,1195000,0.0,0.0
2023-03-21 00:00:00-04:00,45.67851320865708,46.025370530692115,44.98479856458701,45.54510498046875,1253100,0.0,0.0
2023-03-22 00:00:00-04:00,45.20714503147051,45.88307171074588,44.58457893128575,44.62015151977539,1256200,0.0,0.0
2023-03-23 00:00:00-04:00,44.85139189051031,45.20714491619798,43.80192419671517,44.059844970703125,1020100,0.0,0.0
2023-03-24 00:00:00-04:00,43.88197483470093,44.87807870158106,43.526221757315916,44.86918640136719,1138800,0.0,0.0
2023-03-27 00:00:00-04:00,45.19825308496203,45.331661329167424,44.55789894111626,44.655731201171875,1273700,0.0,0.0
2023-03-28 00:00:00-04:00,44.406703305929334,45.03816171768485,44.122102236047624,44.54011154174805,918200,0.0,0.0
2023-03-29 00:00:00-04:00,45.05594485391842,45.34054589313471,44.90475203614626,45.3316535949707,761500,0.0,0.0
2023-03-30 00:00:00-04:00,46.034267548909476,46.2832960408782,45.84749872446733,46.060951232910156,767700,0.0,0.0
2023-03-31 00:00:00-04:00,46.25660998753478,47.10152089307805,46.247717688465045,47.05705261230469,1507100,0.0,0.0
2023-04-03 00:00:00-04:00,46.92364367112236,47.56399776130166,46.58568202816089,47.14598846435547,1368200,0.0,0.0
2023-04-04 00:00:00-04:00,47.13709096366477,47.226027514058615,46.52342062343864,46.77244567871094,1267200,0.0,0.0
2023-04-05 00:00:00-04:00,46.603470497974904,47.03037209824689,45.84749615758116,45.87417984008789,1500400,0.0,0.0
2023-04-06 00:00:00-04:00,45.80302775631752,46.505638122558594,45.43838242833494,46.505638122558594,1154200,0.0,0.0
2023-04-10 00:00:00-04:00,46.247709123828045,46.59456639942288,45.90974414565618,46.576778411865234,746000,0.0,0.0
2023-04-11 00:00:00-04:00,46.78134828253374,47.83971178602093,46.60347514256084,47.564002990722656,1516700,0.0,0.0
2023-04-12 00:00:00-04:00,48.02647336425574,48.319970107761364,47.79523628159156,48.159881591796875,1519100,0.0,0.0
2023-04-13 00:00:00-04:00,48.06204341865882,48.30217616300092,47.62624620276869,47.81301498413086,1493600,0.0,0.0
2023-04-14 00:00:00-04:00,47.626247656956075,47.86638040863023,46.60346378061636,46.92363739013672,1059900,0.0,0.0
2023-04-17 00:00:00-04:00,46.9592262955203,47.37723565160145,46.83471373652918,47.30608367919922,2232500,0.0,0.0
2023-04-18 00:00:00-04:00,47.30607864650609,47.37723061133876,46.89696502685547,46.89696502685547,1562400,0.0,0.0
2023-04-19 00:00:00-04:00,46.60346287522625,47.80412321755931,46.29217817678717,47.777442932128906,1043800,0.0,0.0
2023-04-20 00:00:00-04:00,47.626255159909164,47.71519511493612,47.33276179010113,47.65293884277344,1044700,0.0,0.0
2023-04-21 00:00:00-04:00,47.875285447003364,48.1776711273631,47.475064116067664,47.946434020996094,996900,0.0,0.0
2023-04-24 00:00:00-04:00,48.18656826214946,48.40001738323031,47.7952426116928,48.346656799316406,895900,0.0,0.0
2023-04-25 00:00:00-04:00,48.24882101877167,48.58678606065986,47.96421994961711,48.257713317871094,1484600,0.0,0.0
2023-04-26 00:00:00-04:00,48.06205462853744,48.453380270193605,47.79524153683039,47.9019660949707,944700,0.0,0.0
2023-04-27 00:00:00-04:00,48.115409083321204,48.98700360738471,47.97310855968652,48.89806365966797,1062000,0.0,0.0
2023-04-28 00:00:00-04:00,48.89806251258879,49.38722033906353,48.78244227962537,49.129302978515625,1050100,0.0,0.0
2023-05-01 00:00:00-04:00,49.022577850202865,49.28939091694433,48.818021052610675,49.24492263793945,920000,0.0,0.0
2023-05-02 00:00:00-04:00,49.06705002213592,49.09373370582568,48.02647796147268,48.631256103515625,1419500,0.0,0.0
2023-05-03 00:00:00-04:00,48.91585428893128,49.67182522540258,48.54231666649952,49.067047119140625,1439000,0.0,0.0
2023-05-04 00:00:00-04:00,49.35164918287207,50.02757582567902,48.86248794951796,49.48505401611328,1420400,0.0,0.0
2023-05-05 00:00:00-04:00,49.84081062057339,50.276604523743295,49.56510185030401,50.15209197998047,873800,0.0,0.0
2023-05-08 00:00:00-04:00,49.911957791082855,50.09872999419883,49.155986857898945,49.79634094238281,941100,0.0,0.0
2023-05-09 00:00:00-04:00,49.67182964019639,49.76076960061765,49.36944056018931,49.60957336425781,1002800,0.0,0.0
2023-05-10 00:00:00-04:00,49.93864619327102,50.16988330523988,49.22714007983205,49.65404510498047,1498600,0.0,0.0
2023-05-11 00:00:00-04:00,49.236027576477866,49.734077701725276,48.93363854641536,49.111515045166016,878500,0.0,0.0
2023-05-12 00:00:00-04:00,49.173775715121806,49.369436827831294,48.400013385160435,48.99589920043945,795000,0.0,0.0
2023-05-15 00:00:00-04:00,49.11152014047836,49.68072228136547,49.03147587737159,49.502845764160156,809400,0.0,0.0
2023-05-16 00:00:00-04:00,49.65404128352694,49.7785538259823,48.31997251256979,48.3377571105957,789100,0.0,0.0
2023-05-17 00:00:00-04:00,48.61346872578141,49.28050315033533,48.31107965094179,49.15599060058594,805000,0.0,0.0
2023-05-18 00:00:00-04:00,48.73797777661089,49.18266736105572,48.382228144682394,49.067047119140625,805400,0.0,0.0
2023-05-19 00:00:00-04:00,49.29827920902376,49.67181676785382,48.746865168160085,49.23602294921875,851200,0.0,0.0
2023-05-22 00:00:00-04:00,49.25382033375002,49.72519021726605,48.92474759175548,48.95143127441406,893100,0.0,0.0
2023-05-23 00:00:00-04:00,48.68461596292835,48.84470108797263,48.337755245981185,48.65793228149414,1413000,0.0,0.0
2023-05-24 00:00:00-04:00,48.568995027902275,48.568995027902275,47.50173938905803,47.537315368652344,1011700,0.0,0.0
2023-05-25 00:00:00-04:00,47.77745419457888,48.09763126606531,47.27940059529859,47.768558502197266,1076400,0.0,0.0
2023-05-26 00:00:00-04:00,47.96422020358686,47.99979618559765,47.617362860762654,47.65293884277344,1300600,0.0,0.0
2023-05-30 00:00:00-04:00,47.80412878460462,47.91085333146666,47.46616376137732,47.49284744262695,1201900,0.0,0.0
2023-05-31 00:00:00-04:00,47.56400316849275,47.73298400918364,46.977012983335364,47.51063919067383,8900000,0.0,0.0
2023-06-01 00:00:00-04:00,47.56400119655452,47.56400119655452,46.99479902760178,47.2705078125,1694700,0.0,0.0
2023-06-02 00:00:00-04:00,47.73297819918817,49.19156288095416,47.501741108877425,49.12041091918945,1468400,0.0,0.0
2023-06-05 00:00:00-04:00,48.91584511312343,49.70739188212011,48.90695281589599,49.37832260131836,885700,0.0,0.0
2023-06-06 00:00:00-04:00,49.60957014428571,50.01868715024404,49.12930796003332,49.556209564208984,961000,0.0,0.0
2023-06-07 00:00:00-04:00,49.65404209948845,50.232136540775606,49.32496935449185,50.12541198730469,946600,0.0,0.0
2023-06-08 00:00:00-04:00,49.92085820116379,49.92085820116379,49.138203512008474,49.65404510498047,1060200,0.0,0.0
2023-06-09 00:00:00-04:00,49.71629983663524,49.96532493297572,49.3516544915456,49.86749267578125,1403300,0.0,0.0
2023-06-12 00:00:00-04:00,49.98311501585611,50.134307861328125,49.46727341732483,50.134307861328125,1974700,0.0,0.0
2023-06-13 00:00:00-04:00,50.04536385920043,50.516733710614474,50.00089558141437,50.14319610595703,1167400,0.0,0.0
2023-06-14 00:00:00-04:00,50.44804589566064,51.12248503025704,50.29517467173204,51.005584716796875,933600,0.619,0.0
2023-06-15 00:00:00-04:00,50.51099160889387,51.44621466799816,50.34912937787074,51.40125274658203,1044700,0.0,0.0
2023-06-16 00:00:00-04:00,51.4462138295165,51.73397423833942,50.89766947820573,51.04154968261719,2380800,0.0,0.0
2023-06-20 00:00:00-04:00,50.8796928150228,50.960622222554896,49.69267671559343,49.8635368347168,1167200,0.0,0.0
2023-06-21 00:00:00-04:00,49.53080691304581,50.0253948779614,49.27002298287003,49.953453063964844,866300,0.0,0.0
2023-06-22 00:00:00-04:00,50.079350357619546,50.16028318729871,49.12614528625906,49.323978424072266,1022500,0.0,0.0
2023-06-23 00:00:00-04:00,49.00024621755912,49.3509539718043,48.32580717312627,48.53263473510742,3362400,0.0,0.0
2023-06-26 00:00:00-04:00,48.53263060836521,49.34195533464291,48.53263060836521,49.126136779785156,997700,0.0,0.0
2023-06-27 00:00:00-04:00,49.38692723819881,50.31315930048442,49.11715227486674,50.12431716918945,1077200,0.0,0.0
2023-06-28 00:00:00-04:00,49.989428618279184,49.989428618279184,49.3779368639585,49.88151931762695,1321800,0.0,0.0
2023-06-29 00:00:00-04:00,49.62072473951135,50.564938636407454,49.47684455932122,50.501991271972656,1200600,0.0,0.0
2023-06-30 00:00:00-04:00,51.02356637553285,51.38326516232868,50.38509476853666,51.09550476074219,2147700,0.0,0.0
2023-07-03 00:00:00-04:00,50.771768654696146,51.733968049792324,50.60990301529919,51.50016403198242,789800,0.0,0.0
2023-07-05 00:00:00-04:00,51.46419700139676,52.60624757405102,50.9965855002047,52.36344909667969,1595500,0.0,0.0
2023-07-06 00:00:00-04:00,51.59909160660155,52.67819492033975,51.32931663576072,52.3994255065918,1443700,0.0,0.0
2023-07-07 00:00:00-04:00,52.120651015318465,52.498338682001695,51.88684697813326,52.11166000366211,1505000,0.0,0.0
2023-07-10 00:00:00-04:00,52.10267145346203,52.894014353314425,51.86886738983799,52.84905242919922,1590300,0.0,0.0
2023-07-11 00:00:00-04:00,53.03788923843119,53.05587469234474,52.30050277984891,52.64221954345703,1302600,0.0,0.0
2023-07-12 00:00:00-04:00,53.244722153194644,53.7123337107233,52.965956165511635,53.3706169128418,1664500,0.0,0.0
2023-07-13 00:00:00-04:00,53.46053480370462,53.51448773100782,52.67818648443923,53.154788970947266,1272300,0.0,0.0
2023-07-14 00:00:00-04:00,52.95695668223515,53.53247748891776,52.76811456073765,53.51449203491211,1031300,0.0,0.0
2023-07-17 00:00:00-04:00,53.60442492111569,55.411920358374324,53.28069357584549,55.10617446899414,1906300,0.0,0.0
2023-07-18 00:00:00-04:00,55.052220836862055,55.8165838354777,54.890355166269934,55.600765228271484,2476800,0.0,0.0
2023-07-19 00:00:00-04:00,55.88852227491948,56.086355414486874,55.40292529253872,55.9604606628418,1281200,0.0,0.0
2023-07-20 00:00:00-04:00,55.75363136216442,55.88852055212595,54.91732661730199,55.7446403503418,1251900,0.0,0.0
2023-07-21 00:00:00-04:00,55.933485900532574,55.933485900532574,55.34897061536983,55.65471649169922,1437100,0.0,0.0
2023-07-24 00:00:00-04:00,55.71766299601065,56.00542341270682,55.48385894383554,55.88852310180664,1107700,0.0,0.0
2023-07-25 00:00:00-04:00,55.84355056027992,56.140305381379754,55.56478462207934,55.81657409667969,1552500,0.0,0.0
2023-07-26 00:00:00-04:00,55.80758985866815,56.50900544039574,55.80758985866815,56.14031219482422,1304700,0.0,0.0
2023-07-27 00:00:00-04:00,56.30217371774907,56.544972192891855,54.76445347221926,54.92631912231445,1382800,0.0,0.0
2023-07-28 00:00:00-04:00,55.357957960672344,55.519823605645385,54.34180217398033,54.45870590209961,798600,0.0,0.0
2023-07-31 00:00:00-04:00,54.539649265660564,55.23207046585887,54.359798133110665,55.214088439941406,3219500,0.0,0.0
2023-08-01 00:00:00-04:00,55.00725320817511,55.68169233096514,54.96229128606406,55.5557975769043,1299100,0.0,0.0
2023-08-02 00:00:00-04:00,55.38493920231461,55.52881940688264,54.78243848730341,55.429901123046875,1403900,0.0,0.0
2023-08-03 00:00:00-04:00,53.38860128464216,55.16912020002078,52.43539616359468,53.7752799987793,2066900,0.0,0.0
2023-08-04 00:00:00-04:00,53.68534740149017,55.02523101826898,53.64038548562582,54.782432556152344,1230900,0.0,0.0
2023-08-07 00:00:00-04:00,54.800430867241964,55.66371563412504,54.791439854109115,55.241065979003906,1129900,0.0,0.0
2023-08-08 00:00:00-04:00,54.935309063349145,55.08818026858548,54.17094617641863,54.64754867553711,1704900,0.0,0.0
2023-08-09 00:00:00-04:00,54.49467217817135,55.286014932806225,54.26086815745215,54.782432556152344,1279600,0.0,0.0
2023-08-10 00:00:00-04:00,54.989270756940535,55.44788784751421,54.71050135341552,54.8543815612793,1069100,0.0,0.0
2023-08-11 00:00:00-04:00,54.827399315896,54.93530860282731,54.09001289951237,54.37777328491211,1176400,0.0,0.0
2023-08-14 00:00:00-04:00,54.15296493190569,54.49467827500489,54.027070181250764,54.14397048950195,1259500,0.0,0.0
2023-08-15 00:00:00-04:00,53.92815317890681,54.08102439965729,53.56845094245018,53.65837478637695,1137600,0.0,0.0
2023-08-16 00:00:00-04:00,53.685350395081144,53.95512533568467,53.127815060450594,53.29867172241211,1156700,0.0,0.0
2023-08-17 00:00:00-04:00,53.22673221173197,53.883185853407966,52.6332259445746,52.66020584106445,959300,0.0,0.0
2023-08-18 00:00:00-04:00,52.23755147267523,53.24471280336883,52.1835951149977,53.154788970947266,772100,0.0,0.0
2023-08-21 00:00:00-04:00,53.289679586250585,53.30766504045228,52.246547255174754,52.66020584106445,919500,0.0,0.0
2023-08-22 00:00:00-04:00,53.514485866191585,54.15295740348342,53.505494855412465,53.541465759277344,1330600,0.0,0.0
2023-08-23 00:00:00-04:00,53.8202352090469,55.06120403057181,53.77527329146164,54.90833282470703,1190000,0.0,0.0
2023-08-24 00:00:00-04:00,54.92632038059936,55.54680309992899,54.44072341918945,54.44072341918945,1019700,0.0,0.0
2023-08-25 00:00:00-04:00,54.593596578525116,55.26803568330787,54.34180707712612,55.00725173950195,699800,0.0,0.0
2023-08-28 00:00:00-04:00,55.07919439187239,55.89751371419379,55.07919439187239,55.7985954284668,1329400,0.0,0.0
2023-08-29 00:00:00-04:00,55.79859204819078,56.39209829622342,55.42090781324933,56.320159912109375,915600,0.0,0.0
2023-08-30 00:00:00-04:00,56.338143332724755,57.31832822232643,56.302172426778505,56.96761703491211,1013900,0.0,0.0
2023-08-31 00:00:00-04:00,57.00359575423374,57.318336078842684,56.87770099654011,57.138484954833984,1444800,0.0,0.0
2023-09-01 00:00:00-04:00,57.34530766058917,57.73198291325435,56.74280696105357,57.2014274597168,759400,0.0,0.0
2023-09-05 00:00:00-04:00,57.120496553785124,57.201429383896716,56.625908561047446,56.9046745300293,1167700,0.0,0.0
2023-09-06 00:00:00-04:00,56.868702053706926,57.651050389115724,56.679856513126,57.57011413574219,1348100,0.0,0.0
2023-09-07 00:00:00-04:00,57.606089864560204,57.884862693132334,57.012587020042474,57.23740005493164,1308400,0.0,0.0
2023-09-08 00:00:00-04:00,57.23740328580366,57.45322189046972,56.35613312056347,56.36512756347656,1312600,0.0,0.0
2023-09-11 00:00:00-04:00,56.53597811962455,56.751800131283446,55.87952450345822,56.66187286376953,1086900,0.0,0.0
2023-09-12 00:00:00-04:00,56.455051168161845,56.82374442739495,56.29318550016928,56.787776947021484,1301900,0.0,0.0
2023-09-13 00:00:00-04:00,56.73381698129894,57.04855385444041,56.42807112008668,56.70684051513672,1450100,0.0,0.0
2023-09-14 00:00:00-04:00,57.152064568634756,58.2060576775825,56.87947643876331,57.98799133300781,1673800,0.65,0.0
2023-09-15 00:00:00-04:00,57.61545949202523,57.8244411879847,56.86130845583257,57.106632232666016,4229700,0.0,0.0
2023-09-18 00:00:00-04:00,57.13388624120441,57.39738275977407,56.84312883263659,57.306522369384766,1251100,0.0,0.0
2023-09-19 00:00:00-04:00,57.32469469392448,57.43372785476224,56.806782847318026,57.28834915161133,1686700,0.0,0.0
2023-09-20 00:00:00-04:00,57.6154603301807,58.5876846623734,57.12480583717179,57.65180587768555,2239800,0.0,0.0
2023-09-21 00:00:00-04:00,57.17931555055485,57.23383386360484,55.85273446125336,56.07080078125,1959400,0.0,0.0
2023-09-22 00:00:00-04:00,56.1525801846494,56.915819286681995,56.134407412446016,56.23435592651367,1293300,0.0,0.0
2023-09-25 00:00:00-04:00,55.97085728396414,56.27978748669812,55.716445399160385,55.78004837036133,1469700,0.0,0.0
2023-09-26 00:00:00-04:00,55.53472331218595,55.689190152649005,54.34443611932753,54.40803909301758,1869400,0.0,0.0
2023-09-27 00:00:00-04:00,54.571585997414715,55.025894894764185,53.581192462548806,53.599365234375,1872000,0.0,0.0
2023-09-28 00:00:00-04:00,53.6811507446114,54.56250780892876,53.55394131867567,54.398956298828125,1827400,0.0,0.0
2023-09-29 00:00:00-04:00,55.125841554717965,55.389341554760264,53.935554427116394,54.017330169677734,1682000,0.0,0.0
2023-10-02 00:00:00-04:00,53.88103152865137,54.19904981872811,52.817950431847436,53.30860137939453,2019000,0.0,0.0
2023-10-03 00:00:00-04:00,52.963334518694424,53.41764343692079,51.818474103746865,52.00019836425781,1601100,0.0,0.0
2023-10-04 00:00:00-04:00,52.21827352668231,52.44542800909718,51.56406750817475,52.41816711425781,1314300,0.0,0.0
2023-10-05 00:00:00-04:00,52.409076556654746,52.68166121162801,51.93659487052018,52.06380081176758,1108000,0.0,0.0
2023-10-06 00:00:00-04:00,51.818478028631155,53.15414745853685,51.34599630195633,52.77252960205078,1664900,0.0,0.0
2023-10-09 00:00:00-04:00,52.45450699206948,53.881036710114124,52.35455847603673,53.871952056884766,1033900,0.0,0.0
2023-10-10 00:00:00-04:00,53.881042575341,54.671539204219336,53.6084578894625,54.226318359375,1333900,0.0,0.0
2023-10-11 00:00:00-04:00,54.63518425156187,55.32573219086437,54.2081328157489,55.271217346191406,1401000,0.0,0.0
2023-10-12 00:00:00-04:00,55.2439591466557,55.34390765488964,54.144532488285726,54.97137451171875,1186700,0.0,0.0
2023-10-13 00:00:00-04:00,55.26214315495124,55.26214315495124,54.108197948506884,54.7896614074707,923300,0.0,0.0
2023-10-16 00:00:00-04:00,55.180358674701324,56.134406673151716,54.78056808979786,56.03445816040039,1278500,0.0,0.0
2023-10-17 00:00:00-04:00,55.58014591911412,56.63414583306994,55.42568256585609,56.05262756347656,1221100,0.0,0.0
2023-10-18 00:00:00-04:00,55.73462072380299,55.825481125078404,54.50798797607422,54.50798797607422,3345400,0.0,0.0
2023-10-19 00:00:00-04:00,54.35352760326472,55.42569710320509,54.09002755566356,54.28992462158203,1526500,0.0,0.0
2023-10-20 00:00:00-04:00,54.54432784168067,54.88051893817046,53.753831291162655,53.808349609375,1640800,0.0,0.0
2023-10-23 00:00:00-04:00,53.59028040481542,54.18996804748184,53.16322890594165,53.66297149658203,1354900,0.0,0.0
2023-10-24 00:00:00-04:00,53.95373128644739,54.426213005247426,53.735661467731155,54.199058532714844,2047400,0.0,0.0
2023-10-25 00:00:00-04:00,53.735662201867605,54.017334999453,52.98151114512935,53.03602600097656,1061800,0.0,0.0
2023-10-26 00:00:00-04:00,53.27226844929688,53.93555910038688,53.27226844929688,53.62662887573242,1695600,0.0,0.0
2023-10-27 00:00:00-04:00,53.88104001278291,53.88104001278291,52.60897705048123,52.89973449707031,2172800,0.0,0.0
2023-10-30 00:00:00-04:00,53.2086641875913,53.59937015244969,52.58171563341745,52.96333694458008,1580800,0.0,0.0
2023-10-31 00:00:00-04:00,53.30860956559801,53.83560960180037,52.681664473728254,53.67205810546875,1984800,0.0,0.0
2023-11-01 00:00:00-04:00,53.76291326756278,54.20813751220703,53.43581377288136,54.20813751220703,2320600,0.0,0.0
2023-11-02 00:00:00-04:00,54.81691643676958,54.97137980720964,52.11832031889937,53.92646789550781,3734600,0.0,0.0
2023-11-03 00:00:00-04:00,54.63519111664203,56.852217375191,54.63519111664203,56.10715103149414,2323900,0.0,0.0
2023-11-06 00:00:00-05:00,56.043552234667914,56.043552234667914,54.46255556681639,54.74422836303711,1924200,0.0,0.0
2023-11-07 00:00:00-05:00,54.10818847953766,54.262655305577574,53.19957069326129,53.76291275024414,1928400,0.0,0.0
2023-11-08 00:00:00-05:00,53.89012945764066,54.18997156538802,53.56302645566009,54.090023040771484,1885400,0.0,0.0
2023-11-09 00:00:00-05:00,54.21722716698492,54.21722716698492,53.23592166020484,53.490333557128906,1222900,0.0,0.0
2023-11-10 00:00:00-05:00,53.990074601338215,54.07185035196238,53.535765645893356,54.00824737548828,839200,0.0,0.0
2023-11-13 00:00:00-05:00,53.635711144546015,53.87195372906582,53.19957498785798,53.69931411743164,1325500,0.0,0.0
2023-11-14 00:00:00-05:00,54.81691616796843,56.88856374221818,54.36260724616967,56.22527313232422,1693500,0.0,0.0
2023-11-15 00:00:00-05:00,56.25253086060237,56.906736820658864,56.23435808770057,56.50694274902344,2181700,0.0,0.0
2023-11-16 00:00:00-05:00,56.552373193082275,56.725009326662864,55.96177023877203,56.3615608215332,1566000,0.0,0.0
2023-11-17 00:00:00-05:00,56.91582620949432,56.99760196130518,56.33431129266256,56.54329299926758,1082100,0.0,0.0
2023-11-20 00:00:00-05:00,56.34339127154553,57.570027446924385,56.15258235518727,57.44282150268555,1533500,0.0,0.0
2023-11-21 00:00:00-05:00,57.24291895677074,57.40647043107822,56.84312838963117,57.28834915161133,1001700,0.0,0.0
2023-11-22 00:00:00-05:00,57.85170007155131,57.88804561944241,57.315618837617656,57.50642776489258,727800,0.0,0.0
2023-11-24 00:00:00-05:00,57.515510640974945,57.642716588559544,56.97942595750977,57.43373489379883,385400,0.0,0.0
2023-11-27 00:00:00-05:00,57.3246924227229,58.06975868011451,56.86129890794579,57.7880859375,1571200,0.0,0.0
2023-11-28 00:00:00-05:00,57.52459209817476,57.92438266800832,57.24291934250234,57.897125244140625,960200,0.0,0.0
2023-11-29 00:00:00-05:00,58.33326411270008,58.378697778794816,57.397388821663505,57.497337341308594,1428800,0.0,0.0
2023-11-30 00:00:00-05:00,57.37922010851075,58.324183528988925,57.19749584055693,58.287837982177734,2052700,0.0,0.0
2023-12-01 00:00:00-05:00,58.16971315591584,59.58716175112514,57.83352897965163,59.5053825378418,1520500,0.0,0.0
2023-12-04 00:00:00-05:00,59.20554099580876,60.19593110080182,59.06015881588103,60.15049743652344,1766600,0.0,0.0
2023-12-05 00:00:00-05:00,59.914259548923404,60.32313478330277,59.50537738234041,59.959686279296875,1979100,0.0,0.0
2023-12-06 00:00:00-05:00,60.35948638995229,60.50486164683522,59.759795258273854,59.95061111450195,1194600,0.0,0.0
2023-12-07 00:00:00-05:00,59.95060833372642,59.95060833372642,59.387262775450274,59.59624099731445,1084800,0.0,0.0
2023-12-08 00:00:00-05:00,59.33274896919991,59.8233965127502,58.75123409398078,59.46903610229492,1067600,0.0,0.0
2023-12-11 00:00:00-05:00,59.43270500656191,59.90518330286983,59.19646239230545,59.877925872802734,902000,0.0,0.0
2023-12-12 00:00:00-05:00,59.95061423875516,60.622989567812915,59.741629064102305,60.37765884399414,1634300,0.0,0.0
2023-12-13 00:00:00-05:00,60.55937833624373,61.9949961377174,60.068723887681706,61.640628814697266,1698000,0.0,0.0
2023-12-14 00:00:00-05:00,62.89747761450837,63.18187879692105,62.18190063803254,62.79656219482422,2292200,0.65,0.0
2023-12-15 00:00:00-05:00,62.04430315423275,62.63144373921725,61.576430093842774,62.31035232543945,3221900,0.0,0.0
2023-12-18 00:00:00-05:00,62.429606277222994,62.9066552740823,62.13603604855581,62.677303314208984,1297700,0.0,0.0
2023-12-19 00:00:00-05:00,62.87913417936539,63.28279586863981,62.805739872357975,63.053443908691406,994400,0.0,0.0
2023-12-20 00:00:00-05:00,63.05343857702387,63.447924194748886,62.35620671794263,62.40207290649414,1295900,0.0,0.0
2023-12-21 00:00:00-05:00,62.84243069073806,63.36535282673416,62.35620570454624,63.347007751464844,988300,0.0,0.0
2023-12-22 00:00:00-05:00,63.530499196312554,63.860766611281676,63.218583859545625,63.64059066772461,775200,0.0,0.0
2023-12-26 00:00:00-05:00,63.668121287588946,64.1635224839763,63.420417189761224,64.09930419921875,646600,0.0,0.0
2023-12-27 00:00:00-05:00,64.04424265924455,64.53046772180672,63.906637074947135,64.43872833251953,840000,0.0,0.0
2023-12-28 00:00:00-05:00,63.97086432379001,64.82405406248759,63.97086432379001,64.76900482177734,783200,0.0,0.0
2023-12-29 00:00:00-05:00,64.54880772629507,64.67724424712827,64.1084489411059,64.2001953125,960500,0.0,0.0
2024-01-02 00:00:00-05:00,64.12681625479543,64.27359788523076,62.78740150546262,62.96170425415039,1618200,0.0,0.0
2024-01-03 00:00:00-05:00,62.51217688673005,62.631437399985764,59.64986157518855,60.750755310058594,2568700,0.0,0.0
2024-01-04 00:00:00-05:00,60.75075251898716,62.04429402392801,60.75075251898716,61.06266784667969,1826200,0.0,0.0
2024-01-05 00:00:00-05:00,60.695713109362956,61.96173355599023,60.4571850834417,61.23698043823242,1798700,0.0,0.0
2024-01-08 00:00:00-05:00,61.236978120848256,62.43878024570174,61.16358380807038,62.42961120605469,948900,0.0,0.0
2024-01-09 00:00:00-05:00,61.897510990710224,62.1910812333224,61.42963101054913,61.594764709472656,935400,0.0,0.0
2024-01-10 00:00:00-05:00,61.64063432056275,61.87915531682562,61.28284582690216,61.6314582824707,821600,0.0,0.0
2024-01-11 00:00:00-05:00,61.310372808122274,61.402112200021534,60.24617626414336,60.77827453613281,1146700,0.0,0.0
2024-01-12 00:00:00-05:00,61.30119324756137,61.95255199167435,60.75074992852035,61.67733383178711,1384400,0.0,0.0
2024-01-16 00:00:00-05:00,61.00763272858464,61.292026972215396,60.47553440240583,60.87919616699219,1294000,0.0,0.0
2024-01-17 00:00:00-05:00,60.08104062259788,60.888364043531936,59.33794247311697,59.94342803955078,1253900,0.0,0.0
2024-01-18 00:00:00-05:00,59.96178294564392,60.67736001212668,59.6406915695641,60.49388122558594,1464800,0.0,0.0
2024-01-19 00:00:00-05:00,60.68652643155676,61.49384276333877,59.99847059219504,61.34706115722656,1355500,0.0,0.0
2024-01-22 00:00:00-05:00,61.60393882278913,62.23694548282369,61.25531935858673,61.56724166870117,1096000,0.0,0.0
2024-01-23 00:00:00-05:00,61.8883283979645,62.723172842795485,61.79658901922611,62.282814025878906,1563200,0.0,0.0
2024-01-24 00:00:00-05:00,62.88830704130123,63.00756753471511,61.374582782241156,61.47549819946289,1215900,0.0,0.0
2024-01-25 00:00:00-05:00,62.163555756948526,62.824090506316814,62.09933748960807,62.77821731567383,1277400,0.0,0.0
2024-01-26 00:00:00-05:00,62.98005021623557,62.98005021623557,61.83329040530363,61.980072021484375,1289500,0.0,0.0
2024-01-29 00:00:00-05:00,61.92503072262036,62.236946036241925,61.5947633321584,62.126861572265625,795100,0.0,0.0
2024-01-30 00:00:00-05:00,61.95253892354008,62.99838310888988,61.82410240949818,62.622249603271484,1025400,0.0,0.0
2024-01-31 00:00:00-05:00,62.833265233095304,63.11766644214845,61.64063916034183,61.94337844848633,2559000,0.0,0.0
2024-02-01 00:00:00-05:00,61.860810815054634,63.56718995419298,61.585585663864705,63.558013916015625,1409600,0.0,0.0
2024-02-02 00:00:00-05:00,62.97086936650329,63.787361729559336,61.83328568077339,63.41122817993164,1562100,0.0,0.0
2024-02-05 00:00:00-05:00,62.603907393408896,63.126829568469404,62.04428806580268,62.79656219482422,1443000,0.0,0.0
2024-02-06 00:00:00-05:00,62.76903381135455,63.64057533503858,62.4387664759555,63.264434814453125,950000,0.0,0.0
2024-02-07 00:00:00-05:00,63.521326506565195,63.548847626052584,62.071827219179305,62.21860885620117,1741500,0.0,0.0
2024-02-08 00:00:00-05:00,62.14522092959116,62.95254451367931,62.01678435926225,62.89749526977539,821000,0.0,0.0
2024-02-09 00:00:00-05:00,62.96170425415039,63.24610547438209,62.54887348182971,62.96170425415039,741700,0.0,0.0
2024-02-12 00:00:00-05:00,62.98923732545043,63.512159611173104,62.80575152389216,63.14519500732422,996000,0.0,0.0
2024-02-13 00:00:00-05:00,61.9066901680479,61.9066901680479,60.73240213879527,61.484676361083984,1348100,0.0,0.0
2024-02-14 00:00:00-05:00,61.75990221287034,62.24612730096748,61.33789540057343,61.970909118652344,893900,0.0,0.0
2024-02-15 00:00:00-05:00,62.56721503573012,63.54884119394006,62.52134884098265,63.42958068847656,1219700,0.0,0.0
2024-02-16 00:00:00-05:00,62.7140070883594,63.08097166275009,62.172732766298054,62.365394592285156,1067500,0.0,0.0
2024-02-20 00:00:00-05:00,61.91584963152867,62.81491234314371,61.54888511659874,62.769039154052734,1602700,0.0,0.0
2024-02-21 00:00:00-05:00,62.93418669361499,63.06262325223169,62.28282786083958,62.86996841430664,1499700,0.0,0.0
2024-02-22 00:00:00-05:00,64.23688607008586,66.97076418070088,64.21854099519263,66.14509582519531,3319000,0.0,0.0
2024-02-23 00:00:00-05:00,66.91574286149778,69.10834745765644,66.33777133245053,68.83312225341797,2366100,0.0,0.0
2024-02-26 00:00:00-05:00,68.741373081003,69.46612614983287,68.43862679922597,69.14503479003906,1758900,0.0,0.0
2024-02-27 00:00:00-05:00,69.42943692547851,69.67713400296634,67.86067010334227,67.88819122314453,1473200,0.0,0.0
2024-02-28 00:00:00-05:00,67.53040033170748,69.51199788088098,67.3836116988153,69.1358642578125,1403100,0.0,0.0
2024-02-29 00:00:00-05:00,70.50279001847488,73.11740092235924,70.42022667379412,72.14495086669922,4519500,0.0,0.0
2024-03-01 00:00:00-05:00,71.70461367205162,74.47518279226455,71.34681810757391,74.33757019042969,2721400,0.0,0.0
2024-03-04 00:00:00-05:00,72.42934819042794,73.80545998884722,71.55781351780236,72.41100311279297,3094700,0.0,0.0
2024-03-05 00:00:00-05:00,72.19999475329404,73.10823356122164,71.89725548325124,72.08073425292969,1524400,0.0,0.0
2024-03-06 00:00:00-05:00,72.95225947771436,74.19076551038228,72.5853019857918,73.79627990722656,1361000,0.0,0.0
2024-03-07 00:00:00-05:00,73.9063776086129,74.36508155504026,73.08071610445703,74.32838439941406,1206100,0.0,0.0
2024-03-08 00:00:00-05:00,74.89717977833045,75.40175691887559,74.33756040400468,74.64948272705078,1492500,0.0,0.0
2024-03-11 00:00:00-04:00,74.3467414083582,74.96140305751801,73.5394249288319,74.02565002441406,1437900,0.0,0.0
2024-03-12 00:00:00-04:00,73.9614210549846,74.41094892751791,73.46601999169093,74.1907730102539,1053600,0.0,0.0
2024-03-13 00:00:00-04:00,74.08985991113354,74.12655706503826,73.04401552228181,73.48436737060547,1590300,0.0,0.0
2024-03-14 00:00:00-04:00,73.04966870769299,73.1976511929753,71.28308059909268,72.18949890136719,1665200,0.65,0.0
2024-03-15 00:00:00-04:00,71.72702976084739,73.28088439844362,71.72702976084739,72.70743560791016,3032300,0.0,0.0
2024-03-18 00:00:00-04:00,72.98491758660717,73.82658508590453,72.60569971687555,73.69709777832031,1185000,0.0,0.0
2024-03-19 00:00:00-04:00,73.78959865943588,73.98382964964878,72.94793103518,73.92833709716797,1241000,0.0,0.0
2024-03-20 00:00:00-04:00,73.66010372131892,74.26129885168301,73.28089289100053,74.15030670166016,1110900,0.0,0.0
2024-03-21 00:00:00-04:00,74.5757641270672,75.32494877172566,74.41853054426733,74.85324096679688,1338100,0.0,0.0
2024-03-22 00:00:00-04:00,74.73301727554296,74.77925871888523,73.2716521805446,73.4936294555664,1225400,0.0,0.0
2024-03-25 00:00:00-04:00,73.62310246890071,73.81733342883636,72.29123202126632,72.30047607421875,1175200,0.0,0.0
2024-03-26 00:00:00-04:00,72.30974097092495,72.74445146456013,72.00451780860276,72.09700775146484,1250400,0.0,0.0
2024-03-27 00:00:00-04:00,72.85542470766912,74.15030486643666,72.73518850718388,74.12255859375,1203100,0.0,0.0
2024-03-28 00:00:00-04:00,74.22430665106101,74.72376077624426,73.96533200612078,74.18730926513672,1345300,0.0,0.0
2024-04-01 00:00:00-04:00,74.18730966410288,74.34454326272935,73.1236577467812,73.56761932373047,939200,0.0,0.0
2024-04-02 00:00:00-04:00,72.93867799856567,73.00342166026064,72.14325183686756,72.8369369506836,1356100,0.0,0.0
2024-04-03 00:00:00-04:00,72.60571002540595,73.57687202670174,72.4114790364528,73.26239776611328,950300,0.0,0.0
2024-04-04 00:00:00-04:00,73.99307014409376,74.34453468692776,72.49470793332542,72.79067993164062,800700,0.0,0.0
2024-04-05 00:00:00-04:00,72.58721648014112,73.20690684775417,72.37448326471342,72.73519897460938,916300,0.0,0.0
2024-04-08 00:00:00-04:00,72.83694123573521,73.17916178570164,72.48547663107558,72.82769012451172,776800,0.0,0.0
2024-04-09 00:00:00-04:00,73.20690949597927,73.35489199580073,72.44848066100192,73.2531509399414,938000,0.0,0.0
2024-04-10 00:00:00-04:00,71.68078181887824,72.04149744673482,69.79395781195917,70.0066909790039,1901500,0.0,0.0
2024-04-11 00:00:00-04:00,70.84836912889423,71.5235590548423,70.06219410470186,70.85762023925781,994600,0.0,0.0
2024-04-12 00:00:00-04:00,70.24716888182748,70.80212255894892,69.73847075317167,70.3119125366211,1047500,0.0,0.0
2024-04-15 00:00:00-04:00,70.92236445680837,70.93161556724473,68.68407557522677,69.22052001953125,1191000,0.0,0.0
2024-04-16 00:00:00-04:00,69.0817855981916,69.70147589602726,68.0088826438528,69.10028076171875,1124600,0.0,0.0
2024-04-17 00:00:00-04:00,69.35925838408215,69.80321994972007,68.61933185005853,69.50724792480469,1244500,0.0,0.0
2024-04-18 00:00:00-04:00,69.80320056523607,69.9511830083339,68.82279482806373,68.83203887939453,869000,0.0,0.0
2024-04-19 00:00:00-04:00,69.13729542733094,69.60900336527254,68.89681590218976,69.46101379394531,1093200,0.0,0.0
2024-04-22 00:00:00-04:00,69.69223681370137,70.26568577342206,69.1372900772304,70.15469360351562,926200,0.0,0.0
2024-04-23 00:00:00-04:00,70.4599114326813,71.16284767569688,70.08994461759255,70.84837341308594,774700,0.0,0.0
2024-04-24 00:00:00-04:00,70.54313835457704,72.56870085648686,70.40440699679874,72.31897735595703,1095400,0.0,0.0
2024-04-25 00:00:00-04:00,71.71778351332493,72.03225067180132,70.63563656464461,71.45880889892578,1125000,0.0,0.0
2024-04-26 00:00:00-04:00,71.62529970164184,72.26348518259286,71.46805905245253,71.69928741455078,817600,0.0,0.0
2024-04-29 00:00:00-04:00,72.14324767771684,72.38372714580416,71.4310674401303,72.1155014038086,866600,0.0,0.0
2024-04-30 00:00:00-04:00,71.7640310736771,72.21724374409098,71.42181761395065,71.69928741455078,1732000,0.0,0.0
2024-05-01 00:00:00-04:00,71.82878353288991,73.41962877525683,71.56055777956155,72.2357406616211,2507900,0.0,0.0
2024-05-02 00:00:00-04:00,72.92943435335341,73.00342913330215,70.1731958373037,71.21834564208984,2872200,0.0,0.0
2024-05-03 00:00:00-04:00,71.95826274125501,72.28198100824646,69.1835226415644,69.66447448730469,1977000,0.0,0.0
2024-05-06 00:00:00-04:00,70.40441428524677,71.12584564649393,69.87721390152541,71.03335571289062,1137500,0.0,0.0
2024-05-07 00:00:00-04:00,71.57905392734764,71.96751589687112,70.93161731147516,71.77328491210938,999200,0.0,0.0
2024-05-08 00:00:00-04:00,71.30157245920417,72.38372652809745,70.67263810523905,72.18024444580078,912600,0.0,0.0
2024-05-09 00:00:00-04:00,72.48547255670427,73.63236330539137,72.0877594748127,73.61386108398438,1270800,0.0,0.0
2024-05-10 00:00:00-04:00,73.71559844342586,74.15030888984873,73.51212341384006,73.78034210205078,1033700,0.0,0.0
2024-05-13 00:00:00-04:00,74.25205320151015,74.27055542280577,72.46696989909486,72.50396728515625,970100,0.0,0.0
2024-05-14 00:00:00-04:00,72.66118836327875,74.69600190685746,72.66118836327875,74.48326873779297,1569500,0.0,0.0
2024-05-15 00:00:00-04:00,75.41744498097049,76.29610995241644,75.17696550361053,76.1573715209961,1067700,0.0,0.0
2024-05-16 00:00:00-04:00,76.04637757602443,76.76780886766387,75.8428955078125,75.8428955078125,1510700,0.0,0.0
2024-05-17 00:00:00-04:00,76.28685887368471,76.28685887368471,75.17695858105515,75.64866638183594,1735900,0.0,0.0
2024-05-20 00:00:00-04:00,75.75967313842472,76.15737919522684,75.41745258064026,75.9354019165039,803600,0.0,0.0
2024-05-21 00:00:00-04:00,75.66716330990457,76.71231997242033,75.26945026399302,76.62907409667969,978000,0.0,0.0
2024-05-22 00:00:00-04:00,76.48110017660116,76.48110017660116,74.36304739810403,74.88099670410156,1243200,0.0,0.0
2024-05-23 00:00:00-04:00,75.05673158536936,75.05673158536936,73.19765348323331,73.32714080810547,1280700,0.0,0.0
2024-05-24 00:00:00-04:00,73.59535670501535,74.38153165966638,73.36412836208687,74.20580291748047,651300,0.0,0.0
2024-05-28 00:00:00-04:00,74.88098950428763,74.99198165484236,73.45662199321742,73.5306167602539,996700,0.0,0.0
2024-05-29 00:00:00-04:00,72.76293857376153,73.00341804379987,72.1987408112848,72.49471282958984,1035100,0.0,0.0
2024-05-30 00:00:00-04:00,72.84618913510896,74.26130565910758,72.67045331226234,73.66011047363281,1057800,0.0,0.0
2024-05-31 00:00:00-04:00,74.00232991024716,74.75150757500323,73.410385844373,74.63127136230469,2343900,0.0,0.0
2024-06-03 00:00:00-04:00,74.94573609885508,75.14921818791633,73.2069013445192,74.66826629638672,1194600,0.0,0.0
2024-06-04 00:00:00-04:00,74.34454482878675,75.14922211672588,74.23355972460895,75.05673217773438,1039300,0.0,0.0
2024-06-05 00:00:00-04:00,75.2232139995939,76.28686589844357,74.64976510943701,76.1573715209961,1447300,0.0,0.0
2024-06-06 00:00:00-04:00,76.61058684495188,78.57139894740043,76.1758763712113,78.46965789794922,2204100,0.0,0.0
2024-06-07 00:00:00-04:00,77.45225702296504,79.20034303006574,77.30427452756727,79.05236053466797,1804900,0.0,0.0
2024-06-10 00:00:00-04:00,78.65464742755785,80.77270025776073,78.41416793396127,80.55996704101562,2130100,0.0,0.0
2024-06-11 00:00:00-04:00,80.33797938742727,81.15190064818374,79.7645305326604,80.77268981933594,1638500,0.0,0.0
2024-06-12 00:00:00-04:00,82.44677896066543,83.15896622210853,80.6709469467121,80.74494171142578,2657300,0.0,0.0
2024-06-13 00:00:00-04:00,80.84668700733548,81.85483926767893,80.34723290400339,81.17964935302734,1719000,0.0,0.0
2024-06-14 00:00:00-04:00,80.83743920361115,81.75310156890846,80.48596756659596,81.41088104248047,1172300,0.0,0.0
2024-06-17 00:00:00-04:00,80.90770972429141,82.65948064280364,80.86111716052731,82.2494888305664,1513700,0.65,0.0
2024-06-18 00:00:00-04:00,82.28676249014056,83.00424817053984,81.83950515212418,82.65016174316406,2478700,0.0,0.0
2024-06-20 00:00:00-04:00,82.32404440145525,83.58196558136332,82.14700827683461,82.77130889892578,2314700,0.0,0.0
2024-06-21 00:00:00-04:00,82.78062312872089,82.93903360263111,81.12202999283045,82.79926300048828,18386100,0.0,0.0
2024-06-24 00:00:00-04:00,82.23086868654516,83.53538247278325,81.93269471617887,83.0135726928711,2064200,0.0,0.0
2024-06-25 00:00:00-04:00,82.92970030887243,82.93902024325492,82.02585861749995,82.5010757446289,1768900,0.0,0.0
2024-06-26 00:00:00-04:00,82.04450135991141,82.76197993389913,81.9606361655856,82.4172134399414,1251600,0.0,0.0
2024-06-27 00:00:00-04:00,83.06017138984447,83.50743593289577,82.3985980664574,83.12539672851562,1265500,0.0,0.0
2024-06-28 00:00:00-04:00,83.39559788546084,84.23421425806977,83.02287870774276,83.50741577148438,3284000,0.0,0.0
2024-07-01 00:00:00-04:00,83.20924782534266,83.95467912527201,82.52903474399245,83.57264709472656,1310600,0.0,0.0
2024-07-02 00:00:00-04:00,83.78694961208122,84.84919464503614,83.46082299828402,84.65351867675781,1545500,0.0,0.0
2024-07-03 00:00:00-04:00,84.79329727173912,86.40530484234985,84.47649056239777,85.52009582519531,1362500,0.0,0.0
2024-07-05 00:00:00-04:00,85.88349377429161,86.26553291567971,85.13806247082059,85.35237121582031,1191500,0.0,0.0
2024-07-08 00:00:00-04:00,85.34304849983363,86.6196094292076,84.9330637844433,86.53575134277344,1418600,0.0,0.0
2024-07-09 00:00:00-04:00,86.54507413160947,87.42096327223284,86.39599070222165,86.77802276611328,2122000,0.0,0.0
2024-07-10 00:00:00-04:00,87.27187599286717,88.74410589512286,86.4984848542657,88.66024780273438,1362800,0.0,0.0
2024-07-11 00:00:00-04:00,89.5454409067259,90.84995449564833,87.82162267912672,88.07320404052734,2976700,0.0,0.0
2024-07-12 00:00:00-04:00,88.28750940645713,90.50517726818252,88.0731935907443,89.3497543334961,1709100,0.0,0.0
2024-07-15 00:00:00-04:00,89.45226984426303,91.20404090279655,89.31249925082584,91.15745544433594,1096800,0.0,0.0
2024-07-16 00:00:00-04:00,92.10788009808155,93.50557177516633,91.08290762335821,93.16081237792969,2312800,0.0,0.0
2024-07-17 00:00:00-04:00,92.54582236920412,93.90624138195054,92.3128737620415,92.45264434814453,1824300,0.0,0.0
2024-07-18 00:00:00-04:00,92.07060503710329,93.57079463297158,90.75677859201114,91.16676330566406,1523500,0.0,0.0
2024-07-19 00:00:00-04:00,91.49290124844494,92.01470387655223,90.81268815763852,91.5767593383789,1082600,0.0,0.0
2024-07-22 00:00:00-04:00,91.57675695420572,93.38444045312586,91.47425899649205,93.30057525634766,1116900,0.0,0.0
2024-07-23 00:00:00-04:00,93.2353447529581,94.46531306820484,93.01171608901153,94.05532836914062,1053600,0.0,0.0
2024-07-24 00:00:00-04:00,93.70124208485122,93.93419068359759,90.17906040925044,90.29087829589844,1798300,0.0,0.0
2024-07-25 00:00:00-04:00,90.70086299555365,91.13880749864116,89.40566935524599,90.29087829589844,2755700,0.0,0.0
2024-07-26 00:00:00-04:00,90.89655165407608,92.4153740518847,90.51451251634779,91.78175354003906,1193200,0.0,0.0
2024-07-29 00:00:00-04:00,92.05197532084141,93.0396751710242,91.22267882228651,92.69491577148438,1232100,0.0,0.0
2024-07-30 00:00:00-04:00,93.04899572949122,94.89394478687281,92.85331974516454,94.38146209716797,1731500,0.0,0.0
2024-07-31 00:00:00-04:00,95.0430395758485,96.35687324114215,93.8037511771732,95.5648422241211,5561400,0.0,0.0
2024-08-01 00:00:00-04:00,97.83841612545027,102.94465278073153,97.66137290709639,102.06876373291016,5009300,0.0,0.0
2024-08-02 00:00:00-04:00,102.06876742836982,105.09709946570487,98.70498881202315,99.41315460205078,3465600,0.0,0.0
2024-08-05 00:00:00-04:00,95.63938402515166,99.05906803078858,94.28828488453516,97.21411895751953,3569900,0.0,0.0
2024-08-06 00:00:00-04:00,97.80114245095996,101.0717428884883,96.95321321695029,99.18951416015625,2122200,0.0,0.0
2024-08-07 00:00:00-04:00,100.02814257398504,102.24581813177409,98.2297788251444,98.3602294921875,1934200,0.0,0.0
2024-08-08 00:00:00-04:00,98.83543261395396,100.18653166251389,97.43774100136346,100.04676818847656,1365500,0.0,0.0
2024-08-09 00:00:00-04:00,100.24244135768524,101.52831504605679,99.52495570223276,101.04378509521484,1212400,0.0,0.0
2024-08-12 00:00:00-04:00,100.82016547907473,101.3047026165796,99.33861558611181,101.25811004638672,1201600,0.0,0.0
2024-08-13 00:00:00-04:00,102.04081298548307,102.24580890348534,100.41948551166207,100.53130340576172,1468300,0.0,0.0
2024-08-14 00:00:00-04:00,100.65242576121528,101.70535795999068,100.41947716630418,101.2767333984375,1074200,0.0,0.0
2024-08-15 00:00:00-04:00,101.21152037449724,101.91036624414772,100.56857989952991,101.17424774169922,1278300,0.0,0.0
2024-08-16 00:00:00-04:00,101.16492671931297,101.69604929017977,99.99086368038667,100.91334533691406,1996300,0.0,0.0
2024-08-19 00:00:00-04:00,101.01583080778813,102.52533313358181,100.7269697196826,102.16193389892578,1326300,0.0,0.0
2024-08-20 00:00:00-04:00,102.26444097372311,102.34829906196062,101.62150052779222,102.05012512207031,1123400,0.0,0.0
2024-08-21 00:00:00-04:00,102.18057391273746,104.73368849316661,101.87308006481346,104.45414733886719,1726900,0.0,0.0
2024-08-22 00:00:00-04:00,104.49142830905731,105.2275467723907,103.90440036899382,105.08777618408203,1529400,0.0,0.0
2024-08-23 00:00:00-04:00,105.14367933785132,106.35501493204039,104.62187673556792,105.618896484375,1114800,0.0,0.0
2024-08-26 00:00:00-04:00,106.21525216417871,106.96069060147143,105.35800293761154,105.66549682617188,1311300,0.0,0.0
2024-08-27 00:00:00-04:00,105.01323875362426,107.09114364523309,104.7802901254139,107.00727844238281,1174300,0.0,0.0
2024-08-28 00:00:00-04:00,106.20594087157109,106.87682694399003,104.01621809628544,104.6405258178711,1429600,0.0,0.0
2024-08-29 00:00:00-04:00,104.64050750364548,105.66547985856356,103.62484797365298,104.35164642333984,1064300,0.0,0.0
2024-08-30 00:00:00-04:00,104.78959582705914,105.74934290747493,103.44780963593891,105.5350341796875,2391200,0.0,0.0
2024-09-03 00:00:00-04:00,105.16232159237961,106.41092273588288,104.61255917333945,105.13436889648438,1365800,0.0,0.0
2024-09-04 00:00:00-04:00,105.30208149967224,105.63752803444422,104.17461118908794,105.171630859375,1378200,0.0,0.0
2024-09-05 00:00:00-04:00,105.41389192975093,105.47911724968783,100.5778841023677,101.64012908935547,1713100,0.0,0.0
2024-09-06 00:00:00-04:00,101.62150407333445,102.1712665151733,100.25176504544541,102.01286315917969,1471000,0.0,0.0
2024-09-09 00:00:00-04:00,102.28307133281797,103.62485758532846,102.1526206814936,102.86078643798828,945700,0.0,0.0
2024-09-10 00:00:00-04:00,103.31736547615436,106.42956261835954,103.02851147316638,106.3736572265625,1758700,0.0,0.0
2024-09-11 00:00:00-04:00,105.25549742116472,106.84886503522878,103.5596318516029,106.57864379882812,1317600,0.0,0.0
2024-09-12 00:00:00-04:00,106.91408220085046,108.47018417508609,106.73704610770643,108.42359161376953,1520100,0.0,0.0
2024-09-13 00:00:00-04:00,109.03857881091885,109.79333711771586,108.59132147484308,109.07585144042969,1259500,0.0,0.0
2024-09-16 00:00:00-04:00,109.68993570626283,111.06809245316073,109.04304405297209,110.80558776855469,1255600,0.715,0.0
2024-09-17 00:00:00-04:00,109.6899381632035,110.35557710056877,107.48676562209268,108.67741394042969,1372500,0.0,0.0
2024-09-18 00:00:00-04:00,108.6117900627176,110.7868381690506,108.17115411464177,109.17430114746094,1306400,0.0,0.0
2024-09-19 00:00:00-04:00,110.6180912695811,110.6180912695811,105.33985106870291,106.99925994873047,1901100,0.0,0.0
2024-09-20 00:00:00-04:00,105.78984826042038,108.3492833034315,105.26483887835303,108.15240478515625,4240800,0.0,0.0
2024-09-23 00:00:00-04:00,110.62744373804767,111.32120706042427,109.22116267358096,111.03995513916016,1621700,0.0,0.0
2024-09-24 00:00:00-04:00,110.33681568784525,112.33373224397329,109.68992410298434,111.7243423461914,1399500,0.0,0.0
2024-09-25 00:00:00-04:00,112.09935516176951,113.00875142859626,111.45246355903384,111.86497497558594,1177700,0.0,0.0
2024-09-26 00:00:00-04:00,111.8649868315241,112.0337408695702,109.4180568562141,109.9805679321289,1171600,0.0,0.0
2024-09-27 00:00:00-04:00,109.96181508228031,110.25244424033271,108.76178960716793,109.43680572509766,1403400,0.0,0.0
2024-09-30 00:00:00-04:00,109.16492729891397,111.50872936457105,108.84616649857215,111.40560150146484,2146200,0.0,0.0
2024-10-01 00:00:00-04:00,111.564972935458,111.69622527257656,110.08368838487321,110.85245513916016,1527900,0.0,0.0
2024-10-02 00:00:00-04:00,109.8868068113497,112.08997915457789,109.3617974775328,111.93997955322266,1039500,0.0,0.0
2024-10-03 00:00:00-04:00,111.77123619736334,111.93999023543918,110.07432575811818,111.03059387207031,948200,0.0,0.0
2024-10-04 00:00:00-04:00,110.6274489466559,111.3868384683529,109.76493156982527,110.88995361328125,879200,0.0,0.0
2024-10-07 00:00:00-04:00,110.02745287641281,110.22433140615668,108.90243066281451,109.47431182861328,999700,0.0,0.0
2024-10-08 00:00:00-04:00,110.32744997023732,111.84623626792325,109.58680766688707,111.41497039794922,990800,0.0,0.0
2024-10-09 00:00:00-04:00,111.79935971085678,113.15876206218736,111.4056026763258,112.96188354492188,1016600,0.0,0.0
2024-10-10 00:00:00-04:00,112.50249083520718,113.05562464851006,110.98370463395422,111.5837173461914,1557900,0.0,0.0
2024-10-11 00:00:00-04:00,112.1181103075697,113.13063449968058,111.8274811451497,112.82125091552734,718800,0.0,0.0
2024-10-14 00:00:00-04:00,112.75562307314614,113.74002277077831,112.33374157571295,113.62751770019531,812500,0.0,0.0
2024-10-15 00:00:00-04:00,114.59316588142987,115.83069300110697,113.94627426680918,114.37753295898438,1144400,0.0,0.0
2024-10-16 00:00:00-04:00,114.68692227983001,116.36508538623973,114.30253531484227,115.70881652832031,1231400,0.0,0.0
2024-10-17 00:00:00-04:00,115.82132804441633,116.99322912084997,115.54944613635774,116.68384552001953,1020100,0.0,0.0
2024-10-18 00:00:00-04:00,117.05885582817908,117.94949778923856,115.9619581322932,117.90262603759766,1025200,0.0,0.0
2024-10-21 00:00:00-04:00,117.18071736176873,117.79010728408677,115.30567584861522,115.6994400024414,1616500,0.0,0.0
2024-10-22 00:00:00-04:00,115.30568388607499,116.95572253542754,114.84630068609117,116.13070678710938,1122600,0.0,0.0
2024-10-23 00:00:00-04:00,115.63380775188462,118.64325570270759,115.54943431631625,117.69635772705078,1498000,0.0,0.0
2024-10-24 00:00:00-04:00,118.02449917885984,119.11202679765304,117.32135854169002,118.09950256347656,1083000,0.0,0.0
2024-10-25 00:00:00-04:00,118.87764201927446,122.10271590675694,118.84951038658637,119.72140502929688,2016000,0.0,0.0
2024-10-28 00:00:00-04:00,120.8651838662573,121.56832448980043,119.82453517119615,120.13391876220703,1479300,0.0,0.0
2024-10-29 00:00:00-04:00,119.69328120049379,120.68705097939443,118.99014058650569,119.62765502929688,928200,0.0,0.0
2024-10-30 00:00:00-04:00,119.71203240417675,121.07143469358918,118.98076732972228,119.66515350341797,1106500,0.0,0.0
2024-10-31 00:00:00-04:00,118.9620204896713,119.34640747278507,115.90570050549563,115.99945831298828,2055100,0.0,0.0
2024-11-01 00:00:00-04:00,117.07759832432849,117.4244836053661,113.43064287878232,113.59002685546875,1847500,0.0,0.0
2024-11-04 00:00:00-05:00,113.86188788560864,115.19317273591942,113.63688491694691,114.70565795898438,1481000,0.0,0.0
2024-11-05 00:00:00-05:00,114.79004465800928,118.01511122302438,114.79004465800928,117.8744888305664,1669500,0.0,0.0
2024-11-06 00:00:00-05:00,114.17128595919556,116.6650948096094,105.10546121590247,107.28988647460938,4448300,0.0,0.0
2024-11-07 00:00:00-05:00,106.72737087385477,109.7649435989617,105.68672930360776,109.61493682861328,2278500,0.0,0.0
2024-11-08 00:00:00-05:00,110.1493163955013,113.14001002567996,110.10244464729848,112.2306137084961,1260900,0.0,0.0
2024-11-11 00:00:00-05:00,111.53684549270598,112.49311351669066,110.07431540212386,110.1024398803711,1394500,0.0,0.0
2024-11-12 00:00:00-05:00,109.78367519000693,110.28056002856897,106.91486406761301,107.34612274169922,1735300,0.0,0.0
2024-11-13 00:00:00-05:00,108.3023996041758,109.61493015393577,107.7586429765645,108.7336654663086,1181900,0.0,0.0
2024-11-14 00:00:00-05:00,108.8836781717383,108.98680604429865,105.87423690187337,106.0523681640625,1357100,0.0,0.0
2024-11-15 00:00:00-05:00,105.63983460445162,108.24614105147077,105.2835793072161,107.70237731933594,1485900,0.0,0.0
2024-11-18 00:00:00-05:00,106.52110921105802,108.42427517163358,106.3242307136932,108.28364562988281,1440300,0.0,0.0
2024-11-19 00:00:00-05:00,107.74926806200496,109.43680839804675,107.46800895509259,109.23055267333984,1028600,0.0,0.0
2024-11-20 00:00:00-05:00,108.37739968679902,109.23991707938558,107.70238358730838,109.0336685180664,691900,0.0,0.0
2024-11-21 00:00:00-05:00,109.04303817866443,112.04310892628315,108.83678246538064,111.31184387207031,1475800,0.0,0.0
2024-11-22 00:00:00-05:00,111.78997425899635,112.23061016393932,110.8899551809646,111.65872192382812,692300,0.0,0.0
2024-11-25 00:00:00-05:00,112.36187756149725,113.63690654780868,111.91187153851486,113.23377227783203,2292500,0.0,0.0
2024-11-26 00:00:00-05:00,113.26187905216634,115.94318895834073,113.04625328607517,115.8869400024414,1018800,0.0,0.0
2024-11-27 00:00:00-05:00,116.92759032142831,117.54635030356211,115.89631891606147,116.47757720947266,831000,0.0,0.0
2024-11-29 00:00:00-05:00,116.6182076249371,117.171348596832,115.71818854701999,115.94319152832031,858200,0.0,0.0
2024-12-02 00:00:00-05:00,115.31506426160334,115.35256595383552,113.59002933522146,113.99315643310547,1908300,0.0,0.0
2024-12-03 00:00:00-05:00,114.37753107822593,115.20254676020599,112.60561743947721,112.65249633789062,2275200,0.0,0.0
2024-12-04 00:00:00-05:00,113.50563579909155,113.65564255091847,110.82432590826794,111.4337158203125,1420900,0.0,0.0
2024-12-05 00:00:00-05:00,110.74932458488634,111.40559340721845,110.04618401627634,110.97433471679688,1414200,0.0,0.0
2024-12-06 00:00:00-05:00,111.36809034014931,112.93374827022409,110.80557932276673,112.65249633789062,1131800,0.0,0.0
2024-12-09 00:00:00-05:00,112.63374453313297,113.44001296610104,107.02737434413082,107.19612121582031,2007200,0.0,0.0
2024-12-10 00:00:00-05:00,106.98049449550173,107.70238233350466,104.87107278550795,105.02107238769531,2486700,0.0,0.0
2024-12-11 00:00:00-05:00,105.93047267863183,106.80236730453775,104.34606739811592,106.02422332763672,1512800,0.0,0.0
2024-12-12 00:00:00-05:00,105.93984865529555,107.62738892859016,105.5085899527238,105.8648452758789,1201200,0.0,0.0
2024-12-13 00:00:00-05:00,105.60234034144328,106.47423495505285,104.59919339053472,104.90857696533203,957600,0.0,0.0
2024-12-16 00:00:00-05:00,105.26240754715354,106.61168397427885,104.44152387385186,105.00765228271484,1316400,0.715,0.0
2024-12-17 00:00:00-05:00,104.45094735404685,104.71514731302874,103.46966201553677,103.87538146972656,1386100,0.0,0.0
2024-12-18 00:00:00-05:00,103.63949825444924,104.40377842620346,97.30828046868656,97.3837661743164,2920600,0.0,0.0
2024-12-19 00:00:00-05:00,97.87442024214153,99.48788947564239,95.61932968209824,95.88352966308594,3251900,0.0,0.0
2024-12-20 00:00:00-05:00,96.81763182816232,100.94094646114124,96.72327830128147,99.16706848144531,5696100,0.0,0.0
2024-12-23 00:00:00-05:00,98.59150190680603,99.393517677649,96.46851517290324,99.2802963256836,2095900,0.0,0.0
2024-12-24 00:00:00-05:00,98.96892825655127,99.61997985839844,98.23296063640035,99.61997985839844,767700,0.0,0.0
2024-12-26 00:00:00-05:00,99.21425220371027,99.99740018089346,98.28957033205702,99.76151275634766,879900,0.0,0.0
2024-12-27 00:00:00-05:00,98.71417155581283,99.7426372666614,98.15747349314623,98.80852508544922,954200,0.0,0.0
2024-12-30 00:00:00-05:00,98.1763560429653,98.60095055822828,96.09110472500002,97.83667755126953,1920600,0.0,0.0
2024-12-31 00:00:00-05:00,98.31787995374563,99.25199937870877,97.54416945548256,99.176513671875,1635300,0.0,0.0
2025-01-02 00:00:00-05:00,99.32747276235057,100.01626720392446,98.17634818673363,98.827392578125,2495800,0.0,0.0
2025-01-03 00:00:00-05:00,99.11046101667885,100.14836424342634,98.94062178330469,99.73320007324219,2295200,0.0,0.0
2025-01-06 00:00:00-05:00,99.40296045525648,99.99740137941286,97.29884863436824,97.59134674072266,1901800,0.0,0.0
2025-01-07 00:00:00-05:00,98.00651573328034,98.49715843889649,93.95868641677198,95.00602722167969,2586200,0.0,0.0
2025-01-08 00:00:00-05:00,95.29852467461949,97.21392951381029,94.25118387705086,97.0440902709961,1938900,0.0,0.0
2025-01-10 00:00:00-05:00,94.76069894316596,96.21376638003788,93.9020652400863,95.44949340820312,1718000,0.0,0.0
2025-01-13 00:00:00-05:00,94.71351806741497,96.52513899634869,93.97755043943238,96.46852111816406,1921600,0.0,0.0
2025-01-14 00:00:00-05:00,96.75159128239972,98.58208008308172,96.51570384720722,98.16691589355469,1371700,0.0,0.0
2025-01-15 00:00:00-05:00,101.28061768999711,101.71465687121113,99.13876311567542,100.18610382080078,1641200,0.0,0.0
2025-01-16 00:00:00-05:00,100.34651410678357,104.20563631353988,99.8181285522989,104.02635955810547,1832200,0.0,0.0
2025-01-17 00:00:00-05:00,104.51700218138498,104.67741110920312,102.89410266542637,103.05450439453125,2077800,0.0,0.0
2025-01-21 00:00:00-05:00,103.28094986557984,104.71514944873857,103.14885348275114,104.64910125732422,1557900,0.0,0.0
2025-01-22 00:00:00-05:00,104.8661127208164,104.8661127208164,103.47909351480092,103.77159881591797,1131600,0.0,0.0
2025-01-23 00:00:00-05:00,104.34715522739134,105.06425499688666,102.9978861012954,105.0265121459961,947500,0.0,0.0
2025-01-24 00:00:00-05:00,105.02651433206401,105.8474051589166,104.42264310267116,104.78119659423828,1095600,0.0,0.0
2025-01-27 00:00:00-05:00,101.74297047270454,101.9788579083556,95.04376873995722,98.11973571777344,3390400,0.0,0.0
2025-01-28 00:00:00-05:00,98.12916492498971,98.12916492498971,91.70359402531642,93.2038345336914,4196300,0.0,0.0
2025-01-29 00:00:00-05:00,93.55296020552338,95.50610792206466,93.42086381493321,94.9305419921875,2325300,0.0,0.0
2025-01-30 00:00:00-05:00,96.83650680114549,97.58191195633103,95.28908581021025,96.24207305908203,1506600,0.0,0.0
2025-01-31 00:00:00-05:00,96.10997978341203,97.52530443304164,95.25134604058762,95.83634948730469,1345400,0.0,0.0
2025-02-03 00:00:00-05:00,93.94925664131412,95.50611530645898,90.65626973777027,94.95885467529297,1665500,0.0,0.0
2025-02-04 00:00:00-05:00,94.46819211061491,95.90238438933604,93.7982727331645,95.55326843261719,1428500,0.0,0.0
2025-02-05 00:00:00-05:00,96.90255658368022,98.78965608637088,96.24207463722381,98.04425811767578,1061000,0.0,0.0
2025-02-06 00:00:00-05:00,99.24255382481952,100.24271416383543,98.51602375187097,100.20497131347656,1868500,0.0,0.0
2025-02-07 00:00:00-05:00,100.53522816387196,100.96926018253053,99.16707671501133,100.07288360595703,1518100,0.0,0.0
2025-02-10 00:00:00-05:00,100.14836835840397,100.29933977147886,98.5537670016881,100.2238540649414,885300,0.0,0.0
2025-02-11 00:00:00-05:00,99.58223232779639,100.27101955072126,98.5726344760213,100.21440887451172,1028000,0.0,0.0
2025-02-12 00:00:00-05:00,96.42134473238531,97.75174604654171,91.9960944007019,96.93086242675781,2955700,0.0,0.0
2025-02-13 00:00:00-05:00,95.9495783583591,97.04409234758327,89.10884252988937,89.87311553955078,4183800,0.0,0.0
2025-02-14 00:00:00-05:00,89.6372271418039,91.48658380635761,88.64649701496177,90.02408599853516,2521300,0.0,0.0
2025-02-18 00:00:00-05:00,90.38262541932053,91.13746085000807,87.73125310133139,88.89181518554688,2588600,0.0,0.0
2025-02-19 00:00:00-05:00,88.34454920023752,88.54269375854597,86.29704823233787,87.62745666503906,4867900,0.0,0.0
2025-02-20 00:00:00-05:00,86.91979736979941,89.06165193300694,86.16495476145407,88.22189331054688,4132100,0.0,0.0
2025-02-21 00:00:00-05:00,88.25019561476583,88.82576146413231,86.2498750092281,86.59898376464844,2392400,0.0,0.0
2025-02-24 00:00:00-05:00,86.4668820573036,86.74994980791408,84.26840983053637,86.29704284667969,2320200,0.0,0.0
2025-02-25 00:00:00-05:00,86.33478678526137,87.75011115879025,85.34405684430635,87.1839828491211,2449500,0.0,0.0
2025-02-26 00:00:00-05:00,87.75012921938378,89.42020915644778,87.36327035561476,87.82561492919922,1686700,0.0,0.0
2025-02-27 00:00:00-05:00,88.08036473542204,88.79746453674059,86.29705634430182,86.5423812866211,1515300,0.0,0.0
2025-02-28 00:00:00-05:00,87.01414558769123,88.46721284094552,86.83486885943601,87.91051483154297,3084400,0.0,0.0
2025-03-03 00:00:00-05:00,87.5991477831365,87.9010905878723,84.91947017952039,85.11761474609375,2130100,0.0,0.0
2025-03-04 00:00:00-05:00,84.66471374975158,85.30632780339691,82.80591977674764,83.25881958007812,2666700,0.0,0.0
2025-03-05 00:00:00-05:00,82.71157330853441,84.44770136729537,82.28697160813016,83.32487487792969,2361000,0.0,0.0
2025-03-06 00:00:00-05:00,81.61704637471985,81.86237130431809,77.95607625025742,78.1164779663086,3712300,0.0,0.0
2025-03-07 00:00:00-05:00,78.50333315882632,80.04132379656092,76.89930152791334,79.6167221069336,3869000,0.0,0.0
2025-03-10 00:00:00-04:00,78.92794219850155,80.36213472686327,77.09745328317388,78.69205474853516,3424900,0.0,0.0
2025-03-11 00:00:00-04:00,78.65429638713289,80.33381354800687,78.00324484998266,79.7393798828125,2586000,0.0,0.0
2025-03-12 00:00:00-04:00,81.30567722666964,82.1076930448034,79.60729205862987,81.56986999511719,2269900,0.0,0.0
2025-03-13 00:00:00-04:00,81.27736641511008,82.13600005347116,80.14510971264468,80.29607391357422,2195600,0.0,0.0
2025-03-14 00:00:00-04:00,81.14527460666827,82.14543499009254,80.62631938958229,81.73027801513672,1765100,0.0,0.0
2025-03-17 00:00:00-04:00,81.74456338021184,85.22001808461722,81.58269469829149,84.88675689697266,2581000,0.785,0.0
2025-03-18 00:00:00-04:00,84.44875521909306,85.36284615903575,83.22044347539065,83.42992401123047,1787700,0.0,0.0
2025-03-19 00:00:00-04:00,83.33469506238156,85.23905288365174,82.52534444125145,84.37257385253906,1449500,0.0,0.0
2025-03-20 00:00:00-04:00,84.35351670597873,85.0962222748487,83.47751395034473,84.201171875,1608300,0.0,0.0
2025-03-21 00:00:00-04:00,83.77269789346651,83.93456655345874,82.40155803341929,83.3537368774414,3119300,0.0,0.0
2025-03-24 00:00:00-04:00,84.10595461078553,86.07696442362601,84.05834276527027,85.78178405761719,1037500,0.0,0.0
2025-03-25 00:00:00-04:00,85.80083978588351,85.94366807133906,82.8300390536921,83.66796112060547,1685000,0.0,0.0
2025-03-26 00:00:00-04:00,83.64891999982935,84.36305421826479,82.15399932648643,82.86813354492188,1226200,0.0,0.0
2025-03-27 00:00:00-04:00,82.85859932981973,83.03951563378999,81.23989821018989,81.42081451416016,1485100,0.0,0.0
2025-03-28 00:00:00-04:00,81.92546883649133,82.51582233664429,80.55432897267703,81.0304183959961,1293300,0.0,0.0
2025-03-31 00:00:00-04:00,80.72572858738923,82.7633909180488,80.13538229963005,81.92547607421875,2368400,0.0,0.0
2025-04-01 00:00:00-04:00,84.07739313482043,84.07739313482043,80.14488993912498,82.73481750488281,2172400,0.0,0.0
2025-04-02 00:00:00-04:00,81.93500042864773,84.22022406564075,81.4398633132968,83.886962890625,1309900,0.0,0.0
2025-04-03 00:00:00-04:00,80.61147219503493,81.54460348400893,78.62141444156799,79.12606811523438,1967600,0.0,0.0
2025-04-04 00:00:00-04:00,77.35501575697403,77.68827693610348,73.45108352028144,73.49869537353516,2802900,0.0,0.0
2025-04-07 00:00:00-04:00,71.52768595983513,75.59348691520984,68.8711057945399,73.82243347167969,3586700,0.0,0.0
2025-04-08 00:00:00-04:00,75.69822883601701,78.24054496664051,72.39416661631834,73.25112915039062,3321200,0.0,0.0
2025-04-09 00:00:00-04:00,72.21324371759623,81.19229096412734,71.11824380289971,80.44959259033203,3733800,0.0,0.0
2025-04-10 00:00:00-04:00,78.64045504497074,79.0308518967453,75.12691970174355,77.72636413574219,2345900,0.0,0.0
2025-04-11 00:00:00-04:00,77.05983524641117,79.6116748757009,75.66965498587584,79.4498062133789,1727800,0.0,0.0
2025-04-14 00:00:00-04:00,80.69717039776819,81.3256120259026,79.85925549147159,80.35438537597656,1528700,0.0,0.0
2025-04-15 00:00:00-04:00,80.1258560458142,81.21133941278948,78.91658477228393,79.3165054321289,1200700,0.0,0.0
2025-04-16 00:00:00-04:00,78.88801596995783,80.20202742727774,77.91679674304788,78.67853546142578,1176100,0.0,0.0
2025-04-17 00:00:00-04:00,79.58311331339924,81.23990254675377,79.58311331339924,80.1829833984375,1824600,0.0,0.0
2025-04-21 00:00:00-04:00,79.59263133435462,79.59263133435462,76.6218377943778,77.70732116699219,996300,0.0,0.0
2025-04-22 00:00:00-04:00,79.08796666672099,79.98301703919577,78.18339973697768,79.05940246582031,1137100,0.0,0.0
2025-04-23 00:00:00-04:00,81.23991326529273,82.30635637727896,79.62121184569068,80.20204162597656,1007500,0.0,0.0
2025-04-24 00:00:00-04:00,80.06872302649506,82.0016523636115,79.60215738318016,81.23990631103516,990000,0.0,0.0
2025-04-25 00:00:00-04:00,82.36347184760416,83.91552078278986,81.6207734950055,83.52513122558594,2098000,0.0,0.0
2025-04-28 00:00:00-04:00,83.15378964684412,84.57253425168025,83.04904938092847,84.23927307128906,1473900,0.0,0.0
2025-04-29 00:00:00-04:00,83.53466549563518,84.79154146442843,83.18235665617868,84.04883575439453,1397400,0.0,0.0
2025-04-30 00:00:00-04:00,83.22043133318247,85.83892312003316,82.36346893184901,85.38187408447266,2698000,0.0,0.0
2025-05-01 00:00:00-04:00,85.68658056693607,88.7049933204101,84.62014480605582,87.45763397216797,2780300,0.0,0.0
2025-05-02 00:00:00-04:00,88.78115403109985,92.46608879962139,88.78115403109985,91.18064880371094,2497500,0.0,0.0
2025-05-05 00:00:00-04:00,90.7616943285474,93.16118200961354,90.59982565570198,92.52322387695312,1522000,0.0,0.0
2025-05-06 00:00:00-04:00,91.11400313529843,92.81840427301826,90.94261063919954,92.2851791381836,1570600,0.0,0.0
2025-05-07 00:00:00-04:00,92.18044280752237,93.47540677449108,91.62818453169223,92.65653228759766,1790500,0.0,0.0
2025-05-08 00:00:00-04:00,93.38971602920607,93.69441301198697,91.95192373645136,92.1137924194336,1416500,0.0,0.0
2025-05-09 00:00:00-04:00,92.12331206424443,92.72318217872753,91.13304509899145,92.42800903320312,1049100,0.0,0.0
2025-05-12 00:00:00-04:00,95.21788721396392,95.21788721396392,92.29469836707716,93.25640106201172,915400,0.0,0.0
2025-05-13 00:00:00-04:00,93.6372658854157,93.74200614149275,91.96143631727925,92.72317504882812,1173600,0.0,0.0
2025-05-14 00:00:00-04:00,92.3232593129148,92.580351667467,91.26634022097359,92.4946517944336,1764200,0.0,0.0
2025-05-15 00:00:00-04:00,92.84696446693486,95.05601917424278,92.31373935513756,94.7417984008789,1399400,0.0,0.0
2025-05-16 00:00:00-04:00,94.97985442878729,96.05581407424663,94.17050373869493,95.7987289428711,1707000,0.0,0.0
2025-05-19 00:00:00-04:00,94.84654678301479,96.54142416941995,94.47519756979338,96.22720336914062,1470600,0.0,0.0
2025-05-20 00:00:00-04:00,95.5797188063856,96.06533209693492,94.99888907531943,95.73207092285156,1056300,0.0,0.0
2025-05-21 00:00:00-04:00,94.94175622729368,95.44640987654442,91.45678526829799,91.5234375,1627700,0.0,0.0
2025-05-22 00:00:00-04:00,91.54248736909177,91.74244408492184,90.10469506244795,91.21875,1105900,0.0,0.0
2025-05-23 00:00:00-04:00,90.99974452476424,91.8090952021573,90.62839530496568,91.60913848876953,911100,0.0,0.0
2025-05-27 00:00:00-04:00,92.61844425744576,93.3706665077106,91.47583241108464,92.65653228759766,1466200,0.0,0.0
2025-05-28 00:00:00-04:00,92.57082946017444,93.18974716893266,92.03761162594489,92.63748168945312,1057900,0.0,0.0
2025-05-29 00:00:00-04:00,93.3135255118988,94.17048791338706,92.20899458008107,93.12309265136719,1247000,0.0,0.0
2025-05-30 00:00:00-04:00,92.97075466243142,94.15145455894,92.25662043022436,93.98958587646484,4731300,0.0,0.0
2025-06-02 00:00:00-04:00,93.49445368015213,94.73228195979885,92.09474945750677,94.71324157714844,1477900,0.0,0.0
2025-06-03 00:00:00-04:00,94.817984174666,95.45594234510158,93.83724099170253,95.1798095703125,1126200,0.0,0.0
2025-06-04 00:00:00-04:00,95.18933338892566,96.76043015216744,94.55137521852507,95.41785430908203,1288000,0.0,0.0
2025-06-05 00:00:00-04:00,95.6844538367185,96.93181311227401,94.82749138984214,96.43667602539062,1491200,0.0,0.0
2025-06-06 00:00:00-04:00,97.30316420822697,98.83617281984931,97.05559565991787,97.32220458984375,1845700,0.0,0.0
2025-06-09 00:00:00-04:00,97.32220217355993,97.6078587425589,96.19863080780472,96.37954711914062,1527800,0.0,0.0
2025-06-10 00:00:00-04:00,96.36050784237145,96.77946890941055,95.13220337682307,96.22720336914062,1316500,0.0,0.0
2025-06-11 00:00:00-04:00,96.455720807417,97.30315940623755,95.5606703600814,96.1510238647461,1058600,0.0,0.0
2025-06-12 00:00:00-04:00,96.33194083309121,97.83638528955119,96.23672439277512,97.60786437988281,1535100,0.0,0.0
2025-06-13 00:00:00-04:00,97.24602714127981,97.90303289814912,96.07485117808925,96.73184967041016,979200,0.0,0.0
2025-06-16 00:00:00-04:00,97.25482345698006,98.98209510627794,97.00532703627722,97.94573211669922,1470400,0.785,0.0
2025-06-17 00:00:00-04:00,97.94574177733955,99.05887413248243,97.53311613826001,98.6174545288086,1796400,0.0,0.0
2025-06-18 00:00:00-04:00,98.5215003625501,99.31796502756951,98.25281525172915,98.50231170654297,964900,0.0,0.0
2025-06-20 00:00:00-04:00,99.21240236409196,99.21240236409196,96.8614004833033,97.23564147949219,2718500,0.0,0.0
2025-06-23 00:00:00-04:00,97.05332631442194,98.98211210043635,96.59272534294175,98.88615417480469,1013400,0.0,0.0
2025-06-24 00:00:00-04:00,98.96291180615559,101.30432315926883,98.40635293331925,100.99725341796875,1160800,0.0,0.0
2025-06-25 00:00:00-04:00,100.22957531568113,100.68058559931254,98.13766041707088,98.53109741210938,1561700,0.0,0.0
2025-06-26 00:00:00-04:00,98.40635203836966,98.40635203836966,92.66797760618137,96.8326187133789,3192600,0.0,0.0
2025-06-27 00:00:00-04:00,96.92857359685193,99.07806169905344,96.66947916618953,98.16645050048828,5715600,0.0,0.0
2025-06-30 00:00:00-04:00,98.1568520131065,98.50230637148594,96.6119053884428,98.425537109375,2236800,0.0,0.0
2025-07-01 00:00:00-04:00,97.89776729754473,98.83817254891481,95.61393643153242,95.89221954345703,2226700,0.0,0.0
2025-07-02 00:00:00-04:00,95.75787122891977,95.91140243803174,94.61595220395914,95.58514404296875,2025200,0.0,0.0
2025-07-03 00:00:00-04:00,96.31442860588608,97.58109207991163,96.06493217764971,96.61190032958984,914600,0.0,0.0
2025-07-07 00:00:00-04:00,96.43919143627839,97.30282745067818,95.62353804755891,96.26646423339844,1329600,0.0,0.0
2025-07-08 00:00:00-04:00,95.96898346939935,96.14171065610984,94.76949115088762,95.56594848632812,1059600,0.0,0.0
2025-07-09 00:00:00-04:00,95.9977650423804,96.33362140959734,95.20130042789471,95.23968505859375,1353800,0.0,0.0
2025-07-10 00:00:00-04:00,95.37403618820821,95.85383313344364,94.05938992265982,94.96141052246094,997800,0.0,0.0
2025-07-11 00:00:00-04:00,94.040199490102,94.73110824957178,93.52201792049966,94.03060150146484,1057400,0.0,0.0
2025-07-14 00:00:00-04:00,93.99221665782697,94.63515011491361,93.54121368857308,94.04019927978516,896000,0.0,0.0
2025-07-15 00:00:00-04:00,94.56797024238406,95.17251169006647,92.87908313440334,93.33009338378906,1743100,0.0,0.0
2025-07-16 00:00:00-04:00,93.64676270044227,94.27050018310547,92.43767968975142,94.27050018310547,1022900,0.0,0.0
2025-07-17 00:00:00-04:00,94.14575769697474,95.05736896948183,93.50283154389625,94.70232391357422,1097400,0.0,0.0
2025-07-18 00:00:00-04:00,94.92302008028419,96.19928163358912,94.89423343671068,95.64271545410156,865500,0.0,0.0
2025-07-21 00:00:00-04:00,95.61393402499992,95.98817505410524,94.3280817344576,94.74070739746094,1137600,0.0,0.0
2025-07-22 00:00:00-04:00,94.74070573868568,95.52757241701744,94.35686672754623,95.28767395019531,858000,0.0,0.0
2025-07-23 00:00:00-04:00,95.31645036363702,95.78664925822392,94.66392631107749,95.36442565917969,647000,0.0,0.0
2025-07-24 00:00:00-04:00,95.36443609793109,95.56594993195495,94.71191197394518,94.77908325195312,795200,0.0,0.0
2025-07-25 00:00:00-04:00,95.13412634857784,95.47958069356068,93.98261674604802,95.32604217529297,654700,0.0,0.0
2025-07-28 00:00:00-04:00,95.18211832808387,95.2109049728107,93.68514691220717,94.04019927978516,783100,0.0,0.0
2025-07-29 00:00:00-04:00,94.53917330135188,95.45079175915251,93.94422986015246,95.4028091430664,861900,0.0,0.0
2025-07-30 00:00:00-04:00,95.14372734828737,95.63312223935947,93.35888228307829,93.9922103881836,879100,0.0,0.0
2025-07-31 00:00:00-04:00,93.80029691634857,94.23211121155643,93.21494409414775,93.42605590820312,1322100,0.0,0.0
2025-08-01 00:00:00-04:00,93.27251362169757,93.91544702616615,89.68363489077213,90.3265609741211,1501000,0.0,0.0
2025-08-04 00:00:00-04:00,90.28817267166927,91.38211628510756,90.06747020838912,90.9406967163086,1533600,0.0,0.0
2025-08-05 00:00:00-04:00,91.45887832409319,92.12100035691671,90.43211330045983,91.6891860961914,1828800,0.0,0.0
2025-08-06 00:00:00-04:00,94.08817318968849,94.18413110359944,85.45182915755012,86.40182495117188,4971400,0.0,0.0
2025-08-07 00:00:00-04:00,86.48819286432519,88.29223402537598,85.61496624963972,88.1195068359375,3068600,0.0,0.0
2025-08-08 00:00:00-04:00,88.30182081657937,89.05031015203558,86.36344450563455,86.51698303222656,1555500,0.0,0.0
2025-08-11 00:00:00-04:00,86.1331468274463,86.82405557725492,85.499811366415,85.93163299560547,1306800,0.0,0.0
2025-08-12 00:00:00-04:00,86.55536230759334,88.49374598366009,86.20031726874949,88.42657470703125,1217500,0.0,0.0
2025-08-13 00:00:00-04:00,88.73363639474329,90.63362794477325,88.64726914913133,90.17302703857422,1783100,0.0,0.0
2025-08-14 00:00:00-04:00,89.50130667644437,89.52050265145033,86.75687526126278,87.70687103271484,1508800,0.0,0.0
2025-08-15 00:00:00-04:00,87.96597060215693,88.41698090420965,87.49577164349618,87.79324340820312,1159800,0.0,0.0
2025-08-18 00:00:00-04:00,87.94677360975284,88.04273152593865,86.57455417704874,87.07353973388672,926000,0.0,0.0
2025-08-19 00:00:00-04:00,87.22706930017547,88.24423628531738,86.85282834069424,87.86039733886719,1270200,0.0,0.0
2025-08-20 00:00:00-04:00,88.16748286257175,88.90637424835465,87.23668295078438,87.60132598876953,1212600,0.0,0.0
2025-08-21 00:00:00-04:00,87.16949584762229,87.60131744320896,86.11394414916526,86.89122009277344,921900,0.0,0.0
2025-08-22 00:00:00-04:00,87.18869297445413,91.1614107080413,87.18869297445413,90.06747436523438,1166300,0.0,0.0
2025-08-25 00:00:00-04:00,90.05787660659902,90.20181714072837,88.05232908005432,88.08111572265625,999100,0.0,0.0
2025-08-26 00:00:00-04:00,87.84122791347707,88.79122384001724,87.45738888300893,87.73567199707031,1109700,0.0,0.0
2025-08-27 00:00:00-04:00,88.00435178849405,88.61849127157446,87.75485533564259,88.15789031982422,868300,0.0,0.0
2025-08-28 00:00:00-04:00,88.76242877047376,88.76242877047376,87.4381919282039,88.25384521484375,725300,0.0,0.0
2025-08-29 00:00:00-04:00,88.32101349161805,88.69525448479747,87.80283196541892,88.59929656982422,1108800,0.0,0.0
2025-09-02 00:00:00-04:00,87.37102633677145,87.48617291769042,85.17355545708313,85.84526824951172,1768600,0.0,0.0
2025-09-03 00:00:00-04:00,85.34627985734102,86.363447001489,84.25234344767843,86.18112182617188,2038800,0.0,0.0
2025-09-04 00:00:00-04:00,86.27708772847843,87.4669820685746,86.02759127420788,87.39981079101562,1329100,0.0,0.0
2025-09-05 00:00:00-04:00,88.54172034400983,89.75081063162021,87.62051113668002,88.45536041259766,1071100,0.0,0.0
2025-09-08 00:00:00-04:00,87.60131516493254,88.7624227351499,86.87202185795194,88.69525146484375,1614500,0.0,0.0
2025-09-09 00:00:00-04:00,88.51292315013431,92.88867551479429,88.39777658864269,92.76392364501953,1857800,0.0,0.0
2025-09-10 00:00:00-04:00,92.65838340954497,95.15333337327627,92.61999877552076,93.49323272705078,1874300,0.0,0.0
2025-09-11 00:00:00-04:00,93.65635863145721,95.13413404428823,93.57958936611324,94.83666229248047,1812200,0.0,0.0
2025-09-12 00:00:00-04:00,94.67352778774715,95.5755409810581,92.77352884314466,92.78312683105469,1135600,0.0,0.0
2025-09-15 00:00:00-04:00,93.13624937594768,97.21888259256073,92.94276265842991,96.57069396972656,1870800,0.785,0.0
2025-09-16 00:00:00-04:00,96.89962490140509,97.73162364567133,95.08081738047188,97.08343505859375,2064900,0.0,0.0
2025-09-17 00:00:00-04:00,97.35431989548361,98.33144474641729,96.15468606865237,96.24176025390625,1489200,0.0,0.0
2025-09-18 00:00:00-04:00,96.38687676383506,97.3543251169517,95.26464051236324,95.69998931884766,992300,0.0,0.0
2025-09-19 00:00:00-04:00,96.10631294506867,97.38335181831012,95.2839833460333,96.63841247558594,3124200,0.0,0.0
2025-09-22 00:00:00-04:00,97.14148549473808,101.31118522634443,96.57068717047214,101.05964660644531,2136600,0.0,0.0
2025-09-23 00:00:00-04:00,100.57592505116781,101.33053354921928,99.9954575435163,100.70169067382812,1611300,0.0,0.0
2025-09-24 00:00:00-04:00,100.13090368942976,100.3243904059768,97.91544609405416,97.93479919433594,1407800,0.0,0.0
2025-09-25 00:00:00-04:00,97.30595139262255,98.80549182294197,97.11245730477683,97.51879119873047,1287500,0.0,0.0
2025-09-26 00:00:00-04:00,97.71228285649428,98.64103238207812,97.18018331426364,97.64456176757812,1117200,0.0,0.0
2025-09-29 00:00:00-04:00,98.26372316106026,98.47656296721581,96.46426873943832,97.08343505859375,1961000,0.0,0.0
2025-09-30 00:00:00-04:00,97.48009193398266,98.83452101851044,97.19953104367697,98.6216812133789,1295000,0.0,0.0
2025-10-01 00:00:00-04:00,98.44753503494985,99.89870739592062,97.8670675667704,98.93125915527344,1375500,0.0,0.0
2025-10-02 00:00:00-04:00,99.03769638950713,100.06318934217907,98.81518000754565,99.93742370605469,1068500,0.0,0.0
2025-10-03 00:00:00-04:00,100.39210241712203,102.88812069252506,100.05349700325986,101.38858032226562,1766000,0.0,0.0
2025-10-06 00:00:00-04:00,101.50467386883346,103.60403490847132,101.42727623337944,102.90747833251953,1336400,0.0,0.0
2025-10-07 00:00:00-04:00,103.21706156860121,103.35250374022218,101.7271902997259,102.44309997558594,1161600,0.0,0.0
2025-10-08 00:00:00-04:00,101.87230667196306,103.0912861884431,101.36922943379021,101.9593734741211,1437300,0.0,0.0
2025-10-09 00:00:00-04:00,102.20123306411067,102.66561147415383,101.10801919317522,101.53369140625,1076700,0.0,0.0
2025-10-10 00:00:00-04:00,102.05612068745303,102.05612068745303,98.52493286132812,98.52493286132812,1796300,0.0,0.0
2025-10-13 00:00:00-04:00,99.78261855076184,100.37276261299412,98.84419250488281,98.84419250488281,1610800,0.0,0.0
2025-10-14 00:00:00-04:00,98.08957862508537,100.01479859842627,97.59617794511803,99.99545288085938,994700,0.0,0.0
2025-10-15 00:00:00-04:00,100.90486336573697,104.62953794505317,100.44048492154417,102.31733703613281,1847400,0.0,0.0
2025-10-16 00:00:00-04:00,102.16254170912774,103.87492937885806,101.55305192116414,102.34635925292969,915700,0.0,0.0
2025-10-17 00:00:00-04:00,101.68848951152029,102.45277454002577,99.95675620101466,101.17574310302734,1219000,0.0,0.0
2025-10-20 00:00:00-04:00,101.94969937759338,102.54951998183306,101.39825414085739,102.38505554199219,989000,0.0,0.0
2025-10-21 00:00:00-04:00,102.0077544753811,102.60756771727802,99.44401491968962,101.01128387451172,863200,0.0,0.0
2025-10-22 00:00:00-04:00,100.76941666739803,101.58206968195222,98.70874710140987,100.56624603271484,886400,0.0,0.0
2025-10-23 00:00:00-04:00,100.57592778659331,100.9338863268857,99.2021529255442,100.54690551757812,756900,0.0,0.0
2025-10-24 00:00:00-04:00,101.75621295023403,103.35250412867475,101.11769352643982,101.8045883178711,788700,0.0,0.0
2025-10-27 00:00:00-04:00,102.39473196556631,103.19771588433416,101.24347342406602,102.99455261230469,876800,0.0,0.0
2025-10-28 00:00:00-04:00,102.17221905190203,102.21091787095247,100.34374229277783,100.66300201416016,766300,0.0,0.0
2025-10-29 00:00:00-04:00,100.45982708965322,100.48885673848825,97.79934428688429,98.04120635986328,1032800,0.0,0.0
2025-10-30 00:00:00-04:00,97.69293453325263,100.21796785613354,97.69293453325263,98.00251770019531,1154900,0.0,0.0
2025-10-31 00:00:00-04:00,97.53813841404693,100.55657980136571,97.08343652693647,99.59880065917969,1604100,0.0,0.0
2025-11-03 00:00:00-05:00,99.17312063603703,100.4404754619464,98.12827477079172,100.29535675048828,1811100,0.0,0.0
2025-11-04 00:00:00-05:00,99.33759027937971,100.47917955184474,98.67972514980588,99.95675659179688,1618400,0.0,0.0
2025-11-05 00:00:00-05:00,100.2566643347542,103.37184903124792,93.75541798068944,97.19953155517578,3221900,0.0,0.0
2025-11-06 00:00:00-05:00,96.78352832559982,98.54428392740493,95.9805444692321,97.57683563232422,1494600,0.0,0.0
2025-11-07 00:00:00-05:00,97.64455805452708,100.79844160636053,96.41590195061352,100.73072052001953,2261800,0.0,0.0
2025-11-10 00:00:00-05:00,100.73072637826299,101.2628185501602,98.86355073936292,98.99899291992188,1776500,0.0,0.0
2025-11-11 00:00:00-05:00,99.72456676359535,100.27601196743703,97.06408409257868,97.85739135742188,1807600,0.0,0.0
2025-11-12 00:00:00-05:00,98.04121024722369,98.33144769872436,94.88733400487777,94.89700317382812,1705200,0.0,0.0
2025-11-13 00:00:00-05:00,94.17141198153406,94.43262715037824,88.05713915047184,88.395751953125,4391500,0.0,0.0
2025-11-14 00:00:00-05:00,87.49602475796823,90.00171225891609,86.10289687358494,88.395751953125,2427200,0.0,0.0
2025-11-17 00:00:00-05:00,88.63762020409534,88.82143037090384,85.75462088254531,85.79331970214844,2553700,0.0,0.0
2025-11-18 00:00:00-05:00,85.77396610075844,87.2444842053202,84.13897618273603,86.373779296875,3577200,0.0,0.0
2025-11-19 00:00:00-05:00,86.60596565996067,87.08002062539332,79.6113188192382,83.87776184082031,6190600,0.0,0.0
2025-11-20 00:00:00-05:00,85.13545980798193,86.56728669786713,80.19179785819388,80.2982177734375,3687800,0.0,0.0
2025-11-21 00:00:00-05:00,80.3272364872449,83.46176712011874,79.48556113437841,82.25245666503906,3586400,0.0,0.0
2025-11-24 00:00:00-05:00,82.57170650051053,82.87162047653673,79.69838402263825,81.97189331054688,3691200,0.0,0.0
2025-11-25 00:00:00-05:00,82.29115290256135,83.58753750786235,80.72389132583668,82.87162780761719,2698300,0.0,0.0
2025-11-26 00:00:00-05:00,82.74585701264134,84.10028619224161,82.47497265293033,83.41339874267578,1494200,0.0,0.0
2025-11-28 00:00:00-05:00,83.13282756336096,83.6068751342966,82.60072807891176,83.53915405273438,735900,0.0,0.0
2025-12-01 00:00:00-05:00,81.74938015200576,82.23310429491704,80.02732338420876,80.13374328613281,1945500,0.0,0.0
2025-12-02 00:00:00-05:00,80.28853867627598,80.49170194955792,79.47588558314817,80.07569885253906,1394300,0.0,0.0
2025-12-03 00:00:00-05:00,80.24016756892566,81.61394243834688,79.33076376866748,81.53654479980469,1466400,0.0,0.0
2025-12-04 00:00:00-05:00,80.79161251588567,82.50399282103476,80.70453832759942,82.26213073730469,1589600,0.0,0.0
2025-12-05 00:00:00-05:00,82.00092319733797,82.65878836243394,81.18826275525704,81.56556701660156,1476400,0.0,0.0
2025-12-08 00:00:00-05:00,81.50751490388616,82.02993784359485,80.45299985633956,81.68165588378906,1965300,0.0,0.0
2025-12-09 00:00:00-05:00,81.71068291871934,82.8522722133602,81.71068291871934,82.32984924316406,1446600,0.0,0.0
2025-12-10 00:00:00-05:00,82.37822957119117,83.81972556511533,81.05282265693766,82.71683502197266,1762800,0.0,0.0
2025-12-11 00:00:00-05:00,82.9393477783987,85.61917637898513,81.16891558012823,85.16447448730469,2311200,0.0,0.0
2025-12-12 00:00:00-05:00,85.61917837597969,85.93843810069687,78.99215870105355,80.6368179321289,3224900,0.0,0.0
2025-12-15 00:00:00-05:00,81.24682064032008,81.95068070059774,80.16170429045152,80.59184265136719,2697200,0.864,0.0
2025-12-16 00:00:00-05:00,80.8069172167725,81.08063893437523,78.49004560702244,79.18412780761719,2134800,0.0,0.0
2025-12-17 00:00:00-05:00,79.23301130100722,80.64072408222273,77.27784761642575,77.61022186279297,3152100,0.0,0.0
2025-12-18 00:00:00-05:00,79.23300859906485,79.45784823844419,76.02653400067558,77.09210205078125,2673100,0.0,0.0
2025-12-19 00:00:00-05:00,77.12142993439977,78.56825432377109,76.47622980526049,78.29452514648438,6057700,0.0,0.0
2025-12-22 00:00:00-05:00,78.2065441600429,79.36986889109785,77.4342536414596,79.20367431640625,1736200,0.0,0.0
2025-12-23 00:00:00-05:00,79.14502616196393,79.23301240734457,77.71775754729327,78.98861694335938,1476500,0.0,0.0
2025-12-24 00:00:00-05:00,78.88108480914313,80.06395799681692,78.82242482426918,79.63381958007812,728500,0.0,0.0
2025-12-26 00:00:00-05:00,79.55560625263324,80.29857052815208,78.91040612632386,80.15193176269531,858100,0.0,0.0
2025-12-29 00:00:00-05:00,80.06394973440382,81.03175361383312,80.06394973440382,80.77758026123047,1225200,0.0,0.0
2025-12-30 00:00:00-05:00,80.77758814148633,81.62808706295952,80.4452138819603,81.49122619628906,1288500,0.0,0.0
2025-12-31 00:00:00-05:00,81.33480377820477,81.63785921161949,80.64072158666079,81.09040832519531,1979300,0.0,0.0
2026-01-02 00:00:00-05:00,81.13929144700306,81.89202617031606,80.49408386271412,81.37390899658203,1900100,0.0,0.0
2026-01-05 00:00:00-05:00,81.28593408509859,82.31239057488366,79.90754006664149,81.79427337646484,2557700,0.0,0.0
2026-01-06 00:00:00-05:00,81.82359548614005,84.77589676410858,81.56942958253651,82.97714233398438,2020400,0.0,0.0
2026-01-07 00:00:00-05:00,83.42682410470721,86.89724234796036,82.89893651584961,85.09849548339844,2636000,0.0,0.0
2026-01-08 00:00:00-05:00,84.72701993096429,86.0467539801178,84.07204185996811,85.3624496459961,2162000,0.0,0.0
2026-01-09 00:00:00-05:00,85.75348233567117,87.89438900531088,85.65572564090594,87.1905288696289,1475900,0.0,0.0
2026-01-12 00:00:00-05:00,86.84836844529165,87.62065900598559,86.27159873067335,87.49357604980469,1411400,0.0,0.0
2026-01-13 00:00:00-05:00,87.98236668247532,90.64139051332735,87.024333185811,90.06461334228516,2313500,0.0,0.0
2026-01-14 00:00:00-05:00,89.83976878930642,90.18192092716896,87.6695360029252,89.48783874511719,2115400,0.0,0.0
2026-01-15 00:00:00-05:00,90.33834050287345,91.53098407061901,89.52694579385482,90.5925064086914,1696200,0.0,0.0
2026-01-16 00:00:00-05:00,90.47519526706877,94.33664025261542,90.23079982599982,93.7794189453125,3151500,0.0,0.0
2026-01-20 00:00:00-05:00,92.59654991129733,92.77251493481354,89.92774829769411,90.27967834472656,2359100,0.0,0.0
2026-01-21 00:00:00-05:00,90.92488635267479,91.7851556615659,89.56604823170629,91.70694732666016,1888000,0.0,0.0
2026-01-22 00:00:00-05:00,92.13708217479939,92.98758100295991,91.08129206915675,91.74604797363281,1576300,0.0,0.0
2026-01-23 00:00:00-05:00,91.79493777126591,92.11754157375594,90.58273835815028,91.49188232421875,1197300,0.0,0.0
2026-01-26 00:00:00-05:00,91.667844289941,92.49879480643898,91.2572617141573,91.73627471923828,1154800,0.0,0.0
2026-01-27 00:00:00-05:00,91.69718281911649,91.69718281911649,88.70577721121286,89.66381072998047,2438200,0.0,0.0
2026-01-28 00:00:00-05:00,89.85931615501053,90.96398834870145,89.5171640209122,90.1721420288086,1405200,0.0,0.0
2026-01-29 00:00:00-05:00,90.9151088584956,91.54076062386397,89.48784030260167,90.9444351196289,1186900,0.0,0.0
2026-01-30 00:00:00-05:00,90.65116842018777,90.65116842018777,88.10944963823015,90.06461334228516,2720800,0.0,0.0
2026-02-02 00:00:00-05:00,89.48784333085311,90.37743893488233,87.18074957110163,87.41536712646484,1827800,0.0,0.0
2026-02-03 00:00:00-05:00,87.20029723302837,87.88460899673639,85.14737685861938,86.62352752685547,1753800,0.0,0.0
2026-02-04 00:00:00-05:00,86.77994464581984,89.58560746997398,85.9294531400554,88.0508041381836,2076600,0.0,0.0
2026-02-05 00:00:00-05:00,87.86505351348214,88.0116922818534,86.62352785243492,86.95590209960938,1510100,0.0,0.0
2026-02-06 00:00:00-05:00,88.79376237501427,94.27799722118081,87.57178504669476,93.6327896118164,2458500,0.0,0.0
2026-02-09 00:00:00-05:00,93.52525437940632,95.4804180915295,92.88982468129475,94.90364837646484,1745300,0.0,0.0
2026-02-10 00:00:00-05:00,95.11871458285006,97.98302962924762,94.24866735502162,97.08364868164062,1891400,0.0,0.0
2026-02-11 00:00:00-05:00,97.48446043202989,98.35450765648481,96.49710070398785,97.97325134277344,2802500,0.0,0.0
2026-02-12 00:00:00-05:00,101.28725999939357,108.42361076422395,101.07219079072381,103.6236801147461,5864300,0.0,0.0
2026-02-13 00:00:00-05:00,104.60126220178641,108.40405515619206,103.71165910211455,107.3678207397461,4050300,0.0,0.0
2026-02-17 00:00:00-05:00,108.49203420768968,109.12745642718059,105.5983854426682,106.35112762451172,2501200,0.0,0.0
2026-02-18 00:00:00-05:00,106.15560955064974,106.68350464484739,102.7829551502486,103.45748901367188,2159400,0.0,0.0
2026-02-19 00:00:00-05:00,103.81919003342249,106.0187492075065,102.89049025437453,105.72547912597656,1700000,0.0,0.0
2026-02-20 00:00:00-05:00,105.74502864213996,107.89571322208869,104.9629676244513,107.8175048828125,1521300,0.0,0.0
2026-02-23 00:00:00-05:00,107.37757767897389,108.9612628261051,106.91812051362483,108.69731903076172,1843300,0.0,0.0
2026-02-24 00:00:00-05:00,108.75597688692265,110.7991192996632,108.1009988610701,110.70136260986328,1616300,0.0,0.0
2026-02-25 00:00:00-05:00,111.08261848640444,112.65652579860567,108.55068517621125,109.27409362792969,2297800,0.0,0.0
2026-02-26 00:00:00-05:00,109.72377797494595,110.17346470315329,105.37354199462504,106.89856719970703,1609500,0.0,0.0
2026-02-27 00:00:00-05:00,105.83301305035654,108.2476414104791,105.30511795694713,105.90144348144531,3133200,0.0,0.0
2026-03-02 00:00:00-05:00,104.86520746400605,108.35517455974362,104.2004514715628,107.85661315917969,1767400,0.0,0.0
2026-03-03 00:00:00-05:00,105.18780450170003,105.82323418942815,102.33326731865151,105.36376953125,1419500,0.0,0.0
2026-03-04 00:00:00-05:00,105.32466762197205,105.70592395111578,103.95605152482031,105.42242431640625,1313200,0.0,0.0
2026-03-05 00:00:00-05:00,103.24240809435092,105.14868950283172,102.27460426068812,104.89452362060547,1592800,0.0,0.0
2026-03-06 00:00:00-05:00,103.69209919018873,104.21999424681883,102.53855239052082,102.82205200195312,878900,0.0,0.0
2026-03-09 00:00:00-04:00,101.88358376020624,105.24646778217175,100.22169010496054,104.73812103271484,1292200,0.0,0.0
2026-03-10 00:00:00-04:00,104.37640683499792,106.3511262728533,103.84851921962236,105.35398864746094,1187500,0.0,0.0
2026-03-11 00:00:00-04:00,104.88475422140199,106.31202278167493,103.96582492516649,105.17802429199219,1432500,0.0,0.0
2026-03-12 00:00:00-04:00,104.47417118862487,106.33157066927566,103.49658937423713,104.97273254394531,1526700,0.0,0.0
2026-03-13 00:00:00-04:00,106.49776729391483,107.1527453321434,104.21999983258657,104.44483947753906,1319300,0.0,0.0
2026-03-16 00:00:00-04:00,106.18336009766715,106.98166225343562,105.27665415002238,105.96653747558594,1368100,0.864,0.0
2026-03-17 00:00:00-04:00,106.68598794123162,107.6124090879161,105.60188240824819,106.40017700195312,1279600,0.0,0.0
2026-03-18 00:00:00-04:00,106.0650920326514,106.65642163451881,104.17282677984637,104.21224975585938,1163900,0.0,0.0
2026-03-19 00:00:00-04:00,102.92117932064455,104.17282685349606,102.07360413367532,103.42381286621094,1484500,0.0,0.0
2026-03-20 00:00:00-04:00,103.2267005179785,104.05456799681538,98.07226846061707,98.17082214355469,3054000,0.0,0.0
2026-03-23 00:00:00-04:00,101.03876980053494,102.28056720552327,99.57029968650592,100.46715545654297,1566700,0.0,0.0
2026-03-24 00:00:00-04:00,100.32918404431332,101.3837242514958,98.90998693589425,99.25492858886719,1337000,0.0,0.0
2026-03-25 00:00:00-04:00,100.6051383383574,100.75297262510622,98.58475396417329,99.07752990722656,1443800,0.0,0.0
2026-03-26 00:00:00-04:00,98.3679313671288,99.58016349573047,97.5992020988681,98.76215362548828,1126300,0.0,0.0
2026-03-27 00:00:00-04:00,97.8061667698409,98.82128400632989,96.41654252468693,96.87975311279297,1367700,0.0,0.0
2026-03-30 00:00:00-04:00,98.5847565593542,98.5847565593542,95.50983940602156,96.18986511230469,1308000,0.0,0.0
2026-03-31 00:00:00-04:00,97.61891679147338,101.74837405859476,97.07686024942011,100.66426849365234,2005000,0.0,0.0
2026-04-01 00:00:00-04:00,101.57097005866768,102.57623714456045,99.44218199770363,99.491455078125,1505500,0.0,0.0
2026-04-02 00:00:00-04:00,98.45663254056335,102.03418309355753,97.73717637270363,101.80751037597656,1113900,0.0,0.0
2026-04-06 00:00:00-04:00,101.511837039175,103.25626044491135,101.1274724325015,102.85218811035156,1090000,0.0,0.0
2026-04-07 00:00:00-04:00,102.14259483637612,103.58149965907978,100.98950095723991,103.21685028076172,831400,0.0,0.0
2026-04-08 00:00:00-04:00,106.6465664607528,106.82396609730486,104.71488570672142,105.42448425292969,1580500,0.0,0.0
2026-04-09 00:00:00-04:00,105.45404393700053,108.05590012045512,105.28650193347559,107.11962890625,1185600,0.0,0.0
2026-04-10 00:00:00-04:00,107.41529565970356,107.90807159219769,106.84368129257503,107.78981018066406,1062400,0.0,0.0
2026-04-13 00:00:00-04:00,107.72081657336754,110.30295752086622,106.74511486103317,110.26353454589844,1085500,0.0,0.0
2026-04-14 00:00:00-04:00,111.24909066971863,112.64858001818467,110.52964202640248,112.38247680664062,1107700,0.0,0.0
2026-04-15 00:00:00-04:00,112.26421546824054,112.4908881842718,111.160394683191,111.90941619873047,998100,0.0,0.0
2026-04-16 00:00:00-04:00,112.74714017638566,116.31483328365404,112.20508361740957,116.0290298461914,1830900,0.0,0.0
2026-04-17 00:00:00-04:00,116.83717341533314,117.428503014365,115.27014208277673,116.36410522460938,1938900,0.0,0.0
2026-04-20 00:00:00-04:00,116.29511407315357,118.99552393863894,115.81219578957155,118.78855895996094,1447600,0.0,0.0
2026-04-21 00:00:00-04:00,118.96596541621935,119.25177636103722,116.03887515701855,116.12757873535156,1526800,0.0,0.0
2026-04-22 00:00:00-04:00,117.66503534994568,118.20709187778307,115.51653200558901,115.53624725341797,1355500,0.0,0.0
2026-04-23 00:00:00-04:00,116.00930746406186,116.32468375557494,114.215603396238,114.4422836303711,1390400,0.0,0.0
2026-04-24 00:00:00-04:00,114.69852594630069,116.18671140160936,114.1564769197406,114.35358428955078,1642700,0.0,0.0
2026-04-27 00:00:00-04:00,114.39300353835831,115.299709440591,110.92386431630264,111.1209716796875,1712600,0.0,0.0
2026-04-28 00:00:00-04:00,110.99285888671875,111.68274221652302,108.41071017386037,110.99285888671875,1882400,0.0,0.0
2026-04-29 00:00:00-04:00,110.39167232391169,113.23991676238923,109.59337015814333,112.86540222167969,1848600,0.0,0.0
2026-04-30 00:00:00-04:00,115.18144951117337,124.60332296239403,114.76751201208064,124.169677734375,5039300,0.0,0.0
2026-05-01 00:00:00-04:00,125.01724916331186,126.09150457684179,122.83918050333806,125.35234069824219,2399900,0.0,0.0
2026-05-04 00:00:00-04:00,124.98768803436414,126.39702751127986,124.62303113503488,126.36746215820312,1494900,0.0,0.0
2026-05-05 00:00:00-04:00,127.92463761063765,129.9253067330262,126.54485594939597,129.79718017578125,2242100,0.0,0.0
2026-05-06 00:00:00-04:00,130.4082306497787,132.15264663198857,129.33396768240715,130.1519775390625,1677500,0.0,0.0
2026-05-07 00:00:00-04:00,130.09284553980328,130.77287872943927,123.48965108446372,124.97782897949219,2182400,0.0,0.0
2026-05-08 00:00:00-04:00,126.06193676364417,127.88519860559755,125.36218835536701,126.9784927368164,1141500,0.0,0.0
2026-05-11 00:00:00-04:00,128.10202137580004,129.64934495187413,127.24459610451129,128.0823211669922,1358900,0.0,0.0
2026-05-12 00:00:00-04:00,127.10662269605187,127.3431605527305,123.19398066700168,124.3864974975586,2047400,0.0,0.0
2026-05-13 00:00:00-04:00,124.27808290962068,125.33262305550278,121.50868470352621,124.29779815673828,1742000,0.0,0.0
2026-05-14 00:00:00-04:00,124.59346530999288,126.28861572550255,123.4108060764189,125.90425109863281,1051400,0.0,0.0
2026-05-15 00:00:00-04:00,125.04681641874322,125.04681641874322,121.7156538620493,123.26296997070312,1249400,0.0,0.0
2026-05-18 00:00:00-04:00,124.05141398918322,124.51461704229722,121.08490081716383,122.16900634765625,1032700,0.0,0.0
2026-05-19 00:00:00-04:00,121.34114447374004,122.95744887949755,120.28660431243284,121.73535919189453,964700,0.0,0.0
2026-05-20 00:00:00-04:00,122.65192790049734,124.25838226985601,122.43511280398131,123.99227905273438,1025600,0.0,0.0
2026-05-21 00:00:00-04:00,123.68675661638603,125.6184373313622,123.00672343682487,125.49031829833984,1342200,0.0,0.0
2026-05-22 00:00:00-04:00,126.15063957867595,126.41674279476909,124.35693547293322,124.63288879394531,949800,0.0,0.0
2026-05-26 00:00:00-04:00,126.03236955005423,127.59940092239482,125.12566364057479,126.54485321044922,1003700,0.0,0.0
2026-05-27 00:00:00-04:00,126.05208255766352,126.810954170353,125.00739248828292,125.17494201660156,1255000,0.0,0.0
2026-05-28 00:00:00-04:00,125.16508534539086,126.71240897317612,123.89372255257501,124.99754333496094,1026000,0.0,0.0
2026-05-29 00:00:00-04:00,124.9186907316509,126.59412578508062,123.19397508052357,126.39701843261719,2365400,0.0,0.0
2026-06-01 00:00:00-04:00,124.86941528992662,127.99361282237045,123.61776775985876,124.55403900146484,1508200,0.0,0.0
2026-06-02 00:00:00-04:00,124.79058449719949,127.60925601836362,124.70188091608316,126.60400390625,1465800,0.0,0.0
2026-06-03 00:00:00-04:00,126.160494844331,128.85106239175187,125.87469140670882,126.10136413574219,1205200,0.0,0.0
2026-06-04 00:00:00-04:00,127.38256651426231,128.3976836362228,123.78530104310232,128.3681182861328,1318600,0.0,0.0
2026-06-05 00:00:00-04:00,127.17560902127627,127.45157738520142,122.3858337628273,122.85890197753906,1706500,0.0,0.0
2026-06-08 00:00:00-04:00,124.72158859106278,125.20450688819288,121.55796056192911,121.71565246582031,1436400,0.0,0.0
2026-06-09 00:00:00-04:00,123.46007210003457,124.34707023408697,120.62168559023047,124.3175048828125,1368900,0.0,0.0
2026-06-10 00:00:00-04:00,123.47979795521107,124.63289186896033,121.48897891450957,121.57768249511719,846400,0.0,0.0
2026-06-11 00:00:00-04:00,122.36612450849819,123.97257135915274,120.94692740121401,123.36152648925781,1239400,0.0,0.0
2026-06-12 00:00:00-04:00,123.92328359981443,126.1013522172257,123.71631862015059,125.401611328125,928200,0.0,0.0
2026-06-15 00:00:00-04:00,127.79700035624009,127.82678298094633,124.72091097243454,125.30635833740234,1257000,0.864,0.0
2026-06-16 00:00:00-04:00,127.66801635909165,129.6922810008868,126.44749650657293,127.22148895263672,1669700,0.0,0.0
2026-06-17 00:00:00-04:00,127.2810214061435,128.50153366397288,124.45298931924434,124.47283935546875,1304200,0.0,0.0
2026-06-18 00:00:00-04:00,127.83670361056984,128.21377859996846,125.78266391717425,126.84441375732422,2110400,0.0,0.0
2026-06-22 00:00:00-04:00,127.90615344429203,131.96463036938763,126.96348113097093,130.8433380126953,1732800,0.0,0.0
2026-06-23 00:00:00-04:00,128.74961107632606,132.54016566054094,128.4023035641721,132.03408813476562,1969200,0.0,0.0
2026-06-24 00:00:00-04:00,133.06607700053866,133.64159179823972,128.66030757578056,129.5831298828125,2322500,0.0,0.0
2026-06-25 00:00:00-04:00,131.2600942859571,131.96462671010207,127.75731248314733,130.04949951171875,2267700,0.0,0.0
2026-06-26 00:00:00-04:00,129.46405681969117,131.59747392226012,128.49161701463166,131.4188690185547,2134000,0.0,0.0
2026-06-29 00:00:00-04:00,130.70441797381702,132.67908019169002,127.33063859911206,128.96791076660156,1210900,0.0,0.0
2026-06-30 00:00:00-04:00,127.45962790320173,128.1939278412782,123.55992849909032,125.33612823486328,1782700,0.0,0.0
2026-07-01 00:00:00-04:00,124.65145593352833,125.55443577663875,120.31514648531197,120.96013641357422,2204100,0.0,0.0
2026-07-02 00:00:00-04:00,120.87082513096571,121.8631149885599,114.78809102931882,116.25668334960938,2957700,0.0,0.0
2026-07-06 00:00:00-04:00,116.9909737007814,117.91380355520388,113.83549170539197,115.4826889038086,1911800,0.0,0.0
2026-07-07 00:00:00-04:00,115.77045643119318,116.39560388968091,113.76603424016308,114.85755157470703,2791400,0.0,0.0
2026-07-08 00:00:00-04:00,114.29194612288792,116.5642908056918,113.44850125788197,114.56978607177734,2340600,0.0,0.0
2026-07-09 00:00:00-04:00,115.10562017787063,118.60840206337143,114.39117028961324,118.55879211425781,1802600,0.0,0.0
2026-07-10 00:00:00-04:00,118.74732572631952,121.0097453957721,117.16958848283262,120.5731430053711,1834500,0.0,0.0
2026-07-13 00:00:00-04:00,119.8487688476658,123.00425092551333,119.78923387826687,121.426513671875,2813900,0.0,0.0
2026-07-14 00:00:00-04:00,121.83334911412415,122.74625397823765,119.88846187600679,121.71427917480469,2580300,0.0,0.0
2026-07-15 00:00:00-04:00,122.03180474467557,122.73632960465461,117.7451130479305,122.56763458251953,2946900,0.0,0.0
2026-07-16 00:00:00-04:00,122.13103461091572,123.51031687481533,120.36475991732172,120.72198486328125,2244300,0.0,0.0
2026-07-17 00:00:00-04:00,119.80907144733341,124.14538071148486,118.20156677470256,122.86532592773438,2105100,0.0,0.0
2026-07-20 00:00:00-04:00,122.70656611055603,124.93921826624529,121.7936536977071,123.27217102050781,1775600,0.0,0.0
2026-07-21 00:00:00-04:00,124.26446141859839,127.27109088639905,124.00646393748137,124.59191131591797,1537300,0.0,0.0
2026-07-22 00:00:00-04:00,124.55221797347055,125.26666787293311,123.02409827476204,123.55001068115234,1229800,0.0,0.0
2026-07-23 00:00:00-04:00,121.8631165951115,125.20713618469445,121.19828419869573,123.58970642089844,1660700,0.0,0.0
2026-07-24 00:00:00-04:00,126.0406544035175,131.84554855738654,124.36368969186606,127.32070922851562,1808100,0.0,0.0
2026-07-27 00:00:00-04:00,128.6404567879491,131.5081738764371,123.74846747748647,126.0108871459961,1455000,0.0,0.0
2026-07-28 00:00:00-04:00,125.3758172285835,125.55442969898594,121.87303537567436,124.73082733154297,1168900,0.0,0.0
2026-07-29 00:00:00-04:00,123.6492396981704,124.15530964504835,119.58085279819781,119.81900024414062,1802600,0.0,0.0
2026-07-30 00:00:00-04:00,122.09134620994529,125.70328072212614,121.555508773008,123.67900848388672,2745900,0.0,0.0
2026-07-31 00:00:00-04:00,125.29643390261478,125.29643390261478,121.18835459895992,121.37689208984375,2939400,0.0,0.0
2026-08-03 00:00:00-04:00,121.22804436082134,124.6216736966055,118.89616481970312,123.12332153320312,1889800,0.0,0.0
2026-08-04 00:00:00-04:00,122.10126531581741,125.39566721368371,120.95020549134134,124.54229736328125,2511100,0.0,0.0
2026-08-05 00:00:00-04:00,127.90615282687331,128.4022977410833,119.49153932139178,126.1498031616211,2711900,0.0,0.0
2026-08-06 00:00:00-04:00,126.27880778545482,126.60625768064772,120.46398868852381,121.01966857910156,2882900,0.0,0.0
2026-08-07 00:00:00-04:00,121.75396425372918,122.30965172998062,119.60069704864625,120.2159194946289,1491800,0.0,0.0
2026-08-10 00:00:00-04:00,119.55108206570127,121.873036634343,119.37246959345416,120.62274932861328,2068800,0.0,0.0
2026-08-11 00:00:00-04:00,120.9799726723724,122.29971994592661,120.90058767007504,121.44635009765625,1503100,0.0,0.0
2026-08-12 00:00:00-04:00,121.44635656829801,124.0660012191211,121.44635656829801,123.40116882324219,1096300,0.0,0.0
2026-08-13 00:00:00-04:00,123.70877564341464,125.94142783949863,123.05386826926019,125.64374542236328,1181100,0.0,0.0
2026-08-14 00:00:00-04:00,125.40558837439218,128.84884293182236,123.80800111207083,128.43206787109375,874600,0.0,0.0
2026-08-17 00:00:00-04:00,128.2038376761148,129.04729005299433,125.15750832752637,128.8984375,1209800,0.0,0.0
2026-08-18 00:00:00-04:00,128.4519162791935,128.99767871737993,125.65365924368548,125.69335174560547,1213700,0.0,0.0
2026-08-19 00:00:00-04:00,126.57649237314291,128.07485975508183,119.27323838323463,121.13874816894531,1481500,0.0,0.0
2026-08-20 00:00:00-04:00,121.13874894303711,122.9744836853391,120.36476405702867,121.99211883544922,1380000,0.0,0.0
2026-08-21 00:00:00-04:00,122.32948804005952,124.04615276310305,120.64259837095405,121.0792007446289,827400,0.0,0.0
2026-08-24 00:00:00-04:00,120.75175252280536,120.75175252280536,116.94135561721345,120.25560760498047,1555200,0.0,0.0
2026-08-25 00:00:00-04:00,121.67458182294713,122.90501909383288,119.67015212447282,119.96784210205078,986600,0.0,0.0
2026-08-26 00:00:00-04:00,119.83884420753448,121.73412149213881,119.72969928681556,120.49375915527344,1338600,0.0,0.0
2026-08-27 00:00:00-04:00,121.6944239232335,124.43314596878996,121.11889400594798,121.7440414428711,1257300,0.0,0.0
2026-08-28 00:00:00-04:00,121.94249630409219,122.08141627430595,115.29415748761993,116.49482727050781,1144400,0.0,0.0
2026-08-31 00:00:00-04:00,115.45292217110503,115.92922462866157,112.48597764867485,114.46063232421875,2557300,0.0,0.0
2026-09-01 00:00:00-04:00,114.70870510647957,115.53230749863361,111.831063028354,113.33934783935547,2248500,0.0,0.0
2026-09-02 00:00:00-04:00,113.14088379620073,114.86747356205649,109.91594182844447,110.97769165039062,2664700,0.0,0.0
2026-09-03 00:00:00-04:00,112.3966682902761,114.48048303751392,110.98761851630388,114.09349060058594,1691000,0.0,0.0
2026-09-04 00:00:00-04:00,113.68664734868032,116.2269069317523,113.68664734868032,115.95899200439453,1342600,0.0,0.0
2026-09-08 00:00:00-04:00,116.14752753358282,118.49924958357091,115.15523770440423,115.18500518798828,1769100,0.0,0.0
2026-09-09 00:00:00-04:00,114.89723941729729,116.01852419094169,113.91487461311075,114.33163452148438,1408200,0.0,0.0
2026-09-10 00:00:00-04:00,113.89502795238987,114.54994288830277,111.67230080462357,112.02952575683594,1235600,0.0,0.0
2026-09-11 00:00:00-04:00,113.37904155660216,115.0857813275939,112.66459164590135,114.29194641113281,1350800,0.0,0.0
2026-09-14 00:00:00-04:00,112.38675151831353,113.31949883752156,109.6480293884883,111.19599914550781,1428400,0.0,0.0
2026-09-15 00:00:00-04:00,111.11000061035156,113.2300033569336,109.12999725341797,112.04000091552734,1762700,0.864,0.0
2026-09-16 00:00:00-04:00,112.8499984741211,115.30000305175781,111.98999786376953,112.1500015258789,1811100,0.0,0.0
2026-09-17 00:00:00-04:00,113.79000091552734,114.87000274658203,113.44999694824219,114.0,1812800,0.0,0.0
2026-09-18 00:00:00-04:00,114.4000015258789,114.7300033569336,112.61000061035156,114.33999633789062,2885500,0.0,0.0
2026-09-21 00:00:00-04:00,115.4800033569336,117.13999938964844,114.38999938964844,116.88999938964844,1218400,0.0,0.0
2026-09-22 00:00:00-04:00,116.44999694824219,118.47000122070312,116.44999694824219,118.12999725341797,1594000,0.0,0.0
2026-09-23 00:00:00-04:00,115.75,117.31999969482422,114.79000091552734,115.08999633789062,1826800,0.0,0.0
2026-09-24 00:00:00-04:00,114.55999755859375,115.05999755859375,113.18000030517578,114.08999633789062,1036500,0.0,0.0
2026-09-25 00:00:00-04:00,113.81999969482422,114.5,110.72000122070312,111.37999725341797,1300100,0.0,0.0
2026-09-28 00:00:00-04:00,110.9000015258789,112.2699966430664,109.6500015258789,111.05000305175781,1320900,0.0,0.0
2026-09-29 00:00:00-04:00,110.58000183105469,112.33999633789062,110.56999969482422,111.5,1510200,0.0,0.0
2026-09-30 00:00:00-04:00,112.0,112.45999908447266,109.30999755859375,110.94999694824219,1846700,0.0,0.0
2026-10-01 00:00:00-04:00,110.72000122070312,111.58000183105469,108.95999908447266,111.12999725341797,1707700,0.0,0.0
2026-10-02 00:00:00-04:00,112.7699966430664,114.73999786376953,112.1500015258789,113.38999938964844,1929100,0.0,0.0
