Date,Open,High,Low,Close,Volume,Dividends,Stock Splits
2015-07-06 00:00:00-04:00,42.52524481562453,44.49578135613762,42.52524481562453,43.699180603027344,3809700,0.0,0.0
2015-07-07 00:00:00-04:00,44.16037218859615,44.74733779419705,43.6991803574488,44.69942092895508,5794300,0.0,0.0
2015-07-08 00:00:00-04:00,44.501773091919894,45.22050781208498,44.34604556036269,45.160614013671875,4276600,0.0,0.0
2015-07-09 00:00:00-04:00,45.80148334223758,46.15845619939363,44.621556878867864,44.80124282836914,4267100,0.0,0.0
2015-07-10 00:00:00-04:00,44.950986282271366,46.598090975804766,44.921037096365446,46.304603576660156,4983000,0.0,0.0
2015-07-13 00:00:00-04:00,47.61630899424587,47.73609662299312,46.66398500777141,47.21501541137695,9078900,0.0,0.0
2015-07-14 00:00:00-04:00,47.58635183606739,47.616301023043114,46.50824964900638,46.71788024902344,18746100,0.0,0.0
2015-07-15 00:00:00-04:00,46.50826730729821,46.81971794991759,45.75958304468751,45.945255279541016,6330500,0.0,0.0
2015-07-16 00:00:00-04:00,46.10097355596012,47.22100206161184,46.08899205120369,47.16709899902344,5634100,0.0,0.0
2015-07-17 00:00:00-04:00,47.57437666299743,47.730104215744355,46.274662325205945,47.69416427612305,6100900,0.0,0.0
2015-07-20 00:00:00-04:00,47.88582900045456,48.63451303466807,47.39469245679467,47.98166275024414,10284500,0.0,0.0
2015-07-21 00:00:00-04:00,47.89781338556498,48.32306539422932,47.55641362820882,48.047550201416016,6088600,0.0,0.0
2015-07-22 00:00:00-04:00,48.412911413385295,48.45483754165103,47.0652799867797,47.10121536254883,5201200,0.0,0.0
2015-07-23 00:00:00-04:00,47.30024854698373,47.390724313652505,46.22661444037888,46.286930084228516,2975400,0.55,0.0
2015-07-24 00:00:00-04:00,46.39550948086815,46.703125309131345,45.81043795326956,46.08789825439453,3116000,0.0,0.0
2015-07-27 00:00:00-04:00,46.220572783641494,47.03484992839398,46.0154987128481,46.67294692993164,5774300,0.0,0.0
2015-07-28 00:00:00-04:00,47.312310727236316,47.43897494992585,46.74533359556942,47.23992919921875,1895900,0.0,0.0
2015-07-29 00:00:00-04:00,47.20374852160923,47.22787570159448,46.44375845833553,46.99264144897461,2278600,0.0,0.0
2015-07-30 00:00:00-04:00,47.17358303155504,48.06627018233584,46.80565163175233,47.77674865722656,3247000,0.0,0.0
2015-07-31 00:00:00-04:00,48.21705942947286,48.21705942947286,47.568653649840094,47.933570861816406,2685500,0.0,0.0
2015-08-03 00:00:00-04:00,48.253263614130546,48.874523646876106,48.19898090142376,48.476436614990234,2681800,0.0,0.0
2015-08-04 00:00:00-04:00,48.5970523176549,48.85641371031204,48.05420235607154,48.13864517211914,2429600,0.0,0.0
2015-08-05 00:00:00-04:00,48.259285604777546,48.8564183179404,48.162776890599545,48.54277420043945,4324300,0.0,0.0
2015-08-06 00:00:00-04:00,48.88656642086927,48.971009224117026,47.95769098335633,48.108482360839844,3708600,0.0,0.0
2015-08-07 00:00:00-04:00,47.73453181606816,47.879290291583054,46.618676222137466,47.324378967285156,3274100,0.0,0.0
2015-08-10 00:00:00-04:00,47.90943714664497,48.132610044332885,47.390714434452946,47.53547286987305,3252300,0.0,0.0
2015-08-11 00:00:00-04:00,46.82373755388387,48.542762963383126,46.48596633602833,47.02881622314453,3889100,0.0,0.0
2015-08-12 00:00:00-04:00,46.944383371205994,47.233900304522365,45.89487183301526,46.25677490234375,3688800,0.0,0.0
2015-08-13 00:00:00-04:00,46.44977652355947,46.485964981049825,45.719946819516075,45.83454513549805,2917500,0.0,0.0
2015-08-14 00:00:00-04:00,45.88280699241148,46.28692683984561,45.30798840871916,46.09391403198242,2572800,0.0,0.0
2015-08-17 00:00:00-04:00,45.75615154408643,46.087894528313434,45.545044464027974,45.71996307373047,2260300,0.0,0.0
2015-08-18 00:00:00-04:00,45.671697276545025,45.81223588386272,45.27360579514884,45.352020263671875,2009700,0.0,0.0
2015-08-19 00:00:00-04:00,45.23742588427724,45.41234448324445,44.58600584711431,45.10472869873047,3025700,0.0,0.0
2015-08-20 00:00:00-04:00,44.646326920179874,45.09508422745928,44.50156842825953,44.785057067871094,2207000,0.0,0.0
2015-08-21 00:00:00-04:00,44.21807116249734,44.785048331113416,43.58475000777697,43.59077835083008,5564500,0.0,0.0
2015-08-24 00:00:00-04:00,41.16000610943917,43.57266773886118,37.046418215346115,42.746334075927734,9844600,0.0,0.0
2015-08-25 00:00:00-04:00,43.15047426362015,43.66919712815422,42.221598543449566,42.348262786865234,4423400,0.0,0.0
2015-08-26 00:00:00-04:00,43.259037188501196,44.700602591702165,41.93810306352584,44.57997131347656,5356300,0.0,0.0
2015-08-27 00:00:00-04:00,44.13363624136528,45.38822208925863,44.10348071533644,45.34600067138672,5937800,0.0,0.0
2015-08-28 00:00:00-04:00,44.875538359038885,45.35203991362678,44.52570107565182,45.05045700073242,2150100,0.0,0.0
2015-08-31 00:00:00-04:00,44.760911615566634,44.893608763076365,43.77172055458741,43.82600784301758,2688400,0.0,0.0
2015-09-01 00:00:00-04:00,42.9634939257369,43.75363950342757,42.00445809012081,42.29397964477539,4671400,0.0,0.0
2015-09-02 00:00:00-04:00,42.72825793878109,43.47015380859375,42.408580839406035,43.47015380859375,2986500,0.0,0.0
2015-09-03 00:00:00-04:00,43.76570337306542,44.56791488880547,43.30126779130445,43.52444076538086,2595300,0.0,0.0
2015-09-04 00:00:00-04:00,42.909214938301275,43.240957971293646,42.2994133531445,42.56541061401367,2997000,0.0,0.0
2015-09-08 00:00:00-04:00,43.337458266192286,44.83331135267269,42.71016533326757,44.67648696899414,4450700,0.0,0.0
2015-09-09 00:00:00-04:00,44.90567325764662,44.93583337579521,43.415858217937554,43.53045654296875,2936400,0.0,0.0
2015-09-10 00:00:00-04:00,43.506341928194175,44.061257890520764,43.29523484557555,43.52444076538086,3619700,0.0,0.0
2015-09-11 00:00:00-04:00,43.57872422222018,44.59204283803334,43.18666557529562,44.489505767822266,2146700,0.0,0.0
2015-09-14 00:00:00-04:00,44.33267385040738,45.062503711240275,43.762682513545116,44.965999603271484,2927400,0.0,0.0
2015-09-15 00:00:00-04:00,45.20122597471841,45.55105848231361,44.486471697450376,45.47264862060547,3393300,0.0,0.0
2015-09-16 00:00:00-04:00,45.35806286457949,46.26884444171081,44.81521736735729,46.06377029418945,2302800,0.0,0.0
2015-09-17 00:00:00-04:00,46.19042082494156,46.902156387312964,45.84058368711077,46.099945068359375,3142600,0.0,0.0
2015-09-18 00:00:00-04:00,45.569171472571114,46.14217705939035,45.2434614352313,45.50282287597656,7231700,0.0,0.0
2015-09-21 00:00:00-04:00,45.65361727613358,45.95520015236268,45.21330425205172,45.358062744140625,3256300,0.0,0.0
2015-09-22 00:00:00-04:00,44.724723937700524,45.15900384556426,44.4291741233218,44.82122802734375,2628700,0.0,0.0
2015-09-23 00:00:00-04:00,44.736786076356054,44.994941768890264,44.18488906640364,44.21806335449219,3713200,0.0,0.0
2015-09-24 00:00:00-04:00,44.03109203297422,44.115534855031356,43.24697485468524,43.98283767700195,4416100,0.0,0.0
2015-09-25 00:00:00-04:00,44.5136339204118,44.543789446655,43.89840228214562,44.24220657348633,3517000,0.0,0.0
2015-09-28 00:00:00-04:00,43.9164877958593,44.19394343185342,42.21556091308594,42.21556091308594,5006600,0.0,0.0
2015-09-29 00:00:00-04:00,42.318087027883365,42.81268247596128,41.407305977742105,41.739044189453125,3870900,0.0,0.0
2015-09-30 00:00:00-04:00,42.02254728785265,42.70412737786992,41.895883060931645,42.57143020629883,3132800,0.0,0.0
2015-10-01 00:00:00-04:00,42.98762262958473,43.40984143188288,42.08287396981823,42.722232818603516,2519700,0.0,0.0
2015-10-02 00:00:00-04:00,42.33618558157281,43.10220369951942,41.84159008293479,43.07204818725586,2593100,0.0,0.0
2015-10-05 00:00:00-04:00,43.427915368213874,44.18187223224537,43.03585687856,43.57267379760742,6323500,0.0,0.0
2015-10-06 00:00:00-04:00,43.60284053348378,44.06124766491938,43.3615733800025,43.71141052246094,2760200,0.0,0.0
2015-10-07 00:00:00-04:00,43.87426665520377,44.47743228544441,43.717446904628964,44.12156677246094,2325200,0.0,0.0
2015-10-08 00:00:00-04:00,44.12759368702034,44.91773908208615,43.874260659579114,44.893611907958984,2239700,0.0,0.0
2015-10-09 00:00:00-04:00,44.8815612826693,45.37012401987758,44.62822819505295,44.8694953918457,2938100,0.0,0.0
2015-10-12 00:00:00-04:00,44.88155977839357,44.88155977839357,44.21807385900402,44.46537399291992,2081100,0.0,0.0
2015-10-13 00:00:00-04:00,44.399022172221514,44.59203498879262,44.139660768536416,44.260292053222656,2147500,0.0,0.0
2015-10-14 00:00:00-04:00,44.10347139208472,44.81520700131791,44.03108986169563,44.49552536010742,1956800,0.0,0.0
2015-10-15 00:00:00-04:00,44.72472641886477,45.370113372802734,44.58720198612514,45.370113372802734,2135700,0.0,0.0
2015-10-16 00:00:00-04:00,45.6475766983521,47.0469208260291,45.15901399311572,46.67898941040039,3435200,0.0,0.0
2015-10-19 00:00:00-04:00,46.377410450894196,46.56439034591047,46.01551195011244,46.32312774658203,1951900,0.0,0.0
2015-10-20 00:00:00-04:00,45.961228082747105,46.540271249467814,45.906945374373606,46.365352630615234,1922100,0.0,0.0
2015-10-21 00:00:00-04:00,46.44374735248633,46.8900885710096,46.22057444233072,46.473907470703125,2370100,0.0,0.0
2015-10-22 00:00:00-04:00,46.5764452171246,48.21705627441406,46.5764452171246,48.21705627441406,3951700,0.0,0.0
2015-10-23 00:00:00-04:00,47.74055752712637,48.18689877670536,46.70311197260092,47.034854888916016,3179000,0.0,0.0
2015-10-26 00:00:00-04:00,47.15549749923183,47.15549749923183,46.130117587123685,46.329158782958984,2563800,0.0,0.0
2015-10-27 00:00:00-04:00,45.96725665616438,46.73327965902428,45.96725665616438,46.546295166015625,2435200,0.0,0.0
2015-10-28 00:00:00-04:00,46.53423375236533,47.77072065176653,46.045666415839335,47.75865936279297,2382000,0.0,0.0
2015-10-29 00:00:00-04:00,47.55357462486626,47.648274828762425,46.95583912340936,47.4389762878418,1788500,0.0,0.0
2015-10-30 00:00:00-04:00,47.270083350950365,47.64404302735109,46.96246764795323,47.02881622314453,2053000,0.0,0.0
2015-11-02 00:00:00-05:00,47.30627890895762,47.60786171352785,46.878031878682506,47.20977020263672,1536500,0.0,0.0
2015-11-03 00:00:00-05:00,46.94437779347957,47.046914836771585,45.768202161487395,46.099945068359375,4489800,0.0,0.0
2015-11-04 00:00:00-05:00,46.03359264997285,46.24349399481791,45.3821727790243,45.73200988769531,2630400,0.0,0.0
2015-11-05 00:00:00-05:00,45.961213946123024,46.14156262105759,45.086625722653,45.490745544433594,3347200,0.0,0.0
2015-11-06 00:00:00-05:00,44.48346300178154,44.93583720179965,43.17459475415831,43.433956146240234,8819900,0.0,0.0
2015-11-09 00:00:00-05:00,43.42792005071127,43.83807281303951,42.734278740654815,42.969512939453125,4231000,0.0,0.0
2015-11-10 00:00:00-05:00,43.27714665361936,43.560635319204714,42.91585092424404,43.476192474365234,3470400,0.0,0.0
2015-11-11 00:00:00-05:00,43.85014349972511,43.94665221827392,43.0419036899292,43.49427795410156,3537300,0.0,0.0
2015-11-12 00:00:00-05:00,43.278416468551015,43.398801996731365,42.712963527405826,43.10817337036133,3931500,0.575,0.0
2015-11-13 00:00:00-05:00,42.93793829434341,43.60067114165519,42.91361718451857,43.029136657714844,3008000,0.0,0.0
2015-11-16 00:00:00-05:00,43.18113636300356,43.84387379150709,43.1324987863574,43.56722640991211,2398400,0.0,0.0
2015-11-17 00:00:00-05:00,43.83779489682463,43.856034568971694,42.95009528837545,43.44258499145508,4247400,0.0,0.0
2015-11-18 00:00:00-05:00,43.67972593422428,44.40630715738805,43.27235764514033,44.13269805908203,3780200,0.0,0.0
2015-11-19 00:00:00-05:00,44.53701681712547,44.82886552128967,43.98372195838129,44.59173583984375,2828700,0.0,0.0
2015-11-20 00:00:00-05:00,45.09638902760973,45.94760939984802,44.62822037420649,44.78022384643555,4003200,0.0,0.0
2015-11-23 00:00:00-05:00,45.01127382453348,45.321362250624155,44.92919063905508,45.03559494018555,2706000,0.0,0.0
2015-11-24 00:00:00-05:00,44.8288643730608,45.30311444624982,44.798461824255284,45.27879333496094,2863900,0.0,0.0
2015-11-25 00:00:00-05:00,45.26663224857776,45.55239951904174,44.901824842385,45.38215637207031,2384100,0.0,0.0
2015-11-27 00:00:00-05:00,45.33959337867989,45.601039524169565,45.12678945532262,45.363914489746094,777300,0.0,0.0
2015-11-30 00:00:00-05:00,45.30920208959845,45.51592926564459,44.68902983901761,44.8045539855957,4200100,0.0,0.0
2015-12-01 00:00:00-05:00,45.13287130600532,45.601039941677705,44.87142515812192,45.27879333496094,3749300,0.0,0.0
2015-12-02 00:00:00-05:00,45.12070736842194,45.36999527417923,44.3363689432422,44.409332275390625,2568600,0.0,0.0
2015-12-03 00:00:00-05:00,44.56742516253256,44.798468797574635,43.22371022763109,43.44867706298828,3019000,0.0,0.0
2015-12-04 00:00:00-05:00,43.41219536638981,44.220855003553474,43.21154965693811,43.9107666015625,4495900,0.0,0.0
2015-12-07 00:00:00-05:00,43.728353025605244,43.90163919172879,43.077778420713685,43.43042755126953,3323600,0.0,0.0
2015-12-08 00:00:00-05:00,43.168979625793824,43.56722792098236,42.91847638257559,43.49122619628906,4519800,0.0,0.0
2015-12-09 00:00:00-05:00,43.26625823529883,43.880348748229274,42.86496695632898,43.10817337036133,3940800,0.0,0.0
2015-12-10 00:00:00-05:00,43.06563569339946,43.372681114543724,42.87107138557733,43.071712493896484,2733700,0.0,0.0
2015-12-11 00:00:00-05:00,42.615695613355896,42.98050769510164,42.19008770302361,42.372493743896484,3756000,0.0,0.0
2015-12-14 00:00:00-05:00,42.60354516540905,43.21764066727093,42.42113909118342,43.1537971496582,3881600,0.0,0.0
2015-12-15 00:00:00-05:00,43.61283410962807,44.23300617577272,43.564191889873904,43.783077239990234,4168700,0.0,0.0
2015-12-16 00:00:00-05:00,44.14789531817773,44.50662133862057,43.71012451176859,44.3911018371582,2176900,0.0,0.0
2015-12-17 00:00:00-05:00,44.35462441447172,44.56743304934011,43.71621242620419,43.728370666503906,2402700,0.0,0.0
2015-12-18 00:00:00-05:00,43.42435225905417,43.74052208938854,42.94402071438394,42.96834182739258,6568300,0.0,0.0
2015-12-21 00:00:00-05:00,43.228883463755004,43.927709795575545,43.13693693822953,43.756065368652344,5466900,0.575,0.0
2015-12-22 00:00:00-05:00,43.91543464309,44.86558900233049,43.7162109920385,44.706207275390625,5053300,0.0,0.0
2015-12-23 00:00:00-05:00,44.93301614192854,45.84025583015258,44.74298247840845,45.674747467041016,4193400,0.0,0.0
2015-12-24 00:00:00-05:00,45.85864344927553,45.85864344927553,45.28855183325363,45.33759307861328,1962500,0.0,0.0
2015-12-28 00:00:00-05:00,45.18434756405032,45.229708148639745,44.681686437017994,45.00657653808594,5421800,0.0,0.0
2015-12-29 00:00:00-05:00,45.147572930943724,45.88930437399616,44.99432251683789,45.78509521484375,4350900,0.0,0.0
2015-12-30 00:00:00-05:00,45.76054916555315,45.95057807688965,45.18432643204391,45.20884704589844,1779900,0.0,0.0
2015-12-31 00:00:00-05:00,44.97592487602157,45.05561339292146,44.52230036706051,44.601993560791016,1857100,0.0,0.0
2016-01-04 00:00:00-05:00,43.75604287389611,44.657155775447606,43.73765357824485,44.56520462036133,5209400,0.0,0.0
2016-01-05 00:00:00-05:00,44.58972257480696,45.104646206412376,44.30774247907318,44.98817443847656,3858200,0.0,0.0
2016-01-06 00:00:00-05:00,44.258696925789124,45.16594100878585,44.15448781560477,45.07398986816406,3294700,0.0,0.0
2016-01-07 00:00:00-05:00,44.14224056912383,44.74297943703698,44.04415808147981,44.07481002807617,4050300,0.0,0.0
2016-01-08 00:00:00-05:00,44.252582415810984,44.42422209773534,43.58440830908481,43.63344955444336,3092100,0.0,0.0
2016-01-11 00:00:00-05:00,43.73765640704766,44.46099836937032,43.382114412028145,44.30161666870117,3329000,0.0,0.0
2016-01-12 00:00:00-05:00,44.65715502589132,44.96365575314772,44.21702323662477,44.890098571777344,2924600,0.0,0.0
2016-01-13 00:00:00-05:00,44.86559763827383,45.01884806914447,43.30244137266054,43.40665054321289,3448500,0.0,0.0
2016-01-14 00:00:00-05:00,43.4985886564848,43.84677401710934,43.096460731830604,43.36372756958008,4610600,0.0,0.0
2016-01-15 00:00:00-05:00,42.2357991861618,43.002050968650835,41.79443741115536,42.41969680786133,6551200,0.0,0.0
2016-01-19 00:00:00-05:00,42.91622352126025,43.228850825675934,42.63424347660335,43.01430130004883,5107100,0.0,0.0
2016-01-20 00:00:00-05:00,42.46874677673658,43.878652217150844,42.13772537741765,43.6273193359375,4607000,0.0,0.0
2016-01-21 00:00:00-05:00,44.136105050648524,44.95139811360664,43.72293985979398,44.77975845336914,6208200,0.0,0.0
2016-01-22 00:00:00-05:00,45.11691306015777,45.6686153894909,44.44874361678756,45.6011848449707,3111700,0.0,0.0
2016-01-25 00:00:00-05:00,45.17820537611083,45.772817535929235,44.95752447809926,45.380496978759766,4123100,0.0,0.0
2016-01-26 00:00:00-05:00,44.97592099252292,46.588113227118264,44.97592099252292,46.57585525512695,3851300,0.0,0.0
2016-01-27 00:00:00-05:00,46.5084258215484,47.293066998871716,46.06706399009645,46.569725036621094,5348200,0.0,0.0
2016-01-28 00:00:00-05:00,46.753621234246246,47.194983052032676,46.26935417638465,46.686195373535156,3542400,0.0,0.0
2016-01-29 00:00:00-05:00,47.139819387828524,47.94898123400953,46.83331861765647,47.85089874267578,4508200,0.0,0.0
2016-02-01 00:00:00-05:00,47.42792577807073,47.49535631442969,46.38582046505138,47.207244873046875,3564200,0.0,0.0
2016-02-02 00:00:00-05:00,46.569725036621094,47.07851740770211,46.41647466052419,46.569725036621094,5631600,0.0,0.0
2016-02-03 00:00:00-05:00,46.814920870552086,46.814920870552086,45.257896677871095,45.907676696777344,6239700,0.0,0.0
2016-02-04 00:00:00-05:00,45.999642112414016,46.097719939632775,44.70007699473916,45.454071044921875,7077100,0.0,0.0
2016-02-05 00:00:00-05:00,45.5337446827712,45.70538433190303,44.22192201945827,44.61424255371094,9351600,0.0,0.0
2016-02-08 00:00:00-05:00,44.19127491381591,44.25870545147261,43.02044450663449,43.65796661376953,4704600,0.0,0.0
2016-02-09 00:00:00-05:00,43.27789798641536,44.11158026613711,42.91622940461009,43.835731506347656,4616900,0.0,0.0
2016-02-10 00:00:00-05:00,44.17901636694589,44.93301024328096,43.96017345478698,44.20353698730469,2520100,0.0,0.0
2016-02-11 00:00:00-05:00,43.46180245705846,44.11158247828668,43.01676468959694,43.792823791503906,3041500,0.0,0.0
2016-02-12 00:00:00-05:00,44.25871015122918,44.41196053911686,43.53536813332611,44.08707046508789,2985800,0.0,0.0
2016-02-16 00:00:00-05:00,44.68780701853958,44.78588481941802,44.08706353465059,44.326133728027344,3852100,0.0,0.0
2016-02-17 00:00:00-05:00,44.74911099155926,45.601182730813754,44.4426102313431,45.50923156738281,3628100,0.0,0.0
2016-02-18 00:00:00-05:00,45.411157360604484,45.539887128893625,44.95753283215991,45.02496337890625,2755200,0.0,0.0
2016-02-19 00:00:00-05:00,44.68781691523339,45.17392672787675,44.644906990940505,45.067874908447266,4333500,0.0,0.0
2016-02-22 00:00:00-05:00,45.601169235519585,45.601169235519585,44.264826129383756,44.95138931274414,2916700,0.0,0.0
2016-02-23 00:00:00-05:00,44.81041456594592,45.04948480801711,44.47939315150174,44.63877487182617,2805600,0.0,0.0
2016-02-24 00:00:00-05:00,44.33840237383151,44.95140391194006,44.02883360391511,44.74298095703125,3526500,0.0,0.0
2016-02-25 00:00:00-05:00,45.000449990395865,45.962862321514436,44.9514087396409,45.950599670410156,4962300,0.0,0.0
2016-02-26 00:00:00-05:00,48.30453106924226,48.36583029783349,46.98657660878975,47.71604537963867,10319700,0.0,0.0
2016-02-29 00:00:00-05:00,47.37276827925628,47.81413022966935,47.15821863025869,47.21338653564453,4885500,0.0,0.0
2016-03-01 00:00:00-05:00,47.6057014465332,47.765078478293624,47.15207694337662,47.6057014465332,5445500,0.0,0.0
2016-03-02 00:00:00-05:00,47.57504959993862,47.69152138840561,46.66167862048803,47.501487731933594,5075800,0.0,0.0
2016-03-03 00:00:00-05:00,47.385015194314875,47.53826556082064,46.870091530903885,47.42792510986328,3239900,0.0,0.0
2016-03-04 00:00:00-05:00,47.75894655256914,47.76507319992328,46.747493196362555,47.32371139526367,3677800,0.0,0.0
2016-03-07 00:00:00-05:00,47.20725493093198,47.44019385727329,46.67394185069267,46.894622802734375,2574800,0.0,0.0
2016-03-08 00:00:00-05:00,46.59423712850409,47.293058341433785,46.55132721812523,46.76587677001953,2783700,0.0,0.0
2016-03-09 00:00:00-05:00,46.9988286376165,47.201120275522406,46.46552027183099,46.974308013916016,2631300,0.0,0.0
2016-03-10 00:00:00-05:00,47.188866855567724,47.29062534917005,46.3122743502196,46.722984313964844,2107200,0.0,0.0
2016-03-11 00:00:00-05:00,47.36049720728751,47.41566509741803,46.83944686756803,47.17046356201172,2342700,0.0,0.0
2016-03-14 00:00:00-04:00,47.12754557663927,47.67311644418991,46.64940523670316,47.55051803588867,2278300,0.0,0.0
2016-03-15 00:00:00-04:00,47.483099943156084,47.703780877353864,47.09077932165575,47.67926025390625,2924700,0.0,0.0
2016-03-16 00:00:00-04:00,48.157875698363924,48.238157710440476,47.52177774423542,48.188751220703125,3400000,0.575,0.0
2016-03-17 00:00:00-04:00,47.910830078525954,48.23196271863097,47.39207155323578,48.17638397216797,4506000,0.0,0.0
2016-03-18 00:00:00-04:00,48.40488349873017,48.41106048592001,47.41060058589741,47.74408721923828,9081000,0.0,0.0
2016-03-21 00:00:00-04:00,47.53413987541881,47.86144968065917,47.040084316630676,47.299461364746094,3203400,0.0,0.0
2016-03-22 00:00:00-04:00,47.54648429567326,47.56810140331001,46.95362051258151,47.206825256347656,2615600,0.0,0.0
2016-03-23 00:00:00-04:00,47.287114646291165,47.58972121874586,47.06479010401251,47.43532943725586,2295800,0.0,0.0
2016-03-24 00:00:00-04:00,47.41059854761832,47.71938193058529,46.84799801315551,47.219154357910156,3356700,0.0,0.0
2016-03-28 00:00:00-04:00,47.317981047776286,48.12699223843351,46.97214035445853,48.02200698852539,3581800,0.0,0.0
2016-03-29 00:00:00-04:00,47.91085873473951,48.67046366069438,47.57119493099498,48.66429138183594,3907400,0.0,0.0
2016-03-30 00:00:00-04:00,48.738381522685195,48.81866823993477,48.33696207142272,48.72603225708008,3339900,0.0,0.0
2016-03-31 00:00:00-04:00,48.75691061794757,48.75691061794757,48.34314187697002,48.51605987548828,3400300,0.0,0.0
2016-04-01 00:00:00-04:00,48.49752127277848,48.88659138205,48.241230478917984,48.83718490600586,3418200,0.0,0.0
2016-04-04 00:00:00-04:00,48.76926583222521,48.8433708553761,48.404898858971904,48.69515609741211,3495200,0.0,0.0
2016-04-05 00:00:00-04:00,48.46046411463099,48.69513778579771,48.102274265223535,48.17638397216797,2679600,0.0,0.0
2016-04-06 00:00:00-04:00,48.42957721176926,48.42957721176926,47.86141700521537,48.39252471923828,2421900,0.0,0.0
2016-04-07 00:00:00-04:00,48.18257533322884,48.34932106198938,47.56809918284641,47.86144256591797,3216400,0.0,0.0
2016-04-08 00:00:00-04:00,48.15170383945876,48.54076938635271,47.88614981840529,48.460487365722656,2139000,0.0,0.0
2016-04-11 00:00:00-04:00,48.62104395009325,48.78778493941334,48.07758206441869,48.11463928222656,2894800,0.0,0.0
2016-04-12 00:00:00-04:00,48.17022520008532,48.55929070742607,47.88614495020223,48.3740234375,2348300,0.0,0.0
2016-04-13 00:00:00-04:00,48.590167555102155,48.621047787102086,47.60823365977932,47.7996826171875,3246400,0.0,0.0
2016-04-14 00:00:00-04:00,47.799684841986256,48.05597570219651,47.48472436524253,47.65764236450195,3150500,0.0,0.0
2016-04-15 00:00:00-04:00,47.89848821629046,48.34931413545737,47.63293425550154,48.20109939575195,3042200,0.0,0.0
2016-04-18 00:00:00-04:00,48.120814819057905,48.392545780305305,47.71939536585019,48.380191802978516,2207300,0.0,0.0
2016-04-19 00:00:00-04:00,48.38019780197059,48.71368455621775,48.08376827263694,48.355499267578125,2591200,0.0,0.0
2016-04-20 00:00:00-04:00,48.38018459297124,48.59015977127798,47.86143070243892,48.12080764770508,1867400,0.0,0.0
2016-04-21 00:00:00-04:00,48.04053707270948,48.12081908580468,47.330951314380705,47.39208984375,2110700,0.0,0.0
2016-04-22 00:00:00-04:00,47.3673884168993,48.26286342039309,47.3673884168993,48.23198318481445,2409800,0.0,0.0
2016-04-25 00:00:00-04:00,48.0961009770554,48.68896454322163,47.88613052538979,48.621036529541016,2323800,0.0,0.0
2016-04-26 00:00:00-04:00,48.608693162966595,49.127451841360404,48.48518165993379,48.602516174316406,2315700,0.0,0.0
2016-04-27 00:00:00-04:00,48.92366571637739,49.096583748038995,48.164056121106206,48.84955596923828,2249600,0.0,0.0
2016-04-28 00:00:00-04:00,48.50986389446607,48.92980941923629,48.225779079529346,48.39252471923828,1962600,0.0,0.0
2016-04-29 00:00:00-04:00,47.92936357070867,48.34622307882112,47.632929409792524,48.213443756103516,3208700,0.0,0.0
2016-05-02 00:00:00-04:00,48.21345087168073,49.559746990864774,48.17022137429847,49.10892105102539,3700700,0.0,0.0
2016-05-03 00:00:00-04:00,48.80013850146843,48.966884217133284,48.30670499429927,48.59016799926758,2508200,0.0,0.0
2016-05-04 00:00:00-04:00,48.466669944272326,49.59064192101319,48.34933068302943,49.39302062988281,4687000,0.0,0.0
2016-05-05 00:00:00-04:00,51.23336692442391,51.98062256276935,50.94928661897828,51.23954391479492,8629300,0.0,0.0
2016-05-06 00:00:00-04:00,51.15307338443485,51.90032885461308,50.603439156686704,51.87562561035156,3993600,0.0,0.0
2016-05-09 00:00:00-04:00,51.87562511731348,52.36350358560195,51.6533006327349,52.03619384765625,3272300,0.0,0.0
2016-05-10 00:00:00-04:00,52.14737281373341,53.2342876295138,52.01768427474815,53.197235107421875,3593700,0.0,0.0
2016-05-11 00:00:00-04:00,53.0922283813372,53.444241334055555,52.61052694200279,52.61669921875,2824500,0.0,0.0
2016-05-12 00:00:00-04:00,52.78961750532724,53.518346591898414,52.58581930980434,53.32072067260742,2427500,0.0,0.0
2016-05-13 00:00:00-04:00,53.129293813902706,53.38867085023676,52.32028246700528,52.573482513427734,2857300,0.0,0.0
2016-05-16 00:00:00-04:00,52.696996479951544,53.25898003443087,52.517901473543546,53.03048324584961,2061900,0.0,0.0
2016-05-17 00:00:00-04:00,52.91932215642371,53.14781895003902,50.4984557334213,50.73931121826172,7395100,0.0,0.0
2016-05-18 00:00:00-04:00,50.60961495159862,50.812795969399716,49.68944141929567,50.134090423583984,8695600,0.0,0.0
2016-05-19 00:00:00-04:00,49.930264465919706,51.27038301274543,49.78204978397257,51.258033752441406,3932800,0.0,0.0
2016-05-20 00:00:00-04:00,50.88751111778983,51.1715913130787,50.52932120177551,50.89986038208008,2720100,0.0,0.0
2016-05-23 00:00:00-04:00,50.95544549772652,51.41244367781971,50.89986202747033,51.14071273803711,1996900,0.0,0.0
2016-05-24 00:00:00-04:00,51.33833190437243,52.107204349189644,51.072777963370854,52.01148223876953,2385600,0.0,0.0
2016-05-25 00:00:00-04:00,51.95864118838931,52.71725305444951,51.69126167402468,52.40012741088867,2563100,0.575,0.0
2016-05-26 00:00:00-04:00,52.244666161845686,52.74211788807107,52.082998383265995,52.11408615112305,2424000,0.0,0.0
2016-05-27 00:00:00-04:00,52.02080514982431,52.393891479565674,51.92131293173325,52.29439926147461,1272800,0.0,0.0
2016-05-31 00:00:00-04:00,52.33172774734435,52.50583443995551,51.407714590942355,51.72856903076172,3943700,0.0,0.0
2016-06-01 00:00:00-04:00,51.666374841796234,52.226006785997484,51.610414019401475,52.201133728027344,1955400,0.0,0.0
2016-06-02 00:00:00-04:00,52.15761120592243,52.72346264557936,51.95241676345721,52.71724319458008,2207200,0.0,0.0
2016-06-03 00:00:00-04:00,52.854035198250656,53.11519517477579,52.6674896469896,53.04058074951172,3031400,0.0,0.0
2016-06-06 00:00:00-04:00,53.16495352388897,53.22713380727034,52.66128706123282,52.84782791137695,2551900,0.0,0.0
2016-06-07 00:00:00-04:00,52.95975700421959,53.27688263281033,52.61776305625667,52.6985969543457,2454400,0.0,0.0
2016-06-08 00:00:00-04:00,52.891353715128076,53.115206526864284,52.43743338425569,52.965972900390625,1757200,0.0,0.0
2016-06-09 00:00:00-04:00,52.8043029465218,53.30797416952036,52.71724959816189,53.23957443237305,2098600,0.0,0.0
2016-06-10 00:00:00-04:00,53.227136560169875,53.227136560169875,52.6737239445656,53.06546401977539,2118000,0.0,0.0
2016-06-13 00:00:00-04:00,53.02193201404536,53.320404001377334,52.63329933181958,52.82295227050781,2790400,0.0,0.0
2016-06-14 00:00:00-04:00,52.81673853884475,53.03437189610066,52.43743265446243,52.77942657470703,2637500,0.0,0.0
2016-06-15 00:00:00-04:00,52.854058462171544,53.09656493912084,52.45609887209822,52.75456619262695,2967400,0.0,0.0
2016-06-16 00:00:00-04:00,52.65505088122062,53.05301026129196,52.21978429178322,53.02813720703125,2333400,0.0,0.0
2016-06-17 00:00:00-04:00,53.065455304384216,53.0841136569456,52.24466332157047,52.74211502075195,5526500,0.0,0.0
2016-06-20 00:00:00-04:00,53.15873187316659,53.786763620655435,53.00203585766946,53.16495132446289,2854100,0.0,0.0
2016-06-21 00:00:00-04:00,53.18981590571307,53.74944783187628,53.158723398239886,53.28308868408203,1953700,0.0,0.0
2016-06-22 00:00:00-04:00,53.43854799978684,53.469635766854935,52.90378906808386,52.984622955322266,1961400,0.0,0.0
2016-06-23 00:00:00-04:00,53.43854173857216,53.71711238840489,53.11830883657951,53.7059211730957,2452200,0.0,0.0
2016-06-24 00:00:00-04:00,52.045676519358466,52.91621450262218,51.87156987151579,52.064334869384766,11942100,0.0,0.0
2016-06-27 00:00:00-04:00,51.75343420615827,52.13895475417384,51.299509188982476,52.00215530395508,3458500,0.0,0.0
2016-06-28 00:00:00-04:00,52.15575582157488,52.72347177158328,51.610427052608266,52.71103286743164,3569400,0.0,0.0
2016-06-29 00:00:00-04:00,52.87270493133704,53.68106290795933,52.667505711171884,53.53804397583008,3348300,0.0,0.0
2016-06-30 00:00:00-04:00,53.71836929791062,55.11122765330634,53.58156981992454,55.01795959472656,5571200,0.0,0.0
2016-07-01 00:00:00-04:00,55.080143505810106,55.590029483818796,54.81276398416823,54.86872482299805,2551300,0.0,0.0
2016-07-05 00:00:00-04:00,54.8376173554609,55.64597033836021,54.40856543564369,55.17961120605469,3320400,0.0,0.0
2016-07-06 00:00:00-04:00,55.123656676072,55.816976003529014,54.87493082832324,55.801429748535156,3331700,0.0,0.0
2016-07-07 00:00:00-04:00,55.695722499550484,55.85117556053439,55.223143865825165,55.53404998779297,2525600,0.0,0.0
2016-07-08 00:00:00-04:00,55.919577204998504,56.12477639110805,55.42212549516647,55.86983108520508,3703300,0.0,0.0
2016-07-11 00:00:00-04:00,55.91956724538288,56.05636667842443,55.534042001724885,55.86360168457031,2860500,0.0,0.0
2016-07-12 00:00:00-04:00,55.64598288003598,55.78900180022594,54.4894115917224,54.595123291015625,4362900,0.0,0.0
2016-07-13 00:00:00-04:00,54.61377959549946,55.39104502953292,54.48941427962307,55.35373306274414,2702400,0.0,0.0
2016-07-14 00:00:00-04:00,55.42834850076676,55.49488382165609,54.632429509234186,54.9308967590332,3457800,0.0,0.0
2016-07-15 00:00:00-04:00,55.27911500490926,55.4780947532569,54.800316872164025,55.254241943359375,2311700,0.0,0.0
2016-07-18 00:00:00-04:00,55.3910578114459,55.5278573184516,55.055278497173575,55.40349197387695,1769400,0.0,0.0
2016-07-19 00:00:00-04:00,55.24181225988267,55.40970426735107,54.88116466734934,55.32265090942383,1751700,0.0,0.0
2016-07-20 00:00:00-04:00,55.26047066123253,55.31021204862187,54.68218492936807,54.825199127197266,2229500,0.0,0.0
2016-07-21 00:00:00-04:00,54.78167294332119,54.83763852771181,54.30101505747829,54.49563980102539,2081100,0.0,0.0
2016-07-22 00:00:00-04:00,54.73191164784646,55.02416416167258,54.60444374326243,54.8189697265625,2022900,0.0,0.0
2016-07-25 00:00:00-04:00,54.818973198633195,54.986860427820545,54.613774006475474,54.97442626953125,1447400,0.0,0.0
2016-07-26 00:00:00-04:00,55.05525581311476,55.21070887174315,54.12253746134446,54.134971618652344,1553100,0.0,0.0
2016-07-27 00:00:00-04:00,54.33394848323304,54.383694597947176,52.97839769360172,53.24577713012695,3931700,0.0,0.0
2016-07-28 00:00:00-04:00,53.276874466906634,53.60643420467087,53.003275555230196,53.45098114013672,2190300,0.0,0.0
2016-07-29 00:00:00-04:00,53.61888102119275,53.867602165920324,53.38880874386283,53.71836853027344,1778900,0.0,0.0
2016-08-01 00:00:00-04:00,53.66240593338126,53.836512626592715,53.17738833136873,53.45720672607422,2778500,0.0,0.0
2016-08-02 00:00:00-04:00,53.32040546714428,53.32040546714428,52.6301934250134,52.94731903076172,2832300,0.0,0.0
2016-08-03 00:00:00-04:00,53.04680688381679,53.15002795545012,52.38768735038322,52.791866302490234,2491500,0.0,0.0
2016-08-04 00:00:00-04:00,52.93487404155755,53.251999610843306,52.65506043245598,53.1898193359375,3221800,0.0,0.0
2016-08-05 00:00:00-04:00,55.869828065624844,56.267787514361636,55.03038250169726,55.21070861816406,5106200,0.0,0.0
2016-08-08 00:00:00-04:00,55.16097898479603,55.21072511676646,54.4645473693668,55.18585205078125,2428000,0.0,0.0
2016-08-09 00:00:00-04:00,55.29775078920229,55.95687010361962,55.17649761826609,55.826290130615234,2275800,0.0,0.0
2016-08-10 00:00:00-04:00,55.820074146793125,55.93200052261007,55.322627277423514,55.55891418457031,1423100,0.0,0.0
2016-08-11 00:00:00-04:00,55.78278210429448,56.23048772929945,55.521622071058744,55.61489486694336,2588800,0.0,0.0
2016-08-12 00:00:00-04:00,55.484308282270334,56.255354131809675,55.484308282270334,55.68950271606445,1539100,0.0,0.0
2016-08-15 00:00:00-04:00,55.782788526349606,55.8947149454865,55.24802949536801,55.391048431396484,1661000,0.0,0.0
2016-08-16 00:00:00-04:00,55.359936726827996,55.446990051089465,54.878031346348216,55.316410064697266,2259300,0.0,0.0
2016-08-17 00:00:00-04:00,55.372380587180345,55.63354058335959,54.8687094584909,55.59623336791992,1832700,0.0,0.0
2016-08-18 00:00:00-04:00,55.527851588182514,55.87606502895156,55.403486256441916,55.81388473510742,1823000,0.0,0.0
2016-08-19 00:00:00-04:00,55.71437324822407,56.08745962662622,55.55892019521895,55.913352966308594,1694900,0.0,0.0
2016-08-22 00:00:00-04:00,55.88847718576177,56.205602726776654,55.664624420816025,55.94444274902344,2092800,0.0,0.0
2016-08-23 00:00:00-04:00,56.11857312843203,56.26159207808148,55.55707656683023,55.63356018066406,2020000,0.0,0.0
2016-08-24 00:00:00-04:00,55.614770360093424,55.70867289002702,55.107703384965525,55.683631896972656,2581200,0.6,0.0
2016-08-25 00:00:00-04:00,55.70865568202805,56.30336833718434,55.52273245553311,55.65231704711914,1825900,0.0,0.0
2016-08-26 00:00:00-04:00,55.73998156064708,55.99664341002357,55.03884800493673,55.195350646972656,1863600,0.0,0.0
2016-08-29 00:00:00-04:00,55.30800908643523,55.59597325149651,55.170286056171236,55.44573211669922,1685100,0.0,0.0
2016-08-30 00:00:00-04:00,55.48331294460685,55.60538480997202,54.94494349323187,55.07014846801758,1841500,0.0,0.0
2016-08-31 00:00:00-04:00,55.15778614443728,56.22826353809474,55.15778614443728,56.02167892456055,2696400,0.0,0.0
2016-09-01 00:00:00-04:00,56.07176911178033,56.15941021347624,55.426978959553864,56.01543045043945,2215500,0.0,0.0
2016-09-02 00:00:00-04:00,56.278349204508224,56.67899557302846,55.783800298598244,56.096805572509766,2062100,0.0,0.0
2016-09-06 00:00:00-04:00,56.14687159764526,56.45361534155542,55.79943565135107,56.17816925048828,1786400,0.0,0.0
2016-09-07 00:00:00-04:00,55.858912162309196,56.221994577935554,55.68988667344406,56.209476470947266,3344800,0.0,0.0
2016-09-08 00:00:00-04:00,56.15311262149887,56.209456022650386,55.5333638653047,55.8338508605957,2191600,0.0,0.0
2016-09-09 00:00:00-04:00,55.239156750991526,55.3205411602609,53.805592351681085,53.818115234375,3837900,0.0,0.0
2016-09-12 00:00:00-04:00,53.5739714993066,55.52712090231963,53.42998700496842,55.43947982788086,3015000,0.0,0.0
2016-09-13 00:00:00-04:00,55.88394881308822,55.88394881308822,54.744610025028656,55.257938385009766,2579800,0.0,0.0
2016-09-14 00:00:00-04:00,55.17028686585202,55.60223550782301,54.70077913365038,54.88858413696289,1898400,0.0,0.0
2016-09-15 00:00:00-04:00,54.68826524879659,55.8776858840349,54.66322426135073,55.82134246826172,1912600,0.0,0.0
2016-09-16 00:00:00-04:00,55.60850663592334,55.796306895873386,54.869814150860044,55.6773681640625,4476800,0.0,0.0
2016-09-19 00:00:00-04:00,55.63979963037448,55.71492259370988,54.40030177986083,54.444122314453125,4032400,0.0,0.0
2016-09-20 00:00:00-04:00,54.76338518613062,54.9136263264268,54.525498206575286,54.538021087646484,3018400,0.0,0.0
2016-09-21 00:00:00-04:00,54.62567357883963,55.18908394291876,54.31266835169353,55.0325813293457,2592400,0.0,0.0
2016-09-22 00:00:00-04:00,55.483299270196234,55.815088789544475,55.30175568356125,55.7462272644043,1516800,0.0,0.0
2016-09-23 00:00:00-04:00,55.83387320636424,56.02793491627592,55.50834509984327,55.6085090637207,1467000,0.0,0.0
2016-09-26 00:00:00-04:00,55.57719119718756,55.702396117264904,55.12646303706781,55.42068862915039,1487400,0.0,0.0
2016-09-27 00:00:00-04:00,55.56469534113583,56.02168034817519,55.41444937688504,55.85892105102539,1530300,0.0,0.0
2016-09-28 00:00:00-04:00,56.07801416743298,56.10305515718294,55.59598347288706,56.059234619140625,1628700,0.0,0.0
2016-09-29 00:00:00-04:00,55.85890120749121,55.98410135714235,55.34557295219422,55.44573211669922,1411800,0.0,0.0
2016-09-30 00:00:00-04:00,55.71492828957434,56.28460007359315,55.62102576982524,56.03419494628906,2499200,0.0,0.0
2016-10-03 00:00:00-04:00,55.87143910564792,56.00290074217852,55.55843384455186,55.765018463134766,1857900,0.0,0.0
2016-10-04 00:00:00-04:00,55.89649963349743,55.89649963349743,54.89488340317713,55.101463317871094,1940500,0.0,0.0
2016-10-05 00:00:00-04:00,55.28925331310423,55.28925331310423,54.67576085345277,54.700801849365234,1910900,0.0,0.0
2016-10-06 00:00:00-04:00,54.48168149512562,54.876071083166494,54.325178903320214,54.76964569091797,1172000,0.0,0.0
2016-10-07 00:00:00-04:00,54.938678199540426,54.938678199540426,54.27510387758072,54.713314056396484,1723500,0.0,0.0
2016-10-10 00:00:00-04:00,54.73835459293135,55.508344762212744,54.73835459293135,55.40192413330078,2012500,0.0,0.0
2016-10-11 00:00:00-04:00,55.23917744808232,55.4019415515254,54.5004847030187,54.61316680908203,2508700,0.0,0.0
2016-10-12 00:00:00-04:00,55.37688987597841,55.37688987597841,54.462915092385366,54.55055618286133,3072600,0.0,0.0
2016-10-13 00:00:00-04:00,54.33144143879461,54.663226175933026,54.14989785551356,54.494205474853516,2861900,0.0,0.0
2016-10-14 00:00:00-04:00,54.67573487694806,55.52710922915662,54.500452764919125,55.42068862915039,2388900,0.0,0.0
2016-10-17 00:00:00-04:00,55.53964753257514,55.71492969327996,55.1076987964949,55.6085090637207,2208400,0.0,0.0
2016-10-18 00:00:00-04:00,56.39728173226,56.43484560871616,55.65233251035925,55.671112060546875,2740000,0.0,0.0
2016-10-19 00:00:00-04:00,55.67111170190066,55.683629809918116,54.80721896626916,55.13900375366211,2721000,0.0,0.0
2016-10-20 00:00:00-04:00,54.60062315745212,55.56467966368937,54.60062315745212,55.06386947631836,2662100,0.0,0.0
2016-10-21 00:00:00-04:00,54.86982431936975,55.201609138573815,54.45039840739786,55.03884506225586,2086600,0.0,0.0
2016-10-24 00:00:00-04:00,55.47078717591484,55.85265393814164,55.408812751787785,55.658592224121094,1744500,0.0,0.0
2016-10-25 00:00:00-04:00,55.85891995657283,56.14062277588141,55.19534556766983,55.31428909301758,3220100,0.0,0.0
2016-10-26 00:00:00-04:00,55.40818844880597,55.52712719125496,55.03258311923058,55.13900375366211,1513400,0.0,0.0
2016-10-27 00:00:00-04:00,55.19534166316044,55.32054662205929,54.576218305462234,54.894859313964844,2127800,0.0,0.0
2016-10-28 00:00:00-04:00,54.763398424086716,55.50834764118833,54.763398424086716,55.13900375366211,1771100,0.0,0.0
2016-10-31 00:00:00-04:00,55.36436998171194,55.81509830452833,55.28298556026499,55.683631896972656,3577400,0.0,0.0
2016-11-01 00:00:00-04:00,55.714941586397735,55.82762368177304,55.15779255262029,55.320556640625,2542700,0.0,0.0
2016-11-02 00:00:00-04:00,55.48329018643411,55.52085405150257,55.07638731950817,55.18280792236328,1916700,0.0,0.0
2016-11-03 00:00:00-04:00,55.16403792119767,55.320540520499215,53.91827379197955,53.9933967590332,5041900,0.0,0.0
2016-11-04 00:00:00-04:00,51.35164780087447,53.361141216453696,50.70685765901318,52.61619186401367,7825200,0.0,0.0
2016-11-07 00:00:00-05:00,53.41121549264381,53.893241474576946,52.772686886227305,53.855682373046875,4101100,0.0,0.0
2016-11-08 00:00:00-05:00,53.980887676962126,55.6147706928251,53.88072370414542,55.30176544189453,2791200,0.0,0.0
2016-11-09 00:00:00-05:00,53.94957226860972,54.44412101928953,52.697551565950945,53.17332077026367,5097200,0.0,0.0
2016-11-10 00:00:00-05:00,53.22967056277763,53.54267580402748,50.43140294183096,50.96977233886719,7643600,0.0,0.0
2016-11-11 00:00:00-05:00,50.706852419549634,51.1700988697835,50.181005872162196,50.838314056396484,4151100,0.0,0.0
2016-11-14 00:00:00-05:00,50.713091052901426,51.101214346336356,50.030737405409866,50.13090133666992,4463400,0.0,0.0
2016-11-15 00:00:00-05:00,50.43765744988856,51.1575703610072,50.21855476635166,50.79448318481445,5723900,0.0,0.0
2016-11-16 00:00:00-05:00,50.94472251179921,51.80235844348503,50.888383870663134,51.583255767822266,3327200,0.0,0.0
2016-11-17 00:00:00-05:00,51.526911256914005,51.85869598388672,51.01984439313156,51.85869598388672,3161600,0.0,0.0
2016-11-18 00:00:00-05:00,51.77107443324852,51.91505897195604,51.34538703647728,51.66465377807617,2715700,0.0,0.0
2016-11-21 00:00:00-05:00,51.664647893267,52.472202044103014,51.461196382959564,52.359519958496094,2508600,0.0,0.0
2016-11-22 00:00:00-05:00,52.49722513685518,52.87909180919207,52.39706119443517,52.641204833984375,2648000,0.0,0.0
2016-11-23 00:00:00-05:00,52.459658276737265,52.77892004973628,51.16381731410199,51.60828399658203,3459900,0.0,0.0
2016-11-25 00:00:00-05:00,51.72723576918545,52.14040491081997,51.72723576918545,51.92755889892578,1230300,0.0,0.0
2016-11-28 00:00:00-05:00,51.927577855335116,52.378306255811445,51.55823389032817,52.09660339355469,2642300,0.0,0.0
2016-11-29 00:00:00-05:00,52.20927549243893,52.89788607188634,52.04024998659796,52.58488082885742,3744600,0.0,0.0
2016-11-30 00:00:00-05:00,52.395719326092724,52.65423240908927,51.481475830078125,51.481475830078125,3309900,0.6,0.0
2016-12-01 00:00:00-05:00,51.3932072040882,51.563443899682056,50.39699374122363,50.75008010864258,4043300,0.0,0.0
2016-12-02 00:00:00-05:00,50.90770915024031,51.39950939850123,50.66180902610985,51.01490020751953,2779300,0.0,0.0
2016-12-05 00:00:00-05:00,51.014918157587836,51.166240254041185,50.51365559546404,50.61769104003906,4415500,0.0,0.0
2016-12-06 00:00:00-05:00,50.82574011074763,50.99471645942319,50.24566831465371,50.4159049987793,3566800,0.0,0.0
2016-12-07 00:00:00-05:00,50.71853819290309,52.46505952894994,50.61134717706001,52.301124572753906,4870200,0.0,0.0
2016-12-08 00:00:00-05:00,52.074156701997886,52.200262407032206,51.61388410733477,51.897613525390625,2497500,0.0,0.0
2016-12-09 00:00:00-05:00,52.0489446296811,52.83267132647566,51.74629572327909,52.8244743347168,2380900,0.0,0.0
2016-12-12 00:00:00-05:00,52.710975508024674,53.48650993392762,52.515517684856874,53.08928298950195,2536300,0.0,0.0
2016-12-13 00:00:00-05:00,53.34149275726939,53.97200686742728,52.982099906897034,53.555870056152344,3644100,0.0,0.0
2016-12-14 00:00:00-05:00,53.58107539405137,53.84589008770466,52.786626502652,53.190155029296875,3348600,0.0,0.0
2016-12-15 00:00:00-05:00,53.675657574989884,54.262035814573906,53.0451435457787,53.82698440551758,4410100,0.0,0.0
2016-12-16 00:00:00-05:00,54.148552355010345,54.57730216059756,53.50543005185007,54.514251708984375,6037700,0.0,0.0
2016-12-19 00:00:00-05:00,54.44489526801291,54.7853734823736,54.047673089812676,54.60252380371094,3365400,0.0,0.0
2016-12-20 00:00:00-05:00,54.40076407399554,54.6025284243453,53.80177751183138,54.211612701416016,2665500,0.0,0.0
2016-12-21 00:00:00-05:00,54.18008726450078,54.84843080017871,54.09812214743669,54.60883712768555,2202000,0.0,0.0
2016-12-22 00:00:00-05:00,54.50794500205515,55.037579376451944,54.41337173023526,55.031272888183594,1966300,0.0,0.0
2016-12-23 00:00:00-05:00,54.91778415244629,55.24565422011161,54.82951255202288,55.21412658691406,2484700,0.0,0.0
2016-12-27 00:00:00-05:00,55.27086311516257,55.53567785774316,55.043877675681955,55.220420837402344,1993200,0.0,0.0
2016-12-28 00:00:00-05:00,55.16997773310768,55.34021440494753,54.87363536875654,55.05017852783203,1384800,0.0,0.0
2016-12-29 00:00:00-05:00,55.04387895114355,55.57981493605341,55.04387895114355,55.44110107421875,1837800,0.0,0.0
2016-12-30 00:00:00-05:00,55.49785364957942,55.58613005663575,54.89886712819962,55.056495666503906,2051400,0.0,0.0
2017-01-03 00:00:00-05:00,55.39066814793715,55.46633157910641,54.47642453757141,55.18890380859375,3104600,0.0,0.0
2017-01-04 00:00:00-05:00,55.18258102478494,55.46631520005275,54.791665438616654,54.87363052368164,2274900,0.0,0.0
2017-01-05 00:00:00-05:00,54.791664395835745,55.043870943349475,54.27464313813052,54.558372497558594,3037400,0.0,0.0
2017-01-06 00:00:00-05:00,54.55838397581831,54.62143442335166,54.11702603264409,54.41967010498047,2450200,0.0,0.0
2017-01-09 00:00:00-05:00,54.38184524756619,54.52370996873247,53.965703601007824,54.26835250854492,2482400,0.0,0.0
2017-01-10 00:00:00-05:00,54.12962728322412,54.41336147653995,53.85220438742842,54.16746139526367,2539900,0.0,0.0
2017-01-11 00:00:00-05:00,54.29987484251406,54.879946647389325,54.249432561105586,54.70340347290039,2754500,0.0,0.0
2017-01-12 00:00:00-05:00,54.747528793388554,55.340208650016656,54.53945803021283,55.119529724121094,2484700,0.0,0.0
2017-01-13 00:00:00-05:00,55.11953058931649,55.1258370759953,54.58864082360592,54.87363052368164,1799100,0.0,0.0
2017-01-17 00:00:00-05:00,54.67187393907631,55.46947384559335,54.67187393907631,55.43479537963867,2304800,0.0,0.0
2017-01-18 00:00:00-05:00,55.359148877543895,55.85725086409515,55.359148877543895,55.705928802490234,2881800,0.0,0.0
2017-01-19 00:00:00-05:00,55.598741614125174,55.756370162043375,55.201519405130256,55.39067077636719,1690600,0.0,0.0
2017-01-20 00:00:00-05:00,55.705917220350734,56.115752328659404,55.49154474518533,56.084224700927734,2795500,0.0,0.0
2017-01-23 00:00:00-05:00,55.90139437705391,56.08423927199199,55.6113535958017,55.98966598510742,2654100,0.0,0.0
2017-01-24 00:00:00-05:00,56.05900575948647,56.23554892150123,55.686999973435036,55.920291900634766,2171100,0.0,0.0
2017-01-25 00:00:00-05:00,56.071637552526845,56.28601010804206,55.7437722292558,56.014888763427734,2262100,0.0,0.0
2017-01-26 00:00:00-05:00,56.42471268604193,56.68322580915055,55.93606323389276,56.37427520751953,3091900,0.0,0.0
2017-01-27 00:00:00-05:00,56.090547939783924,56.60126295056388,55.9770551806726,56.38689041137695,1842800,0.0,0.0
2017-01-30 00:00:00-05:00,56.17250422325029,56.43101733794431,55.88246828681102,56.166202545166016,2233600,0.0,0.0
2017-01-31 00:00:00-05:00,56.05271054635591,56.468847396170695,56.0117255860588,56.29861068725586,2650500,0.0,0.0
2017-02-01 00:00:00-05:00,56.046403258012745,56.32698186659709,55.679443555349344,55.74375915527344,1816800,0.0,0.0
2017-02-02 00:00:00-05:00,55.806792095216835,56.178793023596924,55.68699290315692,55.869842529296875,1826700,0.0,0.0
2017-02-03 00:00:00-05:00,56.24815092558929,56.336422496929394,55.888758153578905,56.285980224609375,2205100,0.0,0.0
2017-02-06 00:00:00-05:00,56.30490989578428,56.367960342398945,55.888768289334195,55.926597595214844,1359800,0.0,0.0
2017-02-07 00:00:00-05:00,55.932894540948276,56.12835233524117,55.80048718251374,55.99594497680664,2599300,0.0,0.0
2017-02-08 00:00:00-05:00,55.995959104823,56.31121617409541,55.9833509386462,56.235557556152344,3300300,0.0,0.0
2017-02-09 00:00:00-05:00,56.285995643025394,56.99217321762922,56.14098008343106,56.60755920410156,2708300,0.0,0.0
2017-02-10 00:00:00-05:00,56.49406795316913,57.08675280479095,56.330132924125394,56.87237548828125,1882100,0.0,0.0
2017-02-13 00:00:00-05:00,56.94172749132153,57.12457715969272,56.55396266225276,57.111968994140625,1812500,0.0,0.0
2017-02-14 00:00:00-05:00,57.1056474529635,57.41649325038712,56.809305130976405,57.2569694519043,2322700,0.0,0.0
2017-02-15 00:00:00-05:00,57.45875677954472,57.565947848482836,56.91021250933195,57.43669128417969,3083900,0.0,0.0
2017-02-16 00:00:00-05:00,56.17880842052872,56.64538753312414,54.44489455069486,55.031272888183594,10584700,0.0,0.0
2017-02-17 00:00:00-05:00,58.00730195801126,61.64536649682717,57.91272387316539,60.93919372558594,30007700,0.0,0.0
2017-02-21 00:00:00-05:00,57.89381287865601,60.201497128858634,57.59747043894175,59.8168830871582,14423200,0.0,0.0
2017-02-22 00:00:00-05:00,59.80426032971805,59.89883840507737,58.63150374032022,58.86479568481445,4990400,0.0,0.0
2017-02-23 00:00:00-05:00,58.82066219284571,59.02873300469042,58.22797738714533,58.59998321533203,2901000,0.0,0.0
2017-02-24 00:00:00-05:00,58.95934974721722,59.142199335656755,58.36666520609864,58.688228607177734,2670500,0.0,0.0
2017-02-27 00:00:00-05:00,58.385592263959516,58.5558337285513,56.95432767835943,57.1308708190918,6084900,0.0,0.0
2017-02-28 00:00:00-05:00,57.17502490020001,57.994695242110524,56.96695407042316,57.6983528137207,4267700,0.0,0.0
2017-03-01 00:00:00-05:00,58.24416103634226,58.33302004976333,57.533327666487125,58.02837371826172,2858600,0.6,0.0
2017-03-02 00:00:00-05:00,58.072803506646295,58.19339339129731,57.61583640922075,57.93317413330078,2552700,0.0,0.0
2017-03-03 00:00:00-05:00,57.91413843957453,58.07280731201172,57.63487967458437,58.07280731201172,1653000,0.0,0.0
2017-03-06 00:00:00-05:00,57.768158497477366,58.079152960647264,57.62218585264942,57.857017517089844,2044900,0.0,0.0
2017-03-07 00:00:00-05:00,57.63488330798329,58.03473199073355,57.57776483455611,57.6285400390625,1491000,0.0,0.0
2017-03-08 00:00:00-05:00,57.54603146381706,57.86336924161535,57.400058797656364,57.69200897216797,2034200,0.0,0.0
2017-03-09 00:00:00-05:00,57.609484174785976,58.12674617750736,57.51428673812846,58.09183883666992,2108500,0.0,0.0
2017-03-10 00:00:00-05:00,58.44090444706679,58.4478868827404,57.92047087996315,58.079139709472656,2277100,0.0,0.0
2017-03-13 00:00:00-04:00,57.99030654787453,58.072812625903204,57.76816623238398,57.86971664428711,2182900,0.0,0.0
2017-03-14 00:00:00-04:00,57.857008550091415,57.97759357665394,57.54601413512115,57.79353713989258,2097300,0.0,0.0
2017-03-15 00:00:00-04:00,58.12991681488042,58.47899021727103,57.81257911895766,58.2885856628418,2076300,0.0,0.0
2017-03-16 00:00:00-04:00,58.859801910738994,59.19617913611021,58.49169381708514,58.878841400146484,4139000,0.0,0.0
2017-03-17 00:00:00-04:00,59.40562014827884,59.45004723534095,58.27589864110867,58.37744903564453,5655700,0.0,0.0
2017-03-20 00:00:00-04:00,58.40917397563823,58.99307415840433,58.32031981052986,58.61861801147461,2063000,0.0,0.0
2017-03-21 00:00:00-04:00,58.58689366595578,58.88519192474107,58.12992653268381,58.32667922973633,2322600,0.0,0.0
2017-03-22 00:00:00-04:00,58.54880826362042,58.86614597778639,58.41552700473343,58.574195861816406,1540300,0.0,0.0
2017-03-23 00:00:00-04:00,58.42187960454155,58.88518999120321,58.32667731453763,58.39649200439453,1833300,0.0,0.0
2017-03-24 00:00:00-04:00,58.5424857851865,58.644036222432284,57.95858529759733,58.187068939208984,1703800,0.0,0.0
2017-03-27 00:00:00-04:00,58.07280384220489,58.12992230861843,57.81322375170835,57.91413497924805,1699000,0.0,0.0
2017-03-28 00:00:00-04:00,57.615841185365454,58.177530359362144,57.615841185365454,58.015689849853516,2222800,0.0,0.0
2017-03-29 00:00:00-04:00,57.8824107864425,58.1362819861232,57.79355659288281,58.06646728515625,1462600,0.0,0.0
2017-03-30 00:00:00-04:00,58.02839095084767,58.180711740738325,57.78086785145389,57.818946838378906,1143100,0.0,0.0
2017-03-31 00:00:00-04:00,57.67929188626335,57.87604453002028,57.48254408469489,57.634864807128906,2205100,0.0,0.0
2017-04-03 00:00:00-04:00,57.62852503150413,57.93316649482801,57.520626539479366,57.79353713989258,3414800,0.0,0.0
2017-04-04 00:00:00-04:00,57.56507704851629,57.914150577917006,57.292166337036825,57.895111083984375,2194000,0.0,0.0
2017-04-05 00:00:00-04:00,57.81891491477376,58.65668605989896,57.77448784049393,58.022010803222656,2694700,0.0,0.0
2017-04-06 00:00:00-04:00,58.06646116645217,58.25686575669657,57.53333606127165,57.72373580932617,2096900,0.0,0.0
2017-04-07 00:00:00-04:00,57.86336172368677,58.06645768140272,57.54602398711875,57.5650634765625,2000300,0.0,0.0
2017-04-10 00:00:00-04:00,57.53333673256186,57.75547219564558,57.22234708424464,57.6856575012207,3496900,0.0,0.0
2017-04-11 00:00:00-04:00,57.68564672352619,57.799888489223456,57.36704036997434,57.64756774902344,1396500,0.0,0.0
2017-04-12 00:00:00-04:00,57.774505693138806,58.478995833115924,57.761814314646266,58.3457145690918,2007400,0.0,0.0
2017-04-13 00:00:00-04:00,58.42188076824942,58.42188076824942,58.06011593278022,58.07280731201172,1816300,0.0,0.0
2017-04-17 00:00:00-04:00,58.26321795903748,58.36476353002609,57.7745150694473,58.12358856201172,1803800,0.0,0.0
2017-04-18 00:00:00-04:00,58.09819350989246,58.78998745276429,57.96491224132604,58.707481384277344,2135100,0.0,0.0
2017-04-19 00:00:00-04:00,58.66303468926658,58.67572606395013,58.19337635096769,58.294921875,1978300,0.0,0.0
2017-04-20 00:00:00-04:00,58.45995824790198,58.64401471626852,58.10454153226428,58.415531158447266,1787900,0.0,0.0
2017-04-21 00:00:00-04:00,58.47264582000736,58.54246050491806,58.11088101737428,58.136268615722656,1964500,0.0,0.0
2017-04-24 00:00:00-04:00,58.39648729871912,58.942308552422915,58.39648729871912,58.74555587768555,2185400,0.0,0.0
2017-04-25 00:00:00-04:00,58.796331293294735,58.95817178433125,58.5678477517201,58.574195861816406,1882400,0.0,0.0
2017-04-26 00:00:00-04:00,58.593235597739614,58.59958370786277,57.67930142757554,57.704689025878906,2736600,0.0,0.0
2017-04-27 00:00:00-04:00,57.70468621077757,58.02202391080453,57.53967409313964,57.64756774902344,2290300,0.0,0.0
2017-04-28 00:00:00-04:00,57.882398394398166,57.90144272510408,57.01289613754578,57.36831283569336,2894500,0.0,0.0
2017-05-01 00:00:00-04:00,57.53332959682163,57.59679617237536,56.708249588055125,56.7844123840332,3363600,0.0,0.0
2017-05-02 00:00:00-04:00,56.89229871437942,57.01288858192235,56.33378614242296,56.486106872558594,3058600,0.0,0.0
2017-05-03 00:00:00-04:00,57.2604363495031,57.2604363495031,56.42266470813561,56.57498550415039,2695300,0.0,0.0
2017-05-04 00:00:00-04:00,55.8514392678911,58.26320790042578,55.30561799676156,56.93038558959961,6391200,0.0,0.0
2017-05-05 00:00:00-04:00,57.03196005823967,57.18428087381498,56.6003803789501,56.885982513427734,2267300,0.0,0.0
2017-05-08 00:00:00-04:00,56.85422661532961,56.97481165526099,56.486113700995446,56.7907600402832,2311600,0.0,0.0
2017-05-09 00:00:00-04:00,56.63209670050426,56.89929357384892,56.4036131343195,56.61305236816406,2299200,0.0,0.0
2017-05-10 00:00:00-04:00,56.55593488356271,56.7399913618749,56.44804120936966,56.69556427001953,1654400,0.0,0.0
2017-05-11 00:00:00-04:00,56.35918447048433,56.77806776867389,56.35918447048433,56.66382598876953,1402500,0.0,0.0
2017-05-12 00:00:00-04:00,56.701899245148745,56.771713928165624,56.276667879274385,56.454376220703125,1827300,0.0,0.0
2017-05-15 00:00:00-04:00,56.33379051840477,56.78440947661022,56.20685253160733,56.77171325683594,2029600,0.0,0.0
2017-05-16 00:00:00-04:00,56.651129558407774,57.01289435548291,56.39091031097677,56.55592727661133,1974600,0.0,0.0
2017-05-17 00:00:00-04:00,56.81152241095646,57.5974624285278,56.55593029852951,57.194908142089844,3866600,0.6,0.0
2017-05-18 00:00:00-04:00,57.28434571996105,57.97444273295964,56.811503636986075,57.610225677490234,2854700,0.0,0.0
2017-05-19 00:00:00-04:00,57.3482550971083,57.85943926524949,57.1246138516766,57.686912536621094,2707600,0.0,0.0
2017-05-22 00:00:00-04:00,57.57830246733352,58.357856332835226,57.53357420660874,58.26200866699219,1830500,0.0,0.0
2017-05-23 00:00:00-04:00,58.28116461501147,58.78595766255023,58.15337100488099,58.7028923034668,1803500,0.0,0.0
2017-05-24 00:00:00-04:00,58.78594269788058,59.20767027898007,58.64536683751408,59.16293716430664,1814900,0.0,0.0
2017-05-25 00:00:00-04:00,59.22684218703659,59.43131484779884,59.028755793007726,59.30351638793945,1665400,0.0,0.0
2017-05-26 00:00:00-04:00,59.36104672880865,59.4824492124342,59.118232011528754,59.41855239868164,1308000,0.0,0.0
2017-05-30 00:00:00-04:00,59.38659888219087,59.42493599056747,58.90608827381751,59.07988739013672,1952600,0.0,0.0
2017-05-31 00:00:00-04:00,59.18852183422285,59.392994569682735,58.7667989501557,58.913761138916016,2283000,0.0,0.0
2017-06-01 00:00:00-04:00,59.009626608042055,59.258827677243666,58.415376779557576,59.25244140625,2466000,0.0,0.0
2017-06-02 00:00:00-04:00,59.386599486267485,59.776376342106985,59.02876859606217,59.76998519897461,2506100,0.0,0.0
2017-06-05 00:00:00-04:00,59.79555316533831,59.87222739347436,59.45689565769875,59.70609664916992,1707500,0.0,0.0
2017-06-06 00:00:00-04:00,59.71248878336127,59.98086323324173,59.47607005670049,59.55913543701172,1758500,0.0,0.0
2017-06-07 00:00:00-04:00,59.71250032103429,59.98726109363308,59.51441867393374,59.91697311401367,1987300,0.0,0.0
2017-06-08 00:00:00-04:00,59.7188630242204,59.85304777367133,59.089469517858475,59.15017318725586,2458700,0.0,0.0
2017-06-09 00:00:00-04:00,59.09266727901806,59.13100438583941,57.80192943254522,58.038352966308594,2801800,0.0,0.0
2017-06-12 00:00:00-04:00,57.891391788735945,59.05433127177076,57.78212809823262,58.30672836303711,2720600,0.0,0.0
2017-06-13 00:00:00-04:00,57.94251565287589,58.56871613432599,57.616635561763374,58.523983001708984,1909800,0.0,0.0
2017-06-14 00:00:00-04:00,58.88181427839479,59.073504722794866,58.140597576673954,58.44091796875,1697300,0.0,0.0
2017-06-15 00:00:00-04:00,58.24924569471358,58.683746120898306,58.15339800510742,58.56234359741211,2312700,0.0,0.0
2017-06-16 00:00:00-04:00,58.06392291676543,58.287564204408255,56.81152683095116,57.13101577758789,7470600,0.0,0.0
2017-06-19 00:00:00-04:00,57.48245455844571,57.66136760058836,56.88181373838273,57.412166595458984,3331600,0.0,0.0
2017-06-20 00:00:00-04:00,57.29075399346946,57.36231919769863,56.95848279525064,57.04793930053711,2659500,0.0,0.0
2017-06-21 00:00:00-04:00,57.06711180187272,57.315035526530764,56.93931817834381,57.1246223449707,2186200,0.0,0.0
2017-06-22 00:00:00-04:00,57.16933441831138,57.348247390614304,56.801919323391644,56.93291091918945,2721000,0.0,0.0
2017-06-23 00:00:00-04:00,57.124617850159,57.124617850159,56.594265091717425,56.77317810058594,4205800,0.0,0.0
2017-06-26 00:00:00-04:00,57.207683047740574,57.33548153586235,56.78596022447334,56.8306884765625,1704300,0.0,0.0
2017-06-27 00:00:00-04:00,56.71568410599943,56.83708660127311,55.89779311145839,55.916961669921875,2962100,0.0,0.0
2017-06-28 00:00:00-04:00,56.30034400422311,56.543153854863135,55.72526291058668,56.11503982543945,3032300,0.0,0.0
2017-06-29 00:00:00-04:00,56.031971701636785,56.11056668266064,54.60065774440037,54.798744201660156,5189200,0.0,0.0
2017-06-30 00:00:00-04:00,55.718872783780476,55.76360104326802,54.63261226764601,54.722068786621094,3415000,0.0,0.0
2017-07-03 00:00:00-04:00,54.92653236599788,55.015988870053775,53.923337391930616,53.974456787109375,2905500,0.0,0.0
2017-07-05 00:00:00-04:00,53.968065287475916,54.15976058062308,53.447296811936695,53.53995132446289,4607700,0.0,0.0
2017-07-06 00:00:00-04:00,53.22686230122514,53.42494389498851,52.792357123765626,52.92015075683594,3403100,0.0,0.0
2017-07-07 00:00:00-04:00,52.76678173827361,53.61023214087682,52.523967082591376,53.06071090698242,3454600,0.0,0.0
2017-07-10 00:00:00-04:00,53.28436306387947,53.501618070098246,52.881808769286955,52.8881950378418,2980600,0.0,0.0
2017-07-11 00:00:00-04:00,52.52399025024749,53.66776146832054,52.52399025024749,53.514408111572266,5022700,0.0,0.0
2017-07-12 00:00:00-04:00,53.88500692807977,54.42813716254403,53.85944722733841,54.12142562866211,4026400,0.0,0.0
2017-07-13 00:00:00-04:00,54.14698194357093,54.33867724963715,53.88819669289143,54.21726989746094,2626500,0.0,0.0
2017-07-14 00:00:00-04:00,54.51119578325605,54.7603967408563,54.204489162369825,54.728450775146484,2533600,0.0,0.0
2017-07-17 00:00:00-04:00,54.74760681022046,54.79233505199709,54.37060745094937,54.69648742675781,1831500,0.0,0.0
2017-07-18 00:00:00-04:00,54.75399795190647,54.85623184381903,54.423642714414,54.69648742675781,1586800,0.0,0.0
2017-07-19 00:00:00-04:00,54.71565963976148,54.856235516188285,54.447290171135606,54.75400161743164,2184500,0.0,0.0
2017-07-20 00:00:00-04:00,55.01600394457969,55.01600394457969,54.73805007903265,54.88821029663086,2770500,0.0,0.0
2017-07-21 00:00:00-04:00,54.73484760746249,55.07350510427261,54.57510313726796,55.05433654785156,2840800,0.0,0.0
2017-07-24 00:00:00-04:00,55.028777441606444,55.15017992525497,54.69650621000719,55.092674255371094,1881400,0.0,0.0
2017-07-25 00:00:00-04:00,55.10544959052054,55.980851018636386,55.04474591347775,55.85944366455078,3016900,0.0,0.0
2017-07-26 00:00:00-04:00,55.910563325364514,57.7508178260971,55.853057657379544,56.01280212402344,2935300,0.0,0.0
2017-07-27 00:00:00-04:00,55.929716627457246,56.37061279515185,55.789140755148075,56.351444244384766,3025800,0.0,0.0
2017-07-28 00:00:00-04:00,56.10227315739881,56.274795081025204,55.635817049050345,56.00003433227539,1902100,0.0,0.0
2017-07-31 00:00:00-04:00,56.09586982567458,56.22366345430116,55.57829929221816,55.885005950927734,2593100,0.0,0.0
2017-08-01 00:00:00-04:00,55.83387688770756,56.083077832916565,55.30352903316822,55.38020324707031,3281500,0.0,0.0
2017-08-02 00:00:00-04:00,55.1373987301288,55.6805289223917,54.619828236621274,55.50800704956055,3770500,0.0,0.0
2017-08-03 00:00:00-04:00,55.5271549780886,55.9737987260139,55.16293793739567,55.2779541015625,3966400,0.0,0.0
2017-08-04 00:00:00-04:00,55.961687404343714,55.961687404343714,54.93996233425207,55.37382888793945,8002300,0.0,0.0
2017-08-07 00:00:00-04:00,55.297140881436356,55.73803713527647,55.118227872635686,55.60384750366211,3195100,0.0,0.0
2017-08-08 00:00:00-04:00,55.36104320061703,55.57829821508906,54.96487515952942,55.05433654785156,3125500,0.0,0.0
2017-08-09 00:00:00-04:00,54.95209964981202,55.4249419329575,54.63900184239274,55.246028900146484,2527100,0.0,0.0
2017-08-10 00:00:00-04:00,54.90098542290545,55.20769699021879,54.683735255445356,54.88181686401367,3015600,0.0,0.0
2017-08-11 00:00:00-04:00,54.888189949817466,55.31630387426276,54.72205436905759,55.25240707397461,2538900,0.0,0.0
2017-08-14 00:00:00-04:00,55.43132563803685,55.77637424430122,55.271581183748566,55.60384750366211,2473400,0.0,0.0
2017-08-15 00:00:00-04:00,55.62301699681835,55.71885976259757,55.27285452579143,55.424930572509766,1766700,0.0,0.0
2017-08-16 00:00:00-04:00,55.64053532206036,55.78856898727052,55.531121910171514,55.6727180480957,1920100,0.625,0.0
2017-08-17 00:00:00-04:00,55.52470186132048,55.84007696248006,54.75880282660922,54.77811050415039,3023000,0.0,0.0
2017-08-18 00:00:00-04:00,54.655817465311266,54.88751939737715,54.16667330685726,54.37906265258789,2833500,0.0,0.0
2017-08-21 00:00:00-04:00,54.533541258806174,54.533541258806174,54.224603670789875,54.41769027709961,1764700,0.0,0.0
2017-08-22 00:00:00-04:00,54.55281864782294,54.7909530982689,54.48202059217856,54.73946762084961,2038600,0.0,0.0
2017-08-23 00:00:00-04:00,54.67512308589422,54.81028663318132,54.37262799022005,54.54640197753906,1687600,0.0,0.0
2017-08-24 00:00:00-04:00,54.38550320185774,54.443426232893316,53.22056085844643,53.291358947753906,3438100,0.0,0.0
2017-08-25 00:00:00-04:00,53.60029066460238,53.62603587030055,53.06608869475625,53.16263198852539,3285600,0.0,0.0
2017-08-28 00:00:00-04:00,53.27848298965907,53.42007916588258,52.53510797488151,52.86656951904297,2644100,0.0,0.0
2017-08-29 00:00:00-04:00,52.63487687890997,52.847271180776545,52.189494071125665,52.41604995727539,3491400,0.0,0.0
2017-08-30 00:00:00-04:00,52.45464097753095,52.89873705529273,52.28086702689062,52.73139572143555,3426800,0.0,0.0
2017-08-31 00:00:00-04:00,52.19721113795331,52.84082657716456,51.675884203518955,51.971946716308594,5374100,0.0,0.0
2017-09-01 00:00:00-04:00,51.97194391550349,52.197208325008546,51.55359292048219,52.03630447387695,4889900,0.0,0.0
2017-09-05 00:00:00-04:00,51.95263058572987,52.45464976096915,51.84321715736137,52.22938537597656,3301700,0.0,0.0
2017-09-06 00:00:00-04:00,52.28088098885002,52.39029442811702,52.02343384733087,52.34524154663086,2517500,0.0,0.0
2017-09-07 00:00:00-04:00,52.42246414446205,52.59624302503008,52.023425801696284,52.42890167236328,3257200,0.0,0.0
2017-09-08 00:00:00-04:00,52.42246972763291,52.789330290754485,51.91401790836953,52.596248626708984,3546800,0.0,0.0
2017-09-11 00:00:00-04:00,52.84082892503529,53.136891450979846,52.750723152373745,53.13045883178711,2905500,0.0,0.0
2017-09-12 00:00:00-04:00,53.30422069414379,53.4072015025038,52.815071675224125,52.89230728149414,2256000,0.0,0.0
2017-09-13 00:00:00-04:00,52.94380460136869,53.00172763084089,52.56406895893282,52.71854019165039,2939200,0.0,0.0
2017-09-14 00:00:00-04:00,52.76359065498138,52.77646080191996,52.13284542628679,52.31305694580078,2987900,0.0,0.0
2017-09-15 00:00:00-04:00,52.34523874985713,52.69922425393641,51.82390696577644,52.40959930419922,5962900,0.0,0.0
2017-09-18 00:00:00-04:00,52.28730849594166,52.525447937886526,52.15858739296327,52.390289306640625,2766200,0.0,0.0
2017-09-19 00:00:00-04:00,52.32592219673029,52.40315288467926,51.87538857198423,52.02342224121094,2382900,0.0,0.0
2017-09-20 00:00:00-04:00,51.804605600955576,51.84965848552259,50.92928820617111,51.40556716918945,6182400,0.0,0.0
2017-09-21 00:00:00-04:00,51.48279108190584,51.785291085655174,50.80699790263173,50.85205078125,2962700,0.0,0.0
2017-09-22 00:00:00-04:00,50.85206082878137,51.00008964046283,49.815839505425274,49.893070220947266,4792600,0.0,0.0
2017-09-25 00:00:00-04:00,49.94455610344143,50.49162823376806,49.86088786575722,50.472320556640625,4332600,0.0,0.0
2017-09-26 00:00:00-04:00,50.588167417567206,50.78769152258903,50.221306850779484,50.581729888916016,3160300,0.0,0.0
2017-09-27 00:00:00-04:00,50.613908721315056,50.716889530215546,50.073274205773195,50.35002899169922,3278800,0.0,0.0
2017-09-28 00:00:00-04:00,50.38220502422289,50.68470500164193,50.02821955457544,50.18268585205078,2804500,0.0,0.0
2017-09-29 00:00:00-04:00,50.22131288534533,50.3751359568622,49.84158212602261,49.91238021850586,3781800,0.0,0.0
2017-10-02 00:00:00-04:00,49.912379434462856,50.3757784274428,49.487590886236084,50.10546112060547,3635900,0.0,0.0
2017-10-03 00:00:00-04:00,50.16981935879356,50.29210785829678,49.74503574063883,50.086151123046875,2372900,0.0,0.0
2017-10-04 00:00:00-04:00,49.70642611055654,50.29855117877877,49.40392604667879,50.05397415161133,3681100,0.0,0.0
2017-10-05 00:00:00-04:00,50.169820816462895,50.514157428586195,50.008916958924026,50.36290740966797,2845300,0.0,0.0
2017-10-06 00:00:00-04:00,50.7426394765081,50.80700494951492,50.19235101923152,50.31785583496094,2355900,0.0,0.0
2017-10-09 00:00:00-04:00,50.38864883332259,50.601043087824,49.68388920454698,49.77077865600586,2673700,0.0,0.0
2017-10-10 00:00:00-04:00,50.0410932212624,50.36290089471103,49.98317019703144,50.2921028137207,2984700,0.0,0.0
2017-10-11 00:00:00-04:00,50.24061808204764,50.62679126211978,50.15051231613639,50.32429122924805,2327700,0.0,0.0
2017-10-12 00:00:00-04:00,50.427263132227274,50.6190631832663,50.227743939349196,50.29854202270508,2485400,0.0,0.0
2017-10-13 00:00:00-04:00,50.55599215782465,50.588169981920466,49.98317483872299,50.03466033935547,3707800,0.0,0.0
2017-10-16 00:00:00-04:00,50.06683609822726,50.2631389663263,49.867316921285514,49.97673034667969,3432300,0.0,0.0
2017-10-17 00:00:00-04:00,50.02822186440505,50.208433371512584,49.77720736762494,49.90593338012695,4373400,0.0,0.0
2017-10-18 00:00:00-04:00,49.82227728366252,49.855741635703936,49.345998287051394,49.62275314331055,3279400,0.0,0.0
2017-10-19 00:00:00-04:00,49.5583852701506,49.61502177485208,49.11428907757196,49.21726989746094,3965000,0.0,0.0
2017-10-20 00:00:00-04:00,49.41035378783233,49.62274805559367,48.9920076918367,49.37173843383789,4761200,0.0,0.0
2017-10-23 00:00:00-04:00,49.48113773870165,49.622733876750544,49.20438298989551,49.596988677978516,4240900,0.0,0.0
2017-10-24 00:00:00-04:00,49.635617322143034,49.82869897998152,49.51332883490188,49.69997787475586,3061500,0.0,0.0
2017-10-25 00:00:00-04:00,49.38461040898236,49.82870168338133,49.0628027180635,49.77077865600586,3927100,0.0,0.0
2017-10-26 00:00:00-04:00,49.93811278932183,50.16338209076886,49.654925373597884,49.751468658447266,2849600,0.0,0.0
2017-10-27 00:00:00-04:00,49.44253112900834,49.86088208975868,49.06601673745166,49.751468658447266,3751800,0.0,0.0
2017-10-30 00:00:00-04:00,49.68709726328347,49.699972318603926,48.406304241009984,48.44491958618164,5216300,0.0,0.0
2017-10-31 00:00:00-04:00,49.03061998481335,49.815831536318676,48.92763916672939,49.77077865600586,4836100,0.0,0.0
2017-11-01 00:00:00-04:00,50.01534866127497,50.11189194663007,49.60987275525812,50.0089111328125,4052600,0.0,0.0
2017-11-02 00:00:00-04:00,49.455398239516946,50.32428283942707,48.59939360606908,50.2213020324707,6533400,0.0,0.0
2017-11-03 00:00:00-04:00,50.118327624269,50.32428433390287,49.92524106068931,50.201995849609375,4077600,0.0,0.0
2017-11-06 00:00:00-05:00,50.25991847565664,50.34359161073173,49.243009991965,49.558380126953125,4682000,0.0,0.0
2017-11-07 00:00:00-05:00,49.51333652633748,50.61391835128682,49.23014415837525,50.31785583496094,3421700,0.0,0.0
2017-11-08 00:00:00-05:00,50.61391399267038,51.547154346149135,50.343596706746354,51.21891403198242,4058700,0.0,0.0
2017-11-09 00:00:00-05:00,51.012953786168204,51.45061241861298,50.85848256737918,51.1094970703125,3431600,0.0,0.0
2017-11-10 00:00:00-05:00,50.82631321998763,51.4120007300897,50.82631321998763,51.309024810791016,3403000,0.0,0.0
2017-11-13 00:00:00-05:00,51.27040135856624,51.727367669784755,51.23178109833119,51.39268493652344,3237500,0.0,0.0
2017-11-14 00:00:00-05:00,51.19316406810922,51.411990923878,50.86491887406075,51.09018325805664,2839200,0.0,0.0
2017-11-15 00:00:00-05:00,51.16099165694733,51.41843882361261,50.568866610894574,50.70402526855469,3277400,0.0,0.0
2017-11-16 00:00:00-05:00,51.07056348755823,52.00478268173598,50.934324013351144,51.69337463378906,3028900,0.625,0.0
2017-11-17 00:00:00-05:00,51.66095733642578,51.94641442718859,51.43064941519548,51.66095733642578,4263200,0.0,0.0
2017-11-20 00:00:00-05:00,51.70636184479659,52.52380386331333,51.66094867430479,51.8555793762207,3736700,0.0,0.0
2017-11-21 00:00:00-05:00,51.97882730904431,52.089115691015685,51.745272529774006,51.90746307373047,2455600,0.0,0.0
2017-11-22 00:00:00-05:00,51.92693488778231,52.030734281561124,51.634988884098384,51.78420639038086,2923900,0.0,0.0
2017-11-24 00:00:00-05:00,52.06317335311594,52.12804859166066,51.60255272488599,51.74528121948242,1144800,0.0,0.0
2017-11-27 00:00:00-05:00,51.74527216376258,51.926924779762906,51.54415252490859,51.64795684814453,4605000,0.0,0.0
2017-11-28 00:00:00-05:00,51.70635489552956,51.8101592425107,51.067323614709984,51.23925018310547,3165500,0.0,0.0
2017-11-29 00:00:00-05:00,51.21978794033853,52.91305814874653,51.1419396224944,52.60813903808594,4067400,0.0,0.0
2017-11-30 00:00:00-05:00,52.83519281709261,53.31527543797207,52.2253547921494,52.78977966308594,4409700,0.0,0.0
2017-12-01 00:00:00-05:00,52.517298377028204,52.938994799103824,52.08911789667683,52.685977935791016,3360800,0.0,0.0
2017-12-04 00:00:00-05:00,52.75735384187666,53.38665411019606,52.65679647007253,53.146610260009766,2908100,0.0,0.0
2017-12-05 00:00:00-05:00,53.23094986591576,53.50991785903943,52.23185530797662,52.316192626953125,3248000,0.0,0.0
2017-12-06 00:00:00-05:00,52.387559295108005,52.64057621337752,52.056689113654066,52.21887969970703,2582100,0.0,0.0
2017-12-07 00:00:00-05:00,52.011274711019674,52.22536746743904,51.45333871228884,51.48577880859375,2532300,0.0,0.0
2017-12-08 00:00:00-05:00,51.64147413904914,51.71024475906378,50.56128439823335,50.91486358642578,5332600,0.0,0.0
2017-12-11 00:00:00-05:00,50.72023943211491,50.856478928193205,50.07796610784187,50.843505859375,3988400,0.0,0.0
2017-12-12 00:00:00-05:00,50.81753916867954,51.3105948270008,50.681299714433216,51.21976852416992,3140800,0.0,0.0
2017-12-13 00:00:00-05:00,51.414394893636924,51.641460631941435,51.10298691706083,51.43385696411133,3028300,0.0,0.0
2017-12-14 00:00:00-05:00,51.433875909199585,51.70635489552956,51.16788593197185,51.23925018310547,3321300,0.0,0.0
2017-12-15 00:00:00-05:00,51.771237733621255,51.79069981225915,51.25871488094646,51.60255813598633,6684900,0.0,0.0
2017-12-18 00:00:00-05:00,51.88802071159949,52.13454865018569,51.440373056335446,51.49227523803711,2721100,0.0,0.0
2017-12-19 00:00:00-05:00,51.58959660556379,51.78422735347609,50.856496694469776,50.940834045410156,2889900,0.0,0.0
2017-12-20 00:00:00-05:00,51.128959458276164,51.18086163443778,50.16230493816975,50.201229095458984,3802400,0.0,0.0
2017-12-21 00:00:00-05:00,50.49964553758418,50.713738244149525,50.00010083859432,50.525596618652344,4562400,0.0,0.0
2017-12-22 00:00:00-05:00,50.6942952799328,50.99272540021567,50.525615664237456,50.75917053222656,3091400,0.0,0.0
2017-12-26 00:00:00-05:00,50.68132040027795,50.90838625003326,50.60346713050572,50.67483139038086,2532000,0.0,0.0
2017-12-27 00:00:00-05:00,50.75916307508841,50.99271790876547,50.57102140631168,50.59048843383789,1757300,0.0,0.0
2017-12-28 00:00:00-05:00,50.74619395603993,50.79160712447482,50.42181276731522,50.55156326293945,1883800,0.0,0.0
2017-12-29 00:00:00-05:00,50.40882099375608,51.044610128031756,50.402336935508956,50.447750091552734,2443700,0.0,0.0
2018-01-02 00:00:00-05:00,50.74618817471802,50.804574406197965,49.876844114151545,49.96767044067383,4009000,0.0,0.0
2018-01-03 00:00:00-05:00,50.16879302116837,50.337467666082894,49.889825016531134,49.96118927001953,3369300,0.0,0.0
2018-01-04 00:00:00-05:00,50.103919671012065,50.746193027022855,49.99362630712008,50.54507827758789,3608500,0.0,0.0
2018-01-05 00:00:00-05:00,50.62941976020723,50.81756145563046,50.10392378483972,50.499664306640625,4152500,0.0,0.0
2018-01-08 00:00:00-05:00,50.48667812534716,50.97973882152956,50.48667812534716,50.91486358642578,3126900,0.0,0.0
2018-01-09 00:00:00-05:00,50.953793169536205,51.070570585037444,50.63590101887427,51.00569534301758,3436500,0.0,0.0
2018-01-10 00:00:00-05:00,51.025165317238525,51.025165317238525,50.21421229232903,50.5321044921875,3823700,0.0,0.0
2018-01-11 00:00:00-05:00,50.61642614664004,50.7332035440422,49.96766392766424,50.03902816772461,3493700,0.0,0.0
2018-01-12 00:00:00-05:00,50.1817741394043,50.32450266927506,49.69520230557103,50.1817741394043,4223500,0.0,0.0
2018-01-16 00:00:00-05:00,50.584007120540775,51.20032944505056,50.31801215018182,51.0186767578125,5327800,0.0,0.0
2018-01-17 00:00:00-05:00,51.32359598232029,52.335663784279014,51.11599220372197,51.946407318115234,6547600,0.0,0.0
2018-01-18 00:00:00-05:00,52.00477482940103,52.290226801449656,51.265181445908084,51.427371978759766,3447200,0.0,0.0
2018-01-19 00:00:00-05:00,51.596066208903146,51.87503420282035,51.31709821498594,51.6804084777832,3749400,0.0,0.0
2018-01-22 00:00:00-05:00,51.78420661523327,52.19292508256924,51.74528246110515,52.01127243041992,3988300,0.0,0.0
2018-01-23 00:00:00-05:00,51.745287559497804,52.2448324021279,51.61553211684685,52.07615280151367,2833000,0.0,0.0
2018-01-24 00:00:00-05:00,52.225372943259124,52.283759183133235,51.71285005581898,51.81016540527344,3119600,0.0,0.0
2018-01-25 00:00:00-05:00,51.90097472771383,52.18967370165023,51.50004215297491,51.68688201904297,2927300,0.0,0.0
2018-01-26 00:00:00-05:00,51.83611157089113,51.900986814476454,50.86296806811969,51.50524139404297,4772400,0.0,0.0
2018-01-29 00:00:00-05:00,51.36251784324668,51.823138551701106,50.85648396493517,50.875946044921875,3280500,0.0,0.0
2018-01-30 00:00:00-05:00,51.018659870684516,51.68040009763293,50.8824204003511,50.927833557128906,3334300,0.0,0.0
2018-01-31 00:00:00-05:00,51.00569716143821,51.17437180677061,50.50614738578187,50.85647964477539,4855700,0.0,0.0
2018-02-01 00:00:00-05:00,50.681314094063225,51.219783056577825,50.34395491669171,50.9732551574707,3119800,0.0,0.0
2018-02-02 00:00:00-05:00,50.68129077095915,50.82401425760606,49.72760980986395,50.07794189453125,5239700,0.0,0.0
2018-02-05 00:00:00-05:00,50.14283866443176,50.5638867426297,48.121945489727885,48.17708969116211,5372900,0.0,0.0
2018-02-06 00:00:00-05:00,47.90460319133029,48.21601125585928,46.743323094633745,48.20952224731445,7556400,0.0,0.0
2018-02-07 00:00:00-05:00,47.90460935075288,48.46903437480597,47.697005597594945,47.71647262573242,6753700,0.0,0.0
2018-02-08 00:00:00-05:00,47.748909524455485,48.03436655164053,46.224318942257696,46.438411712646484,8210800,0.0,0.0
2018-02-09 00:00:00-05:00,46.71088537641252,47.13907086820146,45.57230932724133,46.308650970458984,6871000,0.0,0.0
2018-02-12 00:00:00-05:00,46.39947811810181,47.11960467638626,46.35406495450115,46.58761978149414,4372900,0.0,0.0
2018-02-13 00:00:00-05:00,46.39947300150712,46.7043920447717,45.854515098393186,46.52273941040039,4043600,0.0,0.0
2018-02-14 00:00:00-05:00,46.28271315403141,46.73684986185827,45.86750556095054,46.65899658203125,5503100,0.0,0.0
2018-02-15 00:00:00-05:00,46.83415076526171,47.216918136161155,45.83505625608796,47.171504974365234,7410900,0.0,0.0
2018-02-16 00:00:00-05:00,45.37444083850497,46.22431794239549,43.88877444681777,45.932376861572266,14988800,0.0,0.0
2018-02-20 00:00:00-05:00,45.91939109901521,45.93236911578021,44.12880590950606,44.563480377197266,8715200,0.0,0.0
2018-02-21 00:00:00-05:00,44.71270674389153,44.719195754279916,43.752541092327654,43.772003173828125,6647900,0.0,0.0
2018-02-22 00:00:00-05:00,43.7136102706242,44.27738695434713,43.49952243282444,43.88228988647461,5972000,0.0,0.0
2018-02-23 00:00:00-05:00,44.089904945022816,44.83598291214593,43.69415936984444,44.777591705322266,5740900,0.0,0.0
2018-02-26 00:00:00-05:00,45.153859791225756,45.41336572817672,44.479146335018875,45.244686126708984,7520500,0.0,0.0
2018-02-27 00:00:00-05:00,45.16034685500454,45.42309481059328,44.02501276071773,44.03150177001953,5412100,0.0,0.0
2018-02-28 00:00:00-05:00,44.29100140608576,44.49860515048767,43.486537515236314,43.499515533447266,6193000,0.0,0.0
2018-03-01 00:00:00-05:00,43.557900566979924,44.10869912790537,43.05186676328857,43.39570999145508,5209600,0.0,0.0
2018-03-02 00:00:00-05:00,43.4800581451377,43.862830572597595,43.15567691324431,43.57737350463867,4820800,0.0,0.0
2018-03-05 00:00:00-05:00,43.28541594901735,43.94066717468078,43.28541594901735,43.746036529541016,3910800,0.0,0.0
2018-03-06 00:00:00-05:00,43.921204422567044,44.03149777202782,43.61629030836195,43.966617584228516,3539400,0.0,0.0
2018-03-07 00:00:00-05:00,43.69414249120416,43.84984406647828,43.29191300927402,43.765506744384766,3316500,0.0,0.0
2018-03-08 00:00:00-05:00,43.98486619425548,44.10928531275562,43.5232105138779,43.86699676513672,3508400,0.625,0.0
2018-03-09 00:00:00-05:00,44.004513223016176,44.266445860428675,43.56577892802121,44.02416229248047,4911000,0.0,0.0
2018-03-12 00:00:00-04:00,44.04381442504926,44.45635503219392,43.93903935253291,44.33193588256836,2653200,0.0,0.0
2018-03-13 00:00:00-04:00,44.423606410729164,44.495638015726,43.978327392130325,44.115840911865234,3360700,0.0,0.0
2018-03-14 00:00:00-04:00,44.27300309975741,44.46945386030328,43.36279090139893,43.59852981567383,3900900,0.0,0.0
2018-03-15 00:00:00-04:00,43.48065325765273,43.65745491651,42.63919546573965,42.8651123046875,4870800,0.0,0.0
2018-03-16 00:00:00-04:00,42.858561430766905,43.11394437314392,42.52460219593505,42.79962921142578,7204500,0.0,0.0
2018-03-19 00:00:00-04:00,42.6817632365732,42.799632680759345,41.634037619335174,41.87632369995117,6947200,0.0,0.0
2018-03-20 00:00:00-04:00,41.92870454022197,42.046573972624735,41.136361965272606,41.372100830078125,7502500,0.0,0.0
2018-03-21 00:00:00-04:00,40.946470875306126,41.09708129816498,40.43570487622172,40.592864990234375,7088700,0.0,0.0
2018-03-22 00:00:00-04:00,40.422601944593374,40.573212344920634,39.61061522126599,39.63680648803711,8156600,0.0,0.0
2018-03-23 00:00:00-04:00,39.76777576155877,40.374803689770154,39.257009801025625,39.30939483642578,6316300,0.0,0.0
2018-03-26 00:00:00-04:00,39.865993878890485,40.422597580793585,39.63680220906743,40.37021255493164,5310600,0.0,0.0
2018-03-27 00:00:00-04:00,40.42915372916678,40.586311329834516,39.54513285800441,39.748130798339844,5276500,0.0,0.0
2018-03-28 00:00:00-04:00,39.83981187005979,40.57321993431107,39.781531606889544,40.18687057495117,4778200,0.0,0.0
2018-03-29 00:00:00-04:00,40.4618920793703,41.00539895210618,40.39313532126379,40.789306640625,5001900,0.0,0.0
2018-04-02 00:00:00-04:00,40.560113624213635,40.59940426955186,39.15223255558662,39.329036712646484,5294200,0.0,0.0
2018-04-03 00:00:00-04:00,39.6957479864943,39.72194175571205,38.94924304961546,39.44691467285156,6325300,0.0,0.0
2018-04-04 00:00:00-04:00,39.15223807790099,40.48350644775106,39.11032954908066,40.193416595458984,4764400,0.0,0.0
2018-04-05 00:00:00-04:00,40.40295834274243,40.53392467002995,39.91183648889542,40.14757537841797,4272700,0.0,0.0
2018-04-06 00:00:00-04:00,40.003515696258766,40.58631328120776,39.39452434394742,39.64336013793945,3932000,0.0,0.0
2018-04-09 00:00:00-04:00,39.87253536067283,40.206499532371026,39.51237992878153,39.71537780761719,4669300,0.0,0.0
2018-04-10 00:00:00-04:00,40.370216646361904,40.48153639883468,39.695740947469936,40.10828399658203,4667400,0.0,0.0
2018-04-11 00:00:00-04:00,39.846357307000034,40.48809214515361,39.80051946112839,40.29819107055664,3852600,0.0,0.0
2018-04-12 00:00:00-04:00,40.29162645138381,40.406223521579925,39.800504715026726,39.905277252197266,5145800,0.0,0.0
2018-04-13 00:00:00-04:00,39.9904067454661,40.02969738465367,39.61060722521717,39.892181396484375,3746000,0.0,0.0
2018-04-16 00:00:00-04:00,39.30285123336665,40.1475815513805,39.23736681066676,40.069000244140625,5446000,0.0,0.0
2018-04-17 00:00:00-04:00,40.39641571044922,40.47499701933621,40.00351915791571,40.39641571044922,4444100,0.0,0.0
2018-04-18 00:00:00-04:00,40.37676083999128,40.4684365112136,39.51893384874371,39.80706024169922,5525800,0.0,0.0
2018-04-19 00:00:00-04:00,39.78086384213017,39.87253950727561,39.04745602299207,39.112937927246094,7461800,0.0,0.0
2018-04-20 00:00:00-04:00,39.19152675296129,39.39321576592927,37.68542008747782,38.1241569519043,9765800,0.0,0.0
2018-04-23 00:00:00-04:00,37.9800910897852,38.10450773029108,37.593741787401136,37.770545959472656,7905100,0.0,0.0
2018-04-24 00:00:00-04:00,37.947341241210374,37.980082191780824,36.74245577520732,37.01748275756836,8266800,0.0,0.0
2018-04-25 00:00:00-04:00,37.01094320571494,37.58719354699581,36.86033280362532,37.22703552246094,6766600,0.0,0.0
2018-04-26 00:00:00-04:00,37.34489680667123,37.63040278821556,37.004385429321246,37.54134750366211,5147400,0.0,0.0
2018-04-27 00:00:00-04:00,37.606835893892914,38.150342754898396,37.56099805614455,37.7574462890625,4096100,0.0,0.0
2018-04-30 00:00:00-04:00,37.914610206873085,38.08486469315262,36.90617267851914,36.91926956176758,6761600,0.0,0.0
2018-05-01 00:00:00-04:00,36.87997713387494,36.95855593160185,36.2120511082588,36.47398376464844,6350200,0.0,0.0
2018-05-02 00:00:00-04:00,36.591866174347196,36.637704030759025,35.432817880842826,35.49175262451172,9045100,0.0,0.0
2018-05-03 00:00:00-04:00,36.847242614530586,36.932371117427714,35.97631850313971,35.98286819458008,10380800,0.0,0.0
2018-05-04 00:00:00-04:00,36.01560613016147,38.27476737792118,35.81260817815678,37.98664093017578,9221300,0.0,0.0
2018-05-07 00:00:00-04:00,38.30750670538555,38.79535374091856,38.104508762034705,38.52360153198242,7337400,0.0,0.0
2018-05-08 00:00:00-04:00,38.431930093918,38.7200565799456,37.73126295412897,38.47776794433594,7163200,0.0,0.0
2018-05-09 00:00:00-04:00,38.59562384384209,38.84445958573143,38.03902014280041,38.294403076171875,5002300,0.0,0.0
2018-05-10 00:00:00-04:00,38.471208889433356,38.86410534273129,38.34024257234247,38.661109924316406,3934200,0.0,0.0
2018-05-11 00:00:00-04:00,38.61527575536932,39.19807329889928,38.61527575536932,38.79207992553711,3980300,0.0,0.0
2018-05-14 00:00:00-04:00,38.87720254053727,39.02781293212598,38.58252894917903,38.818267822265625,4228700,0.0,0.0
2018-05-15 00:00:00-04:00,38.73968871538105,38.955783513277225,38.38608040862807,38.661109924316406,5662600,0.0,0.0
2018-05-16 00:00:00-04:00,38.674203465418735,38.8444579143492,38.32714238040835,38.82481384277344,4334000,0.0,0.0
2018-05-17 00:00:00-04:00,38.8612185477736,38.94063449839571,38.19941306855178,38.4244270324707,4694100,0.625,0.0
2018-05-18 00:00:00-04:00,38.12662282911425,38.15971260576681,36.87250085465323,37.58394241333008,9529000,0.0,0.0
2018-05-21 00:00:00-04:00,37.72290971993635,37.95454061189048,37.19478876169355,37.358917236328125,4588300,0.0,0.0
2018-05-22 00:00:00-04:00,37.44496154785156,37.89234125887668,37.200091661496074,37.44496154785156,4179500,0.0,0.0
2018-05-23 00:00:00-04:00,37.259650689284214,37.77586071739779,37.259650689284214,37.709678649902344,3134900,0.0,0.0
2018-05-24 00:00:00-04:00,37.72292121567299,37.82881001634749,37.31260242863281,37.762630462646484,2750600,0.0,0.0
2018-05-25 00:00:00-04:00,37.80233496547374,38.46414056197861,37.78909855059308,38.23250961303711,3296000,0.0,0.0
2018-05-29 00:00:00-04:00,38.10013463694448,38.2920587985738,37.68319655037424,37.98762893676758,4231400,0.0,0.0
2018-05-30 00:00:00-04:00,38.15308804580945,39.08623369887145,38.014106972265004,38.940635681152344,5587300,0.0,0.0
2018-05-31 00:00:00-04:00,38.907550785795145,39.006820108378385,37.82219003485549,38.040584564208984,6787400,0.0,0.0
2018-06-01 00:00:00-04:00,38.14647577534992,38.503851418322775,37.90822534670135,38.15309524536133,4745600,0.0,0.0
2018-06-04 00:00:00-04:00,38.28544503812023,38.82150837218942,38.21926550163205,38.66267395019531,3626300,0.0,0.0
2018-06-05 00:00:00-04:00,38.90093270495967,38.908875058918014,38.164343752318295,38.33177947998047,4920300,0.0,0.0
2018-06-06 00:00:00-04:00,38.44428774576354,38.44428774576354,37.72953647962555,38.33177947998047,4826800,0.0,0.0
2018-06-07 00:00:00-04:00,38.060435829131265,38.4906104437476,37.76924229782329,38.166324615478516,4501800,0.0,0.0
2018-06-08 00:00:00-04:00,38.24573098894946,38.77517475304813,38.1663125308944,38.69575881958008,4266700,0.0,0.0
2018-06-11 00:00:00-04:00,38.78180112625523,39.80098219784874,38.76856723794828,39.62891387939453,5252000,0.0,0.0
2018-06-12 00:00:00-04:00,39.86054543924891,40.13850506536213,39.23844917065289,39.78774642944336,4309300,0.0,0.0
2018-06-13 00:00:00-04:00,39.94657644202357,40.15835397915845,39.47669518929228,39.774505615234375,3477900,0.0,0.0
2018-06-14 00:00:00-04:00,39.96642489263411,40.376743504906415,39.66861197865136,40.151729583740234,3572700,0.0,0.0
2018-06-15 00:00:00-04:00,40.24439037278281,40.79368758417203,39.966430770655926,40.773834228515625,7616400,0.0,0.0
2018-06-18 00:00:00-04:00,40.65471541290813,41.46211899722664,40.01938268652037,40.28410339355469,4491300,0.0,0.0
2018-06-19 00:00:00-04:00,40.09880128477974,41.21063489141385,40.039238679974765,41.12459945678711,5974300,0.0,0.0
2018-06-20 00:00:00-04:00,41.21063189675209,41.918763633204335,41.031944095321926,41.72022247314453,6027600,0.0,0.0
2018-06-21 00:00:00-04:00,41.7268345674959,41.826106398280345,41.197390694016406,41.4091682434082,4956000,0.0,0.0
2018-06-22 00:00:00-04:00,41.568004836644,41.99155995752747,41.46873300067983,41.832725524902344,4247200,0.0,0.0
2018-06-25 00:00:00-04:00,41.594464446972786,42.712917082947214,41.57461109471805,41.905513763427734,4976500,0.0,0.0
2018-06-26 00:00:00-04:00,42.07759538039058,42.097448737748344,41.2635723844948,41.832725524902344,4190400,0.0,0.0
2018-06-27 00:00:00-04:00,41.68713009803377,42.2331176229652,41.369461232264804,41.48858642578125,3250100,0.0,0.0
2018-06-28 00:00:00-04:00,41.58785455332877,41.905520866182314,41.36615033361652,41.46211242675781,3688000,0.0,0.0
2018-06-29 00:00:00-04:00,41.63418570647228,41.845963273673696,41.117978201992315,41.574623107910156,3812500,0.0,0.0
2018-07-02 00:00:00-04:00,41.362847134224815,41.42240973508161,40.71427799411071,41.09150695800781,3666600,0.0,0.0
2018-07-03 00:00:00-04:00,41.250335848571446,41.77977971569655,41.250335848571446,41.45549392700195,1674000,0.0,0.0
2018-07-05 00:00:00-04:00,41.879049198308884,42.355549943036046,41.45549410281253,42.32246017456055,2834300,0.0,0.0
2018-07-06 00:00:00-04:00,42.35555251890208,42.76587375163206,42.137155489424416,42.64012908935547,3330000,0.0,0.0
2018-07-09 00:00:00-04:00,42.78572895567344,42.85190849950553,42.1040675361817,42.33570098876953,3079900,0.0,0.0
2018-07-10 00:00:00-04:00,42.580556453387544,42.580556453387544,41.912136643568374,42.35554504394531,3112900,0.0,0.0
2018-07-11 00:00:00-04:00,42.29598884549158,42.54085617037353,42.03126563915224,42.1834831237793,2520900,0.0,0.0
2018-07-12 00:00:00-04:00,42.30922614329931,42.388644621614965,41.885671023966445,42.11730194091797,2659900,0.0,0.0
2018-07-13 00:00:00-04:00,42.11730424861065,42.746017493238305,42.02465187675343,42.256282806396484,3997900,0.0,0.0
2018-07-16 00:00:00-04:00,42.28275075831853,42.34893281957635,41.422404158666794,41.45549392700195,4164900,0.0,0.0
2018-07-17 00:00:00-04:00,41.455493208520224,41.94523035499031,41.39593061671424,41.72683334350586,5032300,0.0,0.0
2018-07-18 00:00:00-04:00,41.72684037761223,41.81287580796597,40.727515085058656,40.76060485839844,5196400,0.0,0.0
2018-07-19 00:00:00-04:00,40.57529663650879,41.03855847280604,40.2907200658761,40.595149993896484,6839500,0.0,0.0
2018-07-20 00:00:00-04:00,40.54883031031911,40.62162933186069,40.072329459929215,40.164981842041016,5809500,0.0,0.0
2018-07-23 00:00:00-04:00,39.973061503533,40.29734485204695,39.800990624062294,39.90687942504883,4857500,0.0,0.0
2018-07-24 00:00:00-04:00,39.90686733125728,40.01937556829065,39.14579259374436,39.48992919921875,6374000,0.0,0.0
2018-07-25 00:00:00-04:00,39.51640826780893,39.814221266331735,39.00681769802274,39.60244369506836,3713900,0.0,0.0
2018-07-26 00:00:00-04:00,40.18483542579195,40.833404588018695,39.860549582384614,40.0260009765625,4082200,0.0,0.0
2018-07-27 00:00:00-04:00,40.10541943710727,40.40257102801899,39.633553728041846,39.88040542602539,3771100,0.0,0.0
2018-07-30 00:00:00-04:00,39.774505800678114,40.118644931273636,39.58920108596798,39.89363098144531,3743100,0.0,0.0
2018-07-31 00:00:00-04:00,40.11203734337302,40.482646859233576,39.71495247333788,39.87378692626953,6484800,0.0,0.0
2018-08-01 00:00:00-04:00,39.70833524239802,39.77451479130016,39.211981051868044,39.231834411621094,4013200,0.0,0.0
2018-08-02 00:00:00-04:00,39.11271649051816,39.47671165105514,38.54555002650958,39.31126022338867,6445100,0.0,0.0
2018-08-03 00:00:00-04:00,40.370136187288374,43.01073876347469,39.959817477187364,42.673221588134766,16199700,0.0,0.0
2018-08-06 00:00:00-04:00,42.256285984845235,42.434976321993226,41.13121849956719,41.23048782348633,7453200,0.0,0.0
2018-08-07 00:00:00-04:00,41.362839797022275,41.38931262039334,40.41976755456764,40.5819091796875,6542400,0.0,0.0
2018-08-08 00:00:00-04:00,39.76127191355944,40.270859879012306,39.377423547845716,39.89363098144531,11053800,0.0,0.0
2018-08-09 00:00:00-04:00,39.986281491597765,40.11864307795647,39.49654690403404,39.70832443237305,6568700,0.0,0.0
2018-08-10 00:00:00-04:00,39.5494963148204,39.708330748633514,39.11270477756894,39.47669982910156,5118000,0.0,0.0
2018-08-13 00:00:00-04:00,39.36419603401335,39.51641101615865,38.93402391697348,39.231834411621094,5790400,0.0,0.0
2018-08-14 00:00:00-04:00,39.37743436102635,39.74804641680537,39.331108169627484,39.39067077636719,4439900,0.0,0.0
2018-08-15 00:00:00-04:00,39.41713227588233,39.43036868741812,39.03328391510663,39.106082916259766,5299600,0.0,0.0
2018-08-16 00:00:00-04:00,39.443866424773944,40.23314526918756,39.35022360451733,40.15287780761719,6261800,0.625,0.0
2018-08-17 00:00:00-04:00,40.33348784276142,41.00905847954806,39.97898204521722,40.81508255004883,6417000,0.0,0.0
2018-08-20 00:00:00-04:00,40.821768394057116,41.25787868352504,40.540839861834534,40.56090545654297,4647000,0.0,0.0
2018-08-21 00:00:00-04:00,40.63447204660101,40.63447204660101,39.8585711186384,40.02579116821289,4849800,0.0,0.0
2018-08-22 00:00:00-04:00,40.11943633316188,40.19970124720891,39.69135338947692,39.831817626953125,3224800,0.0,0.0
2018-08-23 00:00:00-04:00,39.637842536608304,39.79168723966683,39.29671473142033,39.33015823364258,5179800,0.0,0.0
2018-08-24 00:00:00-04:00,39.410427729978984,39.74486789422487,39.303406979483334,39.484004974365234,4513200,0.0,0.0
2018-08-27 00:00:00-04:00,39.69806030371791,40.04587850188121,39.584351833021735,39.84521484375,3496800,0.0,0.0
2018-08-28 00:00:00-04:00,39.805066982531756,40.045864307569,39.3234748840332,39.3234748840332,4293500,0.0,0.0
2018-08-29 00:00:00-04:00,39.397053578346366,39.71142560731756,39.169634157614,39.66460418701172,5188900,0.0,0.0
2018-08-30 00:00:00-04:00,39.55088823630589,39.845194615381516,38.90541872009439,38.94220733642578,5063800,0.0,0.0
2018-08-31 00:00:00-04:00,39.03250499376548,39.176314343356395,38.54756785412722,38.975650787353516,5520300,0.0,0.0
2018-09-04 00:00:00-04:00,39.09605429148741,39.20976271844698,37.82518069285489,37.89875793457031,6918700,0.0,0.0
2018-09-05 00:00:00-04:00,37.892071647006354,38.60375976570644,37.65127432038712,38.12617874145508,7064200,0.0,0.0
2018-09-06 00:00:00-04:00,38.15292968943161,38.293393928143594,37.49742735720007,37.99239730834961,8822100,0.0,0.0
2018-09-07 00:00:00-04:00,37.918823349809955,37.93889149391402,37.57100528705786,37.85193634033203,6815900,0.0,0.0
2018-09-10 00:00:00-04:00,38.05928563962335,38.44723484143351,37.99908631760058,38.286705017089844,8285300,0.0,0.0
2018-09-11 00:00:00-04:00,38.36029205128858,38.70476761975726,37.918831064816914,38.6345329284668,7617300,0.0,0.0
2018-09-12 00:00:00-04:00,38.94889786442738,39.81844170619537,38.661279143843046,39.5442008972168,6699000,0.0,0.0
2018-09-13 00:00:00-04:00,39.63115842907321,40.07261933229606,39.397051340839845,39.791690826416016,5891500,0.0,0.0
2018-09-14 00:00:00-04:00,39.664599707867154,39.704064929997465,39.196383006106345,39.443870544433594,3953700,0.0,0.0
2018-09-17 00:00:00-04:00,38.80843040164737,39.12280491937294,38.59438893685672,39.02915954589844,7494000,0.0,0.0
2018-09-18 00:00:00-04:00,38.694725888458635,38.828502464146645,37.711473543040036,38.19306564331055,7285100,0.0,0.0
2018-09-19 00:00:00-04:00,38.34021960129419,38.42717475702478,38.00577944248906,38.0526008605957,5079400,0.0,0.0
2018-09-20 00:00:00-04:00,38.31346655580732,38.75760409872733,38.27333536684782,38.507442474365234,5364600,0.0,0.0
2018-09-21 00:00:00-04:00,38.748230035633554,38.75491771491368,38.15961474753928,38.20643615722656,11543500,0.0,0.0
2018-09-24 00:00:00-04:00,38.1261769829187,38.32684056198732,37.61448396324219,37.80511474609375,4729000,0.0,0.0
2018-09-25 00:00:00-04:00,37.89206621042103,38.021158074509245,37.18973992468958,37.22987365722656,3813200,0.0,0.0
2018-09-26 00:00:00-04:00,37.39709887553998,37.40378655609779,36.835239300373985,36.90212631225586,5436500,0.0,0.0
2018-09-27 00:00:00-04:00,36.86199170237012,37.306797689645556,36.33357568221925,36.81517028808594,7881900,0.0,0.0
2018-09-28 00:00:00-04:00,36.77503292756944,37.08271720583391,36.38708374010021,36.86198806762695,6505300,0.0,0.0
2018-10-01 00:00:00-04:00,37.11616129958959,37.41381276745346,36.938905913395935,37.14960479736328,6208700,0.0,0.0
2018-10-02 00:00:00-04:00,37.16968315008474,37.65127784845041,37.0961058987704,37.41048049926758,3930000,0.0,0.0
2018-10-03 00:00:00-04:00,37.50412913510929,37.791747951967196,37.04260251231655,37.189754486083984,5395100,0.0,0.0
2018-10-04 00:00:00-04:00,37.08941286692477,37.37703159789199,36.882059056913846,37.136234283447266,4349500,0.0,0.0
2018-10-05 00:00:00-04:00,37.25663025493449,37.48404964089645,36.942255722452344,37.38371658325195,4163400,0.0,0.0
2018-10-08 00:00:00-04:00,37.3569622858738,38.33352942520558,37.3569622858738,38.16630935668945,6060700,0.0,0.0
2018-10-09 00:00:00-04:00,38.326842372189,38.44724103563185,37.18305762105795,37.504119873046875,8535700,0.0,0.0
2018-10-10 00:00:00-04:00,37.33021528278422,38.146247619103654,37.27670362711676,37.28339385986328,7799600,0.0,0.0
2018-10-11 00:00:00-04:00,37.437239491666176,37.61114728545535,35.83192539580981,35.9991455078125,9593800,0.0,0.0
2018-10-12 00:00:00-04:00,36.079397525354274,36.407149950189165,35.47071663772563,36.28006362915039,9452500,0.0,0.0
2018-10-15 00:00:00-04:00,36.15297553475924,36.76165643549026,36.15297553475924,36.43390655517578,4829800,0.0,0.0
2018-10-16 00:00:00-04:00,36.59445070664063,37.22988767743973,36.447298735074334,37.082733154296875,4813700,0.0,0.0
2018-10-17 00:00:00-04:00,37.06266083317895,38.13955862648328,36.98908358495427,37.724853515625,7094000,0.0,0.0
2018-10-18 00:00:00-04:00,37.73152982366646,38.07265758347859,37.076027571315976,37.14960479736328,6075400,0.0,0.0
2018-10-19 00:00:00-04:00,37.557630361960854,38.63118295145893,37.52418430525818,38.50075149536133,8880700,0.0,0.0
2018-10-22 00:00:00-04:00,38.567643971813816,38.84857506816222,37.517501942225266,37.5977668762207,7390000,0.0,0.0
2018-10-23 00:00:00-04:00,37.59107670653624,38.03320615458543,37.142925538943224,37.85862731933594,6429000,0.0,0.0
2018-10-24 00:00:00-04:00,37.73822550312778,38.380352533760544,37.25997853558217,37.310142517089844,5833800,0.0,0.0
2018-10-25 00:00:00-04:00,37.29675424897381,37.81848247597283,37.01582582423025,37.44390869140625,5712800,0.0,0.0
2018-10-26 00:00:00-04:00,37.129544766403285,37.176368735403024,36.320200206275516,36.5543098449707,6480000,0.0,0.0
2018-10-29 00:00:00-04:00,36.902124649258965,37.530873759548165,36.60113055777888,37.136234283447266,6301400,0.0,0.0
2018-10-30 00:00:00-04:00,37.203118147977136,37.74491205968637,37.00914481802499,37.35696029663086,6015500,0.0,0.0
2018-10-31 00:00:00-04:00,37.12285441500019,37.1529528019317,35.96569187185684,36.768348693847656,8888100,0.0,0.0
2018-11-01 00:00:00-04:00,36.875366648095415,37.79173182026966,36.52754863311803,37.591068267822266,7427700,0.0,0.0
2018-11-02 00:00:00-04:00,34.94899116934797,35.129589133254235,33.71891998673978,33.93229293823242,22310600,0.0,0.0
2018-11-05 00:00:00-05:00,34.159707683552526,35.45064652529788,34.13964209636301,35.04262924194336,10481500,0.0,0.0
2018-11-06 00:00:00-05:00,35.29681998745856,35.932256895295254,35.06940054312468,35.75834655761719,6724000,0.0,0.0
2018-11-07 00:00:00-05:00,36.019202240476424,36.13960089561454,35.383768012506756,35.818538665771484,5379400,0.0,0.0
2018-11-08 00:00:00-05:00,35.617874840150876,35.851981917061465,35.410521035190236,35.65800857543945,5031800,0.0,0.0
2018-11-09 00:00:00-05:00,35.69145863647057,36.21652964964649,35.49748270763456,36.11285400390625,5712700,0.0,0.0
2018-11-12 00:00:00-05:00,36.13960486234121,36.701464464130886,35.79178677060702,35.898807525634766,5540900,0.0,0.0
2018-11-13 00:00:00-05:00,35.95232284186794,36.30014096903889,35.43728460845574,35.704837799072266,5511400,0.0,0.0
2018-11-14 00:00:00-05:00,35.738273980401026,35.82522913225411,34.8954833889113,35.20985794067383,5601600,0.0,0.0
2018-11-15 00:00:00-05:00,35.19970779669359,35.38247582012157,34.82740371144483,35.19293975830078,6902900,0.625,0.0
2018-11-16 00:00:00-05:00,35.20648149771529,35.80894030098219,35.04402272780614,35.253868103027344,11005000,0.0,0.0
2018-11-19 00:00:00-05:00,35.179410234863155,35.70063712246056,35.016948866659924,35.1252555847168,6378100,0.0,0.0
2018-11-20 00:00:00-05:00,35.23354490552309,35.44677550739281,34.326475621341494,34.4821662902832,5967000,0.0,0.0
2018-11-21 00:00:00-05:00,34.54309970162059,34.84771309750273,34.333256926195965,34.631099700927734,4154900,0.0,0.0
2018-11-23 00:00:00-05:00,34.54309891635706,34.86125096507205,34.40771748325183,34.549869537353516,2018700,0.0,0.0
2018-11-26 00:00:00-05:00,34.9018658691529,35.01017256164176,34.4889457970906,34.57017517089844,4527200,0.0,0.0
2018-11-27 00:00:00-05:00,34.47540221565762,35.101550272907836,34.241864894287836,35.0643196105957,5269200,0.0,0.0
2018-11-28 00:00:00-05:00,34.73939844866218,34.80032111389568,34.26555578376104,34.644630432128906,6212700,0.0,0.0
2018-11-29 00:00:00-05:00,34.495714621861154,34.966172070166756,34.40771720749506,34.651405334472656,4840300,0.0,0.0
2018-11-30 00:00:00-05:00,34.59724731280186,34.719092646399545,34.37386334046115,34.6040153503418,6402800,0.0,0.0
2018-12-03 00:00:00-05:00,34.793558497133695,34.969555900652594,34.441561107860714,34.80709457397461,5849600,0.0,0.0
2018-12-04 00:00:00-05:00,34.79355669789888,34.9898607887631,33.7511032430631,33.832332611083984,6460000,0.0,0.0
2018-12-06 00:00:00-05:00,33.845878066345996,34.00156879558292,32.84404038545043,33.520957946777344,8413300,0.0,0.0
2018-12-07 00:00:00-05:00,33.43972331728927,33.80864209087298,32.84064992343009,32.97264862060547,5152600,0.0,0.0
2018-12-10 00:00:00-05:00,33.07418607487481,33.168954102008655,31.94373262292167,32.6748046875,7708700,0.0,0.0
2018-12-11 00:00:00-05:00,32.97264899811968,33.378801025200765,32.58003821240002,32.749267578125,6550200,0.0,0.0
2018-12-12 00:00:00-05:00,33.13510440371529,33.28402446301934,32.64772309121359,32.66802978515625,7351700,0.0,0.0
2018-12-13 00:00:00-05:00,32.74250261552269,32.91985572381801,32.492043833994956,32.81019592285156,4683500,0.0,0.0
2018-12-14 00:00:00-05:00,32.73573364283671,32.79665632657839,32.06829288678845,32.12650680541992,5653400,0.0,0.0
2018-12-17 00:00:00-05:00,32.15358533881959,32.4818907812263,31.38866774352274,31.693281173706055,7994300,0.0,0.0
2018-12-18 00:00:00-05:00,31.801568844928926,31.977568757992533,31.056960978923538,31.239728927612305,7852600,0.0,0.0
2018-12-19 00:00:00-05:00,31.476656806603483,31.73388612288748,30.373280801969926,30.52220344543457,11399300,0.0,0.0
2018-12-20 00:00:00-05:00,30.51543638629988,30.786201785910407,30.06866844158455,30.359743118286133,11469400,0.0,0.0
2018-12-21 00:00:00-05:00,30.495129944469742,31.070511313828092,29.747813033908926,29.818212509155273,13230600,0.0,0.0
2018-12-24 00:00:00-05:00,29.824981023054786,29.933287701766115,28.72837299608829,28.796066284179688,5241100,0.0,0.0
2018-12-26 00:00:00-05:00,28.87730739990005,29.30376625061035,28.15977374752481,29.30376625061035,9547100,0.0,0.0
2018-12-27 00:00:00-05:00,29.256382241486303,29.64222510308529,28.620077985193547,29.621915817260742,9022000,0.0,0.0
2018-12-28 00:00:00-05:00,29.709905223208672,30.15667061821049,29.371446512381986,29.4932918548584,8321800,0.0,0.0
2018-12-31 00:00:00-05:00,29.04652721628845,29.39175397413867,28.660684482476686,29.1345272064209,9206000,0.0,0.0
2019-01-02 00:00:00-05:00,28.93821745068201,29.59482812324655,28.62345077161327,29.33759880065918,6417800,0.0,0.0
2019-01-03 00:00:00-05:00,29.20898268711598,29.703132008941505,29.0939054027267,29.317289352416992,7613500,0.0,0.0
2019-01-04 00:00:00-05:00,29.83851474057653,30.217586762189164,29.445901481352614,30.116050720214844,6452600,0.0,0.0
2019-01-07 00:00:00-05:00,30.116058728768774,30.941896268487294,29.791136077789982,30.684669494628906,6711400,0.0,0.0
2019-01-08 00:00:00-05:00,30.87420563437434,30.958143770904453,30.48836289037009,30.71174430847168,8308100,0.0,0.0
2019-01-09 00:00:00-05:00,30.67113315378788,30.77943985155495,30.30559708048576,30.549287796020508,6628800,0.0,0.0
2019-01-10 00:00:00-05:00,30.56282466102935,30.914819471422724,30.319133959806848,30.867435455322266,6153000,0.0,0.0
2019-01-11 00:00:00-05:00,30.996057640050733,31.048856613970177,30.315754726471866,30.87421226501465,4879400,0.0,0.0
2019-01-14 00:00:00-05:00,30.847118703927215,31.422497330325328,30.75911873889225,31.307422637939453,7977200,0.0,0.0
2019-01-15 00:00:00-05:00,31.584966811469474,31.760964205029676,31.300662733664137,31.754196166992188,6086900,0.0,0.0
2019-01-16 00:00:00-05:00,31.81512432989313,32.04527639642007,31.57143360271925,31.706817626953125,8449400,0.0,0.0
2019-01-17 00:00:00-05:00,31.76096677152067,31.882812123921717,31.34804927975629,31.86927604675293,7363900,0.0,0.0
2019-01-18 00:00:00-05:00,32.09942781919484,32.356657201906415,31.815123697962647,32.17388916015625,6141000,0.0,0.0
2019-01-22 00:00:00-05:00,32.383724745395256,32.424340714266584,31.483423468840662,32.0046501159668,6959800,0.0,0.0
2019-01-23 00:00:00-05:00,32.17387944172211,32.28895672905737,31.530810052541696,31.855730056762695,5213900,0.0,0.0
2019-01-24 00:00:00-05:00,31.53081762975301,31.865891061153683,31.40897227610999,31.503740310668945,6063000,0.0,0.0
2019-01-25 00:00:00-05:00,31.70681577515919,31.977583807813097,31.584970418688464,31.645893096923828,5422000,0.0,0.0
2019-01-28 00:00:00-05:00,31.666196942225213,31.889580936371388,31.17881814249418,31.74742889404297,6545800,0.0,0.0
2019-01-29 00:00:00-05:00,31.84219530746136,31.991115380438252,31.415736619867822,31.733888626098633,4440500,0.0,0.0
2019-01-30 00:00:00-05:00,31.815122471773687,31.909890508531955,31.490202381930196,31.645893096923828,5414300,0.0,0.0
2019-01-31 00:00:00-05:00,31.794817407722824,32.55973236216009,31.774508125776684,32.532657623291016,8319600,0.0,0.0
2019-02-01 00:00:00-05:00,32.58680008048474,32.65449336329802,32.170497365680546,32.32957077026367,4740200,0.0,0.0
2019-02-04 00:00:00-05:00,32.370183980242146,32.478490641275044,32.07910934454726,32.309261322021484,6251500,0.0,0.0
2019-02-05 00:00:00-05:00,32.23480984959712,32.60034591051831,32.12650315549846,32.58680725097656,6145700,0.0,0.0
2019-02-06 00:00:00-05:00,32.458196048603774,32.53942542909941,32.14342929416831,32.282196044921875,5012400,0.0,0.0
2019-02-07 00:00:00-05:00,31.86250705269402,32.28422740594923,31.69327767485637,31.970813751220703,9556900,0.0,0.0
2019-02-08 00:00:00-05:00,31.950509375852608,32.1400454664998,31.571434612322655,32.12650680541992,5278600,0.0,0.0
2019-02-11 00:00:00-05:00,32.15358411467594,32.32281350475318,31.733895950310337,32.038509368896484,5152500,0.0,0.0
2019-02-12 00:00:00-05:00,32.21450797801068,32.81019617592119,32.15358529206261,32.566505432128906,5363900,0.0,0.0
2019-02-13 00:00:00-05:00,32.701888157415254,32.77634691971928,32.22804535035611,32.24835205078125,6021400,0.0,0.0
2019-02-14 00:00:00-05:00,32.14004468486457,32.26189004938469,31.740663230545408,32.0452766418457,4390000,0.0,0.0
2019-02-15 00:00:00-05:00,32.37018622734169,32.552954214691205,32.045266221687434,32.23480224609375,5758800,0.0,0.0
2019-02-19 00:00:00-05:00,32.370191027379526,32.74926571463819,32.241577646351516,32.33634567260742,7443900,0.0,0.0
2019-02-20 00:00:00-05:00,32.42434171114013,32.830491083401725,32.241573718952,32.66802978515625,7048900,0.0,0.0
2019-02-21 00:00:00-05:00,32.75603602139734,32.93880404850736,32.39049996717733,32.61388397216797,10117900,0.0,0.0
2019-02-22 00:00:00-05:00,24.267492196973368,24.36903085844439,23.36042261173074,23.658267974853516,135204800,0.0,0.0
2019-02-25 00:00:00-05:00,23.692113807031145,23.97641793324249,23.055812251532796,23.170886993408203,47394300,0.0,0.0
2019-02-26 00:00:00-05:00,23.177655505019825,23.360420951098657,22.365354017702344,22.419506072998047,36361600,0.0,0.0
2019-02-27 00:00:00-05:00,22.439811588753354,22.5075022920762,21.69520094102799,21.79673957824707,28284100,0.0,0.0
2019-02-28 00:00:00-05:00,21.945663563213888,22.771503718933182,21.539514106237174,22.466890335083008,39658300,0.0,0.0
2019-03-01 00:00:00-05:00,22.61581053867938,22.669965170889604,21.898277155303848,21.932125091552734,20796800,0.0,0.0
2019-03-04 00:00:00-05:00,22.270587523952358,22.710582364252073,22.182587522998247,22.493968963623047,19256700,0.0,0.0
2019-03-05 00:00:00-05:00,22.59550658835368,22.602274627084864,22.108125168178706,22.365354537963867,13556300,0.0,0.0
2019-03-06 00:00:00-05:00,22.4262715570072,22.473655562875717,22.169042252124783,22.24350357055664,8978600,0.0,0.0
2019-03-07 00:00:00-05:00,22.360003849843643,22.360003849843643,21.79809032298877,21.8529109954834,15205600,0.4,0.0
2019-03-08 00:00:00-05:00,21.71585427648419,22.13386130456927,21.654180872712566,21.996809005737305,12460800,0.0,0.0
2019-03-11 00:00:00-04:00,21.921437106027604,22.058488133394913,21.68913380440634,22.044782638549805,12449900,0.0,0.0
2019-03-12 00:00:00-04:00,22.065337546666274,22.216092730141217,21.829608574430456,21.921432495117188,10361500,0.0,0.0
2019-03-13 00:00:00-04:00,21.976259886389393,22.140723226250515,21.85976578308746,22.133869171142578,8688600,0.0,0.0
2019-03-14 00:00:00-04:00,22.161274110477212,22.270915435752546,21.825497388443033,21.839202880859375,8199900,0.0,0.0
2019-03-15 00:00:00-04:00,21.89402578148006,22.079046026930136,21.68844729530403,21.989961624145508,16516500,0.0,0.0
2019-03-18 00:00:00-04:00,21.791237547178223,21.99681474200846,21.60621859464218,21.9488468170166,13719500,0.0,0.0
2019-03-19 00:00:00-04:00,21.907729490229542,22.257211732777833,21.84605607642527,22.017372131347656,10194500,0.0,0.0
2019-03-20 00:00:00-04:00,21.996809250391035,22.051631216155634,21.75011693958835,21.94198989868164,10093500,0.0,0.0
2019-03-21 00:00:00-04:00,21.955697005891903,22.510755072802816,21.873465358220994,22.442230224609375,11186100,0.0,0.0
2019-03-22 00:00:00-04:00,22.497058533092247,22.51076141534749,22.058490493296638,22.127017974853516,12098300,0.0,0.0
2019-03-25 00:00:00-04:00,22.113306739514854,22.298326970616248,21.94884344051735,22.270915985107422,7663500,0.0,0.0
2019-03-26 00:00:00-04:00,22.29832741079059,22.647808333732865,22.277767864225392,22.545021057128906,7464000,0.0,0.0
2019-03-27 00:00:00-04:00,22.545020598283468,22.743743707962167,22.20924256114454,22.366851806640625,8391900,0.0,0.0
2019-03-28 00:00:00-04:00,22.407969685349936,22.634103794653793,22.394264191747336,22.53816795349121,6537800,0.0,0.0
2019-03-29 00:00:00-04:00,22.387407788387204,22.6478069113968,22.305177449457194,22.37370491027832,8130000,0.0,0.0
2019-04-01 00:00:00-04:00,22.476493148312706,22.59983996904697,22.21266960144276,22.270915985107422,7969100,0.0,0.0
2019-04-02 00:00:00-04:00,22.312036376836947,22.42852916459877,21.941995849730127,21.983112335205078,9344000,0.0,0.0
2019-04-03 00:00:00-04:00,22.09275793313056,22.174988305845925,21.942000071438706,22.099609375,8430300,0.0,0.0
2019-04-04 00:00:00-04:00,22.133861060735335,22.469639058471852,22.003662816009623,22.401111602783203,7574200,0.0,0.0
2019-04-05 00:00:00-04:00,22.40110807383981,22.750591507658424,22.35314016944192,22.730031967163086,8852400,0.0,0.0
2019-04-08 00:00:00-04:00,22.77115679185102,22.86709263585836,22.58613654381299,22.743745803833008,6571100,0.0,0.0
2019-04-09 00:00:00-04:00,22.72319035070653,22.77115827583625,22.510759100806453,22.579286575317383,6398800,0.0,0.0
2019-04-10 00:00:00-04:00,22.599842071533203,22.661515487637875,22.407970383232314,22.599842071533203,6323800,0.0,0.0
2019-04-11 00:00:00-04:00,22.668368588682764,22.747171908469515,22.476494294392737,22.6066951751709,6022200,0.0,0.0
2019-04-12 00:00:00-04:00,22.69577670844985,22.832829027398553,22.55187294987871,22.661514282226562,5278400,0.0,0.0
2019-04-15 00:00:00-04:00,22.675215957841164,22.736889360281737,22.503901241512374,22.7094783782959,5232900,0.0,0.0
2019-04-16 00:00:00-04:00,22.66151762931848,22.956179243660085,22.62040114334432,22.640960693359375,4618200,0.0,0.0
2019-04-17 00:00:00-04:00,22.647809288256394,22.688925769064195,22.51075696628601,22.53816795349121,6532700,0.0,0.0
2019-04-18 00:00:00-04:00,22.6272561666894,22.668372654423724,22.51076075847018,22.586139678955078,6834200,0.0,0.0
2019-04-22 00:00:00-04:00,22.976732324165454,23.148047065894225,22.483347645544328,22.545021057128906,10441400,0.0,0.0
2019-04-23 00:00:00-04:00,22.565578911403563,22.733466633220143,22.51075693706433,22.682071685791016,9615900,0.0,0.0
2019-04-24 00:00:00-04:00,22.517614621918643,22.545025613508365,22.153740635813563,22.449087142944336,8443100,0.0,0.0
2019-04-25 00:00:00-04:00,22.38741138639967,22.435381923711756,22.22980212226378,22.284624099731445,6196300,0.0,0.0
2019-04-26 00:00:00-04:00,22.40796754541229,22.68206954912098,22.32231017911794,22.654661178588867,6908200,0.0,0.0
2019-04-29 00:00:00-04:00,22.723187911395065,22.83694115422163,22.634103511121914,22.798566818237305,5963400,0.0,0.0
2019-04-30 00:00:00-04:00,22.82598115639314,22.93562250588234,22.654666384437775,22.778013229370117,9695000,0.0,0.0
2019-05-01 00:00:00-04:00,22.750598935346726,23.004144029093034,22.565578694811123,22.6066951751709,7402700,0.0,0.0
2019-05-02 00:00:00-04:00,22.407968812458762,22.497053210377615,21.80494018771313,22.051633834838867,12276800,0.0,0.0
2019-05-03 00:00:00-04:00,22.16812704050047,22.380558266157013,21.95227140205109,22.32573890686035,6995800,0.0,0.0
2019-05-06 00:00:00-04:00,22.16812819229155,22.572431117576162,22.140719818246943,22.4559383392334,10303800,0.0,0.0
2019-05-07 00:00:00-04:00,22.36000038098338,22.586134476292553,22.065338821902134,22.270915985107422,8719100,0.0,0.0
2019-05-08 00:00:00-04:00,22.270917903433933,22.353148252987943,22.10645459027023,22.222949981689453,5778600,0.0,0.0
2019-05-09 00:00:00-04:00,22.13386461418311,22.366852772818955,21.90772920221629,22.32573890686035,6838900,0.0,0.0
2019-05-10 00:00:00-04:00,22.312031502566978,22.42852426487988,21.702150171535664,22.37370491027832,9250000,0.0,0.0
2019-05-13 00:00:00-04:00,22.127016010316467,22.22295186192234,21.804943410734552,21.907732009887695,7944100,0.0,0.0
2019-05-14 00:00:00-04:00,21.983109685653087,22.20239235364491,21.91458221812089,22.11330795288086,7267300,0.0,0.0
2019-05-15 00:00:00-04:00,22.06534215130536,22.22980286106261,21.832353967436042,22.202394485473633,5744000,0.0,0.0
2019-05-16 00:00:00-04:00,22.181830164151737,22.42852378977134,22.127010810711432,22.24350357055664,5135600,0.0,0.0
2019-05-17 00:00:00-04:00,22.20924684508704,22.524465396881727,22.068770091940785,22.29147720336914,5852500,0.0,0.0
2019-05-20 00:00:00-04:00,22.147570199577334,22.174981186367383,21.681593880368816,21.78438377380371,9077200,0.0,0.0
2019-05-21 00:00:00-04:00,21.873469934601644,22.051637452641845,21.606219311055323,21.91458511352539,6531900,0.0,0.0
2019-05-22 00:00:00-04:00,21.914582144772105,22.00366654523799,21.726136184286602,21.84605598449707,6141600,0.0,0.0
2019-05-23 00:00:00-04:00,21.72956544688106,21.763829186118766,21.380084455852533,21.55139923095703,7162100,0.0,0.0
2019-05-24 00:00:00-04:00,21.66789510748235,21.74327272593166,21.26359210051308,21.31841278076172,8283900,0.0,0.0
2019-05-28 00:00:00-04:00,21.3115546724644,21.325260165836635,19.87936329076028,19.913625717163086,24476400,0.0,0.0
2019-05-29 00:00:00-04:00,19.79713252554549,19.83824900750646,19.481914006011777,19.653228759765625,13150600,0.0,0.0
2019-05-30 00:00:00-04:00,19.65322984470227,19.674077542377905,18.937429288006935,19.041671752929688,15970500,0.4,0.0
2019-05-31 00:00:00-04:00,18.95132358143769,19.23625352812696,18.735887709149118,19.215404510498047,10453400,0.0,0.0
2019-06-03 00:00:00-04:00,19.236256780673585,19.799167096688382,19.229307106955538,19.750520706176758,12485500,0.0,0.0
2019-06-04 00:00:00-04:00,19.799169601419266,19.967348280333546,19.736623855559074,19.92426109313965,11999700,0.0,0.0
2019-06-05 00:00:00-04:00,20.04935496221544,20.04935496221544,19.646283066385944,19.7852725982666,12103200,0.0,0.0
2019-06-06 00:00:00-04:00,19.7644234258569,19.903412947388382,19.576786179998695,19.889514923095703,9267400,0.0,0.0
2019-06-07 00:00:00-04:00,19.945108741713497,20.118846618120358,19.882563000165845,19.9729061126709,11638400,0.0,0.0
2019-06-10 00:00:00-04:00,20.918042814395616,21.196023181176916,20.744304919467936,21.063982009887695,24143900,0.0,0.0
2019-06-11 00:00:00-04:00,21.057033716730924,21.091782093305515,20.709557904075197,21.015336990356445,17107800,0.0,0.0
2019-06-12 00:00:00-04:00,20.994486530360085,21.105680002288555,20.827698310739795,20.93889045715332,13485300,0.0,0.0
2019-06-13 00:00:00-04:00,20.918039762837402,21.32111156724824,20.918039762837402,21.133474349975586,10592300,0.0,0.0
2019-06-14 00:00:00-04:00,21.189073506318014,21.216872205753617,20.834648041603753,21.063982009887695,11839700,0.0,0.0
2019-06-17 00:00:00-04:00,21.10567899527062,21.15084989130435,20.931941109099697,20.96668815612793,7957600,0.0,0.0
2019-06-18 00:00:00-04:00,21.147374538477038,21.189071257690554,20.93193994277326,21.036182403564453,10298700,0.0,0.0
2019-06-19 00:00:00-04:00,20.966686491796054,21.546970349296974,20.924989773569074,21.515697479248047,11185600,0.0,0.0
2019-06-20 00:00:00-04:00,21.64773990964644,21.79715459474288,21.48790137575741,21.633840560913086,8706200,0.0,0.0
2019-06-21 00:00:00-04:00,21.619940085783604,21.89097072777227,21.3982504030333,21.877071380615234,12099000,0.0,0.0
2019-06-24 00:00:00-04:00,21.779777004999815,21.877069776937702,21.185593875496973,21.209917068481445,10618400,0.0,0.0
2019-06-25 00:00:00-04:00,21.119571334418236,21.439249648198725,21.0938590037232,21.321107864379883,7514700,0.0,0.0
2019-06-26 00:00:00-04:00,21.133478786523984,21.50875329985062,20.959740880468697,21.432308197021484,7541900,0.0,0.0
2019-06-27 00:00:00-04:00,21.32111171591733,21.425354173290756,21.230767280816202,21.383657455444336,5051500,0.0,0.0
2019-06-28 00:00:00-04:00,21.47400637129022,21.59214820839454,21.32111748083791,21.571300506591797,7589100,0.0,0.0
2019-07-01 00:00:00-04:00,21.72418443248967,21.849275916779877,21.077879314000135,21.168222427368164,8090900,0.0,0.0
2019-07-02 00:00:00-04:00,21.14737133637435,21.293310494281176,21.00838052602199,21.209917068481445,8013900,0.0,0.0
2019-07-03 00:00:00-04:00,21.43229989363882,21.772825898517507,21.291919953223317,21.71722984313965,7003100,0.0,0.0
2019-07-05 00:00:00-04:00,21.689433638235755,21.692909137697068,21.21269770697893,21.536544799804688,5234200,0.0,0.0
2019-07-08 00:00:00-04:00,21.53654697876868,21.57824369792043,21.251616967787903,21.328062057495117,4360000,0.0,0.0
2019-07-09 00:00:00-04:00,21.265519366605464,21.411458567329362,21.150851715595262,21.19602394104004,5011400,0.0,0.0
2019-07-10 00:00:00-04:00,21.265516473483913,21.78673010604227,21.251617125158802,21.751981735229492,6607400,0.0,0.0
2019-07-11 00:00:00-04:00,21.842327034936737,21.946569500455084,21.27246698628922,21.300264358520508,5846400,0.0,0.0
2019-07-12 00:00:00-04:00,21.300264218516432,21.48790145052506,21.230768800122696,21.40450668334961,4348200,0.0,0.0
2019-07-15 00:00:00-04:00,21.453148993474944,21.487896031150978,21.237713118237075,21.321107864379883,4572400,0.0,0.0
2019-07-16 00:00:00-04:00,21.321113459524632,21.36628568076931,21.015334410776994,21.07093048095703,4747100,0.0,0.0
2019-07-17 00:00:00-04:00,21.119579016747714,21.20992346839178,21.02923589061865,21.154327392578125,3901500,0.0,0.0
2019-07-18 00:00:00-04:00,21.154321877768965,21.64426258237553,21.093861177652304,21.5782413482666,6940700,0.0,0.0
2019-07-19 00:00:00-04:00,21.529597935243444,22.043861904893465,21.376709076865822,21.918771743774414,9416200,0.0,0.0
2019-07-22 00:00:00-04:00,21.94657323613945,22.127260825700994,21.75893597095841,21.8840274810791,7678900,0.0,0.0
2019-07-23 00:00:00-04:00,21.897916344015922,22.509472924952043,21.856219635785255,22.20369529724121,6696300,0.0,0.0
2019-07-24 00:00:00-04:00,22.196752905176098,22.29404702364471,21.94656992270665,22.28709602355957,7024400,0.0,0.0
2019-07-25 00:00:00-04:00,22.10640777148756,22.3635404205039,21.77630553003281,21.92572021484375,5788100,0.0,0.0
2019-07-26 00:00:00-04:00,22.009115282806995,22.2037021908209,21.849276747035685,22.134206771850586,3745800,0.0,0.0
2019-07-29 00:00:00-04:00,22.16895378659254,22.214126007685298,21.92572048330482,22.0716609954834,4465100,0.0,0.0
2019-07-30 00:00:00-04:00,21.98131399091781,22.141153833340706,21.75892973686908,22.127254486083984,4082000,0.0,0.0
2019-07-31 00:00:00-04:00,22.148108001103044,22.419137374516204,21.866652126859606,22.245399475097656,10875600,0.0,0.0
2019-08-01 00:00:00-04:00,22.30794399387334,23.107139347507324,21.98131723817665,22.606773376464844,10753300,0.0,0.0
2019-08-02 00:00:00-04:00,22.6693199206281,22.717966319410337,22.092511484625923,22.384389877319336,5842700,0.0,0.0
2019-08-05 00:00:00-04:00,22.078609531575818,22.196751339909184,21.69638541025502,21.849275588989258,9686200,0.0,0.0
2019-08-06 00:00:00-04:00,21.849280085069367,21.890976812615843,21.230772219807115,21.25162124633789,8156700,0.0,0.0
2019-08-07 00:00:00-04:00,21.21687376442562,21.543500553699523,20.494123432183322,21.453157424926758,10723200,0.0,0.0
2019-08-08 00:00:00-04:00,18.576052756996326,19.625429651689632,18.1034855381395,19.611530303955078,44732500,0.0,0.0
2019-08-09 00:00:00-04:00,19.2084661999691,19.312710024260493,18.37452488424496,18.416221618652344,19596000,0.0,0.0
2019-08-12 00:00:00-04:00,18.41621813625129,18.485713564132602,17.888054740074352,18.270278930664062,14772300,0.0,0.0
2019-08-13 00:00:00-04:00,18.15213470363755,18.531577913567766,18.033992889496364,18.04094123840332,16317800,0.0,0.0
2019-08-14 00:00:00-04:00,17.964500542759758,18.263329966424084,17.505832556605476,17.735166549682617,14678700,0.0,0.0
2019-08-15 00:00:00-04:00,17.721264433647974,17.77547003922964,17.293869391662955,17.415485382080078,9911700,0.0,0.0
2019-08-16 00:00:00-04:00,17.512782708588862,17.825510166465197,17.443981846036692,17.658721923828125,9915600,0.0,0.0
2019-08-19 00:00:00-04:00,17.860254410113733,17.978396220316597,17.679566857714367,17.867202758789062,6874800,0.0,0.0
2019-08-20 00:00:00-04:00,17.84602604350257,17.937796943251783,17.71189810097989,17.747194290161133,6652700,0.4,0.0
2019-08-21 00:00:00-04:00,17.768370745662242,17.980150549053185,17.669540350274886,17.838964462280273,5564900,0.0,0.0
2019-08-22 00:00:00-04:00,17.853082191260565,18.156632861905464,17.803665650656782,18.086040496826172,7445200,0.0,0.0
2019-08-23 00:00:00-04:00,18.078985027879693,18.248409165534188,17.831907655543134,17.881322860717773,7904100,0.0,0.0
2019-08-26 00:00:00-04:00,18.022507921932434,18.110749732729563,17.82484578102012,18.057804107666016,7259600,0.0,0.0
2019-08-27 00:00:00-04:00,18.05780703537486,18.07192605054268,17.634246005584135,17.648365020751953,7210900,0.0,0.0
2019-08-28 00:00:00-04:00,17.620122744073942,17.83896338704565,17.549530378173984,17.768369674682617,4094100,0.0,0.0
2019-08-29 00:00:00-04:00,17.937797573269272,18.04368749099541,17.860144338587205,17.881322860717773,5963500,0.0,0.0
2019-08-30 00:00:00-04:00,18.022512846991567,18.220173695456,17.937800093032852,18.015453338623047,6646600,0.0,0.0
2019-09-03 00:00:00-04:00,17.944856444629334,18.45312883957819,17.803668995023,18.39665412902832,8199000,0.0,0.0
2019-09-04 00:00:00-04:00,18.537841796875,18.608435522509247,18.290764430386798,18.537841796875,6442900,0.0,0.0
2019-09-05 00:00:00-04:00,18.60842934228494,19.060226881951976,18.60842934228494,18.770793914794922,7322500,0.0,0.0
2019-09-06 00:00:00-04:00,18.82727402064088,19.38496160071088,18.679027068773035,19.25789451599121,10224700,0.0,0.0
2019-09-09 00:00:00-04:00,19.28613282879006,19.879117993503773,19.236717622807813,19.822643280029297,9061200,0.0,0.0
2019-09-10 00:00:00-04:00,19.836761998235765,20.45092432977431,19.822642983462536,20.443864822387695,8596700,0.0,0.0
2019-09-11 00:00:00-04:00,20.54975464086146,20.952137108343727,20.31679629934734,20.669763565063477,10297200,0.0,0.0
2019-09-12 00:00:00-04:00,20.874482423653028,20.973312820294865,20.457980971429333,20.49327850341797,7024000,0.0,0.0
2019-09-13 00:00:00-04:00,20.606228672360388,20.81447940614795,20.521515938928488,20.648584365844727,5371500,0.0,0.0
2019-09-16 00:00:00-04:00,20.56387328789841,21.008612817908798,20.521517591004244,20.90978240966797,6108700,0.0,0.0
2019-09-17 00:00:00-04:00,20.112074622764887,20.274439241712628,19.935590990048667,20.02030372619629,25364700,0.0,0.0
2019-09-18 00:00:00-04:00,19.977944086135693,20.161487201860645,19.83675800620633,20.05559730529785,9318700,0.0,0.0
2019-09-19 00:00:00-04:00,20.048542519719934,20.11913624953731,19.794406977426156,19.872058868408203,8174500,0.0,0.0
2019-09-20 00:00:00-04:00,19.843818783629303,20.097954282370665,19.780284572328167,19.8649959564209,8794700,0.0,0.0
2019-09-23 00:00:00-04:00,19.907352447509766,19.96382715083968,19.713219392504,19.907352447509766,8673100,0.0,0.0
2019-09-24 00:00:00-04:00,19.91441382635565,19.949711363182008,19.54379844169066,19.716753005981445,7334900,0.0,0.0
2019-09-25 00:00:00-04:00,19.75204654665514,19.907352994930438,19.67368777581462,19.8649959564209,5874100,0.0,0.0
2019-09-26 00:00:00-04:00,19.90735563848213,19.970889858220144,19.688514949845253,19.77322769165039,6775800,0.0,0.0
2019-09-27 00:00:00-04:00,19.836764304370927,19.92853521813909,19.55791978926752,19.653221130371094,5192400,0.0,0.0
2019-09-30 00:00:00-04:00,19.688514491822154,19.78028673884806,19.49791318350551,19.72028160095215,4796200,0.0,0.0
2019-10-01 00:00:00-04:00,19.716748608803325,19.766163802876427,19.215534469355312,19.300247192382812,4771700,0.0,0.0
2019-10-02 00:00:00-04:00,19.20847997984817,19.22965850275157,18.54490241976924,18.742563247680664,7133100,0.0,0.0
2019-10-03 00:00:00-04:00,18.70020851773714,18.749623727276628,18.33312218049596,18.735506057739258,5414000,0.0,0.0
2019-10-04 00:00:00-04:00,18.728440951656957,19.060229649721702,18.643728227436664,19.04258155822754,3582200,0.0,0.0
2019-10-07 00:00:00-04:00,19.081413711091955,19.19083271802299,18.862573004302963,19.017879486083984,4042400,0.0,0.0
2019-10-08 00:00:00-04:00,18.975515797044455,19.06022851622696,18.72843983789339,18.855506896972656,5536500,0.0,0.0
2019-10-09 00:00:00-04:00,18.968460652077532,19.003756838575306,18.731971893860198,18.86962890625,3759900,0.0,0.0
2019-10-10 00:00:00-04:00,18.911989559891854,19.107532409364847,18.85904392356406,19.017879486083984,3611200,0.0,0.0
2019-10-11 00:00:00-04:00,19.081414468198435,19.286134820764257,19.039057418870183,19.116710662841797,9311700,0.0,0.0
2019-10-14 00:00:00-04:00,19.116708672219666,19.33907844541533,18.908457913996543,19.2861328125,4037800,0.0,0.0
2019-10-15 00:00:00-04:00,19.272011440868635,19.497911613415145,19.132943334431406,19.406139373779297,5021500,0.0,0.0
2019-10-16 00:00:00-04:00,19.42731859589133,19.63909841638386,19.33201727273071,19.3708438873291,4074600,0.0,0.0
2019-10-17 00:00:00-04:00,19.413202863454305,19.6391017358858,19.25789772527353,19.603805541992188,4333100,0.0,0.0
2019-10-18 00:00:00-04:00,19.646155541712282,19.882644280842417,19.483790942585983,19.4908504486084,5437000,0.0,0.0
2019-10-21 00:00:00-04:00,19.490852023984463,19.780285061981917,19.349664585050636,19.632038116455078,5091700,0.0,0.0
2019-10-22 00:00:00-04:00,19.646162420255056,20.168553930646517,19.43438255128626,20.119138717651367,6029900,0.0,0.0
2019-10-23 00:00:00-04:00,20.097953234903038,20.19678497314453,19.815579725205428,20.19678497314453,6883900,0.0,0.0
2019-10-24 00:00:00-04:00,20.210908429777447,20.211615323109196,19.850882943294977,20.08384132385254,5071700,0.0,0.0
2019-10-25 00:00:00-04:00,20.062661859093502,20.179140370680013,19.91441488943571,20.034423828125,3981700,0.0,0.0
2019-10-28 00:00:00-04:00,20.02030141007016,20.105012789954355,19.85793546344309,20.027360916137695,5500300,0.0,0.0
2019-10-29 00:00:00-04:00,20.027361911114447,20.048539083906043,19.790873158723965,19.8649959564209,6071300,0.0,0.0
2019-10-30 00:00:00-04:00,19.836765110205114,20.246207177618075,19.723815667226614,20.119138717651367,9601500,0.0,0.0
2019-10-31 00:00:00-04:00,21.241571783550178,22.91675533035774,20.119135684986492,22.822866439819336,38732500,0.0,0.0
2019-11-01 00:00:00-04:00,22.674615881195404,23.56409487866046,22.674615881195404,23.020524978637695,15048800,0.0,0.0
2019-11-04 00:00:00-05:00,23.22524134700322,23.585266683015988,23.112291957967265,23.528793334960938,9696400,0.0,0.0
2019-11-05 00:00:00-05:00,23.50055754631999,23.50055754631999,22.85815733024562,23.232301712036133,7719900,0.0,0.0
2019-11-06 00:00:00-05:00,23.394670486450195,23.599392151642814,23.274662905912407,23.394670486450195,7070300,0.0,0.0
2019-11-07 00:00:00-05:00,23.41584338300165,23.47231942911985,22.928749603399627,23.098175048828125,5570100,0.0,0.0
2019-11-08 00:00:00-05:00,23.126412915906332,23.232304167531073,22.942871131740024,23.1899471282959,4422700,0.0,0.0
2019-11-11 00:00:00-05:00,23.21818175575229,23.21818175575229,22.995813391402503,23.12640953063965,3763900,0.0,0.0
2019-11-12 00:00:00-05:00,23.091114680163752,23.451142749391565,22.99934514268903,23.28171730041504,5993200,0.0,0.0
2019-11-13 00:00:00-05:00,23.20406967010496,23.592333163563058,23.094650668265654,23.50762176513672,5227000,0.0,0.0
2019-11-14 00:00:00-05:00,23.214667526013486,23.214667526013486,21.87137428224087,22.1214542388916,14509400,0.4,0.0
2019-11-15 00:00:00-05:00,22.121455331727677,22.50729533447888,22.09287534791293,22.364391326904297,6952100,0.0,0.0
2019-11-18 00:00:00-05:00,22.321523274736,22.364393936878027,21.728473890908468,22.157184600830078,7257300,0.0,0.0
2019-11-19 00:00:00-05:00,22.228634018825424,22.502293735098778,22.171472688362314,22.364391326904297,6661500,0.0,0.0
2019-11-20 00:00:00-05:00,22.25721468310781,22.464425364142627,22.121456008044785,22.214344024658203,5271400,0.0,0.0
2019-11-21 00:00:00-05:00,22.150035551490245,22.150035551490245,21.549840930745763,21.60700225830078,8815000,0.0,0.0
2019-11-22 00:00:00-05:00,21.685600961835288,21.892810276222352,21.592712946931652,21.821359634399414,4664400,0.0,0.0
2019-11-25 00:00:00-05:00,21.87851881694509,22.242921415523004,21.717752162964537,22.19290542602539,7140600,0.0,0.0
2019-11-26 00:00:00-05:00,22.29293802797773,22.32866334419506,21.63558212461129,21.771339416503906,8846200,0.0,0.0
2019-11-27 00:00:00-05:00,21.942824755239997,22.042858099984258,21.667736804985513,21.69989013671875,4407500,0.0,0.0
2019-11-29 00:00:00-05:00,21.664166577020566,21.83565058336237,21.54984390612603,21.79277992248535,2442200,0.0,0.0
2019-12-02 00:00:00-05:00,21.792783523515602,22.117888928123545,21.67131549526462,22.114316940307617,5816500,0.0,0.0
2019-12-03 00:00:00-05:00,22.02856567625201,22.078581663231216,21.77133904283505,22.007129669189453,5573200,0.0,0.0
2019-12-04 00:00:00-05:00,21.99999234431635,22.350105721801835,21.97141099292953,22.171476364135742,5448200,0.0,0.0
2019-12-05 00:00:00-05:00,22.35009887929191,22.63590549149085,22.214340227434878,22.328662872314453,4606300,0.0,0.0
2019-12-06 00:00:00-05:00,22.350102699721234,22.400118695051386,22.114312033997898,22.214344024658203,6496100,0.0,0.0
2019-12-09 00:00:00-05:00,22.321523474082582,23.03604223888893,22.25007146131857,22.81454086303711,8128000,0.0,0.0
2019-12-10 00:00:00-05:00,22.90028041187454,23.02889375230738,22.735941749247544,22.778812408447266,5544500,0.0,0.0
2019-12-11 00:00:00-05:00,22.821684712863433,22.953870042017805,22.571603365908953,22.57874870300293,5443200,0.0,0.0
2019-12-12 00:00:00-05:00,22.614473203971418,22.957442557852584,22.59303855630198,22.821683883666992,5689800,0.0,0.0
2019-12-13 00:00:00-05:00,22.86455537259361,22.950296692053964,22.442275899025432,22.57874870300293,5174500,0.0,0.0
2019-12-16 00:00:00-05:00,22.693070275548994,22.86455426902666,22.543020929485017,22.67877960205078,4744400,0.0,0.0
2019-12-17 00:00:00-05:00,22.643052642401656,22.710217167582027,22.403688648547693,22.593036651611328,6137700,0.0,0.0
2019-12-18 00:00:00-05:00,22.65019730541614,22.79309993730773,22.595893841933947,22.685922622680664,6317600,0.0,0.0
2019-12-19 00:00:00-05:00,22.764520375284427,22.9431496905636,22.585891060005256,22.793100357055664,7941000,0.0,0.0
2019-12-20 00:00:00-05:00,22.885985665647052,23.043180326131743,22.70735772362676,23.021745681762695,12601700,0.0,0.0
2019-12-23 00:00:00-05:00,23.007457453664298,23.078908092927026,22.735940118265013,22.807392120361328,6822800,0.0,0.0
2019-12-24 00:00:00-05:00,22.814534465935907,22.921713136446368,22.768090466236938,22.85025978088379,1594400,0.0,0.0
2019-12-26 00:00:00-05:00,22.828828260170116,22.85026290693787,22.507294930317855,22.600181579589844,3957800,0.0,0.0
2019-12-27 00:00:00-05:00,22.66448728826406,22.78238329184143,22.528729988357043,22.593036651611328,4089700,0.0,0.0
2019-12-30 00:00:00-05:00,22.628766737348275,22.728798740003587,22.5501693850712,22.657346725463867,3856500,0.0,0.0
2019-12-31 00:00:00-05:00,22.650198676679814,23.08962528440403,22.535876019111942,22.957441329956055,6069400,0.0,0.0
2020-01-02 00:00:00-05:00,23.071763693521607,23.164648977715697,22.50729438649387,22.585891723632812,6008700,0.0,0.0
2020-01-03 00:00:00-05:00,22.507294509589464,22.614471829925556,22.30722917888414,22.32151985168457,5012700,0.0,0.0
2020-01-06 00:00:00-05:00,22.271504269108163,22.485858913720584,22.078584271256826,22.371536254882812,4714700,0.0,0.0
2020-01-07 00:00:00-05:00,22.328670984161505,22.35367898663705,21.79992821879663,21.978557586669922,7165700,0.0,0.0
2020-01-08 00:00:00-05:00,21.96425967981921,22.10716367220933,21.6855983937753,21.85708236694336,5802900,0.0,0.0
2020-01-09 00:00:00-05:00,21.914244100457616,21.92853477253012,21.3926468353127,21.849937438964844,8938400,0.0,0.0
2020-01-10 00:00:00-05:00,21.857083054832756,22.060006239793104,21.842792382577294,21.935680389404297,4578200,0.0,0.0
2020-01-13 00:00:00-05:00,22.08573109107144,22.27507775195677,21.935683102332206,22.264360427856445,4269100,0.0,0.0
2020-01-14 00:00:00-05:00,22.24292212995011,22.685923439277243,22.23577815650685,22.671632766723633,6794100,0.0,0.0
2020-01-15 00:00:00-05:00,22.643055374015045,22.83597402421769,22.535878043272753,22.57874870300293,4243700,0.0,0.0
2020-01-16 00:00:00-05:00,22.65019812072676,22.87884343025036,22.614471439342733,22.671632766723633,3950400,0.0,0.0
2020-01-17 00:00:00-05:00,22.72165374999359,22.764525777073818,22.114315024195946,22.171476364135742,6645600,0.0,0.0
2020-01-21 00:00:00-05:00,22.12145791335024,22.235781950451944,21.724901903577372,22.157184600830078,7106600,0.0,0.0
2020-01-22 00:00:00-05:00,22.207199521753015,22.21005738404583,21.792779506953803,21.914247512817383,4535000,0.0,0.0
2020-01-23 00:00:00-05:00,21.814217009253873,21.999991699320123,21.67845831981434,21.92139434814453,4280600,0.0,0.0
2020-01-24 00:00:00-05:00,21.935684360041535,21.953547022177474,21.499828317189,21.728473663330078,5951500,0.0,0.0
2020-01-27 00:00:00-05:00,21.54269817071628,21.774916858273215,21.33191549461857,21.68560218811035,5806100,0.0,0.0
2020-01-28 00:00:00-05:00,21.75705282921357,21.914246148199297,21.496252809437575,21.528406143188477,5645000,0.0,0.0
2020-01-29 00:00:00-05:00,21.514116691385208,21.514116691385208,21.146139349132994,21.164003372192383,9042600,0.0,0.0
2020-01-30 00:00:00-05:00,21.15685426586709,21.428370196288252,20.913918314148138,21.39264488220215,6169800,0.0,0.0
2020-01-31 00:00:00-05:00,21.364066227272275,21.37835689983717,20.74600894859288,20.86390495300293,8211800,0.0,0.0
2020-02-03 00:00:00-05:00,20.8639050874041,20.99251705281599,20.66383975870745,20.82817840576172,6305700,0.0,0.0
2020-02-04 00:00:00-05:00,21.07825972592414,21.16400239903229,20.785307750624423,20.82817840576172,7607100,0.0,0.0
2020-02-05 00:00:00-05:00,20.97822911388818,21.399794444982007,20.7995997825038,20.985374450683594,9092800,0.0,0.0
2020-02-06 00:00:00-05:00,20.949650655096807,21.149716024451028,20.66384395804352,20.76387596130371,6544800,0.0,0.0
2020-02-07 00:00:00-05:00,20.692422561823207,21.64987595501488,20.513793217762576,21.106843948364258,13268800,0.0,0.0
2020-02-10 00:00:00-05:00,21.185440332989764,21.32834435606969,21.00681098555674,21.214021682739258,5775800,0.0,0.0
2020-02-11 00:00:00-05:00,21.356920521675914,21.542695173306385,21.16400189672008,21.442663192749023,7123300,0.0,0.0
2020-02-12 00:00:00-05:00,21.5569884469893,21.828504439624243,21.396221771097835,21.464101791381836,8096300,0.0,0.0
2020-02-13 00:00:00-05:00,20.80388733060373,20.885342540294683,19.549195812479493,19.842147827148438,37333600,0.0,0.0
2020-02-14 00:00:00-05:00,19.899305119183712,19.949321107208032,18.90612524320031,19.206222534179688,23915700,0.0,0.0
2020-02-18 00:00:00-05:00,19.127630208763758,19.613502235541283,18.791806174637912,19.527759552001953,16772400,0.0,0.0
2020-02-19 00:00:00-05:00,19.549194472691404,19.61564351553839,19.370565141216762,19.51346778869629,7947900,0.0,0.0
2020-02-20 00:00:00-05:00,19.48489037803109,19.84786481323027,19.39914768795098,19.59206771850586,7005900,0.0,0.0
2020-02-21 00:00:00-05:00,19.434874392494287,19.656374411367057,19.413438379248344,19.477745056152344,6716800,0.0,0.0
2020-02-24 00:00:00-05:00,19.263390041688236,19.392003402369728,18.763228638057196,19.027599334716797,12622200,0.0,0.0
2020-02-25 00:00:00-05:00,19.020453490695765,19.07761482729,18.398822762753923,18.62746810913086,11732200,0.0,0.0
2020-02-26 00:00:00-05:00,18.741784261691468,18.748929596633968,18.120155112860147,18.320219039916992,11768200,0.0,0.0
2020-02-27 00:00:00-05:00,18.134449420522806,18.213046763730393,17.69144943459598,17.84149742126465,14102800,0.0,0.0
2020-02-28 00:00:00-05:00,17.541398467727056,17.727173121830983,17.155559849844707,17.698593139648438,16274100,0.0,0.0
2020-03-02 00:00:00-05:00,17.684305373909112,18.63461344655936,17.555692025863642,18.62746810913086,14470800,0.0,0.0
2020-03-03 00:00:00-05:00,18.5774486766142,18.948997977226526,18.045132720656778,18.220190048217773,11011400,0.0,0.0
2020-03-04 00:00:00-05:00,18.527431811303085,18.920415738837942,18.291641182215482,18.89898109436035,8588100,0.0,0.0
2020-03-05 00:00:00-05:00,18.4559795715676,19.113335462549944,18.384527577645585,19.04188346862793,12581900,0.0,0.0
2020-03-06 00:00:00-05:00,18.334514479552066,18.85611180054925,18.30593449518023,18.598886489868164,8694600,0.0,0.0
2020-03-09 00:00:00-04:00,17.20557566388684,17.648576967246555,16.912623694651728,17.11983299255371,16231400,0.0,0.0
2020-03-10 00:00:00-04:00,17.62714044066658,17.784333743518502,16.784009875808973,17.505672454833984,12339200,0.0,0.0
2020-03-11 00:00:00-04:00,17.08410297599289,17.31989355376967,16.65182047720765,16.905473709106445,11763400,0.0,0.0
2020-03-12 00:00:00-04:00,15.917030468617146,16.040587383739116,14.56517400546745,14.57970905303955,15386400,0.4,0.0
2020-03-13 00:00:00-04:00,15.437333909231585,17.43604712523234,15.044860034950098,17.421510696411133,15014300,0.0,0.0
2020-03-16 00:00:00-04:00,15.190221772076802,17.1307908644517,14.528829439682202,16.004243850708008,14821500,0.0,0.0
2020-03-17 00:00:00-04:00,16.142336689897256,17.37790561469005,15.146614720743981,17.319761276245117,12594400,0.0,0.0
2020-03-18 00:00:00-04:00,16.236822972161228,17.443319098935998,15.937378850752458,17.21800994873047,11805700,0.0,0.0
2020-03-19 00:00:00-04:00,16.832802147988062,17.123523844117226,15.931564196852461,16.193214416503906,12585300,0.0,0.0
2020-03-20 00:00:00-04:00,16.3167713106426,16.890946487213895,15.829811949774854,16.193214416503906,12908300,0.0,0.0
2020-03-23 00:00:00-04:00,16.20047607319367,16.934547538868944,15.023051947729767,15.095732688903809,14829300,0.0,0.0
2020-03-24 00:00:00-04:00,15.837076955456407,16.981793661868895,15.648107544706923,16.70924186706543,11706200,0.0,0.0
2020-03-25 00:00:00-04:00,16.99995944807354,17.675887959712632,16.629288929230498,16.68743324279785,15683100,0.0,0.0
2020-03-26 00:00:00-04:00,16.8909426860339,19.899913989797497,16.701973279508493,18.002954483032227,12900700,0.0,0.0
2020-03-27 00:00:00-04:00,17.44331527410937,18.300945163556303,17.15986184451154,17.617748260498047,8529400,0.0,0.0
2020-03-30 00:00:00-04:00,17.90846560933914,18.388156553427166,17.47238394109171,18.293672561645508,8008400,0.0,0.0
2020-03-31 00:00:00-04:00,18.25006804577852,18.52625324580875,17.730402529239594,17.981149673461914,7037500,0.0,0.0
2020-04-01 00:00:00-04:00,17.457854831325125,17.72313846563864,17.079915933287904,17.21074104309082,6098600,0.0,0.0
2020-04-02 00:00:00-04:00,17.065378498944973,18.01749390376579,16.9781626883825,17.908472061157227,7376700,0.0,0.0
2020-04-03 00:00:00-04:00,17.726767949577376,18.515351848240382,17.726767949577376,18.40269660949707,9217500,0.0,0.0
2020-04-06 00:00:00-04:00,18.896923080773675,18.98414025879759,18.57712860971267,18.831510543823242,7757500,0.0,0.0
2020-04-07 00:00:00-04:00,19.601919711412098,19.97259022657201,18.925992592759076,19.34027099609375,12177900,0.0,0.0
2020-04-08 00:00:00-04:00,19.442027579339978,19.98713115633082,19.34027535524145,19.856306076049805,7458600,0.0,0.0
2020-04-09 00:00:00-04:00,19.87810735218054,20.710299004841097,19.87810735218054,20.430479049682617,11111900,0.0,0.0
2020-04-13 00:00:00-04:00,20.27785317909658,20.477724217272538,19.870842888558435,20.299657821655273,6711500,0.0,0.0
2020-04-14 00:00:00-04:00,20.41594875837359,20.841128938772734,20.299660090934324,20.67759895324707,6668600,0.0,0.0
2020-04-15 00:00:00-04:00,20.35053356124507,20.41594610145068,19.92171863601723,20.386873245239258,6209600,0.0,0.0
2020-04-16 00:00:00-04:00,20.713934013958163,21.37532618209874,20.4958931577929,21.2445011138916,9266000,0.0,0.0
2020-04-17 00:00:00-04:00,21.164556107658818,21.43347310381146,20.819323554944372,21.317184448242188,8131600,0.0,0.0
2020-04-20 00:00:00-04:00,21.062803909180957,21.65878365557463,20.99012314800046,21.200897216796875,6184200,0.0,0.0
2020-04-21 00:00:00-04:00,21.026458077001305,21.171818170612376,20.575838598386426,20.692127227783203,6143300,0.0,0.0
2020-04-22 00:00:00-04:00,20.953784444529724,21.033733424209675,20.67759920259851,20.902908325195312,4636800,0.0,0.0
2020-04-23 00:00:00-04:00,20.801157028788634,21.11368197403841,20.68486696840899,20.73574447631836,4418300,0.0,0.0
2020-04-24 00:00:00-04:00,20.77934654806173,21.320815274922445,20.77934654806173,21.2445011138916,7272300,0.0,0.0
2020-04-27 00:00:00-04:00,21.440742141189915,21.985845754948983,21.33172169569214,21.942237854003906,7071600,0.0,0.0
2020-04-28 00:00:00-04:00,22.153004563094967,22.3637785690485,21.844113153012504,22.11666488647461,6920900,0.0,0.0
2020-04-29 00:00:00-04:00,22.19661643425318,22.55638398818357,21.927698082497663,22.189348220825195,7681100,0.0,0.0
2020-04-30 00:00:00-04:00,21.898623879756318,22.45099558982538,21.46254219110116,22.04398536682129,10035200,0.0,0.0
2020-05-01 00:00:00-04:00,21.79687460192388,21.978575792056226,21.18635849217759,21.35352325439453,6200700,0.0,0.0
2020-05-04 00:00:00-04:00,21.179088972474617,21.251769721300615,20.6775947167422,21.026460647583008,6662800,0.0,0.0
2020-05-05 00:00:00-04:00,21.07733744944521,21.4298381917751,20.975585229502574,21.033729553222656,7385600,0.0,0.0
2020-05-06 00:00:00-04:00,21.17908975886903,21.491616020036147,20.990120359412863,21.368059158325195,6164200,0.0,0.0
2020-05-07 00:00:00-04:00,21.498888610631056,21.600640851718655,20.881104176305676,20.953784942626953,4934300,0.0,0.0
2020-05-08 00:00:00-04:00,21.14274868227744,21.560661936288376,21.026460042012996,21.484346389770508,5295900,0.0,0.0
2020-05-11 00:00:00-04:00,21.302648019728498,21.495252231859578,21.2663083347144,21.317184448242188,3929600,0.0,0.0
2020-05-12 00:00:00-04:00,21.32445178483379,21.64424626762234,21.32445178483379,21.35352325439453,4700200,0.0,0.0
2020-05-13 00:00:00-04:00,21.39713586090722,21.45528019532802,20.699402461587386,20.902908325195312,6637400,0.0,0.0
2020-05-14 00:00:00-04:00,20.713937334588827,21.03009704259269,20.437752113419855,20.931978225708008,4866400,0.0,0.0
2020-05-15 00:00:00-04:00,20.866562681752022,21.3099140010731,20.75754225186306,21.222698211669922,5349400,0.0,0.0
2020-05-18 00:00:00-04:00,21.847753293376194,22.632702471992395,21.76780570294053,22.436466217041016,12870200,0.0,0.0
2020-05-19 00:00:00-04:00,22.40012363916018,22.48007261049881,21.731463169949272,21.738731384277344,6538500,0.0,0.0
2020-05-20 00:00:00-04:00,21.913164118223367,22.15300964322057,21.789607248602373,21.97857666015625,4609500,0.0,0.0
2020-05-21 00:00:00-04:00,21.847750470889586,21.884091540274778,21.506152736289078,21.593368530273438,4170800,0.0,0.0
2020-05-22 00:00:00-04:00,21.491616606067847,21.796874661779245,21.484348392090183,21.767803192138672,3283400,0.0,0.0
2020-05-26 00:00:00-04:00,22.065796202834765,22.338348027924045,21.905898244902744,21.96040916442871,5977800,0.0,0.0
2020-05-27 00:00:00-04:00,22.065797909248584,22.574560523663873,22.000385355266985,22.552757263183594,5170600,0.0,0.0
2020-05-28 00:00:00-04:00,22.54538868649498,22.64110656788203,22.28032162361783,22.376039505004883,3709900,0.4,0.0
2020-05-29 00:00:00-04:00,22.28768386427378,22.52329839770789,21.919535804689634,22.4349422454834,6855800,0.0,0.0
2020-06-01 00:00:00-04:00,22.457032465111975,22.66319589167761,22.324498934060742,22.401809692382812,5396200,0.0,0.0
2020-06-02 00:00:00-04:00,22.449671550865897,23.1638783777876,22.398131040230894,23.14179039001465,7215400,0.0,0.0
2020-06-03 00:00:00-04:00,23.193329128759558,23.43630680631448,23.031344478514104,23.05343246459961,5623100,0.0,0.0
2020-06-04 00:00:00-04:00,22.806044145748235,23.193335345871844,22.692653596245272,23.185972213745117,6157000,0.0,0.0
2020-06-05 00:00:00-04:00,23.362681136185966,24.032710653229213,23.333230014618852,24.01798439025879,19534500,0.0,0.0
2020-06-08 00:00:00-04:00,23.959081863251765,25.034073768628794,23.93699106468413,25.011985778808594,11939500,0.0,0.0
2020-06-09 00:00:00-04:00,24.518664458950173,24.6659242700732,24.106340358302432,24.37140464782715,5874900,0.0,0.0
2020-06-10 00:00:00-04:00,24.364041334555413,24.4376698309484,23.85599796845076,23.92962646484375,5541200,0.0,0.0
2020-06-11 00:00:00-04:00,23.355315210170623,23.495211882903153,22.928263465742408,22.95771598815918,6965100,0.0,0.0
2020-06-12 00:00:00-04:00,23.406859083089866,23.54675436315529,22.994532160992886,23.414220809936523,5437100,0.0,0.0
2020-06-15 00:00:00-04:00,23.016618031926107,23.649831771850586,22.81781773252464,23.649831771850586,5008100,0.0,0.0
2020-06-16 00:00:00-04:00,23.988529584825816,24.224144124881153,23.57620273535554,24.09897232055664,5833900,0.0,0.0
2020-06-17 00:00:00-04:00,24.238871273823055,24.577569684477382,24.121063985822904,24.150516510009766,5047600,0.0,0.0
2020-06-18 00:00:00-04:00,24.010620666513084,24.44503555740014,23.929627631284564,24.430309295654297,3839700,0.0,0.0
2020-06-19 00:00:00-04:00,24.48184963768921,24.813183502805874,24.349316091642542,24.65119743347168,9231500,0.0,0.0
2020-06-22 00:00:00-04:00,24.34931524660692,24.570203546103098,24.150514934436224,24.408220291137695,6773000,0.0,0.0
2020-06-23 00:00:00-04:00,24.44503932448786,24.575362407463714,23.786053755731785,23.856002807617188,7113900,0.0,0.0
2020-06-24 00:00:00-04:00,23.7455527107917,23.793410953168358,23.31850096627643,23.657197952270508,5962600,0.0,0.0
2020-06-25 00:00:00-04:00,23.524665466970436,23.613020229461,23.20069472763323,23.47312355041504,4871100,0.0,0.0
2020-06-26 00:00:00-04:00,23.480483691860588,23.480483691860588,22.677920778821672,22.751550674438477,7293900,0.0,0.0
2020-06-29 00:00:00-04:00,22.825187998026582,23.347957758720618,22.825187998026582,23.296417236328125,5010500,0.0,0.0
2020-06-30 00:00:00-04:00,23.296409969449233,23.598291281616675,23.19259306512064,23.480484008789062,5854100,0.0,0.0
2020-07-01 00:00:00-04:00,23.50993962075985,23.58356812267922,23.182288012348245,23.31850242614746,4482300,0.0,0.0
2020-07-02 00:00:00-04:00,23.524663689257977,23.71609946164565,23.362677629643528,23.421581268310547,4284800,0.0,0.0
2020-07-06 00:00:00-04:00,23.620378879249984,23.811814618403787,23.451029718655036,23.561473846435547,4839400,0.0,0.0
2020-07-07 00:00:00-04:00,23.40685563109317,23.76395971855943,23.399492500958726,23.598291397094727,5106400,0.0,0.0
2020-07-08 00:00:00-04:00,23.59093812216527,23.67929290668238,23.17861111317216,23.458404541015625,3668400,0.0,0.0
2020-07-09 00:00:00-04:00,23.29640743986123,23.38108132023861,22.9429856597539,23.09760856628418,3731700,0.0,0.0
2020-07-10 00:00:00-04:00,23.08288676301938,23.789731864038746,23.08288676301938,23.767641067504883,5302700,0.0,0.0
2020-07-13 00:00:00-04:00,23.93698501586914,24.260957098018128,23.694008763004124,23.93698501586914,6236300,0.0,0.0
2020-07-14 00:00:00-04:00,23.782370636107753,24.61806853438001,23.767644372619742,24.526031494140625,7868100,0.0,0.0
2020-07-15 00:00:00-04:00,24.66592283909205,24.66592283909205,24.334588985474227,24.408220291137695,5105700,0.0,0.0
2020-07-16 00:00:00-04:00,24.717459476463105,25.542110309474936,24.621740198469467,25.32858657836914,9726600,0.0,0.0
2020-07-17 00:00:00-04:00,25.483217892820136,25.910268328173753,25.306505527632176,25.777734756469727,8461100,0.0,0.0
2020-07-20 00:00:00-04:00,25.711465370523072,25.711465370523072,24.967807345607095,25.12242889404297,6514800,0.0,0.0
2020-07-21 00:00:00-04:00,25.299137863792556,25.689373950721897,25.23287109348879,25.424306869506836,5001900,0.0,0.0
2020-07-22 00:00:00-04:00,25.512663248125488,25.740913261743422,25.2402316446989,25.69673728942871,4020100,0.0,0.0
2020-07-23 00:00:00-04:00,25.512666287522148,25.866088151878856,25.232872924959516,25.667287826538086,6103800,0.0,0.0
2020-07-24 00:00:00-04:00,25.69673795140867,25.954440492373134,25.410318780702294,25.534751892089844,4331400,0.0,0.0
2020-07-27 00:00:00-04:00,25.52738556995206,25.687899834582655,25.39485485012644,25.652557373046875,4244500,0.0,0.0
2020-07-28 00:00:00-04:00,25.593654696422163,26.05752208923875,25.593654696422163,25.95444107055664,6037400,0.0,0.0
2020-07-29 00:00:00-04:00,26.175329585984567,26.410944147424736,26.064886840229747,26.19005584716797,6796300,0.0,0.0
2020-07-30 00:00:00-04:00,25.816749825335002,26.13851142168523,24.562838224819732,25.32122230529785,12148600,0.0,0.0
2020-07-31 00:00:00-04:00,25.122427065233833,25.645199533254996,24.908903289067332,25.313865661621094,11208900,0.0,0.0
2020-08-03 00:00:00-04:00,25.383070771390113,25.807177477919563,25.218141165724962,25.615741729736328,6207300,0.0,0.0
2020-08-04 00:00:00-04:00,25.61574664202543,25.87344920029642,25.313865298587746,25.829273223876953,6284300,0.0,0.0
2020-08-05 00:00:00-04:00,25.880810963575424,25.93971319540842,25.512662886191688,25.608379364013672,3966300,0.0,0.0
2020-08-06 00:00:00-04:00,25.652560745278254,26.01334713354192,25.527388925728616,25.976530075073242,5721600,0.0,0.0
2020-08-07 00:00:00-04:00,25.873442468411987,26.101695252597768,25.755635214033052,26.072242736816406,4163500,0.0,0.0
2020-08-10 00:00:00-04:00,26.013342293747694,26.028065743899205,25.416941447730643,25.615741729736328,5966500,0.0,0.0
2020-08-11 00:00:00-04:00,25.770365035563266,25.954439071531574,25.394855238036545,25.497936248779297,4790500,0.0,0.0
2020-08-12 00:00:00-04:00,25.68937359746607,26.138514722376865,25.59733657379573,26.01334571838379,4825800,0.0,0.0
2020-08-13 00:00:00-04:00,26.094336553849423,26.26368434433785,25.868294202615818,26.19005584716797,5121500,0.0,0.0
2020-08-14 00:00:00-04:00,26.020706537687012,26.260003352640553,25.86608501740822,26.20478057861328,3107400,0.0,0.0
2020-08-17 00:00:00-04:00,26.271046054788695,26.778353479964046,26.167965046334697,26.455120086669922,7010800,0.0,0.0
2020-08-18 00:00:00-04:00,26.506661760120156,26.51402348587153,25.96180136586903,26.25632095336914,4677600,0.0,0.0
2020-08-19 00:00:00-04:00,26.322589661535254,26.41094442080309,26.050160848690247,26.08697509765625,4002500,0.0,0.0
2020-08-20 00:00:00-04:00,25.96179911854067,25.998616170351404,25.571563086317884,25.6599178314209,4553600,0.0,0.0
2020-08-21 00:00:00-04:00,25.601019309869603,25.696738602688267,25.26747778161146,25.44639778137207,4749600,0.0,0.0
2020-08-24 00:00:00-04:00,25.542110308544025,25.83662986755371,25.291769526009794,25.83662986755371,4229900,0.0,0.0
2020-08-25 00:00:00-04:00,25.998617303821675,26.07224579315974,25.70777999606671,26.04279327392578,4667800,0.0,0.0
2020-08-26 00:00:00-04:00,26.00598462130517,26.035437146872283,25.645201013724048,25.99862289428711,4382300,0.0,0.0
2020-08-27 00:00:00-04:00,26.13340928090453,26.2406515167323,25.842219721237402,25.88690185546875,4432600,0.4,0.0
2020-08-28 00:00:00-04:00,25.886898828439765,25.998609832813816,25.507086527239924,25.976268768310547,4208500,0.0,0.0
2020-08-31 00:00:00-04:00,25.96137638446275,26.16990058323622,25.73795719421558,26.095428466796875,4479100,0.0,0.0
2020-09-01 00:00:00-04:00,25.87946407022172,25.901805144494062,25.25761288158062,25.4251766204834,6023000,0.0,0.0
2020-09-02 00:00:00-04:00,25.538376466912762,26.02096242408986,25.402835691274362,25.849674224853516,5114300,0.0,0.0
2020-09-03 00:00:00-04:00,25.711892854169154,26.102875744885846,24.77725269286288,24.985776901245117,8411100,0.0,0.0
2020-09-04 00:00:00-04:00,25.090042025672215,25.268779112179246,24.65064964731078,24.92620277404785,6642600,0.0,0.0
2020-09-08 00:00:00-04:00,24.59107528619993,24.717678487686786,23.55962027627641,23.652711868286133,9385800,0.0,0.0
2020-09-09 00:00:00-04:00,23.83144991944239,23.868685991755477,23.27290031195546,23.57079315185547,8372700,0.0,0.0
2020-09-10 00:00:00-04:00,23.540995753972435,24.002729127624665,23.332470133973786,23.466522216796875,7020800,0.0,0.0
2020-09-11 00:00:00-04:00,23.57823863180255,23.958051082367408,23.26545082157003,23.615474700927734,7068200,0.0,0.0
2020-09-14 00:00:00-04:00,23.794214877322208,23.96550309012266,23.406953458452797,23.734636306762695,5246500,0.0,0.0
2020-09-15 00:00:00-04:00,24.330415030197567,25.26877978782291,23.74133263439075,23.80910301208496,11059300,0.0,0.0
2020-09-16 00:00:00-04:00,24.14423517385413,24.151684092516337,23.205873128451557,23.354820251464844,9318800,0.0,0.0
2020-09-17 00:00:00-04:00,23.034578549459894,23.131393158270004,22.42389807113475,22.818605422973633,11360200,0.0,0.0
2020-09-18 00:00:00-04:00,22.863295843265238,22.863295843265238,21.950997946404424,22.148351669311523,16042800,0.0,0.0
2020-09-21 00:00:00-04:00,21.895140454114646,22.118561109844656,21.679168716086973,22.081323623657227,8388300,0.0,0.0
2020-09-22 00:00:00-04:00,22.133454452039363,22.245165488966787,21.697786521695832,21.768535614013672,5677000,0.0,0.0
2020-09-23 00:00:00-04:00,21.880246530778678,21.954720086334508,21.36638198041981,21.425960540771484,6527100,0.0,0.0
2020-09-24 00:00:00-04:00,21.388723640388253,21.723853939364282,21.273290975547038,21.478092193603516,5317300,0.0,0.0
2020-09-25 00:00:00-04:00,21.5078743364705,21.761083504363253,21.27105022704156,21.69405746459961,5704800,0.0,0.0
2020-09-28 00:00:00-04:00,22.081321894074897,22.334531098456665,21.91748122907806,22.215373992919922,4840300,0.0,0.0
2020-09-29 00:00:00-04:00,22.170694196180772,22.252613832349887,21.86535388386364,22.03664207458496,4339600,0.0,0.0
2020-09-30 00:00:00-04:00,22.051535491236727,22.498373970603176,22.051535491236727,22.304744720458984,6047100,0.0,0.0
2020-10-01 00:00:00-04:00,22.34197912191248,22.63987189277836,22.092494370207554,22.617530822753906,6060100,0.0,0.0
2020-10-02 00:00:00-04:00,22.297295856180835,22.773924295867516,22.28984835925263,22.69200325012207,5393600,0.0,0.0
2020-10-05 00:00:00-04:00,22.81860767809051,23.138842941168882,22.80371410481565,23.086711883544922,4470800,0.0,0.0
2020-10-06 00:00:00-04:00,23.1016086481207,23.287791822743596,22.781373360494932,22.840951919555664,4924100,0.0,0.0
2020-10-07 00:00:00-04:00,22.93776982043686,23.086716949587984,22.714350547175275,22.967559814453125,3869000,0.0,0.0
2020-10-08 00:00:00-04:00,23.07926874682935,23.33992550465743,23.012242682803127,23.25055694580078,4590800,0.0,0.0
2020-10-09 00:00:00-04:00,23.302684607613674,23.440459746037945,23.086711463710714,23.16863250732422,4100100,0.0,0.0
2020-10-12 00:00:00-04:00,23.40695244502674,23.883580988866754,23.243110317732906,23.57079315185547,8796300,0.0,0.0
2020-10-13 00:00:00-04:00,23.585683506740892,24.174021572186287,23.47397389132365,24.13678550720215,7446800,0.0,0.0
2020-10-14 00:00:00-04:00,24.136786446051843,24.479362802718576,23.730907071891977,23.943157196044922,7808200,0.0,0.0
2020-10-15 00:00:00-04:00,23.682498545162655,24.069759877864826,23.503762873253542,24.05486488342285,3685400,0.0,0.0
2020-10-16 00:00:00-04:00,24.114443667580975,24.2931779101783,23.902194978915674,23.95060157775879,3468100,0.0,0.0
2020-10-19 00:00:00-04:00,24.017626154141162,24.111462051882114,23.544720786541845,23.645259857177734,4164000,0.0,0.0
2020-10-20 00:00:00-04:00,23.853786065160108,24.069759217246556,23.756971444874164,23.823997497558594,3524600,0.0,0.0
2020-10-21 00:00:00-04:00,23.64526302331133,23.756972643265495,23.40694878861848,23.414396286010742,6503600,0.0,0.0
2020-10-22 00:00:00-04:00,23.406950351725385,23.541002472808284,23.131398611669987,23.25800323486328,5345700,0.0,0.0
2020-10-23 00:00:00-04:00,23.451627929403703,23.540996460790577,23.16118268820944,23.362260818481445,4140600,0.0,0.0
2020-10-26 00:00:00-04:00,23.094161067725476,23.22821318024683,22.639873668728647,22.77392578125,5488600,0.0,0.0
2020-10-27 00:00:00-04:00,22.848398208618164,23.027133876347605,22.725516638042713,22.848398208618164,5880200,0.0,0.0
2020-10-28 00:00:00-04:00,22.528166503967604,22.60264006575968,21.753643734074092,21.761091232299805,7781100,0.0,0.0
2020-10-29 00:00:00-04:00,22.1185635143716,22.67711308371972,21.910037830447564,22.37177276611328,7875600,0.0,0.0
2020-10-30 00:00:00-04:00,22.394110748117154,22.855845620036963,22.30846666309671,22.7813720703125,10477700,0.0,0.0
2020-11-02 00:00:00-05:00,23.11650286340958,23.78676198535488,22.98245075492755,23.585683822631836,7165100,0.0,0.0
2020-11-03 00:00:00-05:00,23.727186826693174,24.203815351371365,23.608029695523626,23.6676082611084,5427300,0.0,0.0
2020-11-04 00:00:00-05:00,23.883574663193958,24.196363837826723,23.660155447558818,23.697391510009766,6169600,0.0,0.0
2020-11-05 00:00:00-05:00,23.727183619580135,24.099549959269893,23.43673690870602,23.6080265045166,7920600,0.0,0.0
2020-11-06 00:00:00-05:00,23.734628506376822,23.823995622613,23.414393262190323,23.488866806030273,4069300,0.0,0.0
2020-11-09 00:00:00-05:00,24.12188846774889,24.263389479992387,22.76275232456019,22.803712844848633,10642100,0.0,0.0
2020-11-10 00:00:00-05:00,22.371770094383514,22.75158250617225,21.995679300476368,22.699451446533203,13382400,0.0,0.0
2020-11-11 00:00:00-05:00,22.848401054485713,23.369713128512057,22.65477036854507,23.34737205505371,7814500,0.0,0.0
2020-11-12 00:00:00-05:00,23.265446421115335,23.37715602782699,22.855844056351028,23.161184310913086,5846000,0.0,0.0
2020-11-13 00:00:00-05:00,23.28779302931612,23.54844977138614,23.123950918061553,23.54100227355957,4165900,0.0,0.0
2020-11-16 00:00:00-05:00,23.541000860342354,24.032524323668902,23.39577821260472,23.943157196044922,7456300,0.0,0.0
2020-11-17 00:00:00-05:00,23.70483579104709,23.719730782192865,23.328746497635773,23.526100158691406,5109200,0.0,0.0
2020-11-18 00:00:00-05:00,23.60802733426391,24.14423295043088,23.48887021501238,23.55589485168457,7285200,0.0,0.0
2020-11-19 00:00:00-05:00,23.503762646862615,23.794209353824055,23.384605533404276,23.742076873779297,6150500,0.0,0.0
2020-11-20 00:00:00-05:00,23.682499548584456,24.077209815696243,23.645263481366694,24.025075912475586,9019400,0.0,0.0
2020-11-23 00:00:00-05:00,24.106997792399476,24.486813077475574,23.972945673070253,24.27828598022461,7282100,0.0,0.0
2020-11-24 00:00:00-05:00,24.51659787733843,25.21664839804026,24.367653617633884,25.194307327270508,8618400,0.0,0.0
2020-11-25 00:00:00-05:00,25.028509055901537,25.058655496856684,24.493422666100518,24.523569107055664,6040400,0.4,0.0
2020-11-27 00:00:00-05:00,24.689365710187115,24.900387895691267,24.58385605489628,24.749658584594727,2220700,0.0,0.0
2020-11-30 00:00:00-05:00,24.580086071051333,24.847629190913068,24.46703838663785,24.82501792907715,5826100,0.0,0.0
2020-12-01 00:00:00-05:00,24.84763192961987,25.03604284112764,24.696902625429182,24.975749969482422,4623900,0.0,0.0
2020-12-02 00:00:00-05:00,24.91545942707358,25.111405505784308,24.681828866948756,24.704437255859375,4770100,0.0,0.0
2020-12-03 00:00:00-05:00,24.749658009076498,25.31489075635298,24.719511572573705,25.209381103515625,4868900,0.0,0.0
2020-12-04 00:00:00-05:00,25.44301084334416,25.73693431047827,25.352574401492017,25.714323043823242,6146900,0.0,0.0
2020-12-07 00:00:00-05:00,25.623886386502875,25.631421558709416,25.209382916999854,25.32242774963379,5240800,0.0,0.0
2020-12-08 00:00:00-05:00,25.34504057103102,25.963028227096167,25.239530904130554,25.880126953125,6753300,0.0,0.0
2020-12-09 00:00:00-05:00,25.985630362005825,26.076066786866367,25.605039548122956,25.789684295654297,5380000,0.0,0.0
2020-12-10 00:00:00-05:00,25.631415511984173,25.804756055990715,25.5334439217985,25.699243545532227,4284600,0.0,0.0
2020-12-11 00:00:00-05:00,25.533446398123903,25.752000860822097,25.47315352915735,25.676637649536133,3814900,0.0,0.0
2020-12-14 00:00:00-05:00,25.744468334285354,26.15143661684909,25.729395115495308,25.940414428710938,5798500,0.0,0.0
2020-12-15 00:00:00-05:00,25.94041045842136,25.999950094767637,25.56358867111189,25.87258529663086,4687800,0.0,0.0
2020-12-16 00:00:00-05:00,25.940410410122023,26.12128613265951,25.819827553404394,25.947948455810547,5738300,0.0,0.0
2020-12-17 00:00:00-05:00,26.12128336208547,26.211719776300967,25.97281665188054,26.091136932373047,4282500,0.0,0.0
2020-12-18 00:00:00-05:00,26.28709247301911,26.656376267802766,26.008242240311866,26.204191207885742,11194700,0.0,0.0
2020-12-21 00:00:00-05:00,25.714317088081877,26.121285294541828,25.714317088081877,26.053457260131836,5183500,0.0,0.0
2020-12-22 00:00:00-05:00,26.076067275873374,26.23433461599997,25.88012120584725,25.917802810668945,3717100,0.0,0.0
2020-12-23 00:00:00-05:00,25.958496961507485,26.407668994592708,25.958496961507485,26.22679328918457,3577500,0.0,0.0
2020-12-24 00:00:00-05:00,26.21926600196163,26.362457275390625,26.091145073169226,26.362457275390625,1575900,0.0,0.0
2020-12-28 00:00:00-05:00,26.41521232922333,26.686524533733497,26.324775886027506,26.535795211791992,3576000,0.0,0.0
2020-12-29 00:00:00-05:00,26.61115978364653,26.64884139323959,26.174045062583996,26.302165985107422,3324900,0.0,0.0
2020-12-30 00:00:00-05:00,26.302166725223664,26.400138337937925,26.10621774994992,26.128826141357422,2439300,0.0,0.0
2020-12-31 00:00:00-05:00,26.113756941765864,26.162742750270354,25.778385704880908,26.121292114257812,3353600,0.0,0.0
2021-01-04 00:00:00-05:00,26.068530460228658,26.136358494597346,25.556052617203456,25.797218322753906,5824100,0.0,0.0
2021-01-05 00:00:00-05:00,25.840175946880247,25.940410103946714,25.03980627457756,25.299814224243164,9052900,0.0,0.0
2021-01-06 00:00:00-05:00,25.390251971406332,25.774611819215327,25.179232682364336,25.578662872314453,6754300,0.0,0.0
2021-01-07 00:00:00-05:00,25.63895866940855,25.667595772654636,25.20561297283262,25.394023895263672,6487800,0.0,0.0
2021-01-08 00:00:00-05:00,25.2508341064469,25.360112792840784,25.028507710011702,25.337501525878906,6226300,0.0,0.0
2021-01-11 00:00:00-05:00,25.284741790685384,25.371412068230917,24.68182749554952,24.757190704345703,8799500,0.0,0.0
2021-01-12 00:00:00-05:00,24.75719438491483,24.855168870853113,23.905577636745775,24.252254486083984,10999400,0.0,0.0
2021-01-13 00:00:00-05:00,24.282401428887578,24.380373041940146,24.105294695790263,24.124134063720703,6137600,0.0,0.0
2021-01-14 00:00:00-05:00,24.19422232634893,24.342689065877504,23.907836937360536,24.176889419555664,8530300,0.0,0.0
2021-01-15 00:00:00-05:00,24.041230341724752,24.33515232062131,23.815137838691466,24.109058380126953,6975000,0.0,0.0
2021-01-19 00:00:00-05:00,24.222106412833057,24.565015653005297,24.007318087918506,24.387908935546875,6148600,0.0,0.0
2021-01-20 00:00:00-05:00,24.365298367953862,24.802410150230212,24.24471263499806,24.764728546142578,6556300,0.0,0.0
2021-01-21 00:00:00-05:00,24.757192079932352,24.794876561346445,24.40298152900269,24.704437255859375,5138100,0.0,0.0
2021-01-22 00:00:00-05:00,24.531096090209807,24.892844636134488,24.442166131527088,24.80240821838379,4949100,0.0,0.0
2021-01-25 00:00:00-05:00,24.727048511846483,25.465618923556114,24.674293687790247,25.43547248840332,6447200,0.0,0.0
2021-01-26 00:00:00-05:00,25.54098101260764,25.932876027582058,25.499530384827125,25.917802810668945,4664500,0.0,0.0
2021-01-27 00:00:00-05:00,25.676636889424586,26.59984913749763,25.676636889424586,26.18157958984375,7207300,0.0,0.0
2021-01-28 00:00:00-05:00,26.000704893394033,26.369991532208033,25.57866343116693,25.59373664855957,6627800,0.0,0.0
2021-01-29 00:00:00-05:00,25.31488575660542,25.88765356242345,25.069951039509625,25.254592895507812,6544400,0.0,0.0
2021-02-01 00:00:00-05:00,25.216919283291563,25.48823149433654,25.036046392543426,25.05865478515625,5619300,0.0,0.0
2021-02-02 00:00:00-05:00,25.058651790382612,26.29462693749961,24.666756740700226,24.99082374572754,8602300,0.0,0.0
2021-02-03 00:00:00-05:00,25.073722225464312,25.073722225464312,24.696900435856953,24.87777328491211,4327300,0.0,0.0
2021-02-04 00:00:00-05:00,24.945604056652755,25.16416140856526,24.757193141194886,24.809947967529297,9149400,0.0,0.0
2021-02-05 00:00:00-05:00,25.118943517549802,25.729393016676813,24.983287434427737,25.473154067993164,8081000,0.0,0.0
2021-02-08 00:00:00-05:00,25.563592148123725,25.638958240789727,25.3299644481653,25.55605697631836,5075900,0.0,0.0
2021-02-09 00:00:00-05:00,25.556058067455396,25.699249337250762,25.20184460410793,25.40532875061035,4674900,0.0,0.0
2021-02-10 00:00:00-05:00,25.548519338724923,25.679653164892805,25.401559065863022,25.54098129272461,6148000,0.0,0.0
2021-02-11 00:00:00-05:00,25.79722391701995,27.346715204911956,25.548522987017286,26.78449821472168,20381000,0.0,0.0
2021-02-12 00:00:00-05:00,26.935226677037296,27.462774958757088,26.596086442415633,26.671449661254883,8821900,0.0,0.0
2021-02-16 00:00:00-05:00,26.656377029991145,26.87116537083157,26.490577369906177,26.648841857910156,6347800,0.0,0.0
2021-02-17 00:00:00-05:00,26.67898705259157,27.99032542767916,26.543330962075963,27.89988899230957,10648700,0.0,0.0
2021-02-18 00:00:00-05:00,27.98279290642033,29.55790844000096,27.779308751373332,29.36195945739746,22518600,0.0,0.0
2021-02-19 00:00:00-05:00,29.007748552871917,29.128331435174697,28.02047422750856,28.246566772460938,14349600,0.0,0.0
2021-02-22 00:00:00-05:00,28.15612571935982,28.281984064187835,27.93003321142639,28.058151245117188,6771400,0.0,0.0
2021-02-23 00:00:00-05:00,28.18627433347884,28.487730075728688,27.485385492237338,27.975252151489258,7042800,0.0,0.0
2021-02-24 00:00:00-05:00,27.892348150360853,28.35207120271125,27.628574042416602,28.336997985839844,5835600,0.0,0.0
2021-02-25 00:00:00-05:00,28.585703484830198,29.01528012948067,28.043832373902685,28.088298797607422,10442600,0.0,0.0
2021-02-26 00:00:00-05:00,28.073227885478133,28.193810762741002,27.41002062307107,27.417558670043945,7890400,0.0,0.0
2021-03-01 00:00:00-05:00,27.719013771186024,28.178736878308165,27.55321411569136,27.95264434814453,6195000,0.0,0.0
2021-03-02 00:00:00-05:00,28.01293458106186,28.359612863449073,27.801915267809008,28.1259822845459,5416700,0.0,0.0
2021-03-03 00:00:00-05:00,27.952642110776615,28.698750563011814,27.91119148149009,28.623384475708008,6537100,0.0,0.0
2021-03-04 00:00:00-05:00,28.653533713289534,29.301667752886217,27.696405872829615,28.043081283569336,11336200,0.0,0.0
2021-03-05 00:00:00-05:00,28.314396085824825,28.804265684164516,28.125985144143836,28.525415420532227,7562700,0.0,0.0
2021-03-08 00:00:00-05:00,28.50279860770236,29.294123754018358,28.50279860770236,29.143394470214844,6780700,0.0,0.0
2021-03-09 00:00:00-05:00,29.279057680986618,29.81414691277414,28.939920303346117,29.490079879760742,8743700,0.0,0.0
2021-03-10 00:00:00-05:00,29.859361912692865,29.927189959153427,29.348393312617606,29.776460647583008,7276700,0.0,0.0
2021-03-11 00:00:00-05:00,29.7003236575433,29.780268128710702,29.235901636509876,29.289196014404297,5939600,0.4,0.0
2021-03-12 00:00:00-05:00,29.334878222990138,29.380560367668792,28.786707008476643,29.015111923217773,8966900,0.0,0.0
2021-03-15 00:00:00-04:00,29.022711643553176,29.574693095779594,28.98845222806575,29.33486557006836,6920100,0.0,0.0
2021-03-16 00:00:00-04:00,29.411013279511394,29.654645560476634,29.281581996565297,29.494762420654297,6494800,0.0,0.0
2021-03-17 00:00:00-04:00,29.570902079238824,29.803114595280487,29.281587601095264,29.75362777709961,6407000,0.0,0.0
2021-03-18 00:00:00-04:00,29.63941001127479,29.883042225095164,29.517593904364603,29.647022247314453,8068100,0.0,0.0
2021-03-19 00:00:00-04:00,29.6622690186311,30.020105337296144,29.395797018131802,29.799312591552734,9966200,0.0,0.0
2021-03-22 00:00:00-04:00,29.723171635506908,30.134302258435923,29.669877247830144,30.111459732055664,7236700,0.0,0.0
2021-03-23 00:00:00-04:00,30.11907098664319,30.17997760569823,29.592214645836354,29.631803512573242,7663000,0.0,0.0
2021-03-24 00:00:00-04:00,29.5709027805241,29.669118390014702,29.098865497651648,29.106477737426758,5564200,0.0,0.0
2021-03-25 00:00:00-04:00,29.3424902268135,29.947763331340443,28.954199299400276,29.844982147216797,5414800,0.0,0.0
2021-03-26 00:00:00-04:00,29.95918084012158,30.560649231733098,29.60134760436738,30.476900100708008,9965500,0.0,0.0
2021-03-29 00:00:00-04:00,30.4312272320502,31.337234675363753,30.347478083512804,31.04792022705078,9905200,0.0,0.0
2021-03-30 00:00:00-04:00,31.139280204760233,31.373775464717603,30.591106147968137,30.667240142822266,8188000,0.0,0.0
2021-03-31 00:00:00-04:00,30.499755107256533,30.728160073533218,30.256122755984507,30.454072952270508,5671400,0.0,0.0
2021-04-01 00:00:00-04:00,30.50887672480935,30.522582236992292,29.97516915217225,30.476900100708008,4561000,0.0,0.0
2021-04-05 00:00:00-04:00,30.514972039078135,30.827126063734717,30.50735689702574,30.690082550048828,4416500,0.0,0.0
2021-04-06 00:00:00-04:00,30.537820910738144,31.059345030666236,30.53020576637806,30.987018585205078,4958000,0.0,0.0
2021-04-07 00:00:00-04:00,31.10425974020559,31.146895245853376,30.750992047462496,30.941329956054688,3678200,0.0,0.0
2021-04-08 00:00:00-04:00,30.903258646638772,31.101208766072812,30.84996427200939,31.070756912231445,4233200,0.0,0.0
2021-04-09 00:00:00-04:00,31.101200995370196,31.289256030523333,30.377919547734738,30.56064224243164,5485600,0.0,0.0
2021-04-12 00:00:00-04:00,30.69009185034715,31.131674380454,30.568275679525268,30.987018585205078,5609900,0.0,0.0
2021-04-13 00:00:00-04:00,31.03269054115539,31.40575411030852,30.91087439896117,31.15450668334961,7243600,0.0,0.0
2021-04-14 00:00:00-04:00,30.89184806160685,31.05325310029542,30.19521050825603,30.659635543823242,10340200,0.0,0.0
2021-04-15 00:00:00-04:00,30.70530601601179,31.31666940763944,30.68246349709192,31.253477096557617,6743000,0.0,0.0
2021-04-16 00:00:00-04:00,31.33722635142476,31.573246352398687,31.036492172616573,31.215410232543945,8150500,0.0,0.0
2021-04-19 00:00:00-04:00,31.11644147116538,31.489505061751625,30.800482740160664,31.177350997924805,6512900,0.0,0.0
2021-04-20 00:00:00-04:00,31.093602588818424,31.268713125918982,30.781448517582444,31.238258361816406,5857500,0.0,0.0
2021-04-21 00:00:00-04:00,31.040298161866392,31.70267309301668,31.040298161866392,31.656993865966797,6706500,0.0,0.0
2021-04-22 00:00:00-04:00,31.573251248284375,31.588478628546373,31.06314417464785,31.192575454711914,5643400,0.0,0.0
2021-04-23 00:00:00-04:00,30.789055895384042,30.93371454986908,30.598718006283267,30.766216278076172,4725400,0.0,0.0
2021-04-26 00:00:00-04:00,30.74337744473571,30.91087281647411,30.370313894681626,30.55303955078125,7078400,0.0,0.0
2021-04-27 00:00:00-04:00,30.629179402591337,30.857584338140022,30.503555671525348,30.530202865600586,3999400,0.0,0.0
2021-04-28 00:00:00-04:00,30.652023744495203,30.819522078373755,30.423618773777854,30.545434951782227,7411400,0.0,0.0
2021-04-29 00:00:00-04:00,30.652019471083833,31.96154538030579,30.575885459568013,31.736948013305664,7898400,0.0,0.0
2021-04-30 00:00:00-04:00,31.451434197446883,31.67222394402154,31.032688513213134,31.436206817626953,7664100,0.0,0.0
2021-05-03 00:00:00-04:00,31.61131441128777,32.205167647822684,31.603699269917826,31.96915054321289,6138100,0.0,0.0
2021-05-04 00:00:00-04:00,32.04528921006538,32.3422158716887,31.893018308012778,32.2508544921875,6947600,0.0,0.0
2021-05-05 00:00:00-04:00,32.15949943010637,32.36506184828334,31.89302457308647,32.33460998535156,4729700,0.0,0.0
2021-05-06 00:00:00-04:00,32.54778372895337,32.890392559597046,32.39551281485328,32.82948303222656,5286100,0.0,0.0
2021-05-07 00:00:00-04:00,32.77618381553139,33.19492658932405,32.578233689414645,33.10356521606445,5148100,0.0,0.0
2021-05-10 00:00:00-04:00,33.14163372790208,33.69742003915369,33.05788458844998,33.21015548706055,5437600,0.0,0.0
2021-05-11 00:00:00-04:00,33.28628715522742,33.39287589619909,32.4564139378154,32.93225860595703,5816700,0.0,0.0
2021-05-12 00:00:00-04:00,32.84470622133837,33.217769768044555,32.6163013315079,32.677207946777344,4770500,0.0,0.0
2021-05-13 00:00:00-04:00,32.601075160593,33.53753727665388,32.57442797086335,33.3624267578125,5056200,0.0,0.0
2021-05-14 00:00:00-04:00,33.49946478217887,33.823038577050745,33.28628729931276,33.29389953613281,3295100,0.0,0.0
2021-05-17 00:00:00-04:00,33.499473214684635,33.57180255214615,33.08910355254352,33.34720230102539,3203000,0.0,0.0
2021-05-18 00:00:00-04:00,33.49946440551807,33.56798615342964,33.24821702840052,33.259639739990234,3687500,0.0,0.0
2021-05-19 00:00:00-04:00,33.13402162432128,33.202543383757686,32.90561672764185,33.172088623046875,3892600,0.0,0.0
2021-05-20 00:00:00-04:00,33.088343363446626,33.49947396827741,33.04646878864018,33.40049743652344,4203800,0.0,0.0
2021-05-21 00:00:00-04:00,33.370041000193545,33.64412512816661,33.33197109789866,33.598445892333984,3716300,0.0,0.0
2021-05-24 00:00:00-04:00,33.705036394066184,34.22275572537255,33.68980901322471,33.8953742980957,4282700,0.0,0.0
2021-05-25 00:00:00-04:00,33.933432738457164,33.97911486945844,33.43094091474392,33.61366653442383,4665300,0.0,0.0
2021-05-26 00:00:00-04:00,33.62888998652142,33.70883443942878,33.43855213628032,33.636505126953125,3085900,0.0,0.0
2021-05-27 00:00:00-04:00,33.7210202818558,33.867000602415416,33.19857087649289,33.36759948730469,5817600,0.4,0.0
2021-05-28 00:00:00-04:00,33.34455831522301,33.71411357801299,33.34455831522301,33.490535736083984,3133000,0.0,0.0
2021-06-01 00:00:00-04:00,33.5904144649927,33.82858798250324,33.51358193445594,33.69029235839844,3496800,0.0,0.0
2021-06-02 00:00:00-04:00,33.782494894189185,33.97457184413411,33.58965005848856,33.874691009521484,3525100,0.0,0.0
2021-06-03 00:00:00-04:00,33.790178286946606,33.82859309258717,33.47517219131508,33.7978630065918,4312200,0.0,0.0
2021-06-04 00:00:00-04:00,33.95151356717337,34.062918526711755,33.59425039722651,33.774803161621094,3091700,0.0,0.0
2021-06-07 00:00:00-04:00,33.71333694458008,33.88236261675579,33.45211225391495,33.71333694458008,4285800,0.0,0.0
2021-06-08 00:00:00-04:00,33.67492666993861,33.75175626479269,33.523568206253195,33.63650894165039,3523700,0.0,0.0
2021-06-09 00:00:00-04:00,33.12174394863294,33.50589778161479,32.983448334290586,33.067962646484375,5710900,0.0,0.0
2021-06-10 00:00:00-04:00,33.044914031692656,33.267723975814775,32.97576621906377,32.998817443847656,3195000,0.0,0.0
2021-06-11 00:00:00-04:00,32.97269886122696,33.41754798938748,32.97269886122696,33.35992431640625,5078600,0.0,0.0
2021-06-14 00:00:00-04:00,33.306139390074726,33.306139390074726,32.353439432801196,32.8989372253418,7227500,0.0,0.0
2021-06-15 00:00:00-04:00,32.952717432493294,33.02954996252195,32.67612618611283,32.85283660888672,5992400,0.0,0.0
2021-06-16 00:00:00-04:00,32.72991083293821,32.7913768632359,32.1690464953492,32.19977951049805,4601100,0.0,0.0
2021-06-17 00:00:00-04:00,32.18441811372257,32.18441811372257,31.577454157026054,31.754167556762695,7362500,0.0,0.0
2021-06-18 00:00:00-04:00,31.631229412794415,31.71574373624178,30.935911820387254,31.116464614868164,8795500,0.0,0.0
2021-06-21 00:00:00-04:00,31.185607621060353,31.446832339213763,30.986616807306966,31.37000274658203,5012800,0.0,0.0
2021-06-22 00:00:00-04:00,31.45068259171174,31.45068259171174,31.12414941391966,31.154882431030273,3341800,0.0,0.0
2021-06-23 00:00:00-04:00,31.150270099368612,31.15488034471266,30.82450776005185,30.839874267578125,3559000,0.0,0.0
2021-06-24 00:00:00-04:00,30.901341887626746,31.131833650656908,30.555602777650613,31.016586303710938,4986600,0.0,0.0
2021-06-25 00:00:00-04:00,31.03962893137889,31.3431078612514,30.932063402963973,31.262435913085938,3569300,0.0,0.0
2021-06-28 00:00:00-04:00,31.31238019577358,31.496772396965408,31.208657018099633,31.408418655395508,3837100,0.0,0.0
2021-06-29 00:00:00-04:00,31.354643186136517,31.51598712491337,31.04347652608203,31.177932739257812,2874900,0.0,0.0
2021-06-30 00:00:00-04:00,31.131831917192336,31.492937515378514,31.116465409731052,31.33159065246582,4348500,0.0,0.0
2021-07-01 00:00:00-04:00,31.44299573498617,31.44299573498617,31.07420834730884,31.108783721923828,2816300,0.0,0.0
2021-07-02 00:00:00-04:00,31.108783429087623,31.193294823309742,30.901339975935297,31.024269104003906,2698200,0.0,0.0
2021-07-06 00:00:00-04:00,31.185604127140135,31.185604127140135,30.13302358553501,30.463396072387695,6371100,0.0,0.0
2021-07-07 00:00:00-04:00,30.394260282992562,30.763047707562727,30.363527264896234,30.617067337036133,4974400,0.0,0.0
2021-07-08 00:00:00-04:00,30.417309818260463,30.755364238483583,30.248281142717882,30.424991607666016,4303200,0.0,0.0
2021-07-09 00:00:00-04:00,30.486459472639098,30.7361601407774,30.448044661586025,30.69390296936035,4357600,0.0,0.0
2021-07-12 00:00:00-04:00,30.601695916103715,30.632425995462473,30.355834765205465,30.57096290588379,5298100,0.0,0.0
2021-07-13 00:00:00-04:00,30.412687764948327,30.57864190178196,29.956314621371057,30.086925506591797,5212500,0.0,0.0
2021-07-14 00:00:00-04:00,30.07157186917591,30.156086210295573,29.64900309443974,29.956327438354492,5292600,0.0,0.0
2021-07-15 00:00:00-04:00,29.864122956077345,30.390414846974828,29.848756448584542,30.294376373291016,5314300,0.0,0.0
2021-07-16 00:00:00-04:00,30.332787962005316,30.40193577296403,30.164530144884615,30.19449234008789,4084800,0.0,0.0
2021-07-19 00:00:00-04:00,30.11765903695324,30.494128126305867,29.78728652866202,30.225221633911133,4266200,0.0,0.0
2021-07-20 00:00:00-04:00,30.332787248865717,30.661624018735814,30.18296748378773,30.271324157714844,4285800,0.0,0.0
2021-07-21 00:00:00-04:00,30.41115646806003,30.4987423281307,30.217543768412447,30.248273849487305,2973100,0.0,0.0
2021-07-22 00:00:00-04:00,30.170672794082783,30.170672794082783,29.72582085191034,29.810335159301758,3395400,0.0,0.0
2021-07-23 00:00:00-04:00,29.86412614623285,30.24828008200432,29.748881724018567,30.13303565979004,5025500,0.0,0.0
2021-07-26 00:00:00-04:00,30.133031737984307,30.51718562375826,30.040832695178242,30.363523483276367,3641700,0.0,0.0
2021-07-27 00:00:00-04:00,30.3404725722527,30.355836147200947,30.002415306165272,30.171443939208984,3565500,0.0,0.0
2021-07-28 00:00:00-04:00,30.07924591762812,30.133027219102267,29.710455663432377,29.90253257751465,3461100,0.0,0.0
2021-07-29 00:00:00-04:00,30.08693647629171,30.10998477482563,29.806502810393827,29.948640823364258,3204100,0.0,0.0
2021-07-30 00:00:00-04:00,29.98704551228453,30.14070762266969,29.483804958362587,29.556795120239258,4858900,0.0,0.0
2021-08-02 00:00:00-04:00,29.6528434241091,29.794978505475033,29.4876571134677,29.641319274902344,4207700,0.0,0.0
2021-08-03 00:00:00-04:00,29.65667724699923,30.052358190424414,29.510699833205827,29.91790199279785,4772200,0.0,0.0
2021-08-04 00:00:00-04:00,29.46460040812154,29.625947259615273,28.18920968771392,28.38128662109375,11007800,0.0,0.0
2021-08-05 00:00:00-04:00,28.4658009407187,28.65787787409853,27.97408446020416,28.38128662109375,9560300,0.0,0.0
2021-08-06 00:00:00-04:00,28.604095351255612,28.80385699476112,28.42738493176153,28.58104705810547,8639400,0.0,0.0
2021-08-09 00:00:00-04:00,28.7347133109645,28.85764244352092,28.381289490360803,28.665565490722656,5585000,0.0,0.0
2021-08-10 00:00:00-04:00,28.677083427864012,28.88836627166392,28.404334565667792,28.788488388061523,5581200,0.0,0.0
2021-08-11 00:00:00-04:00,28.92678583102,29.25715837367563,28.803856717301247,29.01898193359375,4244200,0.0,0.0
2021-08-12 00:00:00-04:00,29.072764947686686,29.111179748446816,28.703977584838867,28.703977584838867,3194000,0.0,0.0
2021-08-13 00:00:00-04:00,28.788496183304282,29.218746705135818,28.711663639504458,29.09581756591797,3556000,0.0,0.0
2021-08-16 00:00:00-04:00,29.08505979001882,29.395455630584074,28.957520411720733,29.203378677368164,4530100,0.0,0.0
2021-08-17 00:00:00-04:00,29.18801670967037,29.18801670967037,28.819226360002745,29.126550674438477,4555500,0.0,0.0
2021-08-18 00:00:00-04:00,29.080450437731077,29.103501665810953,28.373608634999968,28.388975143432617,4786400,0.0,0.0
2021-08-19 00:00:00-04:00,28.25067439355461,28.43506659970347,28.150793572221566,28.29677391052246,4789600,0.0,0.0
2021-08-20 00:00:00-04:00,28.196894406258227,28.273724007265393,27.858837127759298,28.12006187438965,3688200,0.0,0.0
2021-08-23 00:00:00-04:00,28.18921169349585,28.323667901117986,28.012501253916074,28.15079689025879,3348200,0.0,0.0
2021-08-24 00:00:00-04:00,28.20457891224913,28.227630139461986,27.943354140443073,28.081649780273438,3250000,0.0,0.0
2021-08-25 00:00:00-04:00,28.13542117103166,28.250668473871578,27.862672347228553,28.235301971435547,4319100,0.0,0.0
2021-08-26 00:00:00-04:00,28.23531155141529,28.289092862758576,27.67828957070482,27.712862014770508,4474000,0.0,0.0
2021-08-27 00:00:00-04:00,27.682125096237105,28.024021783366322,27.51309939764615,27.951034545898438,3661500,0.0,0.0
2021-08-30 00:00:00-04:00,27.881886029400135,27.989448634191724,27.728223909328793,27.751272201538086,4600700,0.0,0.0
2021-08-31 00:00:00-04:00,27.797890655080245,28.061264181213055,27.611433567262274,27.961044311523438,6883300,0.4,0.0
2021-09-01 00:00:00-04:00,28.062034018539773,28.279571187706377,27.918307331493228,28.04649543762207,4678900,0.0,0.0
2021-09-02 00:00:00-04:00,28.116421895542903,28.2679193781964,27.856157293413233,28.023193359375,6427700,0.0,0.0
2021-09-03 00:00:00-04:00,28.023189913789906,28.11641843849492,27.774578538788962,27.836732864379883,5550300,0.0,0.0
2021-09-07 00:00:00-04:00,27.735741401920812,27.79012497033444,27.487129956692165,27.70466423034668,5359300,0.0,0.0
2021-09-08 00:00:00-04:00,27.735730094889405,29.06424751942339,27.66658445361435,28.792329788208008,11755600,0.0,0.0
2021-09-09 00:00:00-04:00,28.683572458234686,28.784571787646023,28.271810292939538,28.403886795043945,7644400,0.0,0.0
2021-09-10 00:00:00-04:00,28.34949873106826,28.427188686804204,28.100884352613182,28.22519302368164,4071700,0.0,0.0
2021-09-13 00:00:00-04:00,28.411652276982544,28.854491578663584,28.39611369190997,28.466035842895508,4777500,0.0,0.0
2021-09-14 00:00:00-04:00,28.551496636618946,28.625304174942208,27.992119427604884,28.1319637298584,4371600,0.0,0.0
2021-09-15 00:00:00-04:00,28.05582840372869,28.256271125214944,27.91443112367148,28.13973617553711,6179700,0.0,0.0
2021-09-16 00:00:00-04:00,28.15526908761823,28.50487682987984,27.99211544905694,28.388341903686523,4102100,0.0,0.0
2021-09-17 00:00:00-04:00,28.326190294108784,28.59034030135144,28.10865604003199,28.3961124420166,11784900,0.0,0.0
2021-09-20 00:00:00-04:00,28.25626944700796,28.458268089677293,27.786238361421116,28.1319637298584,6614500,0.0,0.0
2021-09-21 00:00:00-04:00,28.10088470595531,28.399997263031626,27.83285228071875,27.922195434570312,3880100,0.0,0.0
2021-09-22 00:00:00-04:00,28.264032963665507,28.434951428555827,27.92219010652224,28.069805145263672,3977900,0.0,0.0
2021-09-23 00:00:00-04:00,28.124189323484323,28.46602922455707,28.10010348493306,28.20965003967285,4047300,0.0,0.0
2021-09-24 00:00:00-04:00,28.240731453408756,28.493228280192955,28.18634788624688,28.271808624267578,3393600,0.0,0.0
2021-09-27 00:00:00-04:00,28.365030126848893,28.882453334752025,28.29510799162735,28.62141227722168,4869200,0.0,0.0
2021-09-28 00:00:00-04:00,28.58257316214758,28.831184590839275,28.11642451058914,28.450496673583984,7260000,0.0,0.0
2021-09-29 00:00:00-04:00,28.388341566946742,29.359480758779775,28.326187236102253,29.157482147216797,6387900,0.0,0.0
2021-09-30 00:00:00-04:00,29.21186685376668,29.242944020411187,28.590338339285168,28.605876922607422,4731100,0.0,0.0
2021-10-01 00:00:00-04:00,28.761264211219174,28.776802796928877,28.396114856246562,28.497114181518555,4151800,0.0,0.0
2021-10-04 00:00:00-04:00,28.495563190888138,28.978800496184334,28.495563190888138,28.660266876220703,6787000,0.0,0.0
2021-10-05 00:00:00-04:00,28.61365275779386,28.920530200728617,28.590343396846247,28.80010986328125,3776100,0.0,0.0
2021-10-06 00:00:00-04:00,28.644723932345396,29.048718236355327,28.442728262181404,29.017641067504883,3623600,0.0,0.0
2021-10-07 00:00:00-04:00,29.13417988642326,29.34006095009819,28.745724154604282,28.807878494262695,4244700,0.0,0.0
2021-10-08 00:00:00-04:00,28.800115121719255,28.963265859729987,28.51654402427434,28.574810028076172,3156000,0.0,0.0
2021-10-11 00:00:00-04:00,28.668041561524703,29.07591840655153,28.559271439168082,28.574810028076172,4466500,0.0,0.0
2021-10-12 00:00:00-04:00,28.50644379329994,28.78457653281117,28.380582112249265,28.574810028076172,4657000,0.0,0.0
2021-10-13 00:00:00-04:00,28.605880153070192,28.75737765296862,28.217424417190713,28.590341567993164,3918000,0.0,0.0
2021-10-14 00:00:00-04:00,28.737959875750853,29.05260810881479,28.699111926849092,28.947723388671875,4014300,0.0,0.0
2021-10-15 00:00:00-04:00,29.072018729928008,29.166026702065967,28.629179536586324,28.730178833007812,4214700,0.0,0.0
2021-10-18 00:00:00-04:00,28.53595653031579,28.873914070026238,28.460596026604083,28.652494430541992,3025300,0.0,0.0
2021-10-19 00:00:00-04:00,28.675802067385057,28.73795640718014,28.217424184283452,28.598112106323242,3848900,0.0,0.0
2021-10-20 00:00:00-04:00,28.543731417894943,28.78457209967121,28.41942568945748,28.68357276916504,3493300,0.0,0.0
2021-10-21 00:00:00-04:00,28.590335598683914,28.660257735090624,27.961039334704978,28.264034271240234,5243700,0.0,0.0
2021-10-22 00:00:00-04:00,28.225189298499053,28.55925843501839,28.201879943909184,28.264034271240234,3408000,0.0,0.0
2021-10-25 00:00:00-04:00,28.264041900069483,28.345617253948642,27.98435327895108,28.13973617553711,5690900,0.0,0.0
2021-10-26 00:00:00-04:00,28.240729631095444,28.644723935144857,28.13196250379021,28.310651779174805,8539700,0.0,0.0
2021-10-27 00:00:00-04:00,28.77679815568807,28.893333084192342,27.65027606472315,28.27957534790039,7886300,0.0,0.0
2021-10-28 00:00:00-04:00,28.201885815867236,28.38057509862701,27.883352231176847,28.34173011779785,5816100,0.0,0.0
2021-10-29 00:00:00-04:00,28.209654709626612,28.450495352920818,27.797889641978365,27.883350372314453,6246900,0.0,0.0
2021-11-01 00:00:00-04:00,27.875585649516722,28.578689613675085,27.80566349546855,28.535959243774414,5043900,0.0,0.0
2021-11-02 00:00:00-04:00,28.54372847807851,28.881683068004516,28.347168194406713,28.807878494262695,5516100,0.0,0.0
2021-11-03 00:00:00-04:00,28.893339810850286,29.141951272623356,28.714650507931044,29.07202911376953,4854400,0.0,0.0
2021-11-04 00:00:00-04:00,29.033185388228237,29.141952537012763,28.62142319249181,28.893341064453125,3792800,0.0,0.0
2021-11-05 00:00:00-04:00,29.126414744113994,29.678021222546604,29.095337571437767,29.398332595825195,8470700,0.0,0.0
2021-11-08 00:00:00-05:00,29.483787509288923,29.557592075199384,28.800104664001747,28.901103973388672,5064100,0.0,0.0
2021-11-09 00:00:00-05:00,28.862261150616554,29.060371433753758,28.745723249268366,29.017641067504883,4083300,0.0,0.0
2021-11-10 00:00:00-05:00,29.184677425539576,29.398329258834217,28.908874217629567,29.12641143798828,4392000,0.0,0.0
2021-11-11 00:00:00-05:00,29.079790904551956,29.173019432992444,28.916640238860733,28.963253021240234,3380400,0.0,0.0
2021-11-12 00:00:00-05:00,28.986561463051157,29.173018514058842,28.784562866831212,28.91663932800293,4522600,0.0,0.0
2021-11-15 00:00:00-05:00,28.963251777756607,29.319077288805417,28.93606000130883,29.227401733398438,5967000,0.0,0.0
2021-11-16 00:00:00-05:00,29.28956158226718,29.499328024571433,28.734069789780527,28.77680015563965,5228500,0.0,0.0
2021-11-17 00:00:00-05:00,28.784571787646023,28.854493944364282,28.287348879286075,28.403886795043945,6974200,0.0,0.0
2021-11-18 00:00:00-05:00,27.54928082600158,27.642512338997516,27.00544218825388,27.479358673095703,21735600,0.0,0.0
2021-11-19 00:00:00-05:00,27.44051228809793,27.634740151384968,27.17636227548028,27.456050872802734,8973800,0.0,0.0
2021-11-22 00:00:00-05:00,27.42497421434553,27.797891363162584,27.3705906487065,27.557050704956055,22906700,0.0,0.0
2021-11-23 00:00:00-05:00,27.751272382088683,28.01542234071045,27.66581166552261,27.828962326049805,9909400,0.0,0.0
2021-11-24 00:00:00-05:00,27.663970362805852,27.758254728361678,27.388981789478027,27.648256301879883,7058200,0.4,0.0
2021-11-26 00:00:00-05:00,27.420417116935386,27.695405762525414,27.13756994024196,27.365419387817383,7366800,0.0,0.0
2021-11-29 00:00:00-05:00,27.428267912620715,27.498979694578523,26.972572093343327,27.326128005981445,8750700,0.0,0.0
2021-11-30 00:00:00-05:00,27.216132236960636,27.26327442341158,26.324380939274207,26.406877517700195,15110300,0.0,0.0
2021-12-01 00:00:00-05:00,26.681864669906492,26.956856246943335,25.78618415581946,25.83332633972168,12204500,0.0,0.0
2021-12-02 00:00:00-05:00,25.919752355540894,26.29688083788527,25.758685473969976,26.1240291595459,8715100,0.0,0.0
2021-12-03 00:00:00-05:00,26.194743581490272,26.548302505987127,26.1672447205378,26.430448532104492,8062700,0.0,0.0
2021-12-06 00:00:00-05:00,26.626869103338127,27.220062227434944,26.611155040768896,26.925430297851562,9646000,0.0,0.0
2021-12-07 00:00:00-05:00,26.933285469641913,27.17684894047466,26.776150840357232,27.11399269104004,8188100,0.0,0.0
2021-12-08 00:00:00-05:00,26.71329277518235,26.752576429833354,26.037603125442445,26.045461654663086,17293500,0.0,0.0
2021-12-09 00:00:00-05:00,25.96688954481491,26.37544611854279,25.94331995309136,26.296878814697266,5900900,0.0,0.0
2021-12-10 00:00:00-05:00,26.265455767106207,26.83900558797317,26.226172107596355,26.83115005493164,7036500,0.0,0.0
2021-12-13 00:00:00-05:00,26.831141486898474,27.27898165603369,26.705432018319293,27.090415954589844,8376700,0.0,0.0
2021-12-14 00:00:00-05:00,27.01185575061968,27.608975133812688,27.01185575061968,27.326128005981445,9743700,0.0,0.0
2021-12-15 00:00:00-05:00,27.216125990790406,27.498973050280178,27.168986812308916,27.404691696166992,6108200,0.0,0.0
2021-12-16 00:00:00-05:00,27.451836852764647,28.375019261069003,27.369340275306765,28.284664154052734,11056600,0.0,0.0
2021-12-17 00:00:00-05:00,28.33180067941381,28.630358805663267,27.868246434063032,27.89967155456543,13626700,0.0,0.0
2021-12-20 00:00:00-05:00,27.70325444691382,27.758255159584483,27.424336604733867,27.71111297607422,8542200,0.0,0.0
2021-12-21 00:00:00-05:00,27.72683089880323,27.80539821844515,27.4282696892919,27.498981475830078,5432500,0.0,0.0
2021-12-22 00:00:00-05:00,27.498979506025506,27.656117131204404,27.24756050459963,27.585405349731445,5468800,0.0,0.0
2021-12-23 00:00:00-05:00,27.701689078938216,27.856470961744584,27.64826186047867,27.695404052734375,3735700,0.0,0.0
2021-12-27 00:00:00-05:00,27.624689072192744,27.844679949673903,27.443981851811657,27.836824417114258,3252900,0.0,0.0
2021-12-28 00:00:00-05:00,27.726827104000193,28.190381419606357,27.69539898158435,28.174667358398438,3597500,0.0,0.0
2021-12-29 00:00:00-05:00,28.20609920685565,28.323950185757163,28.123599625328144,28.135387420654297,2758300,0.0,0.0
2021-12-30 00:00:00-05:00,28.16680953075135,28.28466349417071,27.993960847460624,28.01753044128418,3561200,0.0,0.0
2021-12-31 00:00:00-05:00,27.938959813302287,28.245376485231446,27.88788836988047,28.206092834472656,3805900,0.0,0.0
2022-01-03 00:00:00-05:00,28.16680585989209,28.418224818412963,28.00338323713848,28.394655227661133,5957600,0.0,0.0
2022-01-04 00:00:00-05:00,28.50465326511284,29.243199146099332,28.394657835302258,28.999635696411133,7887600,0.0,0.0
2022-01-05 00:00:00-05:00,29.125345988124153,29.337481321656856,28.87392699960037,28.88178253173828,7096900,0.0,0.0
2022-01-06 00:00:00-05:00,29.125341737515043,29.33354777601742,28.913206434941777,28.936779022216797,6045400,0.0,0.0
2022-01-07 00:00:00-05:00,28.905351424315068,29.400330808746503,28.826781127234415,29.345333099365234,4915000,0.0,0.0
2022-01-10 00:00:00-05:00,29.431762499896173,29.651756361273666,29.16462945169909,29.353195190429688,8565700,0.0,0.0
2022-01-11 00:00:00-05:00,29.464759946981538,29.596754460220076,28.991779607876776,29.53390121459961,5556300,0.0,0.0
2022-01-12 00:00:00-05:00,29.526047024163347,29.581044740511224,29.21962732245993,29.306053161621094,4793900,0.0,0.0
2022-01-13 00:00:00-05:00,29.266769912566943,29.73817977270099,29.243200318705476,29.581045150756836,6287000,0.0,0.0
2022-01-14 00:00:00-05:00,29.55746895601125,29.95031145727671,29.361047705378517,29.87174415588379,5354500,0.0,0.0
2022-01-18 00:00:00-05:00,29.832468132105234,29.918893984023192,29.117494716899227,29.4081974029541,7062200,0.0,0.0
2022-01-19 00:00:00-05:00,29.49462121742016,29.612472191498124,29.1292775031916,29.243202209472656,5076500,0.0,0.0
2022-01-20 00:00:00-05:00,29.361045460371894,29.51032751761463,29.03341498323103,29.11748504638672,5274100,0.0,0.0
2022-01-21 00:00:00-05:00,29.235338055184567,29.577112108276097,28.991777623989822,29.070344924926758,7544700,0.0,0.0
2022-01-24 00:00:00-05:00,29.038923844231615,29.219631077907245,27.907538251898966,28.591083526611328,12053700,0.0,0.0
2022-01-25 00:00:00-05:00,28.386802286048106,28.602863881001063,28.01752934578033,28.449655532836914,7115700,0.0,0.0
2022-01-26 00:00:00-05:00,28.433946333985592,28.976071040638242,28.17074251107083,28.31609535217285,7220400,0.0,0.0
2022-01-27 00:00:00-05:00,28.394658945363574,29.058563811868733,28.253235388035243,28.355375289916992,6138800,0.0,0.0
2022-01-28 00:00:00-05:00,28.12752852110163,28.339663876920195,27.711116339578748,28.323949813842773,7069800,0.0,0.0
2022-01-31 00:00:00-05:00,28.056819260001202,28.245385036743766,27.656121105506347,28.127531051635742,10230800,0.0,0.0
2022-02-01 00:00:00-05:00,28.00967043199197,28.449652097842524,27.852532838266637,28.386798858642578,5978100,0.0,0.0
2022-02-02 00:00:00-05:00,28.477941335107566,28.685362156985892,28.08824278985014,28.58322525024414,7375900,0.0,0.0
2022-02-03 00:00:00-05:00,28.643724731704026,28.795362592463846,28.084315477696865,28.15895652770996,7982900,0.0,0.0
2022-02-04 00:00:00-05:00,27.97824860589659,28.158955830317694,27.26327524094745,27.30255889892578,12949000,0.0,0.0
2022-02-07 00:00:00-05:00,27.343407817915867,27.506830441244325,27.051134701253698,27.27898406982422,6537000,0.0,0.0
2022-02-08 00:00:00-05:00,27.381120050325542,27.593255352229782,27.223985453789346,27.451831817626953,5424900,0.0,0.0
2022-02-09 00:00:00-05:00,27.553979106071193,27.72290154016757,27.377201138897576,27.459697723388672,5993700,0.0,0.0
2022-02-10 00:00:00-05:00,27.34970352369583,27.491127102739686,26.866505795770774,26.941146850585938,6823500,0.0,0.0
2022-02-11 00:00:00-05:00,26.992212329268536,27.45969594153428,26.917571282698127,27.28684425354004,7097800,0.0,0.0
2022-02-14 00:00:00-05:00,27.341846364709248,27.467555886037626,26.76829648632656,27.17685317993164,7007300,0.0,0.0
2022-02-15 00:00:00-05:00,27.278988625560558,27.465980870952457,27.082567343399898,27.247560501098633,7912500,0.0,0.0
2022-02-16 00:00:00-05:00,27.73625221518274,29.188200851287355,27.538260445457365,28.771785736083984,14217200,0.0,0.0
2022-02-17 00:00:00-05:00,28.69715073100225,29.734254868572467,28.520369777482887,29.691041946411133,14990500,0.0,0.0
2022-02-18 00:00:00-05:00,29.746033679313385,30.71635510449175,29.71460556094842,30.217443466186523,14464500,0.0,0.0
2022-02-22 00:00:00-05:00,30.127885853170834,31.773109090800347,29.903180432625014,31.741683959960938,21506600,0.0,0.0
2022-02-23 00:00:00-05:00,31.78096734506717,31.88074850356119,31.309554420759575,31.5059757232666,13844200,0.0,0.0
2022-02-24 00:00:00-05:00,30.979566000387788,31.175987289765267,29.95031736507544,30.626007080078125,12733700,0.0,0.0
2022-02-25 00:00:00-05:00,30.78313723445305,31.502039698285024,30.78313723445305,31.21526336669922,7638900,0.0,0.0
2022-02-28 00:00:00-05:00,30.547445883052994,30.869576742281605,30.44530595291174,30.814579010009766,7291600,0.0,0.0
2022-03-01 00:00:00-05:00,30.6260056878402,30.830285497910925,30.154595813624645,30.390300750732422,6808100,0.0,0.0
2022-03-02 00:00:00-05:00,30.351014061175366,30.885280130378987,30.021024784478737,30.696714401245117,7331700,0.0,0.0
2022-03-03 00:00:00-05:00,30.893141948744987,31.474550317834918,30.877427885023508,31.388124465942383,9223100,0.0,0.0
2022-03-04 00:00:00-05:00,30.995283822987336,31.56097516695129,30.751720315640146,31.301700592041016,6585500,0.0,0.0
2022-03-07 00:00:00-05:00,31.026711156731686,32.11095461986199,30.846000915725327,31.545263290405273,9906700,0.0,0.0
2022-03-08 00:00:00-05:00,31.351979939198948,31.7888206941406,30.331375089340924,30.374588012695312,8977400,0.0,0.0
2022-03-09 00:00:00-05:00,30.72814879822987,30.869572374677073,29.918893997455147,29.997461318969727,10448500,0.0,0.0
2022-03-10 00:00:00-05:00,29.7830721359811,30.045094764056383,29.497233399285157,29.806894302368164,5216500,0.4,0.0
2022-03-11 00:00:00-05:00,29.95775909618659,30.31109049870879,29.636188568446627,29.663978576660156,4722600,0.0,0.0
2022-03-14 00:00:00-04:00,29.81484055342159,30.140381973551754,29.63222005226408,29.926000595092773,6295200,0.0,0.0
2022-03-15 00:00:00-04:00,29.957762027592636,30.45401438631015,29.767202818020166,30.02922248840332,7324500,0.0,0.0
2022-03-16 00:00:00-04:00,29.965699705772817,30.021279720115928,29.50517612534861,29.918058395385742,5733900,0.0,0.0
2022-03-17 00:00:00-04:00,29.918064231406866,30.076865601457044,29.568703640403847,29.973644256591797,4390100,0.0,0.0
2022-03-18 00:00:00-04:00,29.71161530452125,29.910116218192982,29.437686103295082,29.87041664123535,9386500,0.0,0.0
2022-03-21 00:00:00-04:00,29.846597500837486,30.124497568424484,29.735437473802683,29.87041664123535,5030500,0.0,0.0
2022-03-22 00:00:00-04:00,30.045099676710457,30.156259708415114,29.80292830954658,30.1324405670166,5495500,0.0,0.0
2022-03-23 00:00:00-04:00,30.394460678100586,30.68824422800652,30.17214061126041,30.394460678100586,5893400,0.0,0.0
2022-03-24 00:00:00-04:00,30.386519579694372,30.751760526121753,30.260272686290165,30.672361373901367,4540000,0.0,0.0
2022-03-25 00:00:00-04:00,30.704120946845453,31.251985426228075,30.64854093138398,31.1964054107666,5057600,0.0,0.0
2022-03-28 00:00:00-04:00,31.23610684629532,31.29962556964916,30.77558322922362,31.275806427001953,3517200,0.0,0.0
2022-03-29 00:00:00-04:00,31.347268649438096,31.410790405253604,30.95820849616221,31.25992774963379,4974500,0.0,0.0
2022-03-30 00:00:00-04:00,31.180525391171013,31.291685423582432,30.878803139708783,31.28374671936035,4439200,0.0,0.0
2022-03-31 00:00:00-04:00,31.283748160473593,31.498126502066164,31.109066370703793,31.275806427001953,5208300,0.0,0.0
2022-04-01 00:00:00-04:00,31.375052816290715,31.728384187769887,31.029663177251223,31.704565048217773,4798600,0.0,0.0
2022-04-04 00:00:00-04:00,31.60928706780408,31.720447096542078,30.886743852123466,31.672805786132812,3980900,0.0,0.0
2022-04-05 00:00:00-04:00,31.70455446472951,31.966573998986824,31.355194076092275,31.434593200683594,5432700,0.0,0.0
2022-04-06 00:00:00-04:00,31.43460600024774,32.01819919315741,31.386964688764856,31.791908264160156,5481100,0.0,0.0
2022-04-07 00:00:00-04:00,31.87130443232548,33.3402129286877,31.617223519344098,32.00628662109375,8079000,0.0,0.0
2022-04-08 00:00:00-04:00,32.15714736295299,32.6494287707923,31.934827313390112,32.506507873535156,6556100,0.0,0.0
2022-04-11 00:00:00-04:00,32.79235461143438,33.07819644903877,32.53827365109358,32.752655029296875,7380400,0.0,0.0
2022-04-12 00:00:00-04:00,32.705005513425775,32.974966844712206,32.466805051439685,32.6494255065918,5058500,0.0,0.0
2022-04-13 00:00:00-04:00,32.593848113138975,33.39579346841492,32.593848113138975,33.34815216064453,8202900,0.0,0.0
2022-04-14 00:00:00-04:00,33.36800064462559,33.687187384414436,33.30844977216292,33.57841110229492,7309200,0.0,0.0
2022-04-18 00:00:00-04:00,33.56651242432972,33.67767247358853,33.260819259983826,33.47520065307617,5822900,0.0,0.0
2022-04-19 00:00:00-04:00,33.4196143738883,33.91983753081918,33.32354121469041,33.832496643066406,5835000,0.0,0.0
2022-04-20 00:00:00-04:00,33.88014395518456,34.49946903847392,33.79280607303558,34.420066833496094,5487400,0.0,0.0
2022-04-21 00:00:00-04:00,34.404180042904706,35.31728243460748,34.332719592346784,34.936161041259766,9219400,0.0,0.0
2022-04-22 00:00:00-04:00,34.95204318419348,35.16642454633277,34.26126081433379,34.28507995605469,7307700,0.0,0.0
2022-04-25 00:00:00-04:00,34.18979248212245,34.27713032460221,33.40372766874026,34.173912048339844,6277500,0.0,0.0
2022-04-26 00:00:00-04:00,34.07863518365573,34.41608915780977,33.54665419233954,33.594295501708984,7364900,0.0,0.0
2022-04-27 00:00:00-04:00,33.491071877750876,34.38035505601947,33.17346922821328,34.046875,7960700,0.0,0.0
2022-04-28 00:00:00-04:00,34.134229049401654,34.84485987564274,34.00718854634976,34.62651062011719,7386100,0.0,0.0
2022-04-29 00:00:00-04:00,34.467695235321095,34.71383743515256,33.79279340487936,33.84837341308594,6968300,0.0,0.0
2022-05-02 00:00:00-04:00,33.919839468880014,34.18185911822562,32.784413920986886,33.332275390625,7637700,0.0,0.0
2022-05-03 00:00:00-04:00,33.423584721063115,33.872195694325285,32.955122444935114,33.64987564086914,6328300,0.0,0.0
2022-05-04 00:00:00-04:00,33.634004865359294,34.42006701094346,33.51490307172075,34.39624786376953,6499900,0.0,0.0
2022-05-05 00:00:00-04:00,34.12626691541516,34.5550294927564,34.06274821629943,34.2533073425293,7079100,0.0,0.0
2022-05-06 00:00:00-04:00,34.22155924903506,34.67414112882495,34.11834094584356,34.61062240600586,6368800,0.0,0.0
2022-05-09 00:00:00-04:00,34.50342697312768,35.45226100755203,34.372415655684165,35.08701705932617,9288000,0.0,0.0
2022-05-10 00:00:00-04:00,35.18229770497252,35.626937745818445,34.253311994565074,34.50739288330078,7641800,0.0,0.0
2022-05-11 00:00:00-04:00,34.38036033298604,35.03938487181962,34.3247803151186,34.539161682128906,6520500,0.0,0.0
2022-05-12 00:00:00-04:00,34.499456898427844,34.666196926880346,33.836464621807174,34.181854248046875,6604400,0.0,0.0
2022-05-13 00:00:00-04:00,34.158035052835615,35.182300418291256,34.15009332070339,35.166419982910156,7857400,0.0,0.0
2022-05-16 00:00:00-04:00,35.237887717048515,35.35698646371868,34.93219457327209,34.99968719482422,5795200,0.0,0.0
2022-05-17 00:00:00-04:00,34.936154818728966,34.95997395504461,33.90395085031585,34.26919174194336,7855600,0.0,0.0
2022-05-18 00:00:00-04:00,34.10245593600497,34.213615957698686,30.85736172558869,30.997901916503906,13824400,0.0,0.0
2022-05-19 00:00:00-04:00,30.783521271043405,30.8827717253495,30.092738957160385,30.61678123474121,8774900,0.0,0.0
2022-05-20 00:00:00-04:00,30.71365077674261,30.847042818027546,29.97363995152342,30.46592140197754,10146100,0.0,0.0
2022-05-23 00:00:00-04:00,30.835127842008717,31.33138007209982,30.664416953702048,30.958200454711914,6439800,0.0,0.0
2022-05-24 00:00:00-04:00,30.934381642675795,31.50606524297905,30.612811131946994,31.450485229492188,6215900,0.0,0.0
2022-05-25 00:00:00-04:00,31.567993841286285,31.76014316784199,31.244039629811244,31.66486358642578,5519100,0.0,0.0
2022-05-26 00:00:00-04:00,29.27636759339049,29.90036110331932,28.232102148927588,29.731931686401367,24785300,0.4,0.0
2022-05-27 00:00:00-04:00,29.74796520131671,30.357520432619435,29.354960272234766,30.341482162475586,13898900,0.0,0.0
2022-05-31 00:00:00-04:00,30.205132389686455,30.622197783554974,29.92281049393604,30.341482162475586,12744100,0.0,0.0
2022-06-01 00:00:00-04:00,30.405654537528417,30.437737207631415,29.675790620330197,29.87630271911621,11270300,0.0,0.0
2022-06-02 00:00:00-04:00,29.683803932306645,29.69182612804386,27.8791953974062,29.186534881591797,27694500,0.0,0.0
2022-06-03 00:00:00-04:00,29.22663753963093,29.603601201495778,28.813583174602666,29.114351272583008,12830100,0.0,0.0
2022-06-06 00:00:00-04:00,29.170491736267362,29.55547449929796,29.042164148590494,29.427146911621094,9601700,0.0,0.0
2022-06-07 00:00:00-04:00,29.346947078752518,29.812133496375935,29.082269674230332,29.739952087402344,10558800,0.0,0.0
2022-06-08 00:00:00-04:00,29.68380920318029,30.092855590417532,29.575534018071465,29.996610641479492,8893800,0.0,0.0
2022-06-09 00:00:00-04:00,30.036710557874986,30.521949430173827,29.87630028002764,29.89234161376953,8650300,0.0,0.0
2022-06-10 00:00:00-04:00,29.603600144513535,30.20112522115351,29.507355213276174,30.036706924438477,7858100,0.0,0.0
2022-06-13 00:00:00-04:00,29.691831714983586,29.948486954585945,28.80155751405024,28.905824661254883,9596200,0.0,0.0
2022-06-14 00:00:00-04:00,29.074246832133475,29.150442389101105,28.729365866324553,28.986021041870117,8743900,0.0,0.0
2022-06-15 00:00:00-04:00,29.234659859181086,29.34854934207645,28.793533925526166,29.01810646057129,6870100,0.0,0.0
2022-06-16 00:00:00-04:00,28.560941614446858,29.122376059201407,28.456674474525055,28.89780044555664,7694600,0.0,0.0
2022-06-17 00:00:00-04:00,28.761451119760537,28.961963184946185,27.93534239025849,28.53687858581543,16994100,0.0,0.0
2022-06-21 00:00:00-04:00,28.753425387065843,29.495322384655005,28.59301820230477,29.36298370361328,7112900,0.0,0.0
2022-06-22 00:00:00-04:00,29.848225765334387,30.453773051153895,29.46725407016781,29.71588706970215,13139700,0.0,0.0
2022-06-23 00:00:00-04:00,29.780054086574737,30.46179391433276,29.731930087369964,30.357526779174805,9289100,0.0,0.0
2022-06-24 00:00:00-04:00,30.445743820073922,30.87885050957002,30.197110877992156,30.798646926879883,7159900,0.0,0.0
2022-06-27 00:00:00-04:00,30.77058789736115,31.215721940000364,30.70882738086358,31.007190704345703,5325600,0.0,0.0
2022-06-28 00:00:00-04:00,31.007185175957723,31.287900839206795,30.116911130265997,30.261280059814453,6365300,0.0,0.0
2022-06-29 00:00:00-04:00,30.381596000785425,30.774598026089606,30.221185699620204,30.46179962158203,7501800,0.0,0.0
2022-06-30 00:00:00-04:00,30.309402756986817,30.939010482918643,30.140973366257032,30.590118408203125,7169800,0.0,0.0
2022-07-01 00:00:00-04:00,30.58209715083567,31.03926435657272,30.453769567814234,30.991140365600586,6971400,0.0,0.0
2022-07-05 00:00:00-04:00,30.862815457921368,30.886875925707656,30.052748093547432,30.574077606201172,7694400,0.0,0.0
2022-07-06 00:00:00-04:00,30.55001882937826,30.850786931639306,30.389608562924764,30.63824462890625,5178700,0.0,0.0
2022-07-07 00:00:00-04:00,30.71443534091862,30.822713564770297,30.41366725621912,30.5419979095459,5092200,0.0,0.0
2022-07-08 00:00:00-04:00,30.47783255198482,30.999165122097242,30.413667225386483,30.77458953857422,5511300,0.0,0.0
2022-07-11 00:00:00-04:00,30.86281204775935,31.14353073239005,30.638239547711464,30.967079162597656,6608700,0.0,0.0
2022-07-12 00:00:00-04:00,30.926980735189456,31.40018931151185,30.918958539559434,31.119470596313477,5837600,0.0,0.0
2022-07-13 00:00:00-04:00,30.963069429153663,31.62877088300692,30.674331596618323,31.42424774169922,7359600,0.0,0.0
2022-07-14 00:00:00-04:00,30.95906329347194,31.167597565756786,30.79063388402212,31.087390899658203,5684700,0.0,0.0
2022-07-15 00:00:00-04:00,31.159568011424724,31.336019575603338,30.341481627400185,30.48584747314453,7687300,0.0,0.0
2022-07-18 00:00:00-04:00,30.66230359334696,31.127493037276928,30.558036466333135,30.82271385192871,7908800,0.0,0.0
2022-07-19 00:00:00-04:00,30.842768365442563,31.376128151373702,30.822715934425826,31.071352005004883,16940500,0.0,0.0
2022-07-20 00:00:00-04:00,31.115453088847893,31.15956597701241,30.493867676697004,30.686357498168945,4469000,0.0,0.0
2022-07-21 00:00:00-04:00,30.56606412913457,30.750534888648485,30.333469365567215,30.43773651123047,4665900,0.0,0.0
2022-07-22 00:00:00-04:00,30.533971688837898,30.94301794346724,30.45376810065254,30.73448371887207,5585800,0.0,0.0
2022-07-25 00:00:00-04:00,30.774587744432505,30.959058458291437,30.461789444429492,30.782609939575195,6470400,0.0,0.0
2022-07-26 00:00:00-04:00,30.59813848115971,31.023223026248672,30.497882461312624,30.991140365600586,6343500,0.0,0.0
2022-07-27 00:00:00-04:00,29.796094995889167,29.82817460199801,28.312303833677632,29.146434783935547,21026300,0.0,0.0
2022-07-28 00:00:00-04:00,29.507358999927927,29.864270264490976,29.114353969286988,29.828176498413086,10672000,0.0,0.0
2022-07-29 00:00:00-04:00,29.3228886417316,29.64049971343189,29.23466283410847,29.53944206237793,9930100,0.0,0.0
2022-08-01 00:00:00-04:00,29.691834009455807,30.181084053871377,29.595589052060426,30.020673751831055,6924800,0.0,0.0
2022-08-02 00:00:00-04:00,29.964525903242002,30.229200259441573,29.723912017722874,29.74797248840332,5669800,0.0,0.0
2022-08-03 00:00:00-04:00,29.68380889681244,30.092855279827898,29.362991383806232,29.948486328125,5461600,0.0,0.0
2022-08-04 00:00:00-04:00,29.900358333908425,30.052749462352327,29.651725329935868,29.699846267700195,4503400,0.0,0.0
2022-08-05 00:00:00-04:00,29.699848718106786,30.1650382186849,29.39507255521586,30.13295555114746,4683200,0.0,0.0
2022-08-08 00:00:00-04:00,30.309408187866207,30.53398074907846,30.2051410446298,30.30940818786621,4280500,0.0,0.0
2022-08-09 00:00:00-04:00,30.397622894288062,30.830726524213603,30.365540237383783,30.798646926879883,5634800,0.0,0.0
2022-08-10 00:00:00-04:00,30.886877690857524,31.111453288124796,30.822715419903563,30.983125686645508,5937900,0.0,0.0
2022-08-11 00:00:00-04:00,30.999165521452884,31.544558566280276,30.999165521452884,31.06332778930664,6269500,0.0,0.0
2022-08-12 00:00:00-04:00,31.191653146791744,31.223735808202512,30.806670388575515,31.015201568603516,4582300,0.0,0.0
2022-08-15 00:00:00-04:00,30.870837840734183,31.211707727915087,30.477832860271977,30.92698097229004,7060000,0.0,0.0
2022-08-16 00:00:00-04:00,30.999164782969324,31.239778635938467,30.846773663750994,31.14353370666504,5824800,0.0,0.0
2022-08-17 00:00:00-04:00,30.92698249660827,31.119472368695384,30.594131729142255,30.63824462890625,5914300,0.0,0.0
2022-08-18 00:00:00-04:00,30.56605212464162,30.702398826553367,30.321427221027676,30.686357498168945,7564800,0.0,0.0
2022-08-19 00:00:00-04:00,30.56605529494118,30.926977572098973,30.42970551931674,30.90291404724121,8903000,0.0,0.0
2022-08-22 00:00:00-04:00,30.862814271635592,30.926979596027593,30.558035099915724,30.806671142578125,6492300,0.0,0.0
2022-08-23 00:00:00-04:00,30.846778825861918,31.291915905154127,30.79063568609278,31.055313110351562,5453700,0.0,0.0
2022-08-24 00:00:00-04:00,31.01520588633031,31.24379258602607,30.910941811586866,31.207698822021484,5603400,0.0,0.0
2022-08-25 00:00:00-04:00,31.232000536418393,31.483215992731154,31.159066318796977,31.288726806640625,4335500,0.4,0.0
2022-08-26 00:00:00-04:00,31.304942382896762,31.48322366503435,30.883544921875,30.883544921875,5474800,0.0,0.0
2022-08-29 00:00:00-04:00,30.753889408678702,31.037520875080094,30.57965776750324,30.867341995239258,7483200,0.0,0.0
2022-08-30 00:00:00-04:00,30.802510437988122,30.83492634623514,30.255505124562134,30.3162841796875,4949300,0.0,0.0
2022-08-31 00:00:00-04:00,30.39732661226516,30.713377140465816,30.271718808223092,30.30818748474121,5176900,0.0,0.0
2022-09-01 00:00:00-04:00,30.25144735476225,30.65258406502403,30.016436719921877,30.551286697387695,6039100,0.0,0.0
2022-09-02 00:00:00-04:00,30.713366596902368,31.183384828687878,30.11773751284388,30.23524284362793,6155100,0.0,0.0
2022-09-06 00:00:00-04:00,30.308184348122758,30.47836324399072,29.76928141985611,30.332494735717773,9810200,0.0,0.0
2022-09-07 00:00:00-04:00,30.13800272358276,30.40542935575184,29.108820721205795,30.24335289001465,11405200,0.0,0.0
2022-09-08 00:00:00-04:00,30.065060903564053,30.081268855194654,29.027776730011,29.22226905822754,10160300,0.0,0.0
2022-09-09 00:00:00-04:00,29.39245203332689,29.70039697477227,29.16149410008063,29.546422958374023,7979000,0.0,0.0
2022-09-12 00:00:00-04:00,29.71659869287607,29.884347752098048,29.61530131021748,29.765222549438477,6693700,0.0,0.0
2022-09-13 00:00:00-04:00,29.49780399929084,29.6760853204633,28.314648022566722,28.411895751953125,11789300,0.0,0.0
2022-09-14 00:00:00-04:00,28.54965523584647,28.81545886265059,28.217399929503586,28.330852508544922,8505100,0.0,0.0
2022-09-15 00:00:00-04:00,28.347057693997776,28.541550018617162,27.91755780345786,28.047218322753906,7369100,0.0,0.0
2022-09-16 00:00:00-04:00,27.966179417225838,28.233605985297558,27.763584656450554,28.12825584411621,30286300,0.0,0.0
2022-09-19 00:00:00-04:00,28.12015255806735,28.395681547990282,28.018855180762603,28.047218322753906,9566900,0.0,0.0
2022-09-20 00:00:00-04:00,27.917559893037073,27.949975798125013,27.382709824489474,27.50426483154297,8995600,0.0,0.0
2022-09-21 00:00:00-04:00,27.820317145075467,28.492930218575488,27.560992978236314,27.909456253051758,9057700,0.0,0.0
2022-09-22 00:00:00-04:00,27.95402946443973,28.108003489946263,27.747384995498805,27.76358985900879,5921500,0.0,0.0
2022-09-23 00:00:00-04:00,27.62582223032071,27.81220904282982,27.11528255784311,27.488056182861328,8006100,0.0,0.0
2022-09-26 00:00:00-04:00,27.334084436609075,27.804105760018363,27.334084436609075,27.601511001586914,7798600,0.0,0.0
2022-09-27 00:00:00-04:00,27.625823716774615,27.9175606881735,26.653368175895313,26.70199203491211,8853600,0.0,0.0
2022-09-28 00:00:00-04:00,26.783025918612108,27.407018133247387,26.52370488023779,27.24494171142578,7116200,0.0,0.0
2022-09-29 00:00:00-04:00,27.159852823403117,27.29761886665255,26.81138959155834,27.196321487426758,7118400,0.0,0.0
2022-09-30 00:00:00-04:00,27.228738819795797,27.27736268278283,26.92079696159819,27.02614402770996,8922600,0.0,0.0
2022-10-03 00:00:00-04:00,27.2044298968888,27.61772502612541,27.03425100430966,27.520477294921875,6707700,0.0,0.0
2022-10-04 00:00:00-04:00,27.560992155598395,28.11205019740042,27.544787293796254,27.820316314697266,7647800,0.0,0.0
2022-10-05 00:00:00-04:00,27.63392589249748,27.66634179820943,26.884325848176463,27.463747024536133,6307400,0.0,0.0
2022-10-06 00:00:00-04:00,27.471849402677492,27.504262213329103,26.961309765870233,27.08286476135254,5815700,0.0,0.0
2022-10-07 00:00:00-04:00,27.06666147415795,27.139595712224722,26.588537711575942,26.76681900024414,6786200,0.0,0.0
2022-10-10 00:00:00-04:00,27.55288713355337,27.933766268455297,27.18821595028032,27.6096134185791,11388100,0.0,0.0
2022-10-11 00:00:00-04:00,27.458883751721654,28.387578100504935,27.43943606351428,28.31464385986328,10133600,0.0,0.0
2022-10-12 00:00:00-04:00,28.492924088251666,28.906215997342812,28.39567947870382,28.60637664794922,9506600,0.0,0.0
2022-10-13 00:00:00-04:00,28.338956278164112,29.149335325602827,28.249814088329735,28.995361328125,9355400,0.0,0.0
2022-10-14 00:00:00-04:00,29.01157554141959,29.562633659917342,28.85760460206193,28.954849243164062,10926000,0.0,0.0
2022-10-17 00:00:00-04:00,29.068294893508376,29.315460744566675,28.736039615399772,28.760353088378906,6234800,0.0,0.0
2022-10-18 00:00:00-04:00,28.90622428404561,29.339780119301675,28.89812185232319,29.230377197265625,6807200,0.0,0.0
2022-10-19 00:00:00-04:00,29.197952998098742,29.461326778896787,29.129071528284758,29.408653259277344,6906900,0.0,0.0
2022-10-20 00:00:00-04:00,29.465388744765804,29.522115042493734,28.614491187495457,28.63880157470703,7197200,0.0,0.0
2022-10-21 00:00:00-04:00,28.46862044837762,28.760357437437516,28.27412809188731,28.533449172973633,10239000,0.0,0.0
2022-10-24 00:00:00-04:00,28.987260764993593,29.659873810190188,28.930534475327047,29.59504508972168,8151200,0.0,0.0
2022-10-25 00:00:00-04:00,29.538320133533997,30.129896532013365,29.23037519619163,30.032651901245117,10129900,0.0,0.0
2022-10-26 00:00:00-04:00,30.71336747693445,30.85923595440797,29.27089065429082,29.911090850830078,10994100,0.0,0.0
2022-10-27 00:00:00-04:00,30.113685250112553,31.345461771992973,30.032648581987168,30.810611724853516,12208400,0.0,0.0
2022-10-28 00:00:00-04:00,30.85518007656543,31.645298340270497,30.59180629154692,31.556156158447266,8848400,0.0,0.0
2022-10-31 00:00:00-04:00,31.54805898789281,31.5966828473611,30.964585039677168,31.17528533935547,9104500,0.0,0.0
2022-11-01 00:00:00-04:00,31.15907740666649,31.21580369707461,30.936221914812474,30.97269058227539,5966500,0.0,0.0
2022-11-02 00:00:00-04:00,31.00509799255814,31.637195690472225,30.83897191142173,30.891645431518555,6467000,0.0,0.0
2022-11-03 00:00:00-04:00,30.778200858276044,30.94837974400156,30.59181401800268,30.786306381225586,5936500,0.0,0.0
2022-11-04 00:00:00-04:00,30.87544044108368,31.167177392496242,30.382731687141952,30.810611724853516,5799000,0.0,0.0
2022-11-07 00:00:00-05:00,31.00509746815304,31.24010810710329,30.74982921013146,30.93216323852539,4666000,0.0,0.0
2022-11-08 00:00:00-05:00,31.086137041159475,31.20364235996429,30.58370295734089,30.875436782836914,4825400,0.0,0.0
2022-11-09 00:00:00-05:00,30.826818276347666,31.10234726334827,30.518873387029203,30.575599670410156,5006500,0.0,0.0
2022-11-10 00:00:00-05:00,31.13476235898527,31.142867880834814,30.182567570817913,30.689054489135742,8742600,0.0,0.0
2022-11-11 00:00:00-05:00,30.57560038092204,30.616118714085626,29.19390574453458,29.975921630859375,8622500,0.0,0.0
2022-11-14 00:00:00-05:00,30.09747294185018,30.603959772700787,29.81384155311396,29.838151931762695,7884400,0.0,0.0
2022-11-15 00:00:00-05:00,30.137998265371554,30.17689673504842,29.619356124814683,30.016443252563477,5663100,0.0,0.0
2022-11-16 00:00:00-05:00,30.18661296772426,30.778189173042485,30.146094642413434,30.54317855834961,7042100,0.0,0.0
2022-11-17 00:00:00-05:00,30.31628310614858,30.648538425537012,30.31628310614858,30.591812133789062,5531200,0.0,0.0
2022-11-18 00:00:00-05:00,30.81060807428792,30.907852682786597,30.563442247034747,30.875436782836914,7592200,0.0,0.0
2022-11-21 00:00:00-05:00,30.99699954797225,31.236059890702982,30.81871516264707,31.150970458984375,5207700,0.0,0.0
2022-11-22 00:00:00-05:00,31.296837716717334,31.653406473436842,31.276580095490544,31.57236671447754,6365700,0.0,0.0
2022-11-23 00:00:00-05:00,31.5150594390939,31.891700069307092,31.50686983389579,31.85076141357422,5402500,0.4,0.0
2022-11-25 00:00:00-05:00,31.99814307294794,32.080020384413686,31.826195721399117,31.85076141357422,3595300,0.0,0.0
2022-11-28 00:00:00-05:00,31.93263776361968,32.15371024602427,31.69518919473115,31.826194763183594,6732600,0.0,0.0
2022-11-29 00:00:00-05:00,31.74430919741134,32.00222546475582,31.670618389110302,31.965381622314453,4773500,0.0,0.0
2022-11-30 00:00:00-05:00,31.76888013049248,32.25605855393841,31.412710399364705,32.21921157836914,8672900,0.0,0.0
2022-12-01 00:00:00-05:00,32.30927372860691,32.83329592693558,32.18236298091069,32.333839416503906,7710100,0.0,0.0
2022-12-02 00:00:00-05:00,32.14551777886552,32.65316704440985,32.12914481725853,32.61222839355469,4835600,0.0,0.0
2022-12-05 00:00:00-05:00,32.39115578287239,32.53034781982789,32.23558453754703,32.44028091430664,4985700,0.0,0.0
2022-12-06 00:00:00-05:00,32.39934266704041,32.968398351643906,32.13733155139932,32.27652359008789,5136000,0.0,0.0
2022-12-07 00:00:00-05:00,32.546728392594225,32.702296535951795,32.227402500564914,32.66135787963867,5307600,0.0,0.0
2022-12-08 00:00:00-05:00,32.70228539792259,32.98067253882326,32.56309338918135,32.86604309082031,6093600,0.0,0.0
2022-12-09 00:00:00-05:00,33.01343277625601,33.11168616665742,32.677730829250486,32.702293395996094,5887400,0.0,0.0
2022-12-12 00:00:00-05:00,32.76779570512062,33.0093359255808,32.612227586354,32.98067855834961,4650800,0.0,0.0
2022-12-13 00:00:00-05:00,33.16080766596652,33.26725063920453,32.71047633469262,32.72685241699219,5797300,0.0,0.0
2022-12-14 00:00:00-05:00,32.866051129938946,33.24269172933821,32.74323517278821,32.88242721557617,7140700,0.0,0.0
2022-12-15 00:00:00-05:00,32.759606911949504,32.78417260119768,32.30927550570502,32.61222839355469,6140800,0.0,0.0
2022-12-16 00:00:00-05:00,32.34202847683107,32.726858675922855,32.08820383777196,32.685916900634766,10880200,0.0,0.0
2022-12-19 00:00:00-05:00,32.77598354332624,33.12396988994291,32.62860189905583,32.841487884521484,7268900,0.0,0.0
2022-12-20 00:00:00-05:00,32.771890492765124,32.796453057975725,32.32565077645366,32.57947540283203,5525100,0.0,0.0
2022-12-21 00:00:00-05:00,32.75142585939395,33.066656958986094,32.67364022348369,32.898807525634766,4822200,0.0,0.0
2022-12-22 00:00:00-05:00,32.84967843001082,33.283636935576546,32.595856885020694,33.04618835449219,6832300,0.0,0.0
2022-12-23 00:00:00-05:00,33.07893929113446,33.30000865320076,33.05437359935663,33.17719268798828,4947800,0.0,0.0
2022-12-27 00:00:00-05:00,33.259065508068446,33.60295703575931,33.173093407000415,33.537452697753906,5298200,0.0,0.0
2022-12-28 00:00:00-05:00,33.6275186064191,33.72577198710306,33.06255776321306,33.1116828918457,4724500,0.0,0.0
2022-12-29 00:00:00-05:00,33.07074088309769,33.39825628332261,33.013426156571086,33.308189392089844,3910500,0.0,0.0
2022-12-30 00:00:00-05:00,33.21813037694562,33.46376542364573,33.087124810477626,33.332759857177734,4344700,0.0,0.0
2023-01-03 00:00:00-05:00,33.185383075425726,33.45148904983451,32.984781455575224,33.390079498291016,5749000,0.0,0.0
2023-01-04 00:00:00-05:00,33.60295447958299,34.049191035479275,33.488325020212145,33.7667121887207,8199500,0.0,0.0
2023-01-05 00:00:00-05:00,33.889537279506634,34.05329503286532,33.725779526147946,33.84041213989258,6608600,0.0,0.0
2023-01-06 00:00:00-05:00,34.339862309586756,35.027642245791384,34.20885675618677,34.872074127197266,6424100,0.0,0.0
2023-01-09 00:00:00-05:00,34.70831392657907,35.04401582841265,34.54455621566594,34.5527458190918,9772700,0.0,0.0
2023-01-10 00:00:00-05:00,34.5118094941959,34.855697899173826,34.50361989021904,34.6591911315918,6925500,0.0,0.0
2023-01-11 00:00:00-05:00,34.79838303807823,34.95395115546477,34.59778146923949,34.847511291503906,8550500,0.0,0.0
2023-01-12 00:00:00-05:00,34.88026183258056,34.97442354149576,34.61006423570103,34.74106979370117,7034700,0.0,0.0
2023-01-13 00:00:00-05:00,34.57730771947054,34.84750840580857,34.54455555323227,34.73287582397461,5982500,0.0,0.0
2023-01-17 00:00:00-05:00,34.68375369668486,34.89663654880185,34.57731070891699,34.6591911315918,9789400,0.0,0.0
2023-01-18 00:00:00-05:00,34.47905907266358,34.552749895096476,32.39115660162337,32.4730339050293,20037600,0.0,0.0
2023-01-19 00:00:00-05:00,32.473028916112796,33.02980323930734,32.45828950452311,32.7841682434082,9779400,0.0,0.0
2023-01-20 00:00:00-05:00,32.698201178513806,32.74323463241823,32.18236542142058,32.653167724609375,8773800,0.0,0.0
2023-01-23 00:00:00-05:00,32.77598177732716,33.12805978373409,32.632694942956604,32.96430206298828,6536700,0.0,0.0
2023-01-24 00:00:00-05:00,32.91517375082142,33.07893145573464,32.3993380735412,32.604034423828125,5834700,0.0,0.0
2023-01-25 00:00:00-05:00,32.464852295229775,32.79236468141382,32.17008896127056,32.710487365722656,4438500,0.0,0.0
2023-01-26 00:00:00-05:00,32.63679163526006,32.63679163526006,32.063641141161845,32.4730339050293,5426000,0.0,0.0
2023-01-27 00:00:00-05:00,32.4484716076395,32.55900628049555,31.998140188336528,32.497596740722656,5215200,0.0,0.0
2023-01-30 00:00:00-05:00,32.57129105277238,33.234508531208746,32.56310457085457,33.05437469482422,6228200,0.0,0.0
2023-01-31 00:00:00-05:00,33.2099370849513,33.308190458798045,32.75551093620975,33.18537139892578,7437800,0.0,0.0
2023-02-01 00:00:00-05:00,33.095308858461614,33.39826174642141,32.88242599988608,33.193565368652344,6064400,0.0,0.0
2023-02-02 00:00:00-05:00,32.78417137637647,32.878329957483686,32.5139706686732,32.74323272705078,8767000,0.0,0.0
2023-02-03 00:00:00-05:00,32.833305629069734,32.89880998492648,32.1086816520672,32.24378204345703,6196100,0.0,0.0
2023-02-06 00:00:00-05:00,32.21920618112395,32.718665804952245,32.05545158999612,32.6941032409668,6517300,0.0,0.0
2023-02-07 00:00:00-05:00,32.51397461152627,32.51397461152627,32.04726708109626,32.37478256225586,6112600,0.0,0.0
2023-02-08 00:00:00-05:00,32.260147055358175,32.37477651532793,31.932631635371568,31.989946365356445,6002400,0.0,0.0
2023-02-09 00:00:00-05:00,32.18646090433781,32.211023471198274,31.670625136335023,31.84256935119629,4941900,0.0,0.0
2023-02-10 00:00:00-05:00,31.916262983488128,32.62860559589122,31.88351080917967,32.4484748840332,5555200,0.0,0.0
2023-02-13 00:00:00-05:00,32.60403933746953,33.06256035564498,32.55491108156608,33.02162170410156,6591800,0.0,0.0
2023-02-14 00:00:00-05:00,33.06256048852678,33.08712305486777,32.53853825045953,32.653167724609375,7316000,0.0,0.0
2023-02-15 00:00:00-05:00,32.595853258669756,32.98068033602828,32.243775228898656,32.85786437988281,7756100,0.0,0.0
2023-02-16 00:00:00-05:00,32.36659646017432,32.65726499753657,32.16190004315137,32.571292877197266,8923000,0.0,0.0
2023-02-17 00:00:00-05:00,32.5549129704832,32.915180621174294,32.440283490142974,32.75142288208008,10134500,0.0,0.0
2023-02-21 00:00:00-05:00,32.75141673382492,32.95611308841133,32.16189023312215,32.64497375488281,8349000,0.0,0.0
2023-02-22 00:00:00-05:00,32.784168461361176,32.784168461361176,32.31746102902456,32.407527923583984,6589400,0.0,0.0
2023-02-23 00:00:00-05:00,32.36658860932825,32.66544667999524,32.32564996053764,32.546722412109375,4959200,0.0,0.0
2023-02-24 00:00:00-05:00,32.448466842373115,32.60812974828374,32.30108521792969,32.432090759277344,5082100,0.0,0.0
2023-02-27 00:00:00-05:00,32.5958529835571,32.763702392564916,32.375598852013816,32.4730339050293,4497200,0.0,0.0
2023-02-28 00:00:00-05:00,32.49759396601258,32.49759396601258,31.82619013490438,31.88350486755371,8956200,0.0,0.0
2023-03-01 00:00:00-05:00,31.826195208821577,31.850760900601035,31.19572992574779,31.441368103027344,5550400,0.0,0.0
2023-03-02 00:00:00-05:00,31.531424409753832,31.838468935046528,31.416794953391506,31.65424346923828,3976800,0.0,0.0
2023-03-03 00:00:00-05:00,31.572365019181692,32.06772979365377,31.1957213748551,31.965381622314453,5627800,0.0,0.0
2023-03-06 00:00:00-05:00,31.891695843691306,31.98176274842139,31.71975163834413,31.924448013305664,4142900,0.0,0.0
2023-03-07 00:00:00-05:00,31.826192994896324,31.883507732696124,31.478209765849275,31.63787269592285,4813000,0.0,0.0
2023-03-08 00:00:00-05:00,31.71975560606005,31.738586700405364,31.142510257221836,31.375864028930664,5839600,0.0,0.0
2023-03-09 00:00:00-05:00,31.330360247933438,31.574448416316997,31.127639424695936,31.26830291748047,6423800,0.4,0.0
2023-03-10 00:00:00-05:00,31.309671188537294,31.499978007033462,31.235203028572123,31.392412185668945,5349500,0.0,0.0
2023-03-13 00:00:00-04:00,31.21865131835106,32.05434983158512,31.21865131835106,31.541345596313477,7654300,0.0,0.0
2023-03-14 00:00:00-04:00,31.49170159413558,31.615813075740792,31.202101824324036,31.557893753051758,8377600,0.0,0.0
2023-03-15 00:00:00-04:00,31.260018691057144,31.574440101213817,31.02006858292563,31.533069610595703,6029900,0.0,0.0
2023-03-16 00:00:00-04:00,31.442049973133262,31.62408390406742,31.08625810250696,31.590986251831055,7558800,0.0,0.0
2023-03-17 00:00:00-04:00,31.524798399959614,31.524798399959614,30.96628880099168,31.13591194152832,11363400,0.0,0.0
2023-03-20 00:00:00-04:00,31.185556536473104,31.599267834864786,31.1359132007408,31.392412185668945,6216200,0.0,0.0
2023-03-21 00:00:00-04:00,31.47515296936035,31.55789395763355,31.272432182268176,31.47515296936035,6405500,0.0,0.0
2023-03-22 00:00:00-04:00,31.566168293895643,31.720066397753573,31.077988913420917,31.086261749267578,4445800,0.0,0.0
2023-03-23 00:00:00-04:00,30.978697495269497,31.272432106201162,30.799147594206243,30.962148666381836,5383900,0.0,0.0
2023-03-24 00:00:00-04:00,31.028338789276244,31.62408390406742,30.96214348480352,31.590986251831055,4940700,0.0,0.0
2023-03-27 00:00:00-04:00,31.682008126416473,32.062621717013094,31.682008126416473,31.938507080078125,5427700,0.0,0.0
2023-03-28 00:00:00-04:00,31.955052487201655,32.18259491176309,31.739924050097567,31.764745712280273,4118300,0.0,0.0
2023-03-29 00:00:00-04:00,31.93851011564918,32.228109910566786,31.92279140981829,31.996429443359375,4518200,0.0,0.0
2023-03-30 00:00:00-04:00,32.10399493016339,32.2984397381959,31.9260989522152,32.13709259033203,4557300,0.0,0.0
2023-03-31 00:00:00-04:00,32.26948040802169,32.26948040802169,31.727519631719165,31.996429443359375,6192800,0.0,0.0
2023-04-03 00:00:00-04:00,32.0295204081023,32.31912014247912,31.901270945892637,32.14535903930664,5605200,0.0,0.0
2023-04-04 00:00:00-04:00,32.11226627898974,32.18673442541555,31.578578422332473,31.946781158447266,7471900,0.0,0.0
2023-04-05 00:00:00-04:00,32.095719206672634,32.50943045247239,32.054348713365926,32.28602600097656,6513200,0.0,0.0
2023-04-06 00:00:00-04:00,32.389449122350356,32.56734505853911,32.24465083856087,32.385311126708984,4978100,0.0,0.0
2023-04-10 00:00:00-04:00,32.434962772108776,32.4515116009446,32.096546639877246,32.35221862792969,4284500,0.0,0.0
2023-04-11 00:00:00-04:00,32.4349555041334,32.53010730315993,32.2280999245871,32.47632598876953,5741800,0.0,0.0
2023-04-12 00:00:00-04:00,32.434959885488226,32.699734810564365,32.319121250313174,32.50115203857422,4475500,0.0,0.0
2023-04-13 00:00:00-04:00,32.50115798016346,32.50115798016346,32.02125452436831,32.41014099121094,5721600,0.0,0.0
2023-04-14 00:00:00-04:00,32.38531628560132,32.55907425382787,32.182598656003684,32.35221862792969,4577600,0.0,0.0
2023-04-17 00:00:00-04:00,32.42668594296026,32.72455854158771,32.352217793303396,32.716285705566406,3755300,0.0,0.0
2023-04-18 00:00:00-04:00,32.61699541907199,32.68319073815457,32.32326079246775,32.65009307861328,4271600,0.0,0.0
2023-04-19 00:00:00-04:00,32.69973765080029,32.73283530840113,32.43496270272631,32.65836715698242,4715800,0.0,0.0
2023-04-20 00:00:00-04:00,32.575621216294955,32.70800868303021,32.43496091379895,32.60871887207031,3878700,0.0,0.0
2023-04-21 00:00:00-04:00,32.60044002080299,32.674908154373426,32.22396135765088,32.45150375366211,4659700,0.0,0.0
2023-04-24 00:00:00-04:00,32.43496008234627,32.583896373151305,32.27361296003517,32.41841125488281,3857300,0.0,0.0
2023-04-25 00:00:00-04:00,32.41840507450341,32.79074573053142,32.36048576760633,32.6335334777832,6185000,0.0,0.0
2023-04-26 00:00:00-04:00,32.4184083878938,32.699732117160956,32.37703790107689,32.567344665527344,6803300,0.0,0.0
2023-04-27 00:00:00-04:00,32.40186275345338,32.85694446599628,32.37704109019148,32.832122802734375,5971200,0.0,0.0
2023-04-28 00:00:00-04:00,32.881771357798875,32.96451234479688,32.426686460210874,32.492881774902344,7061600,0.0,0.0
2023-05-01 00:00:00-04:00,32.55907234931286,32.99760839689435,32.52597784994342,32.8983154296875,7369300,0.0,0.0
2023-05-02 00:00:00-04:00,32.91487063676402,32.939695461560106,32.39359666154809,32.641822814941406,11098000,0.0,0.0
2023-05-03 00:00:00-04:00,33.732366734468854,34.31321713723162,33.25411403496274,33.30376052856445,20626300,0.0,0.0
2023-05-04 00:00:00-04:00,33.49406614361545,33.85813094778408,33.307897322972025,33.79193878173828,10050100,0.0,0.0
2023-05-05 00:00:00-04:00,33.70091142344055,34.292518520934465,33.626443286820134,34.189090728759766,7676800,0.0,0.0
2023-05-08 00:00:00-04:00,34.12291179096413,34.19737995640879,33.84986079887808,33.99052429199219,5869900,0.0,0.0
2023-05-09 00:00:00-04:00,33.945011745032104,34.00706591186295,33.634728285411576,33.825035095214844,7023300,0.0,0.0
2023-05-10 00:00:00-04:00,33.65126990627903,33.99878898051202,33.42786861985964,33.6595458984375,6066200,0.0,0.0
2023-05-11 00:00:00-04:00,33.601629818934335,33.676097973710355,33.36995251801627,33.634727478027344,4147900,0.0,0.0
2023-05-12 00:00:00-04:00,33.56853720512532,33.709200699228795,33.523028706124215,33.64300537109375,4624500,0.0,0.0
2023-05-15 00:00:00-04:00,33.7588334558831,33.77124428692599,33.171364306502085,33.23755645751953,5675000,0.0,0.0
2023-05-16 00:00:00-04:00,33.055525951277396,33.072074778261594,32.25292520255682,32.269474029541016,9100700,0.0,0.0
2023-05-17 00:00:00-04:00,32.244649986808966,32.368761445479,31.830938811843968,32.195003509521484,7796800,0.0,0.0
2023-05-18 00:00:00-04:00,31.905406949592297,32.203276344219844,31.71510018787229,32.195003509521484,7300300,0.0,0.0
2023-05-19 00:00:00-04:00,32.310847564278255,32.53011401884534,32.095719105938755,32.327396392822266,5899400,0.0,0.0
2023-05-22 00:00:00-04:00,32.501153728512776,32.550800213183265,31.95092018282119,32.05434799194336,5394000,0.0,0.0
2023-05-23 00:00:00-04:00,32.06676208638744,32.302577388922415,31.855768450529865,32.012977600097656,7738600,0.0,0.0
2023-05-24 00:00:00-04:00,32.18673230354097,32.24465161845765,31.847489249157874,32.03779602050781,6208400,0.0,0.0
2023-05-25 00:00:00-04:00,31.615810295901934,31.930231703115563,31.458601170478158,31.657180786132812,7841700,0.0,0.0
2023-05-26 00:00:00-04:00,31.694417567951426,31.806118211197937,31.322076829852733,31.723377227783203,7170700,0.0,0.0
2023-05-30 00:00:00-04:00,31.442060138175698,31.632366965511157,31.226931641821178,31.31794548034668,7503700,0.0,0.0
2023-05-31 00:00:00-04:00,31.35931334549492,31.756475758282818,31.24760954280584,31.624088287353516,15509900,0.0,0.0
2023-06-01 00:00:00-04:00,31.67373038432313,31.830942669938967,31.533070082841757,31.599262237548828,6727000,0.0,0.0
2023-06-02 00:00:00-04:00,31.574443750591335,31.888865197088872,31.475153930358708,31.86404037475586,9653100,0.0,0.0
2023-06-05 00:00:00-04:00,31.7720675367771,32.07306658165528,31.646650204912778,31.822235107421875,6678200,0.4,0.0
2023-06-06 00:00:00-04:00,31.89748802732163,32.018720753435026,31.320572071010364,31.59648895263672,5271000,0.0,0.0
2023-06-07 00:00:00-04:00,31.128270216289785,31.164222212978796,30.70269260182814,30.894161224365234,11075900,0.0,0.0
2023-06-08 00:00:00-04:00,30.802189499252297,31.119911129586804,30.660049616143755,31.094825744628906,6077000,0.0,0.0
2023-06-09 00:00:00-04:00,30.90669875414403,31.01957180807934,30.74365812651779,30.835630416870117,7828200,0.0,0.0
2023-06-12 00:00:00-04:00,30.760376699287033,30.873249738721512,30.333960351434506,30.584794998168945,9796700,0.0,0.0
2023-06-13 00:00:00-04:00,30.609882401899164,30.80218665819448,30.48446505716521,30.768741607666016,6304600,0.0,0.0
2023-06-14 00:00:00-04:00,30.676768148408435,30.869072397400355,30.451018850158235,30.660045623779297,7445300,0.0,0.0
2023-06-15 00:00:00-04:00,30.8941548780019,31.011209349918516,30.67258702908899,30.8272647857666,7082200,0.0,0.0
2023-06-16 00:00:00-04:00,30.785459106456663,31.053013088008555,30.45937789078374,30.92759895324707,12250500,0.0,0.0
2023-06-20 00:00:00-04:00,30.97776086653352,31.061373472550052,30.601512113196108,30.618234634399414,6844200,0.0,0.0
2023-06-21 00:00:00-04:00,30.51790871885184,30.609881008871756,30.099855174757977,30.158382415771484,8490300,0.0,0.0
2023-06-22 00:00:00-04:00,30.200187132281787,30.250354705791402,29.982800692730965,30.158382415771484,5865700,0.0,0.0
2023-06-23 00:00:00-04:00,30.183463992663167,30.308881329133587,29.99952260586734,30.02460479736328,12208400,0.0,0.0
2023-06-26 00:00:00-04:00,30.041327693649915,30.041327693649915,29.288830044496866,29.72360610961914,6648900,0.0,0.0
2023-06-27 00:00:00-04:00,29.87410187687357,29.907546921400357,29.60654789964929,29.748687744140625,7221400,0.0,0.0
2023-06-28 00:00:00-04:00,29.481133804545376,29.481133804545376,29.13833003435864,29.28046989440918,8543200,0.0,0.0
2023-06-29 00:00:00-04:00,29.263747370315272,29.33899713399018,29.121610699760076,29.28046989440918,5822200,0.0,0.0
2023-06-30 00:00:00-04:00,29.447691884449302,29.748690938521307,29.422606503613075,29.681800842285156,8907900,0.0,0.0
2023-07-03 00:00:00-04:00,29.673434594033555,30.049680138684547,29.585640564820718,29.940988540649414,3840600,0.0,0.0
2023-07-05 00:00:00-04:00,29.882468613473215,30.124937244043373,29.773773799392888,29.974437713623047,7293800,0.0,0.0
2023-07-06 00:00:00-04:00,29.94935546643165,30.00788270709869,29.706883646813683,29.81557846069336,6234400,0.0,0.0
2023-07-07 00:00:00-04:00,29.807217866160084,29.91173124831423,29.63163296012469,29.64835548400879,5440900,0.0,0.0
2023-07-10 00:00:00-04:00,29.790498382363076,29.966080116821086,29.556386213590102,29.598194122314453,11608700,0.0,0.0
2023-07-11 00:00:00-04:00,29.748686395110735,29.886641615911547,29.560560420299872,29.790491104125977,7666400,0.0,0.0
2023-07-12 00:00:00-04:00,29.890825513968075,29.949352749325325,29.75704852036648,29.899185180664062,6360200,0.0,0.0
2023-07-13 00:00:00-04:00,29.899186781078743,30.01624444755411,29.639995636192932,29.79885482788086,6825800,0.0,0.0
2023-07-14 00:00:00-04:00,29.87410575650797,30.028786715410916,29.66507898531256,29.974437713623047,6540200,0.0,0.0
2023-07-17 00:00:00-04:00,29.840660279604336,29.92427290058041,29.66507855979763,29.690160751342773,6698800,0.0,0.0
2023-07-18 00:00:00-04:00,29.7236057997332,29.86574566064484,29.46441464844579,29.690160751342773,6003900,0.0,0.0
2023-07-19 00:00:00-04:00,29.840658700477366,30.258712214748808,29.79885398694926,30.216907501220703,8147600,0.0,0.0
2023-07-20 00:00:00-04:00,30.283801834971637,30.55135586641018,30.0747750485668,30.434301376342773,6593500,0.0,0.0
2023-07-21 00:00:00-04:00,30.451018184263305,30.61824023740247,30.304700083827296,30.367408752441406,22388400,0.0,0.0
2023-07-24 00:00:00-04:00,30.400851335815545,30.52626547337877,30.350683767093184,30.392488479614258,6842200,0.0,0.0
2023-07-25 00:00:00-04:00,30.434295415368755,30.660041493714353,30.325600614668826,30.559709548950195,5689200,0.0,0.0
2023-07-26 00:00:00-04:00,30.48445971820298,30.60151418505645,30.208546073404815,30.400850296020508,6028300,0.0,0.0
2023-07-27 00:00:00-04:00,30.442654374242352,30.59733531050879,30.216905111648742,30.267072677612305,5797100,0.0,0.0
2023-07-28 00:00:00-04:00,30.40085510167564,30.434300151633504,30.150023605982692,30.233633041381836,8383600,0.0,0.0
2023-07-31 00:00:00-04:00,30.225278292089428,30.359055324194415,30.116583456786614,30.2503604888916,7959500,0.0,0.0
2023-08-01 00:00:00-04:00,30.308881891851634,30.400854181704798,29.723606293282312,29.999523162841797,9709800,0.0,0.0
2023-08-02 00:00:00-04:00,29.723605921027602,30.476103565406174,29.55638386788843,30.367408752441406,13250400,0.0,0.0
2023-08-03 00:00:00-04:00,30.317238613257967,30.497001747003704,29.69015835919076,29.740325927734375,9136700,0.0,0.0
2023-08-04 00:00:00-04:00,29.740327953705872,29.899187147339802,29.481133616149677,29.49785614013672,5771100,0.0,0.0
2023-08-07 00:00:00-04:00,29.439329892480078,29.602370519976,29.221943452317333,29.263748168945312,7329200,0.0,0.0
2023-08-08 00:00:00-04:00,29.188502837832615,29.23867041910542,28.603227147633554,28.812253952026367,7586300,0.0,0.0
2023-08-09 00:00:00-04:00,28.82061059974985,29.13415073877412,28.788001200525155,28.862415313720703,6146100,0.0,0.0
2023-08-10 00:00:00-04:00,28.929301035027805,29.058899789380945,28.71191461757285,28.753719329833984,4152000,0.0,0.0
2023-08-11 00:00:00-04:00,28.787166899468083,28.89586171247335,28.695194610732504,28.88749885559082,6922400,0.0,0.0
2023-08-14 00:00:00-04:00,28.962750184854663,29.050541049892136,28.519614431000104,28.62830924987793,7806100,0.0,0.0
2023-08-15 00:00:00-04:00,28.486168838310732,28.511251030845177,28.185169769915454,28.226974487304688,6197400,0.0,0.0
2023-08-16 00:00:00-04:00,28.21025294036779,28.35238960624731,28.034668037905416,28.05975341796875,5400200,0.0,0.0
2023-08-17 00:00:00-04:00,28.084837767169653,28.16008753415296,27.917615708373923,28.00122833251953,5742500,0.0,0.0
2023-08-18 00:00:00-04:00,28.001231076600483,28.310589842517242,27.967786023664672,28.143367767333984,6558600,0.0,0.0
2023-08-21 00:00:00-04:00,28.180986774812784,28.180986774812784,27.82563876323645,27.992860794067383,6604900,0.0,0.0
2023-08-22 00:00:00-04:00,27.934335640821097,28.026307924098244,27.771295025737125,27.842363357543945,6851200,0.0,0.0
2023-08-23 00:00:00-04:00,27.942697900869863,28.139183580742685,27.892533515877982,28.00122833251953,7451500,0.0,0.0
2023-08-24 00:00:00-04:00,27.875808538964403,28.335666768079804,27.875808538964403,28.026308059692383,7037500,0.0,0.0
2023-08-25 00:00:00-04:00,28.09320211665654,28.42764628998417,28.068119919980575,28.302228927612305,7265500,0.0,0.0
2023-08-28 00:00:00-04:00,28.419282548256167,28.465265505740444,28.185170384678216,28.293865203857422,5730100,0.0,0.0
2023-08-29 00:00:00-04:00,28.410919071211914,28.419281928387054,28.034670235717815,28.226974487304688,6554700,0.0,0.0
2023-08-30 00:00:00-04:00,28.24369423726319,28.360748710250835,28.09319471785188,28.151721954345703,6450900,0.0,0.0
2023-08-31 00:00:00-04:00,28.17710714182075,28.232109568185535,27.93595184392524,27.999414443969727,14009200,0.4,0.0
2023-09-01 00:00:00-04:00,28.092490891043752,28.092490891043752,27.49171853095807,27.567873001098633,7765400,0.0,0.0
2023-09-05 00:00:00-04:00,27.61864257401502,27.88010745804576,27.432486471255604,27.54248809814453,7828800,0.0,0.0
2023-09-06 00:00:00-04:00,27.55941390991211,27.656723670025638,27.466335850979753,27.55941390991211,7067200,0.0,0.0
2023-09-07 00:00:00-04:00,27.754030758681353,27.864032396701358,27.525567307951633,27.65249252319336,7472300,0.0,0.0
2023-09-08 00:00:00-04:00,27.644026826035375,27.94018456106903,27.620334465460047,27.889413833618164,8047900,0.0,0.0
2023-09-11 00:00:00-04:00,27.98249225161536,28.49018662137679,27.95710850147991,28.456342697143555,10683500,0.0,0.0
2023-09-12 00:00:00-04:00,28.464804881137038,28.55788294199535,28.312495913885677,28.397113800048828,6726700,0.0,0.0
2023-09-13 00:00:00-04:00,28.473265939994434,28.49864968983285,27.92326102265383,28.084030151367188,6994000,0.0,0.0
2023-09-14 00:00:00-04:00,28.26172999398293,28.642499205609553,28.177112103077295,28.57480812072754,6522800,0.0,0.0
2023-09-15 00:00:00-04:00,28.430957171771645,28.600189712952645,28.26595633177679,28.304035186767578,12095800,0.0,0.0
2023-09-18 00:00:00-04:00,28.401339973234027,28.485957852543926,28.06710661260454,28.27864646911621,8084200,0.0,0.0
2023-09-19 00:00:00-04:00,28.337879762311477,28.752496061247598,28.270185460861196,28.71864891052246,9260800,0.0,0.0
2023-09-20 00:00:00-04:00,28.921733742085415,28.990273750344205,28.642499540594812,28.786348342895508,7012400,0.0,0.0
2023-09-21 00:00:00-04:00,28.80326956416672,29.24327288248699,28.70172810220201,29.18404197692871,11579600,0.0,0.0
2023-09-22 00:00:00-04:00,29.03173517477328,29.251735236402933,28.879426198321017,28.904809951782227,9533600,0.0,0.0
2023-09-25 00:00:00-04:00,28.862498943114403,29.06980710160333,28.693266409966625,29.040191650390625,6382800,0.0,0.0
2023-09-26 00:00:00-04:00,29.040195903457377,29.281351249462563,29.00212027253988,29.1925048828125,8787800,0.0,0.0
2023-09-27 00:00:00-04:00,29.175579863668915,29.24327417463654,28.752500103648465,28.79480743408203,13115800,0.0,0.0
2023-09-28 00:00:00-04:00,28.794807852452827,28.87942574239181,28.287113424188767,28.557884216308594,11673200,0.0,0.0
2023-09-29 00:00:00-04:00,28.62557797689349,28.756731668969646,28.35057548861301,28.464805603027344,5633300,0.0,0.0
2023-10-02 00:00:00-04:00,28.447877889358097,28.456341290879717,27.830181919798402,27.999414443969727,7422000,0.0,0.0
2023-10-03 00:00:00-04:00,27.85556978881437,28.045957617108215,27.796338880769817,28.016342163085938,6157300,0.0,0.0
2023-10-04 00:00:00-04:00,28.0840341866272,28.168652077983655,27.83018696824285,28.160188674926758,5401300,0.0,0.0
2023-10-05 00:00:00-04:00,28.126342075080185,28.176263882573313,27.280182608930076,27.34787368774414,6681100,0.0,0.0
2023-10-06 00:00:00-04:00,27.18710545020534,27.25479653125777,26.332484167463104,27.102487564086914,10106300,0.0,0.0
2023-10-09 00:00:00-04:00,27.153257033873885,27.555181483770397,27.104180921695512,27.491722106933594,5565200,0.0,0.0
2023-10-10 00:00:00-04:00,27.660951085417334,27.768415633118593,27.34364129365257,27.47479820251465,6075600,0.0,0.0
2023-10-11 00:00:00-04:00,27.500180210351637,27.699028183711963,27.360563136140097,27.44940948486328,7981600,0.0,0.0
2023-10-12 00:00:00-04:00,27.36479785574723,27.36479785574723,25.960173240698534,26.070173263549805,13884100,0.0,0.0
2023-10-13 00:00:00-04:00,26.13786454084583,26.628636950657206,26.112480790598322,26.594791412353516,9364200,0.0,0.0
2023-10-16 00:00:00-04:00,26.738637595263565,26.92479208387054,26.543174010393408,26.72171401977539,7099000,0.0,0.0
2023-10-17 00:00:00-04:00,26.65402333430083,26.82325587405531,26.47209891893715,26.662485122680664,6768600,0.0,0.0
2023-10-18 00:00:00-04:00,26.713253153810797,27.136332872088246,26.68363770264506,26.8486385345459,5653400,0.0,0.0
2023-10-19 00:00:00-04:00,26.874026220215253,26.924795338896438,26.57363998162991,26.611717224121094,6258700,0.0,0.0
2023-10-20 00:00:00-04:00,26.679409832304476,26.86556434280203,26.400177259597555,26.493253707885742,6693400,0.0,0.0
2023-10-23 00:00:00-04:00,26.493252428140224,26.649793091370924,26.319789802169833,26.332483291625977,5213200,0.0,0.0
2023-10-24 00:00:00-04:00,26.442483948436745,26.882487268679807,26.442483948436745,26.831716537475586,7251800,0.0,0.0
2023-10-25 00:00:00-04:00,26.747102281346717,27.174413732161565,26.662486008657734,27.144798278808594,6616600,0.0,0.0
2023-10-26 00:00:00-04:00,27.26326090478556,27.356338968909693,26.93325759285509,26.958642959594727,5876900,0.0,0.0
2023-10-27 00:00:00-04:00,26.882488807508636,27.026335992979195,26.531331825890042,26.603256225585938,6053700,0.0,0.0
2023-10-30 00:00:00-04:00,26.747103854151955,26.901104220643056,26.624410332234262,26.755565643310547,6628500,0.0,0.0
2023-10-31 00:00:00-04:00,26.755565233197228,26.8232579315071,26.294408221610837,26.62017822265625,10525700,0.0,0.0
2023-11-01 00:00:00-04:00,26.611718234296045,27.98926457387281,26.315562071891616,27.246337890625,16109400,0.0,0.0
2023-11-02 00:00:00-04:00,27.39864518581935,28.519807155466903,27.22941264227669,28.35480308532715,11280800,0.0,0.0
2023-11-03 00:00:00-04:00,28.515572664976457,28.600187314550077,28.113645009896825,28.151723861694336,8384900,0.0,0.0
2023-11-06 00:00:00-05:00,28.202496827115247,28.329418811551903,27.9021073732447,28.168649673461914,6880300,0.0,0.0
2023-11-07 00:00:00-05:00,28.168646968141047,28.257493317066558,27.9824908687684,27.999414443969727,5879300,0.0,0.0
2023-11-08 00:00:00-05:00,28.007875346123992,28.21095502597999,27.813259068009746,28.067106246948242,5985500,0.0,0.0
2023-11-09 00:00:00-05:00,28.109416260092296,28.134800009146012,27.872489433503805,27.880952835083008,6038600,0.0,0.0
2023-11-10 00:00:00-05:00,27.813259453298866,27.940184658447375,27.711721225885288,27.830183029174805,6561800,0.0,0.0
2023-11-13 00:00:00-05:00,27.838648418689527,28.32941924276414,27.732878482794572,28.1263427734375,6532000,0.0,0.0
2023-11-14 00:00:00-05:00,28.701728837208304,28.858269507530956,28.32941981733025,28.414037704467773,9084800,0.0,0.0
2023-11-15 00:00:00-05:00,28.41403737728146,28.574806519227977,28.202497503637048,28.397113800048828,6432800,0.0,0.0
2023-11-16 00:00:00-05:00,28.557885193864127,28.676347015991272,28.367500583708726,28.60865592956543,6816800,0.0,0.0
2023-11-17 00:00:00-05:00,28.68480921387564,28.72711654459438,28.329420534584884,28.48172950744629,6461500,0.0,0.0
2023-11-20 00:00:00-05:00,28.397111926875017,28.676342863188577,28.384416823906225,28.59172821044922,6551800,0.0,0.0
2023-11-21 00:00:00-05:00,28.69326924781613,28.997887192041333,28.61711476175983,28.89634895324707,8677600,0.0,0.0
2023-11-22 00:00:00-05:00,29.023270871996836,29.37019614586278,28.94711638613151,29.344812393188477,7110900,0.0,0.0
2023-11-24 00:00:00-05:00,29.446349893243898,29.640966190498418,29.378658811862568,29.56481170654297,3984100,0.0,0.0
2023-11-27 00:00:00-05:00,30.03020244955198,30.03020244955198,29.475965775211098,29.522504806518555,8878100,0.0,0.0
2023-11-28 00:00:00-05:00,29.573271760521237,29.886349835624845,29.547884783515784,29.717117309570312,10641500,0.0,0.0
2023-11-29 00:00:00-05:00,29.784817281301482,29.801740859912893,29.56058551342478,29.683279037475586,8116800,0.0,0.0
2023-11-30 00:00:00-05:00,29.666156770033314,30.188267959190075,29.65759901540703,30.051321029663086,23929000,0.4,0.0
2023-12-01 00:00:00-05:00,29.99995969378801,30.41080041371877,29.948606644466544,30.40224266052246,9401600,0.0,0.0
2023-12-04 00:00:00-05:00,30.154027110646634,30.795966384755108,30.154027110646634,30.659019470214844,7963400,0.0,0.0
2023-12-05 00:00:00-05:00,30.59910698405714,30.77884920650002,30.402245988276064,30.67613983154297,7660000,0.0,0.0
2023-12-06 00:00:00-05:00,30.72749503522515,31.198249857170573,30.68469647089844,30.984270095825195,8942500,0.0,0.0
2023-12-07 00:00:00-05:00,31.10409618321685,31.382270507587833,30.791684315677042,31.241043090820312,8693100,0.0,0.0
2023-12-08 00:00:00-05:00,31.258160286273203,31.275279056994435,30.881557125621114,31.00994300842285,6113200,0.0,0.0
2023-12-11 00:00:00-05:00,31.472141785880346,31.52349810092123,31.283838562468947,31.48069953918457,11739600,0.0,0.0
2023-12-12 00:00:00-05:00,31.660450951015573,32.05417297833672,31.47214769226526,31.89154624938965,9353600,0.0,0.0
2023-12-13 00:00:00-05:00,31.797392350890142,32.332341729168434,31.73319777248237,32.233909606933594,7541700,0.0,0.0
2023-12-14 00:00:00-05:00,32.18255455763515,32.25958740174148,31.613370878203273,31.669004440307617,10242700,0.0,0.0
2023-12-15 00:00:00-05:00,31.669001826446603,31.78882995959465,31.164864953355103,31.31807518005371,14202800,0.0,0.0
2023-12-18 00:00:00-05:00,31.395109378592228,31.651884427192243,31.146892083414393,31.420785903930664,6447800,0.0,0.0
2023-12-19 00:00:00-05:00,31.292398884516764,31.292398884516764,30.95858774178685,31.232484817504883,7464500,0.0,0.0
2023-12-20 00:00:00-05:00,30.920073549230615,30.979987617393622,30.564866384355778,30.599103927612305,8456100,0.0,0.0
2023-12-21 00:00:00-05:00,30.590544883552194,30.872996440820785,30.547746323751525,30.778844833374023,6185100,0.0,0.0
2023-12-22 00:00:00-05:00,30.855879750982613,31.17684938070519,30.795965681306818,31.1212158203125,5806200,0.0,0.0
2023-12-26 00:00:00-05:00,31.11265393647314,31.279557878081366,30.967149275613387,31.241043090820312,4079600,0.0,0.0
2023-12-27 00:00:00-05:00,31.360870908190844,31.360870908190844,31.095538114008004,31.258161544799805,4385400,0.0,0.0
2023-12-28 00:00:00-05:00,31.258163215415443,31.54917581480327,31.24960219671676,31.44646644592285,5455900,0.0,0.0
2023-12-29 00:00:00-05:00,31.377995934007636,31.694685105545833,31.360877159184973,31.65188980102539,5537900,0.0,0.0
2024-01-02 00:00:00-05:00,31.690406739210733,32.79796498395702,31.65188868095467,32.62763595581055,11647900,0.0,0.0
2024-01-03 00:00:00-05:00,32.73462320989211,32.833055337444804,32.52492395649803,32.59339904785156,8913500,0.0,0.0
2024-01-04 00:00:00-05:00,32.49925087216217,32.65331657895451,32.26387180204266,32.33662414550781,7755400,0.0,0.0
2024-01-05 00:00:00-05:00,32.31950986383086,32.623364074797955,32.21251995618897,32.473575592041016,5629900,0.0,0.0
2024-01-08 00:00:00-05:00,32.405095144855224,32.79881711681967,32.37085759988301,32.7389030456543,7553800,0.0,0.0
2024-01-09 00:00:00-05:00,32.57628321801786,33.04703808585009,32.42478386050106,32.99568176269531,8108800,0.0,0.0
2024-01-10 00:00:00-05:00,32.927205468704045,32.927205468704045,32.302384981140875,32.43077087402344,7852100,0.0,0.0
2024-01-11 00:00:00-05:00,32.31949819854618,32.38797328195681,32.09696070760499,32.165435791015625,7661700,0.0,0.0
2024-01-12 00:00:00-05:00,32.30239010730505,32.36658143139709,32.11408684977524,32.251033782958984,4958800,0.0,0.0
2024-01-16 00:00:00-05:00,32.31094064996517,32.34517819188698,32.037046844734114,32.19111251831055,8373600,0.0,0.0
2024-01-17 00:00:00-05:00,32.062729449356766,32.51636880317446,32.037052920581694,32.345184326171875,7680900,0.0,0.0
2024-01-18 00:00:00-05:00,32.32806691534948,32.32806691534948,31.540619593957192,31.677566528320312,10693500,0.0,0.0
2024-01-19 00:00:00-05:00,31.66900316862648,31.925778216979346,31.318076507360793,31.737478256225586,8786800,0.0,0.0
2024-01-22 00:00:00-05:00,31.754601376525116,31.754601376525116,31.13834176573844,31.46358871459961,9334500,0.0,0.0
2024-01-23 00:00:00-05:00,31.446465235002023,31.84018718810907,31.155452646820326,31.797391891479492,24754100,0.0,0.0
2024-01-24 00:00:00-05:00,31.797391276565822,31.810229538799238,31.472141151341578,31.514936447143555,6210900,0.0,0.0
2024-01-25 00:00:00-05:00,31.651889931032855,32.03705420344374,31.600533606353917,31.89154624938965,5129900,0.0,0.0
2024-01-26 00:00:00-05:00,31.985694171617173,32.04560824426232,31.733199617622923,31.84874725341797,6727000,0.0,0.0
2024-01-29 00:00:00-05:00,31.7802814324875,32.01138001282119,31.643334488408943,31.93434715270996,7089400,0.0,0.0
2024-01-30 00:00:00-05:00,31.942896091984373,32.06272422684638,31.848744481715144,31.96857261657715,5030000,0.0,0.0
2024-01-31 00:00:00-05:00,31.968577234866384,32.19111803039207,31.694683382736518,31.780277252197266,6270700,0.0,0.0
2024-02-01 00:00:00-05:00,31.934342801180147,32.31950378417969,31.472145703493997,32.31950378417969,8337700,0.0,0.0
2024-02-02 00:00:00-05:00,32.310947663976755,32.447894596320516,32.045611554091536,32.22535705566406,5809400,0.0,0.0
2024-02-05 00:00:00-05:00,32.11409018170317,32.14832773481945,31.818796999952546,31.857315063476562,5800800,0.0,0.0
2024-02-06 00:00:00-05:00,31.88298479923579,31.96857539870826,31.711800335218765,31.84874725341797,6116100,0.0,0.0
2024-02-07 00:00:00-05:00,31.95145765493563,31.985691933285686,31.146891709880084,31.155452728271484,7750800,0.0,0.0
2024-02-08 00:00:00-05:00,31.18968847955894,31.39511048471961,31.009946265713353,31.215368270874023,10685500,0.0,0.0
2024-02-09 00:00:00-05:00,31.078423357513362,31.134056922980662,30.641902792833193,30.787410736083984,8189300,0.0,0.0
2024-02-12 00:00:00-05:00,30.787407927812527,31.1554533644335,30.599104700218934,31.1212158203125,9648200,0.0,0.0
2024-02-13 00:00:00-05:00,31.18113537116949,31.343758836723165,30.659024159296514,30.924360275268555,9869400,0.0,0.0
2024-02-14 00:00:00-05:00,29.948607863838216,30.39368287974746,28.81879175668788,29.23819351196289,20793800,0.0,0.0
2024-02-15 00:00:00-05:00,29.315227189376532,30.102671140805505,29.298108416727377,29.931489944458008,10689100,0.0,0.0
2024-02-16 00:00:00-05:00,29.880132908739785,30.08555491052304,29.768862521729194,29.79454231262207,6404000,0.0,0.0
2024-02-20 00:00:00-05:00,29.957166046109002,30.54774900130638,29.957166046109002,30.487834930419922,8710400,0.0,0.0
2024-02-21 00:00:00-05:00,30.667581865093407,31.16401322817574,30.59054901814089,31.146894454956055,9722200,0.0,0.0
2024-02-22 00:00:00-05:00,30.881555646199708,31.223921249007862,30.736047734575827,31.16400718688965,6661000,0.0,0.0
2024-02-23 00:00:00-05:00,31.189688640474976,31.314652741946443,30.838761964696975,30.855880737304688,6194400,0.0,0.0
2024-02-26 00:00:00-05:00,30.72749178572793,30.9414715244445,30.698390201695023,30.778844833374023,7033800,0.0,0.0
2024-02-27 00:00:00-05:00,30.838765843071073,30.89867992219702,30.45360483871069,30.641904830932617,4807500,0.0,0.0
2024-02-28 00:00:00-05:00,30.7018088279198,30.718927597058798,30.385119761526685,30.419357299804688,4923000,0.0,0.0
2024-02-29 00:00:00-05:00,30.479281824988032,30.54775365998399,30.051322244777747,30.196826934814453,15251000,0.0,0.0
2024-03-01 00:00:00-05:00,30.222509020096233,30.248185552031387,29.935773598171842,30.068443298339844,6032400,0.0,0.0
2024-03-04 00:00:00-05:00,29.99996705705456,30.196828079605787,29.794548279206584,29.991409301757812,8826300,0.0,0.0
2024-03-05 00:00:00-05:00,30.13006828101331,30.27386208396654,29.94861512921215,30.068443298339844,8928700,0.0,0.0
2024-03-06 00:00:00-05:00,30.102669169342054,30.333767687362663,30.085553662885847,30.25673484802246,7355000,0.0,0.0
2024-03-07 00:00:00-05:00,30.499139999825275,30.507798999460647,29.78925394199905,29.867168426513672,6584100,0.4,0.0
2024-03-08 00:00:00-05:00,29.767608560812985,30.242885906707308,29.70268257833501,30.161510467529297,5872800,0.0,0.0
2024-03-11 00:00:00-04:00,30.196142749851454,30.507800705336628,30.170169051933737,30.282712936401367,7694700,0.0,0.0
2024-03-12 00:00:00-04:00,30.17016792700569,30.222112018463402,29.92776877175131,29.953739166259766,6893400,0.0,0.0
2024-03-13 00:00:00-04:00,30.170169355523136,30.24808384517845,29.728656115770338,29.89314079284668,11161900,0.0,0.0
2024-03-14 00:00:00-04:00,29.867167004824616,29.95373718241309,29.50789449319533,29.71133804321289,9222600,0.0,0.0
2024-03-15 00:00:00-04:00,29.659394235374677,29.953737465372843,29.620438645824045,29.754623413085938,12259700,0.0,0.0
2024-03-18 00:00:00-04:00,29.75462558289767,30.33032688835928,29.676711095673987,30.23076820373535,8794100,0.0,0.0
2024-03-19 00:00:00-04:00,30.170163807175296,30.551080487634874,30.14419341621318,30.53376579284668,7909500,0.0,0.0
2024-03-20 00:00:00-04:00,30.568397439360176,30.897366757303395,30.32166879968246,30.603023529052734,9952100,0.0,0.0
2024-03-21 00:00:00-04:00,30.646311929928395,30.862740677166755,30.56839744882496,30.8194522857666,7424400,0.0,0.0
2024-03-22 00:00:00-04:00,30.906025775562163,31.11812502323715,30.78915240265103,31.03588104248047,8880300,0.0,0.0
2024-03-25 00:00:00-04:00,31.061853707735878,31.37783781895488,31.001253924695508,31.32156753540039,9047900,0.0,0.0
2024-03-26 00:00:00-04:00,31.408142790349043,31.72845975530168,31.347542997507414,31.48605728149414,10195600,0.0,0.0
2024-03-27 00:00:00-04:00,31.71114242353681,31.892941786964112,31.4903841665518,31.624568939208984,5229500,0.0,0.0
2024-03-28 00:00:00-04:00,31.728452712120685,32.01413691460829,31.728452712120685,31.944881439208984,7159100,0.0,0.0
2024-04-01 00:00:00-04:00,32.01413813114965,32.28251095181585,31.962194045796075,32.083396911621094,7825700,0.0,0.0
2024-04-02 00:00:00-04:00,32.195935949317004,32.567328381246625,32.14399516886716,32.36907958984375,8312600,0.0,0.0
2024-04-03 00:00:00-04:00,32.36909082335254,32.6114900227491,32.19594712273726,32.351776123046875,7458200,0.0,0.0
2024-04-04 00:00:00-04:00,32.57685545844849,32.63745524254885,32.200268255161504,32.24788284301758,8500400,0.0,0.0
2024-04-05 00:00:00-04:00,32.28251095181585,32.29116664815457,31.702480223909017,32.083396911621094,7251300,0.0,0.0
2024-04-08 00:00:00-04:00,31.918908596976298,32.12668163359219,31.77173864380534,32.074737548828125,4650900,0.0,0.0
2024-04-09 00:00:00-04:00,32.12668256403038,32.24788212954962,31.88860963001725,32.16996765136719,4089800,0.0,0.0
2024-04-10 00:00:00-04:00,32.040106434895634,32.13533560061859,31.685163464208387,31.875621795654297,5540900,0.0,0.0
2024-04-11 00:00:00-04:00,32.014134449598856,32.0833932221057,31.460077479304278,31.667850494384766,5785900,0.0,0.0
2024-04-12 00:00:00-04:00,31.598595890974376,31.654866174230417,31.053194544063267,31.113794326782227,6394500,0.0,0.0
2024-04-15 00:00:00-04:00,31.364851861149514,31.542325008914776,31.19257345215304,31.434110641479492,6992100,0.0,0.0
2024-04-16 00:00:00-04:00,31.555310293698533,31.771739029180086,31.42545173143343,31.676509857177734,8695800,0.0,0.0
2024-04-17 00:00:00-04:00,31.884281659819482,31.979507525688486,31.572623764421888,31.944881439208984,6176100,0.0,0.0
2024-04-18 00:00:00-04:00,32.16131167203523,32.28251123648859,31.72845419759298,32.12668228149414,6769500,0.0,0.0
2024-04-19 00:00:00-04:00,32.282512325532686,32.749999206286596,32.01846899302023,32.70671081542969,9117800,0.0,0.0
2024-04-22 00:00:00-04:00,32.827909782665955,33.09628260983645,32.628795737645454,33.02702713012695,6973600,0.0,0.0
2024-04-23 00:00:00-04:00,32.94045279148731,33.113596439896426,32.85821211788431,32.957767486572266,5858100,0.0,0.0
2024-04-24 00:00:00-04:00,32.38639950081316,33.442572905954314,32.356099606523415,33.390628814697266,7250100,0.0,0.0
2024-04-25 00:00:00-04:00,33.56203650723363,33.728251627639494,32.97075109202098,33.21747970581055,6667900,0.0,0.0
2024-04-26 00:00:00-04:00,32.85821662323612,33.381973837219306,32.85821662323612,33.03568649291992,5342400,0.0,0.0
2024-04-29 00:00:00-04:00,33.07030847940312,33.46853652442746,33.03567909224271,33.45988082885742,6163000,0.0,0.0
2024-04-30 00:00:00-04:00,33.442569517108474,33.52048399487832,33.0356824329281,33.425254821777344,9607900,0.0,0.0
2024-05-01 00:00:00-04:00,32.25653659653498,32.63745327643679,31.053193381260478,31.40813636779785,15583100,0.0,0.0
2024-05-02 00:00:00-04:00,31.503369234504028,32.08772621594921,31.49471353732709,31.7890567779541,11373600,0.0,0.0
2024-05-03 00:00:00-04:00,31.763079859326847,31.815023944441215,31.34321088880389,31.46873664855957,7102900,0.0,0.0
2024-05-06 00:00:00-04:00,31.520686090708637,31.546656486459362,30.758855891757943,30.940658569335938,8570600,0.0,0.0
2024-05-07 00:00:00-04:00,31.018565914695937,31.213350442844696,30.776163501236795,31.001251220703125,7643400,0.0,0.0
2024-05-08 00:00:00-04:00,31.00125728452908,31.21768604811223,31.00125728452908,31.070512771606445,7764800,0.0,0.0
2024-05-09 00:00:00-04:00,31.087824133736046,31.1397682203019,30.767510522681196,30.91468048095703,5027100,0.0,0.0
2024-05-10 00:00:00-04:00,30.88005356951682,31.40814026679885,30.83676847845649,31.37351417541504,6267500,0.0,0.0
2024-05-13 00:00:00-04:00,31.416799265452457,31.728457204981915,31.390825568864493,31.589942932128906,8561700,0.0,0.0
2024-05-14 00:00:00-04:00,31.745763933632258,31.77173762640275,31.260965701120135,31.33022117614746,6140100,0.0,0.0
2024-05-15 00:00:00-04:00,31.33022427091213,31.42545344811658,31.018569648843844,31.03588104248047,6162600,0.0,0.0
2024-05-16 00:00:00-04:00,31.053195682192563,31.395153498605758,31.053195682192563,31.22633934020996,6293800,0.0,0.0
2024-05-17 00:00:00-04:00,31.122453971242674,31.23499784252959,30.854081140463276,31.165739059448242,6117600,0.0,0.0
2024-05-20 00:00:00-04:00,31.087826547478024,31.27395541073992,30.957967972201075,30.975282669067383,5756200,0.0,0.0
2024-05-21 00:00:00-04:00,31.131116444366704,31.260975039690898,30.9060319552382,31.096487045288086,6015000,0.0,0.0
2024-05-22 00:00:00-04:00,31.19171437415119,31.555316437826082,31.044544390539706,31.49471664428711,6486800,0.0,0.0
2024-05-23 00:00:00-04:00,31.33022591507875,31.390825703308934,30.91468309473999,30.992597579956055,5339700,0.0,0.0
2024-05-24 00:00:00-04:00,31.04454004173938,31.312909574834904,30.873126862283254,31.03588104248047,5700600,0.0,0.0
2024-05-28 00:00:00-04:00,30.914681157430955,30.975280941863577,30.308680010664162,30.34330940246582,7364100,0.0,0.0
2024-05-29 00:00:00-04:00,30.291371454387008,30.49481171978533,29.979713503862353,30.00568389892578,8276000,0.0,0.0
2024-05-30 00:00:00-04:00,30.05762623003873,30.16497536692325,29.919111960416274,29.997026443481445,6700300,0.0,0.0
2024-05-31 00:00:00-04:00,30.04030910740582,30.637651227702293,29.988365022077268,30.620336532592773,12422300,0.0,0.0
2024-06-03 00:00:00-04:00,30.62033821550339,30.715567392619377,30.30435409409919,30.386594772338867,6283600,0.0,0.0
2024-06-04 00:00:00-04:00,30.360621212924467,30.93199291358702,30.010007735966155,30.845422744750977,8646700,0.0,0.0
2024-06-05 00:00:00-04:00,30.880052541831617,30.88698106231856,29.89313796776113,30.01433753967285,9807200,0.0,0.0
2024-06-06 00:00:00-04:00,29.961788749136787,30.39094183799519,29.47133189442632,30.277084350585938,8800300,0.4,0.0
2024-06-07 00:00:00-04:00,30.198262075992613,30.531074488882705,29.966170396038297,30.11943817138672,8340200,0.0,0.0
2024-06-10 00:00:00-04:00,29.935518274185448,29.974928557881768,29.103488872618772,29.383750915527344,11162600,0.0,0.0
2024-06-11 00:00:00-04:00,29.191070529411896,29.58081000626597,29.08596976593293,29.471332550048828,6206600,0.0,0.0
2024-06-12 00:00:00-04:00,29.41878256957643,29.436299363728516,28.79695141161824,28.831981658935547,8227600,0.0,0.0
2024-06-13 00:00:00-04:00,28.665576741425586,28.753160711011095,28.262700504292724,28.49917221069336,11641700,0.0,0.0
2024-06-14 00:00:00-04:00,28.499172224406674,28.577996126578146,28.245183723966722,28.359041213989258,6188900,0.0,0.0
2024-06-17 00:00:00-04:00,28.236427362698926,28.858258520657113,28.03498590044336,28.831981658935547,10035900,0.0,0.0
2024-06-18 00:00:00-04:00,28.86701223515751,28.937079404454813,28.472892760326484,28.61302375793457,6080800,0.0,0.0
2024-06-20 00:00:00-04:00,28.4553809991107,28.639302317960443,28.350280238922235,28.58675193786621,7236600,0.0,0.0
2024-06-21 00:00:00-04:00,28.735643080836574,29.029041853189252,28.604268800774946,28.858257293701172,16326500,0.0,0.0
2024-06-24 00:00:00-04:00,28.98962732734018,29.234859086396757,28.831979532584747,29.085968017578125,7262400,0.0,0.0
2024-06-25 00:00:00-04:00,29.06845398263376,29.20858499782412,28.704991354506447,28.726884841918945,7926200,0.0,0.0
2024-06-26 00:00:00-04:00,28.43786614048678,28.46413966182803,28.201394425454698,28.30649185180664,7682900,0.0,0.0
2024-06-27 00:00:00-04:00,28.245182334133666,28.42034692378299,28.07877781150947,28.262699127197266,5689500,0.0,0.0
2024-06-28 00:00:00-04:00,28.376559939708944,28.42910698407596,28.043747514440614,28.21891212463379,9939000,0.0,0.0
2024-07-01 00:00:00-04:00,28.227666372949308,28.60426908244864,27.877338853819715,27.903614044189453,7760600,0.0,0.0
2024-07-02 00:00:00-04:00,27.982437638073634,28.026227951049805,27.78099785510051,28.026227951049805,5470600,0.0,0.0
2024-07-03 00:00:00-04:00,28.113809674540448,28.23642723304202,27.973680333447504,28.105052947998047,3805500,0.0,0.0
2024-07-05 00:00:00-04:00,28.20139364489871,28.210150371441113,27.87733963654684,28.105052947998047,5200000,0.0,0.0
2024-07-08 00:00:00-04:00,28.105050952302058,28.253938679858543,27.99995186582849,28.113807678222656,5870700,0.0,0.0
2024-07-09 00:00:00-04:00,28.026227148553843,28.105051046048615,27.824789041842006,27.964920043945312,7630900,0.0,0.0
2024-07-10 00:00:00-04:00,27.88609790091223,28.034985638332653,27.816032395452385,27.95616340637207,7116500,0.0,0.0
2024-07-11 00:00:00-04:00,27.833550402380382,28.227668261331967,27.658385795850684,28.18387794494629,7468000,0.0,0.0
2024-07-12 00:00:00-04:00,28.306490770264002,28.42910498648755,28.061262337816913,28.087535858154297,6250100,0.0,0.0
2024-07-15 00:00:00-04:00,28.08753483230604,28.50792784728414,27.99995253656227,28.280216217041016,6723800,0.0,0.0
2024-07-16 00:00:00-04:00,28.262700186684366,28.823224221785303,28.22766659924386,28.761917114257812,6193700,0.0,0.0
2024-07-17 00:00:00-04:00,28.98087153704965,29.81290084934611,28.95459801740438,29.69028663635254,12096700,0.0,0.0
2024-07-18 00:00:00-04:00,29.497605466563265,30.1369533968645,29.410024839777194,29.57642936706543,10013200,0.0,0.0
2024-07-19 00:00:00-04:00,29.48008832541513,29.52825867187553,28.90204750887706,29.007144927978516,6419100,0.0,0.0
2024-07-22 00:00:00-04:00,29.03342210634056,29.09297519519176,28.63054253689877,28.744400024414062,6321200,0.0,0.0
2024-07-23 00:00:00-04:00,28.77067515773088,28.88015261775419,28.577997099960978,28.726884841918945,5618900,0.0,0.0
2024-07-24 00:00:00-04:00,28.805707917068567,29.215593546909734,28.516689168245005,28.945838928222656,8162100,0.0,0.0
2024-07-25 00:00:00-04:00,29.12975761046921,29.882962979940853,29.0246601968877,29.156034469604492,6893100,0.0,0.0
2024-07-26 00:00:00-04:00,29.243619713708416,29.401267529495556,29.077215170816245,29.21734619140625,6048700,0.0,0.0
2024-07-29 00:00:00-04:00,29.14727562041172,29.339957004181784,28.897667164612624,29.26988983154297,7411500,0.0,0.0
2024-07-30 00:00:00-04:00,29.252377828525855,29.71656117680017,29.10348674978568,29.637737274169922,11644900,0.0,0.0
2024-07-31 00:00:00-04:00,30.29460110286079,31.240484564933602,30.08440292185197,30.837608337402344,21392100,0.0,0.0
2024-08-01 00:00:00-04:00,30.688723156328283,31.144149802233468,30.443491367925784,31.004018783569336,10258600,0.0,0.0
2024-08-02 00:00:00-04:00,31.363103039194463,31.77035931229063,30.997886403532924,31.58205795288086,15882100,0.0,0.0
2024-08-05 00:00:00-04:00,31.625849387585756,31.984935325110538,30.552968267929636,30.828853607177734,12773100,0.0,0.0
2024-08-06 00:00:00-04:00,30.986500557402792,31.249245787638937,30.469766823510728,30.49604034423828,7266500,0.0,0.0
2024-08-07 00:00:00-04:00,30.53107385861067,31.012774003041788,30.329635737884455,30.364665985107422,7907800,0.0,0.0
2024-08-08 00:00:00-04:00,30.32087462261686,30.933949031156935,30.269202921631685,30.837608337402344,6301200,0.0,0.0
2024-08-09 00:00:00-04:00,30.820090527896255,31.012771909053562,30.487281485334805,30.89015769958496,5109500,0.0,0.0
2024-08-12 00:00:00-04:00,30.63617297858869,30.671206568738338,29.834797144097454,29.9267578125,8413300,0.0,0.0
2024-08-13 00:00:00-04:00,29.830417809190802,30.42159539141459,29.77786742862036,30.277084350585938,6624400,0.0,0.0
2024-08-14 00:00:00-04:00,30.277087460910206,30.679963730376947,30.18950682528251,30.20702362060547,6105000,0.0,0.0
2024-08-15 00:00:00-04:00,30.11067895080267,30.250809953941918,29.88296398258473,29.944271087646484,6176300,0.0,0.0
2024-08-16 00:00:00-04:00,29.9705530851372,30.504803670243753,29.804145193455813,30.320878982543945,11470400,0.0,0.0
2024-08-19 00:00:00-04:00,30.434732186895996,30.97773942281181,30.373425079985505,30.968982696533203,6546200,0.0,0.0
2024-08-20 00:00:00-04:00,30.96460377209436,31.030290914990534,30.6624449193641,30.907676696777344,5619700,0.0,0.0
2024-08-21 00:00:00-04:00,30.90767819737591,31.15290664570837,30.846371085292795,31.03904914855957,5890400,0.0,0.0
2024-08-22 00:00:00-04:00,31.135387213050866,31.196694319940345,30.890158785492943,31.109113693237305,6178900,0.0,0.0
2024-08-23 00:00:00-04:00,31.266762268526083,31.47258042146149,31.20545516011811,31.45068359375,4385600,0.0,0.0
2024-08-26 00:00:00-04:00,31.529505881513572,31.808892550231242,31.415648397020732,31.468198776245117,5876100,0.0,0.0
2024-08-27 00:00:00-04:00,31.57329983835466,31.687157335990584,31.181809657950826,31.30179786682129,4753600,0.0,0.0
2024-08-28 00:00:00-04:00,31.21421133323607,31.310552027879734,30.881398935645244,30.995256423950195,6563500,0.0,0.0
2024-08-29 00:00:00-04:00,31.030290231346573,31.065323818917605,30.64055075733254,30.881399154663086,7532600,0.0,0.0
2024-08-30 00:00:00-04:00,30.828246387313868,31.421780487444703,30.828246387313868,31.38634490966797,9320200,0.4,0.0
2024-09-03 00:00:00-04:00,31.297763091489177,31.585667902255427,30.71751641872733,31.528087615966797,8673800,0.0,0.0
2024-09-04 00:00:00-04:00,31.50151245008368,31.979879287481626,31.50151245008368,31.953304290771484,7428400,0.0,0.0
2024-09-05 00:00:00-04:00,32.05960827691882,32.36080396964305,31.935587117442346,32.0064582824707,7691300,0.0,0.0
2024-09-06 00:00:00-04:00,32.068467147347334,32.13490801617771,31.74069647492659,31.749553680419922,5831900,0.0,0.0
2024-09-09 00:00:00-04:00,31.76726729046682,32.077320131778,31.643246153942346,31.93558120727539,6559000,0.0,0.0
2024-09-10 00:00:00-04:00,31.94444416282986,32.02417252499014,31.32876534699542,31.466073989868164,4669300,0.0,0.0
2024-09-11 00:00:00-04:00,31.457216283815225,31.457216283815225,30.92126578110296,31.14716339111328,6414500,0.0,0.0
2024-09-12 00:00:00-04:00,31.06743416590098,31.20031590444047,30.779525985280745,31.182598114013672,4608800,0.0,0.0
2024-09-13 00:00:00-04:00,31.271184715313343,31.54580540697632,31.200316930598344,31.528087615966797,5126800,0.0,0.0
2024-09-16 00:00:00-04:00,31.70525745193481,31.829278591313763,31.412919012550766,31.563518524169922,5390300,0.0,0.0
2024-09-17 00:00:00-04:00,31.519233300261114,31.752213994057794,31.01428465849645,31.040863037109375,7139600,0.0,0.0
2024-09-18 00:00:00-04:00,30.90797492159888,31.581237385855104,30.8902571326108,31.12944221496582,5392600,0.0,0.0
2024-09-19 00:00:00-04:00,31.102868223142703,31.226889370731975,30.88140092264106,30.996564865112305,7115400,0.0,0.0
2024-09-20 00:00:00-04:00,31.06743211316133,31.333192193357572,30.801672032965087,30.969985961914062,36463900,0.0,0.0
2024-09-23 00:00:00-04:00,30.916840957570344,31.058579915146254,30.58020966608132,30.721948623657227,7264400,0.0,0.0
2024-09-24 00:00:00-04:00,30.70422468592934,30.903543893483263,30.60677853847715,30.739660263061523,5001500,0.0,0.0
2024-09-25 00:00:00-04:00,30.783953512632205,30.872539077486245,30.500475649912055,30.580204010009766,6158300,0.0,0.0
2024-09-26 00:00:00-04:00,30.61564225178182,30.85482735288828,30.562488880650506,30.828248977661133,6024600,0.0,0.0
2024-09-27 00:00:00-04:00,30.961129381403037,31.660966864182303,30.94341159178957,31.333192825317383,8654200,0.0,0.0
2024-09-30 00:00:00-04:00,31.33319546690939,31.45278971205217,30.921266116805715,31.10287094116211,4977700,0.0,0.0
2024-10-01 00:00:00-04:00,31.138304800011767,31.253465366850232,30.881401912160552,31.15601921081543,6149800,0.0,0.0
2024-10-02 00:00:00-04:00,31.014280524230333,31.01605466878364,30.283441106603746,30.447324752807617,8097000,0.0,0.0
2024-10-03 00:00:00-04:00,30.181565563607084,30.314447304978014,30.040711999137276,30.270151138305664,6316400,0.0,0.0
2024-10-04 00:00:00-04:00,30.270148907929755,30.68650851284546,30.170931990194504,30.642215728759766,4808400,0.0,0.0
2024-10-07 00:00:00-04:00,30.677651307757444,30.72637438404855,30.46238506536462,30.642215728759766,5087500,0.0,0.0
2024-10-08 00:00:00-04:00,30.60678319258841,30.783957725868106,30.270151917289297,30.7042293548584,4695800,0.0,0.0
2024-10-09 00:00:00-04:00,30.721945759452332,30.952270276793804,30.544771234169588,30.713085174560547,4149000,0.0,0.0
2024-10-10 00:00:00-04:00,30.775101414879693,31.00099565654054,30.699799955002835,30.854829788208008,4226000,0.0,0.0
2024-10-11 00:00:00-04:00,30.996565957341552,31.2711832568737,30.900005183606172,31.200315475463867,5008400,0.0,0.0
2024-10-14 00:00:00-04:00,31.200313952361512,31.342052887584867,30.98770385986509,31.3243350982666,3823300,0.0,0.0
2024-10-15 00:00:00-04:00,31.404060631754124,32.12161244823374,31.38634284403182,31.643245697021484,5578800,0.0,0.0
2024-10-16 00:00:00-04:00,31.625526730693203,31.793840638798713,31.50150560058153,31.722972869873047,5026100,0.0,0.0
2024-10-17 00:00:00-04:00,31.784989545093914,31.8558573276428,31.63439001577767,31.847000122070312,5701300,0.0,0.0
2024-10-18 00:00:00-04:00,31.536941638891825,31.98873681572877,31.51922722899326,31.89129066467285,5503700,0.0,0.0
2024-10-21 00:00:00-04:00,31.90901042444606,32.16591331503629,31.253465700064602,31.43950080871582,8775500,0.0,0.0
2024-10-22 00:00:00-04:00,31.368628645434036,31.891291615415142,31.288900281222585,31.572378158569336,7665500,0.0,0.0
2024-10-23 00:00:00-04:00,31.33319458646743,31.5280869038471,31.098439774709025,31.4483585357666,5858100,0.0,0.0
2024-10-24 00:00:00-04:00,31.37748613561038,31.64324960494406,31.00542268545985,31.031997680664062,7983200,0.0,0.0
2024-10-25 00:00:00-04:00,30.925694948973877,31.085151682085293,30.65107426876578,30.77509880065918,7532900,0.0,0.0
2024-10-28 00:00:00-04:00,30.907980085902416,31.156022414534625,30.88140508764133,31.120590209960938,7061400,0.0,0.0
2024-10-29 00:00:00-04:00,30.94341292545083,31.06300378634257,30.801673981756963,30.828248977661133,7665100,0.0,0.0
2024-10-30 00:00:00-04:00,30.022110046625784,30.03097063204982,29.260261907672252,29.88037109375,14145600,0.0,0.0
2024-10-31 00:00:00-04:00,29.67661943365995,30.137271842328055,29.63232664768326,29.641183853149414,10352700,0.0,0.0
2024-11-01 00:00:00-04:00,29.685477167595327,29.782923326072584,29.51716322615834,29.667762756347656,5676500,0.0,0.0
2024-11-04 00:00:00-05:00,29.676619677780373,29.85379420246754,29.459582659183162,29.570316314697266,7130700,0.0,0.0
2024-11-05 00:00:00-05:00,29.588031625696303,29.769633048273747,29.251400394931828,29.685474395751953,7837500,0.0,0.0
2024-11-06 00:00:00-05:00,29.871510687983214,30.190424142624334,29.5614544384942,29.60574722290039,11607400,0.0,0.0
2024-11-07 00:00:00-05:00,29.56145375524714,29.667760490552357,29.047651385229603,29.07422637939453,8671100,0.0,0.0
2024-11-08 00:00:00-05:00,29.065370602940234,29.313412905530917,28.852760501203278,29.233684539794922,7751500,0.0,0.0
2024-11-11 00:00:00-05:00,29.189390501938746,29.347961844001656,28.7996058953642,28.817323684692383,8029800,0.0,0.0
2024-11-12 00:00:00-05:00,28.817324157202165,28.843902531291633,28.29466288074184,28.347814559936523,10450200,0.0,0.0
2024-11-13 00:00:00-05:00,28.285805742518797,28.48069806110474,28.16178458680885,28.462980270385742,7686100,0.0,0.0
2024-11-14 00:00:00-05:00,28.480698606131266,28.68444813431428,28.121920940682568,28.161785125732422,11067300,0.0,0.0
2024-11-15 00:00:00-05:00,28.197216326081488,28.197216326081488,26.930423110622716,27.585966110229492,17403500,0.0,0.0
2024-11-18 00:00:00-05:00,27.652409657047826,27.81629500042655,27.404365650847993,27.523958206176758,10885500,0.0,0.0
2024-11-19 00:00:00-05:00,27.21389922049093,27.39107372336566,26.9835730426183,27.08987808227539,14515400,0.0,0.0
2024-11-20 00:00:00-05:00,27.08988410236448,27.469922802724298,27.076596603077487,27.35564422607422,11972200,0.0,0.0
2024-11-21 00:00:00-05:00,27.284770780335066,27.59482533936053,27.19618521175186,27.54167366027832,14034400,0.0,0.0
2024-11-22 00:00:00-05:00,27.60368590096621,28.20164697331707,27.50623974204682,28.179500579833984,12404100,0.0,0.0
2024-11-25 00:00:00-05:00,28.347814132035463,28.77746123066577,28.268085769616203,28.36553192138672,17343700,0.0,0.0
2024-11-26 00:00:00-05:00,28.31238057612699,28.4408320236088,28.1839308183067,28.321239471435547,8526900,0.0,0.0
2024-11-27 00:00:00-05:00,28.471834555669794,28.657866270153065,28.25213971813793,28.285802841186523,6704000,0.0,0.0
2024-11-29 00:00:00-05:00,28.43831278646174,28.81958284787024,28.33963039880903,28.680530548095703,5883800,0.4,0.0
2024-12-02 00:00:00-05:00,28.474197709027006,28.590822666260504,28.178152241499298,28.357574462890625,13137000,0.0,0.0
2024-12-03 00:00:00-05:00,28.31271762180678,28.465225994343037,28.079469421980907,28.21403694152832,13276000,0.0,0.0
2024-12-04 00:00:00-05:00,28.034613978478216,28.09741124001448,27.747539805114126,27.81033706665039,9816800,0.0,0.0
2024-12-05 00:00:00-05:00,27.73856646546538,27.84622012803892,27.478404445719185,27.729595184326172,10090200,0.0,0.0
2024-12-06 00:00:00-05:00,27.765481177511635,27.846220999193466,27.518775216207725,27.63988494873047,11873000,0.0,0.0
2024-12-09 00:00:00-05:00,27.684745374424043,28.98555228047556,27.58606297557818,28.456256866455078,13818500,0.0,0.0
2024-12-10 00:00:00-05:00,28.330662658824338,28.626708147695158,28.0884431558126,28.33963394165039,12112200,0.0,0.0
2024-12-11 00:00:00-05:00,28.33065975103036,28.536994101560193,28.04358557445023,28.070499420166016,9497600,0.0,0.0
2024-12-12 00:00:00-05:00,28.214035874931255,28.456253636546258,27.935931275403952,28.30374526977539,9055600,0.0,0.0
2024-12-13 00:00:00-05:00,28.276832001893364,28.693987173359865,28.115352359893823,28.429340362548828,7352700,0.0,0.0
2024-12-16 00:00:00-05:00,28.330658667708825,28.38448464598511,27.747539054940916,27.783422470092773,12778800,0.0,0.0
2024-12-17 00:00:00-05:00,27.639886710834222,28.214036780630238,27.60400329396408,28.03461456298828,11668000,0.0,0.0
2024-12-18 00:00:00-05:00,27.586060737032263,27.630915435905678,26.993969814198362,27.182361602783203,19036400,0.0,0.0
2024-12-19 00:00:00-05:00,27.083680958547454,27.334870010323204,26.958084721562496,27.002941131591797,13772400,0.0,0.0
2024-12-20 00:00:00-05:00,26.94014761182724,27.51429605120026,26.922205045322503,27.379730224609375,20432000,0.0,0.0
2024-12-23 00:00:00-05:00,27.28104442456355,27.415610234406532,27.1330225470654,27.325899124145508,7712900,0.0,0.0
2024-12-24 00:00:00-05:00,27.25412708703753,27.5187738873042,27.141988641349908,27.487375259399414,4005700,0.0,0.0
2024-12-26 00:00:00-05:00,27.37972696366656,27.568118756236757,27.307958417292614,27.406639099121094,6380000,0.0,0.0
2024-12-27 00:00:00-05:00,27.3079582931315,27.65693312634142,27.245161029226953,27.523263931274414,6861700,0.0,0.0
2024-12-30 00:00:00-05:00,27.469435159943508,27.487376011310662,27.047793497522118,27.236186981201172,7009800,0.0,0.0
2024-12-31 00:00:00-05:00,27.290018166829046,27.586063659610243,27.26310431799539,27.55017852783203,6199500,0.0,0.0
2025-01-02 00:00:00-05:00,27.76368670423079,27.841734971691018,27.460464915960785,27.604001998901367,6056800,0.0,0.0
2025-01-03 00:00:00-05:00,27.6937145849174,27.716141934495877,27.370755275476718,27.460466384887695,7847900,0.0,0.0
2025-01-06 00:00:00-05:00,27.460467563621187,27.70717184176828,26.944629945688682,26.958086013793945,10835000,0.0,0.0
2025-01-07 00:00:00-05:00,26.88182963081442,27.209273702648918,26.65306623238816,26.706893920898438,8225300,0.0,0.0
2025-01-08 00:00:00-05:00,26.742779233314025,26.760721797424104,26.222456851801375,26.608213424682617,7934600,0.0,0.0
2025-01-10 00:00:00-05:00,26.40187912188148,26.406363907369144,25.567568711213706,25.576539993286133,14245400,0.0,0.0
2025-01-13 00:00:00-05:00,25.70213685910371,26.034067481602193,25.549628472187745,25.818761825561523,14996000,0.0,0.0
2025-01-14 00:00:00-05:00,25.827730720953955,25.921028289959697,25.594482520696875,25.75596046447754,10439400,0.0,0.0
2025-01-15 00:00:00-05:00,25.85464272008072,26.016122374109344,25.495799995071042,25.773902893066406,9317000,0.0,0.0
2025-01-16 00:00:00-05:00,25.594482084130664,26.04303591287472,25.450944995820333,25.989208221435547,7491400,0.0,0.0
2025-01-17 00:00:00-05:00,26.155173663080436,26.428790053896865,26.0609760611566,26.25834083557129,8067200,0.0,0.0
2025-01-21 00:00:00-05:00,26.348052795421506,26.751750216810333,26.321138949556754,26.446733474731445,8598200,0.0,0.0
2025-01-22 00:00:00-05:00,26.31216664550736,26.417128758095863,26.034063760096114,26.07891845703125,8637700,0.0,0.0
2025-01-23 00:00:00-05:00,26.087889738637678,26.20451297732723,25.984722566809264,26.07891845703125,5972800,0.0,0.0
2025-01-24 00:00:00-05:00,26.168629266522526,26.39290617085985,26.034063466139532,26.29422378540039,9830100,0.0,0.0
2025-01-27 00:00:00-05:00,26.64409942370671,27.48737943127608,26.64409942370671,27.092653274536133,10534300,0.0,0.0
2025-01-28 00:00:00-05:00,26.944628514453676,27.146478080796676,26.374964943262135,26.5454158782959,8273000,0.0,0.0
2025-01-29 00:00:00-05:00,26.61269992125868,26.77417786495812,26.527473597284352,26.608213424682617,5710100,0.0,0.0
2025-01-30 00:00:00-05:00,26.823518330956563,27.200303611532014,26.599241418973488,27.15544891357422,9714200,0.0,0.0
2025-01-31 00:00:00-05:00,26.913230466902835,27.101622258844543,26.697924828499268,26.76969337463379,7489800,0.0,0.0
2025-02-03 00:00:00-05:00,26.554387182087403,26.697924271361085,26.00176784839636,26.26731300354004,9096000,0.0,0.0
2025-02-04 00:00:00-05:00,26.114804202961352,26.150687619141298,25.585510553305053,25.746990203857422,11292700,0.0,0.0
2025-02-05 00:00:00-05:00,25.693162363085566,25.76493090612391,25.39711690916527,25.666250228881836,17803700,0.0,0.0
2025-02-06 00:00:00-05:00,25.921925904405892,26.08789034020934,25.746990186789144,26.02509307861328,8689300,0.0,0.0
2025-02-07 00:00:00-05:00,26.141714540384264,26.316650246092195,25.890525511099824,26.28525161743164,7770000,0.0,0.0
2025-02-10 00:00:00-05:00,26.141717619286602,26.173116251645208,25.751476252046018,25.98023796081543,9991700,0.0,0.0
2025-02-11 00:00:00-05:00,25.984724589168238,26.6037293794121,25.818760144275025,26.53644561767578,9280500,0.0,0.0
2025-02-12 00:00:00-05:00,24.697373060059512,25.85464098441344,24.44618231386707,25.675220489501953,19137900,0.0,0.0
2025-02-13 00:00:00-05:00,25.401603244704,26.303195667856087,25.190782402259245,26.240398406982422,14620700,0.0,0.0
2025-02-14 00:00:00-05:00,26.20900185356749,26.54541724441996,25.87258646271502,25.944355010986328,9271900,0.0,0.0
2025-02-18 00:00:00-05:00,25.702137488570873,26.410853454271898,25.675225350342473,26.303199768066406,11786200,0.0,0.0
2025-02-19 00:00:00-05:00,26.330110403723246,26.85043278283208,26.213485448643613,26.724838256835938,9573300,0.0,0.0
2025-02-20 00:00:00-05:00,26.751749772991193,27.13302154981293,26.738293705830593,27.056766510009766,8641100,0.0,0.0
2025-02-21 00:00:00-05:00,27.200303284474433,28.07498357291065,27.119563460243583,27.926959991455078,14717900,0.0,0.0
2025-02-24 00:00:00-05:00,27.94490346683358,28.640161566091404,27.783423813102043,28.133296966552734,12637600,0.0,0.0
2025-02-25 00:00:00-05:00,28.258890871644514,28.61324880276176,28.097411221459588,28.465225219726562,10326600,0.0,0.0
2025-02-26 00:00:00-05:00,28.267859933485248,28.326172405049697,27.402150985500437,27.46943473815918,10462700,0.0,0.0
2025-02-27 00:00:00-05:00,27.397670556532514,27.73857073683175,27.119565931683546,27.49635124206543,10348300,0.0,0.0
2025-02-28 00:00:00-05:00,27.702686915694905,27.864166586502332,27.438040057671014,27.55017852783203,12186600,0.0,0.0
2025-03-03 00:00:00-05:00,27.541210048229754,28.160213196077322,27.49635363172805,28.097415924072266,8911000,0.0,0.0
2025-03-04 00:00:00-05:00,28.42934196051742,28.63567630973814,27.765482503613548,27.792394638061523,13271600,0.0,0.0
2025-03-05 00:00:00-05:00,27.65782781657482,28.276832552596115,27.595030557040207,27.80136489868164,9295400,0.0,0.0
2025-03-06 00:00:00-05:00,27.846221626560602,28.321687574846855,27.648856853070903,28.061527252197266,9692800,0.0,0.0
2025-03-07 00:00:00-05:00,28.12513886050025,29.706324008453183,28.00700322228946,29.242874145507812,15742600,0.4,0.0
2025-03-10 00:00:00-04:00,29.48823147064091,30.306084789790326,29.224699454532768,29.279224395751953,14768900,0.0,0.0
2025-03-11 00:00:00-04:00,29.188349370920808,29.306485009803833,28.179662228270974,28.26144790649414,14230100,0.0,0.0
2025-03-12 00:00:00-04:00,27.866151202110764,28.18874929848416,27.293651463077623,27.53446388244629,13434500,0.0,0.0
2025-03-13 00:00:00-04:00,27.571724495001025,28.022453987168362,27.370896667458492,27.434507369995117,10891600,0.0,0.0
2025-03-14 00:00:00-04:00,27.37998063645659,27.738928701050085,27.34363240877935,27.470853805541992,9850500,0.0,0.0
2025-03-17 00:00:00-04:00,27.479940682863614,27.988827991825485,27.4617657027996,27.86160659790039,9934900,0.0,0.0
2025-03-18 00:00:00-04:00,27.988827502969936,28.07061317856802,27.598075837987555,27.616249084472656,7070300,0.0,0.0
2025-03-19 00:00:00-04:00,27.420875547397248,27.62533975997031,27.016491734342566,27.161888122558594,14547100,0.0,0.0
2025-03-20 00:00:00-04:00,27.211867507205646,27.39815673144099,26.980142563210116,26.998315811157227,13811600,0.0,0.0
2025-03-21 00:00:00-04:00,26.898355077568183,27.19823531435942,26.702978375827975,26.82565689086914,25261700,0.0,0.0
2025-03-24 00:00:00-04:00,26.571210330214328,26.780217384265367,26.298592584344394,26.4621639251709,13803900,0.0,0.0
2025-03-25 00:00:00-04:00,26.46216759586159,26.56667113738328,26.289508741787593,26.443992614746094,9391200,0.0,0.0
2025-03-26 00:00:00-04:00,26.507603480998288,27.107363995463885,26.489428499769243,26.98014259338379,8242600,0.0,0.0
2025-03-27 00:00:00-04:00,27.134624529768853,27.379979825795008,27.05283885333964,27.325456619262695,8163800,0.0,0.0
2025-03-28 00:00:00-04:00,27.47994041442871,27.629881398599885,27.311826183632544,27.47994041442871,8253600,0.0,0.0
2025-03-31 00:00:00-04:00,27.598076128165285,27.961567060611177,27.520833330060945,27.652599334716797,8892100,0.0,0.0
2025-04-01 00:00:00-04:00,27.743474897839526,27.888871283378347,27.37089644323859,27.570816040039062,8155500,0.0,0.0
2025-04-02 00:00:00-04:00,27.61624962885871,27.76164600317444,27.30273902172695,27.379980087280273,8376200,0.0,0.0
2025-04-03 00:00:00-04:00,27.670772410536795,28.27962033045988,27.62533496381933,27.997913360595703,11922600,0.0,0.0
2025-04-04 00:00:00-04:00,27.61624833391449,28.306881946160686,26.9437897009209,26.971052169799805,16750600,0.0,0.0
2025-04-07 00:00:00-04:00,26.289506782797822,27.0164886406298,25.844230178218055,25.926015853881836,19681100,0.0,0.0
2025-04-08 00:00:00-04:00,26.162286802689916,26.271333220618043,24.95367658227867,25.16268539428711,18099600,0.0,0.0
2025-04-09 00:00:00-04:00,25.080900229792807,26.593931875794926,24.7719324838758,26.443992614746094,18620800,0.0,0.0
2025-04-10 00:00:00-04:00,26.371293065296612,26.580300137575122,25.694289786336984,26.207721710205078,11696600,0.0,0.0
2025-04-11 00:00:00-04:00,26.462165881019757,26.857462161726367,26.130478563572094,26.652997970581055,9710500,0.0,0.0
2025-04-14 00:00:00-04:00,26.752960023535167,27.161886693911097,26.662086852364432,27.080101013183594,8231100,0.0,0.0
2025-04-15 00:00:00-04:00,27.17097228380254,27.266388326889953,26.69389033510404,26.734783172607422,7747100,0.0,0.0
2025-04-16 00:00:00-04:00,26.898354154467675,26.94378986962225,26.0532366798057,26.180458068847656,8217900,0.0,0.0
2025-04-17 00:00:00-04:00,26.33494427867439,26.871094085031924,26.207722878271444,26.771133422851562,7779500,0.0,0.0
2025-04-21 00:00:00-04:00,26.86200538414756,27.243671301420292,26.710247939573144,27.20732307434082,6921200,0.0,0.0
2025-04-22 00:00:00-04:00,27.216411915259506,27.64351357089531,27.107363762085686,27.443593978881836,8982500,0.0,0.0
2025-04-23 00:00:00-04:00,27.37997806129472,27.63896717547102,27.043749620541934,27.343629837036133,7552400,0.0,0.0
2025-04-24 00:00:00-04:00,27.36180913624556,27.370896627060475,26.762048608554544,26.93470573425293,8345500,0.0,0.0
2025-04-25 00:00:00-04:00,26.939246738386235,27.025575289673665,26.616648657339013,26.79839324951172,8152700,0.0,0.0
2025-04-28 00:00:00-04:00,26.70752033764331,26.771131032164288,26.089584905277075,26.180458068847656,19240300,0.0,0.0
2025-04-29 00:00:00-04:00,26.257705120170357,26.430362252349823,25.91693200149687,26.234987258911133,12555100,0.0,0.0
2025-04-30 00:00:00-04:00,26.43944800283642,26.61665146882009,26.116849887713595,26.443992614746094,8557800,0.0,0.0
2025-05-01 00:00:00-04:00,26.25770411445895,26.298596956463975,25.798795361595694,25.89875602722168,9696200,0.0,0.0
2025-05-02 00:00:00-04:00,25.99871353782756,26.16682776421967,25.835142189657315,26.02597427368164,8674700,0.0,0.0
2025-05-05 00:00:00-04:00,25.989628719887424,26.039609051773198,25.771534144327195,25.980541229248047,7861100,0.0,0.0
2025-05-06 00:00:00-04:00,25.953274856113982,26.107758707238645,25.75789816988981,25.807878494262695,6381500,0.0,0.0
2025-05-07 00:00:00-04:00,25.853319841450165,25.871493089477593,25.489827148715804,25.653398513793945,8767300,0.0,0.0
2025-05-08 00:00:00-04:00,25.68065853851568,25.975994156641626,25.627951791104742,25.889665603637695,8218100,0.0,0.0
2025-05-09 00:00:00-04:00,25.735183386695592,25.771533348130095,25.471653099341708,25.50800132751465,6662400,0.0,0.0
2025-05-12 00:00:00-04:00,25.553441087725965,25.871494612702005,25.262646569765177,25.58070182800293,16321600,0.0,0.0
2025-05-13 00:00:00-04:00,25.58070093891032,25.61705090236517,24.90915044345839,25.071813583374023,14980300,0.0,0.0
2025-05-14 00:00:00-04:00,25.040006060793193,25.044548939200315,24.66288302232647,24.69014549255371,12003800,0.0,0.0
2025-05-15 00:00:00-04:00,24.835541584728674,24.999112937708418,24.6810577217213,24.980937957763672,9242900,0.0,0.0
2025-05-16 00:00:00-04:00,24.962763313302275,25.244470306447347,24.840084796918745,25.208120346069336,8897100,0.0,0.0
2025-05-19 00:00:00-04:00,25.262642315944362,25.35351547917668,25.03546027449428,25.33534049987793,9664300,0.0,0.0
2025-05-20 00:00:00-04:00,25.335340645596716,25.54889232043171,25.2808174406483,25.353515625,9569800,0.0,0.0
2025-05-21 00:00:00-04:00,25.544351491332403,25.544351491332403,24.190346615877825,24.199432373046875,21072900,0.0,0.0
2025-05-22 00:00:00-04:00,24.208520229554402,24.208520229554402,23.790506062994027,24.081298828125,16284400,0.0,0.0
2025-05-23 00:00:00-04:00,24.072208316856457,24.099470785139555,23.636019223895175,23.89954948425293,10300100,0.0,0.0
2025-05-27 00:00:00-04:00,24.063122680800713,24.385720780654736,23.972249512785933,24.38117790222168,11200900,0.0,0.0
2025-05-28 00:00:00-04:00,24.376636496235154,24.42661509506375,24.040406274249275,24.11764907836914,9098200,0.0,0.0
2025-05-29 00:00:00-04:00,24.126733451524846,24.562924312664926,24.117647694631206,24.553836822509766,12539100,0.0,0.0
2025-05-30 00:00:00-04:00,24.507718983331927,24.802881297429792,24.45237648926512,24.65530014038086,17519500,0.4,0.0
2025-06-02 00:00:00-04:00,24.58150693563613,24.664521547520373,24.286344653072586,24.563058853149414,10484200,0.0,0.0
2025-06-03 00:00:00-04:00,24.443149941661762,24.830550879033925,24.18488206364499,24.710641860961914,13357100,0.0,0.0
2025-06-04 00:00:00-04:00,24.775207556017858,24.885892529077754,24.609178337122092,24.627626419067383,14246900,0.0,0.0
2025-06-05 00:00:00-04:00,24.59073122855482,24.66452179995092,24.360135473028755,24.553836822509766,11698200,0.0,0.0
2025-06-06 00:00:00-04:00,24.646076098152033,24.821329381887452,24.510486371931194,24.65530014038086,6556200,0.0,0.0
2025-06-09 00:00:00-04:00,24.63223821985391,24.678356666646827,24.215321408833372,24.424701690673828,12632800,0.0,0.0
2025-06-10 00:00:00-04:00,24.44314849386887,24.729086719493385,24.31401544216216,24.52616310119629,10787200,0.0,0.0
2025-06-11 00:00:00-04:00,24.470820752109645,24.576894582216358,24.263284232637428,24.36935806274414,10180000,0.0,0.0
2025-06-12 00:00:00-04:00,24.3509113262164,24.415477855995075,24.13876365428477,24.406253814697266,7437400,0.0,0.0
2025-06-13 00:00:00-04:00,24.369360271187972,24.719865056378318,24.018855485997623,24.055749893188477,12764200,0.0,0.0
2025-06-16 00:00:00-04:00,24.09264390806871,24.175656756661102,23.548437815982556,23.788257598876953,13461200,0.0,0.0
2025-06-17 00:00:00-04:00,23.815928374339137,24.078807384133434,23.696019360468693,23.751361846923828,13994300,0.0,0.0
2025-06-18 00:00:00-04:00,23.705244270951532,23.954286348787612,23.599168675671546,23.686796188354492,12394900,0.0,0.0
2025-06-20 00:00:00-04:00,23.78364444811469,24.088030754097836,23.631452174776054,23.7974796295166,24954300,0.0,0.0
2025-06-23 00:00:00-04:00,23.8159263356274,24.05574610214495,23.631450810133277,23.908164978027344,15043900,0.0,0.0
2025-06-24 00:00:00-04:00,23.93122483202689,24.074194819495116,23.78825660386448,24.009628295898438,13082700,0.0,0.0
2025-06-25 00:00:00-04:00,23.981959728478948,24.01424299506126,23.691408569932058,23.7329158782959,17547400,0.0,0.0
2025-06-26 00:00:00-04:00,23.834376043573382,24.166434475166533,23.700630090925486,23.788257598876953,16071000,0.0,0.0
2025-06-27 00:00:00-04:00,23.843600325973075,23.908166852924666,23.465423445851556,23.622228622436523,34119300,0.0,0.0
2025-06-30 00:00:00-04:00,23.63606500454011,23.862049619653767,23.520767126469185,23.815929412841797,18624300,0.0,0.0
2025-07-01 00:00:00-04:00,23.8482127146891,24.77981978205381,23.8251534909006,24.544612884521484,23442300,0.0,0.0
2025-07-02 00:00:00-04:00,24.590733389888296,25.015030532187776,24.44776337554603,24.959686279296875,17011600,0.0,0.0
2025-07-03 00:00:00-04:00,24.987353700940204,25.042696184104663,24.51232705522479,24.590728759765625,9176900,0.0,0.0
2025-07-07 00:00:00-04:00,24.535389501811945,24.59995603387548,23.963511236252263,24.055749893188477,13326600,0.0,0.0
2025-07-08 00:00:00-04:00,24.037301410874825,24.57228350105587,23.926616431833793,24.378583908081055,12625400,0.0,0.0
2025-07-09 00:00:00-04:00,24.406254066144452,24.507716762159685,24.028077165568046,24.397031784057617,13838800,0.0,0.0
2025-07-10 00:00:00-04:00,24.11109142836977,24.67374563001341,23.84360126908911,24.415477752685547,15835900,0.0,0.0
2025-07-11 00:00:00-04:00,24.240225787638767,25.43009893859238,23.926615428003192,25.03347396850586,52440900,0.0,0.0
2025-07-14 00:00:00-04:00,25.14416034991681,25.67914241015734,25.03347361776439,25.64224624633789,37271800,0.0,0.0
2025-07-15 00:00:00-04:00,25.614576604386908,25.771381786425195,24.978131835019052,25.01502799987793,20365000,0.0,0.0
2025-07-16 00:00:00-04:00,25.11648713577458,25.476217680160694,24.98735408662902,25.439321517944336,19950500,0.0,0.0
2025-07-17 00:00:00-04:00,25.55000918271112,25.96508046703894,25.48359714386854,25.946632385253906,17564500,0.0,0.0
2025-07-18 00:00:00-04:00,26.006589671528005,26.025037754660914,25.540787007911238,25.660696029663086,18389300,0.0,0.0
2025-07-21 00:00:00-04:00,25.789829397337428,25.845173647389302,25.3101915453636,25.34708595275879,17895800,0.0,0.0
2025-07-22 00:00:00-04:00,25.393207563639674,26.57293493796508,25.365535437085367,26.546186447143555,18294800,0.0,0.0
2025-07-23 00:00:00-04:00,26.656867569520994,26.887463312785545,26.518510475423444,26.693763732910156,12814400,0.0,0.0
2025-07-24 00:00:00-04:00,26.739886055105252,26.869019127079717,26.48623105259563,26.546186447143555,7411000,0.0,0.0
2025-07-25 00:00:00-04:00,26.518509777489296,26.57385226181059,26.16062474297949,26.453943252563477,8521600,0.0,0.0
2025-07-28 00:00:00-04:00,26.343255949033956,26.352479989436944,25.87284044431655,26.05731773376465,10067000,0.0,0.0
2025-07-29 00:00:00-04:00,26.057321554208674,26.39860406193369,26.029649428942513,26.343259811401367,14007100,0.0,0.0
2025-07-30 00:00:00-04:00,26.5507953090005,26.924361068532587,25.97430591674444,26.2786922454834,17783400,0.0,0.0
2025-07-31 00:00:00-04:00,25.877455176790374,25.877455176790374,25.291741764514637,25.328636169433594,17627100,0.0,0.0
2025-08-01 00:00:00-04:00,25.550010306572187,25.660695283539244,24.959683978625925,25.28251838684082,16940500,0.0,0.0
2025-08-04 00:00:00-04:00,25.10726482503485,25.134936948603645,24.549223527858917,24.719863891601562,14299500,0.0,0.0
2025-08-05 00:00:00-04:00,24.71986492413526,25.17644530590863,24.71986492413526,24.941238403320312,10630300,0.0,0.0
2025-08-06 00:00:00-04:00,24.95507277647937,25.269605018963304,24.7659843285935,25.144161224365234,9055100,0.0,0.0
2025-08-07 00:00:00-04:00,25.22717677981865,25.605353689730933,25.06114754926086,25.503890991210938,9892200,0.0,0.0
2025-08-08 00:00:00-04:00,25.47621744642396,25.729872401763757,25.393202841504632,25.605350494384766,9266500,0.0,0.0
2025-08-11 00:00:00-04:00,25.660695073981582,25.854396421051057,24.982742998197384,25.300966262817383,13917700,0.0,0.0
2025-08-12 00:00:00-04:00,25.32863568999721,25.59612759764666,25.098039945874266,25.227174758911133,13477600,0.0,0.0
2025-08-13 00:00:00-04:00,25.23640022398449,25.854396923482255,25.18105597557143,25.845172882080078,12530300,0.0,0.0
2025-08-14 00:00:00-04:00,25.697592346630376,25.71603867056543,25.379369068292593,25.503890991210938,15035300,0.0,0.0
2025-08-15 00:00:00-04:00,25.59612752738341,25.648702625027862,25.324024479693044,25.522336959838867,8136200,0.0,0.0
2025-08-18 00:00:00-04:00,25.466997458343204,25.476221500280424,25.0556136326125,25.15338706970215,7899700,0.0,0.0
2025-08-19 00:00:00-04:00,25.259457953004805,25.605351568239715,25.204115467172873,25.522336959838867,8281900,0.0,0.0
2025-08-20 00:00:00-04:00,25.651471137461623,25.854396526582313,25.17183330705359,25.2917423248291,8522400,0.0,0.0
2025-08-21 00:00:00-04:00,25.19489345740228,25.420876319028718,25.015029044469305,25.36553382873535,6098300,0.0,0.0
2025-08-22 00:00:00-04:00,25.494667671530227,25.9189648015602,25.47622134707283,25.882068634033203,10700000,0.0,0.0
2025-08-25 00:00:00-04:00,25.82672692023818,25.835950962397863,25.503892481873972,25.540788650512695,9780200,0.0,0.0
2025-08-26 00:00:00-04:00,25.45777012566065,25.586903177477407,25.199502262721264,25.55000877380371,17469900,0.0,0.0
2025-08-27 00:00:00-04:00,25.46699557036111,25.762157853246027,25.39320499963988,25.725261688232422,9144900,0.0,0.0
2025-08-28 00:00:00-04:00,25.743708974091167,25.780605137963008,25.25484535862484,25.494665145874023,11454100,0.0,0.0
2025-08-29 00:00:00-04:00,25.50964340738174,26.280847200564104,25.447872199442422,26.177894592285156,23601300,0.4,0.0
2025-09-02 00:00:00-04:00,26.018784558515218,26.121737157816984,24.18436746091341,24.352834701538086,43401000,0.0,0.0
2025-09-03 00:00:00-04:00,24.56809779903444,25.270043450435423,24.43706851535109,25.20452880859375,19076300,0.0,0.0
2025-09-04 00:00:00-04:00,25.22324727622979,25.499345964920785,25.012663228051906,25.23260498046875,13238800,0.0,0.0
2025-09-05 00:00:00-04:00,25.218567702722414,25.74736727153233,25.195169870857935,25.54146385192871,14754300,0.0,0.0
2025-09-08 00:00:00-04:00,25.401073127076558,25.410432616790175,24.830158535666907,25.176450729370117,17984200,0.0,0.0
2025-09-09 00:00:00-04:00,25.073499452030248,25.27004337698399,24.95182787312928,24.9611873626709,8218900,0.0,0.0
2025-09-10 00:00:00-04:00,24.905030565286566,25.01734086208638,24.644842842694352,24.942466735839844,13538200,0.0,0.0
2025-09-11 00:00:00-04:00,24.989266117298456,25.213888513447866,24.80207989460389,24.820798873901367,10763400,0.0,0.0
2025-09-12 00:00:00-04:00,24.867592427911426,24.867592427911426,24.37623086643715,24.45578384399414,17152300,0.0,0.0
2025-09-15 00:00:00-04:00,24.54938040063568,24.68041147789625,23.97846578129686,23.987823486328125,23134600,0.0,0.0
2025-09-16 00:00:00-04:00,23.98782114158866,24.380910764666563,23.96910394821546,24.268600463867188,18271400,0.0,0.0
2025-09-17 00:00:00-04:00,24.25924190883545,24.568097925637865,24.025260023829375,24.0814151763916,13239200,0.0,0.0
2025-09-18 00:00:00-04:00,24.081415854721627,24.540020148034777,24.015901210696917,24.40899085998535,21000700,0.0,0.0
2025-09-19 00:00:00-04:00,24.55405918424141,24.85823455871573,24.49322339529051,24.727205276489258,33012500,0.0,0.0
2025-09-22 00:00:00-04:00,24.689767837524414,24.820798907644793,24.577457531867086,24.689767837524414,14522400,0.0,0.0
2025-09-23 00:00:00-04:00,24.75528359231986,24.97990598266953,24.736564613505703,24.858234405517578,14222000,0.0,0.0
2025-09-24 00:00:00-04:00,24.78335961087176,25.129653569088013,24.736563950231194,25.026700973510742,13109500,0.0,0.0
2025-09-25 00:00:00-04:00,25.167091757363313,25.167091757363313,24.118853879836855,24.15629005432129,13950900,0.0,0.0
2025-09-26 00:00:00-04:00,24.17500746426914,24.474503981256717,24.16564797497077,24.380910873413086,15286100,0.0,0.0
2025-09-29 00:00:00-04:00,24.3949504152405,24.398693853842115,23.7276329468673,24.05333709716797,19230300,0.0,0.0
2025-09-30 00:00:00-04:00,24.06269562640391,24.455785255295858,23.862408265797967,24.371553421020508,23559700,0.0,0.0
2025-10-01 00:00:00-04:00,24.35751362747325,24.67572913069677,24.263920517382786,24.596176147460938,12862300,0.0,0.0
2025-10-02 00:00:00-04:00,24.52130308420199,24.628934540693823,24.19372807719109,24.39963150024414,10210700,0.0,0.0
2025-10-03 00:00:00-04:00,24.39962972240295,24.558737469349953,24.307909226962217,24.390270233154297,8737500,0.0,0.0
2025-10-06 00:00:00-04:00,24.249883429671577,24.296679094566645,23.62281188032064,23.650890350341797,12580300,0.0,0.0
2025-10-07 00:00:00-04:00,23.66960904078851,23.84556316643205,23.37011071964741,23.791278839111328,17810200,0.0,0.0
2025-10-08 00:00:00-04:00,23.6789640063064,23.74354322949621,23.351390823662367,23.473060607910156,11753500,0.0,0.0
2025-10-09 00:00:00-04:00,23.444984688328976,23.501141627288295,23.257800247218377,23.435626983642578,11100600,0.0,0.0
2025-10-10 00:00:00-04:00,23.482420976276305,23.6696071892041,23.379468380652018,23.538576126098633,9752700,0.0,0.0
2025-10-13 00:00:00-04:00,23.47306212623673,23.557295745833734,23.211001778030486,23.501140594482422,11558800,0.0,0.0
2025-10-14 00:00:00-04:00,23.44966335631718,23.838072333226513,23.435625015326483,23.809995651245117,11240000,0.0,0.0
2025-10-15 00:00:00-04:00,23.735125147458003,23.852116100613628,23.384152287991128,23.576017379760742,12688300,0.0,0.0
2025-10-16 00:00:00-04:00,23.627492556652403,23.80999814923881,23.435627474043585,23.519859313964844,13798400,0.0,0.0
2025-10-17 00:00:00-04:00,23.61345257956421,23.912949121629424,23.54325908165904,23.884872436523438,15967100,0.0,0.0
2025-10-20 00:00:00-04:00,23.94102476314989,24.221802291876013,23.89422910340887,24.062694549560547,10077600,0.0,0.0
2025-10-21 00:00:00-04:00,24.15629152045676,24.203088972827825,23.90359241821413,23.941028594970703,12593600,0.0,0.0
2025-10-22 00:00:00-04:00,23.903589615233827,24.287319753978235,23.7959563799718,23.997180938720703,8860300,0.0,0.0
2025-10-23 00:00:00-04:00,23.97846327479705,24.00653995723639,23.627490463184998,23.781917572021484,11379600,0.0,0.0
2025-10-24 00:00:00-04:00,23.92230675295027,23.9597447103696,23.594731766091417,23.632169723510742,8618800,0.0,0.0
2025-10-27 00:00:00-04:00,23.64153002855778,23.987822220934184,23.64153002855778,23.95038604736328,12261300,0.0,0.0
2025-10-28 00:00:00-04:00,23.856793966277248,24.02526121747398,23.683647862609583,23.884872436523438,16389600,0.0,0.0
2025-10-29 00:00:00-04:00,23.407548416039972,23.604092346153223,22.560533334259173,22.817913055419922,44944200,0.0,0.0
2025-10-30 00:00:00-04:00,22.761758860940702,23.187605845936666,22.555855432364048,23.00510025024414,30901900,0.0,0.0
2025-10-31 00:00:00-04:00,22.799196532385853,23.379470635166594,22.659743165186374,23.145488739013672,30484300,0.0,0.0
2025-11-03 00:00:00-05:00,23.098691242383136,23.10805073170398,22.36398828952752,22.771116256713867,20122500,0.0,0.0
2025-11-04 00:00:00-05:00,22.789833727200953,22.83195053378757,22.499696718015347,22.621366500854492,19216100,0.0,0.0
2025-11-05 00:00:00-05:00,22.58392893276913,22.78047462858557,22.4388613182622,22.59328842163086,19613700,0.0,0.0
2025-11-06 00:00:00-05:00,22.57457348588224,22.855351039244347,22.1814838400912,22.2002010345459,29327100,0.0,0.0
2025-11-07 00:00:00-05:00,22.368667899671873,22.743038559492383,22.23295797763065,22.724321365356445,18904800,0.0,0.0
2025-11-10 00:00:00-05:00,22.74303892226152,22.864710504356516,22.541814354684536,22.817913055419922,23012800,0.0,0.0
2025-11-11 00:00:00-05:00,22.892788759177282,23.11273232141851,22.799197425163396,23.08933448791504,15282100,0.0,0.0
2025-11-12 00:00:00-05:00,23.112729253189173,23.20164350789532,22.799194398556008,23.16420555114746,12984700,0.0,0.0
2025-11-13 00:00:00-05:00,23.145487295760088,23.594732079927073,23.126768316801442,23.360750198364258,17991000,0.0,0.0
2025-11-14 00:00:00-05:00,23.43094523932129,23.54793617891652,23.02381726936911,23.25779914855957,19863400,0.0,0.0
2025-11-17 00:00:00-05:00,23.30459617408967,23.342034133818185,22.892787542776855,22.920866012573242,14016300,0.0,0.0
2025-11-18 00:00:00-05:00,22.958302734141903,23.482421646093762,22.80855447358423,23.37010955810547,15670600,0.0,0.0
2025-11-19 00:00:00-05:00,23.31863594447131,23.393510077641594,23.17356653045507,23.313955307006836,9803400,0.0,0.0
2025-11-20 00:00:00-05:00,23.34203274548496,23.60409130743721,23.26715861562145,23.37946891784668,14973300,0.0,0.0
2025-11-21 00:00:00-05:00,23.463703862215866,23.898910324482397,23.276519419555743,23.66960906982422,11876300,0.0,0.0
2025-11-24 00:00:00-05:00,23.660248451316217,23.678965645091292,23.388828612466657,23.61345100402832,22402800,0.0,0.0
2025-11-25 00:00:00-05:00,23.688324078859058,23.969103394653036,23.6508879078372,23.809995651245117,12690400,0.0,0.0
2025-11-26 00:00:00-05:00,23.72576352184984,24.114172523099704,23.70704454259584,23.959745407104492,9517900,0.0,0.0
2025-11-28 00:00:00-05:00,23.940729499962735,24.302026442292636,23.893189235527444,24.254487991333008,6295200,0.4,0.0
2025-12-01 00:00:00-05:00,24.149902198632653,24.22596481132615,23.85515980112981,24.121379852294922,12954800,0.0,0.0
2025-12-02 00:00:00-05:00,24.130885092183583,24.130885092183583,23.4177974476767,23.731555938720703,14911800,0.0,0.0
2025-12-03 00:00:00-05:00,23.72205025792985,24.03580875636229,23.63647959349594,23.798112869262695,13351600,0.0,0.0
2025-12-04 00:00:00-05:00,23.779095607697403,23.902696665054435,23.332228014513525,23.3797664642334,11029900,0.0,0.0
2025-12-05 00:00:00-05:00,23.322722067110316,23.547107051915496,23.113548517120268,23.142072677612305,9376300,0.0,0.0
2025-12-08 00:00:00-05:00,23.056501272849758,23.44632238640545,23.056501272849758,23.3037052154541,11198500,0.0,0.0
2025-12-09 00:00:00-05:00,23.351241690241906,23.44632040064881,22.885358004071215,23.03748321533203,10096300,0.0,0.0
2025-12-10 00:00:00-05:00,23.104038639465013,23.213380339313627,22.99945368620317,23.151578903198242,11200600,0.0,0.0
2025-12-11 00:00:00-05:00,23.18010147474822,23.389275010269646,23.046992361944152,23.18960952758789,13562200,0.0,0.0
2025-12-12 00:00:00-05:00,23.25616456475585,23.53189266237933,23.180101953941733,23.246658325195312,11339600,0.0,0.0
2025-12-15 00:00:00-05:00,23.28468902935856,23.41779814666073,23.203873297703876,23.29419708251953,13604300,0.0,0.0
2025-12-16 00:00:00-05:00,23.5176311374744,23.693525582321996,23.246657977163682,23.4653377532959,18730900,0.0,0.0
2025-12-17 00:00:00-05:00,23.4653363164345,23.72204828842289,23.427304107187826,23.531890869140625,14094300,0.0,0.0
2025-12-18 00:00:00-05:00,23.446320211811162,23.750570631882347,23.389273711416703,23.531890869140625,13212400,0.0,0.0
2025-12-19 00:00:00-05:00,23.40829198710709,23.541401104864924,23.251411829627603,23.3037052154541,22737700,0.0,0.0
2025-12-22 00:00:00-05:00,23.17059550450365,23.27518046000343,22.913883515277895,22.961421966552734,13465700,0.0,0.0
2025-12-23 00:00:00-05:00,22.97853653048214,22.97853653048214,22.43849252397539,22.533571243286133,13899700,0.0,0.0
2025-12-24 00:00:00-05:00,22.47652130837901,22.866342397411085,22.47652130837901,22.837820053100586,5694800,0.0,0.0
2025-12-26 00:00:00-05:00,22.809296587261624,22.97568479251475,22.77126618920206,22.942405700683594,9076700,0.0,0.0
2025-12-29 00:00:00-05:00,22.961422669613217,23.256165066188487,22.91863733676554,23.056501388549805,15485700,0.0,0.0
2025-12-30 00:00:00-05:00,23.004207348201227,23.332228828529452,22.980438122512027,23.227642059326172,10109500,0.0,0.0
2025-12-31 00:00:00-05:00,23.22764271994052,23.256165066188487,23.04224021542582,23.056501388549805,9930700,0.0,0.0
2026-01-02 00:00:00-05:00,23.0945326261425,23.34648967922896,22.875851037781405,23.18960952758789,12839500,0.0,0.0
2026-01-05 00:00:00-05:00,23.11354845973092,23.16108872709961,22.56209405258454,22.600126266479492,18653000,0.0,0.0
2026-01-06 00:00:00-05:00,22.65717096519573,22.65717096519573,22.30538026865286,22.352920532226562,16590800,0.0,0.0
2026-01-07 00:00:00-05:00,22.447999622410403,22.505046126180037,21.858513038538682,21.87752914428711,19272100,0.0,0.0
2026-01-08 00:00:00-05:00,21.858514005846995,22.419476455920435,21.782451392962923,22.276859283447266,15058900,0.0,0.0
2026-01-09 00:00:00-05:00,22.295873400503687,22.476520956561256,22.03440649191273,22.267349243164062,12199600,0.0,0.0
2026-01-12 00:00:00-05:00,22.305381310344725,22.4860306934101,22.21505752554989,22.238826751708984,12955400,0.0,0.0
2026-01-13 00:00:00-05:00,22.238825713125312,22.48127652366211,22.21981142117146,22.352920532226562,8219500,0.0,0.0
2026-01-14 00:00:00-05:00,22.343412322036997,23.275179719806946,22.33390426938927,23.12305450439453,16922600,0.0,0.0
2026-01-15 00:00:00-05:00,23.04224013574892,23.118302747940028,22.828313472250258,23.046993255615234,11696200,0.0,0.0
2026-01-16 00:00:00-05:00,22.666681112941145,22.723727621026637,22.34341454466369,22.371938705444336,14774000,0.0,0.0
2026-01-20 00:00:00-05:00,22.257843517037703,22.75700453506065,22.0534249017608,22.590618133544922,17947000,0.0,0.0
2026-01-21 00:00:00-05:00,21.135916932631503,21.677863241651448,20.902975988882886,21.297550201416016,40776200,0.0,0.0
2026-01-22 00:00:00-05:00,21.192965528354847,21.658849235473724,21.154933317091768,21.6018009185791,18640500,0.0,0.0
2026-01-23 00:00:00-05:00,21.563770092257176,22.09620834502971,21.554262039630355,22.058177947998047,14248200,0.0,0.0
2026-01-26 00:00:00-05:00,22.058178612101358,22.56209272216473,22.058178612101358,22.419475555419922,14882800,0.0,0.0
2026-01-27 00:00:00-05:00,22.371937964500596,22.73323492171053,22.30538159155006,22.533571243286133,19464400,0.0,0.0
2026-01-28 00:00:00-05:00,22.51455351122701,22.680939897901272,21.858512390170947,22.048669815063477,14190500,0.0,0.0
2026-01-29 00:00:00-05:00,22.103813577645514,22.314887626301555,21.84900393864445,22.001129150390625,18069900,0.0,0.0
2026-01-30 00:00:00-05:00,22.05817967984669,22.590617974422425,21.915560692722618,22.57160186767578,21990800,0.0,0.0
2026-02-02 00:00:00-05:00,22.57160215002752,22.619142417488817,22.115226463253727,22.343414306640625,11862000,0.0,0.0
2026-02-03 00:00:00-05:00,22.162761833159617,22.894865528905033,22.12473143795851,22.695201873779297,17525500,0.0,0.0
2026-02-04 00:00:00-05:00,22.771266696903155,23.512876703618165,22.714218378328383,23.27518081665039,17932000,0.0,0.0
2026-02-05 00:00:00-05:00,23.451076844117342,23.607955184939385,22.970930141699167,23.24190330505371,13121600,0.0,0.0
2026-02-06 00:00:00-05:00,23.199119284420565,23.52714078431781,23.199119284420565,23.42730712890625,11515100,0.0,0.0
2026-02-09 00:00:00-05:00,23.365507118694126,23.473894937607085,23.156333571232334,23.37026023864746,13291300,0.0,0.0
2026-02-10 00:00:00-05:00,23.37025861526178,23.93597415115105,23.180101187773882,23.674509048461914,22418900,0.0,0.0
2026-02-11 00:00:00-05:00,22.628647422363535,23.959745823011946,22.409967644405118,23.760080337524414,37706800,0.0,0.0
2026-02-12 00:00:00-05:00,23.265671667159218,23.54615287310254,22.98994539427757,23.12305450439453,18694800,0.0,0.0
2026-02-13 00:00:00-05:00,23.14587482580299,23.698279478668333,23.094533514664292,23.579431533813477,13890000,0.0,0.0
2026-02-17 00:00:00-05:00,23.517630670428403,23.655492900962624,22.291119073610805,22.60963249206543,20757700,0.0,0.0
2026-02-18 00:00:00-05:00,22.62389483292906,22.951914507555614,22.286367105106354,22.77126693725586,15717100,0.0,0.0
2026-02-19 00:00:00-05:00,22.780771496812175,23.051746459227864,22.609631992330726,22.809295654296875,11356700,0.0,0.0
2026-02-20 00:00:00-05:00,22.904375275377717,23.237149872012445,22.73798888379818,23.19911766052246,13444800,0.0,0.0
2026-02-23 00:00:00-05:00,23.104039962225183,23.465338733380396,23.018469296081882,23.332229614257812,11359400,0.0,0.0
2026-02-24 00:00:00-05:00,23.398782003937765,23.788603085340277,23.170594186541827,23.560415267944336,13878400,0.0,0.0
2026-02-25 00:00:00-05:00,23.522383391007267,23.61270716995958,22.909127603001796,23.34648895263672,13396700,0.0,0.0
2026-02-26 00:00:00-05:00,23.474846932437675,23.55090954576228,23.08977893240175,23.36075210571289,12166500,0.0,0.0
2026-02-27 00:00:00-05:00,23.4177989309342,23.77909770924832,23.330327740484954,23.398784637451172,16535300,0.0,0.0
2026-03-02 00:00:00-05:00,23.398783933913574,23.40829198710709,22.942406448003247,23.3037052154541,16074400,0.0,0.0
2026-03-03 00:00:00-05:00,23.142071813980593,23.341735489546334,22.818805261037834,23.027976989746094,15479600,0.0,0.0
2026-03-04 00:00:00-05:00,23.11354648694687,23.11354648694687,22.61438550977247,22.856836318969727,16654000,0.0,0.0
2026-03-05 00:00:00-05:00,22.85683566038204,23.289442069931653,22.718971620965814,23.03748321533203,19170900,0.0,0.0
2026-03-06 00:00:00-05:00,23.05681997931099,23.74320659626386,22.69912427256263,23.723873138427734,18538300,0.4,0.0
2026-03-09 00:00:00-04:00,23.578859013716354,23.859215343039185,23.375843887447356,23.627197265625,20151300,0.0,0.0
2026-03-10 00:00:00-04:00,23.598195652224476,23.6030303996473,22.85380312587483,22.873138427734375,11210400,0.0,0.0
2026-03-11 00:00:00-04:00,22.815132683061456,22.96497665162967,22.21575127704139,22.37042999267578,23326200,0.0,0.0
2026-03-12 00:00:00-04:00,22.293091827138046,22.462272949103376,21.529365858337105,21.587369918823242,19940000,0.0,0.0
2026-03-13 00:00:00-04:00,21.751716423716232,21.954731558591313,21.543866541487454,21.829055786132812,18982400,0.0,0.0
2026-03-16 00:00:00-04:00,21.916064133293464,22.1964186476493,21.7323824449056,21.95473289489746,14454300,0.0,0.0
2026-03-17 00:00:00-04:00,22.080409621694987,22.283424760677452,21.993402606726534,22.128746032714844,14081400,0.0,0.0
2026-03-18 00:00:00-04:00,21.850325199316817,22.351099591855192,21.263513686660612,21.345685958862305,26530400,0.0,0.0
2026-03-19 00:00:00-04:00,21.345684819104456,21.587370562909495,20.992823854419004,21.036327362060547,15245100,0.0,0.0
2026-03-20 00:00:00-04:00,21.007322682484318,21.123332641299324,20.79463990922517,20.852643966674805,20339100,0.0,0.0
2026-03-23 00:00:00-04:00,21.04599312896805,21.055660779124675,20.378940019486734,20.504615783691406,22762600,0.0,0.0
2026-03-24 00:00:00-04:00,20.50945243651059,20.905816910184633,20.33543840535303,20.610960006713867,14390900,0.0,0.0
2026-03-25 00:00:00-04:00,20.760805638332503,20.958987873318947,20.567456306870465,20.794641494750977,14156300,0.0,0.0
2026-03-26 00:00:00-04:00,20.7559705106314,21.21034087806811,20.7559705106314,20.84297752380371,14424000,0.0,0.0
2026-03-27 00:00:00-04:00,20.91065005060123,21.529366817715626,20.813977226788406,21.307016372680664,16659300,0.0,0.0
2026-03-30 00:00:00-04:00,21.39402128489241,21.703380586641636,21.258677858069305,21.59703826904297,18513000,0.0,0.0
2026-03-31 00:00:00-04:00,21.684044204075256,21.829055274719526,21.418190267241457,21.742048263549805,15537500,0.0,0.0
2026-04-01 00:00:00-04:00,21.587369599178047,21.645373658805315,21.22000809631761,21.52936553955078,10617900,0.0,0.0
2026-04-02 00:00:00-04:00,21.57770171402497,22.08040847577205,21.403687693118993,22.032072067260742,12793600,0.0,0.0
2026-04-06 00:00:00-04:00,22.03207258860333,22.83446915872229,21.983734335032413,22.786130905151367,14195500,0.0,0.0
2026-04-07 00:00:00-04:00,22.7764629894926,22.82480124250123,22.380098534400876,22.409101486206055,13164000,0.0,0.0
2026-04-08 00:00:00-04:00,22.42843806641404,22.486442129416325,22.012738286413157,22.186752319335938,15197900,0.0,0.0
2026-04-09 00:00:00-04:00,22.03207283285875,22.58311602226548,21.952799202473084,22.496109008789062,11396900,0.0,0.0
2026-04-10 00:00:00-04:00,22.52511082289382,22.815134824871606,22.244756315956124,22.293092727661133,12921300,0.0,0.0
2026-04-13 00:00:00-04:00,22.206085336855388,22.235088289738677,21.389188191759487,21.67437744140625,15983200,0.0,0.0
2026-04-14 00:00:00-04:00,21.56803660289805,21.56803660289805,21.249011474981263,21.37468910217285,15815500,0.0,0.0
2026-04-15 00:00:00-04:00,21.33118438834239,21.471360719186865,21.0556627863187,21.278013229370117,13469800,0.0,0.0
2026-04-16 00:00:00-04:00,21.316682040384315,21.93539880344842,21.287680930996686,21.83872413635254,13670500,0.0,0.0
2026-04-17 00:00:00-04:00,21.8483930052119,21.97406878870017,21.65504366024347,21.722715377807617,12796600,0.0,0.0
2026-04-20 00:00:00-04:00,21.71304498163308,21.858057893987734,21.384354086998982,21.471359252929688,16415900,0.0,0.0
2026-04-21 00:00:00-04:00,21.432691767070935,21.52936643307249,21.133001961990413,21.24901008605957,13638200,0.0,0.0
2026-04-22 00:00:00-04:00,21.29734783019882,21.403688300725644,21.045994442189873,21.162002563476562,9254700,0.0,0.0
2026-04-23 00:00:00-04:00,21.186172423009484,21.379519904731445,21.026658952770937,21.239341735839844,11403700,0.0,0.0
2026-04-24 00:00:00-04:00,21.316680968813444,21.548700895746485,21.045994127251248,21.21034049987793,15256400,0.0,0.0
2026-04-27 00:00:00-04:00,21.133001645620876,21.3843550358957,21.0846633913858,21.19100570678711,9124200,0.0,0.0
2026-04-28 00:00:00-04:00,21.510032573475154,21.73238302944764,21.282847369724653,21.722715377807617,10544500,0.0,0.0
2026-04-29 00:00:00-04:00,21.66470979044515,21.858059121835318,21.500363411938274,21.67437744140625,13324900,0.0,0.0
2026-04-30 00:00:00-04:00,21.655041571843917,21.978901416845776,21.645373921136237,21.906394958496094,13011800,0.0,0.0
2026-05-01 00:00:00-04:00,22.036905152078777,22.225419728307912,21.519697832300867,21.742048263549805,14253500,0.0,0.0
2026-05-04 00:00:00-04:00,21.587370426672262,21.848391470874223,21.500363411938274,21.67437744140625,13955000,0.0,0.0
2026-05-05 00:00:00-04:00,21.58736922886461,22.010802360320053,21.282844694192658,21.790386199951172,15526300,0.0,0.0
2026-05-06 00:00:00-04:00,22.399435748237124,22.77646493431899,21.925731891798993,22.30276107788086,26374700,0.0,0.0
2026-05-07 00:00:00-04:00,22.244756363836316,22.979481255612548,22.186752300882276,22.853803634643555,19910100,0.0,0.0
2026-05-08 00:00:00-04:00,22.834469415694592,23.34684200190161,22.665288292166206,23.16316032409668,13357400,0.0,0.0
2026-05-11 00:00:00-04:00,23.201832169886213,23.317842142058662,22.326929084670343,22.48644256591797,13962500,0.0,0.0
2026-05-12 00:00:00-04:00,22.660456597045297,22.853804092067303,22.249589712781123,22.592784881591797,14835700,0.0,0.0
2026-05-13 00:00:00-04:00,22.6217842676966,22.926308807945638,22.331762125308057,22.409101486206055,12116200,0.0,0.0
2026-05-14 00:00:00-04:00,22.58794975448115,23.027817741454953,22.370432212809288,22.534778594970703,16235900,0.0,0.0
2026-05-15 00:00:00-04:00,22.65078831711018,22.844135806766474,22.14808152495519,22.15774917602539,11593200,0.0,0.0
2026-05-18 00:00:00-04:00,22.19641905345224,22.621786502368664,22.061075619489916,22.573450088500977,20072400,0.0,0.0
2026-05-19 00:00:00-04:00,22.587949627670213,22.800632420602057,22.239921562949096,22.50577735900879,13737200,0.0,0.0
2026-05-20 00:00:00-04:00,22.418770462092255,22.86830610010984,22.177084714509288,22.74746322631836,13959600,0.0,0.0
2026-05-21 00:00:00-04:00,22.7619625725615,23.02781651200392,22.40910162109563,22.757129669189453,13152100,0.0,0.0
2026-05-22 00:00:00-04:00,22.78613090858657,23.158327163517527,22.747462149639837,22.998815536499023,11189600,0.0,0.0
2026-05-26 00:00:00-04:00,23.013316408907325,23.298505655257735,22.9069740934803,23.056819915771484,15194400,0.0,0.0
2026-05-27 00:00:00-04:00,23.279170731822806,23.873717439349882,23.269503080816364,23.56919288635254,13446700,0.0,0.0
2026-05-28 00:00:00-04:00,23.62719739419968,23.8882165802637,23.588526792462325,23.656198501586914,10351100,0.0,0.0
2026-05-29 00:00:00-04:00,23.636867613609784,23.66586872414901,23.076156734887686,23.21150016784668,21146100,0.0,0.0
2026-06-01 00:00:00-04:00,23.010415928763734,23.163160386782153,22.67012310088681,22.844135284423828,13313000,0.0,0.0
2026-06-02 00:00:00-04:00,22.887639048483578,22.95047785775123,22.462273469836404,22.554113388061523,13837200,0.0,0.0
2026-06-03 00:00:00-04:00,22.288260089148547,22.61211810803901,21.85805975054316,22.003070831298828,18170400,0.0,0.0
2026-06-04 00:00:00-04:00,22.399436241281105,22.44680644357601,21.616374897599393,21.722715377807617,19534100,0.0,0.0
2026-06-05 00:00:00-04:00,21.92941092245886,22.392014502269433,21.801455502566693,22.224689483642578,14563800,0.4,0.0
2026-06-08 00:00:00-04:00,22.126261759635895,23.031785021267588,22.06720642529813,22.982572555541992,15063300,0.0,0.0
2026-06-09 00:00:00-04:00,22.99241542619435,23.33690644097456,22.93828058749025,23.06131362915039,13534300,0.0,0.0
2026-06-10 00:00:00-04:00,23.228640520707913,23.769985196887422,23.071158364825315,23.671558380126953,11919200,0.0,0.0
2026-06-11 00:00:00-04:00,23.691243165756145,23.96191549295571,23.592816352955765,23.838882446289062,10308000,0.0,0.0
2026-06-12 00:00:00-04:00,23.829040525178563,24.025894158610026,23.706007473617742,24.006208419799805,7921100,0.0,0.0
2026-06-15 00:00:00-04:00,23.85364865906401,23.98652458015085,23.587896816890336,23.612503051757812,10704400,0.0,0.0
2026-06-16 00:00:00-04:00,23.622344958596912,23.622344958596912,23.149898509985444,23.425491333007812,13174100,0.0,0.0
2026-06-17 00:00:00-04:00,23.189268132777965,23.5436039082721,22.598709132732843,22.83493423461914,12969700,0.0,0.0
2026-06-18 00:00:00-04:00,22.73158503173215,22.77587700363616,22.39595127083091,22.460912704467773,21350600,0.0,0.0
2026-06-22 00:00:00-04:00,22.293586721228944,22.362484924023907,21.658735777186422,21.6833438873291,16782200,0.0,0.0
2026-06-23 00:00:00-04:00,22.00815293670621,22.244376171203697,21.885119884738643,22.11642074584961,12665500,0.0,0.0
2026-06-24 00:00:00-04:00,22.195160886049884,22.711901184344587,22.195160886049884,22.579025268554688,16336000,0.0,0.0
2026-06-25 00:00:00-04:00,22.638081520911882,23.464863778818973,22.579026181728626,23.100685119628906,15318300,0.0,0.0
2026-06-26 00:00:00-04:00,23.28966427015515,23.666636954796697,23.179425263497667,23.32706642150879,14931600,0.0,0.0
2026-06-29 00:00:00-04:00,23.36643508055433,23.927465450961048,23.33690647467257,23.809354782104492,14864700,0.0,0.0
2026-06-30 00:00:00-04:00,23.630218528406218,23.942231656715546,23.22863960985315,23.24832534790039,12854600,0.0,0.0
2026-07-01 00:00:00-04:00,23.65187266491244,24.65090036499362,23.642029796274294,24.616451263427734,18348800,0.0,0.0
2026-07-02 00:00:00-04:00,24.852674501907234,25.113503950387898,24.645979892319218,24.970787048339844,14452200,0.0,0.0
2026-07-06 00:00:00-04:00,24.901887900787084,25.064292423549695,24.094791414820364,24.429441452026367,15085800,0.0,0.0
2026-07-07 00:00:00-04:00,24.91173076269004,25.33988711675904,24.85267542594564,24.901887893676758,11514000,0.0,0.0
2026-07-08 00:00:00-04:00,25.13811300867459,25.216854083487377,24.503262036995398,24.527868270874023,9660500,0.0,0.0
2026-07-09 00:00:00-04:00,24.38219644129611,24.621372714209127,24.19321823718438,24.291645050048828,10565200,0.0,0.0
2026-07-10 00:00:00-04:00,24.321170832632873,24.650900361287807,24.11939671891934,24.458969116210938,6688800,0.0,0.0
2026-07-13 00:00:00-04:00,24.527869204515376,24.926496966929786,24.527869204515376,24.832990646362305,10595900,0.0,0.0
2026-07-14 00:00:00-04:00,24.655821811038166,24.766060817633555,24.399914725923065,24.68535041809082,10125600,0.0,0.0
2026-07-15 00:00:00-04:00,24.626294156759826,25.36941290500013,24.325109510004502,25.049528121948242,11927900,0.0,0.0
2026-07-16 00:00:00-04:00,25.315279945831314,25.979659548889952,25.266067476272323,25.8172550201416,15884600,0.0,0.0
2026-07-17 00:00:00-04:00,26.191275573436027,26.702107897060383,25.339887115838557,25.472761154174805,15368200,0.0,0.0
2026-07-20 00:00:00-04:00,25.47276117699236,25.708986278843597,25.241460325654955,25.45307731628418,10641900,0.0,0.0
2026-07-21 00:00:00-04:00,25.49244596214267,25.768040652444004,25.211930776182047,25.384178161621094,9233200,0.0,0.0
2026-07-22 00:00:00-04:00,25.822176432288146,25.915680871903746,25.462920161341493,25.551502227783203,10757800,0.0,0.0
2026-07-23 00:00:00-04:00,25.34480763456886,25.581030859086546,24.773934372650622,24.96094512939453,14529100,0.0,0.0
2026-07-24 00:00:00-04:00,24.97078704746585,25.290671830484,24.857594996693244,25.26606559753418,13009800,0.0,0.0
2026-07-27 00:00:00-04:00,25.295595146471538,25.974736212413497,25.295595146471538,25.807411193847656,16740200,0.0,0.0
2026-07-28 00:00:00-04:00,26.29954337979183,27.224752416384884,26.20111844432612,26.87041664123535,20671500,0.0,0.0
2026-07-29 00:00:00-04:00,26.801518460469175,27.647986423077857,26.78183272242355,27.185382843017578,17873900,0.0,0.0
2026-07-30 00:00:00-04:00,26.584980947537804,26.683407760332734,25.83693979856576,25.964893341064453,14581800,0.0,0.0
2026-07-31 00:00:00-04:00,25.610558502393854,25.861545082331666,25.413704884035983,25.443233489990234,13034700,0.0,0.0
2026-08-03 00:00:00-04:00,25.876311288973287,26.11253451341099,25.649929056218767,26.00426483154297,13616400,0.0,0.0
2026-08-04 00:00:00-04:00,25.856625540271732,26.289700512894573,25.72867012041952,26.220802307128906,16254300,0.0,0.0
2026-08-05 00:00:00-04:00,26.545610477071104,26.62435155482281,24.926496948468163,25.325122833251953,23380400,0.0,0.0
2026-08-06 00:00:00-04:00,25.361540299541836,25.561345096218282,24.25227355495288,24.567237854003906,24878200,0.0,0.0
2026-08-07 00:00:00-04:00,24.50326203107454,24.965865610820963,24.478655797201863,24.921573638916016,14251800,0.0,0.0
2026-08-10 00:00:00-04:00,24.852674476875407,25.147953026656666,24.292627829553048,24.537710189819336,16946400,0.0,0.0
2026-08-11 00:00:00-04:00,24.370387071956262,24.48849775011538,24.07018612585416,24.262117385864258,13410100,0.0,0.0
2026-08-12 00:00:00-04:00,24.025892275508813,24.212903024877637,23.72077085720669,24.144004821777344,15014300,0.0,0.0
2026-08-13 00:00:00-04:00,24.419598574901194,25.00523707848488,24.419598574901194,24.980628967285156,13006300,0.0,0.0
2026-08-14 00:00:00-04:00,24.960944175304007,25.118426318962975,24.77885392136345,25.108583450317383,8510400,0.0,0.0
2026-08-17 00:00:00-04:00,24.852674464986784,24.95110127397853,24.29164409426963,24.36054229736328,11670400,0.0,0.0
2026-08-18 00:00:00-04:00,24.754248620216273,24.754248620216273,24.301487909487747,24.429441452026367,10272300,0.0,0.0
2026-08-19 00:00:00-04:00,24.616452218177294,25.5022897792799,24.591845984295198,25.275909423828125,11320100,0.0,0.0
2026-08-20 00:00:00-04:00,25.06921386947927,25.389100553952055,24.911731713924002,25.167640686035156,11954300,0.0,0.0
2026-08-21 00:00:00-04:00,25.305436147538142,25.374336230661065,25.0495290624228,25.17748260498047,8354300,0.0,0.0
2026-08-24 00:00:00-04:00,25.374335275315676,25.600715622190414,25.177481657046634,25.26606559753418,11233200,0.0,0.0
2026-08-25 00:00:00-04:00,25.14795399428116,25.216854077394093,24.783777227360765,24.921573638916016,13342100,0.0,0.0
2026-08-26 00:00:00-04:00,24.016049420256614,24.85759497688238,23.868410145340114,24.399913787841797,26481100,0.0,0.0
2026-08-27 00:00:00-04:00,24.217825387099925,24.990472799707785,24.217825387099925,24.73456382751465,18253100,0.0,0.0
2026-08-28 00:00:00-04:00,24.892046925813172,25.34480763684558,24.714879038075164,25.295595169067383,20654800,0.0,0.0
2026-08-31 00:00:00-04:00,25.364492406668703,25.645007592434187,25.221773627290407,25.26606559753418,18540100,0.0,0.0
2026-09-01 00:00:00-04:00,25.3467760133759,25.836938857423743,25.216853150873074,25.462919235229492,14093000,0.0,0.0
2026-09-02 00:00:00-04:00,25.689300534686364,26.023950572004782,25.43339157218785,25.846782684326172,16591600,0.0,0.0
2026-09-03 00:00:00-04:00,25.679457663320857,25.68930053233936,24.901887906876954,25.020000457763672,24252900,0.0,0.0
2026-09-04 00:00:00-04:00,24.9950008392334,25.139999389648438,24.739999771118164,24.850000381469727,20431600,0.4,0.0
2026-09-08 00:00:00-04:00,24.780000686645508,25.065000534057617,24.31999969482422,24.899999618530273,21182400,0.0,0.0
2026-09-09 00:00:00-04:00,24.790000915527344,24.979999542236328,24.565000534057617,24.610000610351562,18452500,0.0,0.0
2026-09-10 00:00:00-04:00,24.899999618530273,24.899999618530273,24.239999771118164,24.389999389648438,23857700,0.0,0.0
2026-09-11 00:00:00-04:00,24.55500030517578,24.770000457763672,24.149999618530273,24.600000381469727,123781300,0.0,0.0
2026-09-14 00:00:00-04:00,24.40999984741211,24.989999771118164,24.270000457763672,24.270000457763672,20331100,0.0,0.0
2026-09-15 00:00:00-04:00,23.940000534057617,24.954999923706055,23.75,24.729999542236328,22949300,0.0,0.0
2026-09-16 00:00:00-04:00,24.735000610351562,24.975000381469727,24.6200008392334,24.729999542236328,13870200,0.0,0.0
2026-09-17 00:00:00-04:00,25.18000030517578,25.200000762939453,24.591999053955078,24.729999542236328,11655500,0.0,0.0
2026-09-18 00:00:00-04:00,24.6299991607666,24.68000030517578,24.149999618530273,24.43000030517578,27346800,0.0,0.0
2026-09-21 00:00:00-04:00,24.360000610351562,24.799999237060547,24.235000610351562,24.3700008392334,14038400,0.0,0.0
2026-09-22 00:00:00-04:00,24.5,24.520000457763672,23.94499969482422,24.0,14598000,0.0,0.0
2026-09-23 00:00:00-04:00,24.010000228881836,24.229999542236328,23.520000457763672,23.790000915527344,14841500,0.0,0.0
2026-09-24 00:00:00-04:00,23.969999313354492,24.003999710083008,23.68000030517578,23.860000610351562,13462900,0.0,0.0
2026-09-25 00:00:00-04:00,23.8700008392334,23.93000030517578,23.479999542236328,23.6299991607666,10454000,0.0,0.0
2026-09-28 00:00:00-04:00,23.579999923706055,23.780000686645508,23.45199966430664,23.559999465942383,9703900,0.0,0.0
2026-09-29 00:00:00-04:00,23.270000457763672,23.649999618530273,23.239999771118164,23.450000762939453,10631800,0.0,0.0
2026-09-30 00:00:00-04:00,23.579999923706055,23.719999313354492,22.719999313354492,22.719999313354492,12494800,0.0,0.0
2026-10-01 00:00:00-04:00,22.670000076293945,22.670000076293945,22.020000457763672,22.459999084472656,17700100,0.0,0.0
2026-10-02 00:00:00-04:00,22.420000076293945,22.510000228881836,22.09000015258789,22.190000534057617,12627400,0.0,0.0
2026-10-05 00:00:00-04:00,22.100000381469727,22.22800064086914,21.770000457763672,21.84000015258789,16426900,0.0,0.0
2026-10-06 00:00:00-04:00,21.90999984741211,22.25,21.760000228881836,22.030000686645508,20042100,0.0,0.0
2026-10-07 00:00:00-04:00,22.15999984741211,22.25,21.799999237060547,21.979999542236328,15342400,0.0,0.0
2026-10-08 00:00:00-04:00,22.09000015258789,22.59000015258789,21.9950008392334,22.479999542236328,31317100,0.0,0.0
2026-10-09 00:00:00-04:00,22.350000381469727,22.440000534057617,21.899999618530273,22.270000457763672,15094200,0.0,0.0
