Date,Open,High,Low,Close,Volume,Dividends,Stock Splits
2006-10-17 00:00:00-04:00,22.298397594835063,22.310738193289218,21.79245784236112,22.174997329711914,1741338,0.0,0.0
2006-10-18 00:00:00-04:00,22.508197600208298,22.508197600208298,21.706096140088725,21.80481719970703,1484487,0.0,0.0
2006-10-19 00:00:00-04:00,21.8048061451766,21.95288575305669,21.237165106338274,21.31120491027832,1481774,0.0,0.0
2006-10-20 00:00:00-04:00,21.47162187390421,22.088623324220357,21.286522392045956,22.02692222595215,1440342,0.0,0.0
2006-10-23 00:00:00-04:00,22.335426218370277,22.335426218370277,21.780125761392895,21.9528865814209,1152306,0.0,0.0
2006-10-24 00:00:00-04:00,21.965234138519428,22.31075398148757,21.86651309397187,22.088634490966797,880349,0.0,0.0
2006-10-25 00:00:00-04:00,22.187344991578314,22.32308589836917,21.73076367462127,22.298404693603516,1214960,0.0,0.0
2006-10-26 00:00:00-04:00,22.4958435290676,24.593646679072037,22.29840343445847,23.82856559753418,4729712,0.0,0.0
2006-10-27 00:00:00-04:00,24.18642357250486,24.80342500063108,23.91494370671857,24.76640510559082,3889418,0.0,0.0
2006-10-30 00:00:00-05:00,25.013198538050773,26.037420503843926,24.828099101568988,25.08724021911621,1939059,0.0,0.0
2006-10-31 00:00:00-05:00,25.71658996589558,25.889348869995,24.408547096941216,24.680028915405273,1322082,0.0,0.0
2006-11-01 00:00:00-05:00,24.92682713384679,25.21064764288186,24.37152671813965,24.37152671813965,854186,0.0,0.0
2006-11-02 00:00:00-05:00,24.371526172167034,25.17362717832494,24.06302637179041,24.075366973876953,821745,0.0,0.0
2006-11-03 00:00:00-05:00,24.235790928695227,24.643011795886935,24.186430419177576,24.494930267333984,787037,0.0,0.0
2006-11-06 00:00:00-05:00,24.55662866547206,25.013208085220967,24.396208457133593,24.667688369750977,842360,0.0,0.0
2006-11-07 00:00:00-05:00,24.68002723336958,24.86512672745854,24.383866136353927,24.630666732788086,706928,0.0,0.0
2006-11-08 00:00:00-05:00,24.07537469758157,24.211113738186977,23.199233610773277,23.668153762817383,1550948,0.0,0.0
2006-11-09 00:00:00-05:00,23.79154819777674,24.926828384399414,23.569428782939752,24.926828384399414,992372,0.0,0.0
2006-11-10 00:00:00-05:00,24.68002897238423,24.815767975456193,24.075368040456656,24.667688369750977,765653,0.0,0.0
2006-11-13 00:00:00-05:00,24.630672930299816,24.630672930299816,24.334511758764787,24.531951904296875,332870,0.0,0.0
2006-11-14 00:00:00-05:00,24.581308250622733,24.754069063607016,24.309828334842774,24.605989456176758,520020,0.0,0.0
2006-11-15 00:00:00-05:00,24.60598709867919,24.828106488543334,24.49492549727383,24.7047061920166,591746,0.0,0.0
2006-11-16 00:00:00-05:00,24.630660372168105,24.77873992919922,24.494919507241033,24.77873992919922,374018,0.0,0.0
2006-11-17 00:00:00-05:00,24.680028317163835,24.680028317163835,24.235787605368706,24.396207809448242,485960,0.0,0.0
2006-11-20 00:00:00-05:00,24.49492264789135,24.54428314205482,23.853241943185445,24.06302261352539,427032,0.0,0.0
2006-11-21 00:00:00-05:00,23.939619813607443,24.001320901440902,23.446020643304102,23.766860961914062,1593351,0.0,0.0
2006-11-22 00:00:00-05:00,23.371982326833127,24.038344257864512,23.199223450228033,23.853242874145508,1469462,0.0,0.0
2006-11-24 00:00:00-05:00,23.470707981104187,23.69282739791979,23.421347475209544,23.655807495117188,141143,0.0,0.0
2006-11-27 00:00:00-05:00,23.446028330895345,23.56942864055046,22.76732758102898,23.322628021240234,826565,0.0,0.0
2006-11-28 00:00:00-05:00,22.9524270922749,23.371986619923486,22.310746244657718,23.322628021240234,782298,0.0,0.0
2006-11-29 00:00:00-05:00,23.631125113195772,23.680485612652316,23.322625327920594,23.495384216308594,458663,0.0,0.0
2006-11-30 00:00:00-05:00,23.446033657954537,23.532412178512615,23.149872466198225,23.409011840820312,246686,0.0,0.0
2006-12-01 00:00:00-05:00,23.35964263046257,23.384321924212152,23.08816277332494,23.223901748657227,371588,0.0,0.0
2006-12-04 00:00:00-05:00,22.977109083769562,23.199230429763396,22.915409874949656,23.149869918823242,306950,0.0,0.0
2006-12-05 00:00:00-05:00,23.186886652637412,23.53240636899194,23.05114764921795,23.42134666442871,370008,0.0,0.0
2006-12-06 00:00:00-05:00,23.421349772721694,23.58177000276052,23.112849916946622,23.56943130493164,580284,0.0,0.0
2006-12-07 00:00:00-05:00,23.69282335470238,23.75452445315967,23.322624389851406,23.705163955688477,364865,0.0,0.0
2006-12-08 00:00:00-05:00,23.520071221830396,24.001331920697034,23.507730617303434,23.877931594848633,545292,0.0,0.0
2006-12-11 00:00:00-05:00,23.877928109079566,24.063027617593935,23.334966373314984,23.39666748046875,499608,0.0,0.0
2006-12-12 00:00:00-05:00,23.44602562332532,24.457905376581483,23.137523931576872,24.334505081176758,946283,0.0,0.0
2006-12-13 00:00:00-05:00,23.569428621200018,23.569428621200018,22.360106731456867,22.50818634033203,2291693,0.0,0.0
2006-12-14 00:00:00-05:00,22.23670803796788,22.631588294648783,21.780126668789173,22.162668228149414,1634742,0.0,0.0
2006-12-15 00:00:00-05:00,22.495850596127674,23.260931918015437,22.212030013501217,23.07583236694336,3829397,0.0,0.0
2006-12-18 00:00:00-05:00,22.964766077240544,23.01412467244632,22.372443870037625,22.434144973754883,769095,0.0,0.0
2006-12-19 00:00:00-05:00,22.24905475850096,22.38479381166116,21.91587361624565,22.088634490966797,914936,0.0,0.0
2006-12-20 00:00:00-05:00,22.08862657427323,22.421805690641037,21.965226266053257,22.150325775146484,428207,0.0,0.0
2006-12-21 00:00:00-05:00,22.088623324220357,22.249043510655238,21.903521935888918,22.02692222595215,466439,0.0,0.0
2006-12-22 00:00:00-05:00,22.088623324220357,22.137981915067098,21.940541832260568,22.02692222595215,537881,0.0,0.0
2006-12-26 00:00:00-05:00,22.026936724136554,22.137996486351316,21.780135981565234,21.80481719970703,322340,0.0,0.0
2006-12-27 00:00:00-05:00,21.8048086041688,21.866507812252348,21.483968146597498,21.60736846923828,464495,0.0,0.0
2006-12-28 00:00:00-05:00,22.088627731415826,22.088627731415826,21.607367076088483,21.903526306152344,520506,0.0,0.0
2006-12-29 00:00:00-05:00,21.94054597814074,22.088627498081976,21.80480696795321,21.9528865814209,476847,0.0,0.0
2007-01-03 00:00:00-05:00,22.05160537530663,22.458824271357773,21.952884371948358,22.434144973754883,714542,0.0,0.0
2007-01-04 00:00:00-05:00,22.520527813885266,22.619246921460746,22.088627666986216,22.323087692260742,398115,0.0,0.0
2007-01-05 00:00:00-05:00,21.841824425037757,22.310744419482138,21.619703123240242,21.656723022460938,457083,0.0,0.0
2007-01-08 00:00:00-05:00,21.65672050955605,21.804801995729758,21.38524064461392,21.792461395263672,504995,0.0,0.0
2007-01-09 00:00:00-05:00,21.656716613221427,21.878837849282835,21.48395777014341,21.817136764526367,802103,0.0,0.0
2007-01-10 00:00:00-05:00,21.928207338729866,22.17500798759494,21.7184285030209,21.940547943115234,438332,0.0,0.0
2007-01-11 00:00:00-05:00,21.940537555774664,22.829018708464528,21.891177068075713,22.137977600097656,859451,0.0,0.0
2007-01-12 00:00:00-05:00,22.11330703176329,22.680948098017122,21.854165798983843,21.903526306152344,569268,0.0,0.0
2007-01-16 00:00:00-05:00,21.903536352850892,21.940556273589145,21.60737698694486,21.80481719970703,504387,0.0,0.0
2007-01-17 00:00:00-05:00,21.730764121433534,22.310745754723772,21.718425425270418,22.19968605041504,591948,0.0,0.0
2007-01-18 00:00:00-05:00,21.96522358404813,21.96522358404813,21.45928181018087,21.483963012695312,824540,0.0,0.0
2007-01-19 00:00:00-05:00,21.446937881878636,21.817136764526367,20.953336829717966,21.817136764526367,955071,0.0,0.0
2007-01-22 00:00:00-05:00,21.915865084470013,22.37244449495365,21.81714407835423,22.298404693603516,954342,0.0,0.0
2007-01-23 00:00:00-05:00,22.236704482070557,22.693283871763498,21.965224587324307,22.520524978637695,533102,0.0,0.0
2007-01-24 00:00:00-05:00,22.27372986386665,22.71797066756445,22.002249902294043,22.55755043029785,741353,0.0,0.0
2007-01-25 00:00:00-05:00,22.606904870866117,22.693283362252984,22.384783575443844,22.63158416748047,788454,0.0,0.0
2007-01-26 00:00:00-05:00,22.520522029574536,22.927740865131927,22.434141641086487,22.754981994628906,707373,0.0,0.0
2007-01-29 00:00:00-05:00,22.7426467097918,22.91540752714522,22.606907701705698,22.841367721557617,503537,0.0,0.0
2007-01-30 00:00:00-05:00,22.915416094420763,23.24859725060332,22.64393607027812,23.038816452026367,483125,0.0,0.0
2007-01-31 00:00:00-05:00,23.260925081950024,23.34730548255562,22.779664484124574,22.890724182128906,1063814,0.0,0.0
2007-02-01 00:00:00-05:00,22.829025347546764,22.94008504731291,22.05160554271039,22.397125244140625,1678563,0.0,0.0
2007-02-02 00:00:00-05:00,22.409460440676717,22.79200188877049,22.360101852803325,22.754981994628906,768285,0.0,0.0
2007-02-05 00:00:00-05:00,22.705618956940516,23.001779983372128,22.55753939696114,22.903059005737305,507992,0.0,0.0
2007-02-06 00:00:00-05:00,22.940079218053775,22.952419817049734,22.779659056997833,22.82901954650879,357858,0.0,0.0
2007-02-07 00:00:00-05:00,22.829013069578696,22.89071223410776,22.47115295848205,22.54519271850586,495477,0.0,0.0
2007-02-08 00:00:00-05:00,22.520524471395404,23.075824850201453,22.520524471395404,23.051145553588867,589194,0.0,0.0
2007-02-09 00:00:00-05:00,23.137527119617786,23.19922822905837,22.619246570095143,22.80434799194336,311405,0.0,0.0
2007-02-12 00:00:00-05:00,22.804346982504956,22.829026281304635,22.15032554634223,22.19968605041504,686597,0.0,0.0
2007-02-13 00:00:00-05:00,22.397126160232823,22.582225667414043,21.977564735324126,22.19968605041504,553473,0.0,0.0
2007-02-14 00:00:00-05:00,22.335424139954966,22.495844341774962,22.162665242476532,22.397125244140625,416057,0.0,0.0
2007-02-15 00:00:00-05:00,22.58222078711607,22.643921880491074,22.397121319937142,22.42180061340332,313065,0.0,0.0
2007-02-16 00:00:00-05:00,22.434146022318263,22.619245529174805,22.360106219575645,22.619245529174805,187313,0.0,0.0
2007-02-20 00:00:00-05:00,22.619246398321287,22.95242742993902,22.273726670087964,22.841367721557617,267179,0.0,0.0
2007-02-21 00:00:00-05:00,22.792004248327608,23.11284463508524,22.61924345346634,22.65626335144043,294719,0.0,0.0
2007-02-22 00:00:00-05:00,22.347763566165252,23.026464237654604,22.22436327076053,22.65626335144043,357170,0.0,0.0
2007-02-23 00:00:00-05:00,22.73029601696541,22.754977212187903,22.520517296410254,22.532855987548828,155196,0.0,0.0
2007-02-26 00:00:00-05:00,22.86605095933023,23.19923204832953,22.80435174620569,22.81669044494629,565178,0.0,0.0
2007-02-27 00:00:00-05:00,22.4958429884649,22.77966347510871,22.125644011514936,22.273723602294922,415166,0.0,0.0
2007-02-28 00:00:00-05:00,22.100966709642023,22.45882705483956,22.088628012548035,22.249048233032227,555336,0.0,0.0
2007-03-01 00:00:00-05:00,22.08862634610631,22.458825360468747,21.866505031015397,22.19968605041504,363690,0.0,0.0
2007-03-02 00:00:00-05:00,22.088624508727232,22.31074389886833,21.681403720328596,21.767784118652344,584618,0.0,0.0
2007-03-05 00:00:00-05:00,21.656735610279572,22.10097656561306,21.61971568954132,21.80481719970703,436509,0.0,0.0
2007-03-06 00:00:00-05:00,21.92820084575808,22.17500142154515,21.841822360058444,22.11330223083496,253409,0.0,0.0
2007-03-07 00:00:00-05:00,22.100969733536996,22.199690762637655,21.903529581809533,22.014589309692383,165038,0.0,0.0
2007-03-08 00:00:00-05:00,22.12564763517381,22.175006235868743,21.607367076088483,21.903526306152344,517104,0.0,0.0
2007-03-09 00:00:00-05:00,21.84183060728437,22.076290670869582,21.59502993830818,21.96523094177246,265640,0.0,0.0
2007-03-12 00:00:00-04:00,21.965227416731363,22.11330703176329,21.86650640239436,21.903526306152344,579312,0.0,0.0
2007-03-13 00:00:00-04:00,21.804810407829223,21.915870135450515,21.59502965133978,21.632049560546875,258836,0.0,0.0
2007-03-14 00:00:00-04:00,21.595023322004852,21.767784118652344,21.409921923747312,21.767784118652344,227772,0.0,0.0
2007-03-15 00:00:00-04:00,21.903521770343968,22.088623157276427,21.8541612733971,22.063941955566406,280827,0.0,0.0
2007-03-16 00:00:00-04:00,22.063944294036844,22.43414520066472,22.051605598347276,22.384784698486328,511718,0.0,0.0
2007-03-19 00:00:00-04:00,22.224362162307717,22.59456303005791,22.137981769185355,22.483503341674805,271715,0.0,0.0
2007-03-20 00:00:00-04:00,22.471158186168402,22.52051867315827,22.187337769067632,22.212017059326172,288158,0.0,0.0
2007-03-21 00:00:00-04:00,22.224365578783775,22.32308658794914,22.08862657427323,22.150325775146484,492075,0.0,0.0
2007-03-22 00:00:00-04:00,22.175002827444857,22.236703928540063,22.039263836687297,22.224363327026367,424035,0.0,0.0
2007-03-23 00:00:00-04:00,22.212032936940012,22.224373544126998,22.026933361506035,22.088634490966797,410103,0.0,0.0
2007-03-26 00:00:00-04:00,22.187345196885133,22.199685799382152,21.74310447820021,21.841825485229492,311567,0.0,0.0
2007-03-27 00:00:00-04:00,21.8541607507089,21.878841951828615,21.669061274676658,21.755441665649414,283217,0.0,0.0
2007-03-28 00:00:00-04:00,21.718425692723024,21.891184599395128,21.570346085154515,21.730764389038086,455990,0.0,0.0
2007-03-29 00:00:00-04:00,21.78012763326106,21.841828748491125,21.434607869983303,21.558008193969727,412412,0.0,0.0
2007-03-30 00:00:00-04:00,21.53332211072407,21.78012270282791,21.274182823546337,21.372901916503906,427640,0.0,0.0
2007-04-02 00:00:00-04:00,21.48396642271069,21.743105744931253,21.422265313104386,21.57034683227539,415166,0.0,0.0
2007-04-03 00:00:00-04:00,21.619707597623286,22.026928479802123,21.619707597623286,21.915868759155273,541566,0.0,0.0
2007-04-04 00:00:00-04:00,21.940541141681656,21.940541141681656,21.718421770442966,21.755441665649414,316265,0.0,0.0
2007-04-05 00:00:00-04:00,21.656720780805376,21.656720780805376,20.80526128038935,20.879301071166992,1136511,0.0,0.0
2007-04-09 00:00:00-04:00,20.731228391163693,21.03973019244044,20.607829958421732,21.01504898071289,1035828,0.0,0.0
2007-04-10 00:00:00-04:00,20.95333149075273,21.015030653315318,20.829931259155273,20.829931259155273,484745,0.0,0.0
2007-04-11 00:00:00-04:00,20.85463019715421,21.27419176129224,20.48443105994311,21.101430892944336,1062032,0.0,0.0
2007-04-12 00:00:00-04:00,21.656716823490296,22.335417323564453,21.656716823490296,22.212017059326172,2260265,0.0,0.0
2007-04-13 00:00:00-04:00,22.11330724362841,22.915408343525492,21.965227627177743,22.668607711791992,1242014,0.0,0.0
2007-04-16 00:00:00-04:00,22.829035653449413,23.56943779908305,22.668615379209548,23.038816452026367,2369048,0.0,0.0
2007-04-17 00:00:00-04:00,23.0511398895126,23.581758934850217,22.582218117309687,22.594558715820312,1229742,0.0,0.0
2007-04-18 00:00:00-04:00,22.594568120533342,23.162209197676507,22.409466691718965,23.02646827697754,655412,0.0,0.0
2007-04-19 00:00:00-04:00,23.026462355745252,23.211561830487874,22.631582205312252,22.643922805786133,554445,0.0,0.0
2007-04-20 00:00:00-04:00,23.014118999083763,23.014118999083763,22.32307977182193,22.82901954650879,930974,0.0,0.0
2007-04-23 00:00:00-04:00,22.7796584189253,23.075819441222492,22.7796584189253,22.97709846496582,361827,0.0,0.0
2007-04-24 00:00:00-04:00,22.977101185269177,23.236242348768545,22.82902160982557,23.223901748657227,733901,0.0,0.0
2007-04-25 00:00:00-04:00,23.149868075234274,23.1745473755021,22.73030662536621,22.73030662536621,730215,0.0,0.0
2007-04-26 00:00:00-04:00,22.606904758457155,22.717964452379427,22.175002771303983,22.65626335144043,1329818,0.0,0.0
2007-04-27 00:00:00-04:00,22.582224497545386,22.866044998168945,22.52052530050578,22.866044998168945,298080,0.0,0.0
2007-04-30 00:00:00-04:00,22.86604444286142,22.89072373978325,22.56988525390625,22.56988525390625,556106,0.0,0.0
2007-05-01 00:00:00-04:00,22.520524911808916,22.952425003051758,22.33542351093819,22.952425003051758,606812,0.0,0.0
2007-05-02 00:00:00-04:00,22.82902678261979,23.470707630236973,22.705626472964678,23.322628021240234,780071,0.0,0.0
2007-05-03 00:00:00-04:00,23.606448078507547,23.754527684591853,23.23624715682333,23.42134666442871,846288,0.0,0.0
2007-05-04 00:00:00-04:00,23.42133944558157,23.766860961914062,23.29793917638752,23.766860961914062,388476,0.0,0.0
2007-05-07 00:00:00-04:00,23.766866523424984,23.766866523424984,22.952424937457284,23.38432502746582,620946,0.0,0.0
2007-05-08 00:00:00-04:00,23.260932019430204,23.668152940038112,23.038812557175294,23.446033477783203,356967,0.0,0.0
2007-05-09 00:00:00-04:00,23.322629419196375,23.38432862448543,22.927747260746724,23.02646827697754,412128,0.0,0.0
2007-05-10 00:00:00-04:00,22.903063769583117,22.927743065888695,22.162663909209932,22.273723602294922,821016,0.0,0.0
2007-05-11 00:00:00-04:00,22.335420226562142,22.520521600214106,22.298400333126356,22.42180061340332,482558,0.0,0.0
2007-05-14 00:00:00-04:00,22.384785097336476,22.421804998011545,22.212024289870556,22.298404693603516,755001,0.0,0.0
2007-05-15 00:00:00-04:00,22.27372986386665,22.742649970807857,22.26138925900805,22.55755043029785,626333,0.0,0.0
2007-05-16 00:00:00-04:00,22.53286399602969,22.977104696724247,22.458824196992826,22.866044998168945,344777,0.0,0.0
2007-05-17 00:00:00-04:00,22.86604167705365,22.977101359478393,22.582221217652812,22.754981994628906,229635,0.0,0.0
2007-05-18 00:00:00-04:00,22.779678141871972,23.310299559106767,22.70563829881121,23.186899185180664,326349,0.0,0.0
2007-05-21 00:00:00-04:00,23.00178323602079,23.59410346617029,22.878382949763836,23.458362579345703,616329,0.0,0.0
2007-05-22 00:00:00-04:00,23.396665953417113,23.80388675204373,23.384325351497115,23.72984504699707,489240,0.0,0.0
2007-05-23 00:00:00-04:00,23.754535675048828,24.21111524954902,23.655814633469596,23.754535675048828,543308,0.0,0.0
2007-05-24 00:00:00-04:00,23.75452598956274,23.81622518553744,22.890723900603742,22.952425003051758,832275,0.0,0.0
2007-05-25 00:00:00-04:00,23.075832467551113,23.446033477783203,22.878392310055446,23.446033477783203,415976,0.0,0.0
2007-05-29 00:00:00-04:00,23.384322014815147,24.06302261352539,23.186881944634337,24.06302261352539,626900,0.0,0.0
2007-05-30 00:00:00-04:00,23.828567704220966,24.667688657114873,23.58176708752156,24.605989456176758,652941,0.0,0.0
2007-05-31 00:00:00-04:00,24.531950320022986,24.926830585585783,24.371530092983495,24.865131378173828,1107675,0.0,0.0
2007-06-01 00:00:00-04:00,24.80342950980764,24.926827911393158,24.396208683860323,24.618328094482422,715676,0.0,0.0
2007-06-04 00:00:00-04:00,24.618327442126184,24.680028547757402,24.285148335021884,24.346847534179688,469314,0.0,0.0
2007-06-05 00:00:00-04:00,24.23578892117554,24.309828726082255,23.853247387192837,24.112388610839844,503051,0.0,0.0
2007-06-06 00:00:00-04:00,24.186426218920165,24.544286514447574,23.705165624265376,24.17408561706543,387707,0.0,0.0
2007-06-07 00:00:00-04:00,23.421338672924737,23.421338672924737,22.150318039276407,22.174997329711914,1547667,0.0,0.0
2007-06-08 00:00:00-04:00,22.21202636367151,22.50818750319621,21.965227638286773,22.26138687133789,808704,0.0,0.0
2007-06-11 00:00:00-04:00,22.915406215643657,22.977105414610968,22.22436489225338,22.298404693603516,725517,0.0,0.0
2007-06-12 00:00:00-04:00,22.21202238499774,22.298402781322835,21.878843307495117,21.878843307495117,408969,0.0,0.0
2007-06-13 00:00:00-04:00,21.965228996896403,22.458828384669935,21.965228996896403,22.372447967529297,405851,0.0,0.0
2007-06-14 00:00:00-04:00,22.458824271357773,22.63158507399807,22.2984040707556,22.434144973754883,447728,0.0,0.0
2007-06-15 00:00:00-04:00,22.8166845148894,22.8166845148894,22.335423914291763,22.44648551940918,596606,0.0,0.0
2007-06-18 00:00:00-04:00,22.532857365051147,22.54519796341681,22.125638590184884,22.212017059326172,448538,0.0,0.0
2007-06-19 00:00:00-04:00,22.162670139560646,22.64393085136045,22.01458860067885,22.55755043029785,401112,0.0,0.0
2007-06-20 00:00:00-04:00,22.619250361394677,22.754991299737192,22.24905126859482,22.409469604492188,325013,0.0,0.0
2007-06-21 00:00:00-04:00,22.298398756909943,22.508179409199233,22.187339084453107,22.347759246826172,224735,0.0,0.0
2007-06-22 00:00:00-04:00,22.27372427911751,22.27372427911751,22.01458308090486,22.12564468383789,857709,0.0,0.0
2007-06-25 00:00:00-04:00,21.977562173734647,22.125643668693467,21.706082292686645,21.92820167541504,658206,0.0,0.0
2007-06-26 00:00:00-04:00,22.002246328259655,22.80434738429975,21.24950577716206,21.706085205078125,580284,0.0,0.0
2007-06-27 00:00:00-04:00,21.48396497227862,22.52052600412733,21.471624369895796,22.298404693603516,869414,0.0,0.0
2007-06-28 00:00:00-04:00,22.31074467279372,22.69328427124197,22.224364271473572,22.434144973754883,450360,0.0,0.0
2007-06-29 00:00:00-04:00,22.47116550106944,22.656265004444776,22.26138479292845,22.298404693603516,554121,0.0,0.0
2007-07-02 00:00:00-04:00,22.508179409199233,22.717960061488526,22.286060064285564,22.347759246826172,499284,0.0,0.0
2007-07-03 00:00:00-04:00,22.55754391899869,22.55754391899869,22.187343038364425,22.31074333190918,248954,0.0,0.0
2007-07-05 00:00:00-04:00,22.26138889756927,22.409468527573033,22.19968968722562,22.236709594726562,206024,0.0,0.0
2007-07-06 00:00:00-04:00,22.212024746578155,22.33542505352345,22.100965042269422,22.19968605041504,220847,0.0,0.0
2007-07-09 00:00:00-04:00,22.175002827444857,22.372442919297622,22.088624336268808,22.224363327026367,442098,0.0,0.0
2007-07-10 00:00:00-04:00,22.0392669914349,22.224366508269508,21.780125761392895,21.9528865814209,520466,0.0,0.0
2007-07-11 00:00:00-04:00,21.928203868404438,22.076285378172553,21.7307637618537,21.866504669189453,477941,0.0,0.0
2007-07-12 00:00:00-04:00,21.965223703820214,22.125643895145892,21.841823409994827,21.878843307495117,708224,0.0,0.0
2007-07-13 00:00:00-04:00,21.841830072767763,22.23671037087654,21.730768439914684,22.076290130615234,660029,0.0,0.0
2007-07-16 00:00:00-04:00,22.063937504829347,22.409457100812865,22.039258214570808,22.212017059326172,511515,0.0,0.0
2007-07-17 00:00:00-04:00,22.212024707616962,22.792006339889877,22.175004806245653,22.619245529174805,646826,0.0,0.0
2007-07-18 00:00:00-04:00,22.434144578838133,22.668604574595047,22.224363880249673,22.520524978637695,574412,0.0,0.0
2007-07-19 00:00:00-04:00,22.693281394735422,22.71796259568318,22.5081819199928,22.643922805786133,781488,0.0,0.0
2007-07-20 00:00:00-04:00,22.594568310660275,22.705628024999275,22.48350859632128,22.58222770690918,779585,0.0,0.0
2007-07-23 00:00:00-04:00,22.545203434914107,22.71796422806959,22.360103946871266,22.705623626708984,773672,0.0,0.0
2007-07-24 00:00:00-04:00,22.33542377574747,22.42180417631483,21.619703180294117,21.644384384155273,1017806,0.0,0.0
2007-07-25 00:00:00-04:00,21.71842678736243,21.952886813320845,21.656725676783413,21.903526306152344,594297,0.0,0.0
2007-07-26 00:00:00-04:00,21.632039799339623,22.014579324021042,20.854618243845366,21.249500274658203,907524,0.0,0.0
2007-07-27 00:00:00-04:00,21.163121093869535,21.31120067230231,20.91632052549951,20.97801971435547,728352,0.0,0.0
2007-07-30 00:00:00-04:00,20.916322536937756,21.496302212555825,20.496761149066575,21.372901916503906,1404014,0.0,0.0
2007-07-31 00:00:00-04:00,21.54566797642586,21.54566797642586,20.632507087711854,20.681867599487305,1119906,0.0,0.0
2007-08-01 00:00:00-04:00,20.4597385403871,20.81759877958627,20.08953960774867,20.71887969970703,869697,0.0,0.0
2007-08-02 00:00:00-04:00,20.644853341031865,20.891652154489684,20.47209245578455,20.694211959838867,780962,0.0,0.0
2007-08-03 00:00:00-04:00,20.607826561648388,20.978025611802522,20.47208563894278,20.94100570678711,900720,0.0,0.0
2007-08-06 00:00:00-04:00,20.978020267296007,21.237161442856923,20.73121969242079,20.8546199798584,1057658,0.0,0.0
2007-08-07 00:00:00-04:00,20.990370222218694,21.027390134300372,20.484430152786445,20.903989791870117,642249,0.0,0.0
2007-08-08 00:00:00-04:00,21.052064215917714,21.397583913803633,20.87930341373808,21.200143814086914,657720,0.0,0.0
2007-08-09 00:00:00-04:00,21.089090800690066,21.348230179633205,20.558469530412648,20.607830047607422,946080,0.0,0.0
2007-08-10 00:00:00-04:00,20.607824866374404,21.595025429697483,20.39804415089529,21.31120491027832,889016,0.0,0.0
2007-08-13 00:00:00-04:00,21.53332890500776,21.952890425260705,21.00270956168194,21.163129806518555,665577,0.0,0.0
2007-08-14 00:00:00-04:00,21.360574284950356,21.5333332637234,20.694211959838867,20.694211959838867,547965,0.0,0.0
2007-08-15 00:00:00-04:00,20.69419643504069,21.2248173941751,20.58313676633056,20.755897521972656,543753,0.0,0.0
2007-08-16 00:00:00-04:00,20.792920258515597,21.064400121357966,19.87975967996957,20.546119689941406,1222128,0.0,0.0
2007-08-17 00:00:00-04:00,20.78058007914804,21.286521826917163,20.60782120282459,20.879301071166992,1188068,0.0,0.0
2007-08-20 00:00:00-04:00,20.978019659681497,21.175459732568317,20.669519903259545,20.990360260009766,549585,0.0,0.0
2007-08-21 00:00:00-04:00,20.891641333843403,21.53332211072407,20.805262842433013,21.372901916503906,310554,0.0,0.0
2007-08-22 00:00:00-04:00,21.483962909958255,21.940542276613247,21.483962909958255,21.92820167541504,342468,0.0,0.0
2007-08-23 00:00:00-04:00,21.95288895021769,22.063948672302203,21.286528711236844,21.459287643432617,339269,0.0,0.0
2007-08-24 00:00:00-04:00,21.607366677108406,22.212025729481617,21.49630506141164,21.989906311035156,478710,0.0,0.0
2007-08-27 00:00:00-04:00,21.854169440543775,21.91587056140405,21.385249310490792,21.545669555664062,360896,0.0,0.0
2007-08-28 00:00:00-04:00,21.471627970094158,22.125649502470694,21.45928736564215,21.915868759155273,567243,0.0,0.0
2007-08-29 00:00:00-04:00,21.952879140442157,22.3971197367424,21.70607859733392,22.347759246826172,657558,0.0,0.0
2007-08-30 00:00:00-04:00,22.175002552355178,22.829023920895292,22.014582360560297,22.705623626708984,722966,0.0,0.0
2007-08-31 00:00:00-04:00,22.71795898150815,22.829018648685366,22.508178339191545,22.594558715820312,516375,0.0,0.0
2007-09-04 00:00:00-04:00,22.50818477303691,22.95242547520242,22.28606537519083,22.434144973754883,664322,0.0,0.0
2007-09-05 00:00:00-04:00,22.28606408647157,22.409462473823712,21.854162104846093,21.878843307495117,466682,0.0,0.0
2007-09-06 00:00:00-04:00,22.088621357182088,22.137979943633344,21.78011970626014,22.039260864257812,390542,0.0,0.0
2007-09-07 00:00:00-04:00,22.397128793656435,23.384329458819053,22.2737284722019,22.853708267211914,1510205,0.0,0.0
2007-09-10 00:00:00-04:00,22.903065440535723,23.38432605215555,22.903065440535723,23.162206649780273,824621,0.0,0.0
2007-09-11 00:00:00-04:00,23.236239228476418,23.260918518911925,22.13797744082225,22.174997329711914,903150,0.0,0.0
2007-09-12 00:00:00-04:00,22.063943682471432,22.705624473584383,21.965224587324307,22.520524978637695,581216,0.0,0.0
2007-09-13 00:00:00-04:00,22.55754425900061,23.038804839137057,22.446484565078343,22.65626335144043,343764,0.0,0.0
2007-09-14 00:00:00-04:00,22.52052530050578,23.01412459624268,22.458824196992826,22.866044998168945,361503,0.0,0.0
2007-09-17 00:00:00-04:00,22.75498474700323,22.87838504455899,22.458823651574754,22.56988525390625,538083,0.0,0.0
2007-09-18 00:00:00-04:00,22.606899570185373,22.97709846496582,22.45881810580036,22.97709846496582,443718,0.0,0.0
2007-09-19 00:00:00-04:00,22.9771045827345,23.125186086546954,22.730303982853755,22.890724182128906,515606,0.0,0.0
2007-09-20 00:00:00-04:00,22.829031050160737,22.952431382883667,22.71797132265225,22.81669044494629,256689,0.0,0.0
2007-09-21 00:00:00-04:00,22.77967348325007,23.0388147874408,22.606914520263672,22.606914520263672,458582,0.0,0.0
2007-09-24 00:00:00-04:00,22.69327223855348,22.829013069578696,22.4834935539768,22.54519271850586,250938,0.0,0.0
2007-09-25 00:00:00-04:00,22.372447585481325,22.86604887129947,22.24904917050046,22.853708267211914,247496,0.0,0.0
2007-09-26 00:00:00-04:00,22.977107768862133,23.223908402965563,22.85370745181042,23.02646827697754,348179,0.0,0.0
2007-09-27 00:00:00-04:00,23.088165949027054,23.421345039602866,22.95242504855099,23.35964584350586,545495,0.0,0.0
2007-09-28 00:00:00-04:00,23.162215505644646,23.75453604492053,23.088175676544427,23.680496215820312,1109700,0.0,0.0
2007-10-01 00:00:00-04:00,23.680484660189475,24.531944185819906,23.557084369748086,23.705163955688477,1139225,0.0,0.0
2007-10-02 00:00:00-04:00,23.655811923244368,23.705172438378792,22.927750521051674,23.137531280517578,635688,0.0,0.0
2007-10-03 00:00:00-04:00,23.125195231022023,23.81623489618028,22.977113668653175,23.754535675048828,670518,0.0,0.0
2007-10-04 00:00:00-04:00,23.840908915603713,24.223448546721755,23.594108292604027,23.655807495117188,607136,0.0,0.0
2007-10-05 00:00:00-04:00,23.791549682617188,24.223449842737626,23.60645015870089,23.791549682617188,339917,0.0,0.0
2007-10-08 00:00:00-04:00,23.791545423172504,23.828565321328025,22.952424554191968,23.051145553588867,443192,0.0,0.0
2007-10-09 00:00:00-04:00,23.285608302801045,24.100048065185547,23.273267699796072,24.100048065185547,662013,0.0,0.0
2007-10-10 00:00:00-04:00,24.02601235723639,24.482593775072182,23.95197253952763,24.4332332611084,737424,0.0,0.0
2007-10-11 00:00:00-04:00,24.346850160839697,24.71705111514591,23.791549682617188,23.791549682617188,1427747,0.0,0.0
2007-10-12 00:00:00-04:00,24.03834761259941,24.64300853128513,23.976646507257833,24.37152671813965,553109,0.0,0.0
2007-10-15 00:00:00-04:00,24.14940461998284,24.531944185819906,23.69282335470238,23.705163955688477,579717,0.0,0.0
2007-10-16 00:00:00-04:00,23.853240426965684,24.174080758924575,23.754521351386842,23.976640701293945,464859,0.0,0.0
2007-10-17 00:00:00-04:00,24.186429860425097,24.30983017813161,23.9889897333894,24.211109161376953,529254,0.0,0.0
2007-10-18 00:00:00-04:00,24.112383152430443,24.556623787779845,23.643463223190043,24.48258399963379,497178,0.0,0.0
2007-10-19 00:00:00-04:00,23.93963212422559,24.445574060036567,23.557092427539388,23.60645294189453,431204,0.0,0.0
2007-10-22 00:00:00-04:00,23.569430253917634,23.92728869799793,23.446029935815563,23.791549682617188,649539,0.0,0.0
2007-10-23 00:00:00-04:00,24.050695722991804,24.741735354523673,23.902614167828688,23.988994598388672,922023,0.0,0.0
2007-10-24 00:00:00-04:00,23.840911687741485,24.149411549125617,23.631130943151835,23.877931594848633,536342,0.0,0.0
2007-10-25 00:00:00-04:00,23.87792934532369,24.06302886342131,23.532407702910053,23.544748306274414,442989,0.0,0.0
2007-10-26 00:00:00-04:00,23.79155443131185,24.026014510560948,23.631134176407308,23.988994598388672,240449,0.0,0.0
2007-10-29 00:00:00-04:00,24.013659539213318,24.11238051693318,23.779199600219727,23.779199600219727,395402,0.0,0.0
2007-10-30 00:00:00-04:00,23.643461604950097,24.001321827478225,23.384320457702344,23.55708122253418,281678,0.0,0.0
2007-10-31 00:00:00-04:00,23.70516682337229,24.556628358479724,23.59410712048178,24.322168350219727,1156599,0.0,0.0
2007-11-01 00:00:00-04:00,24.18642503723785,24.507265417998994,23.877925257728513,24.01366424560547,804978,0.0,0.0
2007-11-02 00:00:00-04:00,24.16174811037344,24.80342893481537,23.914947499976787,24.741727828979492,1060857,0.0,0.0
2007-11-05 00:00:00-05:00,24.371529383748058,24.71705103591574,24.124730654808648,24.211109161376953,721629,0.0,0.0
2007-11-06 00:00:00-05:00,24.211107043528624,24.69236766854403,24.211107043528624,24.667688369750977,335948,0.0,0.0
2007-11-07 00:00:00-05:00,24.58131561439995,24.618335527347497,24.013674407238824,24.272815704345703,382847,0.0,0.0
2007-11-08 00:00:00-05:00,24.35918866921782,25.210648312463956,24.334507463836307,24.643009185791016,957785,0.0,0.0
2007-11-09 00:00:00-05:00,24.383871196707005,24.61833124003465,24.01367022522844,24.35919189453125,519170,0.0,0.0
2007-11-12 00:00:00-05:00,24.285151916322476,24.37153042658685,23.433690259656238,23.5941104888916,470084,0.0,0.0
2007-11-13 00:00:00-05:00,23.853252170829276,24.01367241578971,23.16221258213346,23.902612686157227,442017,0.0,0.0
2007-11-14 00:00:00-05:00,24.06302519387567,24.865126160769744,24.013664694419127,24.334505081176758,853619,0.0,0.0
2007-11-15 00:00:00-05:00,24.272805663544137,24.65534524125038,24.223445164541417,24.383865356445312,311729,0.0,0.0
2007-11-16 00:00:00-05:00,24.482585274681963,24.544284465859267,23.988984119370848,24.19876480102539,557645,0.0,0.0
2007-11-19 00:00:00-05:00,23.988986572217893,24.346846874467314,23.803887073286592,24.075366973876953,664200,0.0,0.0
2007-11-20 00:00:00-05:00,24.026011223277216,24.248132572393832,23.384330291455033,23.877931594848633,394511,0.0,0.0
2007-11-21 00:00:00-05:00,23.766871322367745,23.890269738880765,23.384329749166813,23.5941104888916,233078,0.0,0.0
2007-11-23 00:00:00-05:00,23.742187003245924,24.309828033319214,23.55708749625396,24.260467529296875,106272,0.0,0.0
2007-11-26 00:00:00-05:00,24.12472062980603,24.408539145469547,23.87792009695071,23.8902587890625,481140,0.0,0.0
2007-11-27 00:00:00-05:00,23.964307811368244,24.445568425844222,23.877927407774084,24.37152671813965,344615,0.0,0.0
2007-11-28 00:00:00-05:00,24.59364356284055,24.98852370202401,24.371522293004194,24.939163208007812,571941,0.0,0.0
2007-11-29 00:00:00-05:00,24.926825586245602,24.926825586245602,24.19876631502567,24.285146713256836,442584,0.0,0.0
2007-11-30 00:00:00-05:00,24.581308250622733,24.778748362687566,24.334507633923327,24.605989456176758,493209,0.0,0.0
2007-12-03 00:00:00-05:00,24.605988079444497,24.803428180462337,24.075366973876953,24.075366973876953,417515,0.0,0.0
2007-12-04 00:00:00-05:00,23.902610897428815,24.260471270447052,23.877931594848633,23.877931594848633,358020,0.0,0.0
2007-12-05 00:00:00-05:00,24.186432009590497,24.680033324277126,24.001332469819904,24.55663299560547,294516,0.0,0.0
2007-12-06 00:00:00-05:00,24.556628608778006,24.680028915405273,24.49492750222765,24.680028915405273,250412,0.0,0.0
2007-12-07 00:00:00-05:00,24.68002303046018,24.717042922973633,24.43322247605517,24.717042922973633,259565,0.0,0.0
2007-12-10 00:00:00-05:00,24.68002407018096,24.704703364071957,24.34684311705064,24.48258399963379,401517,0.0,0.0
2007-12-11 00:00:00-05:00,25.13659626971484,25.728916313355874,24.272796444380734,25.23531723022461,1858869,0.0,0.0
2007-12-12 00:00:00-05:00,25.5685083160845,26.07444819827014,25.297026519328018,25.53148651123047,1156113,0.0,0.0
2007-12-13 00:00:00-05:00,25.27235100852852,25.506811035554616,24.92682936324916,25.124271392822266,577368,0.0,0.0
2007-12-14 00:00:00-05:00,24.93917068382154,25.297031036384023,24.568971633911133,24.568971633911133,473121,0.0,0.0
2007-12-17 00:00:00-05:00,24.37153061320098,25.087253254593747,24.37153061320098,24.754072189331055,518805,0.0,0.0
2007-12-18 00:00:00-05:00,25.013198747794647,25.23531997990807,24.68001975933361,25.037879943847656,380336,0.0,0.0
2007-12-19 00:00:00-05:00,24.828109741210938,25.19831067929022,24.507269309503602,24.828109741210938,395037,0.0,0.0
2007-12-20 00:00:00-05:00,24.976188126131966,24.988528728736725,24.100047283609765,24.680028915405273,384588,0.0,0.0
2007-12-21 00:00:00-05:00,25.025551017543474,25.087252129980186,24.6183301574715,24.9885311126709,764316,0.0,0.0
2007-12-24 00:00:00-05:00,24.803429411109217,25.050230026245117,24.72938770138968,25.050230026245117,191241,0.0,0.0
2007-12-26 00:00:00-05:00,24.815761620856662,25.14894255484884,24.680022652543524,24.803422927856445,367497,0.0,0.0
2007-12-27 00:00:00-05:00,24.568976914400128,24.80343699855928,24.198775878450608,24.272815704345703,334854,0.0,0.0
2007-12-28 00:00:00-05:00,24.309835494717305,24.445576445823235,24.27281558195642,24.297494888305664,430637,0.0,0.0
2007-12-31 00:00:00-05:00,24.174088274584893,24.865129644371514,23.853247842877558,24.828109741210938,1664307,0.0,0.0
2008-01-02 00:00:00-05:00,24.741721639539993,24.803422729940596,23.914941517366287,23.976640701293945,1390770,0.0,0.0
2008-01-03 00:00:00-05:00,23.97665029757158,24.445572290286815,23.90261048463594,23.964311599731445,389934,0.0,0.0
2008-01-04 00:00:00-05:00,23.9396276630423,24.28514929266601,23.248588216741865,23.322628021240234,527391,0.0,0.0
2008-01-07 00:00:00-05:00,23.384330041125363,23.779210317023544,23.12519069414943,23.53240966796875,596160,0.0,0.0
2008-01-08 00:00:00-05:00,23.594099800387955,23.964300601641234,22.915399284660023,22.97709846496582,502362,0.0,0.0
2008-01-09 00:00:00-05:00,23.075831526919576,23.742191792995616,23.014130407825707,23.64347267150879,664038,0.0,0.0
2008-01-10 00:00:00-05:00,24.05068810315132,24.568968615833402,23.939626495347486,24.396207809448242,1345046,0.0,0.0
2008-01-11 00:00:00-05:00,24.24813147496645,24.741730849546872,23.8162294008073,24.50727081298828,1052555,0.0,0.0
2008-01-14 00:00:00-05:00,24.717051844661814,24.754071750537705,24.24813176591809,24.445571899414062,648486,0.0,0.0
2008-01-15 00:00:00-05:00,24.161751350049787,24.680031938785923,24.06303033006496,24.445571899414062,551286,0.0,0.0
2008-01-16 00:00:00-05:00,24.420886616827023,24.655346617081836,24.06302631541599,24.08770751953125,1011528,0.0,0.0
2008-01-17 00:00:00-05:00,24.22345028677423,24.433231022040573,23.14986921543281,23.297948837280273,976698,0.0,0.0
2008-01-18 00:00:00-05:00,23.43368175551806,23.483042248094446,22.50818062222107,22.940080642700195,1363595,0.0,0.0
2008-01-22 00:00:00-05:00,21.989911630418856,23.211572540342573,21.385250525303928,22.458831787109375,1319450,0.0,0.0
2008-01-23 00:00:00-05:00,21.965232324557142,22.680953165760773,21.841831982300587,22.458831787109375,1213097,0.0,0.0
2008-01-24 00:00:00-05:00,22.631585789209577,23.063485902986027,22.24904617867217,22.69328498840332,605313,0.0,0.0
2008-01-25 00:00:00-05:00,23.051148967689386,23.433688607445358,22.54520710717357,22.73030662536621,608513,0.0,0.0
2008-01-28 00:00:00-05:00,22.643924769024284,23.051145555237383,22.557544371164138,22.63158416748047,589964,0.0,0.0
2008-01-29 00:00:00-05:00,22.804347818763816,23.00178793582193,22.668606904204193,22.841367721557617,486810,0.0,0.0
2008-01-30 00:00:00-05:00,22.643922805786133,23.211561830487874,22.643922805786133,22.643922805786133,422132,0.0,0.0
2008-01-31 00:00:00-05:00,22.63158666846631,23.53240683182778,22.594566766217124,23.322628021240234,701541,0.0,0.0
2008-02-01 00:00:00-05:00,23.495382419604397,23.779202886684036,23.322623544427362,23.470703125,728717,0.0,0.0
2008-02-04 00:00:00-05:00,23.359645730441134,23.48304602851119,23.199225533597392,23.38432502746582,489119,0.0,0.0
2008-02-05 00:00:00-05:00,23.06348625210396,23.199227161447723,22.60690683303333,22.619245529174805,722156,0.0,0.0
2008-02-06 00:00:00-05:00,22.829028876954283,22.84136948099397,22.39712870677563,22.471168518066406,411237,0.0,0.0
2008-02-07 00:00:00-05:00,22.91541765235921,22.91541765235921,22.17501545638824,22.360116958618164,808056,0.0,0.0
2008-02-08 00:00:00-05:00,22.261386930126214,22.804348702943102,22.249048233032227,22.249048233032227,794813,0.0,0.0
2008-02-11 00:00:00-05:00,22.29840880507021,22.421809132231267,22.076289360064564,22.236709594726562,692024,0.0,0.0
2008-02-12 00:00:00-05:00,22.397126633675658,22.631586649885833,22.212025216108213,22.50818634033203,453681,0.0,0.0
2008-02-13 00:00:00-05:00,22.693283804422062,23.10050459856969,22.6192440066631,22.952425003051758,488673,0.0,0.0
2008-02-14 00:00:00-05:00,22.927746513682443,23.014126923451435,22.66860719084901,22.779666900634766,469233,0.0,0.0
2008-02-15 00:00:00-05:00,22.656260193477223,23.014120428328273,22.40945963706829,22.940080642700195,472635,0.0,0.0
2008-02-19 00:00:00-05:00,22.91541010873287,23.21156936444778,22.853708992809775,23.100509643554688,546062,0.0,0.0
2008-02-20 00:00:00-05:00,22.89072245832485,23.347303724368345,22.89072245832485,23.273263931274414,468221,0.0,0.0
2008-02-21 00:00:00-05:00,23.39666523853146,23.520065534540947,23.026464350503,23.051145553588867,462713,0.0,0.0
2008-02-22 00:00:00-05:00,22.989451278639866,23.60645294189453,22.668610795042213,23.60645294189453,685949,0.0,0.0
2008-02-25 00:00:00-05:00,23.495389467912748,23.5941104888916,23.236250124172233,23.5941104888916,392405,0.0,0.0
2008-02-26 00:00:00-05:00,23.396670470590223,23.902610462838183,23.297949449116924,23.56943130493164,514796,0.0,0.0
2008-02-27 00:00:00-05:00,23.31028067462383,23.77920057176973,23.31028067462383,23.55708122253418,440600,0.0,0.0
2008-02-28 00:00:00-05:00,23.470705596815698,23.54474539489951,23.21156439704902,23.347305297851562,281394,0.0,0.0
2008-02-29 00:00:00-05:00,23.19922115972221,23.766862042529382,23.01411979427864,23.520061492919922,683559,0.0,0.0
2008-03-03 00:00:00-05:00,23.49539473659564,23.890275096112894,23.29795455683701,23.680496215820312,762008,0.0,0.0
2008-03-04 00:00:00-05:00,23.446031407616104,23.902610897428815,23.35965098887485,23.877931594848633,592151,0.0,0.0
2008-03-05 00:00:00-05:00,23.816226730631026,23.97664693834059,23.668147125506334,23.86558723449707,446675,0.0,0.0
2008-03-06 00:00:00-05:00,23.69282350801013,23.803885104657255,23.211562944116608,23.248584747314453,407997,0.0,0.0
2008-03-07 00:00:00-05:00,23.186892198678567,23.64347363527887,23.02647195155872,23.446033477783203,476523,0.0,0.0
2008-03-10 00:00:00-04:00,23.483045807467597,23.557085604318036,22.989444619833595,23.014123916625977,330035,0.0,0.0
2008-03-11 00:00:00-04:00,22.53286699418461,23.446029721070904,22.53286699418461,23.43368911743164,537921,0.0,0.0
2008-03-12 00:00:00-04:00,23.297951223960467,23.55709249521404,23.17455089095503,23.19923210144043,302900,0.0,0.0
2008-03-13 00:00:00-04:00,23.334968234923686,23.421348647946104,22.742647853950327,23.001789093017578,534884,0.0,0.0
2008-03-14 00:00:00-04:00,23.1498678397275,23.1498678397275,22.532866274572942,22.779666900634766,612198,0.0,0.0
2008-03-17 00:00:00-04:00,22.520538209279195,22.643938580564857,21.767797278968775,21.80481719970703,974673,0.0,0.0
2008-03-18 00:00:00-04:00,22.26138707384635,23.137527990382,22.12564805962099,23.02646827697754,429908,0.0,0.0
2008-03-19 00:00:00-04:00,23.112843518714616,23.273263704344995,22.051603317260742,22.051603317260742,464009,0.0,0.0
2008-03-20 00:00:00-04:00,22.19968798134315,23.112848806986282,22.19968798134315,23.001789093017578,1437629,0.0,0.0
2008-03-24 00:00:00-04:00,23.051151870086624,23.19923150328561,22.81668990888982,22.927749633789062,722439,0.0,0.0
2008-03-25 00:00:00-04:00,23.038812156722603,23.186891795652006,23.01413094591845,23.137531280517578,568823,0.0,0.0
2008-03-26 00:00:00-04:00,22.323087971249244,22.804348631187494,21.841827311310993,22.668607711791992,963860,0.0,0.0
2008-03-27 00:00:00-04:00,22.656260573987645,22.977100921413147,22.335420226562142,22.42180061340332,599319,0.0,0.0
2008-03-28 00:00:00-04:00,22.409458721522288,22.866039922872332,22.24904046353073,22.717960357666016,516213,0.0,0.0
2008-03-31 00:00:00-04:00,22.606901607373842,23.07582152066701,22.39712094377895,22.940080642700195,702797,0.0,0.0
2008-04-01 00:00:00-04:00,22.866043878146723,23.23624476167127,22.80434468412926,23.112844467163086,930852,0.0,0.0
2008-04-02 00:00:00-04:00,23.075824850201453,23.137524044969556,22.866044156338,23.051145553588867,625847,0.0,0.0
2008-04-03 00:00:00-04:00,22.890723174459055,23.186884262573344,22.79200408273646,23.112844467163086,1551920,0.0,0.0
2008-04-04 00:00:00-04:00,23.100498732050244,23.211558400484382,22.82901890705364,22.97709846496582,664241,0.0,0.0
2008-04-07 00:00:00-04:00,23.088160240129838,23.446020445836755,22.829019105063008,23.371978759765625,1867172,0.0,0.0
2008-04-08 00:00:00-04:00,23.137522514606367,24.001324529539136,23.01412222675883,23.81622314453125,1062477,0.0,0.0
2008-04-09 00:00:00-04:00,23.90260234473783,24.001323332682272,23.223901748657227,23.223901748657227,630221,0.0,0.0
2008-04-10 00:00:00-04:00,23.260922284415617,23.7545234248129,23.088163410455056,23.507722854614258,538124,0.0,0.0
2008-04-11 00:00:00-04:00,23.260926970307956,23.384327280266156,23.112847360947516,23.310287475585938,516740,0.0,0.0
2008-04-14 00:00:00-04:00,23.100498732050244,23.236239597784966,22.841359505703934,22.97709846496582,492237,0.0,0.0
2008-04-15 00:00:00-04:00,23.088173073167688,23.48305338815902,23.075832467551113,23.446033477783203,490739,0.0,0.0
2008-04-16 00:00:00-04:00,23.43368342356384,23.927282665043855,23.24858394631798,23.853242874145508,776385,0.0,0.0
2008-04-17 00:00:00-04:00,23.70516242175289,24.408542315927974,23.5817621392966,24.050683975219727,999135,0.0,0.0
2008-04-18 00:00:00-04:00,24.3345117549986,24.396212872859337,24.050693094850107,24.13707160949707,628722,0.0,0.0
2008-04-21 00:00:00-04:00,23.9766459139593,24.18642661657221,23.717506616062586,24.08770751953125,766341,0.0,0.0
2008-04-22 00:00:00-04:00,23.927290200009,24.12473224654543,23.79155117610738,23.877931594848633,808623,0.0,0.0
2008-04-23 00:00:00-04:00,24.01367241578971,24.063032931117665,23.76687365209771,23.902612686157227,356927,0.0,0.0
2008-04-24 00:00:00-04:00,23.87792189565004,24.013660864414568,23.606442051648017,23.914941787719727,733779,0.0,0.0
2008-04-25 00:00:00-04:00,23.976644796445036,24.420885478607392,23.87792570400522,24.334505081176758,558698,0.0,0.0
2008-04-28 00:00:00-04:00,24.248122230947867,24.309821414321455,23.902600703342394,24.0260009765625,1192604,0.0,0.0
2008-04-29 00:00:00-04:00,23.939617997696168,23.95195859562135,23.446018864834198,23.742177963256836,933323,0.0,0.0
2008-04-30 00:00:00-04:00,23.754533366406324,23.840913792774536,23.384332356174234,23.446033477783203,1377648,0.0,0.0
2008-05-01 00:00:00-04:00,23.396668291227567,24.038349151611328,23.396668291227567,24.038349151611328,945068,0.0,0.0
2008-05-02 00:00:00-04:00,23.914952638689854,24.050693575517304,23.56943285377521,23.64347267150879,453519,0.0,0.0
2008-05-05 00:00:00-04:00,23.61878770800474,23.680488817293647,23.0881684630772,23.631128311157227,1237964,0.0,0.0
2008-05-06 00:00:00-04:00,23.581759076229762,23.964300474097357,23.408998321936473,23.8902587890625,506453,0.0,0.0
2008-05-07 00:00:00-04:00,23.890267690203842,24.06302850886512,23.569429165719882,23.61878776550293,892823,0.0,0.0
2008-05-08 00:00:00-04:00,23.754521943660404,23.939621406531426,23.668141558829596,23.84090232849121,440195,0.0,0.0
2008-05-09 00:00:00-04:00,23.705175154259212,23.840916109812134,23.58177480552222,23.754535675048828,599805,0.0,0.0
2008-05-12 00:00:00-04:00,23.853247730209226,24.161749463721552,23.75452862440516,24.038349151611328,645692,0.0,0.0
2008-05-13 00:00:00-04:00,24.02600641571646,24.22344651627174,23.9766459139593,24.08770751953125,517509,0.0,0.0
2008-05-14 00:00:00-04:00,24.087702555026908,24.161742339166278,23.79154151199645,23.914941787719727,481464,0.0,0.0
2008-05-15 00:00:00-04:00,23.89026763319494,24.161749463721552,23.779207924237795,24.038349151611328,539582,0.0,0.0
2008-05-16 00:00:00-04:00,23.95196839805079,24.334508025559995,23.93962779507517,24.112388610839844,904568,0.0,0.0
2008-05-19 00:00:00-04:00,24.05068217509028,24.248122230947867,23.853240212759765,24.0260009765625,733536,0.0,0.0
2008-05-20 00:00:00-04:00,23.85324566868603,24.112386873663212,23.828566370986312,24.075366973876953,756459,0.0,0.0
2008-05-21 00:00:00-04:00,24.087704921679727,24.124724817386674,23.72984275239066,23.81622314453125,784040,0.0,0.0
2008-05-22 00:00:00-04:00,23.803887017519276,24.14940671687268,23.705166014004956,24.08770751953125,848718,0.0,0.0
2008-05-23 00:00:00-04:00,23.91494671661787,24.13706611481505,23.692825411947325,24.08770751953125,750465,0.0,0.0
2008-05-27 00:00:00-04:00,24.063026910851995,24.433227823481225,23.939626606642253,24.37152671813965,595229,0.0,0.0
2008-05-28 00:00:00-04:00,24.39621335225402,24.445573866217803,24.087713476309577,24.4332332611084,670397,0.0,0.0
2008-05-29 00:00:00-04:00,24.408547096941216,24.680028915405273,24.248128795446554,24.680028915405273,1119825,0.0,0.0
2008-05-30 00:00:00-04:00,24.58130830771679,24.717049219158785,24.359188896055493,24.59364891052246,1179563,0.0,0.0
2008-06-02 00:00:00-04:00,24.494930502932796,24.61833082467699,24.124731444173896,24.445571899414062,608756,0.0,0.0
2008-06-03 00:00:00-04:00,24.42089045629434,24.593651286369283,24.346850645254694,24.494930267333984,742163,0.0,0.0
2008-06-04 00:00:00-04:00,25.062567163820063,26.32124946014585,24.766407969254,26.2225284576416,3167586,0.0,0.0
2008-06-05 00:00:00-04:00,26.247208318617364,27.02462807105146,25.43276676228332,26.518688201904297,2173352,0.0,0.0
2008-06-06 00:00:00-04:00,26.53103184740118,26.53103184740118,25.27235128707782,25.469791412353516,1137443,0.0,0.0
2008-06-09 00:00:00-04:00,25.469792870357104,26.222533510215495,25.469792870357104,25.963394165039062,897845,0.0,0.0
2008-06-10 00:00:00-04:00,25.82765555231714,26.13615543591124,25.383414728575225,25.877016067504883,420552,0.0,0.0
2008-06-11 00:00:00-04:00,25.86466005255012,26.419960274774592,25.852319454486945,25.914020538330078,778086,0.0,0.0
2008-06-12 00:00:00-04:00,26.222536043696486,26.444657410353027,25.642556182236973,25.839996337890625,690120,0.0,0.0
2008-06-13 00:00:00-04:00,26.025088775431545,26.160829679428005,25.531487567960816,25.716588973999023,517347,0.0,0.0
2008-06-16 00:00:00-04:00,25.531487624055725,25.790628830489226,24.877468119840778,25.704248428344727,831506,0.0,0.0
2008-06-17 00:00:00-04:00,25.69190254101224,25.728922433391045,25.24766383246659,25.60552406311035,1131003,0.0,0.0
2008-06-18 00:00:00-04:00,25.54382711284848,25.90168740151116,25.32170772256404,25.53148651123047,441288,0.0,0.0
2008-06-19 00:00:00-04:00,25.50681225688052,25.593192672336457,25.26001161457032,25.27235221862793,560723,0.0,0.0
2008-06-20 00:00:00-04:00,25.12426914347771,25.272348745926582,24.75406823088213,25.19830894470215,850055,0.0,0.0
2008-06-23 00:00:00-04:00,25.297026519328018,25.6548868079907,25.136606324187046,25.53148651123047,535815,0.0,0.0
2008-06-24 00:00:00-04:00,24.86513163834083,25.43277274095428,24.69237080542186,25.210651397705078,1468530,0.0,0.0
2008-06-25 00:00:00-04:00,25.29702344465939,25.63020439606363,24.963844399728213,25.371063232421875,831465,0.0,0.0
2008-06-26 00:00:00-04:00,25.111927032470703,25.408086219576138,24.80342724374478,25.111927032470703,1262264,0.0,0.0
2008-06-27 00:00:00-04:00,25.099584097281657,26.506345824662336,24.766405042764497,26.062105178833008,6207395,0.0,0.0
2008-06-30 00:00:00-04:00,26.025092814045813,26.062112719703585,25.457451718661723,25.67957305908203,1140156,0.0,0.0
2008-07-01 00:00:00-04:00,25.469790031522088,25.901690162992832,25.297029216344395,25.76595115661621,891122,0.0,0.0
2008-07-02 00:00:00-04:00,25.901684889714677,26.531025007630763,25.889344289293387,26.0867862701416,1235493,0.0,0.0
2008-07-03 00:00:00-04:00,26.049770325695437,26.07444962380743,25.580848409780437,25.642549514770508,411845,0.0,0.0
2008-07-07 00:00:00-04:00,25.61786992326447,25.765951440680848,25.136609281226654,25.297029495239258,963131,0.0,0.0
2008-07-08 00:00:00-04:00,25.18596978703211,25.37106930071069,24.91448986481236,25.297029495239258,1059278,0.0,0.0
2008-07-09 00:00:00-04:00,25.309372124327094,25.61787197397801,25.05023278443295,25.27235221862793,642816,0.0,0.0
2008-07-10 00:00:00-04:00,25.38341490554999,26.025095888042834,25.32171569099055,25.839996337890625,844466,0.0,0.0
2008-07-11 00:00:00-04:00,25.82764545210084,25.87700594798556,25.38340480208466,25.58084487915039,467411,0.0,0.0
2008-07-14 00:00:00-04:00,25.580852365471287,25.77829250031853,25.173631491575826,25.210651397705078,929151,0.0,0.0
2008-07-15 00:00:00-04:00,25.025551576317728,25.5685133706949,24.77875093400753,25.27235221862793,1104192,0.0,0.0
2008-07-16 00:00:00-04:00,24.5196155440085,24.605995973379567,23.49539290407525,23.668153762817383,1781393,0.0,0.0
2008-07-17 00:00:00-04:00,23.70516292947855,23.816222614126005,23.31028277974997,23.507722854614258,1009665,0.0,0.0
2008-07-18 00:00:00-04:00,23.557087574321628,23.729846479262164,23.29794635720064,23.42134666442871,739530,0.0,0.0
2008-07-21 00:00:00-04:00,23.33496385339386,23.5324039433123,23.02646407036003,23.112844467163086,758525,0.0,0.0
2008-07-22 00:00:00-04:00,23.14985785993884,23.816217737862495,23.11283797263601,23.742177963256836,639617,0.0,0.0
2008-07-23 00:00:00-04:00,23.594108813258302,23.803889538084643,23.39666869179632,23.544748306274414,523017,0.0,0.0
2008-07-24 00:00:00-04:00,23.507719626677705,23.655799185874262,23.322620177682005,23.371978759765625,458055,0.0,0.0
2008-07-25 00:00:00-04:00,23.33496302992496,23.754524397741505,23.310283734483534,23.717504501342773,451373,0.0,0.0
2008-07-28 00:00:00-04:00,23.643468914309715,23.927287535028686,23.458367492916523,23.631128311157227,452183,0.0,0.0
2008-07-29 00:00:00-04:00,23.729847474725094,23.729847474725094,23.433688250132658,23.61878776550293,327524,0.0,0.0
2008-07-30 00:00:00-04:00,23.803885447055123,23.939624434840216,22.8290237041796,23.174543380737305,716202,0.0,0.0
2008-07-31 00:00:00-04:00,23.186887165627738,23.384327280266156,22.92774594277347,23.310287475585938,495113,0.0,0.0
2008-08-01 00:00:00-04:00,23.174551492023834,23.347312344007044,22.804352389879675,23.07583236694336,403340,0.0,0.0
2008-08-04 00:00:00-04:00,23.014124482069278,23.075825585276135,22.71796528739106,22.890724182128906,322178,0.0,0.0
2008-08-05 00:00:00-04:00,23.063484983340096,23.100504882674873,22.569885690051947,22.890724182128906,408078,0.0,0.0
2008-08-06 00:00:00-04:00,22.915411822123474,23.137531280517578,22.74265097238992,23.137531280517578,185126,0.0,0.0
2008-08-07 00:00:00-04:00,23.014121079130078,23.32262273660167,22.903061397547376,23.223901748657227,378311,0.0,0.0
2008-08-08 00:00:00-04:00,23.112843744079836,23.61878360120382,23.014122748972465,23.273263931274414,359762,0.0,0.0
2008-08-11 00:00:00-04:00,23.149861306295087,23.39666186270402,22.804341671206387,22.940080642700195,703728,0.0,0.0
2008-08-12 00:00:00-04:00,22.9524270922749,23.347307320581862,22.804347483278164,23.322628021240234,652739,0.0,0.0
2008-08-13 00:00:00-04:00,23.310285398809658,23.458364994977288,23.038805503677892,23.347305297851562,355145,0.0,0.0
2008-08-14 00:00:00-04:00,23.03880611970969,23.396666424332462,23.01412491537292,23.211565017700195,279167,0.0,0.0
2008-08-15 00:00:00-04:00,23.125192216498046,23.668152154983076,23.125192216498046,23.60645294189453,621473,0.0,0.0
2008-08-18 00:00:00-04:00,23.618785349137084,23.939625747270377,23.55708615248376,23.72984504699707,371466,0.0,0.0
2008-08-19 00:00:00-04:00,23.569436472169983,23.939635617671083,23.21157412072871,23.680496215820312,554972,0.0,0.0
2008-08-20 00:00:00-04:00,23.544746819077943,24.087708548657552,23.39666721395325,23.86558723449707,501957,0.0,0.0
2008-08-21 00:00:00-04:00,23.816225447490392,23.939625747270377,23.705165749630407,23.72984504699707,280301,0.0,0.0
2008-08-22 00:00:00-04:00,23.59410127650817,23.8655811184894,23.446021709331674,23.520061492919922,493817,0.0,0.0
2008-08-25 00:00:00-04:00,24.44557454181695,24.470253846243985,23.82857286640224,23.902612686157227,2299469,0.0,0.0
2008-08-26 00:00:00-04:00,24.334508083438973,25.037890044672757,23.655807328215133,24.100048065185547,12173733,0.0,0.0
2008-08-27 00:00:00-04:00,24.10004520341035,24.371525091968135,23.79154541670711,24.309825897216797,911817,0.0,0.0
2008-08-28 00:00:00-04:00,24.24813418105078,24.754074216062406,24.16175375657892,24.729393005371094,576194,0.0,0.0
2008-08-29 00:00:00-04:00,24.59364822533087,24.77874772989165,24.285148415571765,24.741727828979492,715878,0.0,0.0
2008-09-02 00:00:00-04:00,24.75405838796685,25.099577958450308,24.359178334136423,24.408536911010742,907443,0.0,0.0
2008-09-03 00:00:00-04:00,24.297486315670803,24.531946315925612,23.631126214605896,24.08770751953125,1097753,0.0,0.0
2008-09-04 00:00:00-04:00,24.939167594134705,25.74126861369187,24.692366987121208,25.642549514770508,2711759,0.0,0.0
2008-09-05 00:00:00-04:00,25.66722735337464,25.70424725167427,24.85278577783613,25.543827056884766,1445081,0.0,0.0
2008-09-08 00:00:00-04:00,25.87701210049996,25.889350797549938,24.96385128864883,25.099590301513672,1638590,0.0,0.0
2008-09-09 00:00:00-04:00,25.23533578481136,25.358736122943906,24.951515197753906,24.951515197753906,971231,0.0,0.0
2008-09-10 00:00:00-04:00,25.00087571430171,25.01321441358321,24.55663487831934,24.951515197753906,1076126,0.0,0.0
2008-09-11 00:00:00-04:00,24.939171544017,25.037892565047258,24.45791085606032,24.791091918945312,736493,0.0,0.0
2008-09-12 00:00:00-04:00,24.68003153478498,25.37107103747204,24.53195000723177,25.33405113220215,753381,0.0,0.0
2008-09-15 00:00:00-04:00,24.852782773670587,24.852782773670587,23.470702289110328,24.519603729248047,1294947,0.0,0.0
2008-09-16 00:00:00-04:00,24.272813764855158,25.099594296586197,23.96431387945123,25.06257438659668,1108931,0.0,0.0
2008-09-17 00:00:00-04:00,24.852782940364065,24.976183222765183,24.124723752612475,24.48258399963379,1759280,0.0,0.0
2008-09-18 00:00:00-04:00,24.630667145787662,24.75406744607388,23.902605946040975,24.124727249145508,2051244,0.0,0.0
2008-09-19 00:00:00-04:00,24.71705512724425,24.951515197753906,24.59365478911171,24.951515197753906,1310945,0.0,0.0
2008-09-22 00:00:00-04:00,25.55617101415813,25.55617101415813,24.717050031729215,24.828109741210938,988686,0.0,0.0
2008-09-23 00:00:00-04:00,24.93916785328297,25.297028165229126,24.100046924601635,24.346847534179688,1484042,0.0,0.0
2008-09-24 00:00:00-04:00,24.34684152427873,24.35918212365344,23.742180752012132,23.976640701293945,1777910,0.0,0.0
2008-09-25 00:00:00-04:00,24.568967200368498,24.926825581880745,24.334505302436405,24.7047061920166,728757,0.0,0.0
2008-09-26 00:00:00-04:00,24.420881502444505,24.926821296696403,24.396202209971108,24.803422927856445,812349,0.0,0.0
2008-09-29 00:00:00-04:00,24.544291585892946,24.914492559767584,23.668150615587916,23.927289962768555,1103787,0.0,0.0
2008-09-30 00:00:00-04:00,24.14939913401551,25.062559550662538,23.828558833047143,24.96384048461914,1213704,0.0,0.0
2008-10-01 00:00:00-04:00,24.79108753750324,25.087248641778412,24.396207336118593,24.914487838745117,1115451,0.0,0.0
2008-10-02 00:00:00-04:00,24.815763694662422,25.173623951033694,24.68002471500584,24.76640510559082,1516158,0.0,0.0
2008-10-03 00:00:00-04:00,24.791096392085418,24.914496737401922,24.248136397872017,24.272815704345703,1402596,0.0,0.0
2008-10-06 00:00:00-04:00,23.976649206533484,24.18642993795437,23.421348728310974,23.791549682617188,2084940,0.0,0.0
2008-10-07 00:00:00-04:00,24.001327000663185,24.001327000663185,22.866044998168945,22.866044998168945,1981058,0.0,0.0
2008-10-08 00:00:00-04:00,22.792000964042032,23.199221689550537,22.28606116031895,22.96476173400879,1438641,0.0,0.0
2008-10-09 00:00:00-04:00,22.927749939329985,23.19923181244437,22.063949525526265,22.076290130615234,902421,0.0,0.0
2008-10-10 00:00:00-04:00,21.434609780901933,21.82949009027301,20.052528698103174,21.163129806518555,1087790,0.0,0.0
2008-10-13 00:00:00-04:00,21.607367294034287,22.26138687133789,21.595026690499292,22.26138687133789,1109498,0.0,0.0
2008-10-14 00:00:00-04:00,21.595022935922312,22.841364575582542,21.595022935922312,22.273723602294922,1223586,0.0,0.0
2008-10-15 00:00:00-04:00,22.03926512807566,22.187344729023625,21.002704108493127,21.1137638092041,1065515,0.0,0.0
2008-10-16 00:00:00-04:00,21.17546345396539,22.063944891335243,20.829943742309748,21.841825485229492,1075235,0.0,0.0
2008-10-17 00:00:00-04:00,21.47162285768311,22.915404601747692,21.175461766667322,22.224363327026367,590855,0.0,0.0
2008-10-20 00:00:00-04:00,22.58221856875351,23.384319358522955,22.002239024251754,23.371978759765625,511475,0.0,0.0
2008-10-21 00:00:00-04:00,23.11284229775146,23.44602325229793,22.606902472287583,22.74264144897461,890474,0.0,0.0
2008-10-22 00:00:00-04:00,22.384777810554326,22.82901838051758,21.97755712921527,22.212017059326172,966290,0.0,0.0
2008-10-23 00:00:00-04:00,22.82902478380643,22.82902478380643,21.804804400466274,22.100963592529297,1099980,0.0,0.0
2008-10-24 00:00:00-04:00,21.28651808988718,22.5328575266272,20.73121594359662,22.174997329711914,808988,0.0,0.0
2008-10-27 00:00:00-04:00,22.01458109994481,22.668602431033868,21.224820787554876,21.718421936035156,596484,0.0,0.0
2008-10-28 00:00:00-04:00,21.940535899299086,22.668596841854523,21.409914986160228,22.532855987548828,772619,0.0,0.0
2008-10-29 00:00:00-04:00,22.47116088778092,22.754981339004217,21.940539878409265,22.039260864257812,852039,0.0,0.0
2008-10-30 00:00:00-04:00,22.33542397039661,22.5328640706398,22.088625274947642,22.434144973754883,685746,0.0,0.0
2008-10-31 00:00:00-04:00,22.23670513141154,22.91540584133278,22.026924426697207,22.79200553894043,810284,0.0,0.0
2008-11-03 00:00:00-05:00,22.705633655331027,22.989454266670073,22.323093908924626,22.606914520263672,549383,0.0,0.0
2008-11-04 00:00:00-05:00,22.829020964258078,22.952421242462542,22.249041372522793,22.940080642700195,1076855,0.0,0.0
2008-11-05 00:00:00-05:00,22.594565805477465,23.014125315286034,22.19968559396114,22.298404693603516,1102896,0.0,0.0
2008-11-06 00:00:00-05:00,22.150320543482664,22.434140994705967,21.915860585183637,22.039260864257812,939519,0.0,0.0
2008-11-07 00:00:00-05:00,22.33542871257115,22.33542871257115,21.86650861324339,22.236709594726562,812106,0.0,0.0
2008-11-10 00:00:00-05:00,22.829030391870457,22.866050299972457,21.59502900669824,22.55755043029785,738599,0.0,0.0
2008-11-11 00:00:00-05:00,22.397126981558475,22.940086826849914,22.175005658322146,22.841367721557617,526986,0.0,0.0
2008-11-12 00:00:00-05:00,22.631590246501855,23.22391068260766,22.21202874604745,22.55755043029785,1060574,0.0,0.0
2008-11-13 00:00:00-05:00,22.643928766122023,23.803890228271484,22.409466827768803,23.803890228271484,1434348,0.0,0.0
2008-11-14 00:00:00-05:00,23.458367961018492,23.84090950811729,23.05114902006935,23.12518882751465,1187339,0.0,0.0
2008-11-17 00:00:00-05:00,22.95242329694114,23.174542673707354,22.434142844680142,22.483503341674805,780881,0.0,0.0
2008-11-18 00:00:00-05:00,22.71796472922421,23.260924510442976,22.088624549522166,23.014123916625977,1140480,0.0,0.0
2008-11-19 00:00:00-05:00,22.74264276443497,23.692823282095972,21.977561728632217,22.02692222595215,1158138,0.0,0.0
2008-11-20 00:00:00-05:00,21.792468957093938,22.75499037208206,21.409927368164062,21.409927368164062,1347921,0.0,0.0
2008-11-21 00:00:00-05:00,21.866506338612652,22.323087692260742,21.076745852114552,22.323087692260742,1250964,0.0,0.0
2008-11-24 00:00:00-05:00,21.385254639198692,22.360116958618164,20.81761333691582,22.360116958618164,1927355,0.0,0.0
2008-11-25 00:00:00-05:00,22.5822168884139,22.890716582608928,21.01503531528791,21.08907699584961,3605108,0.0,0.0
2008-11-26 00:00:00-05:00,20.817606437717618,21.915868759155273,20.817606437717618,21.915868759155273,852687,0.0,0.0
2008-11-28 00:00:00-05:00,22.150330490267663,22.199691005357675,21.66906975770626,21.96523094177246,393458,0.0,0.0
2008-12-01 00:00:00-05:00,21.483959359387054,22.162659903077444,21.385238379063075,21.44693946838379,902340,0.0,0.0
2008-12-02 00:00:00-05:00,21.767790498622126,22.113310286712977,20.903988168684226,21.632049560546875,1334192,0.0,0.0
2008-12-03 00:00:00-05:00,21.286533153295974,22.11331379886661,21.113772278574825,22.088634490966797,769298,0.0,0.0
2008-12-04 00:00:00-05:00,21.91586320499541,22.21202238499774,21.471622528518665,21.878843307495117,1118529,0.0,0.0
2008-12-05 00:00:00-05:00,21.767796345726,22.421816188378564,21.200155043443132,22.360116958618164,684086,0.0,0.0
2008-12-08 00:00:00-05:00,22.668607421459853,22.816687036013963,22.088627660140546,22.73030662536621,1110672,0.0,0.0
2008-12-09 00:00:00-05:00,22.643924769024284,22.95242455583342,22.384783575443844,22.63158416748047,911088,0.0,0.0
2008-12-10 00:00:00-05:00,22.841367895018294,23.42134764750799,22.471166957795397,22.80434799194336,1001039,0.0,0.0
2008-12-11 00:00:00-05:00,22.61923937654652,23.322621124222376,21.73075817236277,22.717960357666016,851918,0.0,0.0
2008-12-12 00:00:00-05:00,22.273728275379227,23.322630045237286,22.273728275379227,23.297948837280273,877230,0.0,0.0
2008-12-15 00:00:00-05:00,23.260930414224752,23.297950322045875,22.65626937784802,22.989450454711914,604706,0.0,0.0
2008-12-16 00:00:00-05:00,23.112842867634043,23.470703125,22.8290224005544,23.470703125,735480,0.0,0.0
2008-12-17 00:00:00-05:00,23.23624315360228,23.66814320125456,23.075822972490883,23.470703125,1141776,0.0,0.0
2008-12-18 00:00:00-05:00,23.5447453382702,23.69282493408167,23.088165949027054,23.35964584350586,836406,0.0,0.0
2008-12-19 00:00:00-05:00,23.581760839947457,23.988981558968142,23.483041763305664,23.483041763305664,1839429,0.0,0.0
2008-12-22 00:00:00-05:00,23.64347363527887,23.717513456030506,23.088173073167688,23.446033477783203,997110,0.0,0.0
2008-12-23 00:00:00-05:00,23.53240320710317,23.63112420221054,23.08816444853959,23.273263931274414,668088,0.0,0.0
2008-12-24 00:00:00-05:00,23.24858682420535,23.446026926532628,23.026465517541304,23.211565017700195,223479,0.0,0.0
2008-12-26 00:00:00-05:00,23.26092136964697,23.384321649893398,23.100501195973912,23.285602569580078,250695,0.0,0.0
2008-12-29 00:00:00-05:00,23.248583808534697,23.507723075143108,23.19922331273729,23.458362579345703,487053,0.0,0.0
2008-12-30 00:00:00-05:00,23.54474310991136,23.87792407542705,23.44602402420461,23.853242874145508,541161,0.0,0.0
2008-12-31 00:00:00-05:00,23.791548527390876,24.14940886056847,23.668148215280652,24.038349151611328,930852,0.0,0.0
2009-01-02 00:00:00-05:00,24.026015013712687,24.37153483671448,23.840915448974947,24.272815704345703,582552,0.0,0.0
2009-01-05 00:00:00-05:00,24.211111429498008,24.618332325431002,24.11239230996886,24.531951904296875,1054013,0.0,0.0
2009-01-06 00:00:00-05:00,24.605978844398603,24.605978844398603,24.087698535437088,24.408536911010742,700529,0.0,0.0
2009-01-07 00:00:00-05:00,24.16175055947324,24.445571099550857,23.902609320347477,24.211109161376953,553149,0.0,0.0
2009-01-08 00:00:00-05:00,24.211114578450427,24.35919613671466,24.001335707239004,24.272815704345703,411359,0.0,0.0
2009-01-09 00:00:00-05:00,24.186431038538366,24.22345094500619,23.56943132642556,23.964311599731445,541080,0.0,0.0
2009-01-12 00:00:00-05:00,23.91495106714077,23.91495106714077,23.359650564156162,23.56943130493164,567891,0.0,0.0
2009-01-13 00:00:00-05:00,23.53240494864376,23.80388675204373,23.223905152430465,23.72984504699707,586035,0.0,0.0
2009-01-14 00:00:00-05:00,23.359650898778966,23.606451549523882,23.00179052714096,23.100509643554688,705065,0.0,0.0
2009-01-15 00:00:00-05:00,22.97710724214364,23.544748306274414,22.668607409823085,23.544748306274414,791046,0.0,0.0
2009-01-16 00:00:00-05:00,23.569428024247685,24.03834804479151,23.458366413930722,23.86558723449707,1006020,0.0,0.0
2009-01-20 00:00:00-05:00,23.890259123426432,24.063019880137652,23.322620177682005,23.371978759765625,788171,0.0,0.0
2009-01-21 00:00:00-05:00,23.655800636758954,23.914941787719727,23.409000085312403,23.914941787719727,723573,0.0,0.0
2009-01-22 00:00:00-05:00,23.520067285931514,24.988528439376147,23.458366180095638,24.741727828979492,1830195,0.0,0.0
2009-01-23 00:00:00-05:00,24.13707160949707,24.680033439481623,23.81623113474786,24.13707160949707,1071306,0.0,0.0
2009-01-26 00:00:00-05:00,24.12473121213576,24.61833058789128,24.03835079709829,24.494930267333984,741758,0.0,0.0
2009-01-27 00:00:00-05:00,24.61833082467699,24.61833082467699,24.24813176591809,24.445571899414062,460971,0.0,0.0
2009-01-28 00:00:00-05:00,24.71704844854677,24.71704844854677,24.075367626233195,24.346847534179688,466358,0.0,0.0
2009-01-29 00:00:00-05:00,24.198766202780426,24.396206295047293,23.939625009288942,24.309825897216797,486203,0.0,0.0
2009-01-30 00:00:00-05:00,24.248132175029795,24.519612124857925,24.14941115337936,24.35919189453125,600575,0.0,0.0
2009-02-02 00:00:00-05:00,24.12473086754501,24.65535014124114,23.84091032496461,24.568971633911133,843170,0.0,0.0
2009-02-03 00:00:00-05:00,24.667690745062696,24.667690745062696,24.100049659901895,24.568971633911133,578786,0.0,0.0
2009-02-04 00:00:00-05:00,24.556627816648856,24.914488122382316,24.38386701164878,24.852787017822266,877433,0.0,0.0
2009-02-05 00:00:00-05:00,24.76641386443541,24.877473588833375,24.43323278476773,24.531951904296875,589599,0.0,0.0
2009-02-06 00:00:00-05:00,24.643007436070363,25.124268029157566,24.43322673758979,25.02554702758789,732362,0.0,0.0
2009-02-09 00:00:00-05:00,24.9885197745118,25.198300411254063,24.828099624027615,24.96384048461914,438494,0.0,0.0
2009-02-10 00:00:00-05:00,24.902143267594575,25.062563442992744,24.445563941598596,24.519603729248047,529821,0.0,0.0
2009-02-11 00:00:00-05:00,24.531942422874252,24.655342704447694,24.33450235365136,24.519603729248047,407633,0.0,0.0
2009-02-12 00:00:00-05:00,24.32216979370073,24.828109741210938,24.22344878095684,24.828109741210938,463563,0.0,0.0
2009-02-13 00:00:00-05:00,24.86512672745854,24.926825923330426,24.42088603517172,24.630666732788086,468504,0.0,0.0
2009-02-17 00:00:00-05:00,24.64301242693976,24.64301242693976,23.927289786789917,23.964311599731445,749048,0.0,0.0
2009-02-18 00:00:00-05:00,23.902599387647115,24.13705932191782,23.618778965510778,23.8902587890625,581945,0.0,0.0
2009-02-19 00:00:00-05:00,23.988985397927493,24.248126590219393,23.359645225894685,23.495384216308594,539379,0.0,0.0
2009-02-20 00:00:00-05:00,23.260926455679563,24.531947523007904,22.224365400142524,23.42134666442871,755649,0.0,0.0
2009-02-23 00:00:00-05:00,23.483049760022237,23.532408361914804,22.816687663262794,23.001789093017578,793314,0.0,0.0
2009-02-24 00:00:00-05:00,23.088180029924473,23.236259716046003,22.70563829881121,23.186899185180664,623255,0.0,0.0
2009-02-25 00:00:00-05:00,23.199225599897186,23.29794469475137,22.74264430508581,22.952425003051758,838796,0.0,0.0
2009-02-26 00:00:00-05:00,23.22390770588977,23.273268212523597,22.656266645784598,22.7673282623291,651605,0.0,0.0
2009-02-27 00:00:00-05:00,22.55754496397207,23.680486352718088,22.22436396531937,23.334964752197266,1164578,0.0,0.0
2009-03-02 00:00:00-05:00,23.174533679935493,23.27325463561234,22.174993059451495,22.286054611206055,1049639,0.0,0.0
2009-03-03 00:00:00-05:00,22.520518454502596,22.520518454502596,21.6937365014862,21.817136764526367,1302683,0.0,0.0
2009-03-04 00:00:00-05:00,22.11330189973059,22.508182052488067,21.69374054588007,22.187341690063477,649661,0.0,0.0
2009-03-05 00:00:00-05:00,22.076292013591893,22.45883173924007,21.57035194595018,21.693750381469727,981842,0.0,0.0
2009-03-06 00:00:00-05:00,21.78012337949826,22.088625082449308,21.23716358517963,21.644384384155273,850379,0.0,0.0
2009-03-09 00:00:00-04:00,21.483961451455947,21.595021135280525,20.817599535562266,20.97801971435547,698544,0.0,0.0
2009-03-10 00:00:00-04:00,21.261840359372382,21.792461395263672,20.978019893964166,21.792461395263672,718875,0.0,0.0
2009-03-11 00:00:00-04:00,22.002241882443755,22.002241882443755,20.953340420107708,20.97801971435547,974835,0.0,0.0
2009-03-12 00:00:00-04:00,21.10142721001462,21.558008608184494,21.02738739549491,21.471628189086914,1030887,0.0,0.0
2009-03-13 00:00:00-04:00,21.706085205078125,22.076286132436667,21.27418507639657,21.706085205078125,1018737,0.0,0.0
2009-03-16 00:00:00-04:00,21.92820768078304,21.92820768078304,21.397588374567206,21.471628189086914,789264,0.0,0.0
2009-03-17 00:00:00-04:00,21.409928834735098,21.891189575195312,21.348229619715333,21.891189575195312,1001687,0.0,0.0
2009-03-18 00:00:00-04:00,21.90352237949185,22.199683462936267,21.644383099642056,21.92820167541504,962523,0.0,0.0
2009-03-19 00:00:00-04:00,22.12564482056803,22.12564482056803,21.052063935209738,21.261842727661133,1293125,0.0,0.0
2009-03-20 00:00:00-04:00,21.28652536545116,21.63204508200816,20.953344345092773,20.953344345092773,1069808,0.0,0.0
2009-03-23 00:00:00-04:00,21.24950229235865,21.409920570785456,20.28698118295879,21.224821090698242,1346585,0.0,0.0
2009-03-24 00:00:00-04:00,21.064407302754766,22.12564972813393,21.002708092812924,21.471628189086914,1206131,0.0,0.0
2009-03-25 00:00:00-04:00,21.940546559969725,22.08862808383785,21.434606596222686,21.829486846923828,1329372,0.0,0.0
2009-03-26 00:00:00-04:00,22.3230840492627,22.915404317473037,21.82948287251746,22.705623626708984,2105757,0.0,0.0
2009-03-27 00:00:00-04:00,22.421805990051748,22.68094721271619,22.22436587555796,22.495845794677734,818789,0.0,0.0
2009-03-30 00:00:00-04:00,22.261383115327664,23.211563671838537,21.8048037392515,23.088165283203125,1033641,0.0,0.0
2009-03-31 00:00:00-04:00,23.260935951831918,23.371995701734697,22.792015736815156,23.038816452026367,990711,0.0,0.0
2009-04-01 00:00:00-04:00,22.96476487634257,23.211563558885675,22.619243289130356,23.112844467163086,684248,0.0,0.0
2009-04-02 00:00:00-04:00,23.3596485625274,23.409007162560933,22.767328203863155,22.779666900634766,1072359,0.0,0.0
2009-04-03 00:00:00-04:00,22.79200553894043,22.9400851392219,22.594565436407343,22.79200553894043,910805,0.0,0.0
2009-04-06 00:00:00-04:00,22.730307134758704,23.051149484272045,22.643928628648748,23.02646827697754,966776,0.0,0.0
2009-04-07 00:00:00-04:00,22.742638331609566,22.866038597620538,21.619697245440705,22.137977600097656,1832099,0.0,0.0
2009-04-08 00:00:00-04:00,22.162666148978797,22.236705951851285,21.545664614252313,22.19968605041504,922631,0.0,0.0
2009-04-09 00:00:00-04:00,22.32308409770131,22.49584298475841,21.767783725894603,21.854162216186523,929516,0.0,0.0
2009-04-13 00:00:00-04:00,21.644374118723864,22.458813423931883,21.644374118723864,22.286054611206055,966290,0.0,0.0
2009-04-14 00:00:00-04:00,22.261384362029627,22.44648576829549,21.977563858032227,21.977563858032227,714582,0.0,0.0
2009-04-15 00:00:00-04:00,21.97755728680944,22.18733792816607,21.767778551925613,22.174997329711914,714704,0.0,0.0
2009-04-16 00:00:00-04:00,22.22436102327625,22.81668123743536,22.17500052881139,22.74264144897461,636174,0.0,0.0
2009-04-17 00:00:00-04:00,22.8290241463017,22.8290241463017,22.384783464139343,22.65626335144043,569592,0.0,0.0
2009-04-20 00:00:00-04:00,22.56987948437246,22.56987948437246,22.100957710941646,22.137977600097656,764235,0.0,0.0
2009-04-21 00:00:00-04:00,22.088621357182088,22.125641250257036,21.804800905958786,22.039260864257812,1055714,0.0,0.0
2009-04-22 00:00:00-04:00,21.952888547500606,22.29840831202748,21.74310780531792,21.940547943115234,721184,0.0,0.0
2009-04-23 00:00:00-04:00,21.80480546997447,21.915865172445493,21.40992335039958,21.866504669189453,855644,0.0,0.0
2009-04-24 00:00:00-04:00,21.9775694003981,22.150330248087325,21.718430035338113,22.014589309692383,559872,0.0,0.0
2009-04-27 00:00:00-04:00,21.841831982300587,22.594572735533784,21.81715076996488,22.458831787109375,752531,0.0,0.0
2009-04-28 00:00:00-04:00,22.421803140727796,22.77966342192612,22.298402846541485,22.705623626708984,685625,0.0,0.0
2009-04-29 00:00:00-04:00,22.76732791597001,23.137526943908032,22.6809475072933,22.841367721557617,869090,0.0,0.0
2009-04-30 00:00:00-04:00,22.94008533824416,22.94008533824416,22.187344821651603,22.335424423217773,1484609,0.0,0.0
2009-05-01 00:00:00-04:00,22.29840483211451,22.680946350097656,22.063944824224887,22.680946350097656,876461,0.0,0.0
2009-05-04 00:00:00-04:00,22.49584625768751,22.81668668865265,22.36010724857059,22.80434799194336,619569,0.0,0.0
2009-05-05 00:00:00-04:00,22.804347522583996,22.804347522583996,22.40946538712292,22.495845794677734,653144,0.0,0.0
2009-05-06 00:00:00-04:00,22.643925847936526,22.792005447624717,22.26138434011087,22.397125244140625,736128,0.0,0.0
2009-05-07 00:00:00-04:00,22.619246684341935,22.903067213665675,22.409465961542033,22.779666900634766,748602,0.0,0.0
2009-05-08 00:00:00-04:00,22.853706418173203,22.903066924056112,22.668606904204193,22.841367721557617,617220,0.0,0.0
2009-05-11 00:00:00-04:00,22.495840883123375,22.890721025896116,22.347761306201868,22.74264144897461,349677,0.0,0.0
2009-05-12 00:00:00-04:00,22.792006052812727,22.829025953717753,22.421805137289066,22.680946350097656,387626,0.0,0.0
2009-05-13 00:00:00-04:00,22.569883883524998,22.65626237074339,21.86650203951727,22.02692222595215,623862,0.0,0.0
2009-05-14 00:00:00-04:00,22.137984060010176,22.24904566635904,21.91586466025919,21.977563858032227,446877,0.0,0.0
2009-05-15 00:00:00-04:00,21.841832321954595,22.12565292291086,21.706091371419326,22.00225257873535,545778,0.0,0.0
2009-05-18 00:00:00-04:00,22.100968094331016,22.100968094331016,21.298866941656126,21.558008193969727,1182074,0.0,0.0
2009-05-19 00:00:00-04:00,21.37290411140387,21.619704728853005,21.01504378804466,21.31120491027832,1419728,0.0,0.0
2009-05-20 00:00:00-04:00,20.768252452109802,21.45929213859521,19.669989886397747,21.32355308532715,2708397,0.0,0.0
2009-05-21 00:00:00-04:00,21.052067328306986,21.311206663414882,20.842286595570553,20.94100570678711,1234035,0.0,0.0
2009-05-22 00:00:00-04:00,20.953340365498054,21.12610114420143,20.755900292611233,20.990360260009766,752693,0.0,0.0
2009-05-26 00:00:00-04:00,20.953349046392084,21.49630899515884,20.879309226694243,21.163129806518555,654116,0.0,0.0
2009-05-27 00:00:00-04:00,21.17548159314954,21.459302348391383,21.076762408029587,21.212501525878906,794610,0.0,0.0
2009-05-28 00:00:00-04:00,21.274188048209773,21.57034921276236,21.002708092812924,21.471628189086914,543429,0.0,0.0
2009-05-29 00:00:00-04:00,21.483968380872614,21.558008193969727,21.224827128559014,21.558008193969727,820085,0.0,0.0
2009-06-01 00:00:00-04:00,21.595022822344053,21.98990299999599,21.595022822344053,21.878843307495117,819842,0.0,0.0
2009-06-02 00:00:00-04:00,21.87885051698341,22.137989884876692,21.570350634000114,21.96523094177246,1704483,0.0,0.0
2009-06-03 00:00:00-04:00,22.002242405764004,22.16266258837278,21.496300656629774,21.718421936035156,1519074,0.0,0.0
2009-06-04 00:00:00-04:00,22.829031694531317,23.38433225422146,22.520531807253217,23.07583236694336,2065500,0.0,0.0
2009-06-05 00:00:00-04:00,23.260919090368205,23.433679847079425,23.001779861774228,23.371978759765625,879498,0.0,0.0
2009-06-08 00:00:00-04:00,23.162203241538585,23.223902430961754,22.162662264982206,22.643922805786133,1828494,0.0,0.0
2009-06-09 00:00:00-04:00,22.754987017342174,22.81668621903933,22.44648719590941,22.495845794677734,1029146,0.0,0.0
2009-06-10 00:00:00-04:00,22.619244643672914,22.643925847936526,22.162665242476532,22.397125244140625,1088924,0.0,0.0
2009-06-11 00:00:00-04:00,22.409468527573033,22.606910576209735,22.16266977972468,22.236709594726562,1655195,0.0,0.0
2009-06-12 00:00:00-04:00,22.19968514239858,22.458824441852915,22.125645342554485,22.397125244140625,596889,0.0,0.0
2009-06-15 00:00:00-04:00,22.32309079355168,22.42180991484196,21.977569102851128,22.076290130615234,717174,0.0,0.0
2009-06-16 00:00:00-04:00,22.150326701535665,22.212025904989353,21.915866678053977,21.9528865814209,714096,0.0,0.0
2009-06-17 00:00:00-04:00,21.95288204722068,22.212021317265897,21.903521550768634,22.11330223083496,582755,0.0,0.0
2009-06-18 00:00:00-04:00,22.088625498362727,22.483505702843114,22.014583791858453,22.384784698486328,533061,0.0,0.0
2009-06-19 00:00:00-04:00,22.483505702843114,22.594565402889465,22.298404296292485,22.384784698486328,558293,0.0,0.0
2009-06-22 00:00:00-04:00,22.224364271473572,22.61924447195995,22.224364271473572,22.434144973754883,718673,0.0,0.0
2009-06-23 00:00:00-04:00,22.508187491812574,22.742647520017325,22.298406764191743,22.668607711791992,1022868,0.0,0.0
2009-06-24 00:00:00-04:00,22.656266006858534,22.77966631672634,22.44648719590941,22.495845794677734,576275,0.0,0.0
2009-06-25 00:00:00-04:00,22.372446572417076,22.680948315320745,22.323087971249244,22.668607711791992,466520,0.0,0.0
2009-06-26 00:00:00-04:00,22.668603729100415,22.767324727038766,22.397123844479836,22.705623626708984,1413369,0.0,0.0
2009-06-29 00:00:00-04:00,22.6809475072933,22.841367721557617,22.384786378469368,22.841367721557617,480330,0.0,0.0
2009-06-30 00:00:00-04:00,22.792005086060612,22.890724182128906,22.619244284849422,22.890724182128906,717944,0.0,0.0
2009-07-01 00:00:00-04:00,22.927744195208554,23.075825699755637,22.80434580112934,22.866044998168945,766220,0.0,0.0
2009-07-02 00:00:00-04:00,22.717967115029182,22.767327620271004,22.002246461680006,22.495845794677734,1901516,0.0,0.0
2009-07-06 00:00:00-04:00,22.347763622743507,22.458823316946948,22.026923235173598,22.224363327026367,710856,0.0,0.0
2009-07-07 00:00:00-04:00,22.212025020109213,22.212025020109213,21.69374448714596,21.730764389038086,872573,0.0,0.0
2009-07-08 00:00:00-04:00,21.841828748491125,21.841828748491125,21.36056805688619,21.558008193969727,871722,0.0,0.0
2009-07-09 00:00:00-04:00,21.681402350210934,21.681402350210934,21.200141795511,21.224821090698242,520101,0.0,0.0
2009-07-10 00:00:00-04:00,21.286525611122798,21.520985625757437,21.07674489564368,21.31120491027832,942476,0.0,0.0
2009-07-13 00:00:00-04:00,21.311207313605657,21.681408281528014,21.13844648061382,21.60736846923828,661932,0.0,0.0
2009-07-14 00:00:00-04:00,21.582686213617215,21.86650675127246,21.50864640491995,21.829486846923828,612158,0.0,0.0
2009-07-15 00:00:00-04:00,21.952893531332446,22.088634490966797,21.755453348711484,22.088634490966797,784364,0.0,0.0
2009-07-16 00:00:00-04:00,21.989905565107865,22.335425284239708,21.854164654123853,22.150325775146484,1108445,0.0,0.0
2009-07-17 00:00:00-04:00,22.249041529331212,22.323081315481115,21.903519985334317,22.039260864257812,552623,0.0,0.0
2009-07-20 00:00:00-04:00,22.100963592529297,22.113304194356363,21.87884419848203,22.100963592529297,742811,0.0,0.0
2009-07-21 00:00:00-04:00,22.051608050084546,22.27372747487288,21.9035265270854,22.26138687133789,707616,0.0,0.0
2009-07-22 00:00:00-04:00,22.13798892984345,22.68095075946245,22.076289718498046,22.55755043029785,657639,0.0,0.0
2009-07-23 00:00:00-04:00,22.39712732829751,22.66860725514612,21.84182687132013,21.9528865814209,1314630,0.0,0.0
2009-07-24 00:00:00-04:00,22.026923235173598,22.33542302122981,21.829483143320832,22.224363327026367,815508,0.0,0.0
2009-07-27 00:00:00-04:00,22.13797728207776,22.26137754631604,22.076278103195015,22.212017059326172,439628,0.0,0.0
2009-07-28 00:00:00-04:00,22.212019946285174,22.495840400274894,22.088621572481248,22.42180061340332,506858,0.0,0.0
2009-07-29 00:00:00-04:00,22.335420226562142,22.471161106808715,22.249041746194,22.42180061340332,447404,0.0,0.0
2009-07-30 00:00:00-04:00,22.26138442930066,22.87838594126241,22.26138442930066,22.79200553894043,904082,0.0,0.0
2009-07-31 00:00:00-04:00,22.792007742809794,22.890726850385274,22.273727185236222,22.323087692260742,733050,0.0,0.0
2009-08-03 00:00:00-04:00,22.458830741862325,22.483511953049355,21.891189575195312,21.891189575195312,945068,0.0,0.0
2009-08-04 00:00:00-04:00,21.989910005654146,22.224370066675895,21.79246985392668,22.014589309692383,793922,0.0,0.0
2009-08-05 00:00:00-04:00,22.076281916229,22.088622516726144,21.693740459075606,21.780120849609375,456314,0.0,0.0
2009-08-06 00:00:00-04:00,21.804799685730615,21.878839467737144,21.3975789782218,21.44693946838379,791573,0.0,0.0
2009-08-07 00:00:00-04:00,21.65672050955605,21.792461395263672,21.55800142524669,21.792461395263672,523544,0.0,0.0
2009-08-10 00:00:00-04:00,21.644391769851506,21.89119054736459,21.632051163709953,21.693750381469727,411966,0.0,0.0
2009-08-11 00:00:00-04:00,21.693739373808654,21.84182085294699,21.595020294189453,21.595020294189453,501674,0.0,0.0
2009-08-12 00:00:00-04:00,21.595026817224625,22.08862808383785,21.595026817224625,21.829486846923828,571536,0.0,0.0
2009-08-13 00:00:00-04:00,21.95287762581238,21.95287762581238,21.6320373232025,21.817136764526367,621675,0.0,0.0
2009-08-14 00:00:00-04:00,21.730766238202367,21.817146652125636,21.595027221871774,21.743106842041016,359397,0.0,0.0
2009-08-17 00:00:00-04:00,21.65672050955605,21.81714068972273,21.5456608247806,21.792461395263672,809960,0.0,0.0
2009-08-18 00:00:00-04:00,21.86650359665496,22.224363891379998,21.74310329780426,22.100963592529297,886140,0.0,0.0
2009-08-19 00:00:00-04:00,21.89118592355041,22.33542667960067,21.85416601941902,22.26138687133789,689877,0.0,0.0
2009-08-20 00:00:00-04:00,22.298403123161997,22.360104224257203,22.175002827444857,22.224363327026367,779463,0.0,0.0
2009-08-21 00:00:00-04:00,22.27372986386665,22.582229733541254,22.162670139560646,22.55755043029785,634190,0.0,0.0
2009-08-24 00:00:00-04:00,22.545203487549315,22.55754408893873,22.21202250182109,22.273723602294922,649418,0.0,0.0
2009-08-25 00:00:00-04:00,22.397125699719304,22.508185401744505,22.22436489225338,22.298404693603516,686111,0.0,0.0
2009-08-26 00:00:00-04:00,22.31074405709717,22.56988525390625,22.21202305646324,22.56988525390625,537881,0.0,0.0
2009-08-27 00:00:00-04:00,22.569888084308406,22.82902740714184,22.372446058280115,22.779666900634766,556875,0.0,0.0
2009-08-28 00:00:00-04:00,22.829025439010795,22.866045339081165,22.656264634366828,22.79200553894043,544887,0.0,0.0
2009-08-31 00:00:00-04:00,22.66861080826831,22.829031050160737,22.53286987033093,22.81669044494629,800240,0.0,0.0
2009-09-01 00:00:00-04:00,22.705632471622486,22.705632471622486,22.088632666813698,22.458831787109375,895212,0.0,0.0
2009-09-02 00:00:00-04:00,22.49584281898969,22.69328290736665,22.236703537076973,22.31074333190918,1322852,0.0,0.0
2009-09-03 00:00:00-04:00,22.532861967678702,22.606903666523873,21.385241372966444,22.051603317260742,1854293,0.0,0.0
2009-09-04 00:00:00-04:00,22.00224569179701,22.039265592814633,21.607365476626725,21.841825485229492,1296608,0.0,0.0
2009-09-08 00:00:00-04:00,21.977570001402107,22.0639504276089,21.743109933968757,21.891189575195312,811944,0.0,0.0
2009-09-09 00:00:00-04:00,21.89118211387542,22.150323304170954,21.767783725894603,21.854162216186523,602397,0.0,0.0
2009-09-10 00:00:00-04:00,21.81714549237222,21.989906311035156,21.644386580182815,21.989906311035156,569106,0.0,0.0
2009-09-11 00:00:00-04:00,22.175009794575733,22.175009794575733,21.84183060728437,21.96523094177246,611348,0.0,0.0
2009-09-14 00:00:00-04:00,21.85416105431659,22.162662727287007,21.829481759327145,22.11330223083496,748359,0.0,0.0
2009-09-15 00:00:00-04:00,22.026922897496284,22.088623997645602,21.841823409994827,21.878843307495117,903798,0.0,0.0
2009-09-16 00:00:00-04:00,21.977563858032227,22.150324662154134,21.854163556012775,21.977563858032227,587696,0.0,0.0
2009-09-17 00:00:00-04:00,21.915862980690058,22.07628317037386,21.780122086929442,21.92820167541504,627021,0.0,0.0
2009-09-18 00:00:00-04:00,21.952883214339085,22.026923009716878,21.841823521272396,21.854162216186523,700853,0.0,0.0
2009-09-21 00:00:00-04:00,21.767792496744093,22.063951797586093,21.706091371419326,22.00225257873535,934578,0.0,0.0
2009-09-22 00:00:00-04:00,21.965221132325762,22.03926091865842,21.496299308097228,21.595020294189453,1365782,0.0,0.0
2009-09-23 00:00:00-04:00,21.656729104512976,21.841830559073482,21.545669375660992,21.58268928527832,983259,0.0,0.0
2009-09-24 00:00:00-04:00,21.61970183217845,21.6690623303495,21.4099211448064,21.52098274230957,848313,0.0,0.0
2009-09-25 00:00:00-04:00,21.43460828182706,21.595028515444348,21.31120795546963,21.471628189086914,933485,0.0,0.0
2009-09-28 00:00:00-04:00,21.570348563093415,21.74310748961156,21.49630684432999,21.60736846923828,1037448,0.0,0.0
2009-09-29 00:00:00-04:00,21.558006518405378,21.89118565144652,21.4592855042997,21.50864601135254,1244727,0.0,0.0
2009-09-30 00:00:00-04:00,21.595023882906304,21.656723079612508,21.409922479841008,21.644384384155273,885695,0.0,0.0
2009-10-01 00:00:00-04:00,21.644390586450946,21.693749195370504,21.483970341277676,21.545669555664062,1265787,0.0,0.0
2009-10-02 00:00:00-04:00,21.385249310490792,21.582689465590672,21.286530186177792,21.545669555664062,1174946,0.0,0.0
2009-10-05 00:00:00-04:00,21.533330127525527,21.70609098761128,21.42227039167354,21.693750381469727,1336136,0.0,0.0
2009-10-06 00:00:00-04:00,21.743104948667916,22.212024976019734,21.5826847386293,22.150325775146484,1266597,0.0,0.0
2009-10-07 00:00:00-04:00,22.17500421936329,22.508185229360567,22.039265220085433,22.335424423217773,1026756,0.0,0.0
2009-10-08 00:00:00-04:00,22.347763675687467,23.06348424865852,22.236703981220913,23.051145553588867,2168127,0.0,0.0
2009-10-09 00:00:00-04:00,23.001790292476496,23.149869918823242,22.940089177182877,23.149869918823242,1015821,0.0,0.0
2009-10-12 00:00:00-04:00,23.149866307036003,23.186886207846932,22.582225285970534,22.69328498840332,1595538,0.0,0.0
2009-10-13 00:00:00-04:00,22.643913669519172,22.71795342954298,22.39711319845824,22.54519271850586,760955,0.0,0.0
2009-10-14 00:00:00-04:00,22.643922312204165,22.779661288565602,22.434141641086487,22.754981994628906,859370,0.0,0.0
2009-10-15 00:00:00-04:00,22.717975903546638,23.22391603519766,22.65627477150672,23.038816452026367,1722182,0.0,0.0
2009-10-16 00:00:00-04:00,22.91541152617531,23.322632434445865,22.878391616921064,23.19923210144043,956610,0.0,0.0
2009-10-19 00:00:00-04:00,23.14986514512406,23.409004437794135,22.853704047027794,23.35964584350586,796595,0.0,0.0
2009-10-20 00:00:00-04:00,23.322630991814602,23.322630991814602,22.964770620176598,23.100509643554688,879579,0.0,0.0
2009-10-21 00:00:00-04:00,23.02647090061395,23.199231745465443,22.841371357182936,22.87839126586914,1014606,0.0,0.0
2009-10-22 00:00:00-04:00,22.816683822867034,23.162205416800155,22.816683822867034,23.014123916625977,731876,0.0,0.0
2009-10-23 00:00:00-04:00,23.014123750605936,23.038804953693568,22.495843269918343,22.63158416748047,725882,0.0,0.0
2009-10-26 00:00:00-04:00,22.606905719608392,22.89072431398544,22.409463713387808,22.44648551940918,763466,0.0,0.0
2009-10-27 00:00:00-04:00,22.44648574619448,22.77966484549291,22.32308544429653,22.397125244140625,739166,0.0,0.0
2009-10-28 00:00:00-04:00,22.421798021275606,22.60689937352847,22.137977600097656,22.137977600097656,719969,0.0,0.0
2009-10-29 00:00:00-04:00,22.18734337278644,22.668603952922883,22.15032347481235,22.65626335144043,986580,0.0,0.0
2009-10-30 00:00:00-04:00,22.532862882447308,22.63158388059987,21.841823521272396,21.854162216186523,1240434,0.0,0.0
2009-11-02 00:00:00-05:00,21.878845386247118,21.98990508929999,21.59502487412971,21.841825485229492,1288751,0.0,0.0
2009-11-03 00:00:00-05:00,21.706089430082066,22.150330248087325,21.669069520787783,22.014589309692383,1343912,0.0,0.0
2009-11-04 00:00:00-05:00,21.965227011143394,22.3971271513272,21.903525901703688,21.989906311035156,1273644,0.0,0.0
2009-11-05 00:00:00-05:00,22.199690047662646,22.55755043029785,22.051610415254643,22.55755043029785,798134,0.0,0.0
2009-11-06 00:00:00-05:00,22.434150748036895,22.81669044494629,22.335429719269012,22.81669044494629,945918,0.0,0.0
2009-11-09 00:00:00-05:00,22.779668455633928,23.05115030671811,22.754989153932488,22.853708267211914,788495,0.0,0.0
2009-11-10 00:00:00-05:00,22.74264723578527,22.754987839159792,22.31074708888622,22.323087692260742,1378944,0.0,0.0
2009-11-11 00:00:00-05:00,22.483509122106092,22.545208329357184,22.29840768740548,22.471168518066406,846815,0.0,0.0
2009-11-12 00:00:00-05:00,22.372448983314055,22.60691094325845,22.33542907521205,22.55755043029785,672017,0.0,0.0
2009-11-13 00:00:00-05:00,22.680947852338285,22.816686862489384,22.483507732276518,22.7673282623291,777195,0.0,0.0
2009-11-16 00:00:00-05:00,22.84136806904307,22.94008717583718,22.693286549141582,22.7673282623291,567567,0.0,0.0
2009-11-17 00:00:00-05:00,22.656252358541575,22.779652594072044,22.520513433988704,22.54519271850586,523665,0.0,0.0
2009-11-18 00:00:00-05:00,22.656269549745257,22.656269549745257,22.434150101133252,22.55755043029785,497300,0.0,0.0
2009-11-19 00:00:00-05:00,22.421811875079808,22.557552823504217,22.224371708764114,22.458831787109375,839444,0.0,0.0
2009-11-20 00:00:00-05:00,22.458821556775103,22.495841451941544,22.125642500277113,22.187341690063477,531279,0.0,0.0
2009-11-23 00:00:00-05:00,22.26138687133789,22.532866803792608,22.15032715894372,22.26138687133789,1044900,0.0,0.0
2009-11-24 00:00:00-05:00,22.199686279729168,22.261385480602417,22.02692546692651,22.150325775146484,1067742,0.0,0.0
2009-11-25 00:00:00-05:00,22.212023838057014,22.434145144062672,22.13798403821292,22.397125244140625,595350,0.0,0.0
2009-11-27 00:00:00-05:00,22.051598812936472,22.286058743047374,21.98989772758094,22.212017059326172,383495,0.0,0.0
2009-11-30 00:00:00-05:00,22.162667129698093,22.212025729481617,21.841826698737513,21.989906311035156,825026,0.0,0.0
2009-12-01 00:00:00-05:00,22.014589011644212,22.2120291606986,21.755449650092626,22.076290130615234,1057860,0.0,0.0
2009-12-02 00:00:00-05:00,22.002242764237703,22.199682845551997,21.952882267290835,22.063941955566406,515970,0.0,0.0
2009-12-03 00:00:00-05:00,22.02692340715029,22.13798310222084,21.767784118652344,21.767784118652344,784850,0.0,0.0
2009-12-04 00:00:00-05:00,21.9775694003981,22.21202946141985,21.718430035338113,22.014589309692383,690404,0.0,0.0
2009-12-07 00:00:00-05:00,21.952887034751782,22.310747379004273,21.89118592355041,22.26138687133789,664322,0.0,0.0
2009-12-08 00:00:00-05:00,22.2243669672065,22.310747379004273,21.9035265270854,22.26138687133789,1013634,0.0,0.0
2009-12-09 00:00:00-05:00,21.903535413788628,22.397136877769274,21.533334315803142,22.360116958618164,1933592,0.0,0.0
2009-12-10 00:00:00-05:00,22.384778073503703,22.619238006368757,22.347758184444633,22.594558715820312,1310337,0.0,0.0
2009-12-11 00:00:00-05:00,22.557544036274713,22.74264352431755,22.47116363969697,22.705623626708984,1643126,0.0,0.0
2009-12-14 00:00:00-05:00,22.9894542754691,23.853254810153967,22.977113668653175,23.754535675048828,3110805,0.0,0.0
2009-12-15 00:00:00-05:00,23.569431733464505,23.976650711643106,23.569431733464505,23.877931594848633,2531817,0.0,0.0
2009-12-16 00:00:00-05:00,23.840905416541776,24.124725900688535,23.766865621803188,24.001325607299805,2240582,0.0,0.0
2009-12-17 00:00:00-05:00,23.890260914274823,24.026001791362233,23.655800959147196,23.84090232849121,2622456,0.0,0.0
2009-12-18 00:00:00-05:00,23.927279507546757,24.026000486699203,22.915399956835063,23.26091957092285,22337168,0.0,0.0
2009-12-21 00:00:00-05:00,23.11285318140221,23.877934533222263,23.11285318140221,23.668153762817383,1967004,0.0,0.0
2009-12-22 00:00:00-05:00,23.779202886684036,23.779202886684036,23.409002028779316,23.470703125,1226016,0.0,0.0
2009-12-23 00:00:00-05:00,23.544749978402177,23.5941104888916,23.384329749166813,23.5941104888916,916920,0.0,0.0
2009-12-24 00:00:00-05:00,23.64346193101242,23.64346193101242,23.40900007273311,23.483041763305664,464738,0.0,0.0
2009-12-28 00:00:00-05:00,23.54474003289247,23.692819595336914,23.408999163003134,23.692819595336914,985689,0.0,0.0
2009-12-29 00:00:00-05:00,23.692820516096834,23.72984040814663,23.433681271748284,23.483041763305664,817371,0.0,0.0
2009-12-30 00:00:00-05:00,23.421344420360413,23.544744715765137,23.34730462441223,23.495384216308594,984879,0.0,0.0
2009-12-31 00:00:00-05:00,23.458359138121235,23.544739516476845,23.347299468723815,23.371978759765625,631112,0.0,0.0
2010-01-04 00:00:00-05:00,23.470698834020272,23.655798275895663,23.31027868223734,23.581758499145508,1417703,0.0,0.0
2010-01-05 00:00:00-05:00,23.54474094789766,23.668141223554628,23.260920504533942,23.483041763305664,1595174,0.0,0.0
2010-01-06 00:00:00-05:00,23.729847824372033,23.803889538084643,23.446029198780206,23.544748306274414,1120149,0.0,0.0
2010-01-07 00:00:00-05:00,23.50772073165752,23.56942182187158,23.384320457702344,23.55708122253418,820652,0.0,0.0
2010-01-08 00:00:00-05:00,23.45836040228108,23.557081384714046,23.39666121811519,23.520061492919922,886019,0.0,0.0
2010-01-11 00:00:00-05:00,23.421342684115928,23.532402369805247,23.39666338945379,23.458362579345703,720860,0.0,0.0
2010-01-12 00:00:00-05:00,23.396661379698493,23.54474094789766,23.347300888141113,23.483041763305664,923441,0.0,0.0
2010-01-13 00:00:00-05:00,23.507725325535876,23.507725325535876,23.13752443132571,23.38432502746582,1891796,0.0,0.0
2010-01-14 00:00:00-05:00,23.39667296179081,23.52007329853484,23.297951929806022,23.446033477783203,1793988,0.0,0.0
2010-01-15 00:00:00-05:00,23.446028330895345,23.5570880376429,23.297946815425117,23.322628021240234,2319233,0.0,0.0
2010-01-19 00:00:00-05:00,23.32261928051996,23.581758499145508,23.23623890548718,23.581758499145508,873788,0.0,0.0
2010-01-20 00:00:00-05:00,23.483048290822115,23.507727590224356,23.260926970307956,23.310287475585938,975200,0.0,0.0
2010-01-21 00:00:00-05:00,23.285613129140984,23.53241189507912,23.02647185116617,23.07583236694336,1136957,0.0,0.0
2010-01-22 00:00:00-05:00,23.075820577896565,23.26092003440446,22.668599867106266,22.717960357666016,1122336,0.0,0.0
2010-01-25 00:00:00-05:00,22.915399284660023,23.03879955174445,22.730297930796965,22.97709846496582,842481,0.0,0.0
2010-01-26 00:00:00-05:00,22.927741364900445,23.026462355745252,22.5081819199928,22.643922805786133,1029591,0.0,0.0
2010-01-27 00:00:00-05:00,22.55753331400061,22.63157307402442,22.446473673964896,22.54519271850586,1303371,0.0,0.0
2010-01-28 00:00:00-05:00,22.557544652208684,22.742644145305665,22.409463151257793,22.56988525390625,1115127,0.0,0.0
2010-01-29 00:00:00-05:00,22.619245529174805,22.829026241261186,22.49584522244596,22.619245529174805,1397655,0.0,0.0
2010-02-01 00:00:00-05:00,22.520524911808916,22.977104300146973,22.347764112722455,22.952425003051758,1422239,0.0,0.0
2010-02-02 00:00:00-05:00,22.940087980941446,23.001789093017578,22.693287345584142,23.001789093017578,1729310,0.0,0.0
2010-02-03 00:00:00-05:00,22.915405499684642,23.063485097758377,22.82902509865051,22.866044998168945,1419120,0.0,0.0
2010-02-04 00:00:00-05:00,22.680947679535727,22.97710690413522,22.680947679535727,22.80434799194336,2172785,0.0,0.0
2010-02-05 00:00:00-05:00,22.79200436002696,23.051145553588867,22.668604064017476,23.051145553588867,2509016,0.0,0.0
2010-02-08 00:00:00-05:00,23.014121755271372,23.038802956219133,22.631582205312252,22.643922805786133,1053284,0.0,0.0
2010-02-09 00:00:00-05:00,22.91540752714522,22.91540752714522,22.532865989644574,22.841367721557617,1025501,0.0,0.0
2010-02-10 00:00:00-05:00,22.75497944575793,22.915399604559873,22.68093966576824,22.903059005737305,1292234,0.0,0.0
2010-02-11 00:00:00-05:00,22.940087864393977,23.038808880624792,22.656267325822395,23.02646827697754,953249,0.0,0.0
2010-02-12 00:00:00-05:00,22.903071216721397,23.162212491321732,22.754991577791994,23.137531280517578,1064867,0.0,0.0
2010-02-16 00:00:00-05:00,23.199232804295143,23.569433814527233,23.100511772310355,23.446033477783203,1296891,0.0,0.0
2010-02-17 00:00:00-05:00,23.507727883906785,23.66814809820923,23.409006872117505,23.655807495117188,1054823,0.0,0.0
2010-02-18 00:00:00-05:00,23.631121168302293,23.742180843684665,23.495380294075204,23.520061492919922,1012500,0.0,0.0
2010-02-19 00:00:00-05:00,23.433678945645195,23.618778387520585,23.223898307204564,23.581758499145508,1393241,0.0,0.0
2010-02-22 00:00:00-05:00,23.581762865602656,23.692822551291975,23.39666338945379,23.458362579345703,597497,0.0,0.0
2010-02-23 00:00:00-05:00,23.384330041125363,23.544750272363604,23.347310134414514,23.53240966796875,1216134,0.0,0.0
2010-02-24 00:00:00-05:00,23.643468915448018,24.038349151611328,23.532407300017347,24.038349151611328,1678320,0.0,0.0
2010-02-25 00:00:00-05:00,23.779210335808187,23.97665047391325,23.52007098862755,23.927289962768555,1235331,0.0,0.0
2010-02-26 00:00:00-05:00,24.001326110513556,24.371525091968135,23.98898550897398,24.309825897216797,6597977,0.0,0.0
2010-03-01 00:00:00-05:00,24.309826974681055,24.383866774253573,24.026006472004152,24.075366973876953,1078799,0.0,0.0
2010-03-02 00:00:00-05:00,24.272801850743793,24.30982174256239,23.79154135062908,23.951961517333984,1696059,0.0,0.0
2010-03-03 00:00:00-05:00,24.050685475404546,24.050685475404546,23.69282329942816,23.717504501342773,1399437,0.0,0.0
2010-03-04 00:00:00-05:00,23.90260024644847,24.001321225726695,23.631120413142693,23.692819595336914,1373517,0.0,0.0
2010-03-05 00:00:00-05:00,23.816224995848202,23.964306496660026,23.68048600319566,23.82856559753418,1393119,0.0,0.0
2010-03-08 00:00:00-05:00,23.853242874145508,23.902603370235454,23.74218318779799,23.853242874145508,1261211,0.0,0.0
2010-03-09 00:00:00-05:00,23.791542810119598,24.07536326912176,23.77920220993205,24.050683975219727,1242459,0.0,0.0
2010-03-10 00:00:00-05:00,24.03834157582639,24.06302086788124,23.865580812023655,24.0260009765625,974673,0.0,0.0
2010-03-11 00:00:00-05:00,23.939630567173158,23.97665047391325,23.76687163787731,23.927289962768555,1033196,0.0,0.0
2010-03-12 00:00:00-05:00,23.939623432378788,23.976643328085736,23.75452395384406,23.81622314453125,613656,0.0,0.0
2010-03-15 00:00:00-04:00,23.81623047868756,23.877931594848633,23.705170757366126,23.877931594848633,682587,0.0,0.0
2010-03-16 00:00:00-04:00,23.81622112912641,23.853241021700615,23.7175020510862,23.84090232849121,687326,0.0,0.0
2010-03-17 00:00:00-04:00,23.816219490246457,23.927279160326655,23.729839111359798,23.779199600219727,884561,0.0,0.0
2010-03-18 00:00:00-04:00,23.70516817483357,23.86558839031232,23.520068659463295,23.61878776550293,1143680,0.0,0.0
2010-03-19 00:00:00-04:00,23.61878776550293,23.668148271759517,23.174547022140743,23.61878776550293,2133459,0.0,0.0
2010-03-22 00:00:00-04:00,23.532400095006793,24.03834179169455,23.421340420053237,23.976640701293945,1179117,0.0,0.0
2010-03-23 00:00:00-04:00,23.939617997696168,24.038338968152193,23.618777703423163,23.742177963256836,1128087,0.0,0.0
2010-03-24 00:00:00-04:00,23.717503529930415,23.791543319695386,23.495382254162394,23.507722854614258,758646,0.0,0.0
2010-03-25 00:00:00-04:00,23.59411060706311,23.71751093066788,23.544750096326464,23.56943130493164,638523,0.0,0.0
2010-03-26 00:00:00-04:00,23.65579938510841,23.828560143274657,23.53239911591436,23.766860961914062,1003793,0.0,0.0
2010-03-29 00:00:00-04:00,23.877926450241418,23.877926450241418,23.32262605680247,23.334964752197266,1361772,0.0,0.0
2010-03-30 00:00:00-04:00,23.40900606176387,23.52006767280055,23.22390655415849,23.42134666442871,1472094,0.0,0.0
2010-03-31 00:00:00-04:00,22.039265592814633,22.335424800955632,21.59502487412971,21.841825485229492,6368585,0.0,0.0
2010-04-01 00:00:00-04:00,21.84182517151596,21.965225475293458,21.372903254572112,21.49630355834961,3264341,0.0,0.0
2010-04-05 00:00:00-04:00,21.582683961641198,21.656723762613016,21.42226375737779,21.49630355834961,1792409,0.0,0.0
2010-04-06 00:00:00-04:00,21.483957872430338,21.557997649312394,21.17545626012473,21.348217010498047,1597563,0.0,0.0
2010-04-07 00:00:00-04:00,21.397581876428422,21.397581876428422,20.96568181857614,21.224821090698242,2424573,0.0,0.0
2010-04-08 00:00:00-04:00,21.16312189949356,21.261840986715683,21.039721610611025,21.224821090698242,1398465,0.0,0.0
2010-04-09 00:00:00-04:00,21.33588661554434,21.681408281528014,21.24950810552211,21.60736846923828,1886733,0.0,0.0
2010-04-12 00:00:00-04:00,21.79246865632149,21.79246865632149,21.397588374567206,21.471628189086914,1965587,0.0,0.0
2010-04-13 00:00:00-04:00,21.483960614690467,21.693739373808654,21.360560335311696,21.595020294189453,1531143,0.0,0.0
2010-04-14 00:00:00-04:00,21.607365363423735,21.891183967580762,21.57034546260006,21.866504669189453,1857735,0.0,0.0
2010-04-15 00:00:00-04:00,22.11329799181922,22.384777810554326,21.866497463342654,22.212017059326172,2798834,0.0,0.0
2010-04-16 00:00:00-04:00,22.13797744082225,22.224357817055733,21.79245784236112,22.174997329711914,2771537,0.0,0.0
2010-04-19 00:00:00-04:00,22.224364215647697,22.47116481695008,22.10096391499651,22.44648551940918,2185664,0.0,0.0
2010-04-20 00:00:00-04:00,22.175003157843847,22.582223949130512,22.002244266444432,22.56988525390625,2438870,0.0,0.0
2010-04-21 00:00:00-04:00,22.47115681243794,22.643917553104703,22.38477644210456,22.532855987548828,1936548,0.0,0.0
2010-04-22 00:00:00-04:00,22.458823260087524,22.69328324941452,22.261383168734618,22.65626335144043,1879808,0.0,0.0
2010-04-23 00:00:00-04:00,22.656266587603856,22.779666900634766,22.43414716803234,22.779666900634766,1599912,0.0,0.0
2010-04-26 00:00:00-04:00,22.656262221446354,22.730302013701756,22.446483445547102,22.483503341674805,2039783,0.0,0.0
2010-04-27 00:00:00-04:00,22.397124122325017,22.471163918460647,22.19968403047225,22.224363327026367,2081579,0.0,0.0
2010-04-28 00:00:00-04:00,22.347763280147642,22.347763280147642,21.693741913520412,21.878843307495117,1792854,0.0,0.0
2010-04-29 00:00:00-04:00,21.891182002346383,22.01458229617177,21.804803512494534,21.878843307495117,1013189,0.0,0.0
2010-04-30 00:00:00-04:00,21.928201780276463,21.96522358404813,21.397582616841234,21.483963012695312,2562233,0.0,0.0
2010-05-03 00:00:00-04:00,21.582681935168466,21.68140293151057,21.434602347128536,21.52098274230957,1297701,0.0,0.0
2010-05-04 00:00:00-04:00,21.360570006031015,21.595030071057504,21.23716967078435,21.545669555664062,1379916,0.0,0.0
2010-05-05 00:00:00-04:00,21.4839667110629,22.026926569223438,21.397586300338826,21.50864601135254,945837,0.0,0.0
2010-05-06 00:00:00-04:00,21.422260670385008,21.829481423522044,21.064400412940703,21.335880279541016,2143503,0.0,0.0
2010-05-07 00:00:00-04:00,21.323543985746987,21.74310348017987,21.249504187110205,21.644384384155273,3275762,0.0,0.0
2010-05-10 00:00:00-04:00,22.05160777598664,22.05160777598664,21.360566396667586,21.50864601135254,1925492,0.0,0.0
2010-05-11 00:00:00-04:00,21.360569961204092,21.471629690750856,20.953349046392084,21.163129806518555,3164994,0.0,0.0
2010-05-12 00:00:00-04:00,21.249505824147995,21.298864422726155,21.13844421116342,21.28652572631836,1669491,0.0,0.0
2010-05-13 00:00:00-04:00,21.274187264294174,21.397587586104528,21.187806848379562,21.237167358398438,981315,0.0,0.0
2010-05-14 00:00:00-04:00,21.237159674999774,21.49629892251587,21.05206021248828,21.249500274658203,1598738,0.0,0.0
2010-05-17 00:00:00-04:00,21.22483022577868,21.75545150570349,21.22483022577868,21.693750381469727,1846800,0.0,0.0
2010-05-18 00:00:00-04:00,21.706089378961067,21.84183031703632,21.582689046112794,21.632049560546875,2069915,0.0,0.0
2010-05-19 00:00:00-04:00,21.5086331154954,21.706073118854768,21.348212993611387,21.397573471069336,1710639,0.0,0.0
2010-05-20 00:00:00-04:00,21.150781051003285,21.31120123402486,20.8546199798584,20.8546199798584,1776654,0.0,0.0
2010-05-21 00:00:00-04:00,20.65718780195017,21.187809050229802,20.546128072721558,21.17546844482422,2103368,0.0,0.0
2010-05-24 00:00:00-04:00,21.00270968048738,21.27418965640643,20.978028469465897,21.13844871520996,976941,0.0,0.0
2010-05-25 00:00:00-04:00,20.891636786812796,21.150777924062165,20.620156957175027,21.1260986328125,1545561,0.0,0.0
2010-05-26 00:00:00-04:00,21.224829748027332,21.38524999836062,20.941009158478135,21.01504898071289,1537178,0.0,0.0
2010-05-27 00:00:00-04:00,21.261844520555794,21.33588432489652,20.99036460248197,21.28652572631836,821219,0.0,0.0
2010-05-28 00:00:00-04:00,21.274202684744555,21.36058316327143,21.10144172769081,21.212501525878906,878688,0.0,0.0
2010-06-01 00:00:00-04:00,21.12611037811836,21.29886932585908,20.916329613211136,21.064409255981445,889785,0.0,0.0
2010-06-02 00:00:00-04:00,21.11376196872654,21.52098274230957,21.027381573545505,21.52098274230957,893309,0.0,0.0
2010-06-03 00:00:00-04:00,21.360567187779267,21.952887574929864,21.360567187779267,21.743106842041016,1269837,0.0,0.0
2010-06-04 00:00:00-04:00,21.582690645617742,22.150331837493216,21.434610997815092,21.693750381469727,2336648,0.0,0.0
2010-06-07 00:00:00-04:00,21.78012943872869,21.903529772944406,21.47162955642634,21.58268928527832,1429610,0.0,0.0
2010-06-08 00:00:00-04:00,21.632048482102142,21.632048482102142,21.32354861859835,21.459287643432617,1800711,0.0,0.0
2010-06-09 00:00:00-04:00,21.483968793664783,21.706088237223913,21.397588374567206,21.471628189086914,1444392,0.0,0.0
2010-06-10 00:00:00-04:00,21.595026817224625,22.0269269722744,21.595026817224625,21.829486846923828,1829871,0.0,0.0
2010-06-11 00:00:00-04:00,21.6320438948415,21.70608369386374,21.397583895779977,21.61970329284668,1867698,0.0,0.0
2010-06-14 00:00:00-04:00,21.84183031703632,21.928208834203645,21.60737025656676,21.632049560546875,2218833,0.0,0.0
2010-06-15 00:00:00-04:00,21.632044661815044,21.9405444708368,21.632044661815044,21.866504669189453,1490238,0.0,0.0
2010-06-16 00:00:00-04:00,21.854164654123853,22.236706181547813,21.780124850486562,22.150325775146484,1724004,0.0,0.0
2010-06-17 00:00:00-04:00,22.212026074837176,22.323087692260742,22.076287063611698,22.323087692260742,1167494,0.0,0.0
2010-06-18 00:00:00-04:00,22.347765656160014,22.458825360468747,22.15032554634223,22.19968605041504,1919417,0.0,0.0
2010-06-21 00:00:00-04:00,22.286063858377272,22.434143446862866,21.89118177829364,21.92820167541504,1319490,0.0,0.0
2010-06-22 00:00:00-04:00,21.829486154495957,21.940545864019054,21.558006229059423,21.57034683227539,1150686,0.0,0.0
2010-06-23 00:00:00-04:00,21.533324322098462,21.57034613054196,21.261844405493797,21.31120491027832,1634256,0.0,0.0
2010-06-24 00:00:00-04:00,21.237169565378252,21.50864953898392,21.13844853508135,21.17546844482422,1432242,0.0,0.0
2010-06-25 00:00:00-04:00,21.20014196201111,21.348221547243856,20.990361278615925,21.187801361083984,3821945,0.0,0.0
2010-06-28 00:00:00-04:00,21.261835833233018,21.311196318116583,21.01503531528791,21.08907699584961,1458365,0.0,0.0
2010-06-29 00:00:00-04:00,20.990357458073877,21.064397237213964,20.66951714415161,20.755897521972656,2260103,0.0,0.0
2010-06-30 00:00:00-04:00,20.854617022038074,21.03971838017804,20.63249768003756,20.657176971435547,1646609,0.0,0.0
2010-07-01 00:00:00-04:00,20.607823264730445,20.6201619601125,20.262301664566262,20.42272186279297,1530171,0.0,0.0
2010-07-02 00:00:00-04:00,20.472092677871807,20.484433285944565,20.212951347189595,20.2746524810791,745889,0.0,0.0
2010-07-06 00:00:00-04:00,20.55846882681253,20.55846882681253,20.200608425727378,20.36102867126465,1247117,0.0,0.0
2010-07-07 00:00:00-04:00,20.28698778443905,20.59548765379609,20.274647179593153,20.583147048950195,811094,0.0,0.0
2010-07-08 00:00:00-04:00,20.63250099166595,21.002701860892262,20.595481095390635,20.76824188232422,777722,0.0,0.0
2010-07-09 00:00:00-04:00,20.743564374998677,20.82994478385014,20.607825366637964,20.792924880981445,594540,0.0,0.0
2010-07-12 00:00:00-04:00,20.755904748354723,20.916324961167806,20.65718373748198,20.84228515625,486000,0.0,0.0
2010-07-13 00:00:00-04:00,20.96568146256529,20.96568146256529,20.74356018375922,20.879301071166992,742041,0.0,0.0
2010-07-14 00:00:00-04:00,20.70654333596538,21.163124654924797,20.63250353429054,21.039724349975586,988646,0.0,0.0
2010-07-15 00:00:00-04:00,20.965681573083447,21.027380763565677,20.681861102624264,20.8546199798584,757796,0.0,0.0
2010-07-16 00:00:00-04:00,20.731224123075993,20.805265836541192,20.311664581298828,20.311664581298828,1045953,0.0,0.0
2010-07-19 00:00:00-04:00,20.24996491730113,20.533783535492717,20.212943108173345,20.410383224487305,1096578,0.0,0.0
2010-07-20 00:00:00-04:00,20.311663267153147,20.620163078483195,20.21294225990241,20.595483779907227,539217,0.0,0.0
2010-07-21 00:00:00-04:00,20.681863523113574,20.681863523113574,20.286983319687923,20.324003219604492,661041,0.0,0.0
2010-07-22 00:00:00-04:00,20.447401510289385,20.842281674874844,20.447401510289385,20.76824188232422,789993,0.0,0.0
2010-07-23 00:00:00-04:00,20.706543730492005,20.990364246635544,20.657183226277162,20.953344345092773,569754,0.0,0.0
2010-07-26 00:00:00-04:00,20.941000039576892,20.978019934573705,20.805261060079616,20.928659439086914,560682,0.0,0.0
2010-07-27 00:00:00-04:00,20.92866909776657,20.990370222218694,20.71889023146173,20.903989791870117,649539,0.0,0.0
2010-07-28 00:00:00-04:00,20.817590664053842,20.97801077448331,20.70653102755782,20.829931259155273,713651,0.0,0.0
2010-07-29 00:00:00-04:00,20.903979552603893,20.95334004669285,20.509099412838356,20.63249969482422,638523,0.0,0.0
2010-07-30 00:00:00-04:00,20.521446228027344,20.6201653396299,20.44740641770702,20.521446228027344,655979,0.0,0.0
2010-08-02 00:00:00-04:00,20.64484087960239,20.941000039576892,20.533779288138835,20.928659439086914,1089693,0.0,0.0
2010-08-03 00:00:00-04:00,20.916326115049372,21.089086940370546,20.805266401545882,21.00270652770996,1177457,0.0,0.0
2010-08-04 00:00:00-04:00,21.06440573305403,21.101425637555195,20.928664812234025,21.00270652770996,744471,0.0,0.0
2010-08-05 00:00:00-04:00,20.965689591772584,21.224828959972672,20.854627956070097,21.17546844482422,631679,0.0,0.0
2010-08-06 00:00:00-04:00,21.06440207610525,21.150782473769507,20.80526278958575,20.965682983398438,568661,0.0,0.0
2010-08-09 00:00:00-04:00,20.990356762771516,21.05205784765964,20.755896834436744,20.916316986083984,605192,0.0,0.0
2010-08-10 00:00:00-04:00,20.743554300006195,20.86695455179176,20.361014854001763,20.472074508666992,1307988,0.0,0.0
2010-08-11 00:00:00-04:00,20.33633719192194,20.33633719192194,19.595937459083213,19.657636642456055,1529766,0.0,0.0
2010-08-12 00:00:00-04:00,19.299788019020237,19.60828984067739,19.26276810545723,19.583608627319336,1163039,0.0,0.0
2010-08-13 00:00:00-04:00,19.583609182312983,19.669989618566017,19.44787013089318,19.472549438476562,915665,0.0,0.0
2010-08-16 00:00:00-04:00,19.38616085644213,19.509561155456304,19.164041462100613,19.176380157470703,632853,0.0,0.0
2010-08-17 00:00:00-04:00,19.188723240431933,19.534242978463613,19.188723240431933,19.460203170776367,753786,0.0,0.0
2010-08-18 00:00:00-04:00,19.435519368550178,19.435519368550178,19.17637819519574,19.188718795776367,1146636,0.0,0.0
2010-08-19 00:00:00-04:00,19.250423893075613,19.2627625897475,18.818521847721478,19.151702880859375,1132461,0.0,0.0
2010-08-20 00:00:00-04:00,19.040639214701336,19.213398090464494,18.966599424163817,19.188718795776367,712881,0.0,0.0
2010-08-23 00:00:00-04:00,19.176377715214073,19.27509870444188,18.84319866613467,18.867877960205078,862124,0.0,0.0
2010-08-24 00:00:00-04:00,18.55938246872043,18.880222897705725,18.361942351381288,18.75682258605957,1020722,0.0,0.0
2010-08-25 00:00:00-04:00,18.645761093341605,18.86788048916637,18.596400592111653,18.732139587402344,960336,0.0,0.0
2010-08-26 00:00:00-04:00,18.695123613622595,18.966605474155287,18.485344775675163,18.70746421813965,1081391,0.0,0.0
2010-08-27 00:00:00-04:00,18.75682763608299,18.904907287337416,18.411305907857273,18.892566680908203,813483,0.0,0.0
2010-08-30 00:00:00-04:00,18.830858951666023,18.991279136852558,18.670438766479492,18.670438766479492,742649,0.0,0.0
2010-08-31 00:00:00-04:00,18.621075807536467,18.7197967883556,18.349595969993246,18.361936569213867,1421874,0.0,0.0
2010-09-01 00:00:00-04:00,18.633417562896057,19.003618404228085,18.57171837591057,18.966598510742188,1076409,0.0,0.0
2010-09-02 00:00:00-04:00,19.349141086593377,19.3614816885192,18.44832099489514,18.732139587402344,1613642,0.0,0.0
2010-09-03 00:00:00-04:00,18.855543686387023,19.13936424255371,18.806185081685296,19.13936424255371,809433,0.0,0.0
2010-09-07 00:00:00-04:00,19.102341498695203,19.102341498695203,18.880222091105615,18.929580688476562,863987,0.0,0.0
2010-09-08 00:00:00-04:00,18.855545224113296,18.92958504367778,18.719806190403034,18.818525314331055,602559,0.0,0.0
2010-09-09 00:00:00-04:00,18.941926135540236,18.978946046273176,18.65810554893839,18.719806671142578,604827,0.0,0.0
2010-09-10 00:00:00-04:00,18.793844636811528,18.843205148405993,18.559384589829993,18.70746421813965,994397,0.0,0.0
2010-09-13 00:00:00-04:00,18.818521213382944,19.06532182913081,18.78150131166811,18.88022232055664,718430,0.0,0.0
2010-09-14 00:00:00-04:00,18.867877960205078,18.978937643231546,18.633417993880396,18.867877960205078,624186,0.0,0.0
2010-09-15 00:00:00-04:00,18.867882294599053,18.867882294599053,18.633422274413416,18.75682258605957,613292,0.0,0.0
2010-09-16 00:00:00-04:00,18.966606141239737,19.423185646744358,18.941924931337557,19.361486434936523,1319288,0.0,0.0
2010-09-17 00:00:00-04:00,19.386162320916906,19.484883330175187,19.164042909795985,19.275102615356445,1353551,0.0,0.0
2010-09-20 00:00:00-04:00,19.33680062279938,19.57126252869818,19.213400322079668,19.53424072265625,790439,0.0,0.0
2010-09-21 00:00:00-04:00,19.47254526963458,19.608286198467983,19.225744620741335,19.546585083007812,828671,0.0,0.0
2010-09-22 00:00:00-04:00,19.534243892742676,19.69466411906453,19.349144364861175,19.669984817504883,1067094,0.0,0.0
2010-09-23 00:00:00-04:00,19.583607446839608,19.731687092165547,19.423187195578524,19.435527801513672,1096659,0.0,0.0
2010-09-24 00:00:00-04:00,19.632965869667178,19.90444582596131,19.58360535766631,19.8674259185791,707373,0.0,0.0
2010-09-27 00:00:00-04:00,19.84274867112913,19.855087370552074,19.41084652947728,19.44786834716797,726975,0.0,0.0
2010-09-28 00:00:00-04:00,19.509562813800503,19.669983025507573,19.32446330278215,19.64530372619629,530307,0.0,0.0
2010-09-29 00:00:00-04:00,19.509561143674013,19.657640739812262,19.423180743768928,19.5959415435791,724910,0.0,0.0
2010-09-30 00:00:00-04:00,19.65764397989702,19.781044299176216,19.497223755481436,19.719345092773438,870831,0.0,0.0
2010-10-01 00:00:00-04:00,19.73168349807196,19.781044006347656,19.50956407054174,19.781044006347656,743418,0.0,0.0
2010-10-04 00:00:00-04:00,19.74402435756897,19.805725470331414,19.26276368521119,19.324464797973633,782420,0.0,0.0
2010-10-05 00:00:00-04:00,19.410841406873924,19.768703631650947,19.33680160397987,19.73168182373047,959283,0.0,0.0
2010-10-06 00:00:00-04:00,19.781044534233786,19.781044534233786,19.534243892742676,19.669984817504883,888975,0.0,0.0
2010-10-07 00:00:00-04:00,19.744019106421966,19.744019106421966,19.497218533958893,19.62061882019043,667197,0.0,0.0
2010-10-08 00:00:00-04:00,19.6206208407777,19.645302044449625,19.33680034386384,19.5959415435791,1092285,0.0,0.0
2010-10-11 00:00:00-04:00,19.571259467289316,19.867418617511632,19.497217773260683,19.793378829956055,756945,0.0,0.0
2010-10-12 00:00:00-04:00,19.73168349807196,19.855083815524395,19.595944483405805,19.781044006347656,826605,0.0,0.0
2010-10-13 00:00:00-04:00,19.83040329502835,19.83040329502835,19.497222267750466,19.632963180541992,1075275,0.0,0.0
2010-10-14 00:00:00-04:00,19.620622577613627,19.632963180541992,19.484883571295597,19.632963180541992,999540,0.0,0.0
2010-10-15 00:00:00-04:00,19.744021914307837,19.842742919921875,19.608282914680288,19.842742919921875,1300293,0.0,0.0
2010-10-18 00:00:00-04:00,19.80572498100515,19.867424185769597,19.657643457918017,19.83040428161621,463725,0.0,0.0
2010-10-19 00:00:00-04:00,19.70700380071624,19.81806351224711,19.36148406268456,19.460203170776367,917852,0.0,0.0
2010-10-20 00:00:00-04:00,19.47254765248781,19.571268686715076,19.41084652947728,19.44786834716797,861597,0.0,0.0
2010-10-21 00:00:00-04:00,19.52190940687235,19.80573001517145,19.46020827995129,19.583608627319336,738194,0.0,0.0
2010-10-22 00:00:00-04:00,19.595947992034915,19.64530850914855,19.3491473129407,19.44786834716797,610902,0.0,0.0
2010-10-25 00:00:00-04:00,19.50956606845437,19.63296639854384,19.312125921605976,19.361486434936523,717053,0.0,0.0
2010-10-26 00:00:00-04:00,19.336803495347212,19.521904927160904,19.26276368521119,19.324464797973633,610335,0.0,0.0
2010-10-27 00:00:00-04:00,19.188722020252413,19.262761823231592,18.78150119739349,18.9049015045166,1585413,0.0,0.0
2010-10-28 00:00:00-04:00,18.966595549161,19.29977453850912,18.941914353042275,19.213394165039062,867024,0.0,0.0
2010-10-29 00:00:00-04:00,19.164041462100613,19.225740658371038,19.028300561243025,19.176380157470703,693765,0.0,0.0
2010-11-01 00:00:00-04:00,19.423187195578524,19.62062735817109,19.262766944317438,19.435527801513672,1066041,0.0,0.0
2010-11-02 00:00:00-04:00,19.571263921788947,19.707002927711244,19.44786361228555,19.64530372619629,930083,0.0,0.0
2010-11-03 00:00:00-04:00,19.632963180541992,19.66998308285359,19.34914265850407,19.632963180541992,586602,0.0,0.0
2010-11-04 00:00:00-04:00,19.76869953626188,19.793378829956055,19.59593876098349,19.793378829956055,684815,0.0,0.0
2010-11-05 00:00:00-04:00,19.744021687594483,19.978481690143855,19.694661185354253,19.892101287841797,667035,0.0,0.0
2010-11-08 00:00:00-05:00,19.855079650878906,19.916780749899992,19.7193406646843,19.855079650878906,427640,0.0,0.0
2010-11-09 00:00:00-05:00,19.65764329343355,19.719344404155304,19.41084266349368,19.460203170776367,1064421,0.0,0.0
2010-11-10 00:00:00-05:00,19.4725531248783,19.54659296811926,19.410851984527838,19.49723243713379,979331,0.0,0.0
2010-11-11 00:00:00-05:00,19.299778481582642,19.36147957801266,19.052979815281965,19.188718795776367,1141776,0.0,0.0
2010-11-12 00:00:00-05:00,19.102338515029885,19.18871890664713,19.00361942923385,19.164039611816406,556227,0.0,0.0
2010-11-15 00:00:00-05:00,19.176382180676672,19.2627625897475,19.065322471788548,19.151702880859375,605799,0.0,0.0
2010-11-16 00:00:00-05:00,19.065316431501866,19.089997629973176,18.71979681115985,18.79383659362793,691092,0.0,0.0
2010-11-17 00:00:00-05:00,18.769166705603983,19.05298728491709,18.719806190403034,18.818525314331055,857223,0.0,0.0
2010-11-18 00:00:00-05:00,19.003625337616405,19.287445895540998,18.991284733127678,19.11468505859375,630869,0.0,0.0
2010-11-19 00:00:00-05:00,19.114679115681817,19.176378305995197,18.978938227929984,19.164039611816406,544847,0.0,0.0
2010-11-22 00:00:00-05:00,19.065323844872204,19.275104581084964,19.028303939243322,19.26276397705078,441207,0.0,0.0
2010-11-23 00:00:00-05:00,19.090011848645663,19.114691159025757,18.904910348134756,19.040651321411133,682911,0.0,0.0
2010-11-24 00:00:00-05:00,19.1640385197985,19.423177773410647,19.151697919849767,19.410837173461914,653346,0.0,0.0
2010-11-26 00:00:00-05:00,19.28744198952161,19.312121287027374,19.114681187561224,19.12702178955078,221819,0.0,0.0
2010-11-29 00:00:00-05:00,19.028297917212363,19.028297917212363,18.781497353477587,18.917238235473633,811499,0.0,0.0
2010-11-30 00:00:00-05:00,18.769162501212595,19.13936151610848,18.7444812959039,18.9049015045166,878000,0.0,0.0
2010-12-01 00:00:00-05:00,19.090003905315534,19.546583349448294,19.090003905315534,19.509563446044922,1151213,0.0,0.0
2010-12-02 00:00:00-05:00,19.497223582261597,19.793384727195193,19.373823264078734,19.756364822387695,862691,0.0,0.0
2010-12-03 00:00:00-05:00,19.669981341648224,19.74402113971735,19.509561143674013,19.5959415435791,1287050,0.0,0.0
2010-12-06 00:00:00-05:00,19.52190428149812,19.57126478878081,19.386163363089118,19.460203170776367,851027,0.0,0.0
2010-12-07 00:00:00-05:00,19.534248107077303,19.74402888825039,19.44786957974634,19.583608627319336,772619,0.0,0.0
2010-12-08 00:00:00-05:00,19.571264156184036,20.052524797069058,19.534242347063486,20.003164291381836,1730808,0.0,0.0
2010-12-09 00:00:00-05:00,19.040647168477367,19.22574672214208,18.57172702821081,18.719806671142578,3613086,0.0,0.0
2010-12-10 00:00:00-05:00,18.732137957794386,18.756819159498882,18.571719679081028,18.670438766479492,1654709,0.0,0.0
2010-12-13 00:00:00-05:00,18.793833853386833,19.00361447744121,18.658093001005142,18.991273880004883,1755756,0.0,0.0
2010-12-14 00:00:00-05:00,18.966594591604867,19.028293765841227,18.830853739223176,18.991273880004883,1186610,0.0,0.0
2010-12-15 00:00:00-05:00,18.744480563931354,19.28744227536507,18.62108026162703,19.06532096862793,1682006,0.0,0.0
2010-12-16 00:00:00-05:00,19.02830469872652,19.127025721992926,18.904904372880377,19.102344512939453,994842,0.0,0.0
2010-12-17 00:00:00-05:00,19.188727421045392,19.37382698059082,19.15170750913631,19.37382698059082,2395616,0.0,0.0
2010-12-20 00:00:00-05:00,19.49722307461999,19.509563678059056,19.238083747714622,19.460203170776367,1513890,0.0,0.0
2010-12-21 00:00:00-05:00,19.484882639029678,19.546581837772475,19.38616163327312,19.423181533813477,1396197,0.0,0.0
2010-12-22 00:00:00-05:00,19.398503966528185,19.534242978463613,19.31212355540187,19.460203170776367,734103,0.0,0.0
2010-12-23 00:00:00-05:00,19.423181023950512,19.620621123807382,19.410840421936538,19.53424072265625,677768,0.0,0.0
2010-12-27 00:00:00-05:00,19.460202939349244,19.583603252851663,19.44786424253049,19.509563446044922,510300,0.0,0.0
2010-12-28 00:00:00-05:00,19.497224513387216,19.62062483746329,19.497224513387216,19.55892562866211,626292,0.0,0.0
2010-12-29 00:00:00-05:00,19.521901297396308,19.73168008495237,19.521901297396308,19.694660186767578,876096,0.0,0.0
2010-12-30 00:00:00-05:00,19.66998262347657,19.768703631650947,19.657642020836413,19.73168182373047,585023,0.0,0.0
2010-12-31 00:00:00-05:00,19.707001354706808,19.768702457770296,19.509561256555653,19.57126235961914,844628,0.0,0.0
2011-01-03 00:00:00-05:00,19.645299254844897,19.81805812365023,19.608279361067105,19.793378829956055,985446,0.0,0.0
2011-01-04 00:00:00-05:00,19.682321491688167,19.80572178779524,19.484881399211513,19.694660186767578,1429893,0.0,0.0
2011-01-05 00:00:00-05:00,19.62061983438311,19.830400522467627,19.558920641314668,19.81805992126465,1051299,0.0,0.0
2011-01-06 00:00:00-05:00,19.805721226534896,19.892099715536073,19.719340831060492,19.81805992126465,1035261,0.0,0.0
2011-01-07 00:00:00-05:00,19.805721226534896,19.81805992126465,19.62061983438311,19.81805992126465,1234238,0.0,0.0
2011-01-10 00:00:00-05:00,19.719344917580198,19.867424536810184,19.645305107965207,19.756364822387695,1032102,0.0,0.0
2011-01-11 00:00:00-05:00,19.74402518167132,19.978485225712806,19.69466467069582,19.953805923461914,871277,0.0,0.0
2011-01-12 00:00:00-05:00,19.978480111010477,19.978480111010477,19.719340831060492,19.81805992126465,1332410,0.0,0.0
2011-01-13 00:00:00-05:00,19.781041026441443,20.077202125006956,19.731680525601636,20.015501022338867,1493600,0.0,0.0
2011-01-14 00:00:00-05:00,19.95380424319018,20.324005184621953,19.90444373637123,20.311664581298828,1115532,0.0,0.0
2011-01-18 00:00:00-05:00,20.163588515716768,20.422727885791033,20.163588515716768,20.36102867126465,840983,0.0,0.0
2011-01-19 00:00:00-05:00,20.398041497197664,20.435061394351557,20.13890031064718,20.237621307373047,1378458,0.0,0.0
2011-01-20 00:00:00-05:00,20.237624774307182,20.42272429178629,20.0155034468587,20.311664581298828,978480,0.0,0.0
2011-01-21 00:00:00-05:00,20.43506669494023,20.43506669494023,20.138905534415528,20.336345672607422,787401,0.0,0.0
2011-01-24 00:00:00-05:00,20.33634930355287,20.385709823532327,20.237630170068012,20.373369216918945,900558,0.0,0.0
2011-01-25 00:00:00-05:00,20.385711669921875,20.447412802103155,20.274651919764654,20.385711669921875,732402,0.0,0.0
2011-01-26 00:00:00-05:00,20.42272297045515,20.669523582108564,20.373362466829782,20.595483779907227,778329,0.0,0.0
2011-01-27 00:00:00-05:00,20.620159479219044,20.6695199742285,20.484420501034407,20.546119689941406,500135,0.0,0.0
2011-01-28 00:00:00-05:00,20.533780484604197,20.644842082539103,20.200601410219154,20.237621307373047,794651,0.0,0.0
2011-01-31 00:00:00-05:00,20.249966635729937,20.558466486186266,20.188265521754467,20.447406768798828,746091,0.0,0.0
2011-02-01 00:00:00-05:00,20.472083758450697,20.59548406599151,20.447404459531917,20.533782958984375,1263438,0.0,0.0
2011-02-02 00:00:00-05:00,20.44740099092901,20.52144078159904,20.34867999905355,20.459739685058594,999581,0.0,0.0
2011-02-03 00:00:00-05:00,20.422723425519006,20.521444434969467,20.3486836216679,20.496763229370117,809757,0.0,0.0
2011-02-04 00:00:00-05:00,20.546128924495466,20.669529264245423,20.47208910194028,20.607830047607422,988727,0.0,0.0
2011-02-07 00:00:00-05:00,20.644842035898012,20.718881830038526,20.607822138827753,20.66952133178711,683114,0.0,0.0
2011-02-08 00:00:00-05:00,20.632500606354593,20.916321076813777,20.583140110084923,20.8546199798584,1077543,0.0,0.0
2011-02-09 00:00:00-05:00,20.780578886322427,20.82993937949856,20.632499313267054,20.71887969970703,932027,0.0,0.0
2011-02-10 00:00:00-05:00,20.669520832103963,20.80526172239554,20.60782164063618,20.780580520629883,694535,0.0,0.0
2011-02-11 00:00:00-05:00,20.669523035994864,20.718883538316067,20.126563229881754,20.2993221282959,1602626,0.0,0.0
2011-02-14 00:00:00-05:00,20.24996190858209,20.410380191933474,20.188260809010114,20.237621307373047,809433,0.0,0.0
2011-02-15 00:00:00-05:00,20.22528232805078,20.410381828663574,20.138901925607016,20.2993221282959,1036112,0.0,0.0
2011-02-16 00:00:00-05:00,20.373363901674896,20.410383805382782,20.20060498652927,20.286985397338867,692996,0.0,0.0
2011-02-17 00:00:00-05:00,20.237624774307182,20.38570438829047,20.17592366416511,20.311664581298828,611469,0.0,0.0
2011-02-18 00:00:00-05:00,20.3363511454717,20.509112027810197,20.274651919764654,20.385711669921875,670032,0.0,0.0
2011-02-22 00:00:00-05:00,20.17592560206289,20.28698722969138,19.892105043684918,19.90444564819336,922347,0.0,0.0
2011-02-23 00:00:00-05:00,19.879757788544286,19.953797570777535,19.620616644254994,19.68231773376465,1002740,0.0,0.0
2011-02-24 00:00:00-05:00,19.682321943484187,19.768702343389275,19.49722054183805,19.5959415435791,1138374,0.0,0.0
2011-02-25 00:00:00-05:00,19.645303783470357,19.731682284548423,19.447863668984,19.632963180541992,1544913,0.0,0.0
2011-02-28 00:00:00-05:00,19.84273770916528,20.299316997429397,19.59593716641408,20.163578033447266,3466112,0.0,0.0
2011-03-01 00:00:00-05:00,20.163585082821385,20.54612472329408,20.151244479427564,20.286985397338867,1447997,0.0,0.0
2011-03-02 00:00:00-05:00,20.225277000315078,20.398037759694024,20.175916510996398,20.212936401367188,1176566,0.0,0.0
2011-03-03 00:00:00-05:00,20.3363511454717,20.472092111091126,20.28699252749576,20.385711669921875,915381,0.0,0.0
2011-03-04 00:00:00-05:00,20.361020599656268,20.459739685058594,20.28698080898624,20.459739685058594,815751,0.0,0.0
2011-03-07 00:00:00-05:00,20.435062578131422,20.595482777248996,20.348682177610677,20.398042678833008,837176,0.0,0.0
2011-03-08 00:00:00-05:00,20.484411754565766,20.879291733088714,20.36101152296831,20.829931259155273,1130679,0.0,0.0
2011-03-09 00:00:00-05:00,20.768247427824075,20.90398644825395,20.69420570902978,20.805267333984375,713894,0.0,0.0
2011-03-10 00:00:00-05:00,20.706549787338858,20.71889039362067,20.410388581893503,20.48443031311035,589518,0.0,0.0
2011-03-11 00:00:00-05:00,20.38569562219588,20.620155545673345,20.373355024179357,20.570796966552734,475713,0.0,0.0
2011-03-14 00:00:00-04:00,20.459745466414983,20.570807090276094,20.348685749027545,20.447406768798828,555417,0.0,0.0
2011-03-15 00:00:00-04:00,20.20060487081136,20.447405498432545,20.12656506381972,20.311664581298828,821138,0.0,0.0
2011-03-16 00:00:00-04:00,20.225281267419586,20.324002266884982,19.966141980151164,20.114221572875977,1267407,0.0,0.0
2011-03-17 00:00:00-04:00,20.324004722609676,20.472084333226768,20.200604411604264,20.410383224487305,722237,0.0,0.0
2011-03-18 00:00:00-04:00,20.53379168253044,20.755913093059025,20.53379168253044,20.694211959838867,842522,0.0,0.0
2011-03-21 00:00:00-04:00,20.743560624454577,20.854620312980494,20.558461143578047,20.780580520629883,1128492,0.0,0.0
2011-03-22 00:00:00-04:00,20.71888691745244,20.854625937882314,20.66952640708081,20.805267333984375,693198,0.0,0.0
2011-03-23 00:00:00-04:00,20.731219363612876,20.978019934573705,20.681860774599205,20.928659439086914,1352417,0.0,0.0
2011-03-24 00:00:00-04:00,20.99036199939326,21.261841883799903,20.916322204234472,21.027381896972656,1383966,0.0,0.0
2011-03-25 00:00:00-04:00,20.891646918307238,20.916328127999027,20.521447837668305,20.583147048950195,1104152,0.0,0.0
2011-03-28 00:00:00-04:00,20.607821257108338,20.953340917138526,20.607821257108338,20.866960525512695,1063166,0.0,0.0
2011-03-29 00:00:00-04:00,20.84228095507643,21.027380430060493,20.780579859099664,20.928659439086914,761117,0.0,0.0
2011-03-30 00:00:00-04:00,20.97802065905993,20.97802065905993,20.74356068049189,20.76824188232422,1371290,0.0,0.0
2011-03-31 00:00:00-04:00,20.731219583138568,20.953340861944636,20.731219583138568,20.879301071166992,1393524,0.0,0.0
2011-04-01 00:00:00-04:00,20.916324798141247,21.385244829948164,20.8669642930896,21.28652572631836,1460349,0.0,0.0
2011-04-04 00:00:00-04:00,21.27417723361599,21.36055760880265,21.150776969988307,21.348217010498047,1112940,0.0,0.0
2011-04-05 00:00:00-04:00,21.26183848143795,21.459278539091056,21.187798698127157,21.360559463500977,874557,0.0,0.0
2011-04-06 00:00:00-04:00,21.385243856891883,21.59502456396097,21.372903254572112,21.49630355834961,851027,0.0,0.0
2011-04-07 00:00:00-04:00,21.446937983989308,21.54565705100779,21.31119712205702,21.348217010498047,808907,0.0,0.0
2011-04-08 00:00:00-04:00,21.397585432829448,21.43460533499981,21.20014531909635,21.28652572631836,729648,0.0,0.0
2011-04-11 00:00:00-04:00,21.286522759088605,21.595022536329534,21.286522759088605,21.52098274230957,973377,0.0,0.0
2011-04-12 00:00:00-04:00,21.385242518051083,21.582682610439495,21.335882018335656,21.372901916503906,924777,0.0,0.0
2011-04-13 00:00:00-04:00,21.40991975576646,21.44694155684775,20.953340420107708,20.97801971435547,1131408,0.0,0.0
2011-04-14 00:00:00-04:00,20.941000261323982,20.941000261323982,20.7065402883704,20.879301071166992,934416,0.0,0.0
2011-04-15 00:00:00-04:00,20.85461943017046,21.039720809684525,20.718880452098116,20.97801971435547,806882,0.0,0.0
2011-04-18 00:00:00-04:00,20.86696393933516,21.052065353522462,20.817603435120315,20.953344345092773,777155,0.0,0.0
2011-04-19 00:00:00-04:00,20.940999765169785,21.039720754849743,20.866959976146365,20.990360260009766,714542,0.0,0.0
2011-04-20 00:00:00-04:00,21.113763131466424,21.33588252575849,21.089083834258414,21.261842727661133,470975,0.0,0.0
2011-04-21 00:00:00-04:00,21.28652572631836,21.3482249277778,21.150784814044705,21.28652572631836,470853,0.0,0.0
2011-04-25 00:00:00-04:00,21.200139782497477,21.31119946000437,21.07673950533215,21.249500274658203,596727,0.0,0.0
2011-04-26 00:00:00-04:00,21.311204055920065,21.53332345883552,21.298863453600294,21.49630355834961,850500,0.0,0.0
2011-04-27 00:00:00-04:00,21.520984027476164,21.656723022460938,21.44694422903477,21.656723022460938,743904,0.0,0.0
2011-04-28 00:00:00-04:00,21.619708955319894,21.78012919737526,21.55800974213268,21.632049560546875,625239,0.0,0.0
2011-04-29 00:00:00-04:00,21.6320484227042,21.6320484227042,21.44694888640493,21.471628189086914,1115654,0.0,0.0
2011-05-02 00:00:00-04:00,21.545669555664062,21.632049980984114,21.40992861495057,21.545669555664062,741717,0.0,0.0
2011-05-03 00:00:00-04:00,21.496312908119396,21.570354647768895,21.385253158356498,21.53333282470703,536018,0.0,0.0
2011-05-04 00:00:00-04:00,21.607367025458217,21.656725626037492,21.40992499724686,21.50864601135254,662702,0.0,0.0
2011-05-05 00:00:00-04:00,21.47161913846717,21.53331832240185,21.249499788534784,21.360559463500977,613130,0.0,0.0
2011-05-06 00:00:00-04:00,21.4962948526699,21.570336530129342,21.286516137031477,21.29885482788086,684653,0.0,0.0
2011-05-09 00:00:00-04:00,21.286526589325113,21.54566591502378,21.27418598594351,21.50864601135254,445581,0.0,0.0
2011-05-10 00:00:00-04:00,21.558010161130895,21.718430406304165,21.483970341277676,21.545669555664062,585144,0.0,0.0
2011-05-11 00:00:00-04:00,21.545672576024426,21.558013183221213,21.20015273278172,21.32355308532715,607662,0.0,0.0
2011-05-12 00:00:00-04:00,21.311199842265584,21.619699587475996,21.237160055932925,21.595020294189453,597942,0.0,0.0
2011-05-13 00:00:00-04:00,21.57034921276236,21.693747632646044,21.471628189086914,21.471628189086914,391149,0.0,0.0
2011-05-16 00:00:00-04:00,21.434603017766506,21.619702508607745,21.311202721714587,21.372901916503906,437481,0.0,0.0
2011-05-17 00:00:00-04:00,21.28651968019018,21.397579355156374,21.200139297503274,21.360559463500977,365756,0.0,0.0
2011-05-18 00:00:00-04:00,21.36056610997162,21.619705432192188,21.28652630362289,21.57034683227539,384062,0.0,0.0
2011-05-19 00:00:00-04:00,21.644390165773856,21.66906946975397,21.533328531678716,21.632049560546875,325256,0.0,0.0
2011-05-20 00:00:00-04:00,21.619707166970777,21.706087583466694,21.49630684432999,21.60736846923828,315131,0.0,0.0
2011-05-23 00:00:00-04:00,21.422258647435658,21.47161913846717,21.348218864124863,21.360559463500977,549140,0.0,0.0
2011-05-24 00:00:00-04:00,21.323538682228413,21.446938951422464,21.10141743508997,21.1260986328125,593163,0.0,0.0
2011-05-25 00:00:00-04:00,21.064404406822696,21.37290422706688,21.064404406822696,21.28652572631836,460161,0.0,0.0
2011-05-26 00:00:00-04:00,21.26184389229855,21.471624602714204,21.126104890509275,21.422264099121094,502524,0.0,0.0
2011-05-27 00:00:00-04:00,21.397585317032867,21.459284518158412,21.274185008308297,21.31120491027832,771161,0.0,0.0
2011-05-31 00:00:00-04:00,21.45928097987686,21.6690616607666,21.45928097987686,21.6690616607666,1392147,0.0,0.0
2011-06-01 00:00:00-04:00,21.632045331667506,21.66906523363753,21.29886430746382,21.31120491027832,743378,0.0,0.0
2011-06-02 00:00:00-04:00,21.298866566066774,21.34822707608565,21.089087734815486,21.237167358398438,668169,0.0,0.0
2011-06-03 00:00:00-04:00,21.07674788074343,21.632048395414465,20.644847692274155,20.681867599487305,1386072,0.0,0.0
2011-06-06 00:00:00-04:00,20.607826642225604,20.82994607318658,20.484426322867183,20.521446228027344,1180170,0.0,0.0
2011-06-07 00:00:00-04:00,20.62016622872209,20.669526739888497,20.336345672607422,20.336345672607422,763992,0.0,0.0
2011-06-08 00:00:00-04:00,20.249965493630977,20.373363901674896,20.175923779741638,20.286985397338867,758808,0.0,0.0
2011-06-09 00:00:00-04:00,20.324002767369866,20.496761660978628,20.31166216551448,20.42272186279297,863177,0.0,0.0
2011-06-10 00:00:00-04:00,20.32400477698084,20.37336337633624,19.978483142651932,19.99082374572754,1237599,0.0,0.0
2011-06-13 00:00:00-04:00,20.138905695011303,20.262306020674497,19.83040583409019,19.90444564819336,1618421,0.0,0.0
2011-06-14 00:00:00-04:00,20.027843418062464,20.212942929699455,19.904443108146634,20.040184020996094,1195479,0.0,0.0
2011-06-15 00:00:00-04:00,19.929124714737306,20.064865643301506,19.89210480812411,19.953805923461914,873707,0.0,0.0
2011-06-16 00:00:00-04:00,19.966142260176373,20.126562456702572,19.89210055630225,20.052522659301758,688662,0.0,0.0
2011-06-17 00:00:00-04:00,20.175929043475172,20.373369216918945,20.101889216743018,20.373369216918945,2326563,0.0,0.0
2011-06-20 00:00:00-04:00,20.274651919764654,20.447412802103155,20.064871120707085,20.385711669921875,941828,0.0,0.0
2011-06-21 00:00:00-04:00,20.410374963741244,20.620155598192714,20.385695674118082,20.558456420898438,868725,0.0,0.0
2011-06-22 00:00:00-04:00,20.52143648095939,20.706535918843514,20.44739670580574,20.570796966552734,915786,0.0,0.0
2011-06-23 00:00:00-04:00,20.348677887680893,20.5337773451501,20.0401781564079,20.509098052978516,938264,0.0,0.0
2011-06-24 00:00:00-04:00,20.509102262834013,20.558462763782227,20.37336136184475,20.42272186279297,1595660,0.0,0.0
2011-06-27 00:00:00-04:00,20.422719078765443,20.681860243562422,20.373358584546054,20.620159149169922,990306,0.0,0.0
2011-06-28 00:00:00-04:00,20.632504953194335,20.780584566727498,20.48442533966117,20.731224060058594,1065434,0.0,0.0
2011-06-29 00:00:00-04:00,20.792924765324056,20.903984473312395,20.65718385124486,20.817604064941406,1191105,0.0,0.0
2011-06-30 00:00:00-04:00,20.866957190682786,20.965678167184794,20.718877632402613,20.755897521972656,1212084,0.0,0.0
2011-07-01 00:00:00-04:00,20.731219145985445,21.015039608963665,20.66951995712949,20.97801971435547,846693,0.0,0.0
2011-07-05 00:00:00-04:00,20.37336337633624,20.37336337633624,19.62062281172093,19.99082374572754,2976831,0.0,0.0
2011-07-06 00:00:00-04:00,19.990825907390036,20.422726090530197,19.89210488505723,20.336345672607422,1473309,0.0,0.0
2011-07-07 00:00:00-04:00,20.50910664395094,20.75590729493978,20.4474074344406,20.706546783447266,1093136,0.0,0.0
2011-07-08 00:00:00-04:00,20.521440067204217,20.632499749343037,20.36101989084601,20.620159149169922,1085036,0.0,0.0
2011-07-11 00:00:00-04:00,20.410379687790577,20.49676008117378,20.262300102832615,20.34868049621582,1099292,0.0,0.0
2011-07-12 00:00:00-04:00,20.274648245748597,20.48442900679131,20.262307640253763,20.36102867126465,970583,0.0,0.0
2011-07-13 00:00:00-04:00,20.484432718822227,20.484432718822227,20.3363511454717,20.385711669921875,923238,0.0,0.0
2011-07-14 00:00:00-04:00,20.36102867126465,20.546128221317694,20.336347460274983,20.36102867126465,882333,0.0,0.0
2011-07-15 00:00:00-04:00,20.410383688463167,20.42272429178629,20.17592366416511,20.311664581298828,1097388,0.0,0.0
2011-07-18 00:00:00-04:00,20.212938860165536,20.32400045126085,19.892098500274873,20.089540481567383,1006020,0.0,0.0
2011-07-19 00:00:00-04:00,20.11422251576169,20.37336181517767,20.101881913631708,20.324003219604492,714299,0.0,0.0
2011-07-20 00:00:00-04:00,20.361024625263948,20.48442493626936,20.274644216912808,20.410383224487305,573116,0.0,0.0
2011-07-21 00:00:00-04:00,20.41037842466044,20.681860188913177,20.311659342955586,20.63249969482422,613737,0.0,0.0
2011-07-22 00:00:00-04:00,20.595486391982078,20.64484690186772,20.336345144937717,20.447406768798828,779018,0.0,0.0
2011-07-25 00:00:00-04:00,20.31166999680017,20.583149996976097,20.237630170068012,20.373369216918945,785781,0.0,0.0
2011-07-26 00:00:00-04:00,20.410387280296202,20.48442900679131,20.200608425727378,20.36102867126465,800037,0.0,0.0
2011-07-27 00:00:00-04:00,20.24996672491727,20.24996672491727,19.990825476731573,20.02784538269043,788211,0.0,0.0
2011-07-28 00:00:00-04:00,19.978485403260063,20.07720642608839,19.805726473021085,19.916786193847656,644922,0.0,0.0
2011-07-29 00:00:00-04:00,19.76870530913394,19.966145435763117,19.595944483405805,19.781044006347656,1151091,0.0,0.0
2011-08-01 00:00:00-04:00,19.941466887898983,19.953807493232123,18.9912860326198,19.238086700439453,1720157,0.0,0.0
2011-08-02 00:00:00-04:00,19.07766254735522,19.423182267609906,18.83086193011324,18.855541229248047,1752273,0.0,0.0
2011-08-03 00:00:00-04:00,18.904904844024266,19.0900062906434,18.719805303878918,19.003625869750977,1564880,0.0,0.0
2011-08-04 00:00:00-04:00,18.719802798761194,18.843203111169036,18.28790265857051,18.324922561645508,1764342,0.0,0.0
2011-08-05 00:00:00-04:00,18.47299783016107,18.744477691032493,18.00407789715833,18.435977935791016,2215755,0.0,0.0
2011-08-08 00:00:00-04:00,18.115138351422814,18.324919032765457,17.41175651550293,17.41175651550293,1894064,0.0,0.0
2011-08-09 00:00:00-04:00,17.621535495927496,17.806636864263645,16.893474435144086,17.794296264648438,2536313,0.0,0.0
2011-08-10 00:00:00-04:00,17.522815566669205,17.658554529946482,17.066234374303097,17.1155948638916,1433538,0.0,0.0
2011-08-11 00:00:00-04:00,17.214315354553825,17.893015946264025,17.1649567673725,17.65855598449707,1711409,0.0,0.0
2011-08-12 00:00:00-04:00,17.818981874181578,17.856001779677655,17.535161327729206,17.670902252197266,982409,0.0,0.0
2011-08-15 00:00:00-04:00,17.73259280053594,17.91769414410669,17.695572913116337,17.905353546142578,670275,0.0,0.0
2011-08-16 00:00:00-04:00,17.720256479903174,17.954716433754175,17.65855538830013,17.794296264648438,923400,0.0,0.0
2011-08-17 00:00:00-04:00,17.89301534215113,18.016415618884235,17.559836310797436,17.794296264648438,801819,0.0,0.0
2011-08-18 00:00:00-04:00,17.362405885094567,17.399425798012484,16.7824240719238,16.955184936523438,1459215,0.0,0.0
2011-08-19 00:00:00-04:00,16.770074790461457,17.22665406385104,16.733052994429272,16.782413482666016,1242135,0.0,0.0
2011-08-22 00:00:00-04:00,17.029217210806603,17.140276900311285,16.671356940309387,16.930496215820312,1261940,0.0,0.0
2011-08-23 00:00:00-04:00,16.942837925123825,17.52281951904297,16.88113872907625,17.52281951904297,2231469,0.0,0.0
2011-08-24 00:00:00-04:00,17.473455926436966,17.794296264648438,17.436436034064336,17.794296264648438,1236830,0.0,0.0
2011-08-25 00:00:00-04:00,17.880675214090903,17.954714992894502,17.510474413600082,17.68323516845703,1239341,0.0,0.0
2011-08-26 00:00:00-04:00,17.646226031697612,17.905365415415535,17.15262466360291,17.818984985351562,884480,0.0,0.0
2011-08-29 00:00:00-04:00,18.00408042370114,18.30023962022209,17.96706052413602,18.287900924682617,565056,0.0,0.0
2011-08-30 00:00:00-04:00,18.27556026551317,18.4112992613363,18.01641906289445,18.30023956298828,646704,0.0,0.0
2011-08-31 00:00:00-04:00,18.30023672634164,18.73213675728573,18.287898032753333,18.51001739501953,1888799,0.0,0.0
2011-09-01 00:00:00-04:00,16.58497691584717,16.83177750233871,15.8815969601722,16.00499725341797,6835145,0.0,0.0
2011-09-02 00:00:00-04:00,15.684157020061624,16.165418578799237,15.610117220211231,15.967977523803711,2937263,0.0,0.0
2011-09-06 00:00:00-04:00,15.597776476354255,16.202437341316553,15.486715831138415,16.00499725341797,2847758,0.0,0.0
2011-09-07 00:00:00-04:00,16.116057504625662,16.4739177955142,16.079037606014662,16.301156997680664,1496070,0.0,0.0
2011-09-08 00:00:00-04:00,16.28881745355548,16.338176044815587,15.96797612476217,16.066696166992188,1569294,0.0,0.0
2011-09-09 00:00:00-04:00,15.930958657313914,16.06669861692393,15.610118232833832,15.745858192443848,1321353,0.0,0.0
2011-09-12 00:00:00-04:00,15.511398517439446,15.671818733215332,15.276938495378309,15.671818733215332,1499877,0.0,0.0
2011-09-13 00:00:00-04:00,15.745857963171082,15.856918621770685,15.622457655054516,15.795218467712402,981315,0.0,0.0
2011-09-14 00:00:00-04:00,15.93095616489591,16.042016807737074,15.560755293074166,15.869256019592285,1423170,0.0,0.0
2011-09-15 00:00:00-04:00,16.05436343066431,16.05436343066431,15.770541893218091,16.01734161376953,1172921,0.0,0.0
2011-09-16 00:00:00-04:00,16.1654172749879,16.26413636466851,15.967976235916856,16.042016983032227,1380402,0.0,0.0
2011-09-19 00:00:00-04:00,15.856914196579234,16.054355206407887,15.696494031443525,15.930953979492188,983097,0.0,0.0
2011-09-20 00:00:00-04:00,15.943295424073229,16.09137595098644,15.906274577417538,15.955635070800781,951588,0.0,0.0
2011-09-21 00:00:00-04:00,15.943295708650657,16.01733454357403,15.449694578953842,15.462035179138184,977670,0.0,0.0
2011-09-22 00:00:00-04:00,15.141196901064918,15.178217755785411,14.635256976471112,14.795677185058594,1489428,0.0,0.0
2011-09-23 00:00:00-04:00,14.6846170729719,14.919078046474953,14.672277423097745,14.882058143615723,1280529,0.0,0.0
2011-09-26 00:00:00-04:00,15.091836200755244,15.116516450943658,14.696956010687238,15.042475700378418,1123227,0.0,0.0
2011-09-27 00:00:00-04:00,15.276937154843054,15.412677105533895,15.042476200118852,15.141196250915527,1276074,0.0,0.0
2011-09-28 00:00:00-04:00,15.165879350128634,15.239920117058766,14.733979165935416,14.746318817138672,1556051,0.0,0.0
2011-09-29 00:00:00-04:00,14.993116153238244,15.116516450943658,14.746315557827414,15.042475700378418,1615140,0.0,0.0
2011-09-30 00:00:00-04:00,14.956097472775163,14.96843712225613,14.536536998344783,14.573556900024414,1217714,0.0,0.0
2011-10-03 00:00:00-04:00,14.413138605158856,14.511858673830275,13.956558168398937,13.968897819519043,1443663,0.0,0.0
2011-10-04 00:00:00-04:00,13.759116388986588,14.363777333209342,13.648055729212642,14.326757431030273,1174500,0.0,0.0
2011-10-05 00:00:00-04:00,14.400799282769649,14.721639751584885,14.363779375327411,14.696959495544434,941382,0.0,0.0
2011-10-06 00:00:00-04:00,14.73397585448798,15.079496496129229,14.65993510419844,15.054816246032715,733860,0.0,0.0
2011-10-07 00:00:00-04:00,15.165877540504512,15.252257948330811,14.832697465403681,14.91907787322998,867956,0.0,0.0
2011-10-10 00:00:00-04:00,15.1658765476472,15.375657251995525,15.12885664764142,15.338637351989746,650268,0.0,0.0
2011-10-11 00:00:00-04:00,15.215237049812695,15.400337503078273,15.12885664764142,15.338637351989746,1047776,0.0,0.0
2011-10-12 00:00:00-04:00,15.326303484676501,15.819903926351115,15.326303484676501,15.708843231201172,861557,0.0,0.0
2011-10-13 00:00:00-04:00,15.585432105677853,15.610112349005297,15.425012907140431,15.573092460632324,534033,0.0,0.0
2011-10-14 00:00:00-04:00,15.758203751987157,15.78288401238015,15.548422968502292,15.708843231201172,405486,0.0,0.0
2011-10-17 00:00:00-04:00,15.758197116513976,15.758197116513976,15.227576031065666,15.276936531066895,520101,0.0,0.0
2011-10-18 00:00:00-04:00,15.326298292829891,15.758198413832604,15.153537481839427,15.622457504272461,1040121,0.0,0.0
2011-10-19 00:00:00-04:00,15.61011725418991,15.659476803118718,15.301617451983969,15.338637351989746,494667,0.0,0.0
2011-10-20 00:00:00-04:00,15.400338779666454,15.47437858581543,15.079498348705204,15.47437858581543,706280,0.0,0.0
2011-10-21 00:00:00-04:00,15.63479799259909,15.807557849089761,15.462038136108418,15.647137641906738,666630,0.0,0.0
2011-10-24 00:00:00-04:00,15.684160709417304,15.795221388554175,15.560760378481632,15.782881736755371,572427,0.0,0.0
2011-10-25 00:00:00-04:00,15.684158354316448,15.684158354316448,15.449698332686848,15.47437858581543,749210,0.0,0.0
2011-10-26 00:00:00-04:00,15.63480012169153,15.64713977267955,15.178219689818949,15.40034008026123,917163,0.0,0.0
2011-10-27 00:00:00-04:00,15.832238600030562,15.844579202963947,15.49905852585384,15.745858192443848,1504778,0.0,0.0
2011-10-28 00:00:00-04:00,15.74586057852392,15.856921255570459,15.671820762650823,15.844581604003906,589275,0.0,0.0
2011-10-31 00:00:00-04:00,15.573097354184132,15.634797505272658,15.338637351989746,15.338637351989746,606002,0.0,0.0
2011-11-01 00:00:00-04:00,14.943755714075811,15.202894989257334,14.869714967930209,15.030135154724121,945999,0.0,0.0
2011-11-02 00:00:00-04:00,14.919083346601342,15.042482748891832,14.672282635546162,14.968442916870117,1299443,0.0,0.0
2011-11-03 00:00:00-04:00,15.091836243684147,15.671816881960039,15.079496595173167,15.659476280212402,1012541,0.0,0.0
2011-11-04 00:00:00-04:00,15.486715381999845,15.745855609005849,15.363316045569466,15.684155464172363,819477,0.0,0.0
2011-11-07 00:00:00-05:00,15.647135402501544,15.733515795002546,15.437355674874711,15.721176147460938,655857,0.0,0.0
2011-11-08 00:00:00-05:00,15.733516143620456,16.091377369095444,15.7088358947538,16.066696166992188,858195,0.0,0.0
2011-11-09 00:00:00-05:00,15.733517332876243,15.733517332876243,15.15353668347193,15.178216934204102,1202850,0.0,0.0
2011-11-10 00:00:00-05:00,15.3509776892343,15.43735809527878,15.067157172148208,15.190557479858398,675783,0.0,0.0
2011-11-11 00:00:00-05:00,15.375657465881753,15.548417319390825,15.289277062508868,15.49905776977539,307962,0.0,0.0
2011-11-14 00:00:00-05:00,15.350976387480936,15.412676536103897,15.042475644366133,15.054816246032715,678740,0.0,0.0
2011-11-15 00:00:00-05:00,15.01779579502757,15.425016570310833,14.968435296650428,15.387995719909668,708143,0.0,0.0
2011-11-16 00:00:00-05:00,15.190556752932206,15.474377256436403,15.10417635102136,15.141196250915527,675216,0.0,0.0
2011-11-17 00:00:00-05:00,15.0548174486817,15.091837350165468,14.696957130022968,14.795677185058594,726651,0.0,0.0
2011-11-18 00:00:00-05:00,14.832695680325868,14.906735476274047,14.672275486947052,14.684615135192871,1039473,0.0,0.0
2011-11-21 00:00:00-05:00,14.499517408761676,14.536537311238147,14.030596419840622,14.302077293395996,1016388,0.0,0.0
2011-11-22 00:00:00-05:00,14.228035984107484,14.314416388697953,14.04293552565793,14.215696334838867,807935,0.0,0.0
2011-11-23 00:00:00-05:00,14.055276665753295,14.09229656821181,13.845496900742791,13.894856452941895,1058103,0.0,0.0
2011-11-25 00:00:00-05:00,13.820814864016967,14.153994896373066,13.820814864016967,14.079955101013184,592880,0.0,0.0
2011-11-28 00:00:00-05:00,14.425482600167891,14.487181823507433,14.141661025325755,14.265061378479004,948105,0.0,0.0
2011-11-29 00:00:00-05:00,14.314414343834214,14.314414343834214,14.018254224564455,14.030593872070312,938507,0.0,0.0
2011-11-30 00:00:00-05:00,14.425477808697375,14.869717597961426,14.425477808697375,14.869717597961426,1689539,0.0,0.0
2011-12-01 00:00:00-05:00,14.795677221895676,15.042476883480838,14.672276914484732,14.993117332458496,944541,0.0,0.0
2011-12-02 00:00:00-05:00,15.104180819135763,15.178221594063503,14.968440828290356,15.005460739135742,556835,0.0,0.0
2011-12-05 00:00:00-05:00,15.227576652826373,15.326297656859733,14.98077700245303,15.141196250915527,706158,0.0,0.0
2011-12-06 00:00:00-05:00,15.116517639869441,15.21523769515085,14.95609743088256,14.993117332458496,1291545,0.0,0.0
2011-12-07 00:00:00-05:00,15.054816761652313,16.066697517899282,15.005456259768714,15.980318069458008,2418498,0.0,0.0
2011-12-08 00:00:00-05:00,15.881595317011723,15.881595317011723,15.239914621113348,15.301614761352539,1351445,0.0,0.0
2011-12-09 00:00:00-05:00,15.363322197362471,15.536082100130926,15.202900993970157,15.375661849975586,930245,0.0,0.0
2011-12-12 00:00:00-05:00,15.276937828126513,15.338637981748263,15.054817465735562,15.202897071838379,876987,0.0,0.0
2011-12-13 00:00:00-05:00,15.289275838563224,15.400336484471488,14.882056012197252,14.931415557861328,973904,0.0,0.0
2011-12-14 00:00:00-05:00,14.869720748290336,15.03014099744499,14.808020579135702,15.005460739135742,1566662,0.0,0.0
2011-12-15 00:00:00-05:00,15.15353754144538,15.15353754144538,14.968437080328963,14.993117332458496,822515,0.0,0.0
2011-12-16 00:00:00-05:00,15.091831522423801,15.239912024414012,14.882051843943724,15.017791748046875,869292,0.0,0.0
2011-12-19 00:00:00-05:00,15.030139373945353,15.116519792078742,14.709298910292038,14.746318817138672,675135,0.0,0.0
2011-12-20 00:00:00-05:00,14.919077961730853,15.153537980665352,14.882058059081906,15.104177474975586,773996,0.0,0.0
2011-12-21 00:00:00-05:00,15.005456680031887,15.264596939086914,14.9684367792007,15.264596939086914,771080,0.0,0.0
2011-12-22 00:00:00-05:00,15.264595929448266,15.326297031068124,14.980776390769456,15.276936531066895,607379,0.0,0.0
2011-12-23 00:00:00-05:00,15.301617451983969,15.363317603072494,15.252256949818472,15.338637351989746,351297,0.0,0.0
2011-12-27 00:00:00-05:00,15.27693292946536,15.301613173647503,15.104172173426782,15.227572441101074,392364,0.0,0.0
2011-12-28 00:00:00-05:00,15.178217793574914,15.178217793574914,14.90673692662349,14.993117332458496,431163,0.0,0.0
2011-12-29 00:00:00-05:00,14.993117368816787,15.202897129334726,14.943757817674749,15.190557479858398,588992,0.0,0.0
2011-12-30 00:00:00-05:00,15.178213172778745,15.23991330770047,15.141192329236562,15.165872573852539,582228,0.0,0.0
2012-01-03 00:00:00-05:00,15.264596587223899,15.647137142389445,15.227576687246053,15.548417091369629,1169964,0.0,0.0
2012-01-04 00:00:00-05:00,15.37565835459559,15.54841821809019,15.190557888056318,15.511398315429688,674042,0.0,0.0
2012-01-05 00:00:00-05:00,15.4126821683833,15.597782681893738,15.227581654872862,15.486721992492676,639617,0.0,0.0
2012-01-06 00:00:00-05:00,15.486711227613787,15.486711227613787,15.276931554043633,15.326292037963867,947012,0.0,0.0
2012-01-09 00:00:00-05:00,15.313962085158467,15.523741904547364,15.25226191398832,15.486721992492676,846086,0.0,0.0
2012-01-10 00:00:00-05:00,15.696498446913324,16.017337914201335,15.659477591806308,15.992658615112305,1040162,0.0,0.0
2012-01-11 00:00:00-05:00,15.955642040863944,16.140741588818702,15.8692616163271,16.09138298034668,761157,0.0,0.0
2012-01-12 00:00:00-05:00,16.079041957029073,16.22712159154366,15.930961369277577,16.17776107788086,745403,0.0,0.0
2012-01-13 00:00:00-05:00,16.116056664725498,16.14073596035555,15.782876641353765,16.066696166992188,1152185,0.0,0.0
2012-01-17 00:00:00-05:00,16.16542279952858,16.35052234748334,16.017341254690905,16.09138298034668,772214,0.0,0.0
2012-01-18 00:00:00-05:00,16.066697227659382,16.251798629760742,15.980317780778526,16.251798629760742,652860,0.0,0.0
2012-01-19 00:00:00-05:00,16.2271188132386,16.36285972595215,16.153079008657937,16.36285972595215,892215,0.0,0.0
2012-01-20 00:00:00-05:00,16.30115626160789,16.325837463882955,15.930956338977477,16.042016983032227,1562288,0.0,0.0
2012-01-23 00:00:00-05:00,16.042016983032227,16.140736072712834,15.844576897197792,16.042016983032227,786429,0.0,0.0
2012-01-24 00:00:00-05:00,15.930958921189362,16.05436018638347,15.869258765210692,15.893939018249512,635972,0.0,0.0
2012-01-25 00:00:00-05:00,15.85691659998398,16.11605683269321,15.758196556725066,16.02967643737793,874314,0.0,0.0
2012-01-26 00:00:00-05:00,16.1037157749506,16.140735670968553,15.819896254400772,15.91861629486084,666306,0.0,0.0
2012-01-27 00:00:00-05:00,15.795216106167274,15.955636292087018,15.684155464172363,15.684155464172363,701339,0.0,0.0
2012-01-30 00:00:00-05:00,15.523738454876568,15.634799119597831,15.44969864722025,15.610118865966797,501552,0.0,0.0
2012-01-31 00:00:00-05:00,15.659475334912644,15.918616517129824,15.326296266098952,15.869256019592285,1674270,0.0,0.0
2012-02-01 00:00:00-05:00,15.906279123372654,16.251800769331112,15.856919569119153,16.20244026184082,1212570,0.0,0.0
2012-02-02 00:00:00-05:00,16.19009863216666,16.19009863216666,15.807558059692383,15.807558059692383,1034168,0.0,0.0
2012-02-03 00:00:00-05:00,16.04201658374507,16.06669587893265,15.881596398842888,15.91861629486084,473445,0.0,0.0
2012-02-06 00:00:00-05:00,15.795217180016467,15.795217180016467,15.54841658390361,15.659476280212402,771849,0.0,0.0
2012-02-07 00:00:00-05:00,15.65947841999208,15.671819023425991,15.511398804679445,15.610118865966797,760266,0.0,0.0
2012-02-08 00:00:00-05:00,15.548416084016498,15.819896921659767,15.511396186437103,15.770536422729492,1033479,0.0,0.0
2012-02-09 00:00:00-05:00,15.819898662401163,15.893938465706917,15.659477499844147,15.807558059692383,1095809,0.0,0.0
2012-02-10 00:00:00-05:00,15.68415879035461,15.745858948273016,15.5607584745178,15.58543872833252,590288,0.0,0.0
2012-02-13 00:00:00-05:00,15.733518161800149,15.795218315262925,15.622457504272461,15.622457504272461,784607,0.0,0.0
2012-02-14 00:00:00-05:00,15.560765266418457,15.610125795592586,15.425026194282626,15.560765266418457,836082,0.0,0.0
2012-02-15 00:00:00-05:00,15.634803403259241,15.78288401238015,15.474383140560361,15.708843231201172,902705,0.0,0.0
2012-02-16 00:00:00-05:00,15.782875250432467,15.980315317492401,15.684154263665981,15.955635070800781,1035261,0.0,0.0
2012-02-17 00:00:00-05:00,16.029676549477827,16.091377649337332,15.90627625623206,16.00499725341797,741677,0.0,0.0
2012-02-21 00:00:00-05:00,15.980318069458008,16.091378722077764,15.881598018927491,15.980318069458008,740948,0.0,0.0
2012-02-22 00:00:00-05:00,15.955638504101266,16.103718109641413,15.782878646558851,15.83223819732666,1137483,0.0,0.0
2012-02-23 00:00:00-05:00,15.795218697703898,15.844579202963947,15.684158037487158,15.745858192443848,1037124,0.0,0.0
2012-02-24 00:00:00-05:00,15.745857193409263,15.745857193409263,15.523736840305503,15.548417091369629,694454,0.0,0.0
2012-02-27 00:00:00-05:00,15.363322197362471,15.4373620195151,15.338641938899272,15.375661849975586,811944,0.0,0.0
2012-02-28 00:00:00-05:00,15.38799668233587,15.38799668233587,15.178216934204102,15.178216934204102,530834,0.0,0.0
2012-02-29 00:00:00-05:00,15.165881583328932,15.326302792014733,15.042481240178011,15.07950210571289,1408995,0.0,0.0
2012-03-01 00:00:00-05:00,15.079501514063482,15.141200729981149,14.968440828290356,15.005460739135742,1204632,0.0,0.0
2012-03-02 00:00:00-05:00,14.95609161832065,15.178211894687788,14.931411375782888,15.017791748046875,768528,0.0,0.0
2012-03-05 00:00:00-05:00,14.94375776115845,15.289277477556173,14.94375776115845,15.202897071838379,1030523,0.0,0.0
2012-03-06 00:00:00-05:00,15.067153685127971,15.128853824703684,14.894393866257879,14.906733512878418,825917,0.0,0.0
2012-03-07 00:00:00-05:00,14.906737132021616,15.202897301946601,14.857377580319156,15.15353775024414,861638,0.0,0.0
2012-03-08 00:00:00-05:00,15.215237261467365,15.523737067964758,15.116517208999797,15.49905776977539,1315238,0.0,0.0
2012-03-09 00:00:00-05:00,15.412672308858514,15.634792592332742,15.412672308858514,15.573092460632324,665739,0.0,0.0
2012-03-12 00:00:00-04:00,15.536077442455909,15.59777759349788,15.486716940327657,15.548417091369629,518441,0.0,0.0
2012-03-13 00:00:00-04:00,15.610117343903301,15.758197898014139,15.536077543466229,15.73351764678955,1147284,0.0,0.0
2012-03-14 00:00:00-04:00,15.610120598344277,15.856921255570459,15.486720269731187,15.844581604003906,1199489,0.0,0.0
2012-03-15 00:00:00-04:00,15.955635711498662,16.26413547120391,15.893935568910301,16.239456176757812,1604529,0.0,0.0
2012-03-16 00:00:00-04:00,16.177755080932894,16.276476071663517,16.091376597134992,16.239456176757812,1132542,0.0,0.0
2012-03-19 00:00:00-04:00,15.930954714791424,16.486255971978114,15.671814509398907,16.412214279174805,1397210,0.0,0.0
2012-03-20 00:00:00-04:00,16.227115631103516,16.436896307259765,16.066695450479287,16.227115631103516,1673987,0.0,0.0
2012-03-21 00:00:00-04:00,16.659016946581623,17.522819011543294,16.57263845591139,16.794757843017578,4034853,0.0,0.0
2012-03-22 00:00:00-04:00,16.659017288569203,16.819437484707972,16.301156997680664,16.301156997680664,1997460,0.0,0.0
2012-03-23 00:00:00-04:00,16.301160166916308,16.449241696623297,16.22712035529965,16.436901092529297,1299483,0.0,0.0
2012-03-26 00:00:00-04:00,16.831778593301546,16.967519496612,16.461577689569424,16.60965919494629,1956191,0.0,0.0
2012-03-27 00:00:00-04:00,16.659018247375876,16.733058048859224,16.44923944533086,16.51093864440918,942233,0.0,0.0
2012-03-28 00:00:00-04:00,16.510939392942323,16.547959295362315,16.177758364688884,16.35051918029785,1058387,0.0,0.0
2012-03-29 00:00:00-04:00,16.23945780215343,16.424557295208434,16.177756700152894,16.301156997680664,822839,0.0,0.0
2012-03-30 00:00:00-04:00,16.399874214889596,16.41221290726456,16.227113456911457,16.288814544677734,744309,0.0,0.0
2012-04-02 00:00:00-04:00,16.23945780215343,16.3998779982922,16.16541800493143,16.301156997680664,922428,0.0,0.0
2012-04-03 00:00:00-04:00,16.325842618869267,16.3381813174296,16.017340838332117,16.17776107788086,831789,0.0,0.0
2012-04-04 00:00:00-04:00,16.042019083945537,16.066698382979464,15.745857963171082,15.795218467712402,1080986,0.0,0.0
2012-04-05 00:00:00-04:00,15.721175303146675,15.893935125633941,15.684154456036913,15.696495056152344,829278,0.0,0.0
2012-04-09 00:00:00-04:00,15.511397819912524,15.523737469326246,15.3386379619368,15.412677764892578,1056321,0.0,0.0
2012-04-10 00:00:00-04:00,15.41267664689681,15.462037147444661,15.21523655117871,15.239916801452637,1131327,0.0,0.0
2012-04-11 00:00:00-04:00,15.326298198916422,15.64713766042547,15.276937695153972,15.437357902526855,957906,0.0,0.0
2012-04-12 00:00:00-04:00,15.350145754810221,15.586877607327354,15.337686588875368,15.561958312988281,875772,0.296296,0.0
2012-04-13 00:00:00-04:00,15.499653435987447,15.561951161973445,15.238003371833827,15.250462532043457,841793,0.0,0.0
2012-04-16 00:00:00-04:00,15.300307500035752,15.375064417512446,15.150792702613039,15.163252830505371,1101357,0.0,0.0
2012-04-17 00:00:00-04:00,15.250462130380505,15.412436021184286,15.238002970499021,15.362598419189453,646380,0.0,0.0
2012-04-18 00:00:00-04:00,15.175707868558375,15.188167030592835,15.038653236303038,15.076031684875488,977751,0.0,0.0
2012-04-19 00:00:00-04:00,15.038653150225924,15.113410046942935,14.889138394322844,15.013733863830566,942354,0.0,0.0
2012-04-20 00:00:00-04:00,15.051115042014318,15.275386735310635,14.951438840823648,15.213088989257812,1245578,0.0,0.0
2012-04-23 00:00:00-04:00,15.1009491153639,15.287841335255326,15.01373210443527,15.238003730773926,1124037,0.0,0.0
2012-04-24 00:00:00-04:00,15.225545149795238,15.275382756173586,14.876678055270865,14.988814353942871,958716,0.0,0.0
2012-04-25 00:00:00-04:00,15.13832804303221,15.15078720393341,14.864218803453996,14.92651653289795,888044,0.0,0.0
2012-04-26 00:00:00-04:00,14.914056867641477,15.051111491640478,14.85175913628393,14.976354598999023,981072,0.0,0.0
2012-04-27 00:00:00-04:00,15.076028456960687,15.175704619302001,14.95143301341683,15.088488578796387,678821,0.0,0.0
2012-04-30 00:00:00-04:00,15.100950697487068,15.163248431467444,14.988815353803819,15.150788307189941,763628,0.0,0.0
2012-05-01 00:00:00-04:00,15.125870155997763,15.325222522019832,15.051112296887695,15.275383949279785,796595,0.0,0.0
2012-05-02 00:00:00-04:00,15.175710534119965,15.287845899533506,15.11341278806714,15.213088989257812,903029,0.0,0.0
2012-05-03 00:00:00-04:00,15.163252942204995,15.225550694717596,14.527816251564197,14.577654838562012,2104583,0.0,0.0
2012-05-04 00:00:00-04:00,14.477972797077502,14.54027052450419,14.340917219257417,14.353377342224121,1775520,0.0,0.0
2012-05-07 00:00:00-04:00,14.24123790670323,14.315995740607418,14.066804885864258,14.066804885864258,850500,0.0,0.0
2012-05-08 00:00:00-04:00,13.967134253631768,14.079270567548756,13.7927002014207,13.942214965820312,1261980,0.0,0.0
2012-05-09 00:00:00-04:00,13.780236906167183,14.029427784613157,13.767777747232413,13.954670906066895,835718,0.0,0.0
2012-05-10 00:00:00-04:00,14.054349213276705,14.066808374115961,13.904834470860772,13.979592323303223,1433174,0.0,0.0
2012-05-11 00:00:00-04:00,13.904832345390169,14.016968625678388,13.767777747232413,13.954670906066895,1106420,0.0,0.0
2012-05-14 00:00:00-04:00,13.805157302765325,13.967131194358357,13.742859578116551,13.81761646270752,684410,0.0,0.0
2012-05-15 00:00:00-04:00,13.830077944453983,13.867456390423332,13.668104036940806,13.705482482910156,1063004,0.0,0.0
2012-05-16 00:00:00-04:00,13.73040498967891,13.85500048046022,13.518592462856839,13.531052589416504,831587,0.0,0.0
2012-05-17 00:00:00-04:00,13.518590958205587,13.518590958205587,13.219562391094566,13.256940841674805,795744,0.0,0.0
2012-05-18 00:00:00-04:00,13.269397016089604,13.281857138456388,12.870692349730492,12.932990074157715,1189445,0.0,0.0
2012-05-21 00:00:00-04:00,12.945447308421553,13.194637188067794,12.870689478305865,13.132339477539062,928746,0.0,0.0
2012-05-22 00:00:00-04:00,13.169721871203832,13.194641155401733,13.032667251818832,13.094964981079102,644841,0.0,0.0
2012-05-23 00:00:00-04:00,13.02021224536896,13.119888451495704,12.845779125264476,13.082509994506836,740786,0.0,0.0
2012-05-24 00:00:00-04:00,13.144803775593363,13.157262936672153,12.982829869224169,13.119884490966797,705875,0.0,0.0
2012-05-25 00:00:00-04:00,13.169724543559912,13.294320027362943,13.107427764127566,13.232022285461426,924939,0.0,0.0
2012-05-29 00:00:00-04:00,13.543508531702019,13.854997184556643,13.531049370575431,13.805158615112305,2489252,0.0,0.0
2012-05-30 00:00:00-04:00,13.730401723414793,13.86745634568323,13.568427816424187,13.805158615112305,2041646,0.0,0.0
2012-05-31 00:00:00-04:00,13.780239196304779,13.892375495228926,13.593346968879509,13.842536926269531,2249168,0.0,0.0
2012-06-01 00:00:00-04:00,14.09172759790365,14.67732547928186,13.431372826872172,13.555968284606934,3945510,0.0,0.0
2012-06-04 00:00:00-04:00,13.568429253645405,13.767781627600952,13.531050803837376,13.755321502685547,1939748,0.0,0.0
2012-06-05 00:00:00-04:00,13.65564553622176,13.8549988758656,13.605807923162635,13.780241012573242,1807070,0.0,0.0
2012-06-06 00:00:00-04:00,13.879916567823123,14.31600071515489,13.854998243665133,14.291081428527832,1581768,0.0,0.0
2012-06-07 00:00:00-04:00,14.428136061273047,14.71470545131154,14.253702979821782,14.291081428527832,3470040,0.0,0.0
2012-06-08 00:00:00-04:00,14.241241047868504,14.378296625688588,14.11664655548407,14.353377342224121,1440707,0.0,0.0
2012-06-11 00:00:00-04:00,14.390757612566995,14.552731531939267,14.228783693194723,14.291081428527832,1532075,0.0,0.0
2012-06-12 00:00:00-04:00,14.378297670265606,14.440595402218198,14.241242082488494,14.41567611694336,1309446,0.0,0.0
2012-06-13 00:00:00-04:00,14.453054652560096,14.752083190291247,14.328459187888196,14.477973937988281,1657625,0.0,0.0
2012-06-14 00:00:00-04:00,14.49043105987619,14.602567347284836,14.365835612741645,14.515350341796875,1277411,0.0,0.0
2012-06-15 00:00:00-04:00,14.789460129722215,15.287840975141272,14.777000969512585,15.250462532043457,2064933,0.0,0.0
2012-06-18 00:00:00-04:00,14.55273069282097,14.8891376742471,14.45305451452919,14.777002334594727,2270106,0.0,0.0
2012-06-19 00:00:00-04:00,14.864223040177949,14.889141369082777,14.602572886923241,14.652410507202148,1434591,0.0,0.0
2012-06-20 00:00:00-04:00,14.66486459914555,14.926515624365628,14.577648553207776,14.826838493347168,1514984,0.0,0.0
2012-06-21 00:00:00-04:00,14.826842058003775,14.826842058003775,14.440597413556775,14.639949798583984,1956150,0.0,0.0
2012-06-22 00:00:00-04:00,14.677326156302948,14.839300066335717,14.639947709752157,14.777002334594727,1638063,0.0,0.0
2012-06-25 00:00:00-04:00,14.664869223930454,14.677329350471705,14.465517786431846,14.602572441101074,952277,0.0,0.0
2012-06-26 00:00:00-04:00,14.57765483856201,14.677331050088306,14.490437792550503,14.577654838562012,938547,0.0,0.0
2012-06-27 00:00:00-04:00,14.540270110310313,14.889136218999246,14.540270110310313,14.826838493347168,853133,0.0,0.0
2012-06-28 00:00:00-04:00,14.764536138876169,14.826833844997337,14.577643982981277,14.78945541381836,790682,0.0,0.0
2012-06-29 00:00:00-04:00,15.001270272708842,15.100946426391603,14.864215681703643,15.100946426391602,966573,0.0,0.0
2012-07-02 00:00:00-04:00,15.100950971413475,15.163248706523913,14.9015986040477,15.076031684875488,1216580,0.0,0.0
2012-07-03 00:00:00-04:00,15.026193801698236,15.150788307189941,15.001274515612275,15.150788307189941,811539,0.0,0.0
2012-07-05 00:00:00-04:00,15.163245156886918,15.163245156886918,14.826837273548081,14.901595115661621,3073626,0.0,0.0
2012-07-06 00:00:00-04:00,14.801921404900023,14.864220102256475,14.490433692932129,14.490433692932129,3104244,0.0,0.0
2012-07-09 00:00:00-04:00,14.55272508795208,14.664860384416416,14.25369666824521,14.378292083740234,3104730,0.0,0.0
2012-07-10 00:00:00-04:00,14.453052192739674,14.552728355019122,14.278618186898997,14.365835189819336,1436211,0.0,0.0
2012-07-11 00:00:00-04:00,14.353373153045348,14.540266280778745,14.27861532447079,14.465509414672852,1596105,0.0,0.0
2012-07-12 00:00:00-04:00,14.50328459482472,14.629181329640177,14.276670666661099,14.440336227416992,2074046,0.296296,0.0
2012-07-13 00:00:00-04:00,14.465514030200104,14.69212793112584,14.377386131917625,14.452923774719238,1024893,0.0,0.0
2012-07-16 00:00:00-04:00,14.45292059183977,14.47810012473547,14.125590554278395,14.213717460632324,1471770,0.0,0.0
2012-07-17 00:00:00-04:00,14.238893916171994,14.389969135853963,14.037459641582387,14.339611053466797,1024893,0.0,0.0
2012-07-18 00:00:00-04:00,14.31443633230582,14.478101856928161,14.25148797879563,14.415153503417969,1448159,0.0,0.0
2012-07-19 00:00:00-04:00,14.440332945428763,14.47810176278513,14.226309322902424,14.264078140258789,1444190,0.0,0.0
2012-07-20 00:00:00-04:00,14.201133993164444,14.251492107047431,13.987109334728778,13.999699592590332,1065231,0.0,0.0
2012-07-23 00:00:00-04:00,13.785670055463829,13.8360281515253,13.559056191885382,13.697543144226074,1429245,0.0,0.0
2012-07-24 00:00:00-04:00,13.72272300720215,13.861209000153522,13.647185369687005,13.722723007202148,4041576,0.0,0.0
2012-07-25 00:00:00-04:00,13.747905552698635,13.873802291124404,13.58423998724934,13.659777641296387,1127075,0.0,0.0
2012-07-26 00:00:00-04:00,13.848619718074607,13.911568073510836,13.672364906365662,13.722723007202148,1457757,0.0,0.0
2012-07-27 00:00:00-04:00,13.785671837245024,14.06264480520409,13.747903017187165,14.050054550170898,1720319,0.0,0.0
2012-07-30 00:00:00-04:00,14.289256967694598,14.641767557073345,14.201130049740517,14.427742958068848,2145731,0.0,0.0
2012-07-31 00:00:00-04:00,14.389976866924046,14.61659176323766,14.264081107057915,14.566232681274414,2823863,0.0,0.0
2012-08-01 00:00:00-04:00,14.57882119853399,14.767666287179807,14.415155649545138,14.654359817504883,1712057,0.0,0.0
2012-08-02 00:00:00-04:00,14.490693843135501,14.666949654868382,14.264080895229187,14.402566909790039,1702458,0.0,0.0
2012-08-03 00:00:00-04:00,14.553642467504499,14.75507782343139,14.478104816857536,14.71730899810791,910926,0.0,0.0
2012-08-06 00:00:00-04:00,14.717309198225617,14.86838450157378,14.666950115428893,14.805436134338379,617949,0.0,0.0
2012-08-07 00:00:00-04:00,14.818024193855832,14.931331634521484,14.76766608774293,14.931331634521484,1521909,0.0,0.0
2012-08-08 00:00:00-04:00,14.85579131650778,15.082406171905795,14.818022498115049,15.019457817077637,685746,0.0,0.0
2012-08-09 00:00:00-04:00,15.019458033296669,15.107584953308104,14.956508705041484,15.107584953308105,595674,0.0,0.0
2012-08-10 00:00:00-04:00,15.069818390868782,15.233483945780598,14.994280741685166,15.208304405212402,487539,0.0,0.0
2012-08-13 00:00:00-04:00,15.132766057646355,15.18312513645866,14.918741431475457,15.08240795135498,846329,0.0,0.0
2012-08-14 00:00:00-04:00,15.157949752800468,15.195718586004046,14.981693901155511,15.032052993774414,994397,0.0,0.0
2012-08-15 00:00:00-04:00,15.05722861749243,15.183125343720857,14.994280254378218,15.17053508758545,922590,0.0,0.0
2012-08-16 00:00:00-04:00,15.195716189549813,15.25866455913551,15.019461338222484,15.069819450378418,1340834,0.0,0.0
2012-08-17 00:00:00-04:00,15.145358077393881,15.170536647211325,15.019461338222484,15.069819450378418,1048707,0.0,0.0
2012-08-20 00:00:00-04:00,15.032049282296233,15.107586930052815,14.641769814685633,14.893563270568848,1722263,0.0,0.0
2012-08-21 00:00:00-04:00,14.880973014262112,15.057228822388746,14.818024650291308,14.893563270568848,1024083,0.0,0.0
2012-08-22 00:00:00-04:00,14.855793782337946,14.90615286356762,14.616591550320416,14.843204498291016,1269756,0.0,0.0
2012-08-23 00:00:00-04:00,14.84320621295996,14.868385756483507,14.629182524312535,14.75507926940918,856818,0.0,0.0
2012-08-24 00:00:00-04:00,14.704718941265932,14.855794244614096,14.666950115428893,14.805436134338379,650673,0.0,0.0
2012-08-27 00:00:00-04:00,14.818023968383761,14.981689512671968,14.666948679822898,14.76766586303711,931055,0.0,0.0
2012-08-28 00:00:00-04:00,14.729894859854003,14.906149661250748,14.616588410210545,14.818021774291992,795461,0.0,0.0
2012-08-29 00:00:00-04:00,14.805432041888665,14.956507303477297,14.679535342217648,14.855790138244629,523422,0.0,0.0
2012-08-30 00:00:00-04:00,14.792844812647326,14.994279171050923,14.74248573678599,14.868382453918457,1450224,0.0,0.0
2012-08-31 00:00:00-04:00,15.623763640884262,15.951094755319597,15.246074417124024,15.371970176696777,6215333,0.0,0.0
2012-09-04 00:00:00-04:00,15.397147898723368,15.40973718143715,15.107585643618535,15.233482360839844,2249370,0.0,0.0
2012-09-05 00:00:00-04:00,15.246073171085495,15.258662454257571,14.943920649746588,15.057228088378906,1598778,0.0,0.0
2012-09-06 00:00:00-04:00,15.15794793270126,15.409740447998047,15.082410275364333,15.409740447998047,1469259,0.0,0.0
2012-09-07 00:00:00-04:00,15.409740447998047,15.460099534570052,15.334202790661118,15.409740447998047,739449,0.0,0.0
2012-09-10 00:00:00-04:00,15.309014611603741,15.585987486468003,15.309014611603741,15.47268009185791,980748,0.0,0.0
2012-09-11 00:00:00-04:00,15.409739710081233,15.661533185841618,15.384561140522022,15.648943901062012,1258457,0.0,0.0
2012-09-12 00:00:00-04:00,15.560813098866404,15.862964630126955,15.560813098866404,15.862964630126953,1333625,0.0,0.0
2012-09-13 00:00:00-04:00,15.862968785907142,16.127351566588224,15.825199956170003,15.963685989379883,1853159,0.0,0.0
2012-09-14 00:00:00-04:00,15.963678625880195,16.341367721557617,15.888141001248844,16.341367721557617,1760373,0.0,0.0
2012-09-17 00:00:00-04:00,16.001449257231265,16.089577144333273,15.812605174185197,15.976269721984863,1471973,0.0,0.0
2012-09-18 00:00:00-04:00,15.976272735074929,16.076990895055747,15.862966263877938,15.988862991333008,755771,0.0,0.0
2012-09-19 00:00:00-04:00,15.976269721984865,16.026628792477663,15.800014920301614,15.976269721984863,878931,0.0,0.0
2012-09-20 00:00:00-04:00,15.938501231816065,16.014039839102388,15.825194779667768,16.001449584960938,733415,0.0,0.0
2012-09-21 00:00:00-04:00,16.051807595873083,16.07698712997147,15.774835638353006,15.850373268127441,1402394,0.0,0.0
2012-09-24 00:00:00-04:00,15.825198778619994,15.825198778619994,15.71189229783969,15.724481582641602,767030,0.0,0.0
2012-09-25 00:00:00-04:00,15.762251439635687,15.800020269030659,15.321613799999561,15.359382629394531,1158827,0.0,0.0
2012-09-26 00:00:00-04:00,15.359382629394531,15.460099831954821,15.233485883063896,15.359382629394531,842562,0.0,0.0
2012-09-27 00:00:00-04:00,15.384560216668804,15.422329041260612,15.170535580620594,15.208304405212402,1597401,0.0,0.0
2012-09-28 00:00:00-04:00,15.195711587721025,15.3216082887662,15.044635351962665,15.157942771911621,1820718,0.0,0.0
2012-10-01 00:00:00-04:00,15.220895731888302,15.220895731888302,14.96910225354551,15.069819450378418,1724652,0.0,0.0
2012-10-02 00:00:00-04:00,15.069816812322053,15.107585632957619,14.780254557421555,14.868382453918457,1069484,0.0,0.0
2012-10-03 00:00:00-04:00,14.843202350996275,14.906150707166443,14.629178718034375,14.679536819458008,1089653,0.0,0.0
2012-10-04 00:00:00-04:00,14.515872287937302,14.616590442764846,14.377386283830786,14.465514183044434,1831208,0.0,0.0
2012-10-05 00:00:00-04:00,14.528463280042274,14.591411643740077,14.276669825251062,14.301849365234375,1651550,0.0,0.0
2012-10-08 00:00:00-04:00,14.276669215566686,14.45292404288101,14.26407993237313,14.327027320861816,1277087,0.0,0.0
2012-10-09 00:00:00-04:00,14.352203432777653,14.389972245860863,14.150769114653416,14.213717460632324,1018980,0.0,0.0
2012-10-10 00:00:00-04:00,14.087826357840962,14.163364986497054,13.886391959800182,13.911571502685547,1499229,0.0,0.0
2012-10-11 00:00:00-04:00,14.038847750411849,14.153399185985178,13.860657830095542,13.975208282470703,1195884,0.296296,0.0
2012-10-12 00:00:00-04:00,14.000662200136714,14.051573177057534,13.784288827626693,13.860655784606934,1007316,0.0,0.0
2012-10-15 00:00:00-04:00,13.911570754829885,13.987937733731187,13.771564299111393,13.924299240112305,1546290,0.0,0.0
2012-10-16 00:00:00-04:00,13.949755748923623,14.127946696511035,13.886117248440591,14.06430721282959,701784,0.0,0.0
2012-10-17 00:00:00-04:00,14.204311202607153,14.204311202607153,13.975209298010462,14.140671730041504,1142343,0.0,0.0
2012-10-18 00:00:00-04:00,14.089760033081292,14.204311479209432,14.038849043956322,14.10248851776123,801819,0.0,0.0
2012-10-19 00:00:00-04:00,14.051573177057534,14.064301658686256,13.797016326057392,13.860655784606934,839768,0.0,0.0
2012-10-22 00:00:00-04:00,13.822476273844465,13.949754244280536,13.746109294943162,13.924299240112305,946445,0.0,0.0
2012-10-23 00:00:00-04:00,13.797020193924116,13.886115657510167,13.69519722833933,13.809747695922852,1047816,0.0,0.0
2012-10-24 00:00:00-04:00,13.860658513134837,13.924297984212071,13.606100628825898,13.746108055114746,1068471,0.0,0.0
2012-10-25 00:00:00-04:00,13.835204124450685,14.013394074108604,13.809748136442888,13.835204124450684,779625,0.0,0.0
2012-10-26 00:00:00-04:00,13.847931012198677,13.911569500077693,13.70792358590983,13.746108055114746,502686,0.0,0.0
2012-10-31 00:00:00-04:00,13.733378190696856,13.987935066223146,13.720650691039884,13.987935066223145,974066,0.0,0.0
2012-11-01 00:00:00-04:00,13.962477224559445,14.267946002925404,13.949748744295496,14.255218505859375,1177295,0.0,0.0
2012-11-02 00:00:00-04:00,14.293404943335835,14.306132443040326,14.064303066268144,14.153398513793945,736331,0.0,0.0
2012-11-05 00:00:00-05:00,14.077028771203956,14.420682034590046,14.064301273122174,14.318859100341797,1137848,0.0,0.0
2012-11-06 00:00:00-05:00,14.344316227072838,14.637057575216803,14.331588727100636,14.59887409210205,837905,0.0,0.0
2012-11-07 00:00:00-05:00,14.471596875910747,14.471596875910747,14.064305030117938,14.10248851776123,809028,0.0,0.0
2012-11-08 00:00:00-05:00,14.102483899418463,14.229762805346432,13.89883804321289,13.89883804321289,632448,0.0,0.0
2012-11-09 00:00:00-05:00,13.898841314220595,14.140670702478047,13.898841314220595,13.975208282470703,610821,0.0,0.0
2012-11-12 00:00:00-05:00,13.987936799244297,14.166127715707413,13.89884232421098,14.140671730041504,562505,0.0,0.0
2012-11-13 00:00:00-05:00,14.064307446587884,14.153402921862417,13.987939474981815,14.077034950256348,530469,0.0,0.0
2012-11-14 00:00:00-05:00,14.127940577522677,14.166124054554118,13.89883873213604,13.93702220916748,825228,0.0,0.0
2012-11-15 00:00:00-05:00,13.962481864113276,14.115215812448831,13.924298377029388,14.089759826660156,1074627,0.0,0.0
2012-11-16 00:00:00-05:00,14.115214444841918,14.115214444841918,13.860657561213637,14.013391494750977,952074,0.0,0.0
2012-11-19 00:00:00-05:00,14.127939602407412,14.267946002925404,13.949748744295496,14.255218505859375,1202364,0.0,0.0
2012-11-20 00:00:00-05:00,14.077030091177175,14.242492497745388,14.026119110878234,14.178853034973145,953451,0.0,0.0
2012-11-21 00:00:00-05:00,14.255221683570262,14.446139098108752,14.191582217658054,14.433411598205566,494748,0.0,0.0
2012-11-23 00:00:00-05:00,14.53523045418452,14.789788246154787,14.471591006191954,14.789788246154785,398480,0.0,0.0
2012-11-26 00:00:00-05:00,14.687972656173688,14.815251615678553,14.53523770812818,14.611604690551758,739490,0.0,0.0
2012-11-27 00:00:00-05:00,14.624330249340845,14.827976150509272,14.586145782573379,14.662513732910156,732929,0.0,0.0
2012-11-28 00:00:00-05:00,14.573421010241463,14.827978925948157,14.49705402880879,14.764339447021484,900518,0.0,0.0
2012-11-29 00:00:00-05:00,14.789789387732508,14.942523288145432,14.662510481923114,14.853428840637207,502119,0.0,0.0
2012-11-30 00:00:00-05:00,14.827977353881916,14.853433339393403,14.611602951831632,14.67524242401123,1165388,0.0,0.0
2012-12-03 00:00:00-05:00,14.764336056511379,14.764336056511379,14.369771771053829,14.573417663574219,1465574,0.0,0.0
2012-12-04 00:00:00-05:00,14.573423767971375,14.840709236762516,14.497056772087772,14.64979076385498,1289804,0.0,0.0
2012-12-05 00:00:00-05:00,14.68796645972458,14.942523288145432,14.611598526320181,14.853428840637207,1247967,0.0,0.0
2012-12-06 00:00:00-05:00,14.789798414455365,14.853437906201435,14.217043971939283,14.331594467163086,2508935,0.0,0.0
2012-12-07 00:00:00-05:00,14.318863315904323,14.586147736697928,14.267951342192399,14.395230293273926,1682127,0.0,0.0
2012-12-10 00:00:00-05:00,14.331588649385658,14.560690530029985,14.14067025164903,14.433411598205566,2069550,0.0,0.0
2012-12-11 00:00:00-05:00,14.471594953289674,14.713424331701175,14.395227988148807,14.586145401000977,1166117,0.0,0.0
2012-12-12 00:00:00-05:00,14.611601145522028,14.72615257456357,14.497050699678601,14.573417663574219,697491,0.0,0.0
2012-12-13 00:00:00-05:00,14.586148702011114,14.700700158844834,14.560693696668823,14.611604690551758,1107756,0.0,0.0
2012-12-14 00:00:00-05:00,14.547959073415484,14.878884818438673,14.547959073415484,14.853428840637207,1481936,0.0,0.0
2012-12-17 00:00:00-05:00,14.853435002848602,14.891618493792933,14.71342755845493,14.878890991210938,925871,0.0,0.0
2012-12-18 00:00:00-05:00,14.878890395162289,15.031624352821085,14.789794931062453,15.006168365478516,1347759,0.0,0.0
2012-12-19 00:00:00-05:00,15.044350836465838,15.069806822085162,14.76433794424798,14.840704917907715,973296,0.0,0.0
2012-12-20 00:00:00-05:00,14.789789387732508,14.853428840637205,14.662510481923114,14.853428840637207,755325,0.0,0.0
2012-12-21 00:00:00-05:00,14.764336297260508,14.955254693310806,14.547961918430543,14.586145401000977,1366065,0.0,0.0
2012-12-24 00:00:00-05:00,14.522508452478371,14.547963454748048,14.420685493804966,14.458868980407715,298688,0.0,0.0
2012-12-26 00:00:00-05:00,14.446136387956363,14.458864868669774,14.22976303100586,14.22976303100586,634068,0.0,0.0
2012-12-27 00:00:00-05:00,14.217039449356793,14.229766950377845,13.924298077088542,14.127943992614746,1024650,0.0,0.0
2012-12-28 00:00:00-05:00,14.000662952538686,14.178852856134593,13.94975098968381,14.115213394165039,912789,0.0,0.0
2012-12-31 00:00:00-05:00,14.06430564371981,14.420686515935943,14.06430564371981,14.407958030700684,1049112,0.0,0.0
2013-01-02 00:00:00-05:00,14.662513349339974,14.662513349339974,14.44613897051001,14.586145401000977,1782081,0.0,0.0
2013-01-03 00:00:00-05:00,14.586144065499553,14.764334945443998,14.522505589174296,14.726151466369629,702675,0.0,0.0
2013-01-04 00:00:00-05:00,14.802520283765851,15.069805654056443,14.738880816249218,15.044349670410156,1472054,0.0,0.0
2013-01-07 00:00:00-05:00,15.158904430668969,15.158904430668969,14.802523531035222,15.069808959960938,1381374,0.0,0.0
2013-01-08 00:00:00-05:00,15.082532137553,15.120715618849363,14.827975267844549,15.095260620117188,1390973,0.0,0.0
2013-01-09 00:00:00-05:00,15.107986238539311,15.375271557534933,15.095258740757796,15.362544059753418,1286402,0.0,0.0
2013-01-10 00:00:00-05:00,15.3625498255239,15.502556286458766,15.273454358020647,15.311638832092285,982652,0.0,0.0
2013-01-11 00:00:00-05:00,15.311632010277128,15.3759126663208,15.208783159228092,15.3759126663208,812147,0.296296,0.0
2013-01-14 00:00:00-05:00,15.491619406440778,15.684461401398853,15.47876367068531,15.530187606811523,902097,0.0,0.0
2013-01-15 00:00:00-05:00,15.414485931396483,15.491622346778605,15.375917723705422,15.414485931396484,805788,0.0,0.0
2013-01-16 00:00:00-05:00,15.375914377144182,15.414482576440891,15.195928122953783,15.221640586853027,566069,0.0,0.0
2013-01-17 00:00:00-05:00,15.22164152118161,15.478764189748027,15.22164152118161,15.388771057128906,640710,0.0,0.0
2013-01-18 00:00:00-05:00,15.375915320942337,15.465908453561457,15.23449725736818,15.388771057128906,991197,0.0,0.0
2013-01-22 00:00:00-05:00,15.350200804664015,15.478762121771313,15.298775880579397,15.453049659729004,788454,0.0,0.0
2013-01-23 00:00:00-05:00,15.440202434074177,15.517338869605341,15.375921740096608,15.401634216308594,1605987,0.0,0.0
2013-01-24 00:00:00-05:00,15.350210846487315,15.620189391785903,15.337355103608296,15.581621170043945,1986687,0.0,0.0
2013-01-25 00:00:00-05:00,15.620182491613413,15.671606433518004,15.491621147195248,15.594470024108887,1251936,0.0,0.0
2013-01-28 00:00:00-05:00,15.620182198407257,15.67160613934657,15.504477586465471,15.555901527404785,1623564,0.0,0.0
2013-01-29 00:00:00-05:00,15.517336571169864,15.72303436418811,15.324494517801018,15.697321891784668,3027132,0.0,0.0
2013-01-30 00:00:00-05:00,15.71017717278477,15.838737536712616,15.658752232729986,15.671607971191406,1952222,0.0,0.0
2013-01-31 00:00:00-05:00,15.633037935365975,15.684462869409728,15.517333323424191,15.555901527404785,1823229,0.0,0.0
2013-02-01 00:00:00-05:00,15.658748626708986,15.710173554921226,15.530187299282707,15.658748626708984,1296405,0.0,0.0
2013-02-04 00:00:00-05:00,15.555900071426802,15.633036472168294,15.530187606811523,15.530187606811523,842279,0.0,0.0
2013-02-05 00:00:00-05:00,15.555905092551823,15.671609731011129,15.49162440681732,15.568761825561523,918864,0.0,0.0
2013-02-06 00:00:00-05:00,15.491621147195248,15.697318901022529,15.465909672795181,15.594470024108887,2246292,0.0,0.0
2013-02-07 00:00:00-05:00,15.594478353465647,15.63304657877035,15.324499783227742,15.607335090637207,1101438,0.0,0.0
2013-02-08 00:00:00-05:00,15.607323438878613,15.620179173347644,15.440193925259972,15.453049659729004,895536,0.0,0.0
2013-02-11 00:00:00-05:00,15.453054139087543,15.54304728576971,15.38877346190093,15.414485931396484,862448,0.0,0.0
2013-02-12 00:00:00-05:00,15.414483522606423,15.453051724270509,15.311634653800732,15.388771057128906,725477,0.0,0.0
2013-02-13 00:00:00-05:00,15.414485599271957,15.478766275073562,15.298779985587263,15.324492454528809,1221642,0.0,0.0
2013-02-14 00:00:00-05:00,15.285922818078067,15.517333030700685,15.247354614825033,15.517333030700684,1457190,0.0,0.0
2013-02-15 00:00:00-05:00,15.530188826917625,15.813023973697524,15.517333090152166,15.735886573791504,1312727,0.0,0.0
2013-02-19 00:00:00-05:00,15.723032495252507,15.851593848883484,15.68446428778412,15.74874496459961,1210019,0.0,0.0
2013-02-20 00:00:00-05:00,15.401627876040456,15.401627876040456,14.990231405319438,15.105937004089355,2173068,0.0,0.0
2013-02-21 00:00:00-05:00,15.02879607148788,15.093075726528909,14.565975802084683,14.643112182617188,1915934,0.0,0.0
2013-02-22 00:00:00-05:00,14.65597032927541,14.771675912238376,14.617402132655839,14.668827056884766,875327,0.0,0.0
2013-02-25 00:00:00-05:00,14.66882825575974,15.067367975241494,14.655971527099611,14.65597152709961,1483394,0.0,0.0
2013-02-26 00:00:00-05:00,14.694541508472268,14.745966443139007,14.39885161000409,14.55312442779541,913518,0.0,0.0
2013-02-27 00:00:00-05:00,14.501696709172148,14.913092106937663,14.488839982301856,14.88737964630127,1029956,0.0,0.0
2013-02-28 00:00:00-05:00,14.861669512318286,15.22164103827018,14.861669512318286,15.195928573608398,1563057,0.0,0.0
2013-03-01 00:00:00-05:00,15.170216590226575,15.401627786419853,14.977375581906143,15.388771057128906,1740974,0.0,0.0
2013-03-04 00:00:00-05:00,15.298784311460649,15.427345699415786,15.208792134375889,15.401634216308594,1163322,0.0,0.0
2013-03-05 00:00:00-05:00,15.530194611158938,15.594475305136505,15.260216093695067,15.401634216308594,1134689,0.0,0.0
2013-03-06 00:00:00-05:00,15.337339702335198,15.517324887430506,15.298770526218297,15.491612434387207,1008936,0.0,0.0
2013-03-07 00:00:00-05:00,15.478765119443596,15.59446973138538,15.440196915463,15.555901527404785,1093136,0.0,0.0
2013-03-08 00:00:00-05:00,15.594472255733248,15.723033618549,15.45305515387776,15.684465408325195,1239179,0.0,0.0
2013-03-11 00:00:00-04:00,15.658750166989904,15.748743303661385,15.555901293552965,15.735886573791504,726287,0.0,0.0
2013-03-12 00:00:00-04:00,15.697317897105656,15.941584833119938,15.697317897105656,15.928728103637695,1032588,0.0,0.0
2013-03-13 00:00:00-04:00,15.941582231329546,16.005862888936473,15.877301573722617,15.967294692993164,958757,0.0,0.0
2013-03-14 00:00:00-04:00,15.980150461645522,16.005862923364447,15.761596026691015,15.800164222717285,1270607,0.0,0.0
2013-03-15 00:00:00-04:00,15.748747228771933,16.134430352009385,15.684466542714913,16.108718872070312,1768716,0.0,0.0
2013-03-18 00:00:00-04:00,15.993008932085557,16.27584308006915,15.90301579722514,16.250131607055664,1425398,0.0,0.0
2013-03-19 00:00:00-04:00,16.32726721047948,16.32726721047948,16.108713741971485,16.185850143432617,1172192,0.0,0.0
2013-03-20 00:00:00-04:00,16.2501328594133,16.571535234791217,16.2501328594133,16.50725555419922,1516239,0.0,0.0
2013-03-21 00:00:00-04:00,16.430119394899386,16.49440007346676,16.314413776236293,16.3272705078125,881928,0.0,0.0
2013-03-22 00:00:00-04:00,16.455824483369156,16.455824483369156,16.18584615173201,16.36583137512207,952034,0.0,0.0
2013-03-25 00:00:00-04:00,16.63581769843509,16.687241647062596,16.494400598328713,16.571537017822266,1609511,0.0,0.0
2013-03-26 00:00:00-04:00,16.738668155388606,16.81580458210146,16.224423655461788,16.48154640197754,2640600,0.0,0.0
2013-03-27 00:00:00-04:00,17.304335885739846,17.548601860823894,16.982931509810633,17.12434959411621,4585815,0.0,0.0
2013-03-28 00:00:00-04:00,17.08577914620477,17.4200382232666,16.98292928270477,17.4200382232666,2760885,0.0,0.0
2013-04-01 00:00:00-04:00,17.420035720118552,17.690013097146654,17.30433112996365,17.67715835571289,1958337,0.0,0.0
2013-04-02 00:00:00-04:00,17.780004894404307,17.79286162108932,17.510027537477534,17.5871639251709,1979357,0.0,0.0
2013-04-03 00:00:00-04:00,17.535747458395004,17.664308828597825,17.304338183755515,17.432897567749023,2920617,0.0,0.0
2013-04-04 00:00:00-04:00,17.407181493776903,17.49717462778721,17.24005195524599,17.4200382232666,2477993,0.0,0.0
2013-04-05 00:00:00-04:00,17.29147841846697,17.728585411533686,17.252910212790756,17.715730667114258,2132487,0.0,0.0
2013-04-08 00:00:00-04:00,17.625740688737913,17.805727005004883,17.458611105406963,17.805727005004883,3271023,0.0,0.0
2013-04-09 00:00:00-04:00,17.792869224604733,17.972855530275925,17.715732803948278,17.921430587768555,1576544,0.0,0.0
2013-04-10 00:00:00-04:00,18.01142066818247,18.204261686928426,17.947139004461242,18.101411819458008,1841697,0.0,0.0
2013-04-11 00:00:00-04:00,18.07547907676215,18.282944991348085,18.036579342982424,18.24404525756836,1226057,0.296296,0.0
2013-04-12 00:00:00-04:00,18.15327617282011,18.192175901518066,17.79020936726327,17.829111099243164,1763897,0.0,0.0
2013-04-15 00:00:00-04:00,17.777249472020603,18.04954765478406,17.777249472020603,17.8809814453125,1376069,0.0,0.0
2013-04-16 00:00:00-04:00,18.023614162477354,18.347779315545967,17.8809804534203,18.334814071655273,1366430,0.0,0.0
2013-04-17 00:00:00-04:00,18.24405351095161,18.38668526490804,18.062520002334583,18.2829532623291,1828535,0.0,0.0
2013-04-18 00:00:00-04:00,18.26997310341223,18.51633868917844,18.192173655620973,18.2310733795166,1813023,0.0,0.0
2013-04-19 00:00:00-04:00,18.282942906440024,18.38667485026275,18.15327647420014,18.269975662231445,1150241,0.0,0.0
2013-04-22 00:00:00-04:00,18.295904120019852,18.425570523717195,18.127339998822986,18.41260528564453,1000877,0.0,0.0
2013-04-23 00:00:00-04:00,18.503369886501698,18.503369886501698,18.269969584796826,18.438535690307617,1343061,0.0,0.0
2013-04-24 00:00:00-04:00,18.464480903779364,18.996112005865772,18.39964666989616,18.866445541381836,1747818,0.0,0.0
2013-04-25 00:00:00-04:00,18.87941063743314,19.346207452443043,18.86644339147767,19.125776290893555,1788683,0.0,0.0
2013-04-26 00:00:00-04:00,19.099842879804687,19.242476583539453,18.91831144256686,18.996110916137695,1122741,0.0,0.0
2013-04-29 00:00:00-04:00,19.099842624652673,19.359175535279302,19.04797764515321,19.255443572998047,1531103,0.0,0.0
2013-04-30 00:00:00-04:00,19.26840882613117,19.38511003827074,19.13874237075124,19.372142791748047,1449941,0.0,0.0
2013-05-01 00:00:00-04:00,19.37213465185961,19.436966850666867,19.0350024101863,19.073902130126953,1237923,0.0,0.0
2013-05-02 00:00:00-04:00,19.073918632456735,19.203585145537318,18.970186623962203,19.151718139648438,1011204,0.0,0.0
2013-05-03 00:00:00-04:00,19.32027898242645,19.359178725101746,19.138745514419977,19.3332462310791,1143801,0.0,0.0
2013-05-06 00:00:00-04:00,19.30730312501116,19.385104578954202,19.164671466559405,19.346202850341797,641399,0.0,0.0
2013-05-07 00:00:00-04:00,19.346208298702663,19.553676229936418,19.32027580893961,19.372142791748047,1636524,0.0,0.0
2013-05-08 00:00:00-04:00,19.398077366881026,19.59257807250168,19.29434539339488,19.57961082458496,1361732,0.0,0.0
2013-05-09 00:00:00-04:00,19.527749579968727,19.59258383533973,19.385117824062164,19.46291732788086,935024,0.0,0.0
2013-05-10 00:00:00-04:00,19.462913159943934,19.56664514172719,19.268412438765928,19.39807891845703,1022139,0.0,0.0
2013-05-13 00:00:00-04:00,19.32027544329877,19.449941896224733,19.268408461471925,19.307308197021484,947295,0.0,0.0
2013-05-14 00:00:00-04:00,19.320281190404454,19.657413667640583,19.320281190404454,19.631481170654297,575586,0.0,0.0
2013-05-15 00:00:00-04:00,19.514783173382842,19.77411416962701,19.398081921297496,19.70928192138672,621756,0.0,0.0
2013-05-16 00:00:00-04:00,19.644431283314713,19.99453074096664,19.644431283314713,19.864864349365234,1098563,0.0,0.0
2013-05-17 00:00:00-04:00,19.85190027131128,20.09826785689331,19.774100824614496,20.059368133544922,916313,0.0,0.0
2013-05-20 00:00:00-04:00,20.072343548086845,20.22794452364352,20.0204785595173,20.098278045654297,742203,0.0,0.0
2013-05-21 00:00:00-04:00,20.08531188964844,20.202011125203168,20.020479648767854,20.085311889648438,852525,0.0,0.0
2013-05-22 00:00:00-04:00,20.072344318636027,20.189043552321444,19.722246617579785,19.787078857421875,844061,0.0,0.0
2013-05-23 00:00:00-04:00,19.657400131225586,19.825966253766193,19.59256793176297,19.657400131225586,1094391,0.0,0.0
2013-05-24 00:00:00-04:00,19.56664123141304,19.82597413896861,19.540708741970406,19.7481746673584,713043,0.0,0.0
2013-05-28 00:00:00-04:00,19.877841299966942,20.163106699531532,19.47587468865483,19.72224235534668,1581404,0.0,0.0
2013-05-29 00:00:00-04:00,19.605534252736952,19.774100384589506,19.385103159761787,19.644433975219727,864554,0.0,0.0
2013-05-30 00:00:00-04:00,19.696305608613656,19.825972048720736,19.618506145205828,19.774105072021484,890150,0.0,0.0
2013-05-31 00:00:00-04:00,19.7352146778841,19.929715431712317,18.801616668701172,18.801616668701172,4064904,0.0,0.0
2013-06-03 00:00:00-04:00,18.90534314079659,19.527740897910466,18.90534314079659,19.242475509643555,2776883,0.0,0.0
2013-06-04 00:00:00-04:00,18.65898659191216,19.255452151426194,18.269987052670412,19.151718139648438,2718765,0.0,0.0
2013-06-05 00:00:00-04:00,19.073911025078726,19.24247722452475,18.905344825632696,18.918312072753906,1267367,0.0,0.0
2013-06-06 00:00:00-04:00,18.90534314079659,19.255442755609128,18.85347616021654,19.242475509643555,1428759,0.0,0.0
2013-06-07 00:00:00-04:00,19.32027580893961,19.592575966222167,19.203576600082368,19.372142791748047,3204603,0.0,0.0
2013-06-10 00:00:00-04:00,19.449945115582292,19.51477935441779,18.67194827253466,19.03501319885254,3803882,0.0,0.0
2013-06-11 00:00:00-04:00,18.905343769052163,19.30730837452045,18.69787784311977,19.281375885009766,3616569,0.0,0.0
2013-06-12 00:00:00-04:00,19.601111419405488,19.601111419405488,18.69751397022819,18.892135620117188,1524420,2.469136,0.0
2013-06-13 00:00:00-04:00,18.906038010391004,19.281379197324565,18.780924997318287,19.26747703552246,1997865,0.0,0.0
2013-06-14 00:00:00-04:00,19.26746990947499,19.309174231741608,18.919933174681624,18.961637496948242,943245,0.0,0.0
2013-06-17 00:00:00-04:00,19.086756065864943,19.1701647348793,18.906036567095423,19.003347396850586,955274,0.0,0.0
2013-06-18 00:00:00-04:00,19.003339258058247,19.017241412845006,18.850421998546842,18.989437103271484,912303,0.0,0.0
2013-06-19 00:00:00-04:00,18.91994056714479,19.086757921390706,18.53069935799916,18.5863037109375,814293,0.0,0.0
2013-06-20 00:00:00-04:00,18.475086366632347,18.488986376125823,18.00243557255888,18.1136474609375,968355,0.0,0.0
2013-06-21 00:00:00-04:00,18.210962451169994,18.26656679735216,17.960735376347113,18.16925811767578,1136349,0.0,0.0
2013-06-24 00:00:00-04:00,17.946831254812306,18.12755180330174,17.73830853626986,17.96073341369629,1090544,0.0,0.0
2013-06-25 00:00:00-04:00,18.085848141908585,18.25266546381374,17.960734076622202,18.22486114501953,1016753,0.0,0.0
2013-06-26 00:00:00-04:00,18.391687451193203,18.892141750652456,18.336080940649765,18.850435256958008,1510205,0.0,0.0
2013-06-27 00:00:00-04:00,18.892135465868655,18.989444142303526,18.79482464171867,18.933839797973633,1204794,0.0,0.0
2013-06-28 00:00:00-04:00,18.906043775267296,19.448202478280816,18.906043775267296,19.36479377746582,2952207,0.0,0.0
2013-07-01 00:00:00-04:00,19.40649063884215,19.4481949731558,19.156264632960237,19.323081970214844,1113791,0.0,0.0
2013-07-02 00:00:00-04:00,19.281385076650828,19.587217695544492,19.128467693345964,19.36479377746582,1618380,0.0,0.0
2013-07-03 00:00:00-04:00,19.197965473081574,19.267471968381813,19.003343849897163,19.239669799804688,708305,0.0,0.0
2013-07-05 00:00:00-04:00,19.281380216882642,19.448197576467212,19.17016721201592,19.434297561645508,834057,0.0,0.0
2013-07-08 00:00:00-04:00,19.462090873751656,19.642810313553227,19.36478007574857,19.628908157348633,996584,0.0,0.0
2013-07-09 00:00:00-04:00,19.7123182054581,19.80962901040351,19.53159875276369,19.615007400512695,1059156,0.0,0.0
2013-07-10 00:00:00-04:00,19.58720849759856,19.7540258208929,19.517701995464268,19.698421478271484,563558,0.0,0.0
2013-07-11 00:00:00-04:00,19.99284836201737,20.0489297904267,19.754503915821804,19.852645874023438,791897,0.296296,0.0
2013-07-12 00:00:00-04:00,19.866664208105995,19.93676436002452,19.71244084140331,19.768522262573242,687690,0.0,0.0
2013-07-15 00:00:00-04:00,19.76851942405209,19.90872187381628,19.726458905728656,19.880680084228516,710613,0.0,0.0
2013-07-16 00:00:00-04:00,19.83861889703229,19.950781719485278,19.600276689921433,19.796558380126953,835839,0.0,0.0
2013-07-17 00:00:00-04:00,19.810578377613382,20.13304376999488,19.782536590240532,19.922739028930664,598631,0.0,0.0
2013-07-18 00:00:00-04:00,19.96480941772461,20.076970112343325,19.894707088286395,19.96480941772461,682385,0.0,0.0
2013-07-19 00:00:00-04:00,19.922747649215623,20.00687088167504,19.754505516414742,19.824607849121094,662580,0.0,0.0
2013-07-22 00:00:00-04:00,20.301289919047502,20.735918216346338,19.978824461715615,20.469532012939453,1572129,0.0,0.0
2013-07-23 00:00:00-04:00,20.581700664614623,20.679842635783686,20.469537792975952,20.511600494384766,1504656,0.0,0.0
2013-07-24 00:00:00-04:00,20.539632903146554,20.974259004206168,20.49757238259428,20.80601692199707,1080864,0.0,0.0
2013-07-25 00:00:00-04:00,20.72188635212132,20.82002824363308,20.62374446060956,20.7919864654541,853011,0.0,0.0
2013-07-26 00:00:00-04:00,20.66580946007982,20.904153796194105,20.637769841854883,20.890132904052734,757512,0.0,0.0
2013-07-29 00:00:00-04:00,20.890142804573458,20.988284763960124,20.73592158215912,20.96024513244629,689675,0.0,0.0
2013-07-30 00:00:00-04:00,21.016325368944337,21.338790893554688,20.988285736131715,21.338790893554688,1333301,0.0,0.0
2013-07-31 00:00:00-04:00,21.310746228461245,21.53506973616767,21.25466481002003,21.436927795410156,1167048,0.0,0.0
2013-08-01 00:00:00-04:00,21.521046147866933,21.913613861788726,21.436925113757447,21.829490661621094,759780,0.0,0.0
2013-08-02 00:00:00-04:00,21.773412131576034,21.955675100153858,21.689291094702916,21.941654205322266,650268,0.0,0.0
2013-08-05 00:00:00-04:00,21.8575353731306,22.067837986525767,21.759393431526707,21.969696044921875,694697,0.0,0.0
2013-08-06 00:00:00-04:00,21.941656418488666,22.137940301696446,21.77341432777253,21.969696044921875,744755,0.0,0.0
2013-08-07 00:00:00-04:00,21.85753731513047,22.067839947210622,21.703313940899278,21.997739791870117,641115,0.0,0.0
2013-08-08 00:00:00-04:00,22.039802892661903,22.180005385778003,21.96970056307441,22.095884323120117,613656,0.0,0.0
2013-08-09 00:00:00-04:00,22.081856466960236,22.222058915904654,22.011754159458928,22.17999839782715,465386,0.0,0.0
2013-08-12 00:00:00-04:00,22.095884360324522,22.43236861152262,22.039802929771877,22.362268447875977,580973,0.0,0.0
2013-08-13 00:00:00-04:00,22.43236861152262,22.516489674322145,22.320207916476214,22.362268447875977,748683,0.0,0.0
2013-08-14 00:00:00-04:00,22.432366262447747,22.432366262447747,22.011758826436452,22.025779724121094,1254650,0.0,0.0
2013-08-15 00:00:00-04:00,21.843509122678352,21.843509122678352,21.47898323810578,21.507022857666016,1069808,0.0,0.0
2013-08-16 00:00:00-04:00,21.436930352194615,21.577132831990397,21.254667345065968,21.52105140686035,992615,0.0,0.0
2013-08-19 00:00:00-04:00,21.464972490299886,21.535074821419837,21.338790893554688,21.338790893554688,913235,0.0,0.0
2013-08-20 00:00:00-04:00,21.366827646902454,21.53506973616767,21.32476712458615,21.436927795410156,527918,0.0,0.0
2013-08-21 00:00:00-04:00,21.394868148478473,21.478989196552945,21.19858425893236,21.282705307006836,711747,0.0,0.0
2013-08-22 00:00:00-04:00,21.296724145866072,21.591149951735748,21.296724145866072,21.549089431762695,457610,0.0,0.0
2013-08-23 00:00:00-04:00,21.619190875166225,21.74537244266591,21.549090726352542,21.703311920166016,666590,0.0,0.0
2013-08-26 00:00:00-04:00,21.6892919474141,21.95567596333789,21.6892919474141,21.787431716918945,594054,0.0,0.0
2013-08-27 00:00:00-04:00,21.619187299191793,21.68928960246846,21.4509452370207,21.493005752563477,586724,0.0,0.0
2013-08-28 00:00:00-04:00,21.422910685043036,21.493013011997313,21.04436591730161,21.184568405151367,896994,0.0,0.0
2013-08-29 00:00:00-04:00,21.10045271457396,21.507037216915517,21.03035036978244,21.408897399902344,745200,0.0,0.0
2013-08-30 00:00:00-04:00,21.366827217646556,21.366827217646556,21.044361775660885,21.128482818603516,692712,0.0,0.0
2013-09-03 00:00:00-04:00,21.35280729469559,21.549091181210542,21.14250467775705,21.240644454956055,966047,0.0,0.0
2013-09-04 00:00:00-04:00,20.06294542186072,20.4274714010885,19.389974883146007,20.203147888183594,3224732,0.0,0.0
2013-09-05 00:00:00-04:00,20.189130106824916,20.189130106824916,19.9507856862663,20.090988159179688,2476130,0.0,0.0
2013-09-06 00:00:00-04:00,20.119026489981866,20.203147535093716,19.96480529596295,20.147066116333008,1097429,0.0,0.0
2013-09-09 00:00:00-04:00,20.18913328977188,20.32933361873019,20.161091491133096,20.24521255493164,913964,0.0,0.0
2013-09-10 00:00:00-04:00,20.245210971025166,20.44149488190456,20.133050283421756,20.28727149963379,1022382,0.0,0.0
2013-09-11 00:00:00-04:00,20.20314590216118,20.707874298095703,20.20314590216118,20.707874298095703,1141290,0.0,0.0
2013-09-12 00:00:00-04:00,20.45551687559084,21.18456896526186,20.1470700945309,20.97426414489746,4008893,0.0,0.0
2013-09-13 00:00:00-04:00,20.918174202331226,21.647228161369778,20.904155475121733,21.605165481567383,1910466,0.0,0.0
2013-09-16 00:00:00-04:00,21.73135089919879,21.899592967417764,21.45094600812841,21.829490661621094,1896777,0.0,0.0
2013-09-17 00:00:00-04:00,21.871558143410237,21.9556791959761,21.6472346145484,21.731355667114258,1769567,0.0,0.0
2013-09-18 00:00:00-04:00,21.829482839166303,21.84350372851297,21.422896542629278,21.577119827270508,2200811,0.0,0.0
2013-09-19 00:00:00-04:00,21.57713956170704,21.689302446949732,21.184573795476307,21.408897399902344,1970204,0.0,0.0
2013-09-20 00:00:00-04:00,21.394863636358377,21.42290325778355,20.988277212374076,21.198579788208008,13277318,0.0,0.0
2013-09-23 00:00:00-04:00,21.128482286429797,21.33878488848938,21.002300725194047,21.324766159057617,2141154,0.0,0.0
2013-09-24 00:00:00-04:00,21.35281179299046,21.464972490299886,21.324772160177837,21.338790893554688,1990859,0.0,0.0
2013-09-25 00:00:00-04:00,21.43692862059896,22.151959693558812,21.366828469392836,22.053817749023438,2309229,0.0,0.0
2013-09-26 00:00:00-04:00,22.109898950925043,22.432364408612266,22.067838427405707,22.29216194152832,2479896,0.0,0.0
2013-09-27 00:00:00-04:00,22.23607646227352,22.558539663624654,22.13793454618497,22.47441864013672,2599857,0.0,0.0
2013-09-30 00:00:00-04:00,24.898876159034472,26.102654669428524,24.842095093814983,25.847135543823242,1687900,0.0,0.405
2013-10-01 00:00:00-04:00,25.58025976658544,27.06794576882302,25.551869233981662,26.84649658203125,2222600,0.0,0.0
2013-10-02 00:00:00-04:00,26.698869948796403,26.795398212514336,25.8698540980477,26.64776611328125,1597700,0.0,0.0
2013-10-03 00:00:00-04:00,25.977740159126895,26.483099129314187,25.977740159126895,26.1026611328125,1056800,0.0,0.0
2013-10-04 00:00:00-04:00,26.108331156401594,26.32410309691728,25.881204736016574,26.170791625976562,984300,0.0,0.0
2013-10-07 00:00:00-04:00,25.847136600325392,26.14240291686509,25.722215652465817,25.72221565246582,1015800,0.0,0.0
2013-10-08 00:00:00-04:00,25.688144870805985,26.023158328612492,25.591614468018367,25.80738639831543,1008400,0.0,0.0
2013-10-09 00:00:00-04:00,25.801699216304243,26.023150485583283,25.557536829148198,25.72788429260254,915600,0.0,0.0
2013-10-10 00:00:00-04:00,26.008094925327306,26.305461271036513,25.93947259369121,26.29974365234375,812200,0.32,0.0
2013-10-11 00:00:00-04:00,26.37408980303128,26.545646763185623,26.248282529032817,26.482744216918945,385600,0.0,0.0
2013-10-14 00:00:00-04:00,26.24256273836568,26.51705431101898,26.139628125937552,26.459869384765625,559400,0.0,0.0
2013-10-15 00:00:00-04:00,26.44843129652269,26.602833211272788,26.111035004616554,26.11675262451172,825500,0.0,0.0
2013-10-16 00:00:00-04:00,26.391245389009924,26.511335035522233,26.15106391452034,26.505615234375,587900,0.0,0.0
2013-10-17 00:00:00-04:00,26.24827194554132,26.454138905840434,25.950905649823632,26.20252227783203,693100,0.0,0.0
2013-10-18 00:00:00-04:00,26.25400236856494,26.77439309452348,26.202535058021116,26.75151824951172,591100,0.0,0.0
2013-10-21 00:00:00-04:00,26.631424279338738,27.060317737367342,26.408400030198255,27.014570236206055,686100,0.0,0.0
2013-10-22 00:00:00-04:00,26.980259320057442,27.117504011852226,26.80298256323538,26.894479751586914,425800,0.0,0.0
2013-10-23 00:00:00-04:00,26.883033136687985,27.020279963011063,26.78010074377605,26.900190353393555,294400,0.0,0.0
2013-10-24 00:00:00-04:00,26.91163577699824,27.231874831250295,26.877323514843397,27.168970108032227,407400,0.0,0.0
2013-10-25 00:00:00-04:00,27.3119369707696,27.3119369707696,26.940230581681778,27.0660400390625,241700,0.0,0.0
2013-10-28 00:00:00-04:00,27.140376198996186,27.140376198996186,26.945944420088495,27.020286560058594,307200,0.0,0.0
2013-10-29 00:00:00-04:00,27.01456728786447,27.311931466621143,26.997410068019693,27.08890724182129,410400,0.0,0.0
2013-10-30 00:00:00-04:00,27.237593179182447,27.237593179182447,26.848729621367063,27.020286560058594,630300,0.0,0.0
2013-10-31 00:00:00-04:00,27.106069716489756,27.17469206477801,26.831575960406486,26.92879295349121,631400,0.0,0.0
2013-11-01 00:00:00-04:00,27.106068268897005,27.15753557273088,26.734359721045134,27.111785888671875,391900,0.0,0.0
2013-11-04 00:00:00-05:00,27.294777502958922,27.294777502958922,26.90019633442773,26.94594383239746,499600,0.0,0.0
2013-11-05 00:00:00-05:00,26.94594967961231,27.043166678774153,26.72864519953808,26.837297439575195,390200,0.0,0.0
2013-11-06 00:00:00-05:00,27.10606528280819,27.23759233779088,26.780106454923963,26.854446411132812,303400,0.0,0.0
2013-11-07 00:00:00-05:00,26.905920181143188,27.043167069748485,26.745800628991418,26.75151824951172,369200,0.0,0.0
2013-11-08 00:00:00-05:00,26.717203403463113,27.180406934366875,26.591393959778188,27.117502212524414,283300,0.0,0.0
2013-11-11 00:00:00-05:00,27.00885459518942,27.29478361124876,26.940232242145456,27.26047134399414,470300,0.0,0.0
2013-11-12 00:00:00-05:00,27.16325686097461,27.43774845800441,27.123226972749343,27.266191482543945,402900,0.0,0.0
2013-11-13 00:00:00-05:00,27.214716738056143,27.843759536743164,26.991692512730104,27.843759536743164,348300,0.0,0.0
2013-11-14 00:00:00-05:00,27.729394227937803,27.986728572075755,27.6779269228172,27.740829467773438,273000,0.0,0.0
2013-11-15 00:00:00-05:00,27.615018263843524,28.078221762500796,27.58642580539606,27.963851928710938,524400,0.0,0.0
2013-11-18 00:00:00-05:00,27.87807382715781,28.032475728591695,27.643612165305946,27.689359664916992,377100,0.0,0.0
2013-11-19 00:00:00-05:00,27.69508062375573,27.923824675769655,27.609301058884267,27.860919952392578,448600,0.0,0.0
2013-11-20 00:00:00-05:00,27.83232258290773,28.055348993429423,27.603580734769842,27.649328231811523,254300,0.0,0.0
2013-11-21 00:00:00-05:00,27.19184270681212,28.049629556752343,27.19184270681212,28.032474517822266,179000,0.0,0.0
2013-11-22 00:00:00-05:00,27.963851336610908,28.123970845698178,27.85519694276052,27.889509201049805,173800,0.0,0.0
2013-11-25 00:00:00-05:00,27.832327716320616,27.843765138056746,27.637898091201816,27.66649055480957,203800,0.0,0.0
2013-11-26 00:00:00-05:00,27.63790162139514,28.02676310276722,27.557839659015897,27.906673431396484,531300,0.0,0.0
2013-11-27 00:00:00-05:00,27.832330235840047,27.872362306272976,27.523528546870832,27.695085525512695,449000,0.0,0.0
2013-11-29 00:00:00-05:00,27.672205192309427,27.88951181894334,27.672205192309427,27.809452056884766,176400,0.0,0.0
2013-12-02 00:00:00-05:00,27.574993093257728,28.07250893586546,27.449183636853313,27.95241928100586,350300,0.0,0.0
2013-12-03 00:00:00-05:00,26.499886074359743,27.071743778008887,22.994397740180588,23.852184295654297,3762100,0.0,0.0
2013-12-04 00:00:00-05:00,23.60629996268489,23.806451592088916,23.09734663952771,23.692079544067383,1511100,0.0,0.0
2013-12-05 00:00:00-05:00,23.12593911959535,23.70351698078006,23.12593911959535,23.669204711914062,945600,0.0,0.0
2013-12-06 00:00:00-05:00,23.77214241027832,23.943699413856216,23.634897680002265,23.77214241027832,733300,0.0,0.0
2013-12-09 00:00:00-05:00,23.77214241027832,23.87507704871819,23.64061530148641,23.77214241027832,800800,0.0,0.0
2013-12-10 00:00:00-05:00,23.73783173132067,25.04738746717719,23.703521637180057,24.258222579956055,1446800,0.0,0.0
2013-12-11 00:00:00-05:00,24.103804115336338,24.143833981791747,23.4404492379071,23.68634605407715,1075400,0.0,0.0
2013-12-12 00:00:00-05:00,22.977252728908113,23.58342294449071,22.977252728908113,23.217432022094727,892300,0.0,0.0
2013-12-13 00:00:00-05:00,23.726395391766268,25.035948885674458,23.726395391766268,24.669960021972656,1996100,0.0,0.0
2013-12-16 00:00:00-05:00,24.664243551839746,24.99020253513344,24.286817245843583,24.504121780395508,974200,0.0,0.0
2013-12-17 00:00:00-05:00,24.72141599762574,24.967315061607238,24.45836189523869,24.961597442626953,835000,0.0,0.0
2013-12-18 00:00:00-05:00,25.127429801386874,25.459108357372166,24.98446535790307,25.413358688354492,949000,0.0,0.0
2013-12-19 00:00:00-05:00,25.45339979547915,25.45911959736375,25.21322047149202,25.32187271118164,597000,0.0,0.0
2013-12-20 00:00:00-05:00,25.48770972279196,26.55708352319934,25.40193015411897,25.807950973510742,2321900,0.0,0.0
2013-12-23 00:00:00-05:00,25.796510930377885,26.19681190772473,25.796510930377885,25.9108829498291,617300,0.0,0.0
2013-12-24 00:00:00-05:00,25.693575081962607,26.408397441951628,25.67642004339158,26.271150588989258,384400,0.0,0.0
2013-12-26 00:00:00-05:00,26.105307088240306,26.66000762081804,26.025245171030722,26.442703247070312,482000,0.0,0.0
2013-12-27 00:00:00-05:00,26.396963243009143,26.68289222188986,26.053849340938278,26.59711265563965,480700,0.0,0.0
2013-12-30 00:00:00-05:00,26.45414567541487,26.71720196913051,26.391243138414275,26.545642852783203,495700,0.0,0.0
2013-12-31 00:00:00-05:00,26.545646035564275,26.780109898488806,26.517053573233127,26.585678100585938,483400,0.0,0.0
2014-01-02 00:00:00-05:00,26.351220008252014,26.660021697539317,26.294032894335594,26.448434829711914,819900,0.0,0.0
2014-01-03 00:00:00-05:00,26.648572488295105,26.9459388047416,26.49417280267393,26.84300422668457,895900,0.0,0.0
2014-01-06 00:00:00-05:00,26.820143040758033,26.860172929178376,26.442716820319557,26.53421401977539,853100,0.0,0.0
2014-01-07 00:00:00-05:00,26.442712434873485,27.33480943624987,26.368370290937136,27.168970108032227,1359900,0.0,0.0
2014-01-08 00:00:00-05:00,27.077472905278086,27.397714140776614,26.860168456173852,27.214719772338867,1635200,0.0,0.0
2014-01-09 00:00:00-05:00,27.380563762286574,27.603588050450863,27.209006785349835,27.334814071655273,870300,0.0,0.0
2014-01-10 00:00:00-05:00,27.09462941170238,27.557832940189645,27.043162110596587,27.31765365600586,650700,0.0,0.0
2014-01-13 00:00:00-05:00,27.075855374046235,27.39250014273022,26.71315677820659,26.7764835357666,577400,0.32,0.0
2014-01-14 00:00:00-05:00,26.81102361752289,27.09312468387654,26.80526743894185,26.954952239990234,662100,0.0,0.0
2014-01-15 00:00:00-05:00,27.162210565260445,27.39825342484285,26.931923884419614,27.3118953704834,672300,0.0,0.0
2014-01-16 00:00:00-05:00,27.202508908101304,27.260079477055285,26.741937767940165,26.90889549255371,722700,0.0,0.0
2014-01-17 00:00:00-05:00,26.747697849271216,26.93768470765897,26.333184860730498,26.764970779418945,868900,0.0,0.0
2014-01-21 00:00:00-05:00,26.77073194975029,27.05283310220539,26.465603879766384,26.70164680480957,630700,0.0,0.0
2014-01-22 00:00:00-05:00,26.63831521722086,26.66134432865922,26.39651393947197,26.482872009277344,802600,0.0,0.0
2014-01-23 00:00:00-05:00,26.258337462321084,26.569223804792678,26.143194128497186,26.44256591796875,880200,0.0,0.0
2014-01-24 00:00:00-05:00,26.385003643847934,26.425303493928975,25.780501500278117,26.183502197265625,1028300,0.0,0.0
2014-01-27 00:00:00-05:00,26.125923669497137,26.31590830553755,25.745952201239863,26.010780334472656,842700,0.0,0.0
2014-01-28 00:00:00-05:00,26.056837840654946,26.40802404428035,25.98775271416069,26.275609970092773,432800,0.0,0.0
2014-01-29 00:00:00-05:00,26.1604617076988,26.31590486020444,25.694134446358035,25.901391983032227,1015400,0.0,0.0
2014-01-30 00:00:00-05:00,26.338945770881047,26.338945770881047,25.88988903756402,26.062602996826172,544700,0.0,0.0
2014-01-31 00:00:00-05:00,25.80352770159005,26.333186265447214,25.792013146269582,26.1028995513916,566900,0.0,0.0
2014-02-03 00:00:00-05:00,25.970479557126634,26.29863662256023,25.233565753511026,25.331436157226562,923000,0.0,0.0
2014-02-04 00:00:00-05:00,25.389009483114005,25.59626706194377,25.23356849516829,25.544452667236328,1208200,0.0,0.0
2014-02-05 00:00:00-05:00,25.532931026777806,25.80927585263747,25.28537367590319,25.584745407104492,533900,0.0,0.0
2014-02-06 00:00:00-05:00,25.521417056576492,25.826544945753263,25.504144133443717,25.763216018676758,585900,0.0,0.0
2014-02-07 00:00:00-05:00,25.792014860462512,25.907158225142997,25.607786355444546,25.768985748291016,891300,0.0,0.0
2014-02-10 00:00:00-05:00,25.648083255342765,25.849584669414757,25.625054145818524,25.843826293945312,381800,0.0,0.0
2014-02-11 00:00:00-05:00,25.780502179890906,26.051088777148482,25.671117183384123,25.92443084716797,288300,0.0,0.0
2014-02-12 00:00:00-05:00,25.92442459244853,26.051082491870616,25.636567327344988,25.728681564331055,399900,0.0,0.0
2014-02-13 00:00:00-05:00,25.509917746852363,26.09138859560529,25.509917746852363,26.07987403869629,421500,0.0,0.0
2014-02-14 00:00:00-05:00,26.114410400390625,26.171980972645315,25.861094611646248,26.114410400390625,215500,0.0,0.0
2014-02-18 00:00:00-05:00,25.98775947487277,26.55771795621062,25.98775947487277,26.523174285888672,368900,0.0,0.0
2014-02-19 00:00:00-05:00,26.327427443209846,26.546199598234818,26.125928218961075,26.212284088134766,769200,0.0,0.0
2014-02-20 00:00:00-05:00,26.17197992144697,26.448322610287974,26.056836585385764,26.327423095703125,292000,0.0,0.0
2014-02-21 00:00:00-05:00,26.47711049901262,26.47711049901262,26.17198032432692,26.20076560974121,572400,0.0,0.0
2014-02-24 00:00:00-05:00,26.143199298803786,26.28137176595394,25.895641850785044,25.935941696166992,601500,0.0,0.0
2014-02-25 00:00:00-05:00,25.907153754459287,26.056838565389555,25.768981301451117,25.872610092163086,906900,0.0,0.0
2014-02-26 00:00:00-05:00,25.872606832706673,26.091378940668218,25.76897805504996,25.930179595947266,633500,0.0,0.0
2014-02-27 00:00:00-05:00,25.918667901325232,26.102896371657113,25.68838121532208,25.70565414428711,553900,0.0,0.0
2014-02-28 00:00:00-05:00,25.711414337158203,25.94745723888238,25.53870039378048,25.711414337158203,556500,0.0,0.0
2014-03-03 00:00:00-05:00,25.446584453270574,25.786256137685086,25.204783191668263,25.7171688079834,481700,0.0,0.0
2014-03-04 00:00:00-05:00,25.7862602227713,26.102902847448103,25.53870274256393,26.062602996826172,370900,0.0,0.0
2014-03-05 00:00:00-05:00,26.039566766183054,26.039566766183054,25.619295441581443,25.792009353637695,465400,0.0,0.0
2014-03-06 00:00:00-05:00,25.861109045913157,25.889896544284678,25.538710147458833,25.579010009765625,403400,0.0,0.0
2014-03-07 00:00:00-05:00,25.596272902927637,25.688387159408077,25.2796302835372,25.555973052978516,689600,0.0,0.0
2014-03-10 00:00:00-04:00,25.40628442227414,25.711412439594845,25.29114106979453,25.40052604675293,475600,0.0,0.0
2014-03-11 00:00:00-04:00,25.509910220263624,25.567480791645508,24.79026709710745,24.870866775512695,916200,0.0,0.0
2014-03-12 00:00:00-04:00,24.686643168787413,24.928442251577238,24.53119996006097,24.64058494567871,771200,0.0,0.0
2014-03-13 00:00:00-04:00,24.629069262367512,24.847841419764418,24.375755635397365,24.41029930114746,863600,0.0,0.0
2014-03-14 00:00:00-04:00,24.300914871548848,24.63483042301796,24.27788575844537,24.312429428100586,834000,0.0,0.0
2014-03-17 00:00:00-04:00,24.393021294934766,24.640578690861158,24.387265116595817,24.462108612060547,594500,0.0,0.0
2014-03-18 00:00:00-04:00,24.45635329139382,24.744210560166596,24.398782716109935,24.69239616394043,827700,0.0,0.0
2014-03-19 00:00:00-04:00,24.761481200129595,24.865109992191098,24.456353199157764,24.54271125793457,533800,0.0,0.0
2014-03-20 00:00:00-04:00,24.467871798440452,24.606044276090714,24.208799775456853,24.237585067749023,708400,0.0,0.0
2014-03-21 00:00:00-04:00,24.30666606241423,24.502409073574334,24.231822565041597,24.35848045349121,1256000,0.0,0.0
2014-03-24 00:00:00-04:00,24.23182307183578,24.485136657856454,24.197279411669847,24.381507873535156,1013600,0.0,0.0
2014-03-25 00:00:00-04:00,24.565735107861094,24.81905087740019,24.456350150399643,24.74420738220215,804000,0.0,0.0
2014-03-26 00:00:00-04:00,24.893905110066154,24.962990260567807,24.692403643185102,24.836332321166992,854200,0.0,0.0
2014-03-27 00:00:00-04:00,23.777009746331263,23.777009746331263,20.161523186024056,20.265151977539062,4861700,0.0,0.0
2014-03-28 00:00:00-04:00,20.017592519969885,20.437863822353158,19.574292111549504,19.9427490234375,2475000,0.0,0.0
2014-03-31 00:00:00-04:00,19.93699060299344,20.432105346230752,19.821847281932826,20.363018035888672,1695500,0.0,0.0
2014-04-01 00:00:00-04:00,20.645118039177074,21.347490286267483,20.5299747238248,21.330217361450195,2182500,0.0,0.0
2014-04-02 00:00:00-04:00,21.28993039230609,21.41658833532857,20.94450243374329,21.13448715209961,1865200,0.0,0.0
2014-04-03 00:00:00-04:00,21.134476775519772,21.278405386951277,20.98479198594859,21.215076446533203,1239200,0.0,0.0
2014-04-04 00:00:00-04:00,21.261139133647244,21.56051097200935,21.197810179893,21.284168243408203,2358000,0.0,0.0
2014-04-07 00:00:00-04:00,21.226591553987678,21.399305452986063,21.169020986380342,21.27264976501465,1216400,0.0,0.0
2014-04-08 00:00:00-04:00,21.30143705728853,21.606565047494808,21.21507900155862,21.42233657836914,904100,0.0,0.0
2014-04-09 00:00:00-04:00,21.46264091013411,21.520213691394282,21.226597997410014,21.33598518371582,1412700,0.0,0.0
2014-04-10 00:00:00-04:00,21.284171083262116,21.51445562306721,21.10569875306708,21.353256225585938,1321200,0.0,0.0
2014-04-11 00:00:00-04:00,20.993204679082687,21.684266468400875,20.935130863621364,21.388097763061523,1772100,0.32,0.0
2014-04-14 00:00:00-04:00,21.17322464863989,21.57973243196697,21.17322464863989,21.434551239013672,1235500,0.0,0.0
2014-04-15 00:00:00-04:00,21.405514623070047,21.730719065036215,21.330019785346853,21.67264747619629,808900,0.0,0.0
2014-04-16 00:00:00-04:00,21.614579461467198,21.78298798306607,21.56812041048166,21.70168685913086,952100,0.0,0.0
2014-04-17 00:00:00-04:00,21.614568363609077,21.79459155552261,21.52165252463451,21.69586944580078,517800,0.0,0.0
2014-04-21 00:00:00-04:00,21.527469322608077,21.82944650076847,21.52166304902147,21.631999969482422,629300,0.0,0.0
2014-04-22 00:00:00-04:00,21.544890346309483,21.875903322792052,21.544890346309483,21.83525276184082,532900,0.0,0.0
2014-04-23 00:00:00-04:00,21.765565717665723,21.9107469208641,21.620384514467347,21.81783103942871,443500,0.0,0.0
2014-04-24 00:00:00-04:00,21.823646103282034,21.9165620127117,21.544896159703008,21.55651092529297,513100,0.0,0.0
2014-04-25 00:00:00-04:00,21.47519880961104,21.52746412041811,21.30098184535044,21.399703979492188,567700,0.0,0.0
2014-04-28 00:00:00-04:00,21.434557616727254,21.632004186504258,21.295182655294724,21.550703048706055,523300,0.0,0.0
2014-04-29 00:00:00-04:00,21.684265292919594,21.88751809779225,21.585540919631857,21.631999969482422,581900,0.0,0.0
2014-04-30 00:00:00-04:00,21.666840739923035,21.69006804578865,21.37647837135671,21.626190185546875,1281500,0.0,0.0
2014-05-01 00:00:00-04:00,21.7771793337323,21.945590052249244,21.60876861521535,21.655227661132812,937600,0.0,0.0
2014-05-02 00:00:00-04:00,21.6900701133649,21.78298599155164,21.43455200217369,21.475202560424805,853500,0.0,0.0
2014-05-05 00:00:00-04:00,20.80156476624537,21.86429234679675,20.731878401791214,21.51004981994629,801900,0.0,0.0
2014-05-06 00:00:00-04:00,21.469395675658067,21.568117824230256,21.208069083424014,21.48101043701172,995300,0.0,0.0
2014-05-07 00:00:00-04:00,21.486818225907232,21.777180634365436,21.26614217519797,21.765565872192383,630300,0.0,0.0
2014-05-08 00:00:00-04:00,21.67265310713943,22.137232584432244,21.63200254133191,21.74814796447754,503300,0.0,0.0
2014-05-09 00:00:00-04:00,21.71330001216947,22.050121460976037,21.64941992944482,21.99785614013672,370000,0.0,0.0
2014-05-12 00:00:00-04:00,22.015277020974768,22.369519502481136,22.015277020974768,22.253374099731445,430100,0.0,0.0
2014-05-13 00:00:00-04:00,22.230145417150545,22.352099313060684,22.15465278550306,22.218530654907227,437600,0.0,0.0
2014-05-14 00:00:00-04:00,22.166273264675507,22.206926054719442,21.922369816152955,21.986249923706055,371000,0.0,0.0
2014-05-15 00:00:00-04:00,21.875901168811367,21.980431805333335,21.382285997127006,21.457780838012695,1312800,0.0,0.0
2014-05-16 00:00:00-04:00,21.393901292170693,21.60876884358668,21.277755891438794,21.527467727661133,807300,0.0,0.0
2014-05-19 00:00:00-04:00,21.393907064929955,21.817836008995073,21.38810079020681,21.777185440063477,452400,0.0,0.0
2014-05-20 00:00:00-04:00,21.724910911622977,21.724910911622977,21.300982146979937,21.393898010253906,908700,0.0,0.0
2014-05-21 00:00:00-04:00,21.446166304284187,21.579732737859825,21.208069233077314,21.42874526977539,602700,0.0,0.0
2014-05-22 00:00:00-04:00,21.370676607639712,21.765569730364916,21.23711014190762,21.56231689453125,580700,0.0,0.0
2014-05-23 00:00:00-04:00,21.49843095969212,22.044311438585265,21.49843095969212,21.916553497314453,445000,0.0,0.0
2014-05-27 00:00:00-04:00,21.90493873623726,22.32886754675361,21.841058657957273,21.916553497314453,649000,0.0,0.0
2014-05-28 00:00:00-04:00,21.82945227830608,22.357911926130285,21.82945227830608,22.084970474243164,840900,0.0,0.0
2014-05-29 00:00:00-04:00,22.154654076611138,22.32887108983498,21.84686839744985,22.224340438842773,673800,0.0,0.0
2014-05-30 00:00:00-04:00,22.1081983053173,22.247573265750365,21.986246599494518,22.1546573638916,3418300,0.0,0.0
2014-06-02 00:00:00-04:00,22.160462000147664,22.485668740254283,22.096581906975857,22.352102279663086,610200,0.0,0.0
2014-06-03 00:00:00-04:00,22.137234065955962,22.2882237907371,21.957210752557472,22.032703399658203,914600,0.0,0.0
2014-06-04 00:00:00-04:00,21.742336217081807,23.269643096667345,21.568119216112546,23.252222061157227,1202400,0.0,0.0
2014-06-05 00:00:00-04:00,23.01993154215632,23.52516151597328,22.87475033695575,23.449668884277344,757400,0.0,0.0
2014-06-06 00:00:00-04:00,23.61227903836235,23.67615914450496,23.37998814607833,23.647123336791992,630000,0.0,0.0
2014-06-09 00:00:00-04:00,23.62388558730214,23.635500349405337,23.14188292882152,23.252222061157227,645800,0.0,0.0
2014-06-10 00:00:00-04:00,23.275451284567293,23.275451284567293,22.979280392986645,23.05477523803711,408900,0.0,0.0
2014-06-11 00:00:00-04:00,23.01993510882271,23.0489709113037,22.793452748065363,22.851524353027344,433800,0.0,0.0
2014-06-12 00:00:00-04:00,22.764408094736712,22.822479677120345,22.526311062501623,22.66568374633789,462500,0.0,0.0
2014-06-13 00:00:00-04:00,22.735368932774556,23.107032321619883,22.665680385899655,22.886356353759766,857100,0.0,0.0
2014-06-16 00:00:00-04:00,22.84571126762442,23.025736733798894,22.59019318056403,22.613420486450195,524700,0.0,0.0
2014-06-17 00:00:00-04:00,22.613430091150768,22.95025164538417,22.561164753952138,22.636659622192383,595300,0.0,0.0
2014-06-18 00:00:00-04:00,22.619223605015108,22.659874149777572,22.421777152473773,22.532114028930664,326100,0.0,0.0
2014-06-19 00:00:00-04:00,22.497280430871815,22.60761734882111,22.28241065313828,22.392749786376953,372800,0.0,0.0
2014-06-20 00:00:00-04:00,22.450817704317913,22.450817704317913,22.224335416776505,22.34048080444336,1413400,0.0,0.0
2014-06-23 00:00:00-04:00,22.340496495359385,22.54374940506492,22.30565218999962,22.386953353881836,389300,0.0,0.0
2014-06-24 00:00:00-04:00,22.38114062623223,22.49728606199682,21.97463270870113,22.021089553833008,640400,0.0,0.0
2014-06-25 00:00:00-04:00,21.945587110983116,22.235949463183616,21.945587110983116,22.1256103515625,602000,0.0,0.0
2014-06-26 00:00:00-04:00,22.061732013362896,22.061732013362896,21.904936080762457,21.98042869567871,300800,0.0,0.0
2014-06-27 00:00:00-04:00,21.90493889674269,22.160456996445742,21.864288340319227,22.067541122436523,661900,0.0,0.0
2014-06-30 00:00:00-04:00,22.050124177131032,22.340486614163407,21.951399796589442,22.264991760253906,649700,0.0,0.0
2014-07-01 00:00:00-04:00,22.247570997598345,22.723765222987474,22.247570997598345,22.462438583374023,576900,0.0,0.0
2014-07-02 00:00:00-04:00,22.38693777743467,22.48566213295134,22.21272080243417,22.28821563720703,349200,0.0,0.0
2014-07-03 00:00:00-04:00,22.270807884639854,22.491484054670558,22.247580563023917,22.386953353881836,160500,0.0,0.0
2014-07-07 00:00:00-04:00,22.305641258383183,22.39855714518215,22.183689572326312,22.230146408081055,282800,0.0,0.0
2014-07-08 00:00:00-04:00,22.16046238310625,22.27079931803451,21.91655898527861,21.945594787597656,623800,0.0,0.0
2014-07-09 00:00:00-04:00,21.986248801568554,22.13723632647779,21.829452786110846,21.92817497253418,398600,0.0,0.0
2014-07-10 00:00:00-04:00,21.672657492142374,21.881718853045697,21.602971110271312,21.614585876464844,462600,0.0,0.0
2014-07-11 00:00:00-04:00,21.175261830322444,21.75516399054151,21.175261830322444,21.667301177978516,413500,0.32,0.0
2014-07-14 00:00:00-04:00,21.819598884574315,21.966039145544613,21.72002057967502,21.848886489868164,683900,0.0,0.0
2014-07-15 00:00:00-04:00,21.802029225401085,21.977757111469877,21.78445487264329,21.837173461914062,793500,0.0,0.0
2014-07-16 00:00:00-04:00,21.901599074511612,22.018751698100825,21.82544953400356,21.942602157592773,1153300,0.0,0.0
2014-07-17 00:00:00-04:00,21.93675127249878,21.97189550462202,21.81374199106539,21.878173828125,991000,0.0,0.0
2014-07-18 00:00:00-04:00,21.884028596826347,22.053899801987615,21.819594537316856,22.036325454711914,425000,0.0,0.0
2014-07-21 00:00:00-04:00,21.948464268342953,22.089045649869938,21.854742602491374,22.018754959106445,293600,0.0,0.0
2014-07-22 00:00:00-04:00,22.036325454711914,22.212053285964682,21.936747169652236,22.036325454711914,357800,0.0,0.0
2014-07-23 00:00:00-04:00,21.971891898528217,22.376068377619006,21.971891898528217,22.106618881225586,299400,0.0,0.0
2014-07-24 00:00:00-04:00,22.15347887439344,22.270631510892485,22.106619160494233,22.18862533569336,264900,0.0,0.0
2014-07-25 00:00:00-04:00,22.094900978143404,22.18862262900985,21.925029787666595,21.97188949584961,182000,0.0,0.0
2014-07-28 00:00:00-04:00,21.995330305362717,21.995330305362717,21.661446635153727,21.831317901611328,277400,0.0,0.0
2014-07-29 00:00:00-04:00,21.84888432298504,22.147623677057286,21.69072858868223,21.702444076538086,567200,0.0,0.0
2014-07-30 00:00:00-04:00,21.84302384449654,21.96603309354026,21.597003111908663,21.960176467895508,454100,0.0,0.0
2014-07-31 00:00:00-04:00,21.819585195029244,21.895734708618107,21.44469871966815,21.637998580932617,679300,0.0,0.0
2014-08-01 00:00:00-04:00,21.638003707245094,21.638003707245094,21.309979080840844,21.47399139404297,540400,0.0,0.0
2014-08-04 00:00:00-04:00,21.44469871966815,21.637998580932617,21.339261619160386,21.637998580932617,535700,0.0,0.0
2014-08-05 00:00:00-04:00,21.550149362570075,21.73173385627711,21.380278123391644,21.673158645629883,445700,0.0,0.0
2014-08-06 00:00:00-04:00,21.485701224908386,21.64385687152326,21.456413638757393,21.58527946472168,396100,0.0,0.0
2014-08-07 00:00:00-04:00,21.608723769177008,21.70244544342591,21.386133954898007,21.427139282226562,343800,0.0,0.0
2014-08-08 00:00:00-04:00,21.526713526124947,21.53257015206746,21.321698100628737,21.4388484954834,376800,0.0,0.0
2014-08-11 00:00:00-04:00,21.47986161184743,21.620445279627475,21.421286387065006,21.509151458740234,266300,0.0,0.0
2014-08-12 00:00:00-04:00,21.45055686508829,21.550137349076998,21.350978615599395,21.444700241088867,303900,0.0,0.0
2014-08-13 00:00:00-04:00,21.45057124602439,21.638014622669505,21.45057124602439,21.614585876464844,183400,0.0,0.0
2014-08-14 00:00:00-04:00,21.55599705631943,21.725868225097656,21.427131199401575,21.725868225097656,260600,0.0,0.0
2014-08-15 00:00:00-04:00,21.743445499800345,21.813738421546404,21.42713628994572,21.561861038208008,152700,0.0,0.0
2014-08-18 00:00:00-04:00,21.68486540755873,21.895739656223828,21.591143767540924,21.761014938354492,171700,0.0,0.0
2014-08-19 00:00:00-04:00,21.743451718089638,22.05390662500169,21.743451718089638,21.966041564941406,195100,0.0,0.0
2014-08-20 00:00:00-04:00,21.907457676410516,22.048039035459976,21.790305054202356,21.97188949584961,203900,0.0,0.0
2014-08-21 00:00:00-04:00,22.001173934163077,22.247192369443717,21.9660274857659,22.182758331298828,180400,0.0,0.0
2014-08-22 00:00:00-04:00,22.200335149401546,22.42292264391578,22.118326760659333,22.364347457885742,454400,0.0,0.0
2014-08-25 00:00:00-04:00,22.422929757737897,22.422929757737897,22.024612109764426,22.135908126831055,194000,0.0,0.0
2014-08-26 00:00:00-04:00,22.12419126366758,22.417071737529472,22.11247577657302,22.25305938720703,212500,0.0,0.0
2014-08-27 00:00:00-04:00,22.340927131569728,22.340927131569728,22.11248066893404,22.229633331298828,183700,0.0,0.0
2014-08-28 00:00:00-04:00,22.077339408268713,22.19449209827168,21.925042475416056,22.112485885620117,217900,0.0,0.0
2014-08-29 00:00:00-04:00,22.118327764073374,22.223764891310765,21.99531852712982,22.053895950317383,376600,0.0,0.0
2014-09-02 00:00:00-04:00,22.05389108960384,22.153469335325163,21.93673850354956,22.124181747436523,418400,0.0,0.0
2014-09-03 00:00:00-04:00,22.212051906373354,22.31748904547643,22.083186029858847,22.217910766601562,251800,0.0,0.0
2014-09-04 00:00:00-04:00,22.2706293680491,22.487360272293394,22.235482910130912,22.2647705078125,326600,0.0,0.0
2014-09-05 00:00:00-04:00,22.26477780133112,22.440507913987425,22.03047470862472,22.376073837280273,247800,0.0,0.0
2014-09-08 00:00:00-04:00,22.329203426584122,22.376065368089193,22.018750884864282,22.17690658569336,345600,0.0,0.0
2014-09-09 00:00:00-04:00,20.530921454379016,20.835517425476745,18.603768453174936,19.453121185302734,3173600,0.0,0.0
2014-09-10 00:00:00-04:00,19.271534096925183,20.694933232633357,19.265675236728597,20.6480712890625,1516800,0.0,0.0
2014-09-11 00:00:00-04:00,20.48991993277887,20.589500466764985,20.150179707740136,20.57192611694336,783500,0.0,0.0
2014-09-12 00:00:00-04:00,20.501635140629123,20.753512551116923,20.495778513769338,20.665647506713867,787500,0.0,0.0
2014-09-15 00:00:00-04:00,20.577785247690933,20.700794525547522,20.530923293554544,20.653932571411133,699100,0.0,0.0
2014-09-16 00:00:00-04:00,20.876512834211095,21.058099471668015,20.65978198173021,20.958518981933594,700200,0.0,0.0
2014-09-17 00:00:00-04:00,21.017102933652865,21.151827680307616,20.853088352703082,21.046390533447266,377400,0.0,0.0
2014-09-18 00:00:00-04:00,21.099113197140223,21.239694597206636,21.005391518928928,21.128400802612305,368300,0.0,0.0
2014-09-19 00:00:00-04:00,21.175255332923594,21.432989298993515,20.981953182495943,20.987812042236328,1695300,0.0,0.0
2014-09-22 00:00:00-04:00,21.005385260053792,21.145966618231842,20.771080017089844,20.771080017089844,417400,0.0,0.0
2014-09-23 00:00:00-04:00,20.70079652531549,20.776946090892956,20.23804473876953,20.23804473876953,414100,0.0,0.0
2014-09-24 00:00:00-04:00,20.17361066285792,20.28490669743295,20.079888980032262,20.23804473876953,373100,0.0,0.0
2014-09-25 00:00:00-04:00,20.20875003124297,20.238037627866433,20.044737702551267,20.115028381347656,456500,0.0,0.0
2014-09-26 00:00:00-04:00,20.150173994152098,20.167746104490217,19.945156357372756,20.10917091369629,330900,0.0,0.0
2014-09-29 00:00:00-04:00,19.95687943156653,20.197041380350086,19.915876335518202,20.156038284301758,406300,0.0,0.0
2014-09-30 00:00:00-04:00,20.115027538975564,20.23803678034299,20.04473686312279,20.10917091369629,332800,0.0,0.0
2014-10-01 00:00:00-04:00,20.109172047363558,20.202893698617636,19.83386371921076,20.132600784301758,547500,0.0,0.0
2014-10-02 00:00:00-04:00,20.079880827406853,20.185317957089875,19.992018042337847,20.138458251953125,391300,0.0,0.0
2014-10-03 00:00:00-04:00,20.23217320153987,20.44304739112388,20.214598862741514,20.384469985961914,324100,0.0,0.0
2014-10-06 00:00:00-04:00,20.466490572724602,20.607074209898073,20.267331723521167,20.44306182861328,545900,0.0,0.0
2014-10-07 00:00:00-04:00,20.612923440201264,20.83551318813916,20.413764662467422,20.525060653686523,638000,0.0,0.0
2014-10-08 00:00:00-04:00,20.548497540981185,21.192833765631853,20.53092319101733,21.151830673217773,718300,0.0,0.0
2014-10-09 00:00:00-04:00,21.14597644554296,21.14597644554296,20.37863077549812,20.466493606567383,554600,0.0,0.0
2014-10-10 00:00:00-04:00,20.37780940436006,20.892131185274202,20.3068667582548,20.389633178710938,591100,0.32,0.0
2014-10-13 00:00:00-04:00,20.33052308038868,20.501964499728665,20.1413471194464,20.230024337768555,517900,0.0,0.0
2014-10-14 00:00:00-04:00,20.31868791029487,20.525600551999716,20.277305832984712,20.513776779174805,484100,0.0,0.0
2014-10-15 00:00:00-04:00,20.342345282953566,20.62019844067951,20.224109752741136,20.478315353393555,521000,0.0,0.0
2014-10-16 00:00:00-04:00,20.19455357696812,20.507875848398086,20.105876356109817,20.436935424804688,619300,0.0,0.0
2014-10-17 00:00:00-04:00,20.54924201965332,20.714772553253834,20.36006619995587,20.54924201965332,339900,0.0,0.0
2014-10-20 00:00:00-04:00,20.40736782654088,20.496042751935747,20.170896848512474,20.395544052124023,809000,0.0,0.0
2014-10-21 00:00:00-04:00,20.537424566963992,20.590630417726363,20.377807014676875,20.472394943237305,645700,0.0,0.0
2014-10-22 00:00:00-04:00,20.57289627942613,20.714779318111006,20.365985863796507,20.38372039794922,552500,0.0,0.0
2014-10-23 00:00:00-04:00,20.596548702882377,20.980813571598752,20.51378451704314,20.80345916748047,356900,0.0,0.0
2014-10-24 00:00:00-04:00,20.779812878895566,20.945341242694486,20.744341548729448,20.915782928466797,264100,0.0,0.0
2014-10-27 00:00:00-04:00,20.927607320009198,20.939428841923714,20.803458788357897,20.856664657592773,286100,0.0,0.0
2014-10-28 00:00:00-04:00,20.986722946166992,21.00445748334521,20.79754703241674,20.986722946166992,650000,0.0,0.0
2014-10-29 00:00:00-04:00,21.06357904032116,21.43601789928122,21.01037316687614,21.146343231201172,488900,0.0,0.0
2014-10-30 00:00:00-04:00,21.20545266290624,21.44783439178798,21.09313019274544,21.359159469604492,561900,0.0,0.0
2014-10-31 00:00:00-04:00,21.577895868464815,21.707955140554326,21.48921868201205,21.619277954101562,502400,0.0,0.0
2014-11-03 00:00:00-05:00,21.619275801174663,21.784804127237734,21.530598623552695,21.66065788269043,478800,0.0,0.0
2014-11-04 00:00:00-05:00,22.3937250254365,22.766163907749448,22.06857900295391,22.618370056152344,718200,0.0,0.0
2014-11-05 00:00:00-05:00,22.766161886516652,22.825280774999904,22.429192115204636,22.594722747802734,629800,0.0,0.0
2014-11-06 00:00:00-05:00,22.594714874405007,22.653831487133367,22.411449766700347,22.636096954345703,559900,0.0,0.0
2014-11-07 00:00:00-05:00,22.630177799528976,23.061735269779405,22.517855363760873,23.032176971435547,1028700,0.0,0.0
2014-11-10 00:00:00-05:00,23.03218383470316,23.440096140922815,23.03218383470316,23.41644859313965,464900,0.0,0.0
2014-11-11 00:00:00-05:00,23.392808532333103,23.641103353215705,23.268662249469305,23.446014404296875,301500,0.0,0.0
2014-11-12 00:00:00-05:00,23.4519204783022,23.62336183760395,23.43418594291048,23.581979751586914,383000,0.0,0.0
2014-11-13 00:00:00-05:00,23.58788715788897,23.93076753980487,23.57015037156031,23.848003387451172,414200,0.0,0.0
2014-11-14 00:00:00-05:00,23.848014843649107,23.901220717886293,23.729779316993678,23.830280303955078,315600,0.0,0.0
2014-11-17 00:00:00-05:00,23.9130375165927,24.13768472615494,23.765243715198622,24.01944923400879,463600,0.0,0.0
2014-11-18 00:00:00-05:00,24.220453364738113,24.220453364738113,23.652923348712417,23.658836364746094,545300,0.0,0.0
2014-11-19 00:00:00-05:00,23.56424249878829,23.647006661278077,23.333684544665516,23.422359466552734,554000,0.0,0.0
2014-11-20 00:00:00-05:00,23.446010459723123,23.540598410061282,23.30412740663857,23.475568771362305,387000,0.0,0.0
2014-11-21 00:00:00-05:00,23.647001147838147,23.824353205416177,23.60561907624173,23.676559448242188,296000,0.0,0.0
2014-11-24 00:00:00-05:00,23.682481247318623,23.86574413090419,23.540598195527107,23.80071449279785,319400,0.0,0.0
2014-11-25 00:00:00-05:00,23.76525713617889,23.918961784162576,23.700227466016507,23.741609573364258,395300,0.0,0.0
2014-11-26 00:00:00-05:00,23.65883039174276,23.86574079758693,23.611535296033075,23.717947006225586,370800,0.0,0.0
2014-11-28 00:00:00-05:00,23.842100003304804,24.161332938959465,23.80662867482997,23.889392852783203,231500,0.0,0.0
2014-12-01 00:00:00-05:00,23.889396827503184,23.942602701490475,23.576074600219727,23.576074600219727,641100,0.0,0.0
2014-12-02 00:00:00-05:00,23.576073445260153,23.889395657194385,23.46966170249853,23.75342559814453,933900,0.0,0.0
2014-12-03 00:00:00-05:00,24.4155399863615,25.923036584128372,24.255922381164325,25.320039749145508,1508700,0.0,0.0
2014-12-04 00:00:00-05:00,25.633360924790715,25.686566791075247,25.166331904643677,25.467832565307617,719700,0.0,0.0
2014-12-05 00:00:00-05:00,25.568331673306776,25.840271769519823,25.538773359397496,25.69839096069336,602000,0.0,0.0
2014-12-08 00:00:00-05:00,25.686563236613104,25.934855741479463,25.66882644686947,25.74567985534668,665700,0.0,0.0
2014-12-09 00:00:00-05:00,25.320032082714192,25.792971739089197,25.225441896285023,25.65108871459961,607100,0.0,0.0
2014-12-10 00:00:00-05:00,25.645188165956068,25.674746483406512,25.23727571761271,25.25501251220703,413800,0.0,0.0
2014-12-11 00:00:00-05:00,25.36732458659853,25.668822908830137,25.28456042971747,25.408706665039062,577500,0.0,0.0
2014-12-12 00:00:00-05:00,25.53877124670322,25.53877124670322,25.18406474367056,25.19588851928711,590600,0.0,0.0
2014-12-15 00:00:00-05:00,25.337778491650024,25.538778221718122,25.054014564816573,25.26683807373047,441300,0.0,0.0
2014-12-16 00:00:00-05:00,25.284562012218778,25.50329619125938,25.107209914208717,25.148591995239258,744900,0.0,0.0
2014-12-17 00:00:00-05:00,25.11904141103916,25.456011177407166,25.01262966848558,25.438274383544922,465600,0.0,0.0
2014-12-18 00:00:00-05:00,25.71612727239419,25.810715236523233,25.45601093482805,25.727951049804688,499500,0.0,0.0
2014-12-19 00:00:00-05:00,25.686565886460123,25.958505968935253,25.609712470054653,25.639270782470703,814200,0.0,0.0
2014-12-22 00:00:00-05:00,25.69247540786544,25.964415477226297,25.662917096874835,25.810710906982422,587200,0.0,0.0
2014-12-23 00:00:00-05:00,25.86392161283777,26.44918620274504,25.7929812021431,26.19498062133789,556900,0.0,0.0
2014-12-24 00:00:00-05:00,26.236360540100197,26.531948191166634,26.189065433455262,26.25409507751465,180600,0.0,0.0
2014-12-26 00:00:00-05:00,26.271822343184912,26.40188159530475,26.15949987872499,26.200881958007812,195500,0.0,0.0
2014-12-29 00:00:00-05:00,26.2245288080373,26.271821645180804,25.87573539538173,25.99397087097168,472100,0.0,0.0
2014-12-30 00:00:00-05:00,25.89939596896481,26.183159900021877,25.86983539383272,26.0531005859375,250200,0.0,0.0
2014-12-31 00:00:00-05:00,26.076744590372094,26.14768499968014,25.69247971757319,25.727951049804688,416100,0.0,0.0
2015-01-02 00:00:00-05:00,25.727946937719093,25.858006213292324,25.284565503888086,25.503299713134766,528400,0.0,0.0
2015-01-05 00:00:00-05:00,25.36733051333356,25.497389793192763,24.97715492891061,25.101301193237305,404800,0.0,0.0
2015-01-06 00:00:00-05:00,25.077657598981546,25.2313644549183,24.870747125784018,25.054012298583984,604900,0.0,0.0
2015-01-07 00:00:00-05:00,25.18997968998363,25.50921489063748,24.95942168567411,25.4619197845459,486700,0.0,0.0
2015-01-08 00:00:00-05:00,25.14859346197482,25.627443929014444,25.10721137853076,25.532855987548828,818800,0.0,0.0
2015-01-09 00:00:00-05:00,25.53286507969886,25.639276833634774,24.99489554820294,25.0481014251709,510200,0.0,0.0
2015-01-12 00:00:00-05:00,25.054008315359557,25.178154579540617,24.76433144378242,24.817537307739258,613800,0.0,0.0
2015-01-13 00:00:00-05:00,25.207753784257086,25.784067658683743,25.207753784257086,25.411865234375,623300,0.64,0.0
2015-01-14 00:00:00-05:00,25.2377665580794,25.327814301576243,24.871566447016782,25.0756778717041,405000,0.0,0.0
2015-01-15 00:00:00-05:00,25.11170061707675,25.159725626610367,24.733493647953377,24.973623275756836,414600,0.0,0.0
2015-01-16 00:00:00-05:00,24.8955794277741,25.48390003845078,24.877568047503207,25.45388412475586,390800,0.0,0.0
2015-01-20 00:00:00-05:00,25.465897039538177,25.60997667878781,24.985635392153018,25.219762802124023,519000,0.0,0.0
2015-01-21 00:00:00-05:00,25.14171784488394,25.489906624873072,25.027654147418755,25.153724670410156,285400,0.0,0.0
2015-01-22 00:00:00-05:00,25.321812884147892,25.772058486938477,24.95561276080074,25.772058486938477,357100,0.0,0.0
2015-01-23 00:00:00-05:00,25.75405339750556,25.856107984097,25.48390553584011,25.633987426757812,315700,0.0,0.0
2015-01-26 00:00:00-05:00,25.585952297230442,25.784061431884766,25.279786341025922,25.784061431884766,516300,0.0,0.0
2015-01-27 00:00:00-05:00,25.621975329966528,25.700018538408443,25.17172974983366,25.477895736694336,261000,0.0,0.0
2015-01-28 00:00:00-05:00,25.856100317555278,26.276329945536972,25.537927535972262,25.591957092285156,506900,0.0,0.0
2015-01-29 00:00:00-05:00,25.694007834915393,25.7060146556547,25.06966689687303,25.663991928100586,384700,0.0,0.0
2015-01-30 00:00:00-05:00,25.435873661562272,25.706021474691454,24.76950981919945,24.853557586669922,633500,0.0,0.0
2015-02-02 00:00:00-05:00,24.973618926015625,25.171728067264127,24.46934381837169,25.111696243286133,446900,0.0,0.0
2015-02-03 00:00:00-05:00,25.159716907384354,25.7060146556547,25.15371464204815,25.663991928100586,381200,0.0,0.0
2015-02-04 00:00:00-05:00,25.615971002971403,25.77205742125575,25.06967311911112,25.255775451660156,557900,0.0,0.0
2015-02-05 00:00:00-05:00,25.39985534072022,25.39985534072022,25.027650671306663,25.093687057495117,453900,0.0,0.0
2015-02-06 00:00:00-05:00,25.111704145512423,25.453890688015314,25.07568366575022,25.16573143005371,481200,0.0,0.0
2015-02-09 00:00:00-05:00,25.14172000009884,25.339826913094193,25.05166994596677,25.177738189697266,338300,0.0,0.0
2015-02-10 00:00:00-05:00,25.237766392225513,25.375841430067275,25.027650411978723,25.285791397094727,204500,0.0,0.0
2015-02-11 00:00:00-05:00,25.273793410267736,25.664007302829287,25.267791141335707,25.60997772216797,409700,0.0,0.0
2015-02-12 00:00:00-05:00,25.77205383991171,26.384388024103426,25.730031107767225,26.300342559814453,468300,0.0,0.0
2015-02-13 00:00:00-05:00,26.21029763834796,26.702565987862652,26.186283989574658,26.696563720703125,355600,0.0,0.0
2015-02-17 00:00:00-05:00,26.690559494494604,26.690559494494604,26.396400308610062,26.564491271972656,279900,0.0,0.0
2015-02-18 00:00:00-05:00,26.534473034810027,26.92468449278129,26.378386619567586,26.894668579101562,367100,0.0,0.0
2015-02-19 00:00:00-05:00,27.014737536344168,27.537021820827874,26.756596527791466,27.326908111572266,503500,0.0,0.0
2015-02-20 00:00:00-05:00,27.266862454755625,27.58503745285553,27.032735194877105,27.57903289794922,317400,0.0,0.0
2015-02-23 00:00:00-05:00,27.555025734191656,27.555025734191656,27.11678476212959,27.32089614868164,174700,0.0,0.0
2015-02-24 00:00:00-05:00,27.302890808738155,27.302890808738155,26.942695272475575,27.260868072509766,215200,0.0,0.0
2015-02-25 00:00:00-05:00,27.23085436628862,27.23085436628862,26.93069063172207,27.026742935180664,158100,0.0,0.0
2015-02-26 00:00:00-05:00,26.972721028353682,27.140812034606896,26.75060044293791,27.086782455444336,304900,0.0,0.0
2015-02-27 00:00:00-05:00,26.97271337135598,27.260870281731766,26.9186838075313,27.026742935180664,525800,0.0,0.0
2015-03-02 00:00:00-05:00,27.02674234171606,27.51901067239037,26.996726426932018,27.494997024536133,326000,0.0,0.0
2015-03-03 00:00:00-05:00,27.392948614791575,27.446978189576885,26.990727938041378,27.206846237182617,195300,0.0,0.0
2015-03-04 00:00:00-05:00,27.08676916606879,27.290880554978163,26.91267597646407,27.07476234436035,327900,0.0,0.0
2015-03-05 00:00:00-05:00,27.0627614973406,27.110786500645943,26.804620520630625,26.954702377319336,192300,0.0,0.0
2015-03-06 00:00:00-05:00,26.858652754649547,26.870657289120494,26.360379841603358,26.49245262145996,255800,0.0,0.0
2015-03-09 00:00:00-04:00,26.48043405134377,26.822620383677137,26.39038405228063,26.708559036254883,287200,0.0,0.0
2015-03-10 00:00:00-04:00,26.468437392058497,26.486446482757284,26.168273666718786,26.288339614868164,266200,0.0,0.0
2015-03-11 00:00:00-04:00,26.396398509689266,26.522466723619637,26.150264348653447,26.510459899902344,345800,0.0,0.0
2015-03-12 00:00:00-04:00,26.546487609433598,26.828640028487783,26.432423898051525,26.786617279052734,295600,0.0,0.0
2015-03-13 00:00:00-04:00,26.684559700394658,26.684559700394658,26.030202588000147,26.32436180114746,373100,0.0,0.0
2015-03-16 00:00:00-04:00,26.43242033621284,26.762602308806898,26.318358930268932,26.50446128845215,533400,0.0,0.0
2015-03-17 00:00:00-04:00,26.40840543419272,26.462434996093002,26.270328105950632,26.312353134155273,578900,0.0,0.0
2015-03-18 00:00:00-04:00,26.31234961222983,26.504454186591403,26.234306413249453,26.366376876831055,777200,0.0,0.0
2015-03-19 00:00:00-04:00,26.432419406900504,27.086776481294425,26.204296603033043,27.06276512145996,449800,0.0,0.0
2015-03-20 00:00:00-04:00,27.206837928243978,27.837181248187747,26.97871287214537,27.77114486694336,719500,0.0,0.0
2015-03-23 00:00:00-04:00,27.705114111624997,28.323450683060482,27.62106634078764,28.071311950683594,589900,0.0,0.0
2015-03-24 00:00:00-04:00,28.131344986732472,28.131344986732472,27.416953847632527,27.452974319458008,622700,0.0,0.0
2015-03-25 00:00:00-04:00,27.374927212027256,27.41694994480793,24.69746768596089,24.793519973754883,1157800,0.0,0.0
2015-03-26 00:00:00-04:00,24.613431359216012,25.099697534883553,24.523381304069716,24.955617904663086,701400,0.0,0.0
2015-03-27 00:00:00-04:00,25.01564911039402,25.315812899806385,24.847558121144846,25.20775604248047,575200,0.0,0.0
2015-03-30 00:00:00-04:00,25.26178535697826,25.435878612599485,25.231767146290647,25.357837677001953,379800,0.0,0.0
2015-03-31 00:00:00-04:00,25.23176196554767,25.285791527596555,25.07567783633282,25.189739227294922,373800,0.0,0.0
2015-04-01 00:00:00-04:00,25.135711503612338,25.237768368309975,24.817538664980425,25.20174789428711,282200,0.0,0.0
2015-04-02 00:00:00-04:00,25.171735570069213,25.35183338575128,25.08168551719419,25.309810638427734,323700,0.0,0.0
2015-04-06 00:00:00-04:00,25.123706007093904,25.423869769616257,25.003642334139176,25.411865234375,354900,0.0,0.0
2015-04-07 00:00:00-04:00,25.345817506880337,25.74203340464003,25.345817506880337,25.471885681152344,413800,0.0,0.0
2015-04-08 00:00:00-04:00,25.39985649677123,25.67000203064852,25.327815550340862,25.483901977539062,276000,0.0,0.0
2015-04-09 00:00:00-04:00,25.471893245772954,25.651991018227775,25.38784777129853,25.62797737121582,294200,0.0,0.0
2015-04-10 00:00:00-04:00,25.72403337739357,25.72403337739357,25.48990601044539,25.5799560546875,274000,0.0,0.0
2015-04-13 00:00:00-04:00,25.428736490432343,25.604149352048275,25.325907385990025,25.374298095703125,210700,0.32,0.0
2015-04-14 00:00:00-04:00,25.319864663506273,25.465032206305413,25.071867996110964,25.356155395507812,474400,0.0,0.0
2015-04-15 00:00:00-04:00,25.434784818455764,25.616245369675248,25.229128911768054,25.313810348510742,415700,0.0,0.0
2015-04-16 00:00:00-04:00,25.253331606080234,25.51947367138567,25.253331606080234,25.41059684753418,287800,0.0,0.0
2015-04-17 00:00:00-04:00,25.204938286016258,25.2593766923371,24.587972757575407,24.757335662841797,275200,0.0,0.0
2015-04-20 00:00:00-04:00,24.90249712706489,25.289615870479192,24.90249712706489,25.19283676147461,305500,0.0,0.0
2015-04-21 00:00:00-04:00,25.31380294285147,25.380338997225635,25.144440118913902,25.25331687927246,255000,0.0,0.0
2015-04-22 00:00:00-04:00,25.24727226037804,25.344051358288723,25.029518713230075,25.307758331298828,279300,0.0,0.0
2015-04-23 00:00:00-04:00,25.289620331401736,25.555762351261052,25.186791212035757,25.440837860107422,281600,0.0,0.0
2015-04-24 00:00:00-04:00,25.410593646703653,25.57390886190898,25.065817850402343,25.495277404785156,422500,0.0,0.0
2015-04-27 00:00:00-04:00,25.513406098659242,25.59808749400828,25.350090990173975,25.465015411376953,290200,0.0,0.0
2015-04-28 00:00:00-04:00,25.41058837474699,25.791657131165426,25.247275500820802,25.7674617767334,347400,0.0,0.0
2015-04-29 00:00:00-04:00,25.706972811703295,25.706972811703295,25.27146571040898,25.416635513305664,341700,0.0,0.0
2015-04-30 00:00:00-04:00,25.331958386480213,25.47107822134755,25.035571046182923,25.18678855895996,379800,0.0,0.0
2015-05-01 00:00:00-04:00,25.223074895339412,25.344049334918566,25.059759748016884,25.33799934387207,198900,0.0,0.0
2015-05-04 00:00:00-04:00,25.313803042464762,25.70696937946176,25.26541465289022,25.525508880615234,213000,0.0,0.0
2015-05-05 00:00:00-04:00,25.422689049727033,25.63439496487697,25.035572562751025,25.077913284301758,238300,0.0,0.0
2015-05-06 00:00:00-04:00,25.083957903500924,25.083957903500924,24.78152292441804,24.987178802490234,184900,0.0,0.0
2015-05-07 00:00:00-04:00,24.890397725176708,25.592046728642085,24.860152383753288,25.519460678100586,372500,0.0,0.0
2015-05-08 00:00:00-04:00,25.767467363071354,26.003368658832574,25.61624982618151,25.834003448486328,231200,0.0,0.0
2015-05-11 00:00:00-04:00,25.76745963900671,25.99731087224999,25.731168917765427,25.936824798583984,437100,0.0,0.0
2015-05-12 00:00:00-04:00,25.743263953225455,25.743263953225455,23.20280989412499,23.97099494934082,1554700,0.0,0.0
2015-05-13 00:00:00-04:00,24.30368129852472,24.58192099642727,23.995196249087936,24.491191864013672,659800,0.0,0.0
2015-05-14 00:00:00-04:00,24.624254008436203,24.811764515204885,24.521427229089138,24.79361915588379,355600,0.0,0.0
2015-05-15 00:00:00-04:00,24.85410718950396,25.059763071847268,24.56376988044208,25.02952003479004,451800,0.0,0.0
2015-05-18 00:00:00-04:00,25.005331504365827,25.65859005113398,24.95089309985211,25.592056274414062,434400,0.0,0.0
2015-05-19 00:00:00-04:00,25.56784799467716,25.706967778709803,25.477116597205953,25.664627075195312,356400,0.0,0.0
2015-05-20 00:00:00-04:00,25.930778746429844,26.063850897587614,25.700929785661533,25.87029266357422,413300,0.0,0.0
2015-05-21 00:00:00-04:00,25.803760409710367,25.821905775775278,25.592056780964743,25.634397506713867,302800,0.0,0.0
2015-05-22 00:00:00-04:00,25.567848835933635,25.731163972318182,25.41663137343632,25.54365348815918,285300,0.0,0.0
2015-05-26 00:00:00-04:00,25.44687836825771,25.44687836825771,25.08395732469093,25.174686431884766,359000,0.0,0.0
2015-05-27 00:00:00-04:00,25.18074079198914,25.725122451782227,25.03557096493998,25.725122451782227,359800,0.0,0.0
2015-05-28 00:00:00-04:00,25.6525393038038,25.70697770182115,25.40454267003502,25.537614822387695,482700,0.0,0.0
2015-05-29 00:00:00-04:00,25.537611174301297,25.731169382402644,25.38034368809655,25.706974029541016,625900,0.0,0.0
2015-06-01 00:00:00-04:00,25.85819498552386,25.99731482200873,25.72512283436609,25.87029266357422,383700,0.0,0.0
2015-06-02 00:00:00-04:00,25.694874736567215,25.997309706122945,25.465023513634065,25.809799194335938,232000,0.0,0.0
2015-06-03 00:00:00-04:00,25.89448551452083,26.18482283745233,25.761413376237083,26.13038444519043,456400,0.0,0.0
2015-06-04 00:00:00-04:00,25.967075619316272,26.17877924800346,25.76141967685022,25.834003448486328,402800,0.0,0.0
2015-06-05 00:00:00-04:00,25.616239964738558,25.84004349450372,25.46502248606266,25.761409759521484,511900,0.0,0.0
2015-06-08 00:00:00-04:00,25.74931818106412,25.74931818106412,25.42873778873327,25.56180763244629,393200,0.0,0.0
2015-06-09 00:00:00-04:00,25.5134190829729,25.53156444624083,25.217031741018577,25.392444610595703,362200,0.0,0.0
2015-06-10 00:00:00-04:00,25.477120274449554,25.80979826753563,25.25331905108556,25.73116683959961,352800,0.0,0.0
2015-06-11 00:00:00-04:00,25.737217349884897,25.973116274389735,25.731169665300925,25.882387161254883,298400,0.0,0.0
2015-06-12 00:00:00-04:00,25.80375861445965,25.80375861445965,25.483178196835375,25.60415267944336,350200,0.0,0.0
2015-06-15 00:00:00-04:00,25.36220512378968,25.465031939913683,25.150501498007046,25.289621353149414,429500,0.0,0.0
2015-06-16 00:00:00-04:00,25.174693912260686,25.622298819229794,25.174693912260686,25.5134220123291,277400,0.0,0.0
2015-06-17 00:00:00-04:00,25.586005270621907,25.6283459938611,25.325910937926096,25.471080780029297,323400,0.0,0.0
2015-06-18 00:00:00-04:00,25.549706439656415,25.785605339306375,25.531558773024827,25.700923919677734,396600,0.0,0.0
2015-06-19 00:00:00-04:00,25.737212411370276,25.870284520642265,25.51341120637274,25.525508880615234,465400,0.0,0.0
2015-06-22 00:00:00-04:00,25.70697796632696,25.918681567797055,25.55576044887798,25.676734924316406,206400,0.0,0.0
2015-06-23 00:00:00-04:00,25.616241802955237,25.77955696853214,25.362197528099454,25.489219665527344,506700,0.0,0.0
2015-06-24 00:00:00-04:00,25.47107950337526,25.525517903010872,25.174692148160002,25.21098518371582,412600,0.0,0.0
2015-06-25 00:00:00-04:00,25.210982123351727,25.36219962538364,25.126300691397212,25.19283676147461,360700,0.0,0.0
2015-06-26 00:00:00-04:00,25.192833692788817,25.253319763275513,25.023468542113832,25.102102279663086,605600,0.0,0.0
2015-06-29 00:00:00-04:00,24.817816107479693,25.029521998279623,24.436749657352628,24.45489501953125,451000,0.0,0.0
2015-06-30 00:00:00-04:00,24.70289163667942,24.799670747299874,24.32787287144967,24.418601989746094,477900,0.0,0.0
2015-07-01 00:00:00-04:00,24.630317425527625,24.860166460201885,24.515390600793598,24.69080352783203,393000,0.0,0.0
2015-07-02 00:00:00-04:00,24.702892920447837,24.85411043286307,24.22504502744064,24.442798614501953,561100,0.0,0.0
2015-07-06 00:00:00-04:00,24.194795171001942,24.430694054735934,24.158502147583068,24.38835334777832,417300,0.0,0.0
2015-07-07 00:00:00-04:00,24.406495419692614,24.466983783913232,23.95889306143585,24.43069076538086,414500,0.0,0.0
2015-07-08 00:00:00-04:00,24.15246571573315,24.418607755936964,23.73510613526424,23.946809768676758,306100,0.0,0.0
2015-07-09 00:00:00-04:00,24.303676277848098,24.315773954483365,23.922607539722705,23.92865753173828,266900,0.0,0.0
2015-07-10 00:00:00-04:00,24.26134045422978,24.36416726526487,24.067782203837325,24.28553581237793,248800,0.0,0.0
2015-07-13 00:00:00-04:00,24.48065185546875,24.65747172582269,24.383095182677607,24.48065185546875,159400,0.32,0.0
2015-07-14 00:00:00-04:00,24.456252295830442,24.626975823250223,24.370890532120548,24.566003799438477,197200,0.0,0.0
2015-07-15 00:00:00-04:00,24.52333005452834,24.72453965241137,24.425773392477776,24.59040069580078,197900,0.0,0.0
2015-07-16 00:00:00-04:00,24.736732305247706,24.791608068095744,24.38309030928687,24.67576026916504,365000,0.0,0.0
2015-07-17 00:00:00-04:00,24.68185205068707,24.694046920871145,24.425766754622487,24.541614532470703,307200,0.0,0.0
2015-07-20 00:00:00-04:00,24.529417895062615,24.559903905359604,24.45015240754365,24.498931884765625,175100,0.0,0.0
2015-07-21 00:00:00-04:00,24.46235625755243,24.657469586204012,24.285536402541794,24.547718048095703,336200,0.0,0.0
2015-07-22 00:00:00-04:00,24.389187186428636,24.61478651664154,24.309921676811182,24.40747833251953,256100,0.0,0.0
2015-07-23 00:00:00-04:00,24.41967383686304,24.505035622074043,24.242851666963567,24.340408325195312,277900,0.0,0.0
2015-07-24 00:00:00-04:00,24.328213870954865,24.328213870954865,23.48678630595895,23.58434295654297,232500,0.0,0.0
2015-07-27 00:00:00-04:00,23.40752065054234,23.40752065054234,23.139240444638563,23.200212478637695,183300,0.0,0.0
2015-07-28 00:00:00-04:00,23.285567988610428,23.54775185091335,23.041677592330217,23.468488693237305,262800,0.0,0.0
2015-07-29 00:00:00-04:00,23.45020066799325,27.285400542725647,23.35264402165997,24.63307762145996,1297900,0.0,0.0
2015-07-30 00:00:00-04:00,24.626977687265466,24.74892407005269,23.78555020456076,24.687952041625977,694700,0.0,0.0
2015-07-31 00:00:00-04:00,24.694042387084256,24.931836497180935,24.431858541097345,24.87696075439453,413300,0.0,0.0
2015-08-03 00:00:00-04:00,24.950127617489382,25.12085344266021,24.633070354886204,24.9989070892334,329700,0.0,0.0
2015-08-04 00:00:00-04:00,24.950141822942996,25.139158894668768,24.602596029656734,24.663570404052734,323400,0.0,0.0
2015-08-05 00:00:00-04:00,25.34646225198411,27.181749865273563,25.1086680523067,26.83420181274414,954900,0.0,0.0
2015-08-06 00:00:00-04:00,26.834198493729446,26.834198493729446,26.029355613168725,26.358610153198242,653800,0.0,0.0
2015-08-07 00:00:00-04:00,26.32811939360287,27.157351866776725,26.151297284425098,27.102476119995117,522900,0.0,0.0
2015-08-10 00:00:00-04:00,27.254908991674217,27.687816376488357,27.053697141138,27.303686141967773,457400,0.0,0.0
2015-08-11 00:00:00-04:00,27.078089052097873,27.4988016016148,26.925656665556918,27.218326568603516,424700,0.0,0.0
2015-08-12 00:00:00-04:00,26.98663158088854,27.242719227197608,26.468362341500356,27.14516258239746,458000,0.0,0.0
2015-08-13 00:00:00-04:00,27.151259626855524,27.26101114611703,26.895174299201308,27.035411834716797,312600,0.0,0.0
2015-08-14 00:00:00-04:00,26.986640967430734,27.309799355554038,26.919572640624086,27.267118453979492,241100,0.0,0.0
2015-08-17 00:00:00-04:00,27.157351488525602,27.456117630004883,26.840291881084973,27.456117630004883,269700,0.0,0.0
2015-08-18 00:00:00-04:00,27.376857946195134,27.53538660706302,27.230521829603983,27.437829971313477,209400,0.0,0.0
2015-08-19 00:00:00-04:00,27.34637522616105,27.68172841101303,26.98053834842053,27.358570098876953,306600,0.0,0.0
2015-08-20 00:00:00-04:00,26.9988241226009,27.328078642616443,26.736640226210785,26.822004318237305,288500,0.0,0.0
2015-08-21 00:00:00-04:00,26.486648336942274,26.712249924010358,26.200077056884766,26.200077056884766,303000,0.0,0.0
2015-08-24 00:00:00-04:00,24.572100890783393,25.895215250205766,24.56600461857239,24.88306427001953,443200,0.0,0.0
2015-08-25 00:00:00-04:00,25.58425661523133,25.657425850933798,24.32821497281586,24.346506118774414,426800,0.0,0.0
2015-08-26 00:00:00-04:00,24.95013747991274,25.315976684804042,24.383091015309407,25.218420028686523,341000,0.0,0.0
2015-08-27 00:00:00-04:00,25.511086177945472,25.663518575680346,25.139150755322976,25.645227432250977,270000,0.0,0.0
2015-08-28 00:00:00-04:00,25.444013287242623,25.895214167808987,25.30987204487059,25.876920700073242,414700,0.0,0.0
2015-08-31 00:00:00-04:00,25.846441552078748,25.88912244490696,25.517186956603222,25.657426834106445,260500,0.0,0.0
2015-09-01 00:00:00-04:00,25.084278668036426,25.248905960781247,24.468452714525043,24.60869026184082,322800,0.0,0.0
2015-09-02 00:00:00-04:00,25.023305681636693,25.187932968139652,24.681856236378625,25.18793296813965,367900,0.0,0.0
2015-09-03 00:00:00-04:00,25.187933623143284,25.51108960545966,25.114764387727636,25.224515914916992,327000,0.0,0.0
2015-09-04 00:00:00-04:00,24.98061994141408,25.078176574555364,24.742825793503048,24.83428382873535,305400,0.0,0.0
2015-09-08 00:00:00-04:00,25.23061111610071,25.907411333972004,25.126955876189257,25.870826721191406,431400,0.0,0.0
2015-09-09 00:00:00-04:00,26.05985165335404,26.169600873189886,25.572065971737125,25.602554321289062,361200,0.0,0.0
2015-09-10 00:00:00-04:00,25.547674465509587,25.96838710643687,25.309877937054193,25.79156494140625,386100,0.0,0.0
2015-09-11 00:00:00-04:00,25.63303368028836,25.99887052044854,25.517183564354976,25.980579376220703,239000,0.0,0.0
2015-09-14 00:00:00-04:00,25.93789937698401,25.962289120745318,25.565963925393024,25.626935958862305,209100,0.0,0.0
2015-09-15 00:00:00-04:00,25.651322985886114,25.889117147539064,25.41352882423317,25.858631134033203,338400,0.0,0.0
2015-09-16 00:00:00-04:00,25.858626834876365,26.39518942192087,25.779361352192513,26.352508544921875,344300,0.0,0.0
2015-09-17 00:00:00-04:00,26.352512074899646,26.74273861740978,26.20007968636077,26.43787384033203,531500,0.0,0.0
2015-09-18 00:00:00-04:00,26.139102331639258,26.626885453723872,25.998864829410767,26.55371856689453,1059800,0.0,0.0
2015-09-21 00:00:00-04:00,26.59641115185467,27.004931295501226,26.53543910698058,26.693967819213867,327600,0.0,0.0
2015-09-22 00:00:00-04:00,26.267149289405445,26.43787281364032,25.986671937676423,26.05984115600586,340800,0.0,0.0
2015-09-23 00:00:00-04:00,26.017157232416686,26.193979349608874,25.754975681391713,26.047645568847656,359400,0.0,0.0
2015-09-24 00:00:00-04:00,25.66352342441314,25.74278893747275,25.041598845039605,25.474506378173828,1204700,0.0,0.0
2015-09-25 00:00:00-04:00,25.68180832905522,26.053743731546327,25.59035029092484,25.724489212036133,305900,0.0,0.0
2015-09-28 00:00:00-04:00,25.602550052974966,25.62693747224247,25.053792415608996,25.102569580078125,270900,0.0,0.0
2015-09-29 00:00:00-04:00,25.139155300878425,25.194031067022735,24.83429045028431,25.10866928100586,400800,0.0,0.0
2015-09-30 00:00:00-04:00,25.41353228996931,25.41353228996931,24.931845302712585,25.18793296813965,641700,0.0,0.0
2015-10-01 00:00:00-04:00,25.157440616875917,25.340361345584235,24.895259045990283,25.25499725341797,394100,0.0,0.0
2015-10-02 00:00:00-04:00,24.88307084594817,25.68791389465332,24.785514183254644,25.68791389465332,310200,0.0,0.0
2015-10-05 00:00:00-04:00,25.876929545402,26.5842159566996,25.852542123307483,26.474464416503906,627300,0.0,0.0
2015-10-06 00:00:00-04:00,26.46836624694589,26.74274507778564,26.25496178181177,26.675674438476562,479100,0.0,0.0
2015-10-07 00:00:00-04:00,26.76713030080968,27.395151042878716,26.76713030080968,27.315885543823242,386600,0.0,0.0
2015-10-08 00:00:00-04:00,27.212236172222536,27.74270034066154,27.187846426885674,27.70611572265625,350300,0.0,0.0
2015-10-09 00:00:00-04:00,27.742703828799996,27.92562228995685,27.700022932061213,27.889039993286133,205500,0.0,0.0
2015-10-12 00:00:00-04:00,27.82195973204735,27.950002378008357,27.712208228099737,27.809764862060547,244600,0.0,0.0
2015-10-13 00:00:00-04:00,27.674685244423554,27.981704164235104,27.588720321655273,27.588720321655273,289300,0.32,0.0
2015-10-14 00:00:00-04:00,27.62556058033576,27.858893248773594,27.20801470515364,27.23871612548828,231700,0.0,0.0
2015-10-15 00:00:00-04:00,27.3369594874355,27.41064335773513,26.980816486645942,27.379941940307617,215000,0.0,0.0
2015-10-16 00:00:00-04:00,27.44134867200555,27.5764377387117,27.257137798913377,27.484331130981445,235500,0.0,0.0
2015-10-19 00:00:00-04:00,27.33081253744047,27.62555264663853,27.318533846727473,27.44133949279785,328100,0.0,0.0
2015-10-20 00:00:00-04:00,27.367656626063862,27.83432653052531,27.250990321132317,27.7360782623291,321700,0.0,0.0
2015-10-21 00:00:00-04:00,27.766781418432977,28.006255711077017,27.490464026010017,27.515026092529297,157000,0.0,0.0
2015-10-22 00:00:00-04:00,27.736076441457673,27.908008557146076,27.60712911146699,27.846603393554688,344500,0.0,0.0
2015-10-23 00:00:00-04:00,28.067670980468208,28.54048042995827,27.920303200743472,28.503637313842773,337900,0.0,0.0
2015-10-26 00:00:00-04:00,28.405385347447094,28.70012552938567,28.313281090163404,28.657140731811523,388300,0.0,0.0
2015-10-27 00:00:00-04:00,28.583457697134403,28.84749412536621,28.417667218311998,28.84749412536621,455800,0.0,0.0
2015-10-28 00:00:00-04:00,28.85977011169393,29.87293319086009,28.675559281582206,29.836090087890625,694200,0.0,0.0
2015-10-29 00:00:00-04:00,30.394864988063546,32.16329415232297,30.34574084960486,32.06504821777344,1325800,0.0,0.0
2015-10-30 00:00:00-04:00,32.243125148978834,33.00453308235813,31.880842738659148,32.27996826171875,1056800,0.0,0.0
2015-11-02 00:00:00-05:00,32.33522855656038,33.6062865405729,32.32294752019695,33.42821502685547,696500,0.0,0.0
2015-11-03 00:00:00-05:00,33.52645813801746,33.9992674573383,33.262421734469875,33.83961868286133,512800,0.0,0.0
2015-11-04 00:00:00-05:00,33.88873614955583,34.38610747594237,33.815052289398906,34.1404914855957,639100,0.0,0.0
2015-11-05 00:00:00-05:00,34.12821400983815,34.31856418388769,33.692245494325476,33.7536506652832,505300,0.0,0.0
2015-11-06 00:00:00-05:00,33.839605718648464,34.27557176497515,33.72907878544352,33.85188674926758,677100,0.0,0.0
2015-11-09 00:00:00-05:00,33.75979159573863,33.882599601050416,33.4834741693791,33.79049301147461,392900,0.0,0.0
2015-11-10 00:00:00-05:00,33.78435317735765,34.263301814551916,33.77821148887843,34.208038330078125,498200,0.0,0.0
2015-11-11 00:00:00-05:00,34.238739675455676,34.38610974787413,33.96856394211766,34.097511291503906,457200,0.0,0.0
2015-11-12 00:00:00-05:00,33.75365957945816,33.75365957945816,33.11505968705332,33.133480072021484,420100,0.0,0.0
2015-11-13 00:00:00-05:00,33.06593218905441,33.27470511957068,32.525580650844866,32.550140380859375,473800,0.0,0.0
2015-11-16 00:00:00-05:00,32.55012896374202,33.483466305596956,32.40890061063051,33.46504592895508,398700,0.0,0.0
2015-11-17 00:00:00-05:00,33.5632883856361,34.41066075941832,33.31153311386196,33.85188674926758,560400,0.0,0.0
2015-11-18 00:00:00-05:00,33.93785727675208,34.30013954210308,33.69838299569027,34.22645568847656,347100,0.0,0.0
2015-11-19 00:00:00-05:00,34.12821432782036,34.361546952530446,34.079090190596474,34.18961715698242,264800,0.0,0.0
2015-11-20 00:00:00-05:00,34.410672989914296,34.926464747408204,34.3676905386538,34.78523635864258,336300,0.0,0.0
2015-11-23 00:00:00-05:00,34.70540562600229,34.99400404916415,34.69312459284991,34.95716094970703,196800,0.0,0.0
2015-11-24 00:00:00-05:00,34.674710486747784,35.552784605856395,34.674710486747784,35.356292724609375,377100,0.0,0.0
2015-11-25 00:00:00-05:00,35.46680820329706,35.61417824737613,35.282597404973764,35.362422943115234,194700,0.0,0.0
2015-11-27 00:00:00-05:00,35.33173520590303,35.540508149421704,35.17208406784083,35.264190673828125,143900,0.0,0.0
2015-11-30 00:00:00-05:00,35.30102560116406,35.63874584087954,35.153655534221585,35.57120132446289,455600,0.0,0.0
2015-12-01 00:00:00-05:00,35.72471724525384,36.258929443298314,35.47910120306172,36.23436737060547,401100,0.0,0.0
2015-12-02 00:00:00-05:00,36.234364097800174,36.547524640427866,35.77997750586504,35.8720817565918,322800,0.0,0.0
2015-12-03 00:00:00-05:00,35.87821370551445,35.945758209798505,35.049263962169256,35.227333068847656,384500,0.0,0.0
2015-12-04 00:00:00-05:00,35.23962759177811,36.2957733161134,35.23962759177811,36.25893020629883,280400,0.0,0.0
2015-12-07 00:00:00-05:00,36.05016006468113,36.19753017300069,35.55893027422994,35.6878776550293,330600,0.0,0.0
2015-12-08 00:00:00-05:00,35.23348710320509,35.77383864210367,35.07997766416997,35.52822494506836,297800,0.0,0.0
2015-12-09 00:00:00-05:00,35.34401827669573,35.534368504549484,34.59489137583831,34.67471694946289,339400,0.0,0.0
2015-12-10 00:00:00-05:00,34.73611092372168,35.307166146170914,34.422952741588794,35.06155014038086,519100,0.0,0.0
2015-12-11 00:00:00-05:00,34.77131429800489,34.956563232591876,34.26496611086872,34.38228988647461,447300,0.32,0.0
2015-12-14 00:00:00-05:00,34.28967631287487,34.69105110875497,33.622779442471014,34.33290100097656,449000,0.0,0.0
2015-12-15 00:00:00-05:00,34.604591850775684,35.388814669712744,34.604591850775684,35.22826385498047,454000,0.0,0.0
2015-12-16 00:00:00-05:00,35.58643548697042,35.709935645148065,35.06156040360786,35.5740852355957,268600,0.0,0.0
2015-12-17 00:00:00-05:00,35.66669571193064,36.1483459193915,35.30854797363281,35.30854797363281,236500,0.0,0.0
2015-12-18 00:00:00-05:00,35.39499659741978,35.39499659741978,34.45022510621966,34.555198669433594,791800,0.0,0.0
2015-12-21 00:00:00-05:00,34.94423204957216,34.94423204957216,33.919184873148524,34.21558380126953,423800,0.0,0.0
2015-12-22 00:00:00-05:00,34.45640699259536,34.55520663303556,34.05503448386861,34.5305061340332,265500,0.0,0.0
2015-12-23 00:00:00-05:00,34.77132553518088,35.382647452437865,34.715750601287624,35.265323638916016,205300,0.0,0.0
2015-12-24 00:00:00-05:00,35.209750750573086,35.524673823884804,35.123301371843155,35.27149963378906,119100,0.0,0.0
2015-12-28 00:00:00-05:00,35.252974427045395,35.425873179537504,34.826901491731775,35.3641242980957,203900,0.0,0.0
2015-12-29 00:00:00-05:00,35.53085044041775,36.04337277124519,35.493799696818485,35.66669845581055,212200,0.0,0.0
2015-12-30 00:00:00-05:00,35.6111222030044,35.8766466334038,35.32707357927396,35.34560012817383,337300,0.0,0.0
2015-12-31 00:00:00-05:00,35.27767700642176,35.27767700642176,34.63547823697639,34.74045181274414,416700,0.0,0.0
2016-01-04 00:00:00-05:00,34.110609698765906,34.20323303740385,33.12878723356049,33.42518615722656,486200,0.0,0.0
2016-01-05 00:00:00-05:00,33.4251839580783,34.604605628129896,33.4251839580783,34.10443115234375,625400,0.0,0.0
2016-01-06 00:00:00-05:00,33.51162161829578,33.91299396335094,33.20287257337568,33.51779556274414,696900,0.0,0.0
2016-01-07 00:00:00-05:00,32.93735745577803,33.17818140155304,32.52980869625826,32.69035720825195,604300,0.0,0.0
2016-01-08 00:00:00-05:00,33.005282676715595,33.289331312774316,32.40013466075918,32.461883544921875,858400,0.0,0.0
2016-01-11 00:00:00-05:00,32.59773666604807,32.86326113036604,32.146963178049205,32.59156036376953,556600,0.0,0.0
2016-01-12 00:00:00-05:00,32.97441146508982,34.227932309835964,32.93118677082748,34.20323181152344,711400,0.0,0.0
2016-01-13 00:00:00-05:00,34.345265655279654,34.49964027913276,33.097918411878176,33.19054412841797,558400,0.0,0.0
2016-01-14 00:00:00-05:00,33.332556884828094,34.81455369963797,33.19670650939264,34.468753814697266,636100,0.0,0.0
2016-01-15 00:00:00-05:00,33.62894723249462,34.079720579874454,33.215224620520615,33.95004653930664,529800,0.0,0.0
2016-01-19 00:00:00-05:00,34.23410753217029,36.71027722438617,33.52398584599523,34.69723129272461,1824100,0.0,0.0
2016-01-20 00:00:00-05:00,34.17235745573035,34.24028264848275,32.640961889888736,33.764808654785156,762300,0.0,0.0
2016-01-21 00:00:00-05:00,33.96240768628101,34.07355757260892,33.134959841156125,33.15966033935547,646700,0.0,0.0
2016-01-22 00:00:00-05:00,33.604260123620854,34.02415920315276,33.406660833908106,33.93770980834961,560600,0.0,0.0
2016-01-25 00:00:00-05:00,33.733930422636455,33.919179428530235,33.042330679131936,33.13495635986328,376600,0.0,0.0
2016-01-26 00:00:00-05:00,31.69619268252927,31.918490118592253,29.998072153255862,30.152446746826172,2421000,0.0,0.0
2016-01-27 00:00:00-05:00,30.152438702384426,30.535286932738373,28.151743467032997,28.516067504882812,2078500,0.0,0.0
2016-01-28 00:00:00-05:00,28.707500035500384,28.707500035500384,27.126703372533765,28.151750564575195,2476600,0.0,0.0
2016-01-29 00:00:00-05:00,28.194974306693155,28.793948454450092,27.818299939776697,28.479022979736328,1245200,0.0,0.0
2016-02-01 00:00:00-05:00,28.349349629752506,28.769248703240592,28.201148986816406,28.201148986816406,832900,0.0,0.0
2016-02-02 00:00:00-05:00,27.84300099839637,28.05912448101808,27.25637708840549,27.386051177978516,699200,0.0,0.0
2016-02-03 00:00:00-05:00,27.849168595554005,28.003543149532835,26.85499844660807,27.231670379638672,936700,0.0,0.0
2016-02-04 00:00:00-05:00,27.151400430629593,27.88004859766688,26.997025858894048,27.491024017333984,811500,0.0,0.0
2016-02-05 00:00:00-05:00,27.274897998913367,27.558948999007935,26.20662625318716,26.237503051757812,548200,0.0,0.0
2016-02-08 00:00:00-05:00,25.836129310102276,25.984329940525225,25.101307171326642,25.70645523071289,705200,0.0,0.0
2016-02-09 00:00:00-05:00,25.40388049175955,26.058429558548344,25.3977065450139,25.687929153442383,1337800,0.0,0.0
2016-02-10 00:00:00-05:00,25.96580829483611,26.206632303645822,25.558259428642078,25.613834381103516,687100,0.0,0.0
2016-02-11 00:00:00-05:00,25.255680772888343,25.465630283796305,24.792557059612168,25.187755584716797,868700,0.0,0.0
2016-02-12 00:00:00-05:00,25.644704290879766,25.93492925296892,25.317430937422042,25.891704559326172,861800,0.0,0.0
2016-02-16 00:00:00-05:00,26.052253325566827,26.93527611340102,25.947279741627383,26.688278198242188,929300,0.0,0.0
2016-02-17 00:00:00-05:00,26.8549975932247,27.55276885902613,26.515371700808707,27.330469131469727,1034700,0.0,0.0
2016-02-18 00:00:00-05:00,27.194634511623804,28.127056210388638,25.706463220502553,26.07078742980957,1129900,0.0,0.0
2016-02-19 00:00:00-05:00,25.984328667560668,26.009026808446947,25.27420470567003,25.867002487182617,1054100,0.0,0.0
2016-02-22 00:00:00-05:00,26.194268734305435,26.645044428172916,26.138696165668783,26.441268920898438,611100,0.0,0.0
2016-02-23 00:00:00-05:00,26.361010373771855,26.60801071840577,25.9534614540248,26.25603675842285,729200,0.0,0.0
2016-02-24 00:00:00-05:00,26.027547683028672,26.293072073100355,25.65704738369753,26.26837158203125,462800,0.0,0.0
2016-02-25 00:00:00-05:00,26.41040501199401,26.73150444030762,26.058431136943742,26.731504440307617,467200,0.0,0.0
2016-02-26 00:00:00-05:00,26.861176835843004,27.139051550086243,26.354828403474944,26.490678787231445,462900,0.0,0.0
2016-02-29 00:00:00-05:00,26.4412779275142,26.95997661158765,26.373352735285547,26.688278198242188,370600,0.0,0.0
2016-03-01 00:00:00-05:00,26.953799993383967,27.40457344055176,26.496850244497082,27.404573440551758,501100,0.0,0.0
2016-03-02 00:00:00-05:00,27.404571871109116,28.08999527740121,27.274895453692846,28.009719848632812,563200,0.0,0.0
2016-03-03 00:00:00-05:00,28.10852132465087,28.281420085186802,27.787421943963462,28.2567195892334,412900,0.0,0.0
2016-03-04 00:00:00-05:00,28.30612194992778,29.003895683155235,28.28142145277994,28.71367073059082,607000,0.0,0.0
2016-03-07 00:00:00-05:00,28.87422127417974,29.294120332839746,28.54077396159498,28.92979621887207,456800,0.0,0.0
2016-03-08 00:00:00-05:00,28.84334341249753,28.911268598584915,28.170270208965434,28.2567195892334,434400,0.0,0.0
2016-03-09 00:00:00-05:00,28.472846331980147,28.472846331980147,27.830647549482606,28.120872497558594,380000,0.0,0.0
2016-03-10 00:00:00-05:00,28.472844717071812,28.923618157420936,28.448144221706926,28.72601890563965,632300,0.0,0.0
2016-03-11 00:00:00-05:00,28.924981288491843,29.776812610075748,28.769537495478808,29.590280532836914,633800,0.32,0.0
2016-03-14 00:00:00-04:00,29.434842247857013,29.565414489169292,28.912550910723404,29.179914474487305,649700,0.0,0.0
2016-03-15 00:00:00-04:00,29.074219292405132,29.17992235335439,28.775767358013027,29.055566787719727,650700,0.0,0.0
2016-03-16 00:00:00-04:00,29.266961999311217,29.76438174484615,28.84415462263541,29.652462005615234,563600,0.0,0.0
2016-03-17 00:00:00-04:00,29.621379663960887,30.180978472477996,29.515678984510384,30.075275421142578,437100,0.0,0.0
2016-03-18 00:00:00-04:00,30.013099887422317,30.504303039774136,29.907396832362494,30.4359073638916,986200,0.0,0.0
2016-03-21 00:00:00-04:00,30.3488505476027,30.67217395947194,30.21205923476609,30.6224308013916,674000,0.0,0.0
2016-03-22 00:00:00-04:00,30.361288197635936,30.609996887625314,30.224496876416875,30.47320556640625,655000,0.0,0.0
2016-03-23 00:00:00-04:00,30.48564177167777,30.64730467566177,30.21827820668343,30.44211769104004,537400,0.0,0.0
2016-03-24 00:00:00-04:00,30.342628568496696,30.578903803040063,30.11257241406147,30.423460006713867,442400,0.0,0.0
2016-03-28 00:00:00-04:00,30.560250668242972,30.777871029801076,30.41102358325738,30.64729881286621,302900,0.0,0.0
2016-03-29 00:00:00-04:00,30.541596428957167,31.486694994965358,30.541596428957167,31.480478286743164,390500,0.0,0.0
2016-03-30 00:00:00-04:00,31.480482910164014,31.480482910164014,30.79652868295197,31.051456451416016,574700,0.0,0.0
2016-03-31 00:00:00-04:00,31.051455905633304,31.579966304446465,31.001715117772488,31.287731170654297,715300,0.0,0.0
2016-04-01 00:00:00-04:00,31.126084649543422,32.06496467925488,30.970640763228676,31.953044891357422,696800,0.0,0.0
2016-04-04 00:00:00-04:00,31.977908135319222,32.19552857060084,31.64214885926913,32.176876068115234,464400,0.0,0.0
2016-04-05 00:00:00-04:00,31.82866887638641,32.151992236998765,31.48047631256076,31.785144805908203,828300,0.0,0.0
2016-04-06 00:00:00-04:00,31.791373200314176,32.02142940765898,31.50535474666198,31.909509658813477,407900,0.0,0.0
2016-04-07 00:00:00-04:00,31.611063305918776,31.872207850904076,30.690835943960714,31.56753921508789,736700,0.0,0.0
2016-04-08 00:00:00-04:00,31.75406460830308,31.990339888120207,31.393436165104404,31.6856689453125,279200,0.0,0.0
2016-04-11 00:00:00-04:00,31.747856886453636,31.9095174677452,31.387225969278663,31.524017333984375,275000,0.0,0.0
2016-04-12 00:00:00-04:00,31.50534832999289,31.754059359413596,31.206896517818542,31.517784118652344,334700,0.0,0.0
2016-04-13 00:00:00-04:00,31.648363161043722,32.425582272347505,31.57374841860172,32.3634033203125,495900,0.0,0.0
2016-04-14 00:00:00-04:00,32.2825684487653,32.41935975686687,31.797584533691406,31.797584533691406,485900,0.0,0.0
2016-04-15 00:00:00-04:00,31.90329651438108,32.35719227014013,31.64836869616339,32.28257751464844,444000,0.0,0.0
2016-04-18 00:00:00-04:00,32.01521580773275,32.55615973177298,32.01521580773275,32.531288146972656,281700,0.0,0.0
2016-04-19 00:00:00-04:00,32.5437127653518,32.6245442022566,32.02763823142339,32.10225296020508,347400,0.0,0.0
2016-04-20 00:00:00-04:00,32.10225296020508,32.48775290470756,31.909501802011807,32.10225296020508,339200,0.0,0.0
2016-04-21 00:00:00-04:00,32.07116437916274,32.33230881183088,31.7167503504382,31.760276794433594,220200,0.0,0.0
2016-04-22 00:00:00-04:00,31.685674766305365,32.25149030242207,31.685674766305365,32.096046447753906,353800,0.0,0.0
2016-04-25 00:00:00-04:00,31.897073867621234,32.40692944707979,31.524009619392658,31.909509658813477,350500,0.0,0.0
2016-04-26 00:00:00-04:00,32.096042527899684,32.26392215506454,31.791373938214527,32.23283386230469,351400,0.0,0.0
2016-04-27 00:00:00-04:00,31.623493295343472,31.903292664964773,30.30533027520878,31.48670196533203,730600,0.0,0.0
2016-04-28 00:00:00-04:00,31.698108181002528,31.76028714133551,30.908453173909727,31.001720428466797,457400,0.0,0.0
2016-04-29 00:00:00-04:00,30.970621298117834,31.020362077095907,30.34884614364605,30.84626579284668,393400,0.0,0.0
2016-05-02 00:00:00-04:00,30.93954498051394,30.93954498051394,30.423472596530054,30.896020889282227,300000,0.0,0.0
2016-05-03 00:00:00-04:00,30.697048659342947,30.777880119744754,30.131233180299795,30.597564697265625,323900,0.0,0.0
2016-05-04 00:00:00-04:00,30.50429356179441,30.616213292666732,30.14366279078708,30.29910659790039,356300,0.0,0.0
2016-05-05 00:00:00-04:00,30.361293373028392,30.448341547957146,30.025534093830437,30.39238166809082,332400,0.0,0.0
2016-05-06 00:00:00-04:00,30.174757265465825,30.610000489010883,30.156104763790314,30.597564697265625,375500,0.0,0.0
2016-05-09 00:00:00-04:00,30.616214548247978,30.653519545479135,30.30532692127175,30.522947311401367,418600,0.0,0.0
2016-05-10 00:00:00-04:00,30.65974019004444,30.983063623216644,30.566472948440826,30.95197296142578,425400,0.0,0.0
2016-05-11 00:00:00-04:00,30.771658991973425,31.001715176520015,30.355068329913177,30.367504119873047,197700,0.0,0.0
2016-05-12 00:00:00-04:00,30.4607737343637,30.964410221654454,30.404813861121994,30.73435401916504,358300,0.0,0.0
2016-05-13 00:00:00-04:00,30.609992087928482,30.827614825915614,30.379935933493257,30.423460006713867,239800,0.0,0.0
2016-05-16 00:00:00-04:00,30.47320227158908,30.989276839018846,30.435897276660615,30.840049743652344,605000,0.0,0.0
2016-05-17 00:00:00-04:00,30.734353700770413,30.734353700770413,29.988222855905462,30.16231918334961,320500,0.0,0.0
2016-05-18 00:00:00-04:00,29.99444220339099,30.821402137972925,29.888739166587296,30.33641815185547,373500,0.0,0.0
2016-05-19 00:00:00-04:00,30.087710736053328,30.41725093367848,29.8825260907781,30.174758911132812,406400,0.0,0.0
2016-05-20 00:00:00-04:00,30.34885333596637,30.753005859022025,30.06283489449453,30.740570068359375,629100,0.0,0.0
2016-05-23 00:00:00-04:00,30.703264841864943,30.709481551208157,30.361288902759558,30.39859390258789,160800,0.0,0.0
2016-05-24 00:00:00-04:00,30.58513776018046,31.01416439800216,30.355081476001775,30.983076095581055,274900,0.0,0.0
2016-05-25 00:00:00-04:00,31.13229407154648,31.13229407154648,30.771665573120117,30.771665573120117,387100,0.0,0.0
2016-05-26 00:00:00-04:00,30.771661706133923,31.101201867541583,30.547822210881694,30.939538955688477,491700,0.0,0.0
2016-05-27 00:00:00-04:00,30.877371630581823,31.076339603379253,30.85871912434623,31.06390380859375,315300,0.0,0.0
2016-05-31 00:00:00-04:00,31.101202094923895,31.33125830144414,30.535386643070552,30.715702056884766,617900,0.0,0.0
2016-06-01 00:00:00-04:00,30.647310601162427,30.983069892614687,30.541607547830438,30.933326721191406,452400,0.0,0.0
2016-06-02 00:00:00-04:00,30.908449276621155,31.150941261631615,30.753005453216037,31.138507843017578,713900,0.0,0.0
2016-06-03 00:00:00-04:00,31.101202094923895,31.119854595703078,30.647306391514917,30.715702056884766,438700,0.0,0.0
2016-06-06 00:00:00-04:00,30.877354076193473,30.99549050166488,30.72812699549129,30.84626579284668,332000,0.0,0.0
2016-06-07 00:00:00-04:00,30.864930033996906,31.045245466664156,30.622438010975028,30.653526306152344,500300,0.0,0.0
2016-06-08 00:00:00-04:00,30.715702660628082,30.939539790031887,30.60378290998384,30.877363204956055,546200,0.0,0.0
2016-06-09 00:00:00-04:00,30.802756971271933,30.951981753966685,30.529174249856297,30.697053909301758,394900,0.0,0.0
2016-06-10 00:00:00-04:00,30.330199219774425,30.52916713156545,29.994442351054943,30.1312313079834,471000,0.0,0.0
2016-06-13 00:00:00-04:00,30.081164990719113,30.419153784319253,30.018572704754963,30.043609619140625,451600,0.32,0.0
2016-06-14 00:00:00-04:00,30.04360716130602,30.150010457262987,29.868353550246844,30.0623836517334,347300,0.0,0.0
2016-06-15 00:00:00-04:00,30.106188119549735,30.106188119549735,29.630498864571255,29.636756896972656,443400,0.0,0.0
2016-06-16 00:00:00-04:00,29.417693992974463,29.705611276039676,29.236179988917744,29.567913055419922,235200,0.0,0.0
2016-06-17 00:00:00-04:00,29.567913037477425,29.567913037477425,29.217403483751387,29.323806762695312,554400,0.0,0.0
2016-06-20 00:00:00-04:00,29.743177447095547,29.999799881804893,29.686845576664137,29.849580764770508,670300,0.0,0.0
2016-06-21 00:00:00-04:00,29.94345507706249,30.200077400921803,29.94345507706249,29.98101043701172,670600,0.0,0.0
2016-06-22 00:00:00-04:00,29.974757948059096,30.06864517894997,29.64302720417388,29.66806411743164,344500,0.0,0.0
2016-06-23 00:00:00-04:00,29.93094383854667,30.112457873911993,29.70561639983819,29.84331703186035,361500,0.0,0.0
2016-06-24 00:00:00-04:00,28.791780884187226,29.248693642135603,28.660340718404253,28.67911720275879,969900,0.0,0.0
2016-06-27 00:00:00-04:00,28.3223598367867,28.79179121529698,28.253509519247626,28.61027717590332,963700,0.0,0.0
2016-06-28 00:00:00-04:00,28.916972812003394,29.054671056659828,28.660350425753304,28.873159408569336,766200,0.0,0.0
2016-06-29 00:00:00-04:00,29.211147936537454,29.386403936466323,29.123521130398714,29.292516708374023,573500,0.0,0.0
2016-06-30 00:00:00-04:00,29.386405526111318,29.981019098341346,29.386405526111318,29.96224021911621,686300,0.0,0.0
2016-07-01 00:00:00-04:00,29.89964267293763,30.60065936828045,29.89964267293763,30.47547721862793,678600,0.0,0.0
2016-07-05 00:00:00-04:00,30.28770097039081,30.412883102611623,29.981007253482918,30.331514358520508,633300,0.0,0.0
2016-07-06 00:00:00-04:00,30.13122271079282,30.675762218626893,29.74941829705669,30.663246154785156,649200,0.0,0.0
2016-07-07 00:00:00-04:00,30.51929632388339,30.738365723682108,30.356561170238397,30.719589233398438,672600,0.0,0.0
2016-07-08 00:00:00-04:00,30.969963376963445,31.683498940298197,30.838523117960158,31.664722442626953,824000,0.0,0.0
2016-07-11 00:00:00-04:00,31.53326302158146,31.53326302158146,29.129774886463068,29.680572509765625,6447000,0.0,0.0
2016-07-12 00:00:00-04:00,29.461506778793773,30.362813971852994,29.461506778793773,30.356555938720703,5256300,0.0,0.0
2016-07-13 00:00:00-04:00,30.663250564105844,31.120163364848082,30.50677347942765,31.013757705688477,3919000,0.0,0.0
2016-07-14 00:00:00-04:00,31.32672036292381,31.70226690049516,31.107653340079125,31.295425415039062,2721400,0.0,0.0
2016-07-15 00:00:00-04:00,31.32045567047229,31.34549257851846,30.58188359666695,31.163978576660156,2045500,0.0,0.0
2016-07-18 00:00:00-04:00,31.15771430469928,31.414336611326366,30.581879816716807,30.6569881439209,1755800,0.0,0.0
2016-07-19 00:00:00-04:00,31.132685101073097,31.282901781120007,30.13123022093901,30.41288948059082,3208500,0.0,0.0
2016-07-20 00:00:00-04:00,30.669517517089844,30.788439276479114,30.41289511908556,30.669517517089844,2168600,0.0,0.0
2016-07-21 00:00:00-04:00,30.6820304674733,30.81347066020612,30.175043797095288,30.61318016052246,1821300,0.0,0.0
2016-07-22 00:00:00-04:00,30.713337686024104,31.65846109758092,30.531823601996365,31.54579734802246,3367700,0.0,0.0
2016-07-25 00:00:00-04:00,31.677229756322767,31.721043160572474,31.31420167808067,31.708524703979492,2336400,0.0,0.0
2016-07-26 00:00:00-04:00,31.72728874949368,32.54097139529692,31.721030717477735,32.509674072265625,2249300,0.0,0.0
2016-07-27 00:00:00-04:00,32.93529578146403,32.94781423462979,32.55349131668612,32.7537841796875,2275100,0.0,0.0
2016-07-28 00:00:00-04:00,32.42832826661357,32.42832826661357,31.157732073692884,31.702274322509766,3845200,0.0,0.0
2016-07-29 00:00:00-04:00,31.595857338082528,31.864998154660753,30.78217685459888,31.301679611206055,2560300,0.0,0.0
2016-08-01 00:00:00-04:00,31.470671987314507,31.8149234999263,31.22031007263886,31.63340950012207,2493300,0.0,0.0
2016-08-02 00:00:00-04:00,31.708513800959224,31.808659031616532,30.006042492134362,30.262664794921875,4323800,0.0,0.0
2016-08-03 00:00:00-04:00,30.644468724961758,30.85101960282202,29.962228606277268,30.268924713134766,5842900,0.0,0.0
2016-08-04 00:00:00-04:00,30.262671373144794,30.3190032268626,29.59294954986155,29.674318313598633,3214100,0.0,0.0
2016-08-05 00:00:00-04:00,29.94971729103141,30.1562682181115,29.474027936853307,30.1312313079834,4350900,0.0,0.0
2016-08-08 00:00:00-04:00,30.369072259590066,30.387848745319065,29.780719292790522,29.905899047851562,9095800,0.0,0.0
2016-08-09 00:00:00-04:00,29.88087613154781,30.04361130890429,29.436479232988304,29.749433517456055,11691700,0.0,0.0
2016-08-10 00:00:00-04:00,29.749430051552707,30.162529563416665,29.55539994588492,29.78072738647461,7114100,0.0,0.0
2016-08-11 00:00:00-04:00,29.786981186536032,30.638217002134503,29.780723153032113,30.506776809692383,13485600,0.0,0.0
2016-08-12 00:00:00-04:00,30.54432562459138,31.276639602634575,30.38159051149887,31.239084243774414,8827900,0.0,0.0
2016-08-15 00:00:00-04:00,31.74606477032291,32.19671705217255,31.420592218756315,31.445629119873047,7445800,0.0,0.0
2016-08-16 00:00:00-04:00,31.251612507650744,32.71623853588131,31.120172291852857,32.35321044921875,8002800,0.0,0.0
2016-08-17 00:00:00-04:00,32.48073710128627,33.11844789551218,32.13212199685203,32.73582077026367,10455800,13.64,0.0
2016-08-18 00:00:00-04:00,32.497752557752186,33.7561685015782,32.4637405270517,33.54359817504883,7973100,0.0,0.0
2016-08-19 00:00:00-04:00,33.373548659412656,33.790188018890504,32.94840791215899,33.57761764526367,20905200,0.0,0.0
2016-08-22 00:00:00-04:00,33.501077240630046,34.42788378606027,33.38203515989204,34.308841705322266,6575700,0.0,0.0
2016-08-23 00:00:00-04:00,34.223823306809386,34.59794592185851,33.9092201249825,34.07927703857422,8249700,0.0,0.0
2016-08-24 00:00:00-04:00,33.4840834978232,34.12179456796587,33.42456405742851,34.028263092041016,11213000,0.0,0.0
2016-08-25 00:00:00-04:00,34.12179729715053,34.147304704055216,33.62013108543723,33.75617599487305,5994900,0.0,0.0
2016-08-26 00:00:00-04:00,33.79017948142248,33.98574378651967,33.50958510221846,33.628623962402344,3612500,0.0,0.0
2016-08-29 00:00:00-04:00,33.67113353263011,34.1813041883156,33.61161410933493,34.01974868774414,4896700,0.0,0.0
2016-08-30 00:00:00-04:00,34.09628038456115,34.14729843256705,33.59461426498378,33.97724151611328,3211100,0.0,0.0
2016-08-31 00:00:00-04:00,33.86670085206335,34.52141450431056,33.78167078818592,34.444889068603516,3550100,0.0,0.0
2016-09-01 00:00:00-04:00,34.43640117996309,34.86154193527128,34.34286969482464,34.64897155761719,1839800,0.0,0.0
2016-09-02 00:00:00-04:00,34.36837164417386,35.040094709340686,34.36837164417386,35.031593322753906,2627200,0.0,0.0
2016-09-06 00:00:00-04:00,35.082606931581104,35.35469994655851,34.78500975771415,35.32918930053711,2940300,0.0,0.0
2016-09-07 00:00:00-04:00,35.45673736701136,35.97540957418729,35.45673736701136,35.84786605834961,3134400,0.0,0.0
2016-09-08 00:00:00-04:00,35.77133931917237,36.085942538478065,35.71181987885957,35.78834533691406,2842900,0.0,0.0
2016-09-09 00:00:00-04:00,35.58427392161527,35.78834287692219,35.26967072393453,35.278175354003906,1289100,0.0,0.0
2016-09-12 00:00:00-04:00,35.12512307214069,36.06893262820251,35.014585590531944,35.98390579223633,2639900,0.0,0.0
2016-09-13 00:00:00-04:00,35.72883126871853,35.72883126871853,35.08261547163548,35.26117706298828,2444800,0.0,0.0
2016-09-14 00:00:00-04:00,35.26117068240364,35.35470215533831,34.95506885955058,35.14213180541992,1620300,0.0,0.0
2016-09-15 00:00:00-04:00,35.34620015964211,36.01792329391018,35.21865664275756,35.79684829711914,2324200,0.0,0.0
2016-09-16 00:00:00-04:00,35.78828120280246,35.848256513672105,35.31704521665127,35.58264923095703,1863600,0.32,0.0
2016-09-19 00:00:00-04:00,35.88252830511587,36.507987440000164,35.736871647178845,36.10529327392578,1342300,0.0,0.0
2016-09-20 00:00:00-04:00,36.23381047010414,36.328058310747025,35.88252514396816,36.04531478881836,1416100,0.0,0.0
2016-09-21 00:00:00-04:00,36.02817972677054,36.44801013957734,35.916795614244805,36.43087387084961,1587600,0.0,0.0
2016-09-22 00:00:00-04:00,36.679344837920226,37.12487801928774,36.448010112878876,37.06489944458008,1309200,0.0,0.0
2016-09-23 00:00:00-04:00,36.78216923902965,37.09061562342226,36.71362414542686,36.970664978027344,1189900,0.0,0.0
2016-09-26 00:00:00-04:00,37.0134939068436,37.459027088211116,36.85927075681603,37.06489944458008,1828000,0.0,0.0
2016-09-27 00:00:00-04:00,37.30480001773825,37.527564950806614,36.99635375009843,37.3990478515625,1594100,0.0,0.0
2016-09-28 00:00:00-04:00,37.57898331319634,37.69893394370807,37.25340069580055,37.621822357177734,1824500,0.0,0.0
2016-09-29 00:00:00-04:00,37.50185839369891,37.75032933622595,37.17627589205687,37.253387451171875,1788100,0.0,0.0
2016-09-30 00:00:00-04:00,37.38191870490063,37.45903028649827,36.73932328105672,37.08203887939453,1879700,0.0,0.0
2016-10-03 00:00:00-04:00,36.83356160805588,37.03919026020326,36.54225162717334,36.6279296875,1654000,0.0,0.0
2016-10-04 00:00:00-04:00,36.55083157682641,36.79073284875334,36.1824098987045,36.30236053466797,2325400,0.0,0.0
2016-10-05 00:00:00-04:00,36.37946387521893,36.88497234672745,36.011042280641085,36.1309928894043,2881400,0.0,0.0
2016-10-06 00:00:00-04:00,35.95106191806507,36.69647477063187,35.65975193702263,36.67076873779297,1565400,0.0,0.0
2016-10-07 00:00:00-04:00,36.73074917293626,36.73931894121777,35.88252514396816,36.04531478881836,1569200,0.0,0.0
2016-10-10 00:00:00-04:00,36.04532819796948,36.30236577908261,35.8996747670891,35.951080322265625,1064500,0.0,0.0
2016-10-11 00:00:00-04:00,35.848259124981034,35.848259124981034,35.222799931487536,35.428428649902344,1075800,0.0,0.0
2016-10-12 00:00:00-04:00,35.52267067532479,36.0710181922789,35.35131125917437,35.9853401184082,1148100,0.0,0.0
2016-10-13 00:00:00-04:00,35.71973221954863,35.942500437072944,35.48839750215444,35.685462951660156,1043000,0.0,0.0
2016-10-14 00:00:00-04:00,35.771146087872296,36.01961710858955,35.66833173283425,35.882530212402344,986800,0.0,0.0
2016-10-17 00:00:00-04:00,35.899662693330484,35.985340768749595,35.59978289254546,35.60835266113281,1197700,0.0,0.0
2016-10-18 00:00:00-04:00,35.873966869407205,36.06246261108545,35.719743675017725,35.72831344604492,1198700,0.0,0.0
2016-10-19 00:00:00-04:00,35.813964811384444,35.942485133574266,35.70258075004711,35.77112579345703,761500,0.0,0.0
2016-10-20 00:00:00-04:00,35.668336824706465,35.96821343154724,35.599791732622926,35.8911018371582,816900,0.0,0.0
2016-10-21 00:00:00-04:00,35.711174575031976,36.02818744337093,35.599790438649734,35.92537307739258,1071700,0.0,0.0
2016-10-24 00:00:00-04:00,36.31948916033553,36.31948916033553,35.84825321751333,36.25951385498047,684500,0.0,0.0
2016-10-25 00:00:00-04:00,36.13098649717176,36.22523432121411,35.67688691050413,35.779701232910156,619600,0.0,0.0
2016-10-26 00:00:00-04:00,35.60836095099583,35.908237553185046,35.56551863490323,35.71974182128906,916000,0.0,0.0
2016-10-27 00:00:00-04:00,35.933945626965404,35.985354452811414,35.09428774860904,35.28278350830078,1314400,0.0,0.0
2016-10-28 00:00:00-04:00,35.28277959082693,35.86539981208507,35.28277959082693,35.471275329589844,1498800,0.0,0.0
2016-10-31 00:00:00-04:00,35.4626973150379,35.83111893602581,35.35988296707197,35.616920471191406,1128400,0.0,0.0
2016-11-01 00:00:00-04:00,35.72831289346021,35.85683004119042,35.385593962693086,35.471275329589844,1583900,0.0,0.0
2016-11-02 00:00:00-04:00,35.308475494384766,35.788281250389204,35.26563645347939,35.308475494384766,1026600,0.0,0.0
2016-11-03 00:00:00-04:00,36.54226148501745,38.889874962721585,36.22524538579008,38.0330810546875,4214800,0.0,0.0
2016-11-04 00:00:00-04:00,38.007375849855705,38.09305392780969,37.33050792142806,37.4932975769043,2051100,0.0,0.0
2016-11-07 00:00:00-05:00,38.07591435848123,38.11018689405607,37.45045529208028,37.8531494140625,2071500,0.0,0.0
2016-11-08 00:00:00-05:00,37.75033387417759,37.75033387417759,37.23625566214435,37.27909469604492,1314000,0.0,0.0
2016-11-09 00:00:00-05:00,37.4333306970319,38.958426321590316,37.313380053524924,38.57286834716797,2266400,0.0,0.0
2016-11-10 00:00:00-05:00,38.67567244532258,39.52389976376339,38.47861025927066,39.275428771972656,3794600,0.0,0.0
2016-11-11 00:00:00-05:00,39.232585275033635,39.87518056588233,39.03552311138241,39.79806900024414,1838200,0.0,0.0
2016-11-14 00:00:00-05:00,39.926596080969,40.8176625581741,39.909463078461904,40.61203384399414,2074800,0.0,0.0
2016-11-15 00:00:00-05:00,40.757679638287996,41.160373758656185,40.209332144923835,41.05755615234375,1719500,0.0,0.0
2016-11-16 00:00:00-05:00,41.03186100234532,41.271762258126486,40.826232288364174,41.01472473144531,1357000,0.0,0.0
2016-11-17 00:00:00-05:00,41.02329456253238,41.24605954774712,40.69771195176361,40.74055099487305,1337300,0.0,0.0
2016-11-18 00:00:00-05:00,40.80909587587337,41.760137662862505,40.526352309618446,41.43455505371094,2065300,0.0,0.0
2016-11-21 00:00:00-05:00,42.00860266693184,42.411296834279604,41.8800855466614,42.36845779418945,2184300,0.0,0.0
2016-11-22 00:00:00-05:00,42.39415609936143,42.67689961731287,42.23136645680112,42.385589599609375,1590000,0.0,0.0
2016-11-23 00:00:00-05:00,42.35131073660818,42.61691794696558,42.274199176724316,42.582645416259766,740700,0.0,0.0
2016-11-25 00:00:00-05:00,42.591220814004096,42.9082368866595,42.402728392554216,42.82255554199219,346600,0.0,0.0
2016-11-28 00:00:00-05:00,42.79685652325977,43.31093156267773,42.7625839823894,43.05389404296875,1473100,0.0,0.0
2016-11-29 00:00:00-05:00,43.17383701797831,44.27053198424034,43.00247761239766,43.919246673583984,1669300,0.0,0.0
2016-11-30 00:00:00-05:00,44.24483942182183,44.57042204067542,43.756467127746234,43.86785125732422,1859900,0.0,0.0
2016-12-01 00:00:00-05:00,44.09061624807063,44.12488879077302,43.78216990056824,43.86785125732422,1395700,0.0,0.0
2016-12-02 00:00:00-05:00,43.72219074883349,44.30481085001645,43.72219074883349,44.18486022949219,1034600,0.0,0.0
2016-12-05 00:00:00-05:00,44.287677032341385,44.6989377262283,44.287677032341385,44.450469970703125,1207600,0.0,0.0
2016-12-06 00:00:00-05:00,44.75034770291475,45.34153435293169,44.27911168318448,44.878868103027344,1561700,0.0,0.0
2016-12-07 00:00:00-05:00,44.955961878639364,45.32438339336306,44.544701336986726,44.65608215332031,3129300,0.0,0.0
2016-12-08 00:00:00-05:00,44.81030969861254,45.110189453602295,44.647520072812554,44.78460693359375,1835200,0.0,0.0
2016-12-09 00:00:00-05:00,44.810306526914644,45.02450493599971,44.510430061558885,44.7674674987793,1439900,0.0,0.0
2016-12-12 00:00:00-05:00,44.54472083829333,44.613262657705015,42.76258777585404,43.096736907958984,3313700,0.0,0.0
2016-12-13 00:00:00-05:00,43.16570849609476,44.0969685494618,43.16570849609476,43.99349594116211,1741700,0.32,0.0
2016-12-14 00:00:00-05:00,43.760687435374535,44.303924476275874,43.527871560702536,43.97625732421875,1452400,0.0,0.0
2016-12-15 00:00:00-05:00,43.91589943809273,44.39015255101337,43.78655618487093,44.12284469604492,1909700,0.0,0.0
2016-12-16 00:00:00-05:00,44.40739853739865,44.43326587230878,43.95039141086328,44.12284469604492,3188100,0.0,0.0
2016-12-19 00:00:00-05:00,44.002128015844036,44.35566252895132,44.002128015844036,44.26943588256836,983300,0.0,0.0
2016-12-20 00:00:00-05:00,44.28667909022989,44.77817818030431,43.915898613249475,44.37290573120117,868000,0.0,0.0
2016-12-21 00:00:00-05:00,44.416010621723224,44.60571314305794,44.03660886838866,44.28667068481445,741100,0.0,0.0
2016-12-22 00:00:00-05:00,44.21770708215689,44.27806640499735,43.812437812990474,44.04525375366211,623600,0.0,0.0
2016-12-23 00:00:00-05:00,44.14871085167772,44.217691500901225,43.73481708833097,44.027992248535156,362100,0.0,0.0
2016-12-27 00:00:00-05:00,44.131455134347696,44.32977897996316,43.99349057699196,44.19181442260742,351800,0.0,0.0
2016-12-28 00:00:00-05:00,44.20044393694646,44.30391984108731,43.760682857020804,43.8900260925293,530600,0.0,0.0
2016-12-29 00:00:00-05:00,44.13147925670222,44.459146493026104,43.97626863367177,44.312557220458984,693100,0.0,0.0
2016-12-30 00:00:00-05:00,44.29529731088809,44.381527235106155,43.69170099870273,44.09697341918945,762700,0.0,0.0
2017-01-03 00:00:00-05:00,44.217694156025686,44.23494014170093,43.47613321866713,43.933143615722656,1175000,0.0,0.0
2017-01-04 00:00:00-05:00,44.07109664448422,44.51085765110535,43.88139414118298,44.27804183959961,1164700,0.0,0.0
2017-01-05 00:00:00-05:00,44.036614409078865,44.260808924198045,43.66583395581931,43.777931213378906,984100,0.0,0.0
2017-01-06 00:00:00-05:00,43.872777474706616,43.993496066288756,43.39852445520467,43.683074951171875,1074500,0.0,0.0
2017-01-09 00:00:00-05:00,43.631345512834976,43.7089508067517,43.02775243718883,43.09673309326172,1060900,0.0,0.0
2017-01-10 00:00:00-05:00,43.06224408273475,43.62272716505861,43.04499809519631,43.346797943115234,852700,0.0,0.0
2017-01-11 00:00:00-05:00,43.407147642494785,43.57097955382632,43.03636721586574,43.200199127197266,737400,0.0,0.0
2017-01-12 00:00:00-05:00,43.182967239968086,43.217455926703074,42.58799216542112,43.10536193847656,663300,0.0,0.0
2017-01-13 00:00:00-05:00,43.27780692251401,43.295052907234904,42.95014308082271,43.07948303222656,1298700,0.0,0.0
2017-01-17 00:00:00-05:00,42.915660951798905,42.94152829014392,42.44140777590293,42.613861083984375,663100,0.0,0.0
2017-01-18 00:00:00-05:00,42.63110735829542,43.0881178379141,42.44140806026761,42.95877456665039,682600,0.0,0.0
2017-01-19 00:00:00-05:00,43.32094003943216,43.53650999659838,42.6656055276184,42.846683502197266,649700,0.0,0.0
2017-01-20 00:00:00-05:00,42.88979236333522,43.062245666390126,42.71733577094441,42.82080841064453,491900,0.0,0.0
2017-01-23 00:00:00-05:00,42.77769504489566,42.915659660812175,42.25170391879649,42.493141174316406,488200,0.0,0.0
2017-01-24 00:00:00-05:00,42.51037794022442,42.820799081027445,42.372413354238105,42.65696716308594,618300,0.0,0.0
2017-01-25 00:00:00-05:00,43.04499214165886,43.113976082271456,42.57936369986518,42.81217956542969,681000,0.0,0.0
2017-01-26 00:00:00-05:00,42.78630776730165,43.01912362646858,42.53624921279072,42.71732711791992,445000,0.0,0.0
2017-01-27 00:00:00-05:00,42.613858687716494,42.73458060165546,42.3724214385102,42.725955963134766,535700,0.0,0.0
2017-01-30 00:00:00-05:00,42.56211473795565,42.67421198894347,41.57911667832352,41.92402648925781,1174500,0.0,0.0
2017-01-31 00:00:00-05:00,41.846433633589655,42.13098751921811,41.4670317420878,41.66535568237305,934100,0.0,0.0
2017-02-01 00:00:00-05:00,41.66535200095999,42.05337849737947,41.22559083124178,41.65673065185547,1185600,0.0,0.0
2017-02-02 00:00:00-05:00,41.596378676961244,42.51901779266444,41.44116805101712,42.329315185546875,1236700,0.0,0.0
2017-02-03 00:00:00-05:00,42.579378860486514,43.02776476611264,42.519019535626896,42.846683502197266,682700,0.0,0.0
2017-02-06 00:00:00-05:00,42.76044586358394,43.25194497666709,42.72595388984654,43.21745300292969,697600,0.0,0.0
2017-02-07 00:00:00-05:00,43.20021074121806,43.519256591796875,43.10536273926495,43.519256591796875,788700,0.0,0.0
2017-02-08 00:00:00-05:00,43.43302661357581,43.43302661357581,42.13960709199779,43.19158935546875,1239100,0.0,0.0
2017-02-09 00:00:00-05:00,42.976018869678775,43.976263154963334,42.81218691659572,43.82105255126953,793200,0.0,0.0
2017-02-10 00:00:00-05:00,43.976263413999476,44.19183333269555,43.596861541255315,43.83829879760742,670800,0.0,0.0
2017-02-13 00:00:00-05:00,43.95039774892066,44.252194330845974,43.78656249930174,43.96764373779297,545700,0.0,0.0
2017-02-14 00:00:00-05:00,43.829668359181625,44.11421888239835,43.62271983284064,44.027992248535156,609500,0.0,0.0
2017-02-15 00:00:00-05:00,43.89865040039655,44.666078649853304,43.88140441521001,44.510868072509766,730900,0.0,0.0
2017-02-16 00:00:00-05:00,44.648844022657165,44.89028458735224,44.29530945973756,44.84716796875,836900,0.0,0.0
2017-02-17 00:00:00-05:00,44.528109973772445,44.84715244712394,44.40739137787377,44.79541778564453,629300,0.0,0.0
2017-02-21 00:00:00-05:00,44.64882416335873,45.424876902312995,43.97624731582151,45.407630920410156,698300,0.0,0.0
2017-02-22 00:00:00-05:00,45.36451868581023,45.85601766902202,45.166194823227826,45.812904357910156,1093700,0.0,0.0
2017-02-23 00:00:00-05:00,45.864651911321616,46.73555617159435,44.90752429391644,45.26105880737305,1855000,0.0,0.0
2017-02-24 00:00:00-05:00,45.30417247535895,46.675197216384426,45.028243257358234,46.632083892822266,1299800,0.0,0.0
2017-02-27 00:00:00-05:00,46.56309561407237,46.82177882072791,46.26129908786348,46.59758758544922,875800,0.0,0.0
2017-02-28 00:00:00-05:00,46.364771800235815,46.67519296454298,45.93363202521707,45.95949935913086,1021200,0.0,0.0
2017-03-01 00:00:00-05:00,46.43376213536345,47.209815207940764,46.183703513609544,47.158077239990234,1323300,0.0,0.0
2017-03-02 00:00:00-05:00,46.70107450724511,47.3822763484707,46.1319699626439,46.16646194458008,1132700,0.0,0.0
2017-03-03 00:00:00-05:00,46.09746770804399,46.51998616926431,46.037108397774766,46.29579162597656,772800,0.0,0.0
2017-03-06 00:00:00-05:00,45.90776707780964,46.166450298401394,45.787045171486916,45.84740447998047,715700,0.0,0.0
2017-03-07 00:00:00-05:00,45.623215881952845,45.96812905566128,45.58010255757324,45.71806716918945,853000,0.0,0.0
2017-03-08 00:00:00-05:00,45.67496210735761,45.76981341175271,45.338673511292356,45.450767517089844,769300,0.0,0.0
2017-03-09 00:00:00-05:00,45.493864115929355,45.864644557093456,45.30416486624984,45.64045333862305,624000,0.0,0.0
2017-03-10 00:00:00-05:00,45.821541703545186,45.89914700637729,45.192077931389655,45.536991119384766,711300,0.0,0.0
2017-03-13 00:00:00-04:00,45.78856957076854,46.83829111701469,45.74519341317889,46.8035888671875,838500,0.32,0.0
2017-03-14 00:00:00-04:00,46.77754657027001,46.83827714404458,46.32643069464982,46.569339752197266,517600,0.0,0.0
2017-03-15 00:00:00-04:00,46.87299574414425,47.68848216707571,46.78624341844005,47.60172653198242,958400,0.0,0.0
2017-03-16 00:00:00-04:00,47.59303858653644,47.59303858653644,46.50861828811695,46.62139892578125,840500,0.0,0.0
2017-03-17 00:00:00-04:00,46.872990057453194,47.10722527970373,46.51730027019617,46.8035888671875,1213200,0.0,0.0
2017-03-20 00:00:00-04:00,46.812256252617544,46.9250368941479,46.55199603395291,46.742855072021484,542700,0.0,0.0
2017-03-21 00:00:00-04:00,46.70814975637602,46.846955417831104,45.563002222024515,45.797237396240234,674800,0.0,0.0
2017-03-22 00:00:00-04:00,45.805922342998365,45.89267797068634,45.502285919562475,45.86664962768555,710800,0.0,0.0
2017-03-23 00:00:00-04:00,45.736511172948354,46.06617255808155,45.58035438656396,45.70180892944336,530100,0.0,0.0
2017-03-24 00:00:00-04:00,45.77121575782494,45.91869865623487,45.46757936314052,45.64976119995117,662400,0.0,0.0
2017-03-27 00:00:00-04:00,45.198637990283686,45.198637990283686,44.2964027916644,44.86897659301758,684600,0.0,0.0
2017-03-28 00:00:00-04:00,44.712814068513936,45.06850375845986,44.357124378568,44.851619720458984,795100,0.0,0.0
2017-03-29 00:00:00-04:00,44.95573826042688,45.38950648239887,44.77355640145197,45.31142807006836,984200,0.0,0.0
2017-03-30 00:00:00-04:00,45.18996453869283,45.21598956784734,44.38315554102038,44.5219612121582,822100,0.0,0.0
2017-03-31 00:00:00-04:00,44.426533856834006,44.608715688566505,44.22700090169055,44.365806579589844,763000,0.0,0.0
2017-04-03 00:00:00-04:00,44.19228906007275,44.41785030605419,43.663094803182084,43.85395050048828,772800,0.0,0.0
2017-04-04 00:00:00-04:00,43.78456805738159,44.14893179757144,43.60238287789757,43.992774963378906,687800,0.0,0.0
2017-04-05 00:00:00-04:00,44.14024789753387,44.50461155524955,43.32476165702825,43.333438873291016,822400,0.0,0.0
2017-04-06 00:00:00-04:00,43.394171499982704,43.61972950980012,43.23801468188266,43.420196533203125,630100,0.0,0.0
2017-04-07 00:00:00-04:00,43.43754122431896,44.1402468016813,43.29873555205596,43.923362731933594,931500,0.0,0.0
2017-04-10 00:00:00-04:00,43.984092605277596,44.305080120839314,43.741180182424955,43.91468811035156,602500,0.0,0.0
2017-04-11 00:00:00-04:00,43.784557262360224,44.26170155613634,43.706478864514075,44.24435043334961,705900,0.0,0.0
2017-04-12 00:00:00-04:00,44.209655304211125,44.22700642979087,43.74986205920875,44.02747344970703,763300,0.0,0.0
2017-04-13 00:00:00-04:00,43.87130626832488,44.17494262079226,43.810578997831406,43.93203353881836,686400,0.0,0.0
2017-04-17 00:00:00-04:00,43.97540483733005,44.521953520874895,43.845276404649255,44.48725128173828,693600,0.0,0.0
2017-04-18 00:00:00-04:00,44.50461014542102,44.69546918449554,44.3397794449219,44.556663513183594,556600,0.0,0.0
2017-04-19 00:00:00-04:00,44.617384622620044,45.10320605977851,44.617384622620044,44.886322021484375,621600,0.0,0.0
2017-04-20 00:00:00-04:00,45.11188768486596,45.753866004204546,45.00778425529886,45.632408142089844,575600,0.0,0.0
2017-04-21 00:00:00-04:00,45.62373593101213,45.74519048825287,45.155265516464844,45.294071197509766,641900,0.0,0.0
2017-04-24 00:00:00-04:00,45.82327544669028,45.93605611285889,45.50228788386002,45.918704986572266,676800,0.0,0.0
2017-04-25 00:00:00-04:00,46.25703386885765,46.465244030766165,46.03147589372932,46.109554290771484,799900,0.0,0.0
2017-04-26 00:00:00-04:00,46.13558746022719,46.46525222917049,45.91870335344139,46.326446533203125,1813800,0.0,0.0
2017-04-27 00:00:00-04:00,46.447896002263995,46.99444150857876,46.23101191929794,46.28306198120117,803200,0.0,0.0
2017-04-28 00:00:00-04:00,46.222331245172164,46.222331245172164,45.64108353480843,45.6844596862793,1206100,0.0,0.0
2017-05-01 00:00:00-04:00,45.788568603577154,46.53465041215891,45.6150639768835,46.40452194213867,886300,0.0,0.0
2017-05-02 00:00:00-04:00,46.4999508643287,46.60405761765899,46.300417884528876,46.46525192260742,538000,0.0,0.0
2017-05-03 00:00:00-04:00,46.239682560243494,46.638748450458905,45.883992821679634,46.499942779541016,1262200,0.0,0.0
2017-05-04 00:00:00-04:00,45.97943142424063,47.20265767503827,44.98176319222325,47.185306549072266,1711300,0.0,0.0
2017-05-05 00:00:00-04:00,47.49761646206761,47.931384648935804,46.74286074354576,47.25470733642578,1170200,0.0,0.0
2017-05-08 00:00:00-04:00,47.19398991630135,47.237366082173985,46.074866966084976,46.248374938964844,1577100,0.0,0.0
2017-05-09 00:00:00-04:00,46.30908792619107,46.39584023113481,45.41552330020662,45.58903121948242,1292500,0.0,0.0
2017-05-10 00:00:00-04:00,45.54566686626587,45.65844753942083,45.19865093781485,45.48493957519531,820100,0.0,0.0
2017-05-11 00:00:00-04:00,45.25070293514045,45.93605755269401,45.163950610377064,45.719173431396484,1099000,0.0,0.0
2017-05-12 00:00:00-04:00,45.56299824374542,45.953390166685004,45.37213923488879,45.6931266784668,782100,0.0,0.0
2017-05-15 00:00:00-04:00,45.805912017822266,46.29173349519879,45.762535868450165,45.805912017822266,2041900,0.0,0.0
2017-05-16 00:00:00-04:00,46.01413484801594,47.003125887542545,45.98810650370963,46.59538269042969,1879500,0.0,0.0
2017-05-17 00:00:00-04:00,46.595365981186355,46.595365981186355,45.172607219835285,45.34611511230469,1219700,0.0,0.0
2017-05-18 00:00:00-04:00,45.08586545328696,45.432878009845716,44.66077118297091,44.70414733886719,1058200,0.0,0.0
2017-05-19 00:00:00-04:00,44.92970220836309,45.32009417428298,44.67811590706048,45.207313537597656,986700,0.0,0.0
2017-05-22 00:00:00-04:00,45.528296947702586,46.43053534177697,45.43286744129637,46.3004035949707,1846900,0.0,0.0
2017-05-23 00:00:00-04:00,46.525968428644504,47.523633096513784,46.43921282096801,47.42820358276367,1486200,0.0,0.0
2017-05-24 00:00:00-04:00,47.428198914617006,47.662434068206736,47.211314880854786,47.62773513793945,834000,0.0,0.0
2017-05-25 00:00:00-04:00,47.714508906345756,48.113574913854514,47.714508906345756,47.82728958129883,679300,0.0,0.0
2017-05-26 00:00:00-04:00,47.827281433310695,47.888008715003785,47.167951932944796,47.61039733886719,793300,0.0,0.0
2017-05-30 00:00:00-04:00,47.45422977378404,47.783894449270505,47.12456509829758,47.58435821533203,1003400,0.0,0.0
2017-05-31 00:00:00-04:00,47.88800757941496,48.31309854118622,47.18530193870165,48.200321197509766,6187100,0.0,0.0
2017-06-01 00:00:00-04:00,48.24369283778786,48.9463951033383,47.905354219650505,48.903018951416016,1057500,0.0,0.0
2017-06-02 00:00:00-04:00,48.833624463430205,49.16328591073406,48.443232423845416,48.53866195678711,899200,0.0,0.0
2017-06-05 00:00:00-04:00,48.62540774043664,48.72951116721163,48.36514751880503,48.477928161621094,779200,0.0,0.0
2017-06-06 00:00:00-04:00,48.451900592350796,48.625408512656776,48.39985053283083,48.521305084228516,1397900,0.0,0.0
2017-06-07 00:00:00-04:00,48.56467563111495,48.7989108000819,48.217663139947135,48.295738220214844,993200,0.0,0.0
2017-06-08 00:00:00-04:00,48.295736403462655,48.55599989878305,48.191632990967186,48.3477897644043,1012000,0.0,0.0
2017-06-09 00:00:00-04:00,48.4605785598355,48.573359206191114,47.41086042432316,48.035484313964844,1028800,0.0,0.0
2017-06-12 00:00:00-04:00,47.905356386539125,48.35647566759037,47.766550708476316,48.25236892700195,1266200,0.0,0.0
2017-06-13 00:00:00-04:00,48.36580341762451,48.62756968219646,48.07785819661832,48.59266662597656,1676000,0.32,0.0
2017-06-14 00:00:00-04:00,48.67993319831755,49.02022973755253,47.86845529927755,48.112770080566406,905200,0.0,0.0
2017-06-15 00:00:00-04:00,47.755015254870976,48.226196548025406,47.71138809703196,48.138938903808594,481600,0.0,0.0
2017-06-16 00:00:00-04:00,47.763738287756446,47.90334717711604,46.498530855632254,47.10059356689453,1703600,0.0,0.0
2017-06-19 00:00:00-04:00,47.266376537189785,47.34490674292021,46.70794099801274,47.05696487426758,727100,0.0,0.0
2017-06-20 00:00:00-04:00,47.135496252531475,47.449617083267164,46.43745181119574,46.57706069946289,1980400,0.0,0.0
2017-06-21 00:00:00-04:00,46.82137975818748,47.126773189387805,46.52471042707628,46.89990997314453,736000,0.0,0.0
2017-06-22 00:00:00-04:00,46.88245776485282,47.065693820916955,46.42872801040446,46.77775192260742,477600,0.0,0.0
2017-06-23 00:00:00-04:00,46.646869398102574,46.84755699241713,46.39382721584292,46.734127044677734,2310000,0.0,0.0
2017-06-26 00:00:00-04:00,46.82138595925748,47.34491857594914,46.82138595925748,46.865013122558594,1045400,0.0,0.0
2017-06-27 00:00:00-04:00,46.856288149770585,46.89991531226021,45.468923079950066,45.50382614135742,1051000,0.0,0.0
2017-06-28 00:00:00-04:00,45.66961075673805,45.68706228746714,44.997741802094225,45.61725616455078,2149700,0.0,0.0
2017-06-29 00:00:00-04:00,45.678323270713825,45.81793215259312,44.68360957125651,44.90174865722656,1200100,0.0,0.0
2017-06-30 00:00:00-04:00,45.05882415836313,45.26823921559714,44.87558806362051,45.10245132446289,1258400,0.0,0.0
2017-07-03 00:00:00-04:00,45.46893339352561,45.46893339352561,45.17226396134878,45.381675720214844,540100,0.0,0.0
2017-07-05 00:00:00-04:00,45.381664521399244,45.72196437052575,44.98028930883659,45.68706130981445,1147800,0.0,0.0
2017-07-06 00:00:00-04:00,45.468910313073096,45.765579594657765,44.448017689061224,44.66615676879883,1390600,0.0,0.0
2017-07-07 00:00:00-04:00,44.76215578625878,45.46020044533789,44.68362555407867,45.434024810791016,514500,0.0,0.0
2017-07-10 00:00:00-04:00,45.46892787587984,45.65216397478695,45.31186741151961,45.434024810791016,762000,0.0,0.0
2017-07-11 00:00:00-04:00,45.477634186599495,45.66959764095063,45.20714385932819,45.56489181518555,1388500,0.0,0.0
2017-07-12 00:00:00-04:00,46.00118680726152,46.60324968641656,45.7045174185751,46.324031829833984,957700,0.0,0.0
2017-07-13 00:00:00-04:00,46.37637844363826,46.57706603548004,45.80049129749351,45.90519714355469,650100,0.0,0.0
2017-07-14 00:00:00-04:00,45.94010557424882,46.533444318881934,45.82667228610269,46.45491409301758,725900,0.0,0.0
2017-07-17 00:00:00-04:00,46.45490506655671,46.542159376767884,46.01862685842374,46.3152961730957,1560200,0.0,0.0
2017-07-18 00:00:00-04:00,46.24549676766245,46.40255721164707,45.774315435708594,45.88774871826172,611300,0.0,0.0
2017-07-19 00:00:00-04:00,45.94010257415382,46.646871232238674,45.94010257415382,46.585792541503906,620400,0.0,0.0
2017-07-20 00:00:00-04:00,46.59451977781074,47.07442520097031,46.52471365809495,46.78647994995117,672500,0.0,0.0
2017-07-21 00:00:00-04:00,46.52470776695989,46.95226187473308,46.39382297333541,46.62941360473633,565800,0.0,0.0
2017-07-24 00:00:00-04:00,46.64686598677017,46.673044943097665,46.28911798332167,46.55088424682617,729700,0.0,0.0
2017-07-25 00:00:00-04:00,46.70794337010983,47.26637893764744,46.65559211598977,47.022064208984375,1104200,0.0,0.0
2017-07-26 00:00:00-04:00,47.11805938901645,47.35365008538627,46.58579929668532,46.664329528808594,759200,0.0,0.0
2017-07-27 00:00:00-04:00,46.81265587129803,46.87373455781626,46.35019867953867,46.59451675415039,663500,0.0,0.0
2017-07-28 00:00:00-04:00,46.463626682612485,47.0831409061981,46.4025480030217,46.769020080566406,556400,0.0,0.0
2017-07-31 00:00:00-04:00,46.68176818789383,46.7602983983608,46.210586925092,46.62941360473633,715100,0.0,0.0
2017-08-01 00:00:00-04:00,46.84754889466832,47.0395123554133,46.48107682801514,46.52470397949219,784200,0.0,0.0
2017-08-02 00:00:00-04:00,46.5159760139739,46.5159760139739,45.407829150172304,45.608516693115234,1397800,0.0,0.0
2017-08-03 00:00:00-04:00,46.65559059211792,50.36395519824638,46.15823372299082,49.421592712402344,3108500,0.0,0.0
2017-08-04 00:00:00-04:00,49.709546087624524,49.709546087624524,48.994050006383624,49.02894973754883,2902000,0.0,0.0
2017-08-07 00:00:00-04:00,48.863166568439055,49.25581767978611,48.49669441687451,49.16856002807617,1096700,0.0,0.0
2017-08-08 00:00:00-04:00,49.15109548940916,49.980021269630896,49.02893481761907,49.43903732299805,1157000,0.0,0.0
2017-08-09 00:00:00-04:00,49.31689103684847,49.57865730658353,48.95041559638842,49.02022171020508,1159200,0.0,0.0
2017-08-10 00:00:00-04:00,49.814242214892104,49.8840449921366,48.90678281094533,49.273258209228516,1235600,0.0,0.0
2017-08-11 00:00:00-04:00,49.107480875291195,49.74444674837023,49.03767808311739,49.456504821777344,965300,0.0,0.0
2017-08-14 00:00:00-04:00,49.73570690357819,50.39884819773585,49.491392215499786,50.05855178833008,2034700,0.0,0.0
2017-08-15 00:00:00-04:00,50.0411094551838,50.320327243856454,49.99748229980469,49.99748229980469,977100,0.0,0.0
2017-08-16 00:00:00-04:00,50.076024846873054,50.19818224344286,49.80553441976546,49.91896438598633,598900,0.0,0.0
2017-08-17 00:00:00-04:00,49.770616470136055,49.91022535711033,48.76717530663829,48.8108024597168,1054600,0.0,0.0
2017-08-18 00:00:00-04:00,48.71483137458853,48.775910063784224,48.28727722167969,48.28727722167969,878600,0.0,0.0
2017-08-21 00:00:00-04:00,48.269817238631866,48.40070202315164,48.03422662361929,48.26109313964844,653000,0.0,0.0
2017-08-22 00:00:00-04:00,48.38326222983196,48.80208898190915,48.20875025099835,48.784637451171875,612800,0.0,0.0
2017-08-23 00:00:00-04:00,48.732281686817295,49.21219044920142,48.44433975792588,49.05513000488281,900300,0.0,0.0
2017-08-24 00:00:00-04:00,49.15109711147002,49.20344835828406,48.453049420927556,48.47050094604492,488300,0.0,0.0
2017-08-25 00:00:00-04:00,48.749713782469854,49.08128606923928,48.645007970846045,48.740989685058594,820800,0.0,0.0
2017-08-28 00:00:00-04:00,48.9155145043334,49.0376718715683,48.55776650234322,48.77590560913086,436600,0.0,0.0
2017-08-29 00:00:00-04:00,48.496684382168766,49.4303194267778,48.496684382168766,49.40414047241211,684000,0.0,0.0
2017-08-30 00:00:00-04:00,49.264528662502144,50.18071212599073,49.12491978548044,50.032379150390625,578000,0.0,0.0
2017-08-31 00:00:00-04:00,50.294162007289515,51.06201274904931,50.14582898264668,50.88750076293945,1103800,0.0,0.0
2017-09-01 00:00:00-04:00,51.096910661041406,51.428479739832355,50.90494716281794,51.253971099853516,579700,0.0,0.0
2017-09-05 00:00:00-04:00,51.184160668098,51.384848249994285,50.11091664567599,50.43376159667969,933700,0.0,0.0
2017-09-06 00:00:00-04:00,50.53846882977522,50.77405947463181,49.92768196741231,50.57337188720703,1735300,0.0,0.0
2017-09-07 00:00:00-04:00,50.582094835414416,50.63444608838625,50.22434684977355,50.34650421142578,431700,0.0,0.0
2017-09-08 00:00:00-04:00,50.20689891096492,50.29415322451314,49.73571762931162,49.83169937133789,702800,0.0,0.0
2017-09-11 00:00:00-04:00,50.302882733533735,50.53847005556564,49.98876186610607,50.093467712402344,917200,0.0,0.0
2017-09-12 00:00:00-04:00,50.198170988559625,50.45121315531383,49.98875930668892,50.32905578613281,510000,0.0,0.0
2017-09-13 00:00:00-04:00,50.189452052375614,50.189452052375614,49.840428108630725,49.857879638671875,477500,0.0,0.0
2017-09-14 00:00:00-04:00,49.73571516801598,49.91895121452257,49.13365244583492,49.15110397338867,1102000,0.0,0.0
2017-09-15 00:00:00-04:00,49.13354767492648,49.62496874865705,48.93171019386715,49.49333953857422,1472800,0.32,0.0
2017-09-18 00:00:00-04:00,49.589883801372835,50.42354914988925,49.51968220071213,50.309471130371094,947700,0.0,0.0
2017-09-19 00:00:00-04:00,50.37089547525678,51.002723229895885,50.32701571172749,50.91497039794922,661900,0.0,0.0
2017-09-20 00:00:00-04:00,50.92372600879262,51.28351784633286,50.81842197885651,51.04658126831055,1528300,0.0,0.0
2017-09-21 00:00:00-04:00,51.11679477576985,51.30107769601171,51.0904696007511,51.13434600830078,597800,0.0,0.0
2017-09-22 00:00:00-04:00,50.97639588768976,51.97679285869673,50.83598935399678,51.62577819824219,769000,0.0,0.0
2017-09-25 00:00:00-04:00,51.6169916032049,51.73984687959779,50.91495906127753,51.4063835144043,643700,0.0,0.0
2017-09-26 00:00:00-04:00,51.59943345882487,51.853921267292726,51.476578198889975,51.53800582885742,685200,0.0,0.0
2017-09-27 00:00:00-04:00,51.99434401970625,52.34536202721604,51.66965453867097,52.15230178833008,612600,0.0,0.0
2017-09-28 00:00:00-04:00,51.818831547462594,52.20495199938959,51.50291603136072,51.69597625732422,567000,0.0,0.0
2017-09-29 00:00:00-04:00,51.68719692979385,52.12596769032672,51.520461898356004,51.96800994873047,599100,0.0,0.0
2017-10-02 00:00:00-04:00,51.95047009955274,53.04739724123436,51.95047009955274,53.01229476928711,740500,0.0,0.0
2017-10-03 00:00:00-04:00,52.942082075423144,53.28432273627962,52.547187717682874,52.5822868347168,550700,0.0,0.0
2017-10-04 00:00:00-04:00,52.77534566162235,53.22289370453706,52.59106274868344,52.87187576293945,584800,0.0,0.0
2017-10-05 00:00:00-04:00,53.389633732005606,54.36370549203751,53.14392314300862,53.99513626098633,1117300,0.0,0.0
2017-10-06 00:00:00-04:00,54.02145496864147,54.20573787689718,53.644111862657816,54.18818664550781,499500,0.0,0.0
2017-10-09 00:00:00-04:00,54.24085722995463,54.5128930323124,54.01269449839944,54.407588958740234,346600,0.0,0.0
2017-10-10 00:00:00-04:00,54.93408694221618,54.98674062811657,54.34613584699079,54.5391960144043,509400,0.0,0.0
2017-10-11 00:00:00-04:00,54.67084017473654,54.77614422781121,54.284723081759104,54.530433654785156,727500,0.0,0.0
2017-10-12 00:00:00-04:00,54.53044629325249,54.96044324326353,54.302286900784516,54.68840408325195,599200,0.0,0.0
2017-10-13 00:00:00-04:00,55.004299460913245,55.35531738700041,54.95164576773366,55.074501037597656,1066600,0.0,0.0
2017-10-16 00:00:00-04:00,54.96043425385313,55.25002125644936,54.46023578318678,54.477787017822266,457700,0.0,0.0
2017-10-17 00:00:00-04:00,54.407572451789,54.93409600746168,54.17063584746976,54.24961471557617,463600,0.0,0.0
2017-10-18 00:00:00-04:00,54.390030146935,54.53043667466205,53.88105773925781,53.88105773925781,623900,0.0,0.0
2017-10-19 00:00:00-04:00,53.731866983121854,54.01268000231964,53.55635800923442,53.98635482788086,495600,0.0,0.0
2017-10-20 00:00:00-04:00,54.24083946306084,54.70593537091956,54.08288173066447,54.565528869628906,938900,0.0,0.0
2017-10-23 00:00:00-04:00,54.6620560571245,54.84633895259204,54.19695682646921,54.214508056640625,479700,0.0,0.0
2017-10-24 00:00:00-04:00,54.21452780340465,54.512892129883326,53.71432927777219,53.740657806396484,631300,0.0,0.0
2017-10-25 00:00:00-04:00,55.63613837748808,55.88184895249698,54.72349431666144,55.05696105957031,1594800,0.0,0.0
2017-10-26 00:00:00-04:00,55.26755577027442,55.28510699959991,54.81123385047592,54.820011138916016,534100,0.0,0.0
2017-10-27 00:00:00-04:00,54.82879571753018,54.96920223182063,54.16186561153936,54.72349166870117,540800,0.0,0.0
2017-10-30 00:00:00-04:00,54.469019879697534,54.97799573633207,54.29351084818368,54.35493850708008,416500,0.0,0.0
2017-10-31 00:00:00-04:00,54.346153350652756,54.995532281468186,54.346153350652756,54.8639030456543,1071700,0.0,0.0
2017-11-01 00:00:00-04:00,55.14471067956359,55.25879201743503,54.73226508325899,55.13593673706055,818600,0.0,0.0
2017-11-02 00:00:00-04:00,54.188193691042066,56.267969689100184,53.57391390276611,55.12716293334961,1620000,0.0,0.0
2017-11-03 00:00:00-04:00,55.460635216778336,56.33817355509695,54.951659432144325,55.86430358886719,897100,0.0,0.0
2017-11-06 00:00:00-05:00,55.96082912543745,56.092458359001625,55.109612688655616,55.24124526977539,890300,0.0,0.0
2017-11-07 00:00:00-05:00,55.41675577785948,55.56593624949043,54.65329214257127,54.91655731201172,856300,0.0,0.0
2017-11-08 00:00:00-05:00,55.004299989457806,55.188582896024606,54.21451132195001,54.60063171386719,1023500,0.0,0.0
2017-11-09 00:00:00-05:00,54.33736660234743,55.0920528075281,53.995125962220165,54.100433349609375,738200,0.0,0.0
2017-11-10 00:00:00-05:00,54.311042595133685,54.39002146359344,53.86349790556516,54.29349136352539,865900,0.0,0.0
2017-11-13 00:00:00-05:00,53.9863594456122,54.196967554247315,53.83717563340309,54.082889556884766,555700,0.0,0.0
2017-11-14 00:00:00-05:00,53.995135553424,54.10921690291581,53.60024449701235,53.86350631713867,519300,0.0,0.0
2017-11-15 00:00:00-05:00,53.53003844083775,54.23207106235401,53.03861393199857,54.223297119140625,832800,0.0,0.0
2017-11-16 00:00:00-05:00,54.46900027966386,54.81124092680859,54.24961490610389,54.26716613769531,948900,0.0,0.0
2017-11-17 00:00:00-05:00,54.0916751755348,54.47779570396859,53.56515144274215,53.60902786254883,482300,0.0,0.0
2017-11-20 00:00:00-05:00,53.88106665203685,54.100452097122414,53.63535267720278,54.0916748046875,479000,0.0,0.0
2017-11-21 00:00:00-05:00,54.15308607875246,54.41634786370017,53.83717059779312,53.9249267578125,599300,0.0,0.0
2017-11-22 00:00:00-05:00,53.92493178956244,54.117988664508836,53.60024233608191,53.61779022216797,384400,0.0,0.0
2017-11-24 00:00:00-05:00,53.82839960804519,53.92492971558355,53.407180059514005,53.80207443237305,177600,0.0,0.0
2017-11-27 00:00:00-05:00,53.6528922782787,54.55675904478263,53.48616058129468,54.021461486816406,1139200,0.0,0.0
2017-11-28 00:00:00-05:00,54.11799620143851,55.171046933701746,54.06534584073674,55.10084533691406,630100,0.0,0.0
2017-11-29 00:00:00-05:00,54.969206112517654,55.38165174191902,54.6708418301422,54.749820709228516,611900,0.0,0.0
2017-11-30 00:00:00-05:00,54.837577077080226,55.91695286345343,54.76737214094753,55.78532028198242,791300,0.0,0.0
2017-12-01 00:00:00-05:00,55.57472316575521,55.873084160691675,54.19697947574736,54.68840408325195,811900,0.0,0.0
2017-12-04 00:00:00-05:00,55.135944344408905,55.75899812230514,54.749823869894,55.68879318237305,990400,0.0,0.0
2017-12-05 00:00:00-05:00,55.68878105968276,56.18020214200853,55.32898918974208,55.58347702026367,1161900,0.0,0.0
2017-12-06 00:00:00-05:00,55.381649512056335,55.92572435299144,54.89022502335515,54.94287872314453,893500,0.0,0.0
2017-12-07 00:00:00-05:00,54.8814623420515,55.55716989733597,54.64452566571361,55.44308853149414,1140200,0.0,0.0
2017-12-08 00:00:00-05:00,55.80286732009264,56.37326731928114,55.311442846781695,56.276737213134766,747600,0.0,0.0
2017-12-11 00:00:00-05:00,56.153886787425975,56.58388363156627,56.08368185468656,56.41714859008789,658800,0.0,0.0
2017-12-12 00:00:00-05:00,56.33817281896627,56.64531776109848,55.969606922541594,56.2855224609375,384400,0.0,0.0
2017-12-13 00:00:00-05:00,56.259192715967494,56.63653587314262,55.969602380088915,56.21531295776367,1134100,0.0,0.0
2017-12-14 00:00:00-05:00,56.30307521264627,56.6453159189265,55.75899698196701,56.048583984375,564700,0.0,0.0
2017-12-15 00:00:00-05:00,56.37490655775841,57.19512999024973,56.207335294716266,56.974639892578125,1309800,0.32,0.0
2017-12-18 00:00:00-05:00,57.32741670045024,57.55672825132242,56.81587813651338,57.494991302490234,778700,0.0,0.0
2017-12-19 00:00:00-05:00,57.345061847337604,57.56555194579969,56.79825070959886,57.098114013671875,1121000,0.0,0.0
2017-12-20 00:00:00-05:00,57.636120385843626,57.65376336492107,57.08930915329241,57.3538932800293,1509900,0.0,0.0
2017-12-21 00:00:00-05:00,57.706671268323575,57.94479762400619,57.36270723854641,57.41562271118164,550100,0.0,0.0
2017-12-22 00:00:00-05:00,57.36270072870828,57.60964854474646,57.106931425290654,57.521453857421875,467100,0.0,0.0
2017-12-26 00:00:00-05:00,57.512633646340014,57.73312373395617,57.05401722478073,57.1422119140625,518200,0.0,0.0
2017-12-27 00:00:00-05:00,57.08929432577495,57.28331994345871,56.89526197926797,57.00991439819336,709200,0.0,0.0
2017-12-28 00:00:00-05:00,57.0892936417922,57.22158230480454,56.63949200108081,57.16866683959961,476000,0.0,0.0
2017-12-29 00:00:00-05:00,57.27450507695819,57.40679374130585,56.92171960477695,56.948177337646484,506900,0.0,0.0
2018-01-02 00:00:00-05:00,57.05401605576844,57.21276918475223,56.33080548794692,56.44546127319336,578100,0.0,0.0
2018-01-03 00:00:00-05:00,56.44547453474657,56.6924224092241,56.06623123356325,56.374916076660156,839000,0.0,0.0
2018-01-04 00:00:00-05:00,56.577763492572736,57.23923382164688,56.5336627791048,57.151039123535156,692700,0.0,0.0
2018-01-05 00:00:00-05:00,57.26569145890589,57.53028228160643,56.912905938246546,57.08930206298828,535700,0.0,0.0
2018-01-08 00:00:00-05:00,57.3450548051465,58.59744352451916,57.018733805943306,58.54452133178711,751800,0.0,0.0
2018-01-09 00:00:00-05:00,58.72093254274978,58.79149099867441,58.359325502754544,58.42106246948242,537200,0.0,0.0
2018-01-10 00:00:00-05:00,58.25347887872044,58.74737447969586,58.13881973647765,58.720916748046875,1397800,0.0,0.0
2018-01-11 00:00:00-05:00,58.80030256758306,59.49705214216626,58.553354714074956,59.47941589355469,1004600,0.0,0.0
2018-01-12 00:00:00-05:00,59.488223401364586,59.54114559839636,59.003149242200706,59.117801666259766,669400,0.0,0.0
2018-01-16 00:00:00-05:00,59.67343912018688,59.69107536609355,58.49160877974042,58.59744644165039,862000,0.0,0.0
2018-01-17 00:00:00-05:00,58.95906457154424,59.223655442209655,58.518084272985455,59.02080154418945,443000,0.0,0.0
2018-01-18 00:00:00-05:00,59.020776735132046,59.09133516816069,58.421043512033634,58.500423431396484,1335400,0.0,0.0
2018-01-19 00:00:00-05:00,58.562172048298606,59.232463838000704,58.385775930574965,59.214820861816406,547300,0.0,0.0
2018-01-22 00:00:00-05:00,59.117795157401765,59.4705806072034,58.77383119427144,59.205989837646484,407300,0.0,0.0
2018-01-23 00:00:00-05:00,59.17955089176517,59.27656708947695,58.69447663203118,59.0384407043457,622900,0.0,0.0
2018-01-24 00:00:00-05:00,59.14424112876115,59.28535797215223,58.041791022848834,58.0682487487793,777000,0.0,0.0
2018-01-25 00:00:00-05:00,58.165289829557004,58.368143696681706,57.82132578737434,58.138832092285156,702700,0.0,0.0
2018-01-26 00:00:00-05:00,58.2975781198048,58.68564282922878,57.68903005045406,58.465152740478516,1314300,0.0,0.0
2018-01-29 00:00:00-05:00,58.49163308173804,59.78811638129668,58.42989610217934,59.708736419677734,881800,0.0,0.0
2018-01-30 00:00:00-05:00,59.25009269489647,59.576420425363345,58.79147630366752,58.809112548828125,685700,0.0,0.0
2018-01-31 00:00:00-05:00,59.08251989435744,59.78809084118965,58.62390348909277,58.738555908203125,746200,0.0,0.0
2018-02-01 00:00:00-05:00,58.570986288873215,60.19378999818331,58.47397011833586,59.92919921875,718700,0.0,0.0
2018-02-02 00:00:00-05:00,59.43530961908679,59.68225744949488,58.40341758681425,58.41223907470703,419100,0.0,0.0
2018-02-05 00:00:00-05:00,57.8742365918512,58.050625958138134,55.528218993061515,55.67815399169922,1468700,0.0,0.0
2018-02-06 00:00:00-05:00,54.954957020534515,55.440034596651294,53.72021104095351,54.65509033203125,1707300,0.0,0.0
2018-02-07 00:00:00-05:00,54.64627282556836,56.930554063574995,54.41696457149103,56.71006393432617,1061800,0.0,0.0
2018-02-08 00:00:00-05:00,56.79825680474231,57.16867859499166,55.12253053083987,55.17544937133789,1450000,0.0,0.0
2018-02-09 00:00:00-05:00,55.63407124819103,55.82810027490107,53.711397044343435,55.22836685180664,844500,0.0,0.0
2018-02-12 00:00:00-05:00,55.722267703043826,57.08048775469706,55.71344621349105,56.745338439941406,777800,0.0,0.0
2018-02-13 00:00:00-05:00,56.51602723183084,57.03638066731947,56.06622551841197,56.992286682128906,386700,0.0,0.0
2018-02-14 00:00:00-05:00,56.78061935641508,58.06828098755557,56.762983105610495,57.97127151489258,585100,0.0,0.0
2018-02-15 00:00:00-05:00,58.34168233294006,58.38577631604418,57.715491250740655,58.279945373535156,796000,0.0,0.0
2018-02-16 00:00:00-05:00,58.209389324498765,58.95905435639793,57.997720701935,58.579811096191406,718000,0.0,0.0
2018-02-20 00:00:00-05:00,58.332859141319446,59.04724489768909,58.09473279880414,58.41223907470703,1333000,0.0,0.0
2018-02-21 00:00:00-05:00,58.3505045270432,58.394598510680794,57.512638092041016,57.512638092041016,1736800,0.0,0.0
2018-02-22 00:00:00-05:00,58.09473308502341,58.46515483246053,55.67816014551029,57.988895416259766,1392800,0.0,0.0
2018-02-23 00:00:00-05:00,58.49161074879114,58.9943278843461,57.971257366735806,58.059452056884766,845000,0.0,0.0
2018-02-26 00:00:00-05:00,58.40341499044394,59.108979227554386,57.891876376583056,58.56216812133789,960400,0.0,0.0
2018-02-27 00:00:00-05:00,58.535709583712936,58.703277470982655,57.521453857421875,57.521453857421875,1260800,0.0,0.0
2018-02-28 00:00:00-05:00,57.77723156011317,57.8477832829352,55.836917877197266,55.836917877197266,1981700,0.0,0.0
2018-03-01 00:00:00-05:00,56.93055579692159,57.574383225788694,55.60761161673704,56.233802795410156,1156200,0.0,0.0
2018-03-02 00:00:00-05:00,55.75753845008126,57.42444309424699,55.54586647037851,57.32742691040039,670700,0.0,0.0
2018-03-05 00:00:00-05:00,57.142224813563445,58.3946071790231,57.00110789579757,58.14765930175781,1024900,0.0,0.0
2018-03-06 00:00:00-05:00,58.421048109671595,58.83557052530893,57.715483910326036,58.38576889038086,638000,0.0,0.0
2018-03-07 00:00:00-05:00,58.01536665471236,58.844411764267335,57.830155737884716,58.77385330200195,939600,0.0,0.0
2018-03-08 00:00:00-05:00,59.07370139907729,60.07031407427329,58.97668523180426,59.893924713134766,1563600,0.0,0.0
2018-03-09 00:00:00-05:00,60.27318135997355,61.30508032770087,60.24672361982094,61.22570037841797,1253700,0.0,0.0
2018-03-12 00:00:00-04:00,61.54321622624817,61.70196942051608,60.581882298444725,61.1551513671875,1101200,0.0,0.0
2018-03-13 00:00:00-04:00,61.54318732538805,61.834235833006325,60.90817484652014,61.119850158691406,2388000,0.0,0.0
2018-03-14 00:00:00-04:00,61.447684875137035,61.52743304443677,60.57935798299915,60.72112274169922,892900,0.32,0.0
2018-03-15 00:00:00-04:00,60.70342695722434,60.97810092552454,60.012307449862185,60.269256591796875,639300,0.0,0.0
2018-03-16 00:00:00-04:00,60.30469615907526,60.490766265409086,59.631301515211945,59.99457931518555,2622700,0.0,0.0
2018-03-19 00:00:00-04:00,59.88825614095452,59.98572240941624,58.75411057344445,59.49839782714844,770200,0.0,0.0
2018-03-20 00:00:00-04:00,59.613561041736254,60.118610272082414,59.43635339461208,59.87937927246094,628100,0.0,0.0
2018-03-21 00:00:00-04:00,59.897116081027725,60.35786692382762,59.63130452714213,59.85281753540039,730600,0.0,0.0
2018-03-22 00:00:00-04:00,59.27687033676304,59.54268183672499,58.43511702011895,58.46170425415039,595400,0.0,0.0
2018-03-23 00:00:00-04:00,58.24020212485849,58.80727487564634,57.557938285290334,57.61109924316406,824500,0.0,0.0
2018-03-26 00:00:00-04:00,58.36424578027178,58.62120166314094,57.11490925598106,58.151588439941406,913900,0.0,0.0
2018-03-27 00:00:00-04:00,58.49713679396163,58.762955037669855,56.813643783938716,57.15034103393555,792100,0.0,0.0
2018-03-28 00:00:00-04:00,57.159192196926014,57.61993606731098,56.63641822318186,56.937679290771484,1201300,0.0,0.0
2018-03-29 00:00:00-04:00,57.32755170529017,58.32879461722548,56.87567013127032,57.947792053222656,1008200,0.0,0.0
2018-04-02 00:00:00-04:00,57.76172597606154,58.062980379599175,56.8845297209711,57.48704528808594,788300,0.0,0.0
2018-04-03 00:00:00-04:00,57.726276686764244,58.05411152954676,57.34527413863521,57.90348434448242,1022700,0.0,0.0
2018-04-04 00:00:00-04:00,57.04401187280656,58.40853244219523,56.911109512183224,58.2756233215332,979100,0.0,0.0
2018-04-05 00:00:00-04:00,58.585756328042464,59.23257045444276,58.56803150373464,58.90473556518555,809500,0.0,0.0
2018-04-06 00:00:00-04:00,58.34651549594414,58.60347135477083,57.2300882238101,57.46932601928711,704200,0.0,0.0
2018-04-09 00:00:00-04:00,57.726271443649885,58.169297307745374,57.31868845988662,57.39842987060547,1635400,0.0,0.0
2018-04-10 00:00:00-04:00,58.116135269309574,58.50600023090921,57.717414656792755,58.328792572021484,608300,0.0,0.0
2018-04-11 00:00:00-04:00,58.04525753265283,58.417397680488214,57.50476537316091,57.64653015136719,555900,0.0,0.0
2018-04-12 00:00:00-04:00,58.027539432396864,58.48829022502951,57.77944597176689,58.20475387573242,366300,0.0,0.0
2018-04-13 00:00:00-04:00,58.293355635226334,58.293355635226334,57.52248804434049,57.79716873168945,1115700,0.0,0.0
2018-04-16 00:00:00-04:00,58.08955580410011,58.532581719043,57.91234814213854,58.40853500366211,917800,0.0,0.0
2018-04-17 00:00:00-04:00,58.88699835496185,59.32116181862751,58.39081153934395,59.214839935302734,827400,0.0,0.0
2018-04-18 00:00:00-04:00,59.294594738463616,59.77306360159416,58.869293589040836,59.53383255004883,704600,0.0,0.0
2018-04-19 00:00:00-04:00,59.533839701891246,59.533839701891246,58.86930066105171,59.170555114746094,821400,0.0,0.0
2018-04-20 00:00:00-04:00,59.06421379050422,59.3477500843784,58.408530618388916,58.594600677490234,590300,0.0,0.0
2018-04-23 00:00:00-04:00,58.9490373376484,59.24143611439975,58.497148933581784,58.692081451416016,623700,0.0,0.0
2018-04-24 00:00:00-04:00,59.374339361126566,59.60470798653748,57.55793027283907,58.13386535644531,799700,0.0,0.0
2018-04-25 00:00:00-04:00,58.07184011835505,58.10728300420556,56.884527102500186,58.054115295410156,687400,0.0,0.0
2018-04-26 00:00:00-04:00,58.249049669150764,58.41740169236907,57.90348997099492,58.13386535644531,753000,0.0,0.0
2018-04-27 00:00:00-04:00,58.426260216526856,58.51486404810005,57.806019875436405,58.284488677978516,544800,0.0,0.0
2018-04-30 00:00:00-04:00,58.408528950104206,58.5059951820932,56.91110610961914,56.91110610961914,962500,0.0,0.0
2018-05-01 00:00:00-04:00,56.76048274803104,57.026301022970564,55.75038411932408,56.24657440185547,1755300,0.0,0.0
2018-05-02 00:00:00-04:00,55.954175438703274,56.61871432334336,54.84661063096979,54.97065734863281,1434300,0.0,0.0
2018-05-03 00:00:00-04:00,53.03020022692369,53.5795547905116,50.947979795965914,53.40234375,2643100,0.0,0.0
2018-05-04 00:00:00-04:00,52.994768698229656,53.561841409192226,51.86948230865457,53.27830505371094,1362500,0.0,0.0
2018-05-07 00:00:00-04:00,52.88842722830424,54.13776004849979,52.88842722830424,53.898529052734375,1392400,0.0,0.0
2018-05-08 00:00:00-04:00,53.52638371151201,54.96178653652987,53.52638371151201,54.518760681152344,2752100,0.0,0.0
2018-05-09 00:00:00-04:00,54.758009602753816,55.564316738647996,54.43017132904386,55.40482711791992,1732100,0.0,0.0
2018-05-10 00:00:00-04:00,55.43139595668538,56.02504897743032,55.43139595668538,55.89214324951172,1011300,0.0,0.0
2018-05-11 00:00:00-04:00,55.93645818637472,56.51238990152741,55.86557241096034,56.06050491333008,979500,0.0,0.0
2018-05-14 00:00:00-04:00,56.29087412384701,56.592131894335914,55.17445025675263,55.20103073120117,857500,0.0,0.0
2018-05-15 00:00:00-04:00,54.96178653652987,55.130138524785515,54.279526313646194,54.518760681152344,686800,0.0,0.0
2018-05-16 00:00:00-04:00,54.75799305382022,54.99722741261104,54.31496721458216,54.474456787109375,523600,0.0,0.0
2018-05-17 00:00:00-04:00,54.368135145626844,54.5719266396189,53.677015872086905,53.83650207519531,698200,0.0,0.0
2018-05-18 00:00:00-04:00,53.94283852237356,54.40358589807288,53.91625466799308,54.3238410949707,805600,0.0,0.0
2018-05-21 00:00:00-04:00,54.67825742975272,54.8111665558027,54.05802047488526,54.40358352661133,615000,0.0,0.0
2018-05-22 00:00:00-04:00,54.33270705035371,54.35042849552583,52.95932715970458,52.99477005004883,864100,0.0,0.0
2018-05-23 00:00:00-04:00,52.91502086704408,53.73904940938902,52.852997504073585,53.69474411010742,695200,0.0,0.0
2018-05-24 00:00:00-04:00,53.79220897767258,53.88081619393819,53.411206397779694,53.46437072753906,519100,0.0,0.0
2018-05-25 00:00:00-04:00,53.446646535276834,53.50866989346276,53.20741213369416,53.39348220825195,652300,0.0,0.0
2018-05-29 00:00:00-04:00,53.12767035028411,53.50867293221739,52.58717815823833,52.97704315185547,498700,0.0,0.0
2018-05-30 00:00:00-04:00,53.18968474889326,53.93396834399106,53.18968474889326,53.685874938964844,697800,0.0,0.0
2018-05-31 00:00:00-04:00,53.72133508815501,53.8099389384259,53.17198040041073,53.216285705566406,823300,0.0,0.0
2018-06-01 00:00:00-04:00,53.52639563299328,53.98714303080656,53.473231301700274,53.90739822387695,579100,0.0,0.0
2018-06-04 00:00:00-04:00,54.15548829393711,54.57193374633789,53.9694182160634,54.57193374633789,873900,0.0,0.0
2018-06-05 00:00:00-04:00,54.51877189892554,55.02382120757326,54.47446998027605,54.855472564697266,1482700,0.0,0.0
2018-06-06 00:00:00-04:00,54.864331931672105,55.174452124153085,54.39472550708231,54.88205337524414,647300,0.0,0.0
2018-06-07 00:00:00-04:00,54.944078048978085,55.006104792970355,53.898539893434254,54.08460998535156,429500,0.0,0.0
2018-06-08 00:00:00-04:00,54.06689120518011,54.341568530605294,53.87195869165127,54.30612564086914,834700,0.0,0.0
2018-06-11 00:00:00-04:00,54.40358511112163,54.73142335023523,54.21751165322834,54.57193374633789,828700,0.0,0.0
2018-06-12 00:00:00-04:00,54.75799455143272,55.138997053999255,54.28838823060286,54.828880310058594,1323100,0.0,0.0
2018-06-13 00:00:00-04:00,54.846603334353176,55.05925385633671,54.64280846242522,54.72255325317383,795100,0.0,0.0
2018-06-14 00:00:00-04:00,54.669126532298996,54.91851213718491,54.090191780814926,54.10800552368164,1127300,0.32,0.0
2018-06-15 00:00:00-04:00,53.983309679382344,53.983309679382344,53.18170828366912,53.60032272338867,1730400,0.0,0.0
2018-06-18 00:00:00-04:00,52.273233350347766,53.342034191538836,51.320220144671985,52.99467468261719,1974400,0.0,0.0
2018-06-19 00:00:00-04:00,52.63840660301209,53.11046231813248,52.48699487763567,52.99467468261719,1333900,0.0,0.0
2018-06-20 00:00:00-04:00,52.985768568160594,53.13718029084689,51.82789902882799,51.97040557861328,1158000,0.0,0.0
2018-06-21 00:00:00-04:00,51.854624185653975,52.041663405446855,51.320222046443014,51.58742141723633,1625300,0.0,0.0
2018-06-22 00:00:00-04:00,51.64977293003213,52.29995933293293,51.48945262272788,52.10401153564453,1138900,0.0,0.0
2018-06-25 00:00:00-04:00,52.13072406242155,52.69184506918574,51.72101817071234,52.41573715209961,1269500,0.0,0.0
2018-06-26 00:00:00-04:00,52.549338263554965,53.25296581166623,52.513710778116014,53.128273010253906,1600100,0.0,0.0
2018-06-27 00:00:00-04:00,53.29749368756797,53.52016035514678,52.13962769568292,52.14853286743164,984300,0.0,0.0
2018-06-28 00:00:00-04:00,52.0327573064261,52.38902541615913,51.82790433249818,52.237613677978516,1321500,0.0,0.0
2018-06-29 00:00:00-04:00,52.23761866099085,53.07484438181564,52.23761866099085,52.54935073852539,1307900,0.0,0.0
2018-07-02 00:00:00-04:00,52.18416692104481,52.97685981382663,52.18416692104481,52.887794494628906,1090200,0.0,0.0
2018-07-03 00:00:00-04:00,53.083728268200204,53.288584577140185,52.69183618537167,52.745277404785156,453900,0.0,0.0
2018-07-05 00:00:00-04:00,52.95904070635427,53.128269552362916,52.43354722201588,53.10154724121094,698200,0.0,0.0
2018-07-06 00:00:00-04:00,53.13717562782368,53.87643062582853,53.0748292301153,53.60032272338867,1143800,0.0,0.0
2018-07-09 00:00:00-04:00,53.81407268782648,54.686928918918596,53.564687134727784,54.633487701416016,686700,0.0,0.0
2018-07-10 00:00:00-04:00,54.63349813357804,55.00757653465564,54.41083144790118,54.57115173339844,814400,0.0,0.0
2018-07-11 00:00:00-04:00,54.16145085842951,54.94523521824181,54.125823369995054,54.72256851196289,671100,0.0,0.0
2018-07-12 00:00:00-04:00,54.78490841748089,55.702297448883,54.776003245241064,55.63104248046875,695100,0.0,0.0
2018-07-13 00:00:00-04:00,55.41729274629399,55.72902478616208,55.36385151190614,55.604331970214844,428100,0.0,0.0
2018-07-16 00:00:00-04:00,55.729008365985514,56.02292997208005,55.48852797853274,55.65775680541992,348500,0.0,0.0
2018-07-17 00:00:00-04:00,55.25696211575305,56.8334425605661,55.2213346328183,56.62858963012695,1373500,0.0,0.0
2018-07-18 00:00:00-04:00,56.548435686920214,56.81563504295357,56.12091264011785,56.566246032714844,754600,0.0,0.0
2018-07-19 00:00:00-04:00,56.37919589226272,57.35893120459615,56.37919589226272,57.04719924926758,843300,0.0,0.0
2018-07-20 00:00:00-04:00,57.073931549518974,57.53707530676476,56.78000986758008,57.30550003051758,520500,0.0,0.0
2018-07-23 00:00:00-04:00,57.22534201336096,57.69739433105632,56.65531580385163,57.474727630615234,978400,0.0,0.0
2018-07-24 00:00:00-04:00,57.76864971722686,57.884433955990886,55.809182059873834,56.30795669555664,1217900,0.0,0.0
2018-07-25 00:00:00-04:00,56.25452421831912,56.93142960286407,56.040762656153746,56.7800178527832,1072500,0.0,0.0
2018-07-26 00:00:00-04:00,56.55735129811001,61.714313751588094,56.183272810147756,60.75239181518555,2926100,0.0,0.0
2018-07-27 00:00:00-04:00,61.108652011111126,61.15318807090094,60.32486764365058,60.98395919799805,1165800,0.0,0.0
2018-07-30 00:00:00-04:00,61.2511436249919,61.45599994806095,59.63903913416686,60.18234634399414,1157600,0.0,0.0
2018-07-31 00:00:00-04:00,60.41393244177222,61.09974290792066,59.986409375359244,60.939422607421875,1047500,0.0,0.0
2018-08-01 00:00:00-04:00,61.046298741384156,61.16208297047241,60.57424645977707,61.1175537109375,966900,0.0,0.0
2018-08-02 00:00:00-04:00,60.51189724560349,61.767733748140174,60.31594948606998,61.634132385253906,800300,0.0,0.0
2018-08-03 00:00:00-04:00,61.32240342151897,62.070567013372916,61.09973673749367,61.98149490356445,672500,0.0,0.0
2018-08-06 00:00:00-04:00,61.99931436455047,62.49808558095916,61.63413772735969,62.06166076660156,750100,0.0,0.0
2018-08-07 00:00:00-04:00,62.34665878871716,62.34665878871716,61.85678946585005,62.15071105957031,676600,0.0,0.0
2018-08-08 00:00:00-04:00,62.30213145792048,63.31749092803424,61.87461525747653,63.17498779296875,784900,0.0,0.0
2018-08-09 00:00:00-04:00,63.139361314332184,63.397655470695824,62.82762933087524,62.91669464111328,955100,0.0,0.0
2018-08-10 00:00:00-04:00,62.64950563996128,63.04140124515949,62.35559073131171,62.836551666259766,433400,0.0,0.0
2018-08-13 00:00:00-04:00,62.99686200514403,63.3531232677452,62.49808400605598,62.5960578918457,790300,0.0,0.0
2018-08-14 00:00:00-04:00,62.79200410759057,63.682670832520934,62.774193763001016,63.290775299072266,546800,0.0,0.0
2018-08-15 00:00:00-04:00,63.13044843664974,63.28186692849382,62.63167729715527,62.89888000488281,561800,0.0,0.0
2018-08-16 00:00:00-04:00,63.31750295171095,63.54907823482078,62.97905199581872,63.0592155456543,651700,0.0,0.0
2018-08-17 00:00:00-04:00,63.15719357234619,63.967696923355724,62.91670970236314,63.878631591796875,892100,0.0,0.0
2018-08-20 00:00:00-04:00,63.94094609126914,64.27939690037581,63.584678147593486,63.700462341308594,766400,0.0,0.0
2018-08-21 00:00:00-04:00,63.91423009967835,64.3951908262894,63.700465246576016,64.11907958984375,770000,0.0,0.0
2018-08-22 00:00:00-04:00,63.81627118224327,64.16363065580482,63.47781348321056,63.549068450927734,887300,0.0,0.0
2018-08-23 00:00:00-04:00,63.5312693343911,63.5312693343911,61.687589189177224,61.92806625366211,2128500,0.0,0.0
2018-08-24 00:00:00-04:00,61.95478832472828,62.7207624139106,61.55399093177791,62.52481460571289,1037800,0.0,0.0
2018-08-27 00:00:00-04:00,62.73856124454752,63.23733239600874,62.622770230638814,63.13935852050781,558900,0.0,0.0
2018-08-28 00:00:00-04:00,63.32640976733824,63.32640976733824,62.604971815061475,62.702945709228516,525600,0.0,0.0
2018-08-29 00:00:00-04:00,62.7385521711484,63.655937604303226,62.524787312653956,63.35310745239258,564600,0.0,0.0
2018-08-30 00:00:00-04:00,63.16607517901601,63.48671570644225,62.9879445727779,63.246238708496094,641600,0.0,0.0
2018-08-31 00:00:00-04:00,63.148288459098275,63.51345837706383,62.702954981664924,63.03249740600586,967000,0.0,0.0
2018-09-04 00:00:00-04:00,63.05920891621348,63.5490715538805,62.60496696889659,63.442195892333984,925100,0.0,0.0
2018-09-05 00:00:00-04:00,63.36203032819028,63.415468157257614,62.91669696530154,62.99686050415039,877700,0.0,0.0
2018-09-06 00:00:00-04:00,62.91667512634231,63.379825468321634,62.57822433431549,63.192779541015625,478900,0.0,0.0
2018-09-07 00:00:00-04:00,63.077005643784105,63.077005643784105,61.9636724413767,62.195247650146484,963000,0.0,0.0
2018-09-10 00:00:00-04:00,62.596057659098214,62.82763291512633,61.88352834129723,62.34667205810547,825500,0.0,0.0
2018-09-11 00:00:00-04:00,62.141799779754244,62.95230957035868,62.02601557905914,62.533695220947266,818100,0.0,0.0
2018-09-12 00:00:00-04:00,62.48025740451049,62.86324427788197,62.26649934351713,62.533695220947266,763800,0.0,0.0
2018-09-13 00:00:00-04:00,62.66730373660976,63.2284212592177,62.56932986508737,63.13044738769531,849500,0.0,0.0
2018-09-14 00:00:00-04:00,63.24676112376784,63.8283144875116,63.13939396030564,63.67621612548828,1216900,0.32,0.0
2018-09-17 00:00:00-04:00,63.738848309357685,63.926735734844456,62.98729860741061,63.148345947265625,1219000,0.0,0.0
2018-09-18 00:00:00-04:00,63.09465948325157,63.43465210696627,62.6473065161024,62.84414291381836,686900,0.0,0.0
2018-09-19 00:00:00-04:00,62.906788330484595,62.97836646200158,60.87580833767082,61.23369216918945,834300,0.0,0.0
2018-09-20 00:00:00-04:00,61.421566686701794,61.69892335523301,60.60738097111483,61.51103591918945,1558700,0.0,0.0
2018-09-21 00:00:00-04:00,61.68103328451237,62.49521218783289,61.53787704925403,62.41469192504883,3340100,0.0,0.0
2018-09-24 00:00:00-04:00,62.17312170419096,62.42363830683034,60.6879132059437,60.84001159667969,1264100,0.0,0.0
2018-09-25 00:00:00-04:00,61.21578167473713,61.6094544913158,60.777377654679476,61.591556549072266,1194100,0.0,0.0
2018-09-26 00:00:00-04:00,61.66316250085064,62.15525374370542,60.70582694062516,60.786354064941406,793100,0.0,0.0
2018-09-27 00:00:00-04:00,60.687924339099574,61.4305321374868,60.62529517695045,61.22474670410156,856600,0.0,0.0
2018-09-28 00:00:00-04:00,61.14421827597488,62.003142232728905,61.010017807169476,61.87788391113281,1153600,0.0,0.0
2018-10-01 00:00:00-04:00,62.21785079370766,62.21785079370766,60.58053731401587,60.714744567871094,772400,0.0,0.0
2018-10-02 00:00:00-04:00,60.714742415820105,61.40366294963,60.47316800223049,61.31419372558594,563400,0.0,0.0
2018-10-03 00:00:00-04:00,61.35000700034335,61.60052365699207,60.52687889247844,60.589508056640625,359700,0.0,0.0
2018-10-04 00:00:00-04:00,60.41950346484333,60.643179995855526,60.025830585920744,60.57160186767578,476900,0.0,0.0
2018-10-05 00:00:00-04:00,60.634226172302334,61.34104477288008,60.16898202848767,60.401607513427734,477700,0.0,0.0
2018-10-08 00:00:00-04:00,60.29424534921204,60.39266356926205,59.632164726566025,60.11530685424805,347400,0.0,0.0
2018-10-09 00:00:00-04:00,59.83793142982293,60.47317183467717,59.7037309982841,60.124237060546875,514400,0.0,0.0
2018-10-10 00:00:00-04:00,59.829010425786,60.240574488749544,59.05061351748949,59.07745361328125,1314100,0.0,0.0
2018-10-11 00:00:00-04:00,58.80902383047827,59.122169541021535,57.833790816426905,57.93220901489258,994400,0.0,0.0
2018-10-12 00:00:00-04:00,58.9611252108685,58.9611252108685,57.22539343228538,58.22746658325195,866100,0.0,0.0
2018-10-15 00:00:00-04:00,57.663811299345745,59.31007424090625,57.663811299345745,58.95219039916992,688600,0.0,0.0
2018-10-16 00:00:00-04:00,59.39057454620167,60.56264390432631,58.85375237718506,60.50895690917969,557400,0.0,0.0
2018-10-17 00:00:00-04:00,60.4552925289332,60.75054718812514,59.99004834789688,60.57160186767578,1129000,0.0,0.0
2018-10-18 00:00:00-04:00,60.482120725001025,60.79526644161613,59.49794554732586,59.68583297729492,1056900,0.0,0.0
2018-10-19 00:00:00-04:00,59.90057150091806,60.92948489549713,59.90057150091806,60.455291748046875,765000,0.0,0.0
2018-10-22 00:00:00-04:00,60.500037707823424,60.85791473883888,59.81111008837835,60.07057571411133,1223600,0.0,0.0
2018-10-23 00:00:00-04:00,59.229528938851566,59.91845631711748,58.19167362531803,59.462154388427734,1050700,0.0,0.0
2018-10-24 00:00:00-04:00,59.31900307259689,59.354785301160945,56.01753616333008,56.01753616333008,1592000,0.0,0.0
2018-10-25 00:00:00-04:00,55.892293188058176,56.983832348818616,53.333433103086406,54.77391052246094,1876000,0.0,0.0
2018-10-26 00:00:00-04:00,53.87920429703963,55.11389630034531,53.16343666186569,54.78285598754883,1420900,0.0,0.0
2018-10-29 00:00:00-04:00,55.45388312612171,57.126982561110324,54.800748089073025,55.319679260253906,1903600,0.0,0.0
2018-10-30 00:00:00-04:00,55.346522022583464,56.52753384700247,55.21231473720415,56.47385025024414,899700,0.0,0.0
2018-10-31 00:00:00-04:00,57.01961618391017,58.460090058144125,56.95698703342316,57.95905685424805,1102600,0.0,0.0
2018-11-01 00:00:00-04:00,58.15588529032038,58.36167065712374,56.554360860889965,56.688568115234375,1442300,0.0,0.0
2018-11-02 00:00:00-04:00,57.00172513632842,57.25224516661677,55.57019673339326,55.82966232299805,1157700,0.0,0.0
2018-11-05 00:00:00-05:00,55.9280821472547,56.41122430649553,55.418099894622685,55.98176574707031,985900,0.0,0.0
2018-11-06 00:00:00-05:00,56.14280550239012,57.45802450832178,55.66861238075556,56.82278060913086,999900,0.0,0.0
2018-11-07 00:00:00-05:00,57.46696877764526,58.80902776349713,57.10013604500123,58.737449645996094,900400,0.0,0.0
2018-11-08 00:00:00-05:00,58.585356589910035,59.11322989580539,58.31694203792099,58.898502349853516,1000300,0.0,0.0
2018-11-09 00:00:00-05:00,58.7016725951221,59.202705867989515,58.30799969440261,58.36168670654297,739300,0.0,0.0
2018-11-12 00:00:00-05:00,58.24535899570785,58.85375934625316,57.39539102962273,57.60116958618164,1058900,0.0,0.0
2018-11-13 00:00:00-05:00,57.851693863251484,58.084312511004725,57.395391887009886,57.67274856567383,817600,0.0,0.0
2018-11-14 00:00:00-05:00,58.05747434255081,58.35272897376766,56.55436792352409,56.625946044921875,879700,0.0,0.0
2018-11-15 00:00:00-05:00,56.36647391428733,57.789053074660735,56.36647391428733,57.57432556152344,982800,0.0,0.0
2018-11-16 00:00:00-05:00,57.270128291641704,58.18272533360295,57.1896012086679,57.8785285949707,957800,0.0,0.0
2018-11-19 00:00:00-05:00,57.645903931015546,57.70853307371188,56.79593260623814,57.18065643310547,1027200,0.0,0.0
2018-11-20 00:00:00-05:00,56.32174233143427,56.95698276045053,55.838600281323686,55.865440368652344,1018900,0.0,0.0
2018-11-21 00:00:00-05:00,56.01754360030462,57.046453459725974,55.84754727476746,56.40226745605469,667200,0.0,0.0
2018-11-23 00:00:00-05:00,55.937015033620916,56.93908471743036,55.8654369211184,56.27700424194336,182800,0.0,0.0
2018-11-26 00:00:00-05:00,56.71541553185944,57.23434667516653,56.250167979835645,57.082244873046875,1403200,0.0,0.0
2018-11-27 00:00:00-05:00,56.91226638932861,57.03752472106204,56.142818450927734,56.142818450927734,938500,0.0,0.0
2018-11-28 00:00:00-05:00,56.4738436943376,56.76909832268351,55.8207087015807,56.563316345214844,1211900,0.0,0.0
2018-11-29 00:00:00-05:00,56.339653492640174,56.63490477951363,55.48968187497796,55.543365478515625,1210900,0.0,0.0
2018-11-30 00:00:00-05:00,55.55229564331655,56.39331805412214,55.48966649639659,56.366477966308594,1831400,0.0,0.0
2018-12-03 00:00:00-05:00,57.10909776472299,57.23435608527883,55.58809655861651,55.99071502685547,1138700,0.0,0.0
2018-12-04 00:00:00-05:00,55.87439499507744,55.892289526118546,52.599770901276194,52.742923736572266,1450700,0.0,0.0
2018-12-06 00:00:00-05:00,52.134518820479734,53.94182534279548,51.60664214607547,53.914981842041016,1267700,0.0,0.0
2018-12-07 00:00:00-05:00,53.63762505473175,53.986559846513586,52.393984268419054,52.67134094238281,638100,0.0,0.0
2018-12-10 00:00:00-05:00,53.08290202995454,53.73603691932782,52.385029115707816,53.217105865478516,694200,0.0,0.0
2018-12-11 00:00:00-05:00,53.897092355603974,54.08497980140498,52.009262099995766,52.41188049316406,716900,0.0,0.0
2018-12-12 00:00:00-05:00,53.19921133813557,53.92392433688066,52.9665893087414,53.217105865478516,935000,0.0,0.0
2018-12-13 00:00:00-05:00,53.37816358279556,53.42289820333962,52.15241723211781,52.28662109375,710700,0.0,0.0
2018-12-14 00:00:00-05:00,51.96275461248611,52.16067479562403,51.036134540203136,51.32401657104492,1033200,0.32,0.0
2018-12-17 00:00:00-05:00,51.054128844685465,51.5039449578545,49.71367531743892,49.93858337402344,1203300,0.0,0.0
2018-12-18 00:00:00-05:00,50.31642074980421,50.5143408986683,49.70467068224604,49.88459777832031,1389900,0.0,0.0
2018-12-19 00:00:00-05:00,49.87559799157895,50.37039834841732,48.69708224084272,49.02095031738281,860700,0.0,0.0
2018-12-20 00:00:00-05:00,48.83203518262367,49.41679749091953,47.788461957963406,48.247276306152344,1182500,0.0,0.0
2018-12-21 00:00:00-05:00,48.193293004589655,48.562142041190974,45.74629250899599,46.25008773803711,3625600,0.0,0.0
2018-12-24 00:00:00-05:00,45.76428787506911,46.250090074201935,45.323470030237935,45.467411041259766,656700,0.0,0.0
2018-12-26 00:00:00-05:00,45.79129022490158,47.17672150340093,45.2785000348948,47.13174057006836,762800,0.0,0.0
2018-12-27 00:00:00-05:00,46.501981760400064,47.29365896500116,45.85424898556653,47.284664154052734,1510100,0.0,0.0
2018-12-28 00:00:00-05:00,47.36563987659402,47.74348377863672,46.64593132290838,47.14073181152344,868200,0.0,0.0
2018-12-31 00:00:00-05:00,47.41061869914502,47.65351981046018,46.58295527186839,47.428611755371094,776900,0.0,0.0
2019-01-02 00:00:00-05:00,46.7538826549467,47.41061369466593,46.14213253513236,46.82585144042969,583900,0.0,0.0
2019-01-03 00:00:00-05:00,46.331055476828965,46.58295137929591,45.57536433760384,46.17811965942383,1005800,0.0,0.0
2019-01-04 00:00:00-05:00,46.93381177858596,48.47218549963875,46.93381177858596,48.022369384765625,1456100,0.0,0.0
2019-01-07 00:00:00-05:00,48.14832219030359,48.39122332858355,47.63553204232088,48.13032913208008,1376800,0.0,0.0
2019-01-08 00:00:00-05:00,48.61612918257584,48.9130060501078,47.95039978608859,48.499176025390625,577600,0.0,0.0
2019-01-09 00:00:00-05:00,48.79605678445631,49.434794884949284,48.04036552567629,49.092933654785156,935800,0.0,0.0
2019-01-10 00:00:00-05:00,48.93999280129745,49.40779852288851,48.65211077332242,49.3988037109375,406400,0.0,0.0
2019-01-11 00:00:00-05:00,49.10193240452985,49.96557858578311,48.85003302779566,49.85762023925781,510000,0.0,0.0
2019-01-14 00:00:00-05:00,49.47077819213053,50.15449718182613,49.281852814290296,49.77665328979492,820200,0.0,0.0
2019-01-15 00:00:00-05:00,49.776655515870694,50.07353238262555,49.54274920211253,49.830631256103516,453000,0.0,0.0
2019-01-16 00:00:00-05:00,50.01955626591162,50.55933772398476,49.569740100096496,49.73167419433594,613500,0.0,0.0
2019-01-17 00:00:00-05:00,49.72265947747924,50.91916821504655,49.47076362363847,50.45136260986328,739600,0.0,0.0
2019-01-18 00:00:00-05:00,51.00014922510682,51.53093237123026,50.65829145303207,51.17108154296875,1011200,0.0,0.0
2019-01-22 00:00:00-05:00,50.83821026089445,51.099104402769036,50.12750348491862,50.48735427856445,546100,0.0,0.0
2019-01-23 00:00:00-05:00,50.74823459819769,50.96414776103655,50.028529775106996,50.51433181762695,547900,0.0,0.0
2019-01-24 00:00:00-05:00,50.60431011398278,51.08111407109516,50.451374290691795,50.71226501464844,405500,0.0,0.0
2019-01-25 00:00:00-05:00,50.94617269249927,51.66587776960374,50.847212600930305,51.32401657104492,497200,0.0,0.0
2019-01-28 00:00:00-05:00,50.964171262467225,51.656885114749024,50.93717995977614,51.360008239746094,406300,0.0,0.0
2019-01-29 00:00:00-05:00,51.43197508101385,51.971756500559536,51.41398545567127,51.737850189208984,599800,0.0,0.0
2019-01-30 00:00:00-05:00,52.04371525235602,52.79940634840292,51.575909583596406,52.34959030151367,604900,0.0,0.0
2019-01-31 00:00:00-05:00,52.20564157767662,52.655457557995945,51.95374572688135,52.178653717041016,1161800,0.0,0.0
2019-02-01 00:00:00-05:00,52.358597262193555,53.33019830070135,52.06171697453931,53.20425033569336,972200,0.0,0.0
2019-02-04 00:00:00-05:00,53.222240122809964,54.63466238390178,53.222240122809964,54.625667572021484,1165100,0.0,0.0
2019-02-05 00:00:00-05:00,54.661654013863156,55.22842329241784,54.56269734907079,55.12946319580078,872800,0.0,0.0
2019-02-06 00:00:00-05:00,55.01250570352215,55.56127841591302,54.77859942968088,55.29138946533203,1316000,0.0,0.0
2019-02-07 00:00:00-05:00,55.06648407947906,56.53288547156257,54.76060900564246,56.424930572509766,1020400,0.0,0.0
2019-02-08 00:00:00-05:00,55.93913635624737,56.703822433974906,55.57928206565508,55.84917449951172,1077500,0.0,0.0
2019-02-11 00:00:00-05:00,56.02010111761188,56.18203519859824,55.579279801187965,55.72322082519531,1179700,0.0,0.0
2019-02-12 00:00:00-05:00,56.04708865105192,56.04708865105192,55.552291598483,55.79519271850586,1073300,0.0,0.0
2019-02-13 00:00:00-05:00,56.02909628388664,56.32597657817734,55.786195160873724,55.975120544433594,1230500,0.0,0.0
2019-02-14 00:00:00-05:00,55.97510989753272,56.34395891821111,55.507300797580406,56.07406997680664,844800,0.0,0.0
2019-02-15 00:00:00-05:00,56.45191079495535,57.252582765505124,56.31696461554462,57.009681701660156,1653600,0.0,0.0
2019-02-19 00:00:00-05:00,55.687234614065936,56.505899779694666,53.73503095336696,56.05608367919922,2484200,0.0,0.0
2019-02-20 00:00:00-05:00,55.867151232848364,56.029085283062635,54.607668370077924,55.48930740356445,1579200,0.0,0.0
2019-02-21 00:00:00-05:00,55.61526578619285,57.288582331288914,55.48931781945654,56.63185119628906,1962500,0.0,0.0
2019-02-22 00:00:00-05:00,57.045687056594424,58.11624831539229,56.577877823756474,58.01728820800781,1255100,0.0,0.0
2019-02-25 00:00:00-05:00,58.386125391563155,58.6560109067432,58.07125552536228,58.17021560668945,1009800,0.0,0.0
2019-02-26 00:00:00-05:00,58.16122842909638,58.35015038475986,57.15363780190827,57.171630859375,896800,0.0,0.0
2019-02-27 00:00:00-05:00,57.13563324501767,57.738388537452586,56.8927355976657,57.50448226928711,970400,0.0,0.0
2019-02-28 00:00:00-05:00,57.51348888006408,58.21520092300806,57.39653572896521,58.107242584228516,1076000,0.0,0.0
2019-03-01 00:00:00-05:00,58.41312644814653,58.692010269240704,57.78338657353069,58.45811080932617,1047900,0.0,0.0
2019-03-04 00:00:00-05:00,58.47609803474648,58.718995729654225,57.171630546067945,57.66642761230469,1192200,0.0,0.0
2019-03-05 00:00:00-05:00,57.55847068180036,57.73839781734822,57.054675388631274,57.1986198425293,857600,0.0,0.0
2019-03-06 00:00:00-05:00,57.090649892433525,57.21659783215748,56.59585294416487,56.70380783081055,1088500,0.0,0.0
2019-03-07 00:00:00-05:00,56.496898734067564,56.56887095385334,55.62425787602308,56.16403579711914,966800,0.0,0.0
2019-03-08 00:00:00-05:00,55.63324915178403,56.22700619998288,55.5432873145937,56.17302703857422,922900,0.0,0.0
2019-03-11 00:00:00-04:00,56.34396337231632,56.99169619652682,56.262996340311965,56.83876037597656,717400,0.0,0.0
2019-03-12 00:00:00-04:00,56.83875401298562,57.081655081806375,56.63183905032142,56.70380783081055,488100,0.0,0.0
2019-03-13 00:00:00-04:00,57.180620763985445,57.18961557549448,56.47890535243031,56.991695404052734,1149400,0.0,0.0
2019-03-14 00:00:00-04:00,57.10020625702716,57.26296246135841,56.693315746199026,56.72948455810547,653100,0.32,0.0
2019-03-15 00:00:00-04:00,56.73852586999745,57.136372459069825,56.630022881931865,56.81086349487305,1465500,0.0,0.0
2019-03-18 00:00:00-04:00,56.99170408029332,57.489016658051696,56.85607619938031,57.40763854980469,833800,0.0,0.0
2019-03-19 00:00:00-04:00,57.561344612135784,57.68793200032865,57.12732923151125,57.23583221435547,454900,0.0,0.0
2019-03-20 00:00:00-04:00,57.163503519362486,57.66081264173342,56.738528576069235,57.199668884277344,753500,0.0,0.0
2019-03-21 00:00:00-04:00,56.75660791118109,57.95014762866366,56.675229811210954,57.642723083496094,418600,0.0,0.0
2019-03-22 00:00:00-04:00,57.416680025273045,57.60656113139536,56.186967901198535,56.95553970336914,1012200,0.0,0.0
2019-03-25 00:00:00-04:00,56.72043489828487,57.118281441305776,56.36779764095426,56.6300163269043,714000,0.0,0.0
2019-03-26 00:00:00-04:00,56.71139802160178,57.57038485199882,56.648104327767214,57.29912567138672,848800,0.0,0.0
2019-03-27 00:00:00-04:00,57.371454445824924,57.74217607365409,56.85606104736112,57.20869827270508,1564800,0.0,0.0
2019-03-28 00:00:00-04:00,57.407627840385054,57.76026509392143,57.12732475332537,57.6246337890625,415200,0.0,0.0
2019-03-29 00:00:00-04:00,57.91398762250718,58.293749802036174,57.66984986531315,57.95014953613281,779800,0.0,0.0
2019-04-01 00:00:00-04:00,58.32088558823938,58.73681665763821,58.01346097548683,58.67352294921875,929100,0.0,0.0
2019-04-02 00:00:00-04:00,58.63734706640507,58.73680958172456,57.49805700285459,57.54326629638672,993800,0.0,0.0
2019-04-03 00:00:00-04:00,57.94110316144967,58.16715302687496,57.3895409379324,57.57942199707031,1055300,0.0,0.0
2019-04-04 00:00:00-04:00,57.696972856219524,58.058650596196145,57.53421666599343,57.850685119628906,789500,0.0,0.0
2019-04-05 00:00:00-04:00,58.085776827076344,58.5107517168967,57.85068646309441,58.41128921508789,740400,0.0,0.0
2019-04-08 00:00:00-04:00,58.212355941241775,58.62828684494411,57.751215756571284,58.592124938964844,477300,0.0,0.0
2019-04-09 00:00:00-04:00,58.32992198684906,58.574052859663425,57.65176879273281,57.868778228759766,551100,0.0,0.0
2019-04-10 00:00:00-04:00,57.86876851636382,58.55596207407418,57.53421566416786,58.42937469482422,675400,0.0,0.0
2019-04-11 00:00:00-04:00,58.62830587458294,59.20700003549553,58.47459357954969,58.99903106689453,658900,0.0,0.0
2019-04-12 00:00:00-04:00,59.125607481357186,59.22506998282627,58.61925794551098,59.08039474487305,791700,0.0,0.0
2019-04-15 00:00:00-04:00,59.080398325377665,59.27028631132299,58.5378799471644,58.7368049621582,641400,0.0,0.0
2019-04-16 00:00:00-04:00,58.863385678021956,58.98997305529877,58.492667472709755,58.89051055908203,413000,0.0,0.0
2019-04-17 00:00:00-04:00,58.96285056176762,59.152731635371524,58.55596353240139,58.86338806152344,883600,0.0,0.0
2019-04-18 00:00:00-04:00,59.0623247706433,59.35166840185144,58.65543766061497,58.99903106689453,1267500,0.0,0.0
2019-04-22 00:00:00-04:00,58.7729699890657,59.34261321473228,58.6373386786227,59.13465118408203,879600,0.0,0.0
2019-04-23 00:00:00-04:00,59.35165344597007,60.76220243035682,59.216022143972594,60.138309478759766,815500,0.0,0.0
2019-04-24 00:00:00-04:00,60.219684832346175,60.54519720158815,60.12022233627253,60.15639114379883,565400,0.0,0.0
2019-04-25 00:00:00-04:00,60.30105917515832,60.527109021340806,59.82183460501046,60.0297966003418,904500,0.0,0.0
2019-04-26 00:00:00-04:00,60.04787402474348,60.38242332396783,60.02978617703302,60.174461364746094,718000,0.0,0.0
2019-04-29 00:00:00-04:00,60.436685819146454,60.80741089199564,60.2196798902924,60.46381759643555,1537000,0.0,0.0
2019-04-30 00:00:00-04:00,61.16910456040268,66.63047099371289,61.12389182082657,66.44058990478516,3289300,0.0,0.0
2019-05-01 00:00:00-04:00,67.01024238012775,67.23629231208109,65.8709487915039,65.8709487915039,1378700,0.0,0.0
2019-05-02 00:00:00-04:00,65.70818850258796,66.58526328810707,65.36459511071799,66.13316345214844,1365500,0.0,0.0
2019-05-03 00:00:00-04:00,66.13315820204394,67.48041367466736,65.86189556260504,67.31765747070312,903900,0.0,0.0
2019-05-06 00:00:00-04:00,66.19645755805962,67.19107582355187,66.06987015509675,67.01023864746094,1532000,0.0,0.0
2019-05-07 00:00:00-04:00,66.55813168948016,67.08256910194295,66.1422007101634,66.48579406738281,1473400,0.0,0.0
2019-05-08 00:00:00-04:00,66.40442178822589,67.40808391056558,66.17837188496912,67.06448364257812,1113400,0.0,0.0
2019-05-09 00:00:00-04:00,66.61238546119927,67.94156002853606,66.3863355524276,67.83305358886719,984100,0.0,0.0
2019-05-10 00:00:00-04:00,67.47138066559464,68.53833653326485,67.13682431015286,68.24899291992188,638700,0.0,0.0
2019-05-13 00:00:00-04:00,67.10066229039073,67.38096200399627,66.29592506871963,66.70281219482422,773700,0.0,0.0
2019-05-14 00:00:00-04:00,66.82033334562828,67.63411414033833,66.05176527781632,67.18201446533203,925400,0.0,0.0
2019-05-15 00:00:00-04:00,67.22721717291428,68.23992288137423,66.96499854576412,67.86016082763672,992300,0.0,0.0
2019-05-16 00:00:00-04:00,68.2942057967373,69.02660538439119,67.8782747408785,68.98139953613281,942300,0.0,0.0
2019-05-17 00:00:00-04:00,68.45693878590782,69.39730703148273,68.35747629561182,68.71011352539062,739600,0.0,0.0
2019-05-20 00:00:00-04:00,68.21281645684,69.09892815524604,67.92347287594282,68.05909729003906,1009700,0.0,0.0
2019-05-21 00:00:00-04:00,68.57449037008652,69.4334840792956,68.33940345465653,69.37923431396484,1271600,0.0,0.0
2019-05-22 00:00:00-04:00,68.90905873359483,69.9398458460638,68.72822155187956,69.59625244140625,1342200,0.0,0.0
2019-05-23 00:00:00-04:00,69.12605930537269,69.25264670233629,68.41174766471907,68.83671569824219,1290000,0.0,0.0
2019-05-24 00:00:00-04:00,69.38826986493834,69.50582021864525,68.90000129187372,68.96329498291016,893400,0.0,0.0
2019-05-28 00:00:00-04:00,68.79151619824331,69.46062205795675,67.62509773425184,67.7968978881836,1552500,0.0,0.0
2019-05-29 00:00:00-04:00,67.67933059135915,68.08622450182503,67.14585620239711,67.63412475585938,1798500,0.0,0.0
2019-05-30 00:00:00-04:00,67.75166581972708,68.02292841714882,67.13680991093297,67.66124725341797,1571100,0.0,0.0
2019-05-31 00:00:00-04:00,67.0373352854914,68.26704688051657,66.86553521165175,68.11333465576172,1403600,0.0,0.0
2019-06-03 00:00:00-04:00,68.11336084838632,68.97234775091698,67.81497331018252,68.64683532714844,1721700,0.0,0.0
2019-06-04 00:00:00-04:00,69.24361078571587,70.60894728897927,68.9813920596498,70.52757263183594,1873800,0.0,0.0
2019-06-05 00:00:00-04:00,70.95254637301238,71.39560226202659,70.36481523130209,70.63607788085938,1057100,0.0,0.0
2019-06-06 00:00:00-04:00,70.45523260362049,71.25093268277664,70.3105642519075,71.16050720214844,1114700,0.0,0.0
2019-06-07 00:00:00-04:00,71.43176888793936,72.03758096843865,71.17859410196922,71.81153106689453,772100,0.0,0.0
2019-06-10 00:00:00-04:00,72.15512989188481,72.33596705011193,71.41368650556097,71.58547973632812,1232800,0.0,0.0
2019-06-11 00:00:00-04:00,71.92003896992121,72.10087613544651,70.70840788571557,70.82595825195312,1234900,0.0,0.0
2019-06-12 00:00:00-04:00,70.88923069628981,71.65779876708984,70.56371837714026,71.65779876708984,861200,0.0,0.0
2019-06-13 00:00:00-04:00,72.03910868988653,72.12082016696856,70.68639136008345,71.19479370117188,887300,0.32,0.0
2019-06-14 00:00:00-04:00,71.03140051058949,71.73953454947937,70.6137831780766,71.57611846923828,1068600,0.0,0.0
2019-06-17 00:00:00-04:00,71.53981808951339,71.98467033165477,70.79536851173037,71.04048919677734,1304200,0.0,0.0
2019-06-18 00:00:00-04:00,71.31282068265355,72.00279331002673,70.99506229273474,71.38544464111328,1134500,0.0,0.0
2019-06-19 00:00:00-04:00,71.34912919865221,71.60333729587974,70.81349200689178,71.38544464111328,1316500,0.0,0.0
2019-06-20 00:00:00-04:00,71.98465915767395,72.39319587815801,71.55796124765564,72.32057189941406,980800,0.0,0.0
2019-06-21 00:00:00-04:00,71.83939359715255,72.32056812419135,71.24020597662332,71.64874267578125,1802100,0.0,0.0
2019-06-24 00:00:00-04:00,71.70320451979977,72.23884172268158,71.47623819455237,71.68504333496094,1159700,0.0,0.0
2019-06-25 00:00:00-04:00,71.93922881357929,72.18435627017773,71.63963859373605,71.83936309814453,1065300,0.0,0.0
2019-06-26 00:00:00-04:00,72.05727691839952,72.2025317758548,71.13125036207774,71.2765121459961,1192300,0.0,0.0
2019-06-27 00:00:00-04:00,71.54887581566092,72.35687553369958,71.4762518418269,72.075439453125,810600,0.0,0.0
2019-06-28 00:00:00-04:00,72.22070176263601,72.74725847734666,71.96649360980197,72.49305725097656,1897300,0.0,0.0
2019-07-01 00:00:00-04:00,73.20117125320974,73.4099833044714,72.1389705928063,72.78355407714844,968800,0.0,0.0
2019-07-02 00:00:00-04:00,72.72001695038738,72.99237934020745,72.38411118626769,72.75633239746094,587100,0.0,0.0
2019-07-03 00:00:00-04:00,73.02868062634083,73.97286128777817,72.77447947258115,73.90023040771484,428200,0.0,0.0
2019-07-05 00:00:00-04:00,73.5552616133839,74.46312713623047,73.14672489868866,74.46312713623047,598000,0.0,0.0
2019-07-08 00:00:00-04:00,74.29063411579433,74.29063411579433,73.57341955324605,73.90933227539062,542000,0.0,0.0
2019-07-09 00:00:00-04:00,72.97421976912592,74.1272127282337,72.68370311256854,74.00918579101562,808900,0.0,0.0
2019-07-10 00:00:00-04:00,74.4086373995988,74.89888548119667,73.59155726360237,73.99102020263672,849300,0.0,0.0
2019-07-11 00:00:00-04:00,74.11812530016284,74.44495737446043,73.48262233706356,74.39048767089844,756700,0.0,0.0
2019-07-12 00:00:00-04:00,74.56298002680208,74.8625772599764,74.0091815993452,74.83534240722656,686700,0.0,0.0
2019-07-15 00:00:00-04:00,75.12584438517678,75.12584438517678,74.49034152350015,74.75361633300781,438200,0.0,0.0
2019-07-16 00:00:00-04:00,74.65377410647898,75.04415650144215,74.2179956714067,74.48127746582031,634600,0.0,0.0
2019-07-17 00:00:00-04:00,74.54482845350199,74.73547935608441,73.29197669661896,73.32828521728516,615400,0.0,0.0
2019-07-18 00:00:00-04:00,73.2374964145156,73.77314057491465,72.77449007122058,73.50077819824219,768000,0.0,0.0
2019-07-19 00:00:00-04:00,73.86392941928412,74.05458032190504,72.22069526350616,72.25700378417969,959700,0.0,0.0
2019-07-22 00:00:00-04:00,72.49305305203707,72.8108045665949,72.18438213117047,72.24793243408203,737100,0.0,0.0
2019-07-23 00:00:00-04:00,72.73818307882789,73.41000157917244,72.24793489972335,73.38276672363281,690600,0.0,0.0
2019-07-24 00:00:00-04:00,73.21934823992048,74.28154912958306,73.11948248860553,74.08181762695312,752100,0.0,0.0
2019-07-25 00:00:00-04:00,74.18168889964066,74.18168889964066,73.59157494152898,73.67328643798828,940100,0.0,0.0
2019-07-26 00:00:00-04:00,73.75498040506264,74.88981211272623,73.75498040506264,74.83534240722656,951700,0.0,0.0
2019-07-29 00:00:00-04:00,74.96244960925596,76.5512141399699,74.65377868227695,75.64334869384766,1157800,0.0,0.0
2019-07-30 00:00:00-04:00,73.22845067595719,77.14134962591399,72.62925598934163,76.60570526123047,1467500,0.0,0.0
2019-07-31 00:00:00-04:00,76.61477187665167,76.95068461783121,73.68237008001984,74.53575897216797,1715900,0.0,0.0
2019-08-01 00:00:00-04:00,74.8807443748677,77.59526009511356,74.80811347747549,75.72505950927734,1446000,0.0,0.0
2019-08-02 00:00:00-04:00,74.08181651692394,74.6900846829365,72.66554868526163,74.31786346435547,3358200,0.0,0.0
2019-08-05 00:00:00-04:00,73.19209976646717,73.55524032935563,71.12216115510684,71.70320129394531,2005800,0.0,0.0
2019-08-06 00:00:00-04:00,72.16620631827578,72.86526643509204,71.24926740873445,72.66553497314453,1938100,0.0,0.0
2019-08-07 00:00:00-04:00,72.17531263520348,73.7005270660626,71.32191678506071,73.146728515625,2046600,0.0,0.0
2019-08-08 00:00:00-04:00,73.79129683180213,76.30608780823346,73.71866593919503,76.16990661621094,34119300,0.0,0.0
2019-08-09 00:00:00-04:00,75.40728759765625,75.98832082009885,74.47218747173964,75.40728759765625,1565500,0.0,0.0
2019-08-12 00:00:00-04:00,75.534390501952,76.6238330223373,74.98059211254355,75.3982162475586,1438600,0.0,0.0
2019-08-13 00:00:00-04:00,75.20756580995477,76.71462568660706,75.11678065597334,76.50581359863281,1737000,0.0,0.0
2019-08-14 00:00:00-04:00,75.73410979921628,76.3060692815497,74.74454010194334,75.18939208984375,1726000,0.0,0.0
2019-08-15 00:00:00-04:00,75.35283035709357,75.76136702820324,74.81719308046249,75.27112579345703,1013500,0.0,0.0
2019-08-16 00:00:00-04:00,75.86125066264457,76.38781439620115,75.79770034490258,76.09729766845703,1361300,0.0,0.0
2019-08-19 00:00:00-04:00,77.1685419122591,77.73142082914535,74.81717437163427,77.24117279052734,1507800,0.0,0.0
2019-08-20 00:00:00-04:00,77.28658076432843,77.67696317225598,76.62384288609131,76.68739318847656,1339200,0.0,0.0
2019-08-21 00:00:00-04:00,77.59526317044153,77.6588134765625,77.05961893902426,77.6588134765625,815600,0.0,0.0
2019-08-22 00:00:00-04:00,77.94931854900223,77.94931854900223,76.8144868754219,77.67695617675781,1094400,0.0,0.0
2019-08-23 00:00:00-04:00,77.32289769312453,77.94024646803119,75.41638165859221,75.72505950927734,1340400,0.0,0.0
2019-08-26 00:00:00-04:00,76.11544156310526,76.5603006531536,75.55256937592736,76.53306579589844,1498400,0.0,0.0
2019-08-27 00:00:00-04:00,77.05053829093714,77.31382008571882,76.38779350731934,77.19579315185547,1310100,0.0,0.0
2019-08-28 00:00:00-04:00,76.77818082529105,78.01287839134139,76.3877984047536,77.82222747802734,1241400,0.0,0.0
2019-08-29 00:00:00-04:00,78.35785580381942,79.46545263427281,78.35785580381942,79.16585540771484,1000700,0.0,0.0
2019-08-30 00:00:00-04:00,79.7378475924244,80.15546499109973,78.88445160191155,79.31114959716797,1119900,0.0,0.0
2019-09-03 00:00:00-04:00,78.81182058419118,79.1931294489995,78.06737097417987,78.39420318603516,1553000,0.0,0.0
2019-09-04 00:00:00-04:00,79.09323223938739,79.76505066283286,79.00244016269605,79.54716491699219,687200,0.0,0.0
2019-09-05 00:00:00-04:00,80.41868811802779,80.7818355247951,79.91935956791515,80.6365737915039,775500,0.0,0.0
2019-09-06 00:00:00-04:00,80.79093602069304,80.80001661365478,79.40190313545642,79.54716491699219,962300,0.0,0.0
2019-09-09 00:00:00-04:00,79.69240407731083,79.91937037141412,76.40593657163073,77.09590911865234,1695800,0.0,0.0
2019-09-10 00:00:00-04:00,76.83266614230246,76.83266614230246,75.62521011271802,76.25163269042969,1719100,0.0,0.0
2019-09-11 00:00:00-04:00,76.16990028149166,77.38643646240234,75.65241733601341,77.38643646240234,1283300,0.0,0.0
2019-09-12 00:00:00-04:00,77.97658578787912,79.02971334307185,77.70422330251115,78.39420318603516,1120500,0.0,0.0
2019-09-13 00:00:00-04:00,78.63115228774355,79.10511237501845,78.04782214482353,78.22100067138672,1021100,0.34,0.0
2019-09-16 00:00:00-04:00,77.95666947807705,78.96838410378315,77.76526494805738,78.65849304199219,844000,0.0,0.0
2019-09-17 00:00:00-04:00,78.81345594897385,79.30564211489853,78.4306468045362,79.02308654785156,1001000,0.0,0.0
2019-09-18 00:00:00-04:00,78.90457202851977,79.8889440115369,78.74962651837136,79.84336853027344,723500,0.0,0.0
2019-09-19 00:00:00-04:00,80.02568414181046,80.43583576360002,79.46969650543726,79.63375854492188,937300,0.0,0.0
2019-09-20 00:00:00-04:00,79.97100676261097,80.31736388357201,78.60382516853151,78.68585968017578,3708700,0.0,0.0
2019-09-23 00:00:00-04:00,78.36685404922503,78.64940269404283,77.47362565841254,78.10253143310547,1122000,0.0,0.0
2019-09-24 00:00:00-04:00,78.66761239464452,79.2600590351285,77.77439114307268,78.39418029785156,1126300,0.0,0.0
2019-09-25 00:00:00-04:00,78.54001716176215,79.47881399965885,77.89288542839495,79.3329849243164,1047900,0.0,0.0
2019-09-26 00:00:00-04:00,79.39677489145429,79.6975564424867,78.59469770921143,79.41500091552734,758100,0.0,0.0
2019-09-27 00:00:00-04:00,79.77048785893221,79.77048785893221,76.862952984823,77.49185180664062,874500,0.0,0.0
2019-09-30 00:00:00-04:00,77.49184451622982,78.67673793348516,77.45539246220648,78.27569580078125,848500,0.0,0.0
2019-10-01 00:00:00-04:00,78.49443880108817,78.71318586366645,77.01788048253627,77.27308654785156,680200,0.0,0.0
2019-10-02 00:00:00-04:00,76.56214034315539,76.63505833621393,74.8394927417418,75.61422729492188,971600,0.0,0.0
2019-10-03 00:00:00-04:00,75.66892945564825,76.06085506482583,74.84862618634817,75.65070343017578,690800,0.0,0.0
2019-10-04 00:00:00-04:00,76.06084489868607,76.39808543252717,75.42282978476312,76.22490692138672,2912900,0.0,0.0
2019-10-07 00:00:00-04:00,76.22489982125123,76.99964132807679,76.07907078901377,76.37985229492188,1039800,0.0,0.0
2019-10-08 00:00:00-04:00,75.77829989157453,75.77829989157453,74.58429714222272,74.5934066772461,1110700,0.0,0.0
2019-10-09 00:00:00-04:00,75.15851885076111,75.51398546250155,74.48404463282338,75.37726593017578,1007900,0.0,0.0
2019-10-10 00:00:00-04:00,75.44106078745266,76.27048744414382,75.42283476321319,75.69627380371094,1384600,0.0,0.0
2019-10-11 00:00:00-04:00,76.29784265525068,76.81737135558376,75.76008792764488,75.79654693603516,1066200,0.0,0.0
2019-10-14 00:00:00-04:00,76.07908666129629,76.22491572395788,74.9853373990364,75.15851593017578,710500,0.0,0.0
2019-10-15 00:00:00-04:00,75.28611666526939,76.16111187601147,74.93065007821303,74.94888305664062,1301400,0.0,0.0
2019-10-16 00:00:00-04:00,74.52048075866857,75.0035502645732,73.90069176241455,74.13766479492188,1298100,0.0,0.0
2019-10-17 00:00:00-04:00,74.41111304118601,74.64809305704388,73.73663894634456,74.47491455078125,1206100,0.0,0.0
2019-10-18 00:00:00-04:00,74.31086406088262,74.5569606031016,73.74576687504248,74.39289855957031,1254600,0.0,0.0
2019-10-21 00:00:00-04:00,74.51136465091082,74.51136465091082,73.46319115801948,73.68193817138672,1238600,0.0,0.0
2019-10-22 00:00:00-04:00,73.71840422041373,73.92804172059016,72.07779103239754,72.26919555664062,1008700,0.0,0.0
2019-10-23 00:00:00-04:00,72.09600692608066,73.04391988000468,71.99574643406088,72.2236099243164,803300,0.0,0.0
2019-10-24 00:00:00-04:00,72.38770038396967,72.98926357267014,71.82260315635425,72.95280456542969,716300,0.0,0.0
2019-10-25 00:00:00-04:00,72.71581442507845,73.19888403488736,72.32388884382608,72.89810943603516,769900,0.0,0.0
2019-10-28 00:00:00-04:00,73.2991279229709,73.84599892408431,73.11683990721379,73.65459442138672,1148600,0.0,0.0
2019-10-29 00:00:00-04:00,76.19757373523233,79.06865600694496,75.38638001089224,78.74053192138672,3096400,0.0,0.0
2019-10-30 00:00:00-04:00,79.21449046459529,79.58818308288443,78.66761236353776,79.01396942138672,1195800,0.0,0.0
2019-10-31 00:00:00-04:00,79.13245834833054,80.16239915579585,78.49444314969612,78.5947036743164,1186900,0.0,0.0
2019-11-01 00:00:00-04:00,78.60379548673664,79.36030401871619,77.67411541351355,77.77437591552734,936100,0.0,0.0
2019-11-04 00:00:00-05:00,77.92022484730775,78.38506847955361,77.44627167898335,78.1845474243164,1225800,0.0,0.0
2019-11-05 00:00:00-05:00,78.24834714525052,78.59470421590517,75.43195680835723,75.81476593017578,1368700,0.0,0.0
2019-11-06 00:00:00-05:00,75.75095252786475,77.7470392774323,75.35902697780911,77.59208679199219,1302600,0.0,0.0
2019-11-07 00:00:00-05:00,78.08428160889957,78.66761175526284,77.72881501826707,78.38506317138672,940500,0.0,0.0
2019-11-08 00:00:00-05:00,78.17541821939102,79.47879791259766,78.12073319643682,79.47879791259766,962100,0.0,0.0
2019-11-11 00:00:00-05:00,78.74963711697787,80.20796231373164,78.74963711697787,79.90718078613281,1131500,0.0,0.0
2019-11-12 00:00:00-05:00,79.7431107669614,81.19232628392318,79.7431107669614,81.12852478027344,954400,0.0,0.0
2019-11-13 00:00:00-05:00,81.05563545872593,82.20406988446571,80.7548538549152,81.56604766845703,779800,0.0,0.0
2019-11-14 00:00:00-05:00,81.68454584144844,82.46839718185264,81.37464772941074,82.43193817138672,492700,0.0,0.0
2019-11-15 00:00:00-05:00,82.81474284486113,83.3616140644062,82.4137007054005,82.96968841552734,814200,0.0,0.0
2019-11-18 00:00:00-05:00,82.54128194738706,84.23658714769923,82.54128194738706,83.29779052734375,846600,0.0,0.0
2019-11-19 00:00:00-05:00,83.62591364932887,84.2365862272191,83.49831063167547,83.5894546508789,994600,0.0,0.0
2019-11-20 00:00:00-05:00,83.27047568960977,83.73531938710222,82.72360443283088,83.54391479492188,667300,0.0,0.0
2019-11-21 00:00:00-05:00,83.45276052373735,83.84468618395817,82.04911994884989,82.07646942138672,716200,0.0,0.0
2019-11-22 00:00:00-05:00,82.10379558664846,82.34988515970355,80.13505118683317,80.6636962890625,1120500,0.0,0.0
2019-11-25 00:00:00-05:00,80.82777316947318,82.1311531864022,80.73662912396418,82.05823516845703,1005900,0.0,0.0
2019-11-26 00:00:00-05:00,82.04908827192595,82.72356925720163,82.03086225111635,82.67799377441406,897300,0.0,0.0
2019-11-27 00:00:00-05:00,82.92411041259766,82.98791193170376,82.25874575291043,82.92411041259766,529800,0.0,0.0
2019-11-29 00:00:00-05:00,82.87853565859047,83.11551571189042,82.3772330369644,82.79650115966797,278800,0.0,0.0
2019-12-02 00:00:00-05:00,82.6141993562496,82.69623384153445,80.94623667850139,81.89414978027344,763200,0.0,0.0
2019-12-03 00:00:00-05:00,80.86422380447229,81.85770561917582,80.56344222697989,81.72099304199219,1127400,0.0,0.0
2019-12-04 00:00:00-05:00,81.839475028548,82.72358673218945,81.22880237170997,81.79389953613281,824900,0.0,0.0
2019-12-05 00:00:00-05:00,81.95797852535486,82.18584212687365,81.49314178502512,81.98532104492188,523100,0.0,0.0
2019-12-06 00:00:00-05:00,82.45927596340321,82.80562611220543,81.42021856315174,82.65068054199219,727500,0.0,0.0
2019-12-09 00:00:00-05:00,82.56862748980399,83.00612853820539,82.10379088356638,82.12201690673828,934100,0.0,0.0
2019-12-10 00:00:00-05:00,82.23141928293256,82.47750891783143,81.57517098474172,81.70277404785156,471200,0.0,0.0
2019-12-11 00:00:00-05:00,83.0425851710802,83.97226531089609,81.22879342500076,83.92669677734375,1395800,0.0,0.0
2019-12-12 00:00:00-05:00,83.7626560451764,83.7626560451764,82.41370054926571,83.11552429199219,1218000,0.0,0.0
2019-12-13 00:00:00-05:00,82.88680149548712,84.20420986771738,82.36532851145745,84.02123260498047,573800,0.34,0.0
2019-12-16 00:00:00-05:00,84.57014418325598,84.62503386355573,83.61868350547618,83.83824920654297,1403300,0.0,0.0
2019-12-17 00:00:00-05:00,83.81995136004937,84.20419306532065,83.24358182227496,83.73760986328125,586600,0.0,0.0
2019-12-18 00:00:00-05:00,85.50329991692698,87.9185434628807,85.41181479379657,87.5343017578125,1944700,0.0,0.0
2019-12-19 00:00:00-05:00,87.31475313398191,88.33025425292747,86.32669685935343,88.08323669433594,1337500,0.0,0.0
2019-12-20 00:00:00-05:00,88.96151193357083,89.68425645658778,88.07409135493145,89.66596221923828,2215000,0.0,0.0
2019-12-23 00:00:00-05:00,90.01358407699894,90.2606015831589,88.95234410273842,89.49211120605469,731500,0.0,0.0
2019-12-24 00:00:00-05:00,89.2634126510687,89.96785590519347,89.2634126510687,89.68424987792969,249500,0.0,0.0
2019-12-26 00:00:00-05:00,89.61103913263354,90.35208465442982,89.61103913263354,90.14166259765625,509700,0.0,0.0
2019-12-27 00:00:00-05:00,90.30633410253303,90.31548470798887,89.26338843630752,89.86720275878906,595900,0.0,0.0
2019-12-30 00:00:00-05:00,89.77572250494799,89.85806400517723,88.86085727497041,89.72083282470703,608600,0.0,0.0
2019-12-31 00:00:00-05:00,89.39148394672664,90.30634920907758,89.26340336838695,89.55615997314453,625600,0.0,0.0
2020-01-02 00:00:00-05:00,90.05933825654527,90.24230851624982,89.4921192836724,90.22401428222656,793600,0.0,0.0
2020-01-03 00:00:00-05:00,89.2359548243913,91.36759247238363,89.11702485797323,91.01079559326172,1031000,0.0,0.0
2020-01-06 00:00:00-05:00,90.57167001181203,91.88907835463274,90.27891337783728,91.81588745117188,799500,0.0,0.0
2020-01-07 00:00:00-05:00,91.40419492635272,92.1909726581656,91.21206707221833,91.47737884521484,483900,0.0,0.0
2020-01-08 00:00:00-05:00,91.47737885554442,92.47458565622102,91.31270282331654,91.36759948730469,1058400,0.0,0.0
2020-01-09 00:00:00-05:00,91.34930662972945,92.82224044722145,91.25782148787079,92.47459411621094,762700,0.0,0.0
2020-01-10 00:00:00-05:00,92.83138658149045,92.97776140543621,92.33735846341993,92.41969299316406,533800,0.0,0.0
2020-01-13 00:00:00-05:00,92.77647161277179,93.15156266806113,92.24584818834619,92.53860473632812,869600,0.0,0.0
2020-01-14 00:00:00-05:00,92.81308175959242,92.92286810818715,92.15438460762897,92.20927429199219,604500,0.0,0.0
2020-01-15 00:00:00-05:00,92.5111840082365,93.70050474064895,92.18183193344696,93.44434356689453,898800,0.0,0.0
2020-01-16 00:00:00-05:00,93.87432245334932,93.93836274069439,92.91371116330544,93.5815658569336,592700,0.0,0.0
2020-01-17 00:00:00-05:00,93.6913646301744,94.66111967575543,93.4169022309234,94.58792877197266,683100,0.0,0.0
2020-01-21 00:00:00-05:00,94.16706810264515,94.86236755575291,94.09387721708285,94.47811889648438,631300,0.0,0.0
2020-01-22 00:00:00-05:00,95.15513196231173,95.47533338820901,93.45348212198034,93.7462387084961,932600,0.0,0.0
2020-01-23 00:00:00-05:00,93.8194399815409,94.07560115060384,92.92286890995219,93.89262390136719,791000,0.0,0.0
2020-01-24 00:00:00-05:00,94.03898794351723,94.18536273539846,92.56605451966865,92.96859741210938,625300,0.0,0.0
2020-01-27 00:00:00-05:00,91.62376694937365,92.7399038022999,90.8461327914743,92.19097900390625,604100,0.0,0.0
2020-01-28 00:00:00-05:00,92.64840045098225,94.05729376831431,92.36479445809722,93.59986114501953,511700,0.0,0.0
2020-01-29 00:00:00-05:00,93.91092535811606,94.11219684286063,93.0235048916705,93.16073608398438,546900,0.0,0.0
2020-01-30 00:00:00-05:00,92.64839984031477,93.95665741350952,91.97140151666378,93.84687805175781,531400,0.0,0.0
2020-01-31 00:00:00-05:00,93.8377193497101,93.99324475201992,91.83416241217186,91.91650390625,900800,0.0,0.0
2020-02-03 00:00:00-05:00,93.01436183294415,94.49644626645178,92.61182581065496,93.73710632324219,928400,0.0,0.0
2020-02-04 00:00:00-05:00,94.40494214890474,97.20442742519268,94.40494214890474,96.34445190429688,914800,0.0,0.0
2020-02-05 00:00:00-05:00,96.55487093216696,97.66185695088804,95.98765201370465,97.55207061767578,822100,0.0,0.0
2020-02-06 00:00:00-05:00,103.56274078441973,103.56274078441973,100.37901370687574,100.59857940673828,1168200,0.0,0.0
2020-02-07 00:00:00-05:00,100.15028097718658,101.51342798593718,99.82092899146788,100.73579406738281,985200,0.0,0.0
2020-02-10 00:00:00-05:00,100.65348893796347,101.58665556119016,100.49796349404873,101.18411254882812,805200,0.0,0.0
2020-02-11 00:00:00-05:00,101.57750119741624,102.84001987865093,101.51346090053252,102.59300231933594,715000,0.0,0.0
2020-02-12 00:00:00-05:00,102.57469277583043,102.75766303108823,100.71751048361152,101.55004119873047,1075200,0.0,0.0
2020-02-13 00:00:00-05:00,101.07432499638314,103.52616436645086,101.07432499638314,103.47126770019531,879100,0.0,0.0
2020-02-14 00:00:00-05:00,103.9744460110724,104.06593114797604,102.77596768406863,103.2059555053711,1150900,0.0,0.0
2020-02-18 00:00:00-05:00,106.94775726922047,115.12664848105214,106.93860666166029,112.72970581054688,2204800,0.0,0.0
2020-02-19 00:00:00-05:00,113.44328512479224,113.76348654973548,109.51851256797137,110.08573150634766,1593200,0.0,0.0
2020-02-20 00:00:00-05:00,110.22296751222618,111.84227592067195,108.14621950256007,109.11597442626953,1077600,0.0,0.0
2020-02-21 00:00:00-05:00,108.67685497244007,108.82322979784209,105.67609776307773,107.24051666259766,1136000,0.0,0.0
2020-02-24 00:00:00-05:00,104.39529848077872,105.53888030886553,103.01384967808637,104.1391372680664,1229400,0.0,0.0
2020-02-25 00:00:00-05:00,104.23059874594856,104.72462682106494,99.7203127611355,99.8575439453125,1291100,0.0,0.0
2020-02-26 00:00:00-05:00,100.6351791093656,102.30938421880792,100.00391984321271,101.38536834716797,1233100,0.0,0.0
2020-02-27 00:00:00-05:00,99.4275444300237,99.69285616017069,96.08828524834429,96.1614761352539,1761100,0.0,0.0
2020-02-28 00:00:00-05:00,94.26771607811149,94.50558299717305,91.6146054605004,93.91091918945312,1684800,0.0,0.0
2020-03-02 00:00:00-05:00,95.40213641418664,100.69920645300094,94.1670698616867,100.69005584716797,1437600,0.0,0.0
2020-03-03 00:00:00-05:00,103.0412599939627,104.02931603748075,99.70200775889607,100.02220916748047,1741500,0.0,0.0
2020-03-04 00:00:00-05:00,101.68727391158454,103.19680296973318,99.18968870848028,102.76681518554688,1027500,0.0,0.0
2020-03-05 00:00:00-05:00,100.33327162375932,101.55004409757426,97.61612067842371,98.41205596923828,885500,0.0,0.0
2020-03-06 00:00:00-05:00,94.9081047018003,97.3142044118851,93.04177903696957,96.68294525146484,1250800,0.0,0.0
2020-03-09 00:00:00-04:00,90.1874256557959,93.83773635798276,88.25705925647394,89.22681427001953,1810300,0.0,0.0
2020-03-10 00:00:00-04:00,91.8616246460185,94.08474054019136,86.82986568649007,94.03900146484375,1469800,0.0,0.0
2020-03-11 00:00:00-04:00,91.23037845757881,91.77929629951595,87.22326355371268,89.62936401367188,1424400,0.0,0.0
2020-03-12 00:00:00-04:00,83.13382010691849,86.84817133910613,78.13865593884475,78.49545288085938,1762900,0.0,0.0
2020-03-13 00:00:00-04:00,82.79402827851813,83.38187083369426,73.4803894733783,82.9501724243164,1866100,0.34,0.0
2020-03-16 00:00:00-04:00,72.37820131911819,79.59765163018929,70.0911186809162,71.64339447021484,2061700,0.0,0.0
2020-03-17 00:00:00-04:00,73.08544812945131,77.42998019330888,71.01881172223813,74.74794006347656,2556000,0.0,0.0
2020-03-18 00:00:00-04:00,69.08075281294639,73.67327732124733,62.917585763722876,71.42294311523438,1916200,0.0,0.0
2020-03-19 00:00:00-04:00,70.16458752647858,72.37818766053122,67.81321726593812,69.72370910644531,1344500,0.0,0.0
2020-03-20 00:00:00-04:00,70.89021623183173,71.31272769122239,65.33325817473786,66.60079956054688,1684800,0.0,0.0
2020-03-23 00:00:00-04:00,65.60881032098911,68.6949875823798,62.458337991970986,65.05770874023438,1493400,0.0,0.0
2020-03-24 00:00:00-04:00,69.2185239061597,72.52513986190402,67.84076667396327,72.06588745117188,1107800,0.0,0.0
2020-03-25 00:00:00-04:00,72.91093929904355,81.56326349561338,71.47807344824022,79.10166931152344,1511500,0.0,0.0
2020-03-26 00:00:00-04:00,80.24059229039979,85.3658515483798,79.92829696616172,85.01681518554688,1194200,0.0,0.0
2020-03-27 00:00:00-04:00,81.97655124758234,88.04786837678161,81.8479611395695,85.82508850097656,1369500,0.0,0.0
2020-03-30 00:00:00-04:00,85.89859532427371,87.10184179085758,83.24411610090203,85.81593322753906,1346100,0.0,0.0
2020-03-31 00:00:00-04:00,85.53118021405022,88.58979625542906,83.76764545131253,84.18097686767578,1801200,0.0,0.0
2020-04-01 00:00:00-04:00,80.92029120303751,82.28886172649275,79.00979907151678,80.04771423339844,1054300,0.0,0.0
2020-04-02 00:00:00-04:00,79.45987816502935,81.83880301041981,78.64240918662092,81.4071044921875,2436400,0.0,0.0
2020-04-03 00:00:00-04:00,80.8284387451772,81.5724255411833,79.064910854388,80.77333068847656,1877900,0.0,0.0
2020-04-06 00:00:00-04:00,84.80558099561698,88.05709002207232,83.51967240206838,87.15695190429688,1148300,0.0,0.0
2020-04-07 00:00:00-04:00,91.10652605707229,91.73110982557165,85.02601957572962,85.05357360839844,1166700,0.0,0.0
2020-04-08 00:00:00-04:00,85.52202106149075,88.36019880992512,85.0995095038422,87.66213989257812,979300,0.0,0.0
2020-04-09 00:00:00-04:00,88.37856205563666,90.22475927321251,87.02835843416945,87.68049621582031,1083800,0.0,0.0
2020-04-13 00:00:00-04:00,86.95486760513191,87.00079565868161,83.55640187156723,84.57594299316406,1131400,0.0,0.0
2020-04-14 00:00:00-04:00,86.1557813409783,87.96523050487926,85.07194504068612,87.78153228759766,1597100,0.0,0.0
2020-04-15 00:00:00-04:00,85.43016402196821,86.22007899362595,83.54722570420867,85.15460968017578,1068500,0.0,0.0
2020-04-16 00:00:00-04:00,85.2831802368164,85.65058360555248,82.3255932795637,85.2831802368164,1423900,0.0,0.0
2020-04-17 00:00:00-04:00,87.12020818319913,91.26266818674118,86.5782935325797,91.1891860961914,1538200,0.0,0.0
2020-04-20 00:00:00-04:00,90.647267183387,92.85167373512745,89.5817979434266,90.5645980834961,1000700,0.0,0.0
2020-04-21 00:00:00-04:00,88.3418167765802,88.97558750917214,86.15577726084837,86.85383605957031,765000,0.0,0.0
2020-04-22 00:00:00-04:00,88.67248846122551,90.5921608705698,87.53354403172155,89.65528869628906,915800,0.0,0.0
2020-04-23 00:00:00-04:00,90.15126804616355,92.2730123747753,89.60016644222198,90.80340576171875,1460900,0.0,0.0
2020-04-24 00:00:00-04:00,91.40961132201474,93.99979505118633,90.03185387016524,93.6415786743164,1585800,0.0,0.0
2020-04-27 00:00:00-04:00,94.41313049267616,95.41429758645192,92.37404825629802,94.42231750488281,831100,0.0,0.0
2020-04-28 00:00:00-04:00,95.35919527639237,95.91029691217963,93.74262440479724,93.98143768310547,874900,0.0,0.0
2020-04-29 00:00:00-04:00,95.65309565979327,96.10316107952573,94.4498565343788,94.56925964355469,1066800,0.0,0.0
2020-04-30 00:00:00-04:00,93.5221788187511,93.5221788187511,90.51867055214169,90.75747680664062,1063500,0.0,0.0
2020-05-01 00:00:00-04:00,89.12255297234674,90.26149738840064,88.17649379555405,89.91246795654297,772100,0.0,0.0
2020-05-04 00:00:00-04:00,89.91247077535904,91.75866813422164,88.73678527578188,90.84934997558594,1085800,0.0,0.0
2020-05-05 00:00:00-04:00,87.25798102540796,91.56577201531684,86.50480715370468,90.41764068603516,1525400,0.0,0.0
2020-05-06 00:00:00-04:00,90.4176409157961,90.77585733083124,88.58981078943593,89.26032257080078,1000600,0.0,0.0
2020-05-07 00:00:00-04:00,90.42680161758624,92.89758195948659,89.64607387987988,92.19951629638672,907500,0.0,0.0
2020-05-08 00:00:00-04:00,93.45789777561913,94.69787831018081,92.69553682937553,94.33047485351562,895000,0.0,0.0
2020-05-11 00:00:00-04:00,93.32930428847507,94.8356521002063,92.84249770400115,93.75181579589844,1215200,0.0,0.0
2020-05-12 00:00:00-04:00,94.00900839687175,94.3580448673335,91.76786041259766,91.76786041259766,1319500,0.0,0.0
2020-05-13 00:00:00-04:00,90.85850025211617,91.35449372388908,86.66093326757986,87.72640228271484,1173800,0.0,0.0
2020-05-14 00:00:00-04:00,86.2017193123217,88.07547092847818,84.19937751729913,88.0203628540039,939200,0.0,0.0
2020-05-15 00:00:00-04:00,87.4141297763702,89.74713360040997,86.77117900139928,88.9296646118164,589700,0.0,0.0
2020-05-18 00:00:00-04:00,90.84014991236599,91.69435988038715,90.4084514220834,90.68400573730469,699800,0.0,0.0
2020-05-19 00:00:00-04:00,90.69319041848135,91.5290334121491,89.70121024933897,89.8481674194336,871000,0.0,0.0
2020-05-20 00:00:00-04:00,90.35335634151964,91.29941554797192,89.92165778922276,90.84934997558594,964000,0.0,0.0
2020-05-21 00:00:00-04:00,90.49111898948291,91.50148020135974,89.7746861357068,91.29940795898438,541200,0.0,0.0
2020-05-22 00:00:00-04:00,91.74946916094709,92.87923345921912,90.33497053875921,92.73226928710938,600700,0.0,0.0
2020-05-26 00:00:00-04:00,94.54169011172898,95.08360452714267,93.76096250949892,93.91710662841797,1621900,0.0,0.0
2020-05-27 00:00:00-04:00,94.119207053915,94.73460371281509,92.58530540884635,94.38557434082031,1039500,0.0,0.0
2020-05-28 00:00:00-04:00,95.14792608475895,97.09515913584741,93.73343460353477,95.85517883300781,919500,0.0,0.0
2020-05-29 00:00:00-04:00,95.9470203598731,97.03085641479976,95.12036455397374,96.70938110351562,1023600,0.0,0.0
2020-06-01 00:00:00-04:00,96.61754274903475,98.22492649165795,96.34198844724455,97.3431625366211,630500,0.0,0.0
2020-06-02 00:00:00-04:00,97.39828194772397,97.5636131465435,94.36721230524539,96.01133728027344,1016800,0.0,0.0
2020-06-03 00:00:00-04:00,96.26849577833103,99.16178759838171,96.24094175270974,98.51883697509766,750000,0.0,0.0
2020-06-04 00:00:00-04:00,97.7840422370478,99.29038988842125,96.6175439611275,97.33397674560547,1045300,0.0,0.0
2020-06-05 00:00:00-04:00,98.83111846981846,99.63940720644123,97.15943995676098,97.40744018554688,828600,0.0,0.0
2020-06-08 00:00:00-04:00,96.68183580819169,97.8575210571289,95.3959274393028,97.8575210571289,930600,0.0,0.0
2020-06-09 00:00:00-04:00,97.34314948053014,97.57277569867784,95.74494595672424,97.0767822265625,626700,0.0,0.0
2020-06-10 00:00:00-04:00,97.32478893929189,97.48093310742725,94.63356900953369,96.23176574707031,810100,0.0,0.0
2020-06-11 00:00:00-04:00,95.23058707171604,95.33162317001073,92.1627771017102,92.19033813476562,1083200,0.0,0.0
2020-06-12 00:00:00-04:00,94.52207546284642,95.47135027428268,90.03375587501196,91.15814208984375,1092600,0.34,0.0
2020-06-15 00:00:00-04:00,89.37937871819618,91.35165969657605,87.28728174421,90.8908462524414,980300,0.0,0.0
2020-06-16 00:00:00-04:00,93.43453981113053,94.03359874871578,91.41618152554496,92.42996978759766,1022300,0.0,0.0
2020-06-17 00:00:00-04:00,93.09353283027485,93.72945059412265,91.96914691511245,92.33779907226562,1073500,0.0,0.0
2020-06-18 00:00:00-04:00,91.68346488949295,92.37468519856753,90.23651065708843,91.54521942138672,1007200,0.0,0.0
2020-06-19 00:00:00-04:00,93.47141093236891,93.47141093236891,88.96465535495835,89.12133026123047,1802200,0.0,0.0
2020-06-22 00:00:00-04:00,88.74345774458529,90.24570710596379,88.52226925066361,89.29643249511719,1056400,0.0,0.0
2020-06-23 00:00:00-04:00,90.50375977925106,90.58670985753515,88.60521059409092,88.63285827636719,1289200,0.0,0.0
2020-06-24 00:00:00-04:00,88.21812324181708,88.44852995440793,85.65600172283962,85.94170379638672,1372900,0.0,0.0
2020-06-25 00:00:00-04:00,85.34266455031727,85.49012825536299,83.46254449972304,85.45326232910156,997800,0.0,0.0
2020-06-26 00:00:00-04:00,85.04775069342773,85.26893923650134,82.54092376707024,82.74368286132812,2310400,0.0,0.0
2020-06-29 00:00:00-04:00,83.03859135763332,85.02930905426469,82.82662108508549,84.97400665283203,893000,0.0,0.0
2020-06-30 00:00:00-04:00,84.85419464452235,86.55920312866994,84.74359687706172,86.32879638671875,1065900,0.0,0.0
2020-07-01 00:00:00-04:00,86.38409794395409,86.90942502922273,85.21362776863866,85.99700927734375,1741700,0.0,0.0
2020-07-02 00:00:00-04:00,87.20434497023062,87.8126151038724,86.18133848817088,86.3011474609375,763900,0.0,0.0
2020-07-06 00:00:00-04:00,87.35181502285486,87.35181502285486,81.2414299084682,81.51791381835938,1661500,0.0,0.0
2020-07-07 00:00:00-04:00,80.99256704078599,82.47638686833535,80.74373087899956,81.00178527832031,1724200,0.0,0.0
2020-07-08 00:00:00-04:00,81.22298376158365,81.36122921580329,79.34286386598173,81.1584701538086,1371400,0.0,0.0
2020-07-09 00:00:00-04:00,81.1031625476826,81.30592157908458,78.94655910049028,79.63777923583984,1550400,0.0,0.0
2020-07-10 00:00:00-04:00,79.79447506755089,81.19534514924243,79.72996145256752,81.0202407836914,987300,0.0,0.0
2020-07-13 00:00:00-04:00,81.61007292693267,81.98793633716942,78.1355352306375,78.37516021728516,1158800,0.0,0.0
2020-07-14 00:00:00-04:00,78.02495248916006,79.47190673316845,77.46275940408769,79.44425201416016,1424700,0.0,0.0
2020-07-15 00:00:00-04:00,80.83590684002985,81.62850665699935,80.56863415463722,80.93728637695312,737500,0.0,0.0
2020-07-16 00:00:00-04:00,80.30135472189659,80.52255025557388,79.14932101861957,79.79446411132812,808600,0.0,0.0
2020-07-17 00:00:00-04:00,80.31980065897925,81.64693886007728,79.84055064435385,81.25985717773438,1112100,0.0,0.0
2020-07-20 00:00:00-04:00,80.82669197772177,81.77597377506906,80.65158761418456,81.69302368164062,767100,0.0,0.0
2020-07-21 00:00:00-04:00,81.75753034975504,83.44410944778988,81.68379850218439,82.12618255615234,992400,0.0,0.0
2020-07-22 00:00:00-04:00,82.0985117019953,84.46709214297701,82.01556163902382,84.20903778076172,624800,0.0,0.0
2020-07-23 00:00:00-04:00,84.17218858239156,84.97399950543443,83.30585702452825,83.56391143798828,648400,0.0,0.0
2020-07-24 00:00:00-04:00,83.27822464856625,84.16298581367379,83.04781787541981,83.93257904052734,754800,0.0,0.0
2020-07-27 00:00:00-04:00,83.55471613720735,83.89571366356941,82.62387079877968,83.09390258789062,861400,0.0,0.0
2020-07-28 00:00:00-04:00,82.9464344255742,84.3012273128916,82.80818896190696,83.1123275756836,922100,0.0,0.0
2020-07-29 00:00:00-04:00,83.73901754279262,84.9647829611779,83.49017435154947,84.76202392578125,965900,0.0,0.0
2020-07-30 00:00:00-04:00,83.87727258597408,85.28736072634346,83.69294297293038,85.12146759033203,633100,0.0,0.0
2020-07-31 00:00:00-04:00,85.13069366737287,87.72968168322035,84.34730504485316,87.70203399658203,1120500,0.0,0.0
2020-08-03 00:00:00-04:00,87.88636132591544,90.86321293848607,87.46241370124265,90.595947265625,1197100,0.0,0.0
2020-08-04 00:00:00-04:00,90.69730082880535,92.05208637911485,84.18139231051904,85.03850555419922,2465300,0.0,0.0
2020-08-05 00:00:00-04:00,84.89104775108078,85.47167012181761,82.32892629241785,82.69757843017578,1235100,0.0,0.0
2020-08-06 00:00:00-04:00,82.90035171827252,84.4026083349727,82.54091772529117,83.87728118896484,1241600,0.0,0.0
2020-08-07 00:00:00-04:00,84.06159977800333,86.4670468663705,83.57313858169498,85.90485382080078,1511400,0.0,0.0
2020-08-10 00:00:00-04:00,85.59152441456519,87.81264240931736,85.59152441456519,87.0200424194336,1144200,0.0,0.0
2020-08-11 00:00:00-04:00,87.42554461270974,89.12133505009591,87.28729914561801,88.43011474609375,1437000,0.0,0.0
2020-08-12 00:00:00-04:00,88.66974305392198,89.15820429523104,85.84034811882093,87.01081848144531,1288900,0.0,0.0
2020-08-13 00:00:00-04:00,86.63292904574128,88.0337988471087,86.63292904574128,86.99236297607422,999300,0.0,0.0
2020-08-14 00:00:00-04:00,86.93706723091002,87.86790533797279,86.82646947150171,87.29650115966797,620500,0.0,0.0
2020-08-17 00:00:00-04:00,87.36102353253916,87.7388869434085,84.76203569287415,85.01087188720703,899000,0.0,0.0
2020-08-18 00:00:00-04:00,85.02010407006313,85.50856533155718,84.33810195202183,84.61458587646484,866700,0.0,0.0
2020-08-19 00:00:00-04:00,84.63301686468955,85.9232961893953,84.41182130174116,85.34266662597656,865700,0.0,0.0
2020-08-20 00:00:00-04:00,84.679097384494,84.82656109902008,83.6929566458358,83.8864974975586,794000,0.0,0.0
2020-08-21 00:00:00-04:00,84.05238214971546,84.20906408839838,81.96951012886838,82.18148040771484,1046900,0.0,0.0
2020-08-24 00:00:00-04:00,82.56856129891308,83.70216562669769,82.11696602818218,83.69294738769531,836400,0.0,0.0
2020-08-25 00:00:00-04:00,83.8311873152572,84.72516659018304,83.31507846847761,83.51783752441406,596800,0.0,0.0
2020-08-26 00:00:00-04:00,83.36117221528164,83.68374734027874,82.0708998411216,83.44412231445312,804900,0.0,0.0
2020-08-27 00:00:00-04:00,83.72982167464087,84.66988526599971,83.34273997535517,84.4947738647461,643300,0.0,0.0
2020-08-28 00:00:00-04:00,84.99243909390103,84.99243909390103,83.61921689687026,84.15375518798828,568200,0.0,0.0
2020-08-31 00:00:00-04:00,83.71138234999742,83.7482482738833,81.98793732347588,83.39802551269531,1467300,0.0,0.0
2020-09-01 00:00:00-04:00,83.00172340846487,83.28743255310317,81.28749666645844,82.66993713378906,929900,0.0,0.0
2020-09-02 00:00:00-04:00,82.78054007702357,84.67908952076809,82.48561970681611,84.45790100097656,903900,0.0,0.0
2020-09-03 00:00:00-04:00,84.55928329121495,84.55928329121495,81.30594087381759,82.03402709960938,1155900,0.0,0.0
2020-09-04 00:00:00-04:00,82.2644358481486,83.37960378091427,80.14469073305098,81.55477905273438,1057300,0.0,0.0
2020-09-08 00:00:00-04:00,80.30136883268072,81.01102565621747,78.91892814582192,79.76683044433594,1176300,0.0,0.0
2020-09-09 00:00:00-04:00,80.57784366222225,81.00179121093579,79.53640775112957,80.33821868896484,805600,0.0,0.0
2020-09-10 00:00:00-04:00,80.72530764529036,81.16769171058657,78.89127183660551,79.16776275634766,973100,0.0,0.0
2020-09-11 00:00:00-04:00,79.96035529984312,80.54097774083992,79.56405543430245,80.33821868896484,621000,0.0,0.0
2020-09-14 00:00:00-04:00,81.10615995413644,82.79008854412231,81.05989534833404,81.73531341552734,714700,0.34,0.0
2020-09-15 00:00:00-04:00,82.08692136357485,83.07692338791645,81.83710374436411,82.10542297363281,1082600,0.0,0.0
2020-09-16 00:00:00-04:00,82.31822896919353,83.35448853124876,82.31822896919353,82.43850708007812,934400,0.0,0.0
2020-09-17 00:00:00-04:00,82.16094416384423,83.67833035360718,81.53178351987016,83.4840316772461,639200,0.0,0.0
2020-09-18 00:00:00-04:00,83.29897287792727,83.82635696948972,82.70682256666375,83.32672882080078,1719100,0.0,0.0
2020-09-21 00:00:00-04:00,81.6890634487496,82.12392537128758,80.68980716619272,81.81859588623047,1384700,0.0,0.0
2020-09-22 00:00:00-04:00,83.30823651041752,84.99216546958701,81.9758946318696,84.75160217285156,885000,0.0,0.0
2020-09-23 00:00:00-04:00,86.06543408547813,87.36076566356286,83.02141440661444,83.27122497558594,1054000,0.0,0.0
2020-09-24 00:00:00-04:00,82.4570044968151,82.9473782667987,81.01363206821699,81.44849395751953,1099600,0.0,0.0
2020-09-25 00:00:00-04:00,81.2171858868558,85.25121396799135,80.8285886000737,85.10317993164062,783600,0.0,0.0
2020-09-28 00:00:00-04:00,85.63058838483556,86.1672198609056,84.60357593494103,84.7238540649414,709400,0.0,0.0
2020-09-29 00:00:00-04:00,84.69607902491265,84.8996320136377,83.26196082906864,83.79859924316406,443400,0.0,0.0
2020-09-30 00:00:00-04:00,83.8078514329991,84.09467224123529,82.07765813208535,82.4847640991211,715000,0.0,0.0
2020-10-01 00:00:00-04:00,83.11394239464093,83.7431030875129,81.40225739548602,83.65982818603516,818900,0.0,0.0
2020-10-02 00:00:00-04:00,82.2072158148499,84.14096269321982,82.04067305527253,83.632080078125,802200,0.0,0.0
2020-10-05 00:00:00-04:00,83.86337602931425,84.1224409352503,82.3089795347087,83.10468292236328,565600,0.0,0.0
2020-10-06 00:00:00-04:00,83.25272742887773,84.85338154517738,82.18870475711805,82.3552474975586,635500,0.0,0.0
2020-10-07 00:00:00-04:00,82.6698111023921,83.1324289676086,81.14317073537994,81.86486053466797,946400,0.0,0.0
2020-10-08 00:00:00-04:00,82.49403360410389,83.80786684608842,82.19795134890677,82.52178955078125,586200,0.0,0.0
2020-10-09 00:00:00-04:00,83.37299832140684,84.45552251089532,83.0676688139135,84.07617950439453,973500,0.0,0.0
2020-10-12 00:00:00-04:00,84.3259943398896,84.3259943398896,82.56804482277293,83.0029067993164,696800,0.0,0.0
2020-10-13 00:00:00-04:00,82.80859117900485,83.34522955342811,80.82858744067282,81.5965347290039,834100,0.0,0.0
2020-10-14 00:00:00-04:00,81.67055437182188,83.41925638702695,81.16167895826536,81.87410736083984,600500,0.0,0.0
2020-10-15 00:00:00-04:00,81.17092842601902,82.34597462083352,80.54176788812954,81.2171859741211,642400,0.0,0.0
2020-10-16 00:00:00-04:00,81.72606845774249,82.43849681797096,81.18017574155175,81.2634506225586,677900,0.0,0.0
2020-10-19 00:00:00-04:00,81.43925388148703,81.70757311673157,79.50551440336515,79.90336608886719,618600,0.0,0.0
2020-10-20 00:00:00-04:00,80.29197946162215,80.42151193772739,79.246465316204,79.6905746459961,470300,0.0,0.0
2020-10-21 00:00:00-04:00,79.20942290422924,80.05138365744253,78.20091239615272,78.23792266845703,1042000,0.0,0.0
2020-10-22 00:00:00-04:00,78.53402340350691,79.56103585322452,78.3582333764582,79.39449310302734,746300,0.0,0.0
2020-10-23 00:00:00-04:00,79.9958983250519,80.43076034520162,78.95963153360977,79.38524627685547,642500,0.0,0.0
2020-10-26 00:00:00-04:00,78.76531129258248,78.85784050823743,76.54475129662524,77.20166778564453,708400,0.0,0.0
2020-10-27 00:00:00-04:00,77.33119489644926,77.62727001280636,76.10062982637638,76.51698303222656,583300,0.0,0.0
2020-10-28 00:00:00-04:00,75.11063281823806,75.52698605082843,73.23240551643899,73.40819549560547,727600,0.0,0.0
2020-10-29 00:00:00-04:00,73.46372262198406,75.54550313486718,73.28792556424196,75.17540740966797,999600,0.0,0.0
2020-10-30 00:00:00-04:00,75.20315675600993,77.13690304455518,75.20315675600993,76.79456329345703,1480200,0.0,0.0
2020-11-02 00:00:00-05:00,78.59876770303947,80.89335528110783,77.86783773229979,79.3204574584961,1352600,0.0,0.0
2020-11-03 00:00:00-05:00,79.69054507079247,81.86485452488243,79.55176536860621,81.38372802734375,1042700,0.0,0.0
2020-11-04 00:00:00-05:00,82.059159580182,86.69458552916528,82.059159580182,85.41776275634766,1806300,0.0,0.0
2020-11-05 00:00:00-05:00,86.0006624237033,86.37075814533343,84.40926282097463,84.5665512084961,1049800,0.0,0.0
2020-11-06 00:00:00-05:00,84.11317588903178,84.11317588903178,82.43849457119599,83.70606994628906,809400,0.0,0.0
2020-11-09 00:00:00-05:00,87.31450511445358,90.21049063143703,87.03693155045357,87.55506134033203,1048100,0.0,0.0
2020-11-10 00:00:00-05:00,87.37002378529787,88.86890844106084,86.89815151346684,87.8418960571289,647700,0.0,0.0
2020-11-11 00:00:00-05:00,88.43402287831715,89.05392905393819,86.98140322701761,87.88813018798828,588600,0.0,0.0
2020-11-12 00:00:00-05:00,87.31449977015173,87.70309708877551,86.43552157727774,87.12020111083984,625100,0.0,0.0
2020-11-13 00:00:00-05:00,87.96216803074391,91.29301552950857,87.7863709682544,91.10797119140625,790500,0.0,0.0
2020-11-16 00:00:00-05:00,91.78338835631462,93.36554778312052,91.46881157324655,93.10647583007812,1349800,0.0,0.0
2020-11-17 00:00:00-05:00,92.31077393814893,93.22676247530345,90.5620788166562,92.78264617919922,1464900,0.0,0.0
2020-11-18 00:00:00-05:00,92.67160997186939,94.86441403641557,91.85739804803144,92.08870697021484,1090000,0.0,0.0
2020-11-19 00:00:00-05:00,91.91294450521416,93.06948955118669,91.1542512374158,92.83818054199219,864100,0.0,0.0
2020-11-20 00:00:00-05:00,92.88442263079838,94.15199823486797,91.47806730207694,92.86592102050781,1032300,0.0,0.0
2020-11-23 00:00:00-05:00,92.7826306152975,94.91992272549138,92.4402979397355,94.72562408447266,740400,0.0,0.0
2020-11-24 00:00:00-05:00,95.00319707975434,95.78039163952951,94.34628061356692,94.90142059326172,705200,0.0,0.0
2020-11-25 00:00:00-05:00,95.11423525699611,95.29002524445546,93.55983895821524,94.96619415283203,527300,0.0,0.0
2020-11-27 00:00:00-05:00,94.68864483333758,95.46584671103014,94.42033261663569,94.63313293457031,282800,0.0,0.0
2020-11-30 00:00:00-05:00,94.07797594557519,94.10573188999511,92.72713253155734,93.1712417602539,1783200,0.0,0.0
2020-12-01 00:00:00-05:00,93.57834433856159,94.97545231472202,93.03245862767766,94.04096221923828,920200,0.0,0.0
2020-12-02 00:00:00-05:00,93.93917263672198,95.41954823689979,93.5043107600162,95.39179229736328,516700,0.0,0.0
2020-12-03 00:00:00-05:00,94.8366683726336,95.7619041616349,94.08722964241899,95.197509765625,792600,0.0,0.0
2020-12-04 00:00:00-05:00,95.2993088486129,97.03875000286554,95.09575579736183,96.97398376464844,388900,0.0,0.0
2020-12-07 00:00:00-05:00,96.02096674071201,96.87218195193667,95.58610480091566,95.76190185546875,652800,0.0,0.0
2020-12-08 00:00:00-05:00,95.19750553989763,96.42807077880308,95.15124092890566,96.17825317382812,529400,0.0,0.0
2020-12-09 00:00:00-05:00,96.18749955340786,96.68712766305147,95.18824333412064,96.32628631591797,698100,0.0,0.0
2020-12-10 00:00:00-05:00,95.48433832082942,97.5476174030645,95.48433832082942,96.98322296142578,1009200,0.0,0.0
2020-12-11 00:00:00-05:00,96.2522908711319,98.60239093652703,95.72490668323941,97.53836822509766,847200,0.0,0.0
2020-12-14 00:00:00-05:00,97.91891720595,99.0049509837312,96.65652465820312,96.65652465820312,859300,0.34,0.0
2020-12-15 00:00:00-05:00,97.21346829775784,97.34341984737165,95.67260409258212,97.31556701660156,1016000,0.0,0.0
2020-12-16 00:00:00-05:00,97.74255708354345,98.98638106029713,97.24131236577118,97.54762268066406,958600,0.0,0.0
2020-12-17 00:00:00-05:00,97.5940538244929,98.12314438203094,96.67510855757511,97.30630493164062,777400,0.0,0.0
2020-12-18 00:00:00-05:00,97.40841019555744,99.0142433339622,96.69366948391998,98.08601379394531,2124100,0.0,0.0
2020-12-21 00:00:00-05:00,96.74937549860233,96.87004279860857,94.2988428095679,95.72831726074219,787200,0.0,0.0
2020-12-22 00:00:00-05:00,95.28275940190449,95.81184993257926,94.06677394367858,95.00428771972656,807300,0.0,0.0
2020-12-23 00:00:00-05:00,95.65406820018214,97.79827642403829,95.65406820018214,97.10210418701172,638400,0.0,0.0
2020-12-24 00:00:00-05:00,97.54762240394425,97.57547523415386,95.97891956322196,96.75862884521484,198200,0.0,0.0
2020-12-28 00:00:00-05:00,97.380546787218,97.84466147308179,96.4059031141728,97.25987243652344,404600,0.0,0.0
2020-12-29 00:00:00-05:00,97.85395034896294,97.97462471406271,96.04390569075566,96.15528869628906,371700,0.0,0.0
2020-12-30 00:00:00-05:00,96.22954751527381,97.45481013316477,96.22954751527381,96.51730346679688,285100,0.0,0.0
2020-12-31 00:00:00-05:00,96.3966373644,97.67759867594712,95.85826252568683,97.57549285888672,344300,0.0,0.0
2021-01-04 00:00:00-05:00,97.51052473126852,97.81683512467521,94.4009498286784,95.08784484863281,666200,0.0,0.0
2021-01-05 00:00:00-05:00,95.14350821438443,95.85824169667357,93.85326998660877,95.13422393798828,698000,0.0,0.0
2021-01-06 00:00:00-05:00,94.69795264788647,97.60331496834657,94.3823580765725,96.52656555175781,1126600,0.0,0.0
2021-01-07 00:00:00-05:00,96.36879394064977,97.11138043143535,95.70975179394664,96.70295715332031,701900,0.0,0.0
2021-01-08 00:00:00-05:00,96.92571836617829,98.24380249773515,96.1831390484047,97.14849853515625,582700,0.0,0.0
2021-01-11 00:00:00-05:00,97.928193815825,98.65221155644197,96.33163824327076,96.52656555175781,671500,0.0,0.0
2021-01-12 00:00:00-05:00,96.17385520420544,97.95605407308602,95.56122035949903,97.81681823730469,582400,0.0,0.0
2021-01-13 00:00:00-05:00,97.9931954215777,98.90286351618226,96.99999006495138,98.01175689697266,667800,0.0,0.0
2021-01-14 00:00:00-05:00,97.91892647013567,100.45299608227104,97.15777857508388,98.6429443359375,613000,0.0,0.0
2021-01-15 00:00:00-05:00,98.31806082721992,99.90533232370835,97.76112457821448,99.46907043457031,604900,0.0,0.0
2021-01-19 00:00:00-05:00,100.15597072366526,103.59041725550257,99.94247480932219,101.26055908203125,844400,0.0,0.0
2021-01-20 00:00:00-05:00,101.51116928485948,102.59719599963567,100.72217569929971,101.77107238769531,491500,0.0,0.0
2021-01-21 00:00:00-05:00,101.48334364323287,102.56937057319222,100.87999298820107,101.46477508544922,555500,0.0,0.0
2021-01-22 00:00:00-05:00,101.17699262008449,104.49077090244168,100.73143944483598,104.00809478759766,726700,0.0,0.0
2021-01-25 00:00:00-05:00,103.78532659863819,105.58609389476473,102.9313572531501,104.6114501953125,800100,0.0,0.0
2021-01-26 00:00:00-05:00,105.2241041079014,105.47472297457251,103.75749969482422,103.75749969482422,416400,0.0,0.0
2021-01-27 00:00:00-05:00,102.20735144723547,104.22160777512437,101.48333356582502,103.37692260742188,896000,0.0,0.0
2021-01-28 00:00:00-05:00,103.76678510914701,104.64860037326068,100.49941303711584,100.76860046386719,772500,0.0,0.0
2021-01-29 00:00:00-05:00,99.75682023083574,100.66648112698049,98.30878455347873,98.44801330566406,983100,0.0,0.0
2021-02-01 00:00:00-05:00,99.36697248450129,99.43194826732456,95.22706261263274,97.51979064941406,1037400,0.0,0.0
2021-02-02 00:00:00-05:00,98.2252426147461,98.78217888254977,96.49873522727448,98.2252426147461,745800,0.0,0.0
2021-02-03 00:00:00-05:00,97.6404707893111,98.17883855802289,95.88611746757238,96.04391479492188,855900,0.0,0.0
2021-02-04 00:00:00-05:00,97.92821903809597,99.57118225097656,96.7586478041126,99.57118225097656,851600,0.0,0.0
2021-02-05 00:00:00-05:00,99.27415238656779,100.46229221731234,98.76363035824056,99.09779357910156,721400,0.0,0.0
2021-02-08 00:00:00-05:00,99.65473276766033,101.19559025736888,99.23703227056276,100.33233642578125,621200,0.0,0.0
2021-02-09 00:00:00-05:00,100.5829526556302,102.13309427445526,100.03529354919044,101.86390686035156,541700,0.0,0.0
2021-02-10 00:00:00-05:00,102.12380414099732,102.5600731291235,100.67576842026271,101.50189208984375,456600,0.0,0.0
2021-02-11 00:00:00-05:00,101.0749153884929,102.45797543857732,101.0749153884929,101.90103912353516,541900,0.0,0.0
2021-02-12 00:00:00-05:00,101.39051704064042,101.75252599923009,99.75683104685791,100.06314849853516,731000,0.0,0.0
2021-02-16 00:00:00-05:00,100.833578957446,100.833578957446,96.15530092089347,97.66831970214844,1438800,0.0,0.0
2021-02-17 00:00:00-05:00,96.8514494499013,98.29949208847634,96.18313024959139,97.90963745117188,656600,0.0,0.0
2021-02-18 00:00:00-05:00,97.46408998022154,98.29021360493618,96.5637063015974,97.49193572998047,706100,0.0,0.0
2021-02-19 00:00:00-05:00,97.8818058888806,97.8818058888806,95.37558886814301,96.31310272216797,1061800,0.0,0.0
2021-02-22 00:00:00-05:00,96.11816997512075,97.24132684854885,94.56802128894414,96.35022735595703,1326500,0.0,0.0
2021-02-23 00:00:00-05:00,90.8922486714482,91.73694108050714,84.9794301353574,86.79875946044922,3113800,0.0,0.0
2021-02-24 00:00:00-05:00,85.70342318182982,85.97261056072792,83.29002813059346,83.89337158203125,1609900,0.0,0.0
2021-02-25 00:00:00-05:00,83.54066318469067,83.77272058242592,81.65635824817319,82.73310089111328,1707900,0.0,0.0
2021-02-26 00:00:00-05:00,82.65884925185028,84.70095155243736,82.08334434663797,82.1019058227539,4607400,0.0,0.0
2021-03-01 00:00:00-05:00,83.25291812842603,86.49243756773704,82.87234057925887,85.80554962158203,1589500,0.0,0.0
2021-03-02 00:00:00-05:00,85.29500476699695,86.17681992389288,83.5777816772461,83.5777816772461,1214000,0.0,0.0
2021-03-03 00:00:00-05:00,83.95837190924645,85.12794329154973,82.79808480667627,83.79129028320312,1318200,0.0,0.0
2021-03-04 00:00:00-05:00,83.79127191869497,84.5617040855855,81.84199142996638,82.68668365478516,1382300,0.0,0.0
2021-03-05 00:00:00-05:00,83.44781375983759,84.710206148265,82.47317018227186,84.2089614868164,1449300,0.0,0.0
2021-03-08 00:00:00-05:00,84.29252219680474,86.99367355541882,83.65204863033811,85.3971176147461,734700,0.0,0.0
2021-03-09 00:00:00-05:00,85.99116851829048,88.14466037962897,85.96332277020265,86.5666732788086,924600,0.0,0.0
2021-03-10 00:00:00-05:00,87.1607441076691,88.39529093807933,86.42744201475992,87.68983459472656,577900,0.0,0.0
2021-03-11 00:00:00-05:00,87.87548604830121,88.89653709335647,87.31854975843736,87.8383560180664,811500,0.0,0.0
2021-03-12 00:00:00-05:00,87.78245436417393,88.51839352492378,87.45639691204097,88.43455505371094,662000,0.34,0.0
2021-03-15 00:00:00-04:00,88.42525956256291,89.39410019335524,88.05262745727875,88.76062774658203,776300,0.0,0.0
2021-03-16 00:00:00-04:00,88.40663839812129,89.17984883614031,87.13969340078336,88.17374420166016,962600,0.0,0.0
2021-03-17 00:00:00-04:00,88.70472390408669,90.98708370322127,87.79177572001366,90.63308715820312,786200,0.0,0.0
2021-03-18 00:00:00-04:00,90.36293566134329,91.8068823215585,89.75740941327348,90.37225341796875,915800,0.0,0.0
2021-03-19 00:00:00-04:00,90.83804238383082,90.83804238383082,88.45320129394531,88.45320129394531,1548300,0.0,0.0
2021-03-22 00:00:00-04:00,88.12714028308092,89.07735234500919,86.85088495721484,88.93761444091797,806300,0.0,0.0
2021-03-23 00:00:00-04:00,88.53704270242919,89.4686193212165,87.27009793228922,87.79177856445312,692100,0.0,0.0
2021-03-24 00:00:00-04:00,88.10852411924583,89.37546897290943,88.04331403592634,88.38799285888672,581600,0.0,0.0
2021-03-25 00:00:00-04:00,88.61157947108686,89.80399652616977,87.68000275838253,89.67357635498047,570400,0.0,0.0
2021-03-26 00:00:00-04:00,89.41271965335032,89.7108238625789,87.10240670130507,89.61766052246094,1146700,0.0,0.0
2021-03-29 00:00:00-04:00,89.60834584562046,91.84412376063354,89.43134403619214,91.4621810913086,827600,0.0,0.0
2021-03-30 00:00:00-04:00,91.21067161770833,91.38766634510385,88.63020036221741,90.05551147460938,686400,0.0,0.0
2021-03-31 00:00:00-04:00,89.96236544374833,90.43747157092704,89.00284253930033,89.69220733642578,811900,0.0,0.0
2021-04-01 00:00:00-04:00,90.15798504274044,90.55856327761747,89.24504392618901,89.8505630493164,605600,0.0,0.0
2021-04-05 00:00:00-04:00,92.39377277867757,93.48371575750777,91.58329853147866,93.08313751220703,728400,0.0,0.0
2021-04-06 00:00:00-04:00,92.35651910242555,93.60483565239336,91.87210231612109,92.89683532714844,889500,0.0,0.0
2021-04-07 00:00:00-04:00,93.03656256117287,93.71660953530697,91.66714374897977,91.78824615478516,488700,0.0,0.0
2021-04-08 00:00:00-04:00,92.1981553665277,93.89362482758429,91.974578928632,93.47441101074219,646400,0.0,0.0
2021-04-09 00:00:00-04:00,93.63276879830157,93.94018368370718,93.15766272832474,93.77250671386719,661700,0.0,0.0
2021-04-12 00:00:00-04:00,93.77250752667445,94.08924017116064,93.35329377634392,93.6793441772461,978500,0.0,0.0
2021-04-13 00:00:00-04:00,93.34398353128483,93.87498197187354,92.6266725915783,92.73846435546875,926500,0.0,0.0
2021-04-14 00:00:00-04:00,92.83161505707817,94.26624395811893,92.83161505707817,93.26013946533203,933000,0.0,0.0
2021-04-15 00:00:00-04:00,93.62346203987761,94.79725071820137,93.15767367152002,94.20104217529297,1071600,0.0,0.0
2021-04-16 00:00:00-04:00,94.40596873171391,96.18528343981143,94.19171009497502,94.28486633300781,1392600,0.0,0.0
2021-04-19 00:00:00-04:00,94.5363970538848,94.76929120526104,93.5396103702891,94.54570770263672,796900,0.0,0.0
2021-04-20 00:00:00-04:00,94.72271521560528,94.82518921694873,92.98066430013264,94.58297729492188,934500,0.0,0.0
2021-04-21 00:00:00-04:00,94.77859099044379,94.95559279955864,94.35006665391303,94.47117614746094,456500,0.0,0.0
2021-04-22 00:00:00-04:00,94.41529021173474,95.08602652381123,93.78181781781426,94.3593978881836,778500,0.0,0.0
2021-04-23 00:00:00-04:00,94.75997566443043,94.75997566443043,93.34397521083514,93.77250671386719,990400,0.0,0.0
2021-04-26 00:00:00-04:00,93.95881350937469,93.99607742509444,92.9620268628083,93.02723693847656,1016400,0.0,0.0
2021-04-27 00:00:00-04:00,93.2042464246333,94.00540291006665,92.87818891211808,93.40918731689453,762500,0.0,0.0
2021-04-28 00:00:00-04:00,93.53028257649983,93.79112286086936,92.07701839486792,92.37512969970703,805200,0.0,0.0
2021-04-29 00:00:00-04:00,93.26013601796339,94.78792110652101,93.21355434400658,93.92155456542969,1416200,0.0,0.0
2021-04-30 00:00:00-04:00,93.80979657508543,94.52711481094033,93.15769554918836,94.35011291503906,949300,0.0,0.0
2021-05-03 00:00:00-04:00,94.8438129527378,97.12617992520528,94.48981639748806,96.6044921875,833400,0.0,0.0
2021-05-04 00:00:00-04:00,95.8033378525823,97.69444439420238,94.13582192831294,97.62923431396484,1198600,0.0,0.0
2021-05-05 00:00:00-04:00,97.81554233696059,97.81554233696059,95.067394228535,96.61380767822266,875900,0.0,0.0
2021-05-06 00:00:00-04:00,97.23796241677395,97.61059447620612,96.21322958385952,96.79080963134766,717500,0.0,0.0
2021-05-07 00:00:00-04:00,96.3157101473256,97.61060113396529,96.11076214529068,96.91191864013672,642200,0.0,0.0
2021-05-10 00:00:00-04:00,97.31248784048967,98.72848820979594,97.31248784048967,97.33112335205078,537700,0.0,0.0
2021-05-11 00:00:00-04:00,96.59518193282278,98.1881770989955,95.32823716194292,97.51744079589844,1129300,0.0,0.0
2021-05-12 00:00:00-04:00,97.00507455785676,97.13549472100965,94.09855994203132,94.52708435058594,941400,0.0,0.0
2021-05-13 00:00:00-04:00,95.01150381646373,96.80944709719523,94.93698308349458,96.3716049194336,399200,0.0,0.0
2021-05-14 00:00:00-04:00,96.53929830672857,96.93056595249847,95.9244613331474,96.30640411376953,491400,0.0,0.0
2021-05-17 00:00:00-04:00,95.78472339589864,96.64177232021989,95.56114696072063,96.30640411376953,385800,0.0,0.0
2021-05-18 00:00:00-04:00,96.1200820279116,96.61381653062561,95.73813217796842,95.96171569824219,432400,0.0,0.0
2021-05-19 00:00:00-04:00,95.73813246210335,95.90581654912332,94.3035106266021,95.10466003417969,802000,0.0,0.0
2021-05-20 00:00:00-04:00,95.34686786822309,96.1293959431773,95.1139737077695,95.7101821899414,371400,0.0,0.0
2021-05-21 00:00:00-04:00,96.34365459066979,96.8187606680575,95.31892170614717,95.7101821899414,470300,0.0,0.0
2021-05-24 00:00:00-04:00,95.97099466864674,96.5672100852059,95.84057454522046,95.9057846069336,345800,0.0,0.0
2021-05-25 00:00:00-04:00,96.11076841064818,96.11076841064818,94.98356143334057,95.35619354248047,339100,0.0,0.0
2021-05-26 00:00:00-04:00,95.67291619667367,96.1293938585671,95.06739707851791,95.57044219970703,577000,0.0,0.0
2021-05-27 00:00:00-04:00,96.37158294196031,96.43679301054098,95.73811065830628,95.86853790283203,661300,0.0,0.0
2021-05-28 00:00:00-04:00,96.27844990499447,96.42750558757264,95.26303472005368,95.7195053100586,745100,0.0,0.0
2021-06-01 00:00:00-04:00,96.50201669842546,96.66039012221349,95.74744192587566,96.13870239257812,382100,0.0,0.0
2021-06-02 00:00:00-04:00,96.4554436248453,97.0143881726901,96.10144706959555,96.6044921875,533100,0.0,0.0
2021-06-03 00:00:00-04:00,96.32502417739107,96.73491305823744,95.87786427139933,96.4554443359375,408800,0.0,0.0
2021-06-04 00:00:00-04:00,96.81876538476345,97.48018397978997,96.51134337222032,97.135498046875,509400,0.0,0.0
2021-06-07 00:00:00-04:00,97.24728198106483,97.71307028717487,96.67901967902134,97.2845458984375,392800,0.0,0.0
2021-06-08 00:00:00-04:00,97.81553555860606,98.03911193553499,97.13548156510092,97.73169708251953,624100,0.0,0.0
2021-06-09 00:00:00-04:00,97.98322984996155,98.21612400656372,97.25660121854126,97.75033569335938,634100,0.0,0.0
2021-06-10 00:00:00-04:00,98.32790579430156,99.44579478974146,97.94595600465124,99.38058471679688,356500,0.0,0.0
2021-06-11 00:00:00-04:00,99.73459160188506,99.73459160188506,98.55149241058655,99.57622528076172,602200,0.0,0.0
2021-06-14 00:00:00-04:00,99.37995424909606,99.71639251708984,98.71642520112061,99.71639251708984,426900,0.34,0.0
2021-06-15 00:00:00-04:00,99.99676996678551,100.56684558092499,99.35192870127317,100.14630126953125,612000,0.0,0.0
2021-06-16 00:00:00-04:00,100.08088321136017,100.30518018169202,98.88466122310552,98.95942687988281,573000,0.0,0.0
2021-06-17 00:00:00-04:00,99.63230972009362,99.71641574165875,98.29590382487343,98.96878051757812,523300,0.0,0.0
2021-06-18 00:00:00-04:00,97.95010482862122,98.7070945712345,96.64174157974877,96.6697769165039,1790900,0.0,0.0
2021-06-21 00:00:00-04:00,97.35200604826052,99.10896342504277,96.91276670406496,98.8846664428711,522600,0.0,0.0
2021-06-22 00:00:00-04:00,98.86596256522066,99.2210887010197,98.26785163648297,98.53887176513672,674500,0.0,0.0
2021-06-23 00:00:00-04:00,98.43607336886508,98.68839852697968,96.67911623071574,96.76322937011719,726100,0.0,0.0
2021-06-24 00:00:00-04:00,96.97817148405488,97.09966744846665,95.24925681630498,96.32398986816406,751000,0.0,0.0
2021-06-25 00:00:00-04:00,96.4922168125955,96.80996015740162,95.87541084202539,96.454833984375,1263200,0.0,0.0
2021-06-28 00:00:00-04:00,96.58567329683785,96.90342378148885,94.85675843608097,95.42683410644531,448100,0.0,0.0
2021-06-29 00:00:00-04:00,95.21188519241609,95.72589018683306,94.24930050291314,94.32406616210938,468000,0.0,0.0
2021-06-30 00:00:00-04:00,95.00627783054158,95.324021145271,94.04368613758213,94.48292541503906,525700,0.0,0.0
2021-07-01 00:00:00-04:00,94.81003888046638,96.32401155676193,94.63247933334182,96.28662872314453,509500,0.0,0.0
2021-07-02 00:00:00-04:00,96.53893789385162,96.54827825247902,95.74456534774846,95.84736633300781,341200,0.0,0.0
2021-07-06 00:00:00-04:00,95.47355897312796,95.47355897312796,92.84747061747828,94.75395202636719,763600,0.0,0.0
2021-07-07 00:00:00-04:00,94.86609120493853,97.23984702645517,94.86609120493853,97.18376922607422,576300,0.0,0.0
2021-07-08 00:00:00-04:00,96.38942331066691,97.87536054525323,96.1464384733671,96.94081115722656,748400,0.0,0.0
2021-07-09 00:00:00-04:00,97.79124239802184,98.80055739675093,97.34266270750598,97.9781494140625,519000,0.0,0.0
2021-07-12 00:00:00-04:00,97.35198557661609,98.53886701837574,97.35198557661609,98.2117691040039,741900,0.0,0.0
2021-07-13 00:00:00-04:00,98.42673928699408,99.2304523149755,97.71647976993113,97.87535858154297,813300,0.0,0.0
2021-07-14 00:00:00-04:00,97.6697490857082,97.98749242446108,96.01559283617962,97.69778442382812,408200,0.0,0.0
2021-07-15 00:00:00-04:00,97.31462055482947,98.80055771835849,97.31462055482947,98.54822540283203,450900,0.0,0.0
2021-07-16 00:00:00-04:00,98.80053781143344,99.73508696647153,98.75380750166386,99.32388305664062,498100,0.0,0.0
2021-07-19 00:00:00-04:00,98.56691087099337,98.79120069533782,95.3707541364164,96.4922103881836,911100,0.0,0.0
2021-07-20 00:00:00-04:00,97.09029767314195,98.86594224731438,96.64171813379846,98.08091735839844,615100,0.0,0.0
2021-07-21 00:00:00-04:00,98.3799894276413,99.36126892251178,98.20242993117436,98.73512268066406,344500,0.0,0.0
2021-07-22 00:00:00-04:00,98.49215563095404,98.81924647812524,97.98749812529891,98.32393646240234,283400,0.0,0.0
2021-07-23 00:00:00-04:00,99.01550308610541,99.45474243164062,98.53888804014011,99.45474243164062,451900,0.0,0.0
2021-07-26 00:00:00-04:00,99.06221941138425,100.09022214907833,98.8753124154562,99.49211120605469,502700,0.0,0.0
2021-07-27 00:00:00-04:00,99.11829504708987,100.34255946086667,98.78185673353771,99.7724838256836,563800,0.0,0.0
2021-07-28 00:00:00-04:00,99.40800908757453,100.21172203560202,98.66971430368672,99.55753326416016,595800,0.0,0.0
2021-07-29 00:00:00-04:00,100.47339219347164,100.88458901638982,99.75378527578611,99.96873474121094,822200,0.0,0.0
2021-07-30 00:00:00-04:00,99.85659894669988,100.70704229742479,99.18372225822431,99.45474243164062,576800,0.0,0.0
2021-08-02 00:00:00-04:00,99.8846369882781,101.70701259052387,99.71641781160997,100.0995864868164,564900,0.0,0.0
2021-08-03 00:00:00-04:00,97.18379928245228,97.19314677374746,88.06260141116503,89.14667510986328,3012300,0.0,0.0
2021-08-04 00:00:00-04:00,88.7915288483193,91.79143117337509,88.10930473855032,88.29621887207031,1644300,0.0,0.0
2021-08-05 00:00:00-04:00,88.79152774903923,89.17468924043251,86.95981204349162,88.08126831054688,1245200,0.0,0.0
2021-08-06 00:00:00-04:00,88.21209864810487,89.16534282742076,88.03453201802661,88.20275115966797,598200,0.0,0.0
2021-08-09 00:00:00-04:00,87.86631472773524,88.1373348577592,87.32428159773202,87.57660675048828,557700,0.0,0.0
2021-08-10 00:00:00-04:00,87.3710179238339,88.38968043681733,86.6233827116892,88.38033294677734,862100,0.0,0.0
2021-08-11 00:00:00-04:00,88.7821952404518,90.4363445829746,88.54855788455588,90.06253051757812,853100,0.0,0.0
2021-08-12 00:00:00-04:00,89.99709837515711,90.78211634670674,89.34290960215392,89.61392974853516,534100,0.0,0.0
2021-08-13 00:00:00-04:00,89.42703275037256,90.08121446652359,89.01582874019424,89.38030242919922,739300,0.0,0.0
2021-08-16 00:00:00-04:00,89.92234407496233,91.51107519704557,89.02517750989867,91.48303985595703,946800,0.0,0.0
2021-08-17 00:00:00-04:00,91.29611607522668,92.46430260651971,90.80080612676561,92.37084197998047,830300,0.0,0.0
2021-08-18 00:00:00-04:00,92.05309819511875,92.47364249221563,90.15596441880824,90.30548858642578,529700,0.0,0.0
2021-08-19 00:00:00-04:00,89.87560559318277,90.94099123809586,89.59524507770561,90.34288024902344,499600,0.0,0.0
2021-08-20 00:00:00-04:00,89.39898030086378,90.30548703974769,89.06254201693064,90.00643157958984,542300,0.0,0.0
2021-08-23 00:00:00-04:00,90.09055355900489,90.41764438659072,89.70738492522912,90.0438232421875,420400,0.0,0.0
2021-08-24 00:00:00-04:00,89.99709784602628,90.90360465163977,89.83821905077474,90.40829467773438,479800,0.0,0.0
2021-08-25 00:00:00-04:00,90.21205182599613,91.54845774408442,90.10925082229349,91.22136688232422,604800,0.0,0.0
2021-08-26 00:00:00-04:00,91.08118333024711,91.6232236914458,90.70736214562575,91.48303985595703,635500,0.0,0.0
2021-08-27 00:00:00-04:00,91.88489023053857,92.24936390038248,91.34284990562615,91.78208923339844,470500,0.0,0.0
2021-08-30 00:00:00-04:00,91.79143041446643,92.50168985587989,91.58582843431688,91.64189910888672,556100,0.0,0.0
2021-08-31 00:00:00-04:00,91.41759379368514,91.86618050438499,90.83817077779032,91.68861389160156,1078400,0.0,0.0
2021-09-01 00:00:00-04:00,92.09049675297206,92.09049675297206,90.40830501709678,91.3615493774414,467500,0.0,0.0
2021-09-02 00:00:00-04:00,91.65125177641193,92.96896974361682,91.2307074332866,92.66991424560547,493900,0.0,0.0
2021-09-03 00:00:00-04:00,92.79141773792607,93.2119621474347,92.01573996656455,92.5390853881836,599700,0.0,0.0
2021-09-07 00:00:00-04:00,92.16525649134736,92.52038266607757,90.71670219354716,91.30546569824219,898400,0.0,0.0
2021-09-08 00:00:00-04:00,91.30546831302132,92.74467516242578,90.76343511081485,92.436279296875,773500,0.0,0.0
2021-09-09 00:00:00-04:00,92.48300065579411,92.91289249112684,92.13721483757091,92.57645416259766,637900,0.0,0.0
2021-09-10 00:00:00-04:00,92.63252945701964,92.72598296128722,90.83818937687374,90.87557220458984,676700,0.0,0.0
2021-09-13 00:00:00-04:00,91.1652778958127,93.00633384236482,91.1652778958127,91.81011199951172,1097100,0.0,0.0
2021-09-14 00:00:00-04:00,92.28850047526,92.28850047526,88.48027719098123,88.74291229248047,1128200,0.36,0.0
2021-09-15 00:00:00-04:00,88.48028274245331,89.90601930701914,88.13322510439987,88.30206298828125,1007300,0.0,0.0
2021-09-16 00:00:00-04:00,88.21764472612362,88.84609404581842,86.13531327875756,86.29476928710938,959400,0.0,0.0
2021-09-17 00:00:00-04:00,85.76951136949337,86.95136953106564,85.38493336402625,86.11656188964844,3231100,0.0,0.0
2021-09-20 00:00:00-04:00,84.88777076677191,86.9513380223518,84.72831479333323,86.51049041748047,752900,0.0,0.0
2021-09-21 00:00:00-04:00,86.9232106209635,86.9232106209635,84.68142337120392,85.26297760009766,653100,0.0,0.0
2021-09-22 00:00:00-04:00,86.10717420385087,87.02639707994008,85.97585665012384,86.49174499511719,512000,0.0,0.0
2021-09-23 00:00:00-04:00,86.60429942693125,87.81430292886739,86.60429942693125,87.2608871459961,462000,0.0,0.0
2021-09-24 00:00:00-04:00,87.62671307084644,89.12749031291031,87.27966258265471,88.87423706054688,525800,0.0,0.0
2021-09-27 00:00:00-04:00,88.97741225323801,90.84400364232096,88.96803038318673,90.61888885498047,859400,0.0,0.0
2021-09-28 00:00:00-04:00,90.83463374207594,91.15355295941502,89.82161348741715,90.5719985961914,806000,0.0,0.0
2021-09-29 00:00:00-04:00,90.7501972192706,92.6261702884028,90.40313962522417,91.87577819824219,892600,0.0,0.0
2021-09-30 00:00:00-04:00,92.54174417511176,92.64491609815005,90.15925779558252,90.16863250732422,983100,0.0,0.0
2021-10-01 00:00:00-04:00,90.87214312066793,91.82889350112372,89.68090323644687,91.3880386352539,513300,0.0,0.0
2021-10-04 00:00:00-04:00,91.01282087492953,92.50422299886553,90.32809479819218,91.79135131835938,800100,0.0,0.0
2021-10-05 00:00:00-04:00,91.88516642059218,91.88516642059218,89.99043663851918,90.44066619873047,903700,0.0,0.0
2021-10-06 00:00:00-04:00,90.15925718427232,90.97530078891482,88.70537537209343,90.92840576171875,677400,0.0,0.0
2021-10-07 00:00:00-04:00,91.50997001234965,92.31663905738124,89.64337869013464,91.4349365234375,932400,0.0,0.0
2021-10-08 00:00:00-04:00,91.378633366184,93.03887330161591,91.0222011104574,92.74809265136719,646500,0.0,0.0
2021-10-11 00:00:00-04:00,92.94507999318718,93.23586067802667,91.57562054509553,91.63190460205078,592400,0.0,0.0
2021-10-12 00:00:00-04:00,91.38804191404647,92.64494062192128,91.1441633751042,92.16657257080078,613900,0.0,0.0
2021-10-13 00:00:00-04:00,91.94144196822693,92.7012159687972,90.72206370075553,92.12904357910156,480000,0.0,0.0
2021-10-14 00:00:00-04:00,91.71631652340254,93.50787412845308,91.70693465488264,93.31089782714844,573400,0.0,0.0
2021-10-15 00:00:00-04:00,93.79865412582575,94.90547853076126,93.7705156745911,94.07067108154297,604100,0.0,0.0
2021-10-18 00:00:00-04:00,93.21710046870477,94.05190792306995,92.5698946175095,93.50788116455078,445800,0.0,0.0
2021-10-19 00:00:00-04:00,94.19260733638004,94.19260733638004,92.99198570117031,93.50788116455078,371000,0.0,0.0
2021-10-20 00:00:00-04:00,93.38592668140167,94.71787285077443,93.05763286215324,94.08941650390625,554100,0.0,0.0
2021-10-21 00:00:00-04:00,94.15509530722704,95.23378136256959,93.25462900152293,95.13998413085938,521000,0.0,0.0
2021-10-22 00:00:00-04:00,95.37447483563314,96.3124614067325,95.30881606190697,95.71215057373047,250900,0.0,0.0
2021-10-25 00:00:00-04:00,95.79657065473263,96.28432770327109,95.24316198549975,95.533935546875,545600,0.0,0.0
2021-10-26 00:00:00-04:00,95.08369852766212,95.50578960989277,94.1926070172305,94.73664093017578,517400,0.0,0.0
2021-10-27 00:00:00-04:00,95.02742780509841,95.02742780509841,92.79502209366106,92.8325424194336,894400,0.0,0.0
2021-10-28 00:00:00-04:00,92.68245551580847,93.97688162979581,91.20981681050853,92.41043853759766,447200,0.0,0.0
2021-10-29 00:00:00-04:00,92.39168385340727,94.00502201595222,92.2509844264374,93.7799072265625,700600,0.0,0.0
2021-11-01 00:00:00-04:00,93.85491805542051,95.12120543610509,93.08576948415326,94.87732696533203,683500,0.0,0.0
2021-11-02 00:00:00-04:00,95.11182201139229,95.50577458031452,89.91537651739387,92.08212280273438,1357500,0.0,0.0
2021-11-03 00:00:00-04:00,91.55688754117959,92.59805340960621,88.84610639726411,89.17440032958984,1067000,0.0,0.0
2021-11-04 00:00:00-04:00,89.02430718410378,89.95291186785863,88.34895572091135,88.89298248291016,774400,0.0,0.0
2021-11-05 00:00:00-04:00,89.37134833201809,90.79709175184043,88.77103757301987,88.81793975830078,539600,0.0,0.0
2021-11-08 00:00:00-05:00,88.95864625929315,90.19679544897144,88.73353147765613,89.87787628173828,699500,0.0,0.0
2021-11-09 00:00:00-05:00,89.8122201676155,89.8122201676155,88.41462208730064,88.52717590332031,542500,0.0,0.0
2021-11-10 00:00:00-05:00,88.95863994791078,89.47453540700863,87.80492051213828,88.18949127197266,517000,0.0,0.0
2021-11-11 00:00:00-05:00,87.93623251146761,88.07693191473973,86.30413803981007,86.73561096191406,602700,0.0,0.0
2021-11-12 00:00:00-05:00,86.71686265736581,88.11446791398649,86.48236599560303,87.76741027832031,620300,0.0,0.0
2021-11-15 00:00:00-05:00,88.02067130515522,88.77106355163768,87.67362079508052,88.43338775634766,429400,0.0,0.0
2021-11-16 00:00:00-05:00,88.41460948335813,89.18375812701692,87.97375468340692,88.03941345214844,542300,0.0,0.0
2021-11-17 00:00:00-05:00,87.7861469138593,88.39583952714918,87.2139817729463,87.94561004638672,557100,0.0,0.0
2021-11-18 00:00:00-05:00,88.13323451171371,88.22703175582187,85.38493303734595,85.51625061035156,489100,0.0,0.0
2021-11-19 00:00:00-05:00,85.67569571187252,86.51988511370016,85.2629864591891,86.33229064941406,609700,0.0,0.0
2021-11-22 00:00:00-05:00,86.51988570959415,88.85547759678168,86.21035555701725,87.59857177734375,719800,0.0,0.0
2021-11-23 00:00:00-05:00,87.88931615699508,87.95497491376854,87.15768796544283,87.50474548339844,679800,0.0,0.0
2021-11-24 00:00:00-05:00,87.70172643940904,88.8554528343753,87.02637510150375,87.32653045654297,575200,0.0,0.0
2021-11-26 00:00:00-05:00,86.43547123488837,87.08267715717055,85.1504269480399,85.50686645507812,345700,0.0,0.0
2021-11-29 00:00:00-05:00,86.18220142304536,86.4729821190842,84.73770128089157,84.93468475341797,468300,0.0,0.0
2021-11-30 00:00:00-05:00,84.42816713661668,85.00971418844952,82.36459253630822,82.4583969116211,1052900,0.0,0.0
2021-12-01 00:00:00-05:00,83.33073498762805,84.54073868930266,82.02693404721359,82.03631591796875,744100,0.0,0.0
2021-12-02 00:00:00-05:00,82.39272451039469,84.38125831666338,82.39272451039469,84.02482604980469,682800,0.0,0.0
2021-12-03 00:00:00-05:00,84.48445519498274,84.77522875930276,82.42088747839989,83.1056137084961,818600,0.0,0.0
2021-12-06 00:00:00-05:00,84.32499323670316,85.91018565799504,83.89352027754109,84.77522277832031,1064900,0.0,0.0
2021-12-07 00:00:00-05:00,85.40368086434378,85.56313686523897,84.07173448365015,84.24995422363281,667900,0.0,0.0
2021-12-08 00:00:00-05:00,84.02484441141965,85.29112493636998,83.79972246669108,84.86903381347656,859400,0.0,0.0
2021-12-09 00:00:00-05:00,84.80335773166077,84.80335773166077,82.91800297780854,83.06807708740234,783600,0.0,0.0
2021-12-10 00:00:00-05:00,83.48081666218228,84.08112758028507,82.55221182890928,82.63662719726562,736800,0.0,0.0
2021-12-13 00:00:00-05:00,82.65537402989695,84.57824208611233,82.65537402989695,84.09049224853516,1196100,0.0,0.0
2021-12-14 00:00:00-05:00,83.74203363077585,84.98516747145095,83.03570742163951,83.1298828125,976600,0.36,0.0
2021-12-15 00:00:00-05:00,82.8473676706445,83.45009887454852,81.96210307141929,82.64959716796875,878000,0.0,0.0
2021-12-16 00:00:00-05:00,82.73432989691409,84.65553777018418,82.6872458008528,83.83619689941406,1177200,0.0,0.0
2021-12-17 00:00:00-05:00,83.53482728550235,84.15639767805011,81.58536761315214,81.67955017089844,2296600,0.0,0.0
2021-12-20 00:00:00-05:00,80.82255638732126,81.1804257598523,77.93132795191782,79.52291870117188,926100,0.0,0.0
2021-12-21 00:00:00-05:00,79.91845776170732,81.81141403875077,79.77719108101061,81.39703369140625,1325700,0.0,0.0
2021-12-22 00:00:00-05:00,81.45353271449139,82.18811078890403,80.87905351575915,81.3781967163086,516200,0.0,0.0
2021-12-23 00:00:00-05:00,81.42528505317168,82.74376208910353,81.14275887876458,82.26345825195312,708700,0.0,0.0
2021-12-27 00:00:00-05:00,82.40473220409268,83.39359186459076,81.86792452171092,82.75318908691406,498800,0.0,0.0
2021-12-28 00:00:00-05:00,82.64956884013297,83.8079395566526,82.40470712712157,83.12045288085938,391700,0.0,0.0
2021-12-29 00:00:00-05:00,83.12047761599061,83.50659890802636,82.48007484262575,83.21465301513672,639200,0.0,0.0
2021-12-30 00:00:00-05:00,83.43125775804853,84.27885074136739,83.05455615223798,83.68553924560547,451000,0.0,0.0
2021-12-31 00:00:00-05:00,83.35591649430421,84.08107494341994,82.77201754590304,83.72320556640625,699900,0.0,0.0
2022-01-03 00:00:00-05:00,84.09049661478224,85.84218631603144,83.83621513727579,85.00401306152344,914100,0.0,0.0
2022-01-04 00:00:00-05:00,85.27711679059439,87.0005472047478,85.14526981213722,86.5296630859375,891100,0.0,0.0
2022-01-05 00:00:00-05:00,86.99113919980587,87.61270253255506,86.09645501666931,86.22830200195312,794700,0.0,0.0
2022-01-06 00:00:00-05:00,86.8687111071682,87.5279532671499,85.67266845703125,85.67266845703125,617500,0.0,0.0
2022-01-07 00:00:00-05:00,85.71975694657642,86.83104395038956,85.51257393325763,86.18122863769531,869000,0.0,0.0
2022-01-10 00:00:00-05:00,86.38841430749675,86.38841430749675,83.84563543963368,84.48603820800781,687600,0.0,0.0
2022-01-11 00:00:00-05:00,84.68381459610693,85.71975842101062,83.99632767322332,85.52198791503906,680900,0.0,0.0
2022-01-12 00:00:00-05:00,85.10759527601674,85.59731158118369,84.3259259414053,84.5802001953125,865000,0.0,0.0
2022-01-13 00:00:00-05:00,84.7591456827388,87.77280132185412,84.57079489971477,87.09473419189453,948700,0.0,0.0
2022-01-14 00:00:00-05:00,86.53910000254078,88.75225436437107,86.0776354861033,88.59215545654297,840100,0.0,0.0
2022-01-18 00:00:00-05:00,87.63154996579455,88.47913575324273,86.22830991699104,87.7916488647461,1291800,0.0,0.0
2022-01-19 00:00:00-05:00,87.9140557004038,89.27020414080899,87.50909510695617,88.17774963378906,876300,0.0,0.0
2022-01-20 00:00:00-05:00,88.53563723314063,89.03477326751533,87.44318258912514,87.64095306396484,781600,0.0,0.0
2022-01-21 00:00:00-05:00,87.67863527344014,87.90465767417844,86.52026418267407,86.81221008300781,704300,0.0,0.0
2022-01-24 00:00:00-05:00,85.72916741858735,87.88581769331647,84.41069035819166,87.62212371826172,1155200,0.0,0.0
2022-01-25 00:00:00-05:00,86.59559330893208,88.99710537565734,85.59732119866639,87.88581848144531,1513800,0.0,0.0
2022-01-26 00:00:00-05:00,88.3943765600563,89.68460176655739,87.53736392574513,88.32845306396484,1220600,0.0,0.0
2022-01-27 00:00:00-05:00,87.58445344326135,87.58445344326135,82.60249818626335,83.45951080322266,1733500,0.0,0.0
2022-01-28 00:00:00-05:00,82.75317885617501,82.75317885617501,79.30630360640072,81.933837890625,2071100,0.0,0.0
2022-01-31 00:00:00-05:00,81.45353944405394,84.64613345284299,81.45353944405394,84.24117279052734,1200100,0.0,0.0
2022-02-01 00:00:00-05:00,84.18466423703917,84.98516582149456,82.6872561516002,83.41241455078125,868600,0.0,0.0
2022-02-02 00:00:00-05:00,83.11104306771696,85.1170067330194,82.48947261121359,84.74971771240234,932700,0.0,0.0
2022-02-03 00:00:00-05:00,84.86273795533971,85.47488875755484,83.87387841444438,84.74031066894531,588100,0.0,0.0
2022-02-04 00:00:00-05:00,84.56139816865398,84.62732167912687,82.64960917981658,83.8833236694336,691100,0.0,0.0
2022-02-07 00:00:00-05:00,84.15643036276299,84.23177356417371,83.08281489059135,83.4218521118164,813400,0.0,0.0
2022-02-08 00:00:00-05:00,84.04340029029574,84.04340029029574,80.92614954583179,81.39703369140625,1263500,0.0,0.0
2022-02-09 00:00:00-05:00,81.7172321583895,83.32766227289447,81.39703438552684,83.28057098388672,1042100,0.0,0.0
2022-02-10 00:00:00-05:00,82.74376709846477,84.09991581011072,82.48007311233856,82.65900421142578,865400,0.0,0.0
2022-02-11 00:00:00-05:00,82.66840665768886,84.19407363995593,82.0280040313803,83.80794525146484,1115700,0.0,0.0
2022-02-14 00:00:00-05:00,83.80797586414413,83.80797586414413,81.57598914263129,82.27289581298828,1700100,0.0,0.0
2022-02-15 00:00:00-05:00,77.72415963594234,80.08800077987159,76.3491783735126,79.5794448852539,1937900,0.0,0.0
2022-02-16 00:00:00-05:00,79.23096040941736,83.69494709466649,78.90134295842763,83.55368041992188,1768300,0.0,0.0
2022-02-17 00:00:00-05:00,82.14104657530686,86.63327898689242,81.93385636361823,86.46376037597656,1413100,0.0,0.0
2022-02-18 00:00:00-05:00,86.46374579310478,87.65979556426547,85.33362670101901,87.5938720703125,1780700,0.0,0.0
2022-02-22 00:00:00-05:00,87.5185405972581,87.63155539564434,84.97576870711268,85.40898132324219,1318600,0.0,0.0
2022-02-23 00:00:00-05:00,85.89868028072148,87.28308074269829,85.33362077392643,85.74800109863281,1216800,0.0,0.0
2022-02-24 00:00:00-05:00,85.86101024344394,89.96712041768251,85.1264321527986,89.92003631591797,1758000,0.0,0.0
2022-02-25 00:00:00-05:00,90.25906135780167,91.69997274758342,89.63749807849295,91.49278259277344,1254100,0.0,0.0
2022-02-28 00:00:00-05:00,91.72822213689682,96.26754447550209,91.25733804706174,95.90966796875,2988200,0.0,0.0
2022-03-01 00:00:00-05:00,96.75727409402383,99.67675441608216,96.70077029469996,98.65023040771484,2075700,0.0,0.0
2022-03-02 00:00:00-05:00,98.53722253424448,98.8103362253329,95.19394911255344,97.98158264160156,1501000,0.0,0.0
2022-03-03 00:00:00-05:00,98.62198423745652,99.38481431313281,97.51069728042167,98.96102142333984,1395300,0.0,0.0
2022-03-04 00:00:00-05:00,98.97984284427658,101.49436237799272,98.42420301886314,101.43785858154297,1431900,0.0,0.0
2022-03-07 00:00:00-05:00,101.71097489039617,103.02003223315727,99.99695689724066,100.63735961914062,1390800,0.0,0.0
2022-03-08 00:00:00-05:00,99.8368762308853,100.28892106699509,95.99445919833644,96.24873352050781,1329600,0.0,0.0
2022-03-09 00:00:00-05:00,96.1357066830092,98.21701369656323,94.26158265326025,96.8985366821289,1323600,0.0,0.0
2022-03-10 00:00:00-05:00,96.38057043389075,98.10400825569585,96.07920484634471,97.0209732055664,627000,0.0,0.0
2022-03-11 00:00:00-05:00,97.06807121012916,98.05693092974357,95.96620387807165,96.0321273803711,735100,0.0,0.0
2022-03-14 00:00:00-04:00,96.53302378672663,97.67659996747169,95.74858490892154,96.82600402832031,1001800,0.36,0.0
2022-03-15 00:00:00-04:00,96.79765001420536,98.33817574149218,96.33455059443547,98.26256561279297,894000,0.0,0.0
2022-03-16 00:00:00-04:00,97.96012565114341,98.88632442773815,94.96414480818854,96.45740509033203,1209700,0.0,0.0
2022-03-17 00:00:00-04:00,96.92994818115248,99.08478602037998,95.97539750309767,98.28144836425781,1157500,0.0,0.0
2022-03-18 00:00:00-04:00,97.71439378284121,100.30397915671757,97.57262660754103,99.68966674804688,3922800,0.0,0.0
2022-03-21 00:00:00-04:00,99.68967986980769,102.07134132814292,99.50065454100076,100.53082275390625,930600,0.0,0.0
2022-03-22 00:00:00-04:00,100.54028178231383,101.8350784145771,99.99212628341766,100.57808685302734,811600,0.0,0.0
2022-03-23 00:00:00-04:00,100.71039376552254,101.47593377400048,99.88815697091435,100.965576171875,944200,0.0,0.0
2022-03-24 00:00:00-04:00,99.81253617495244,102.72346120482061,99.48175087850802,101.63658905029297,744300,0.0,0.0
2022-03-25 00:00:00-04:00,102.02408770430229,103.60241862466543,101.22074985044544,102.57225036621094,564100,0.0,0.0
2022-03-28 00:00:00-04:00,102.40211244231864,103.34721732357784,101.36249851504911,103.06369018554688,564100,0.0,0.0
2022-03-29 00:00:00-04:00,101.84451989395976,102.34542440539097,100.41740928190883,101.46647644042969,740800,0.0,0.0
2022-03-30 00:00:00-04:00,101.4853594077799,103.05423696949019,101.47591355059706,102.46826934814453,829700,0.0,0.0
2022-03-31 00:00:00-04:00,102.1374833476128,103.39447455937596,101.64603198625453,102.09022521972656,932500,0.0,0.0
2022-04-01 00:00:00-04:00,101.79725037385555,102.96917845921554,101.05061661954234,102.35486602783203,598500,0.0,0.0
2022-04-04 00:00:00-04:00,102.29817123381716,102.37378137030804,100.48357122151315,101.34362030029297,661200,0.0,0.0
2022-04-05 00:00:00-04:00,101.37196541523274,102.90303091701969,100.88050677199374,101.31525421142578,866000,0.0,0.0
2022-04-06 00:00:00-04:00,101.42865951278246,102.68565078427916,101.31524432681265,101.57987976074219,1221400,0.0,0.0
2022-04-07 00:00:00-04:00,101.59878738726312,102.44938332843505,100.84270050387052,102.13749694824219,1346800,0.0,0.0
2022-04-08 00:00:00-04:00,102.87466516661881,103.84812204330754,101.96736534337751,102.06187438964844,746600,0.0,0.0
2022-04-11 00:00:00-04:00,102.36431637645714,103.45118852752329,101.57043166751895,102.23200225830078,694100,0.0,0.0
2022-04-12 00:00:00-04:00,102.2036457791,103.8670324622608,102.0996836607413,102.35486602783203,495900,0.0,0.0
2022-04-13 00:00:00-04:00,102.5911341957691,103.56459103609679,101.82559436524001,102.7612533569336,490700,0.0,0.0
2022-04-14 00:00:00-04:00,103.20547239921565,104.57587909883262,102.83688199290685,103.07315826416016,584400,0.0,0.0
2022-04-18 00:00:00-04:00,102.80850773962148,104.26397012075499,102.47772247358613,103.26216125488281,653800,0.0,0.0
2022-04-19 00:00:00-04:00,103.42285259334115,104.54752998290571,103.11096617614731,103.59297180175781,588000,0.0,0.0
2022-04-20 00:00:00-04:00,103.93320840816558,105.02008070908522,103.5835169273505,103.83869934082031,584600,0.0,0.0
2022-04-21 00:00:00-04:00,104.12222198571698,104.35849824902881,103.2999852041626,103.75363159179688,638400,0.0,0.0
2022-04-22 00:00:00-04:00,103.31888696315104,104.14113097781139,102.20366268134278,102.30762481689453,529900,0.0,0.0
2022-04-25 00:00:00-04:00,101.9768178566831,101.9768178566831,99.67075964520598,101.2868881225586,1019800,0.0,0.0
2022-04-26 00:00:00-04:00,101.3058063620905,102.81797290661086,100.73873759863885,100.77654266357422,690600,0.0,0.0
2022-04-27 00:00:00-04:00,100.86161258324981,101.49483123930938,99.76528725880698,100.407958984375,686700,0.0,0.0
2022-04-28 00:00:00-04:00,100.73874296684275,100.73874296684275,98.62170969170096,99.2643814086914,1047100,0.0,0.0
2022-04-29 00:00:00-04:00,99.09426478166115,99.9259618549625,97.49704212244998,97.82782745361328,1318500,0.0,0.0
2022-05-02 00:00:00-04:00,97.7049591801959,99.47230825038181,97.13789758240462,97.82782745361328,1087000,0.0,0.0
2022-05-03 00:00:00-04:00,96.56135040033764,97.83724036838846,94.17968960734791,96.89213562011719,1686500,0.0,0.0
2022-05-04 00:00:00-04:00,96.96776243605753,100.1811205758904,96.87325338706384,99.02809143066406,1284900,0.0,0.0
2022-05-05 00:00:00-04:00,99.01864174757334,99.47229529306084,97.23239398138983,98.34761810302734,820700,0.0,0.0
2022-05-06 00:00:00-04:00,98.12078792761065,98.83906965225718,96.77874073437005,97.54427337646484,684300,0.0,0.0
2022-05-09 00:00:00-04:00,96.86380708495255,97.54428382216373,93.66935485813205,93.92453002929688,827300,0.0,0.0
2022-05-10 00:00:00-04:00,94.18918173921388,96.56139044964445,94.18918173921388,95.6729965209961,1157900,0.0,0.0
2022-05-11 00:00:00-04:00,95.60680944793208,97.6954902871996,95.30436897579926,95.65406036376953,895500,0.0,0.0
2022-05-12 00:00:00-04:00,95.64461547193872,96.92995874606159,94.34037327198097,95.04920196533203,1002300,0.0,0.0
2022-05-13 00:00:00-04:00,95.43671261717586,96.7787600786671,95.2193352796146,96.06047821044922,518300,0.0,0.0
2022-05-16 00:00:00-04:00,96.64644199403355,98.01684139773319,96.07938042045367,97.53483581542969,600100,0.0,0.0
2022-05-17 00:00:00-04:00,97.84672421522032,98.82963432789319,96.98668237324361,98.6689682006836,534900,0.0,0.0
2022-05-18 00:00:00-04:00,98.2342054426917,98.51773258585214,95.74857494524075,96.10771942138672,530600,0.0,0.0
2022-05-19 00:00:00-04:00,95.20042543169943,96.8921569583618,94.65226282644355,95.94705200195312,676100,0.0,0.0
2022-05-20 00:00:00-04:00,95.937609425633,95.937609425633,93.45197869048481,95.07756042480469,699200,0.0,0.0
2022-05-23 00:00:00-04:00,95.7485840912581,96.81655734318645,95.00195028496674,96.25894165039062,584400,0.0,0.0
2022-05-24 00:00:00-04:00,96.25894503106436,96.86381166818795,95.00195362149417,96.37236022949219,723100,0.0,0.0
2022-05-25 00:00:00-04:00,96.54247157093839,97.17569015353035,95.89034685152305,96.76929473876953,526600,0.0,0.0
2022-05-26 00:00:00-04:00,97.51592880225341,98.6784110606999,97.4686706706321,97.94122314453125,436200,0.0,0.0
2022-05-27 00:00:00-04:00,98.27202112287625,99.5951623550893,98.09244886539923,99.57626342773438,535800,0.0,0.0
2022-05-31 00:00:00-04:00,99.06588386714239,99.33996512169915,97.91285486886129,98.7634506225586,1031900,0.0,0.0
2022-06-01 00:00:00-04:00,99.09425753671808,99.28328286254816,97.48758192534622,98.99029541015625,546500,0.0,0.0
2022-06-02 00:00:00-04:00,98.97140900840888,100.07718026478739,97.3174750536175,99.85035705566406,500800,0.0,0.0
2022-06-03 00:00:00-04:00,99.49119240570094,100.3984994801371,98.9524828862048,99.97319793701172,492900,0.0,0.0
2022-06-06 00:00:00-04:00,100.31343876896193,101.06952561283765,99.76527616768097,100.10551452636719,591700,0.0,0.0
2022-06-07 00:00:00-04:00,98.08300157135574,101.41922126579776,97.77111517229419,101.19239807128906,670800,0.0,0.0
2022-06-08 00:00:00-04:00,100.67255790435128,100.70091710461121,98.1396768077572,98.20584106445312,404200,0.0,0.0
2022-06-09 00:00:00-04:00,98.42323540522656,98.85798284562017,97.13789201163722,97.18515014648438,489500,0.0,0.0
2022-06-10 00:00:00-04:00,96.16443602322512,96.34400828485526,95.08701687460238,95.19097900390625,640800,0.0,0.0
2022-06-13 00:00:00-04:00,93.83002047648488,95.011401691611,92.90382164175007,93.94343566894531,823000,0.0,0.0
2022-06-14 00:00:00-04:00,93.74425275177026,94.40822816030723,91.81871683022388,92.87159729003906,914400,0.36,0.0
2022-06-15 00:00:00-04:00,93.48813898255911,94.22799933251277,92.29298329576731,93.70630645751953,758800,0.0,0.0
2022-06-16 00:00:00-04:00,92.48268805105293,92.55857301910365,90.08288202156311,90.45281219482422,847900,0.0,0.0
2022-06-17 00:00:00-04:00,90.07339197716634,90.33898212084674,87.00012322819671,89.3050765991211,2671800,0.0,0.0
2022-06-21 00:00:00-04:00,90.73737098300442,92.2170915745558,89.86470838385439,91.91355895996094,647500,0.0,0.0
2022-06-22 00:00:00-04:00,90.97450053966124,92.7672410664918,90.46228792673995,92.42576599121094,779100,0.0,0.0
2022-06-23 00:00:00-04:00,93.22254774036087,93.81064538342447,91.55311463895912,92.5206298828125,626400,0.0,0.0
2022-06-24 00:00:00-04:00,93.46915545232707,96.589853688116,92.87157771062661,96.34323120117188,1314300,0.0,0.0
2022-06-27 00:00:00-04:00,96.29581203936957,97.47200727031836,95.57492659215531,96.45706939697266,544100,0.0,0.0
2022-06-28 00:00:00-04:00,96.84597377040777,97.28230148769507,93.8580700513951,94.1521224975586,680800,0.0,0.0
2022-06-29 00:00:00-04:00,94.68330294122191,94.68330294122191,93.41226227213238,94.23748779296875,685600,0.0,0.0
2022-06-30 00:00:00-04:00,93.80115321642505,95.70772131744208,93.32688304858519,95.52749633789062,1158900,0.0,0.0
2022-07-01 00:00:00-04:00,95.85949265031633,97.42458579264789,94.44616944903493,97.17796325683594,559700,0.0,0.0
2022-07-05 00:00:00-04:00,96.46655125153633,96.62780861191713,92.73878736526272,94.45565032958984,703800,0.0,0.0
2022-07-06 00:00:00-04:00,94.98686335869816,97.00725240701016,94.50310558436193,96.06819915771484,577000,0.0,0.0
2022-07-07 00:00:00-04:00,96.24837658678582,96.9028716496352,95.95433143647959,96.2957992553711,538300,0.0,0.0
2022-07-08 00:00:00-04:00,96.36221163098158,97.08310433037548,96.10610891814866,96.40015411376953,408900,0.0,0.0
2022-07-11 00:00:00-04:00,95.6223489008523,96.77956926798636,95.4895538328325,95.99227905273438,288000,0.0,0.0
2022-07-12 00:00:00-04:00,95.80257051208748,96.97875846039064,94.29439490540702,94.6738052368164,549900,0.0,0.0
2022-07-13 00:00:00-04:00,93.70630616890561,94.99632168062196,93.70630616890561,93.89601135253906,787200,0.0,0.0
2022-07-14 00:00:00-04:00,92.88107323640253,93.269978269896,92.09378297600516,93.1561508178711,512200,0.0,0.0
2022-07-15 00:00:00-04:00,94.23749842895138,94.46514612555225,93.27947048543764,93.61146545410156,872800,0.0,0.0
2022-07-18 00:00:00-04:00,93.91497187078267,94.26592713058744,92.75775161169202,92.8431167602539,547100,0.0,0.0
2022-07-19 00:00:00-04:00,93.25100453041871,95.09117522460244,92.73879184533286,94.99632263183594,978700,0.0,0.0
2022-07-20 00:00:00-04:00,95.11962715796022,95.74566727589941,94.4366769335861,94.88249206542969,843500,0.0,0.0
2022-07-21 00:00:00-04:00,94.85403423238037,95.75514466287258,94.21851393985266,95.69823455810547,828800,0.0,0.0
2022-07-22 00:00:00-04:00,96.07765320024194,97.0925910882317,95.66978055908034,96.22941589355469,611400,0.0,0.0
2022-07-25 00:00:00-04:00,96.43809877953879,97.81348667377823,96.03971355643031,97.65222930908203,609600,0.0,0.0
2022-07-26 00:00:00-04:00,97.91783573007375,98.67666376266547,97.57636058253115,98.18342590332031,480600,0.0,0.0
2022-07-27 00:00:00-04:00,98.39210068023839,98.55335081436561,97.42458540189686,97.93679809570312,621400,0.0,0.0
2022-07-28 00:00:00-04:00,98.08855822769638,100.9341791953215,97.90833325064118,100.42196655273438,655600,0.0,0.0
2022-07-29 00:00:00-04:00,100.5452798148182,102.30007806234171,100.2322597540371,101.49382019042969,652100,0.0,0.0
2022-08-01 00:00:00-04:00,101.49381177387883,101.49381177387883,99.50187859763697,99.739013671875,955800,0.0,0.0
2022-08-02 00:00:00-04:00,96.75110414753402,97.51941942352178,92.75775061927091,95.309326171875,1400400,0.0,0.0
2022-08-03 00:00:00-04:00,95.45159933931306,95.45159933931306,94.00982139505155,94.79711151123047,1130100,0.0,0.0
2022-08-04 00:00:00-04:00,94.63586687410714,95.58440721747984,93.99085915114216,94.19953918457031,787300,0.0,0.0
2022-08-05 00:00:00-04:00,93.82960706303787,95.41366766644094,93.55452950081047,95.375732421875,406500,0.0,0.0
2022-08-08 00:00:00-04:00,95.6318362132605,95.70772117683262,92.8621001739741,93.2889404296875,839300,0.0,0.0
2022-08-09 00:00:00-04:00,93.82960579956925,93.96240086412696,92.72930280226423,93.0707778930664,723500,0.0,0.0
2022-08-10 00:00:00-04:00,94.06672812938903,94.29438298359769,93.31738051705692,93.56400299072266,551400,0.0,0.0
2022-08-11 00:00:00-04:00,93.68732179443133,93.82960428610193,92.56804395636438,93.10871887207031,822300,0.0,0.0
2022-08-12 00:00:00-04:00,93.26046145741745,94.95834908871764,93.26046145741745,94.91091918945312,499200,0.0,0.0
2022-08-15 00:00:00-04:00,94.4461736784029,96.50450474774284,93.52608827075424,95.77413177490234,493300,0.0,0.0
2022-08-16 00:00:00-04:00,95.6792808948308,96.4950262871877,95.66979346372258,96.01126861572266,510700,0.0,0.0
2022-08-17 00:00:00-04:00,95.51800725060671,96.26735497120409,95.12910948285699,95.94485473632812,384000,0.0,0.0
2022-08-18 00:00:00-04:00,96.38119562574687,96.63729836285312,95.97332294310411,96.36222076416016,318800,0.0,0.0
2022-08-19 00:00:00-04:00,96.34324176433347,97.35817963571229,95.9448565595205,97.30126953125,673000,0.0,0.0
2022-08-22 00:00:00-04:00,96.77008490905187,96.85545730508133,95.24294157836468,95.45161437988281,592700,0.0,0.0
2022-08-23 00:00:00-04:00,95.37572096343479,95.85947125981053,94.88247600187573,95.09115600585938,501000,0.0,0.0
2022-08-24 00:00:00-04:00,95.3093380968259,95.42315830793164,94.2469702935112,94.45565032958984,461200,0.0,0.0
2022-08-25 00:00:00-04:00,94.79712666121368,95.03426175313244,94.00034898923654,94.60741424560547,372900,0.0,0.0
2022-08-26 00:00:00-04:00,94.73072837889359,94.8350683974592,92.16018487115332,92.1981201171875,358900,0.0,0.0
2022-08-29 00:00:00-04:00,91.70487769225403,92.9000405121781,90.59508726357582,92.22657775878906,545500,0.0,0.0
2022-08-30 00:00:00-04:00,92.33090409066259,92.54907153147334,90.84169619361279,90.879638671875,453800,0.0,0.0
2022-08-31 00:00:00-04:00,91.23060802430477,91.79024333795718,89.85522745868003,90.15876007080078,1154800,0.0,0.0
2022-09-01 00:00:00-04:00,89.98801804846768,90.41485827538685,89.39992047563891,90.1682357788086,868800,0.0,0.0
2022-09-02 00:00:00-04:00,90.88913898276188,91.16421656156004,88.59367299845985,88.8877182006836,425700,0.0,0.0
2022-09-06 00:00:00-04:00,89.10589375225804,89.72243926614472,88.42294345838845,88.78338623046875,796500,0.0,0.0
2022-09-07 00:00:00-04:00,89.00153367440858,90.40536919622515,88.57468621849264,90.12081146240234,741800,0.0,0.0
2022-09-08 00:00:00-04:00,89.60861572695617,90.08288594273404,88.80235780749165,89.7034683227539,541100,0.0,0.0
2022-09-09 00:00:00-04:00,89.77933304017796,91.27802832076456,89.63705056018523,90.76581573486328,582300,0.0,0.0
2022-09-12 00:00:00-04:00,91.10730714625014,91.97996256622885,90.97451207089637,91.29701232910156,587500,0.0,0.0
2022-09-13 00:00:00-04:00,90.05440174628582,90.56661428198987,87.58819163286923,87.97709655761719,619500,0.0,0.0
2022-09-14 00:00:00-04:00,88.13899240768787,89.23406564052914,87.85332586759013,88.50084686279297,841900,0.36,0.0
2022-09-15 00:00:00-04:00,88.39610285470584,88.54845689418919,87.31055398780974,87.98664093017578,857900,0.0,0.0
2022-09-16 00:00:00-04:00,88.66271888643797,89.29119104121374,88.06281265710845,88.83412170410156,1764300,0.0,0.0
2022-09-19 00:00:00-04:00,88.26280060589015,89.01506828793858,87.43435226275099,88.7484359741211,757600,0.0,0.0
2022-09-20 00:00:00-04:00,88.57702992846482,89.05314814564963,87.60575196200233,88.66273498535156,1532300,0.0,0.0
2022-09-21 00:00:00-04:00,89.41499625430913,90.51006952862184,87.42481847082114,87.45338439941406,712500,0.0,0.0
2022-09-22 00:00:00-04:00,87.26295447983317,87.26295447983317,86.06313442537349,86.34880828857422,517000,0.0,0.0
2022-09-23 00:00:00-04:00,85.73935975148777,85.87267225606357,83.63491834069939,84.45384216308594,655600,0.0,0.0
2022-09-26 00:00:00-04:00,84.16815948486328,85.23466667401077,83.8158294656394,84.16815948486328,515200,0.0,0.0
2022-09-27 00:00:00-04:00,84.77760157103607,85.12040724022823,83.42542768977077,83.98724365234375,527900,0.0,0.0
2022-09-28 00:00:00-04:00,84.55859256356254,85.04422788148094,83.3397239073509,84.68238067626953,477400,0.0,0.0
2022-09-29 00:00:00-04:00,84.35863030125566,84.35863030125566,83.07311244491355,83.89203643798828,783800,0.0,0.0
2022-09-30 00:00:00-04:00,84.03485744449915,84.67285405203903,83.20640920897117,83.2921142578125,804800,0.0,0.0
2022-10-03 00:00:00-04:00,84.15865137925518,87.06297533847123,83.89202634660333,86.45354461669922,627600,0.0,0.0
2022-10-04 00:00:00-04:00,87.1010686851542,88.95792684474763,87.01536362741047,88.90079498291016,919000,0.0,0.0
2022-10-05 00:00:00-04:00,88.30090247101883,88.91033330937793,87.66289843227746,88.0628433227539,524200,0.0,0.0
2022-10-06 00:00:00-04:00,87.8533315451999,87.91046340391432,86.70112638287398,87.25341796875,821200,0.0,0.0
2022-10-07 00:00:00-04:00,86.70111964666378,87.27245998437928,86.46306056720012,87.0820083618164,652100,0.0,0.0
2022-10-10 00:00:00-04:00,87.58670450176955,88.43419428979875,86.59637780525506,87.5009994506836,401900,0.0,0.0
2022-10-11 00:00:00-04:00,87.20579693058285,88.7008075424028,86.72015441216136,86.91059875488281,470600,0.0,0.0
2022-10-12 00:00:00-04:00,86.79634692095705,87.09153787202592,85.16802359363085,85.18706512451172,695100,0.0,0.0
2022-10-13 00:00:00-04:00,83.80634586272767,87.11060805324769,83.80634586272767,86.7582778930664,592000,0.0,0.0
2022-10-14 00:00:00-04:00,87.14865906031538,87.37720099282804,84.30147468554996,84.4728775024414,603900,0.0,0.0
2022-10-17 00:00:00-04:00,85.77745414192512,87.5295655793864,85.73936381524288,86.77729797363281,550600,0.0,0.0
2022-10-18 00:00:00-04:00,88.0437686073524,89.8149287303123,87.85332425079207,89.25311279296875,546000,0.0,0.0
2022-10-19 00:00:00-04:00,88.68176773975354,89.0626637287979,88.06281993066649,88.73890686035156,587500,0.0,0.0
2022-10-20 00:00:00-04:00,88.90079789748283,89.68163151647364,88.39611372807249,88.89127349853516,465200,0.0,0.0
2022-10-21 00:00:00-04:00,89.05313210146916,91.13853184182031,88.14851055779339,90.83381652832031,541400,0.0,0.0
2022-10-24 00:00:00-04:00,91.7003607681062,92.34788175804351,91.02426658590346,91.4908676147461,425000,0.0,0.0
2022-10-25 00:00:00-04:00,91.30995064743854,93.08111098758285,90.9195374891204,92.66212463378906,585700,0.0,0.0
2022-10-26 00:00:00-04:00,93.27154097483765,93.70005166100017,91.90032566808195,92.8525619506836,416700,0.0,0.0
2022-10-27 00:00:00-04:00,93.28105929007413,95.31884422078224,93.0715661591626,94.41422271728516,534200,0.0,0.0
2022-10-28 00:00:00-04:00,94.77608223152043,96.9662287304621,94.20474187766204,96.88052368164062,877200,0.0,0.0
2022-10-31 00:00:00-04:00,96.19490414820248,97.97558857645404,95.78544226427238,96.73767852783203,992700,0.0,0.0
2022-11-01 00:00:00-04:00,98.13748673580928,99.93721305471259,97.66136850826899,98.60408782958984,1483400,0.0,0.0
2022-11-02 00:00:00-04:00,98.47076744501601,101.69884818880512,98.40410392409478,99.3753890991211,1012400,0.0,0.0
2022-11-03 00:00:00-04:00,98.54694302622478,102.27019083834129,97.86133165565693,101.58457946777344,1011100,0.0,0.0
2022-11-04 00:00:00-04:00,101.94642188496927,102.29875195186474,98.22318151312501,100.7085189819336,942900,0.0,0.0
2022-11-07 00:00:00-05:00,101.17512166489051,103.44144177478856,100.76565970543545,102.67965698242188,834100,0.0,0.0
2022-11-08 00:00:00-05:00,102.07020624517929,103.95562995701249,101.61312964731867,103.44142150878906,633500,0.0,0.0
2022-11-09 00:00:00-05:00,103.4319191984894,103.51761698631381,101.45126576558265,101.70836639404297,644900,0.0,0.0
2022-11-10 00:00:00-05:00,103.86994267715778,103.86994267715778,100.5180666607808,102.10830688476562,1213700,0.0,0.0
2022-11-11 00:00:00-05:00,101.60361649569333,102.16543972472358,98.23270618145932,98.44219207763672,1419400,0.0,0.0
2022-11-14 00:00:00-05:00,98.74691335962255,101.25129978142826,98.41363206726837,99.19446563720703,989500,0.0,0.0
2022-11-15 00:00:00-05:00,99.85151468329894,100.41333070135228,98.81357317547214,99.68963623046875,906300,0.0,0.0
2022-11-16 00:00:00-05:00,99.9943350580884,101.84166852439563,99.9943350580884,100.94657135009766,874400,0.0,0.0
2022-11-17 00:00:00-05:00,100.17526277815568,101.35604110256173,99.57535648308506,100.2228775024414,665000,0.0,0.0
2022-11-18 00:00:00-05:00,101.01322414568025,102.31778317153083,100.7846822126231,101.22271728515625,2542700,0.0,0.0
2022-11-21 00:00:00-05:00,101.31795798542917,103.54618775280184,101.31795798542917,102.53681945800781,880300,0.0,0.0
2022-11-22 00:00:00-05:00,103.13672047368334,103.51761648045594,101.80359534745979,102.33684539794922,698100,0.0,0.0
2022-11-23 00:00:00-05:00,102.09879096572945,102.71774609688553,101.60362395480963,102.39398193359375,785300,0.0,0.0
2022-11-25 00:00:00-05:00,103.03198040728802,103.68902587890625,102.84153602434904,103.68902587890625,268900,0.0,0.0
2022-11-28 00:00:00-05:00,103.136725813859,103.54618777096779,102.33685069670923,102.94628143310547,571200,0.0,0.0
2022-11-29 00:00:00-05:00,102.74631703907006,103.66998758162093,102.10832034482961,103.31765747070312,854700,0.0,0.0
2022-11-30 00:00:00-05:00,103.20337281905735,104.22226542119513,102.20352901227922,104.10800170898438,770100,0.0,0.0
2022-12-01 00:00:00-05:00,104.48890185712128,105.15546442148431,103.70806831101584,104.3841552734375,448900,0.0,0.0
2022-12-02 00:00:00-05:00,104.30798657281177,105.6125531868416,103.60333360044686,105.21260833740234,498300,0.0,0.0
2022-12-05 00:00:00-05:00,104.46032718620852,105.15546293492045,103.71758397785057,104.4127197265625,568500,0.0,0.0
2022-12-06 00:00:00-05:00,104.26989274599885,104.5079518618573,103.1176874970425,104.26036834716797,752700,0.0,0.0
2022-12-07 00:00:00-05:00,104.11753262199187,104.86980030855405,102.76535857196315,103.31765747070312,503000,0.0,0.0
2022-12-08 00:00:00-05:00,103.9080244046321,104.55554535887416,103.57473589812122,103.86993408203125,549300,0.0,0.0
2022-12-09 00:00:00-05:00,103.69854752672248,103.94613102996547,101.67027930378777,101.7464599609375,500700,0.0,0.0
2022-12-12 00:00:00-05:00,101.42270485377384,102.6510907282693,101.01324289560867,102.63204193115234,1055200,0.0,0.0
2022-12-13 00:00:00-05:00,103.98419274679762,103.98419274679762,100.32760913411242,101.45124816894531,1083000,0.0,0.0
2022-12-14 00:00:00-05:00,101.47037061729786,103.0468891781377,100.87798703792176,102.04365539550781,1464200,0.36,0.0
2022-12-15 00:00:00-05:00,101.57545904496139,101.8143252414096,99.6931922506106,100.5913314819336,948600,0.0,0.0
2022-12-16 00:00:00-05:00,100.15183172631691,100.65822696304495,98.60397594550959,100.1231689453125,2624000,0.0,0.0
2022-12-19 00:00:00-05:00,100.23781428418317,101.83343872866239,99.40655729538835,99.79829406738281,671000,0.0,0.0
2022-12-20 00:00:00-05:00,99.85563368877496,100.42891114185129,99.19636060844711,99.76963806152344,932100,0.0,0.0
2022-12-21 00:00:00-05:00,100.08494041675827,101.47036149713347,99.75052918593856,101.1168441772461,610600,0.0,0.0
2022-12-22 00:00:00-05:00,100.92576069819795,101.18374031855623,98.55621168903085,100.11361694335938,616200,0.0,0.0
2022-12-23 00:00:00-05:00,100.16137441739956,100.96396133182411,99.75052427131524,100.4862289428711,364500,0.0,0.0
2022-12-27 00:00:00-05:00,100.7442286381899,101.33661225346161,100.60090743495282,101.19329833984375,294900,0.0,0.0
2022-12-28 00:00:00-05:00,101.3270517907919,101.49903575797767,99.46389093134295,99.4925537109375,311400,0.0,0.0
2022-12-29 00:00:00-05:00,99.74098106996334,100.85887326177264,99.47345206231175,100.35247802734375,423400,0.0,0.0
2022-12-30 00:00:00-05:00,100.151831195337,100.70600259054683,99.44478920570783,100.50535583496094,392200,0.0,0.0
2023-01-03 00:00:00-05:00,99.8078638135499,100.3142590504734,98.07847465584086,100.0467300415039,687900,0.0,0.0
2023-01-04 00:00:00-05:00,99.73143508272275,100.51491609904876,98.9288479736364,99.72188568115234,786300,0.0,0.0
2023-01-05 00:00:00-05:00,99.47345183188226,101.13595872530789,98.775959243876,99.3779067993164,836300,0.0,0.0
2023-01-06 00:00:00-05:00,100.07538475359135,102.21563123201996,99.6358718043475,100.27603149414062,613700,0.0,0.0
2023-01-09 00:00:00-05:00,100.24735787777162,100.74420362032893,95.4413714447469,95.86177825927734,1236200,0.0,0.0
2023-01-10 00:00:00-05:00,96.06243222489519,96.463725692883,95.37449639999156,95.52737426757812,601100,0.0,0.0
2023-01-11 00:00:00-05:00,95.43183651320737,95.56560102294179,94.87767238271582,95.1929702758789,878600,0.0,0.0
2023-01-12 00:00:00-05:00,95.05920343138776,95.5751553660992,93.96041730874036,94.3139419555664,1170600,0.0,0.0
2023-01-13 00:00:00-05:00,93.28204238784676,94.32350299564837,93.00495667181916,93.96997833251953,931600,0.0,0.0
2023-01-17 00:00:00-05:00,94.51455424996934,94.69609485235843,93.42532521486727,93.48265075683594,743800,0.0,0.0
2023-01-18 00:00:00-05:00,93.42536526220113,94.04641896167287,91.27556904145848,91.28512573242188,1929100,0.0,0.0
2023-01-19 00:00:00-05:00,91.24689715500305,91.85839410250583,90.33920842375885,90.35831451416016,706500,0.0,0.0
2023-01-20 00:00:00-05:00,90.41563686610716,92.25968433317973,89.91879834750108,91.78195190429688,727000,0.0,0.0
2023-01-23 00:00:00-05:00,92.15458716986662,92.39345339611263,91.5048707428927,92.07815551757812,538300,0.0,0.0
2023-01-24 00:00:00-05:00,92.4125796271712,93.41581354314164,91.90618432344996,92.96675109863281,994300,0.0,0.0
2023-01-25 00:00:00-05:00,92.67052698492446,93.87441464899695,92.23101406081307,93.77886962890625,971700,0.0,0.0
2023-01-26 00:00:00-05:00,94.35216380102715,94.35216380102715,93.13872652210708,93.42536163330078,583700,0.0,0.0
2023-01-27 00:00:00-05:00,93.42535297507662,93.60689363140831,91.59086219082027,92.19280242919922,705900,0.0,0.0
2023-01-30 00:00:00-05:00,92.73741400506219,94.05596013493545,92.60364951212117,92.97628021240234,834300,0.0,0.0
2023-01-31 00:00:00-05:00,93.36803246136934,94.43814849853516,92.88074331466346,94.43814849853516,1197900,0.0,0.0
2023-02-01 00:00:00-05:00,94.23749678889088,94.74389928942848,93.14826742852395,93.47312927246094,752700,0.0,0.0
2023-02-02 00:00:00-05:00,92.68965383359587,94.01774948784083,92.26924693655643,93.56867980957031,659300,0.0,0.0
2023-02-03 00:00:00-05:00,93.74065488040307,94.15150504812489,92.78519005217727,93.69287872314453,515300,0.0,0.0
2023-02-06 00:00:00-05:00,93.8648660434586,94.83944428531757,93.61645042775356,93.96041107177734,605500,0.0,0.0
2023-02-07 00:00:00-05:00,93.81710962693423,94.80123739952052,92.69921004940342,94.59103393554688,676600,0.0,0.0
2023-02-08 00:00:00-05:00,94.06552909295493,94.99233133647579,93.89354509632612,94.55281829833984,629300,0.0,0.0
2023-02-09 00:00:00-05:00,94.66745609581758,94.95409116798834,93.48267447073401,93.58777618408203,812500,0.0,0.0
2023-02-10 00:00:00-05:00,93.83619246751323,96.33951274330533,93.83619246751323,96.3299560546875,844900,0.0,0.0
2023-02-13 00:00:00-05:00,96.39685274723057,97.715391679078,95.61337182431508,96.22486877441406,1127100,0.0,0.0
2023-02-14 00:00:00-05:00,94.25660804100579,95.71846808168274,90.74049713385348,91.00802612304688,1805300,0.0,0.0
2023-02-15 00:00:00-05:00,90.18632125029696,93.68332589255421,89.21175036862896,93.5782241821289,1259600,0.0,0.0
2023-02-16 00:00:00-05:00,93.05271258313367,95.45093117672091,93.05271258313367,95.00186157226562,1066000,0.0,0.0
2023-02-17 00:00:00-05:00,95.36493209665404,97.08477152159624,95.0687403638763,96.73124694824219,1282000,0.0,0.0
2023-02-21 00:00:00-05:00,96.75991831759865,97.29498356933516,95.46049287954202,95.55603790283203,1408400,0.0,0.0
2023-02-22 00:00:00-05:00,95.58470704554325,96.59749748116838,95.00187288816164,95.68025207519531,808900,0.0,0.0
2023-02-23 00:00:00-05:00,95.67069336240921,96.855475031822,94.82988691378387,95.13563537597656,977100,0.0,0.0
2023-02-24 00:00:00-05:00,94.22794800246945,95.25984452085125,94.22794800246945,94.85855102539062,579400,0.0,0.0
2023-02-27 00:00:00-05:00,95.45093570856858,95.45093570856858,92.59409797579346,93.14826202392578,1218100,0.0,0.0
2023-02-28 00:00:00-05:00,93.27247970483664,93.75976152157577,92.32656427079866,92.7469711303711,995500,0.0,0.0
2023-03-01 00:00:00-05:00,92.37433832758006,93.20559533838905,92.17369159178851,92.35523223876953,545000,0.0,0.0
2023-03-02 00:00:00-05:00,92.24059497600064,92.95719374931673,92.0017287182286,92.63233184814453,647900,0.0,0.0
2023-03-03 00:00:00-05:00,92.94763771568877,93.13873509703056,91.85840815570958,92.96675109863281,750700,0.0,0.0
2023-03-06 00:00:00-05:00,92.82342922813396,93.25338557627573,91.7437490776478,92.63233184814453,1057200,0.0,0.0
2023-03-07 00:00:00-05:00,92.90940962364424,93.25337758854253,92.11637925588006,92.22147369384766,1249700,0.0,0.0
2023-03-08 00:00:00-05:00,92.00170718409976,92.40300065372037,89.33595949656052,89.87101745605469,746500,0.0,0.0
2023-03-09 00:00:00-05:00,90.38697511430625,90.80738198918057,88.55248431604849,88.60980987548828,589600,0.0,0.0
2023-03-10 00:00:00-05:00,88.50471624285863,89.64172187308479,88.19896774854813,88.38050842285156,903900,0.0,0.0
2023-03-13 00:00:00-04:00,87.90276033849926,89.46016531588634,87.55879243226615,88.12252044677734,903200,0.0,0.0
2023-03-14 00:00:00-04:00,88.85152280924429,89.79155080453292,88.8419359887927,89.46541595458984,1493600,0.36,0.0
2023-03-15 00:00:00-04:00,88.59253429496539,88.80356142317322,86.91391872554524,88.54457092285156,659800,0.0,0.0
2023-03-16 00:00:00-04:00,88.41028815404168,89.44623558799323,87.8443583799396,88.74600982666016,1332500,0.0,0.0
2023-03-17 00:00:00-04:00,88.79398173594097,88.79398173594097,85.9834989181623,86.77005004882812,2023200,0.0,0.0
2023-03-20 00:00:00-04:00,87.24005400910228,88.92826386696802,87.24005400910228,87.8443603515625,611700,0.0,0.0
2023-03-21 00:00:00-04:00,88.69805074056174,89.09132259557528,88.06496933537163,88.86111450195312,842600,0.0,0.0
2023-03-22 00:00:00-04:00,89.00498998262752,89.32153065918178,87.5278074768904,87.58535766601562,589300,0.0,0.0
2023-03-23 00:00:00-04:00,87.47025753019557,87.76760993241038,86.15613876879291,86.59737396240234,642900,0.0,0.0
2023-03-24 00:00:00-04:00,86.61657148800538,87.70047497166115,86.01226516324652,87.65251159667969,953800,0.0,0.0
2023-03-27 00:00:00-04:00,87.33597820362607,87.70047497166115,86.40554434718061,87.65251159667969,923700,0.0,0.0
2023-03-28 00:00:00-04:00,87.8059806352456,88.5445682434398,87.3743322538325,87.38392639160156,696100,0.0,0.0
2023-03-29 00:00:00-04:00,87.87312386875746,88.14170117748282,87.19208645929454,87.7100601196289,1601800,0.0,0.0
2023-03-30 00:00:00-04:00,87.98822357264994,88.49660304915064,87.4606558225933,87.85392761230469,1008000,0.0,0.0
2023-03-31 00:00:00-04:00,88.27598869954852,88.63089860620197,87.99781725674166,88.30476379394531,1116200,0.0,0.0
2023-04-03 00:00:00-04:00,88.40069125846259,90.06971261082084,88.38150298325209,89.39826202392578,971300,0.0,0.0
2023-04-04 00:00:00-04:00,89.35029826783712,89.82030851540804,87.39351150151174,87.85392761230469,1013600,0.0,0.0
2023-04-05 00:00:00-04:00,87.66210634045298,88.6117211625362,87.47026747556993,87.77721405029297,915900,0.0,0.0
2023-04-06 00:00:00-04:00,88.21845967104456,88.36234249572331,87.12496191258114,87.68130493164062,824800,0.0,0.0
2023-04-10 00:00:00-04:00,87.71965453350425,89.22561227482197,87.70047357472731,88.82274627685547,565000,0.0,0.0
2023-04-11 00:00:00-04:00,88.94744889322124,89.12969361682316,88.17048466963001,88.51580047607422,940800,0.0,0.0
2023-04-12 00:00:00-04:00,88.43906681673589,89.37909485614168,88.22804698414396,88.89949035644531,491400,0.0,0.0
2023-04-13 00:00:00-04:00,88.640504469075,89.44623649149813,88.13211756747906,88.99540710449219,589000,0.0,0.0
2023-04-14 00:00:00-04:00,88.77480479628036,89.03378803229893,87.62374948972607,88.1609115600586,455200,0.0,0.0
2023-04-17 00:00:00-04:00,88.26639433039756,89.33111672938121,87.88271664853684,89.2927474975586,492400,0.0,0.0
2023-04-18 00:00:00-04:00,89.2735711887821,89.82031996390113,88.83233597712314,89.26397705078125,485200,0.0,0.0
2023-04-19 00:00:00-04:00,89.52298412077661,89.67645376628296,88.6021442931853,88.6692886352539,395900,0.0,0.0
2023-04-20 00:00:00-04:00,88.74600118948635,88.97621658674791,88.21844070334012,88.78437042236328,445100,0.0,0.0
2023-04-21 00:00:00-04:00,89.19684821254465,89.42706365544953,87.6813034634347,88.00743103027344,401800,0.0,0.0
2023-04-24 00:00:00-04:00,87.92107760485908,88.0937281545362,87.01941903735238,87.64290618896484,348900,0.0,0.0
2023-04-25 00:00:00-04:00,87.5949723095596,88.1417211887913,87.19210625500664,87.68130493164062,508300,0.0,0.0
2023-04-26 00:00:00-04:00,87.00023070481453,87.46065412485211,85.1393707060267,85.8108139038086,800900,0.0,0.0
2023-04-27 00:00:00-04:00,85.84919149631608,88.32395206899831,85.84919149631608,88.30476379394531,702900,0.0,0.0
2023-04-28 00:00:00-04:00,88.26638642149773,89.63805523397443,88.05536664265534,89.455810546875,1189100,0.0,0.0
2023-05-01 00:00:00-04:00,89.64766730560065,90.94259792037296,89.64766730560065,90.47258758544922,1387400,0.0,0.0
2023-05-02 00:00:00-04:00,86.51104531913161,86.51104531913161,76.17077547002266,77.32182312011719,4017400,0.0,0.0
2023-05-03 00:00:00-04:00,77.26428840509023,80.51600635184903,77.13958655060065,77.59041595458984,2053500,0.0,0.0
2023-05-04 00:00:00-04:00,76.97652234994963,77.67674814085974,75.37464507423383,76.20915222167969,1352600,0.0,0.0
2023-05-05 00:00:00-04:00,76.76546706700579,77.7822258939019,76.48729568040226,77.5328369140625,2192800,0.0,0.0
2023-05-08 00:00:00-04:00,77.53285224560709,77.76306031797354,75.65280379855189,75.84464263916016,1458500,0.0,0.0
2023-05-09 00:00:00-04:00,77.70551654099731,78.41532909163455,76.25710902489232,77.01488494873047,1680500,0.0,0.0
2023-05-10 00:00:00-04:00,77.27386254222921,77.51366475450591,75.99812033473599,76.79425811767578,1357100,0.0,0.0
2023-05-11 00:00:00-04:00,76.14200834994983,76.38181060172766,74.95259123022332,75.07728576660156,944400,0.0,0.0
2023-05-12 00:00:00-04:00,75.3746366766551,75.7487275600082,74.76074356970727,75.69117736816406,852800,0.0,0.0
2023-05-15 00:00:00-04:00,75.56647937632631,75.76791237622146,74.89503604334246,75.125244140625,1214000,0.0,0.0
2023-05-16 00:00:00-04:00,74.81829602646603,74.81829602646603,73.7823486328125,73.7823486328125,1322700,0.0,0.0
2023-05-17 00:00:00-04:00,73.9646001602677,75.92138722873135,73.45622060527052,75.34586334228516,2009300,0.0,0.0
2023-05-18 00:00:00-04:00,75.26913400880261,75.81588286501878,74.329105936232,75.70077514648438,1078900,0.0,0.0
2023-05-19 00:00:00-04:00,76.08444331957685,76.25710119992662,74.94298248180985,75.20197296142578,1160600,0.0,0.0
2023-05-22 00:00:00-04:00,75.04850349454428,76.9573345053519,74.90462069359238,76.74630737304688,980300,0.0,0.0
2023-05-23 00:00:00-04:00,78.17552528304884,78.82778762721756,77.47529956664795,77.77265930175781,1243400,0.0,0.0
2023-05-24 00:00:00-04:00,77.75347848494076,77.9261363960843,76.94774644506009,77.3602066040039,1280700,0.0,0.0
2023-05-25 00:00:00-04:00,78.38654952374812,78.66472097244306,75.82546361366462,76.05567169189453,1191800,0.0,0.0
2023-05-26 00:00:00-04:00,76.44893634939974,77.52325281066896,76.07484551304877,77.02446746826172,1429000,0.0,0.0
2023-05-30 00:00:00-04:00,77.01489334887262,77.59041729914057,75.96935170815655,76.00772094726562,728800,0.0,0.0
2023-05-31 00:00:00-04:00,75.7775056003628,76.00771369486749,74.73197137759215,74.87584686279297,1329400,0.0,0.0
2023-06-01 00:00:00-04:00,75.11565756239312,75.63363132204981,74.73197980103339,75.26913452148438,955800,0.0,0.0
2023-06-02 00:00:00-04:00,75.80628607013797,78.2714529064691,75.80628607013797,78.16593933105469,819100,0.0,0.0
2023-06-05 00:00:00-04:00,78.49206945839353,78.78942188851212,77.33142751707834,77.36979675292969,655400,0.0,0.0
2023-06-06 00:00:00-04:00,77.12040180562269,78.29063790709455,77.12040180562269,78.01246643066406,653500,0.0,0.0
2023-06-07 00:00:00-04:00,78.09878996337169,79.35535864831974,77.86858186737908,79.32657623291016,586800,0.0,0.0
2023-06-08 00:00:00-04:00,79.31698977730157,79.63352316642796,78.7222775985543,79.18270111083984,682300,0.0,0.0
2023-06-09 00:00:00-04:00,79.2786111627489,79.95005441562563,78.91410712417358,79.52800750732422,475600,0.0,0.0
2023-06-12 00:00:00-04:00,79.92127645611212,81.10110649321595,79.50881638179575,80.61190795898438,630200,0.0,0.0
2023-06-13 00:00:00-04:00,80.38170759498865,81.11070107944656,80.29537498977102,80.32415008544922,1101000,0.0,0.0
2023-06-14 00:00:00-04:00,80.17965874693354,80.63242727083664,79.55347950353676,79.98698425292969,725400,0.36,0.0
2023-06-15 00:00:00-04:00,80.03514911446443,82.18341628640248,79.84247463394045,82.11598205566406,1254800,0.0,0.0
2023-06-16 00:00:00-04:00,82.4435359439727,82.85777694487456,81.92332580215775,82.74217224121094,2761900,0.0,0.0
2023-06-20 00:00:00-04:00,82.366453940991,82.87702844442651,81.76917408520576,82.06781768798828,815100,0.0,0.0
2023-06-21 00:00:00-04:00,81.82698600153837,83.36834518427095,81.06593829729971,83.30091094970703,1086000,0.0,0.0
2023-06-22 00:00:00-04:00,83.37797489958047,83.37797489958047,82.64582658295525,82.84812927246094,696800,0.0,0.0
2023-06-23 00:00:00-04:00,82.43389768176978,82.79996820671224,81.5187176945233,81.61505126953125,998200,0.0,0.0
2023-06-26 00:00:00-04:00,81.35493179170297,82.80959283655352,81.14300089457704,82.79995727539062,723900,0.0,0.0
2023-06-27 00:00:00-04:00,82.52059074675613,83.67660817414098,82.22194715402104,83.26236724853516,765700,0.0,0.0
2023-06-28 00:00:00-04:00,83.32017268662605,83.66697941298334,82.48206255607938,83.49357604980469,823800,0.0,0.0
2023-06-29 00:00:00-04:00,83.57065453478772,85.07347893875718,83.57065453478772,84.56290435791016,845500,0.0,0.0
2023-06-30 00:00:00-04:00,84.94823560251389,85.65148460388389,84.77483224257197,85.23724365234375,818200,0.0,0.0
2023-07-03 00:00:00-04:00,84.6014421482572,85.36248993901455,84.39913942156694,85.17945098876953,297100,0.0,0.0
2023-07-05 00:00:00-04:00,84.77483699215794,85.8730558833921,84.5051000504205,85.40101623535156,796500,0.0,0.0
2023-07-06 00:00:00-04:00,85.02529660914968,85.58403417808407,84.48581546186993,85.19869995117188,761900,0.0,0.0
2023-07-07 00:00:00-04:00,84.96750199246021,85.81525504485118,84.56289659006285,84.81336975097656,928600,0.0,0.0
2023-07-10 00:00:00-04:00,84.51474832476153,85.52626200842276,84.51474832476153,84.80374908447266,664200,0.0,0.0
2023-07-11 00:00:00-04:00,84.86152159153099,86.4414227930584,84.82299404861162,86.22948455810547,763000,0.0,0.0
2023-07-12 00:00:00-04:00,86.70152836986976,86.77859815903454,85.78634851032189,85.86341094970703,1021300,0.0,0.0
2023-07-13 00:00:00-04:00,85.87306769598783,86.89421693011352,85.55516024958898,86.5763168334961,660900,0.0,0.0
2023-07-14 00:00:00-04:00,86.22949367851419,86.71116886352466,85.65148492645763,86.53776550292969,858900,0.0,0.0
2023-07-17 00:00:00-04:00,86.47034215876168,87.29882416927879,86.45107103305796,87.16395568847656,790600,0.0,0.0
2023-07-18 00:00:00-04:00,87.37588273485429,88.15620159595277,86.6148423483827,87.03871154785156,762200,0.0,0.0
2023-07-19 00:00:00-04:00,87.35661718718055,87.8190286269588,86.4703365565344,87.23138427734375,743100,0.0,0.0
2023-07-20 00:00:00-04:00,87.3084468141006,88.05986632322261,87.20247767883137,88.0116958618164,554300,0.0,0.0
2023-07-21 00:00:00-04:00,88.2717880468026,88.281423608036,87.56854642213916,87.96351623535156,624200,0.0,0.0
2023-07-24 00:00:00-04:00,88.28143479293195,88.58007108098558,87.81903069206055,88.07913208007812,526300,0.0,0.0
2023-07-25 00:00:00-04:00,87.6937972324445,88.90762095351184,87.6167274263936,88.83055114746094,655900,0.0,0.0
2023-07-26 00:00:00-04:00,89.05210598562408,90.41042611574547,89.05210598562408,90.24665832519531,822300,0.0,0.0
2023-07-27 00:00:00-04:00,90.36228103265661,90.68018111601917,88.72458075117103,88.78238677978516,1202500,0.0,0.0
2023-07-28 00:00:00-04:00,89.61085313002889,90.32373773502185,89.35075174967447,90.31410217285156,890000,0.0,0.0
2023-07-31 00:00:00-04:00,90.75722844377823,91.21000424858384,89.97691707366262,90.1021499633789,1282100,0.0,0.0
2023-08-01 00:00:00-04:00,92.48163531235915,97.8956670255243,92.07702992181478,96.3157730102539,2027000,0.0,0.0
2023-08-02 00:00:00-04:00,96.32540624974803,96.64331365167449,94.69734904097814,94.93818664550781,935400,0.0,0.0
2023-08-03 00:00:00-04:00,95.09232220117005,95.30426047649968,94.0230026118474,94.79368591308594,936400,0.0,0.0
2023-08-04 00:00:00-04:00,95.44875000971669,95.52581979808508,93.261940700886,93.54131317138672,859800,0.0,0.0
2023-08-07 00:00:00-04:00,93.6761890806325,94.37943809334239,93.3775528141648,94.05189514160156,1161800,0.0,0.0
2023-08-08 00:00:00-04:00,93.86886860817171,93.86886860817171,92.82844837586703,93.44499206542969,593300,0.0,0.0
2023-08-09 00:00:00-04:00,93.38718640302244,94.26383141017023,93.13671325107453,93.98445892333984,454400,0.0,0.0
2023-08-10 00:00:00-04:00,93.69545944456083,94.19639840519844,93.22341246940182,93.76289367675781,587300,0.0,0.0
2023-08-11 00:00:00-04:00,93.82068658716685,94.39869530619427,93.18487920117055,94.08079528808594,594700,0.0,0.0
2023-08-14 00:00:00-04:00,94.19639174695375,95.03450915911431,93.8784843820191,94.57209777832031,702400,0.0,0.0
2023-08-15 00:00:00-04:00,94.27347579991508,94.88038393862021,93.88813414924391,94.02300262451172,637900,0.0,0.0
2023-08-16 00:00:00-04:00,93.95555294043609,94.20602607466127,93.1752415547024,93.24267578125,565100,0.0,0.0
2023-08-17 00:00:00-04:00,93.34866166395555,94.21567855367023,92.71284682823787,92.78028106689453,819400,0.0,0.0
2023-08-18 00:00:00-04:00,92.52016611513176,93.04037617271867,92.0962896201099,92.57796478271484,3388400,0.0,0.0
2023-08-21 00:00:00-04:00,92.27933155860842,92.98257320318623,92.14446309664064,92.93441009521484,693000,0.0,0.0
2023-08-22 00:00:00-04:00,92.5105332007803,92.8669754772269,91.61461707871067,91.89398956298828,1193800,0.0,0.0
2023-08-23 00:00:00-04:00,92.06739608604883,92.23116388770384,91.50865109828216,91.99996185302734,732600,0.0,0.0
2023-08-24 00:00:00-04:00,91.51827477721156,93.3004712897593,91.50863921666524,92.87660217285156,571700,0.0,0.0
2023-08-25 00:00:00-04:00,93.35829010798957,93.35829010798957,92.02886186186905,92.27933502197266,350100,0.0,0.0
2023-08-28 00:00:00-04:00,92.21190076916356,93.36791830054106,91.99032694492976,93.31011962890625,563600,0.0,0.0
2023-08-29 00:00:00-04:00,93.44498728381741,93.57022018786456,92.60686980349531,93.28121948242188,375100,0.0,0.0
2023-08-30 00:00:00-04:00,93.66656270560279,94.59137820841607,93.60875668370302,94.36980438232422,413100,0.0,0.0
2023-08-31 00:00:00-04:00,94.8418311826113,95.05376941806766,93.88811647283698,93.93628692626953,1324900,0.0,0.0
2023-09-01 00:00:00-04:00,94.841853707742,96.6240580111134,94.841853707742,95.21755981445312,785800,0.0,0.0
2023-09-05 00:00:00-04:00,94.91892254707628,94.957457448627,93.88813781738281,93.88813781738281,548300,0.0,0.0
2023-09-06 00:00:00-04:00,93.74363743757114,93.95557572949225,92.86699227982069,92.97296142578125,545500,0.0,0.0
2023-09-07 00:00:00-04:00,93.21378452520052,93.44498655771417,91.78802273350948,92.23116302490234,950700,0.0,0.0
2023-09-08 00:00:00-04:00,92.18298657437376,92.5490570186877,91.8265443405935,92.28895568847656,512200,0.0,0.0
2023-09-11 00:00:00-04:00,92.06739230438244,92.52980370452205,91.67242248427432,92.38529968261719,440400,0.0,0.0
2023-09-12 00:00:00-04:00,91.8747292590145,92.59724205087589,91.52792253093862,92.26969909667969,461500,0.0,0.0
2023-09-13 00:00:00-04:00,92.52980162280363,92.66467008027264,91.09440434722973,91.54718017578125,394600,0.0,0.0
2023-09-14 00:00:00-04:00,91.8663028969966,92.6109002111188,91.45048670456418,91.99201202392578,657000,0.36,0.0
2023-09-15 00:00:00-04:00,91.67290553084767,91.8372960960424,90.24172194901344,90.93797302246094,1908400,0.0,0.0
2023-09-18 00:00:00-04:00,91.21841492589374,91.21841492589374,90.2997473751439,90.48348236083984,724200,0.0,0.0
2023-09-19 00:00:00-04:00,90.6091750172959,90.78323776741368,90.03864051163283,90.5995101928711,761400,0.0,0.0
2023-09-20 00:00:00-04:00,91.08303812261448,91.77928928445544,90.5028239025935,90.7542495727539,476000,0.0,0.0
2023-09-21 00:00:00-04:00,90.58984237737896,90.58984237737896,89.31338460728108,89.35206604003906,485500,0.0,0.0
2023-09-22 00:00:00-04:00,89.25537412286323,89.57448306060655,87.97891623870115,88.12396240234375,494800,0.0,0.0
2023-09-25 00:00:00-04:00,87.94024570649017,88.75253383452545,87.82420138345778,88.34638977050781,413600,0.0,0.0
2023-09-26 00:00:00-04:00,87.86286043066517,88.45273934470772,87.60176261482148,87.9789047241211,405100,0.0,0.0
2023-09-27 00:00:00-04:00,88.20131977956692,89.39074989143839,87.97891075735194,88.9555892944336,428400,0.0,0.0
2023-09-28 00:00:00-04:00,89.11999137932321,89.47778174763782,88.8105398944876,89.10064697265625,380700,0.0,0.0
2023-09-29 00:00:00-04:00,89.32307477611015,89.95162789609842,88.47209783972902,89.12000274658203,555500,0.0,0.0
2023-10-02 00:00:00-04:00,88.98460249008885,90.84127450678805,88.84922115460539,90.12567901611328,895300,0.0,0.0
2023-10-03 00:00:00-04:00,90.52215090929828,91.31510182946148,89.47777436730902,89.59381866455078,664900,0.0,0.0
2023-10-04 00:00:00-04:00,89.48744557535083,89.93227097657417,87.6404459311888,88.3173599243164,812800,0.0,0.0
2023-10-05 00:00:00-04:00,88.19165284435503,88.6074690604296,86.93453937039978,87.46639251708984,491500,0.0,0.0
2023-10-06 00:00:00-04:00,86.9828744718471,88.32702284903165,86.27695864207723,87.9789047241211,574100,0.0,0.0
2023-10-09 00:00:00-04:00,88.8105289760235,91.92431407093974,88.8105289760235,91.29576110839844,931100,0.0,0.0
2023-10-10 00:00:00-04:00,91.57620510311793,91.88564922804407,90.78325407188655,91.17973327636719,725700,0.0,0.0
2023-10-11 00:00:00-04:00,91.26675199548323,92.61090047249883,91.2087335333105,92.48519134521484,637700,0.0,0.0
2023-10-12 00:00:00-04:00,92.6786094636947,92.6786094636947,90.6092002894024,91.39248657226562,645900,0.0,0.0
2023-10-13 00:00:00-04:00,92.14673278282197,92.60123038462305,91.0249933930381,91.75992584228516,698700,0.0,0.0
2023-10-16 00:00:00-04:00,92.26278686523438,92.84299364872165,91.64389126808783,92.26278686523438,538200,0.0,0.0
2023-10-17 00:00:00-04:00,92.28211172102834,93.48120656575517,92.08871194462124,92.32079315185547,582000,0.0,0.0
2023-10-18 00:00:00-04:00,92.21443398079441,92.21443398079441,90.99599456108587,91.16038513183594,423900,0.0,0.0
2023-10-19 00:00:00-04:00,91.17004778294262,91.70190825344291,90.12567124690321,90.32875061035156,439700,0.0,0.0
2023-10-20 00:00:00-04:00,90.8992733106561,91.07333604401965,89.62281572523258,89.65182495117188,650500,0.0,0.0
2023-10-23 00:00:00-04:00,89.34239168007883,90.08699633166461,88.84921264648438,88.84921264648438,393500,0.0,0.0
2023-10-24 00:00:00-04:00,89.37141254603205,89.81623800333244,87.83386416391087,88.00792694091797,535400,0.0,0.0
2023-10-25 00:00:00-04:00,88.065932440566,89.2843717002133,88.065932440566,88.30768585205078,473000,0.0,0.0
2023-10-26 00:00:00-04:00,88.31735571233051,89.62282262418505,87.65011395345286,89.03294372558594,597900,0.0,0.0
2023-10-27 00:00:00-04:00,88.53977026141186,89.07163073699289,87.32133833545531,87.50506591796875,538700,0.0,0.0
2023-10-30 00:00:00-04:00,89.27470019900198,89.66150713596069,87.54374487385155,88.7621841430664,800900,0.0,0.0
2023-10-31 00:00:00-04:00,92.36914752878074,96.45961882123548,91.4504874434797,95.85040283203125,2292100,0.0,0.0
2023-11-01 00:00:00-04:00,96.73039324070983,98.55804880820378,95.04779122477082,97.84246063232422,1729200,0.0,0.0
2023-11-02 00:00:00-04:00,97.91013726033457,100.06658106051604,96.86576069223602,99.77647399902344,1427200,0.0,0.0
2023-11-03 00:00:00-04:00,100.24065850800655,101.83622544679339,100.08593275181406,100.51142120361328,1195600,0.0,0.0
2023-11-06 00:00:00-05:00,100.31800925855515,100.46306280368515,99.42835833576154,99.911865234375,787100,0.0,0.0
2023-11-07 00:00:00-05:00,99.62175027975051,100.18262000852096,99.19626925941536,99.4186782836914,722300,0.0,0.0
2023-11-08 00:00:00-05:00,99.38000244640408,99.9602166137971,98.83847709308218,99.61209106445312,683600,0.0,0.0
2023-11-09 00:00:00-05:00,99.94087385884012,100.16329027704806,98.89649719354408,99.12858581542969,667600,0.0,0.0
2023-11-10 00:00:00-05:00,99.60242441594795,100.46306613378968,99.3606709586277,100.13428497314453,656400,0.0,0.0
2023-11-13 00:00:00-05:00,100.04724435165352,101.38172070617766,99.33165622337793,100.96591186523438,673200,0.0,0.0
2023-11-14 00:00:00-05:00,101.49776069631903,101.99093976671966,100.39536562911476,101.51710510253906,786100,0.0,0.0
2023-11-15 00:00:00-05:00,101.54611822707685,101.98127147322899,100.85953933453055,101.49776458740234,687500,0.0,0.0
2023-11-16 00:00:00-05:00,101.68150845920833,102.35841520748443,101.17865712243449,101.21733856201172,650900,0.0,0.0
2023-11-17 00:00:00-05:00,102.45510680426233,102.45510680426233,101.46875599713198,101.78787231445312,731300,0.0,0.0
2023-11-20 00:00:00-05:00,101.53643561769069,102.90959326205598,101.26567296981347,102.42608642578125,665500,0.0,0.0
2023-11-21 00:00:00-05:00,102.45510410086017,102.96762758685071,101.86522512176317,102.18434143066406,456700,0.0,0.0
2023-11-22 00:00:00-05:00,102.19401613155655,103.17070211097348,102.01995335678649,102.81290435791016,528000,0.0,0.0
2023-11-24 00:00:00-05:00,103.19971425346407,103.72190259249699,102.97729783253659,103.23839569091797,237200,0.0,0.0
2023-11-27 00:00:00-05:00,103.01597740537153,103.38344736566737,102.63884261918453,103.22872161865234,401400,0.0,0.0
2023-11-28 00:00:00-05:00,103.35441787878412,103.85726911620743,102.8225647895707,102.83222961425781,513000,0.0,0.0
2023-11-29 00:00:00-05:00,103.07398449227729,103.4124451820742,102.25202434076097,102.71619415283203,635000,0.0,0.0
2023-11-30 00:00:00-05:00,102.77421212000378,103.80891645635371,102.22301462078427,103.7799072265625,1015200,0.0,0.0
2023-12-01 00:00:00-05:00,103.59618890428507,105.35615377896666,103.27707994760661,105.34648895263672,703000,0.0,0.0
2023-12-04 00:00:00-05:00,105.54954310523648,107.71565165102082,105.40448957981026,107.62862396240234,829900,0.0,0.0
2023-12-05 00:00:00-05:00,107.33853482333097,107.33853482333097,106.149104569628,106.37152099609375,492700,0.0,0.0
2023-12-06 00:00:00-05:00,106.18778537962795,107.21282504728964,105.73328770307937,106.08141326904297,658400,0.0,0.0
2023-12-07 00:00:00-05:00,106.3521754523336,106.651947353907,104.79528272489144,105.09505462646484,713400,0.0,0.0
2023-12-08 00:00:00-05:00,105.31746728551086,105.69460204429848,104.70824392306227,104.91131591796875,1002600,0.0,0.0
2023-12-11 00:00:00-05:00,105.02735834226377,105.29812099729875,104.23440740492033,104.73725128173828,906800,0.0,0.0
2023-12-12 00:00:00-05:00,104.68890901031878,105.83965033804091,104.3311112724086,105.41416931152344,537400,0.0,0.0
2023-12-13 00:00:00-05:00,105.46251236732726,106.59392400990471,105.18207750738785,106.54557037353516,665300,0.0,0.0
2023-12-14 00:00:00-05:00,106.7202411592053,106.90460460290409,104.33314803551139,105.46847534179688,882100,0.38,0.0
2023-12-15 00:00:00-05:00,104.49811640759773,105.36173659251486,103.74123646155913,104.36226654052734,1774500,0.0,0.0
2023-12-18 00:00:00-05:00,104.9930014587795,105.42966811875057,104.02264097430552,104.69219207763672,525500,0.0,0.0
2023-12-19 00:00:00-05:00,104.73099756092418,104.8862513741794,104.21670773691895,104.51751708984375,1053400,0.0,0.0
2023-12-20 00:00:00-05:00,104.45930237070773,104.51752162779843,102.57680075664088,102.74176025390625,709700,0.0,0.0
2023-12-21 00:00:00-05:00,103.19783303169748,103.69271893725139,102.3924320763037,103.43071746826172,526000,0.0,0.0
2023-12-22 00:00:00-05:00,103.7509329995123,104.8571432718695,103.7509329995123,104.43988800048828,449500,0.0,0.0
2023-12-26 00:00:00-05:00,104.30403011860584,105.03180036833734,104.03233040989464,104.7018814086914,572900,0.0,0.0
2023-12-27 00:00:00-05:00,104.6630828860581,105.32292831439503,104.35256782585621,104.624267578125,304100,0.0,0.0
2023-12-28 00:00:00-05:00,104.51752885380643,104.83774959646948,104.1779041585258,104.74071502685547,295900,0.0,0.0
2023-12-29 00:00:00-05:00,104.76010722007479,105.20647211280497,104.53692847534083,105.03180694580078,478400,0.0,0.0
2024-01-02 00:00:00-05:00,104.74070042473505,105.3229151645145,104.09055335210697,104.79891967773438,709300,0.0,0.0
2024-01-03 00:00:00-05:00,104.3525634804637,104.62426322141852,103.22694180706495,104.46900939941406,1084500,0.0,0.0
2024-01-04 00:00:00-05:00,105.2064823905957,105.59462806666382,104.18760831958774,104.624267578125,940300,0.0,0.0
2024-01-05 00:00:00-05:00,105.96335556923736,106.26417233554808,104.32345148334035,105.5169906616211,1566500,0.0,0.0
2024-01-08 00:00:00-05:00,105.77899540070774,106.9531306642897,104.97359444529823,106.90460968017578,764300,0.0,0.0
2024-01-09 00:00:00-05:00,107.00165384399226,107.35098423181437,106.19626021959566,106.95314025878906,546000,0.0,0.0
2024-01-10 00:00:00-05:00,106.87549961431192,107.34127588880904,106.1865445816333,106.45824432373047,587300,0.0,0.0
2024-01-11 00:00:00-05:00,106.40002066982073,106.48734955334575,105.09003559410863,105.59461975097656,551400,0.0,0.0
2024-01-12 00:00:00-05:00,105.57522597863206,107.0501706898207,105.57522597863206,106.92402648925781,451900,0.0,0.0
2024-01-16 00:00:00-05:00,106.63290663229304,106.73964687142548,104.93477588661128,105.5169906616211,542800,0.0,0.0
2024-01-17 00:00:00-05:00,104.81832606198762,106.04098222620334,104.81832606198762,105.29380798339844,592500,0.0,0.0
2024-01-18 00:00:00-05:00,105.4005528312058,106.54557843755465,104.5369326386411,106.47765350341797,701700,0.0,0.0
2024-01-19 00:00:00-05:00,106.73963773984111,106.92400857407192,105.83720232463743,106.6231918334961,505700,0.0,0.0
2024-01-22 00:00:00-05:00,106.89491442568345,108.21459787236199,106.89491442568345,107.97200775146484,459500,0.0,0.0
2024-01-23 00:00:00-05:00,108.06903876703885,108.23399825574319,107.01134209745355,107.2927474975586,379800,0.0,0.0
2024-01-24 00:00:00-05:00,107.72940822233741,108.06904028454302,106.7881648541981,106.89490509033203,348000,0.0,0.0
2024-01-25 00:00:00-05:00,107.63237675251808,107.63237675251808,105.72076552740175,107.44801330566406,531000,0.0,0.0
2024-01-26 00:00:00-05:00,108.32132132028728,110.13589780838382,107.67118167388406,108.24369812011719,666900,0.0,0.0
2024-01-29 00:00:00-05:00,108.03022222666608,108.5833273437794,107.30245194608212,108.20488739013672,544000,0.0,0.0
2024-01-30 00:00:00-05:00,108.26311798115344,108.49600242241522,107.9040819399584,108.30193328857422,758700,0.0,0.0
2024-01-31 00:00:00-05:00,108.62214786084331,108.62214786084331,106.89490749654092,107.19571685791016,571000,0.0,0.0
2024-02-01 00:00:00-05:00,107.38978794994287,107.60326843093077,106.40972923742584,107.564453125,637400,0.0,0.0
2024-02-02 00:00:00-05:00,107.341272851725,108.14666637779328,106.77846202858329,107.64208221435547,428400,0.0,0.0
2024-02-05 00:00:00-05:00,106.88520248139643,107.86526858527455,105.74017688176272,107.44801330566406,746800,0.0,0.0
2024-02-06 00:00:00-05:00,107.3703709090382,109.56338730556786,107.33155560783943,108.83561706542969,609000,0.0,0.0
2024-02-07 00:00:00-05:00,109.0005926891677,110.0485837669868,108.63185097478905,109.72836303710938,640600,0.0,0.0
2024-02-08 00:00:00-05:00,109.55369111509555,110.34938635041097,109.19465510036623,109.9127197265625,779200,0.0,0.0
2024-02-09 00:00:00-05:00,110.26205073467409,110.844272903345,109.64102066447003,110.1650161743164,816700,0.0,0.0
2024-02-12 00:00:00-05:00,110.42702114132148,111.97959636618764,110.30086954591,111.16448974609375,1202000,0.0,0.0
2024-02-13 00:00:00-05:00,116.10361802003248,118.86914355264572,114.89066757561773,117.685302734375,2467200,0.0,0.0
2024-02-14 00:00:00-05:00,118.31605903254707,118.85945855714994,115.77371179352326,117.8988037109375,1553500,0.0,0.0
2024-02-15 00:00:00-05:00,118.74300929092799,119.51929319824396,117.39420887632622,118.56834411621094,1771600,0.0,0.0
2024-02-16 00:00:00-05:00,118.57803682836213,121.22712395343902,117.45242262440864,120.15972900390625,1377000,0.0,0.0
2024-02-20 00:00:00-05:00,120.16943468577473,121.25624105595627,119.58721989588784,119.83951568603516,1319600,0.0,0.0
2024-02-21 00:00:00-05:00,119.82979632579399,121.18830228258362,119.12143742334906,120.27616119384766,1086300,0.0,0.0
2024-02-22 00:00:00-05:00,120.32468183437186,121.63466680917435,119.91713226945764,121.05245208740234,1032200,0.0,0.0
2024-02-23 00:00:00-05:00,121.48911316188301,122.90584579128911,121.48911316188301,122.32362365722656,1111900,0.0,0.0
2024-02-26 00:00:00-05:00,122.50798373116173,123.1193080343095,121.72199428379156,121.96458435058594,1049000,0.0,0.0
2024-02-27 00:00:00-05:00,121.78024071227611,122.95437600923798,121.62497948130779,122.82823181152344,1066000,0.0,0.0
2024-02-28 00:00:00-05:00,122.99317821436476,123.33280286684864,122.41096346678351,122.80880737304688,780700,0.0,0.0
2024-02-29 00:00:00-05:00,122.89614678069843,124.27406418235402,122.71177593469429,124.07028198242188,1050000,0.0,0.0
2024-03-01 00:00:00-05:00,125.17650260275856,125.23472186283198,123.03200681865324,123.6627426147461,834700,0.0,0.0
2024-03-04 00:00:00-05:00,124.0314665503461,125.89456415261358,123.66273226197914,125.68108367919922,661700,0.0,0.0
2024-03-05 00:00:00-05:00,125.95278580207133,126.24389689012695,124.57487577890143,125.46760559082031,688400,0.0,0.0
2024-03-06 00:00:00-05:00,125.47730388118299,126.02070334881154,124.72042393605393,125.98189544677734,554200,0.0,0.0
2024-03-07 00:00:00-05:00,126.37003040188854,126.52529161903146,124.58457082431879,125.94306945800781,917600,0.0,0.0
2024-03-08 00:00:00-05:00,125.86545008276816,126.09832709534679,124.31286756846443,124.94359588623047,531100,0.0,0.0
2024-03-11 00:00:00-04:00,124.15762771028763,124.35169685632357,122.92527308610629,123.47837829589844,656600,0.0,0.0
2024-03-12 00:00:00-04:00,123.30369895174094,123.70155027969608,122.13926940263873,123.46865844726562,894000,0.0,0.0
2024-03-13 00:00:00-04:00,123.83738888729991,124.71071467135232,123.37161266805134,124.27405548095703,837500,0.0,0.0
2024-03-14 00:00:00-04:00,124.06967911249282,124.38111822770662,122.444349036717,124.37138366699219,746200,0.38,0.0
2024-03-15 00:00:00-04:00,123.09642962575748,124.58549068610937,122.83364846635281,124.4979019165039,1799700,0.0,0.0
2024-03-18 00:00:00-04:00,123.81663828253213,124.45897823903624,122.2010426921618,122.96990966796875,1471700,0.0,0.0
2024-03-19 00:00:00-04:00,123.04776983022802,124.49790756451654,123.04776983022802,124.45897674560547,734300,0.0,0.0
2024-03-20 00:00:00-04:00,124.49790756451654,125.56848652133472,123.91396013143947,124.45897674560547,749000,0.0,0.0
2024-03-21 00:00:00-04:00,124.68280539233687,126.49304731744192,124.04045813007042,125.69497680664062,516400,0.0,0.0
2024-03-22 00:00:00-04:00,126.03564981421592,126.21082737293321,125.23757911181957,125.6852798461914,617300,0.0,0.0
2024-03-25 00:00:00-04:00,125.75340754718003,126.29842416781385,124.78988647460938,124.78988647460938,440000,0.0,0.0
2024-03-26 00:00:00-04:00,124.6438923897616,126.09402256711901,124.6438923897616,125.89937591552734,588200,0.0,0.0
2024-03-27 00:00:00-04:00,126.81425096741641,127.23274059000694,126.14270729340849,127.04782104492188,669400,0.0,0.0
2024-03-28 00:00:00-04:00,127.41762609948266,127.9821117203194,126.70715921919931,127.58307647705078,682700,0.0,0.0
2024-04-01 00:00:00-04:00,127.31058117841302,127.41763906309468,126.3665293363803,126.93101501464844,444500,0.0,0.0
2024-04-02 00:00:00-04:00,126.93103469383165,126.93103469383165,125.33490816149057,125.50035858154297,556000,0.0,0.0
2024-04-03 00:00:00-04:00,125.42247694016216,126.51252490226476,125.24729941177749,125.55873107910156,719800,0.0,0.0
2024-04-04 00:00:00-04:00,126.37629473938924,126.61960680869835,124.90668033638448,125.26679229736328,547100,0.0,0.0
2024-04-05 00:00:00-04:00,125.24731301815645,125.93831092263527,124.36165359354204,125.2181167602539,688300,0.0,0.0
2024-04-08 00:00:00-04:00,125.21812227028975,126.77531054577337,124.79961780428935,125.78260803222656,779800,0.0,0.0
2024-04-09 00:00:00-04:00,125.99671812471419,126.23028818762994,123.349474415389,123.69984436035156,714400,0.0,0.0
2024-04-10 00:00:00-04:00,122.53195228531725,123.73877799807208,121.77281986236994,122.84339141845703,740300,0.0,0.0
2024-04-11 00:00:00-04:00,122.97964318122693,124.43951548164482,122.22051077305674,123.25215148925781,717900,0.0,0.0
2024-04-12 00:00:00-04:00,122.93097150914384,123.68037674316663,121.587891734608,122.36649322509766,785100,0.0,0.0
2024-04-15 00:00:00-04:00,123.61226148693326,123.9431623255842,120.87742887347751,121.53923797607422,817500,0.0,0.0
2024-04-16 00:00:00-04:00,122.45407421592573,122.45407421592573,120.99420208296272,121.3056411743164,871800,0.0,0.0
2024-04-17 00:00:00-04:00,121.7338819549332,121.7338819549332,119.93337433925815,121.03314208984375,1075700,0.0,0.0
2024-04-18 00:00:00-04:00,121.26672844344137,121.86041046006837,119.98204107186872,120.44920349121094,868000,0.0,0.0
2024-04-19 00:00:00-04:00,121.14018888177469,122.09396783552366,120.4881144546799,121.56842041015625,940400,0.0,0.0
2024-04-22 00:00:00-04:00,122.37622728317206,123.66091461744846,121.64629112903104,122.6584701538086,1021500,0.0,0.0
2024-04-23 00:00:00-04:00,123.36893685712316,125.33489484158451,122.99909781008125,125.23756408691406,1220200,0.0,0.0
2024-04-24 00:00:00-04:00,125.10131310956847,126.8629047699608,124.61468902506626,125.4516830444336,828700,0.0,0.0
2024-04-25 00:00:00-04:00,124.93586516264527,126.65851861386346,124.78988387465594,126.40547943115234,703000,0.0,0.0
2024-04-26 00:00:00-04:00,125.96748362204347,127.44682476499084,125.35434747017008,126.87261199951172,892000,0.0,0.0
2024-04-29 00:00:00-04:00,126.81421262231592,128.79963193372592,126.80447063830565,128.09889221191406,1277700,0.0,0.0
2024-04-30 00:00:00-04:00,135.36908164958962,137.14040041126754,131.50528530517968,136.46885681152344,3723800,0.0,0.0
2024-05-01 00:00:00-04:00,135.9724879745314,139.07713669676406,134.89218207381046,138.38613891601562,1950200,0.0,0.0
2024-05-02 00:00:00-04:00,138.50293936669362,139.51512574087192,136.96520553519852,138.8435821533203,1720100,0.0,0.0
2024-05-03 00:00:00-04:00,138.83386032698286,139.24263767052656,137.4421224236354,137.8800811767578,1311200,0.0,0.0
2024-05-06 00:00:00-04:00,138.59054118505193,139.4567315105614,137.88007413955503,138.80465698242188,1856300,0.0,0.0
2024-05-07 00:00:00-04:00,140.00175156272013,140.31318324673472,138.93117266325837,139.02850341796875,1016900,0.0,0.0
2024-05-08 00:00:00-04:00,139.66112374112367,141.6076202392578,139.66112374112367,141.6076202392578,1221600,0.0,0.0
2024-05-09 00:00:00-04:00,141.94824431550197,143.06747371384455,141.24750448069327,142.9020233154297,1066600,0.0,0.0
2024-05-10 00:00:00-04:00,143.31079452790092,143.84608399710422,142.80470131605523,143.53463745117188,667500,0.0,0.0
2024-05-13 00:00:00-04:00,143.6124997499422,143.82661553861095,142.15262747297655,142.18182373046875,969800,0.0,0.0
2024-05-14 00:00:00-04:00,142.08451014232196,142.99935097633013,141.4810861595897,142.67819213867188,786600,0.0,0.0
2024-05-15 00:00:00-04:00,142.72685137822123,144.1964657550902,142.72685137822123,143.31080627441406,941500,0.0,0.0
2024-05-16 00:00:00-04:00,143.47626414111068,144.75121705167584,143.22322492661226,143.61251831054688,603000,0.0,0.0
2024-05-17 00:00:00-04:00,143.96284353514818,144.75117204539126,143.06745715002108,144.69277954101562,674500,0.0,0.0
2024-05-20 00:00:00-04:00,144.9263641929122,145.49084981867796,143.9628433203935,145.4421844482422,475700,0.0,0.0
2024-05-21 00:00:00-04:00,145.62712973150047,146.32786960821363,145.5881914880227,146.25973510742188,608400,0.0,0.0
2024-05-22 00:00:00-04:00,146.250036179028,147.06756124267284,145.6271578185474,145.90939331054688,1007900,0.0,0.0
2024-05-23 00:00:00-04:00,146.0650712229561,147.11618091411606,144.93609990460797,145.76336669921875,763700,0.0,0.0
2024-05-24 00:00:00-04:00,146.90208676411635,147.27192583502386,145.9872310732961,147.10646057128906,691700,0.0,0.0
2024-05-28 00:00:00-04:00,146.30840585626453,146.55171790987026,143.23293793454675,143.63197326660156,745600,0.0,0.0
2024-05-29 00:00:00-04:00,142.83391854790727,143.36920809571532,141.59790387003065,141.82174682617188,673700,0.0,0.0
2024-05-30 00:00:00-04:00,142.14288356547067,142.43486095653023,141.13069725654236,141.3934783935547,731300,0.0,0.0
2024-05-31 00:00:00-04:00,141.51028147183962,143.16481528216306,140.84847982818138,143.11614990234375,1565200,0.0,0.0
2024-06-03 00:00:00-04:00,142.7463200089201,142.88257417081616,139.8168481028594,141.62709045410156,1024400,0.0,0.0
2024-06-04 00:00:00-04:00,141.39348708484752,141.42268334068942,139.96281114624188,140.65382385253906,1086800,0.0,0.0
2024-06-05 00:00:00-04:00,140.7024768335566,142.07474528899664,139.78762129620551,141.77304077148438,545600,0.0,0.0
2024-06-06 00:00:00-04:00,141.6951932180571,142.0358360074837,139.2815419876659,140.38131713867188,615100,0.0,0.0
2024-06-07 00:00:00-04:00,140.55648644648795,141.87037729953656,140.1866474225451,140.97499084472656,664400,0.0,0.0
2024-06-10 00:00:00-04:00,140.88741888122686,141.17939634200698,139.81685465915385,140.84849548339844,790700,0.0,0.0
2024-06-11 00:00:00-04:00,140.47862556238093,140.47862556238093,139.281534571414,139.93360900878906,705400,0.0,0.0
2024-06-12 00:00:00-04:00,140.29371481168593,141.4908207280072,139.70003284646106,140.71221923828125,551300,0.0,0.0
2024-06-13 00:00:00-04:00,140.32291268743924,140.94580576687872,139.78763807950207,140.29371643066406,618800,0.0,0.0
2024-06-14 00:00:00-04:00,139.32766492016708,140.25469151781024,138.65434631971695,140.2254180908203,737300,0.38,0.0
2024-06-17 00:00:00-04:00,139.8253211555186,140.6352540051569,138.33231689348656,140.3815460205078,859200,0.0,0.0
2024-06-18 00:00:00-04:00,140.1668770659711,141.1622182945447,139.61066704019038,140.3913116455078,741100,0.0,0.0
2024-06-20 00:00:00-04:00,140.13758985731837,143.02602523841904,140.13758985731837,142.47955322265625,801300,0.0,0.0
2024-06-21 00:00:00-04:00,142.16730460736548,143.08457834735884,140.72309429856776,143.02603149414062,1852200,0.0,0.0
2024-06-24 00:00:00-04:00,143.31875643026842,145.87541634313732,142.93818701928438,144.9678955078125,1216400,0.0,0.0
2024-06-25 00:00:00-04:00,145.0069082919629,145.64118555620598,143.47486321302725,144.7043914794922,656700,0.0,0.0
2024-06-26 00:00:00-04:00,144.16773603682518,144.37265001773804,142.29416233356372,142.85037231445312,1094800,0.0,0.0
2024-06-27 00:00:00-04:00,143.20163547831402,143.89447447406437,142.27460912950525,143.62123107910156,762800,0.0,0.0
2024-06-28 00:00:00-04:00,144.02135171500817,145.0654868529083,141.269545500724,142.3527069091797,1835200,0.0,0.0
2024-07-01 00:00:00-04:00,143.03577691357046,143.92377718085135,141.23050295391943,142.04043579101562,633900,0.0,0.0
2024-07-02 00:00:00-04:00,141.95260626797221,143.07479386286022,141.54276345358252,142.3331756591797,517500,0.0,0.0
2024-07-03 00:00:00-04:00,142.11849409530723,143.19190257911967,141.75744528249706,143.0943145751953,297300,0.0,0.0
2024-07-05 00:00:00-04:00,143.0943201334475,143.61150381669017,141.30856679910713,141.99163818359375,411500,0.0,0.0
2024-07-08 00:00:00-04:00,142.46979921211144,143.21141746410612,141.99164178592022,142.04043579101562,425900,0.0,0.0
2024-07-09 00:00:00-04:00,142.23559462143766,142.95770717158862,141.26954182943416,141.5427703857422,550600,0.0,0.0
2024-07-10 00:00:00-04:00,142.38198743045146,145.28992865156084,142.38198743045146,145.2411346435547,1018500,0.0,0.0
2024-07-11 00:00:00-04:00,145.1435509928301,145.69000810725683,144.28482416167972,145.3484649658203,714200,0.0,0.0
2024-07-12 00:00:00-04:00,145.34848147373057,147.75875964776915,144.93863859136275,146.29502868652344,964900,0.0,0.0
2024-07-15 00:00:00-04:00,146.5194598778889,147.4855276503228,145.28017841336654,145.35824584960938,935300,0.0,0.0
2024-07-16 00:00:00-04:00,146.0217538927883,148.91994147017206,145.8363456473244,148.1392822265625,616300,0.0,0.0
2024-07-17 00:00:00-04:00,148.13933048234813,149.04685142949356,146.4218914988276,146.6072998046875,1243700,0.0,0.0
2024-07-18 00:00:00-04:00,146.89024136790212,147.81726775571644,146.41208401889423,147.15371704101562,704400,0.0,0.0
2024-07-19 00:00:00-04:00,147.93441046425,149.10539221853762,145.9534958167046,146.31454467773438,862600,0.0,0.0
2024-07-22 00:00:00-04:00,146.72437157445387,149.36885169177663,146.5096898723905,149.300537109375,861800,0.0,0.0
2024-07-23 00:00:00-04:00,149.53474212407662,151.69129713898923,149.0956109773859,151.19363403320312,658600,0.0,0.0
2024-07-24 00:00:00-04:00,150.78376629714643,150.78376629714643,146.44136867021115,146.47064208984375,1016400,0.0,0.0
2024-07-25 00:00:00-04:00,146.9976012110502,150.0519241758439,146.71461981433254,148.34423828125,1088900,0.0,0.0
2024-07-26 00:00:00-04:00,148.51987360335065,148.60769387270864,145.08498135557394,146.20718383789062,1043800,0.0,0.0
2024-07-29 00:00:00-04:00,146.84147222166692,149.90554815363302,146.37308252673654,149.27127075195312,1209400,0.0,0.0
2024-07-30 00:00:00-04:00,149.30055163900283,149.9348290723826,142.3039197313285,142.45028686523438,1818800,0.0,0.0
2024-07-31 00:00:00-04:00,144.4214376273723,145.3972581518816,139.23006528986002,140.90847778320312,1831800,0.0,0.0
2024-08-01 00:00:00-04:00,141.71840492261668,142.11849489518391,138.90805204981208,141.25001525878906,1217100,0.0,0.0
2024-08-02 00:00:00-04:00,140.33274405588597,142.02090935574003,140.01072150334053,141.87454223632812,1063200,0.0,0.0
2024-08-05 00:00:00-04:00,139.8936427356061,140.01073644363052,137.0247277702821,139.2105712890625,1089000,0.0,0.0
2024-08-06 00:00:00-04:00,140.29372195853566,142.2551158661676,139.73749710855427,139.8253173828125,1059500,0.0,0.0
2024-08-07 00:00:00-04:00,140.4791254890963,142.15752304754776,139.58135752758716,139.7179718017578,877800,0.0,0.0
2024-08-08 00:00:00-04:00,139.59113392073667,141.8745504548722,138.83974792127086,140.88897705078125,832400,0.0,0.0
2024-08-09 00:00:00-04:00,140.67430474570895,141.48423765050376,139.58137552161034,140.7230987548828,1018800,0.0,0.0
2024-08-12 00:00:00-04:00,140.51816395926602,142.27464398672493,140.01073308692446,141.1914825439453,739600,0.0,0.0
2024-08-13 00:00:00-04:00,140.97678573397766,142.09897332842775,140.04975925727908,141.31832885742188,950500,0.0,0.0
2024-08-14 00:00:00-04:00,141.1231715406521,143.83595163925196,141.01583067819638,143.77740478515625,576400,0.0,0.0
2024-08-15 00:00:00-04:00,143.96279207898033,145.05570623555363,143.0552861932197,144.3726348876953,456200,0.0,0.0
2024-08-16 00:00:00-04:00,144.5775780281929,145.11428231521904,143.5724840405986,144.4409637451172,494200,0.0,0.0
2024-08-19 00:00:00-04:00,144.41169625146347,146.54873086239414,143.90426536926407,146.50970458984375,524100,0.0,0.0
2024-08-20 00:00:00-04:00,146.5682514435897,146.85124775648273,145.44606370721712,146.50970458984375,522900,0.0,0.0
2024-08-21 00:00:00-04:00,146.61703374656693,147.78801539752334,145.92419462292398,147.19276428222656,486800,0.0,0.0
2024-08-22 00:00:00-04:00,147.2220300716407,150.2568323398078,147.2220300716407,149.57376098632812,566800,0.0,0.0
2024-08-23 00:00:00-04:00,149.8079948968552,151.24245248701155,149.8079948968552,151.1546173095703,539600,0.0,0.0
2024-08-26 00:00:00-04:00,151.25219713958043,152.4231789136606,150.76428682622696,151.12533569335938,521600,0.0,0.0
2024-08-27 00:00:00-04:00,151.0862746158105,152.37434980362724,150.48127073136914,152.28652954101562,521600,0.0,0.0
2024-08-28 00:00:00-04:00,152.5695343017578,153.4672873347927,151.97428322780831,152.5695343017578,608800,0.0,0.0
2024-08-29 00:00:00-04:00,152.67687880995777,155.05786827303234,152.413403111276,153.6331787109375,691500,0.0,0.0
2024-08-30 00:00:00-04:00,153.7014865971464,154.9798240012171,152.97938893314154,154.67730712890625,1072400,0.0,0.0
2024-09-03 00:00:00-04:00,154.4919087438013,155.25304754279486,151.26193038056954,152.0328369140625,872600,0.0,0.0
2024-09-04 00:00:00-04:00,151.74009586379177,152.78423100174618,151.34977359885627,152.31582641601562,1301000,0.0,0.0
2024-09-05 00:00:00-04:00,152.31581830760047,152.60856743563778,149.7298999379222,152.0328369140625,886500,0.0,0.0
2024-09-06 00:00:00-04:00,151.7596138476494,152.75494007315865,149.02731337032586,149.1541748046875,890500,0.0,0.0
2024-09-09 00:00:00-04:00,149.9933905741486,150.84234972911645,149.48595969435786,149.7494354248047,807800,0.0,0.0
2024-09-10 00:00:00-04:00,150.20805372183727,150.54959687847588,149.2810271550414,150.3349151611328,689600,0.0,0.0
2024-09-11 00:00:00-04:00,149.74941514033327,149.74941514033327,145.8851595466326,148.7540740966797,774100,0.0,0.0
2024-09-12 00:00:00-04:00,148.47111744606894,150.46180006463115,148.100315695429,150.3642120361328,605600,0.0,0.0
2024-09-13 00:00:00-04:00,150.6478697356687,153.49453111631658,150.18809906896684,152.11521911621094,756300,0.38,0.0
2024-09-16 00:00:00-04:00,152.67282970076553,153.30867517271673,151.03916747429548,151.44024658203125,509500,0.0,0.0
2024-09-17 00:00:00-04:00,151.13698960318249,152.18370601635905,150.7652563085366,150.98046875,530300,0.0,0.0
2024-09-18 00:00:00-04:00,150.96090574965027,151.59675115327877,149.85549781474452,150.4424285888672,758600,0.0,0.0
2024-09-19 00:00:00-04:00,151.13698084777047,152.9662715675879,150.06091870279008,152.69236755371094,622900,0.0,0.0
2024-09-20 00:00:00-04:00,152.03694931694426,153.6803882836767,151.42065783858848,153.64125061035156,1484000,0.0,0.0
2024-09-23 00:00:00-04:00,153.95429988503844,156.83030702370917,153.50430617949385,156.2042236328125,973900,0.0,0.0
2024-09-24 00:00:00-04:00,156.53683996782817,156.53683996782817,154.01299717966737,155.00100708007812,750300,0.0,0.0
2024-09-25 00:00:00-04:00,155.71509861917812,156.2335757645955,154.0031911237519,154.560791015625,582100,0.0,0.0
2024-09-26 00:00:00-04:00,153.77820777493406,155.4020779595057,153.77820777493406,154.98143005371094,672400,0.0,0.0
2024-09-27 00:00:00-04:00,154.9325339026441,156.51726644891144,154.9325339026441,156.2433624267578,1080500,0.0,0.0
2024-09-30 00:00:00-04:00,156.51729653949386,159.71612296698248,155.80319055349514,159.45199584960938,1084800,0.0,0.0
2024-10-01 00:00:00-04:00,159.29546424916975,161.88779075461812,158.11181063268197,161.41822814941406,705400,0.0,0.0
2024-10-02 00:00:00-04:00,160.9193201211799,162.39644650067385,159.8432579065484,161.6040802001953,635500,0.0,0.0
2024-10-03 00:00:00-04:00,161.5747140996559,162.20078251130914,160.85081643473094,161.55514526367188,723400,0.0,0.0
2024-10-04 00:00:00-04:00,162.37688602462575,162.85621059723422,160.5573722158547,162.76817321777344,583900,0.0,0.0
2024-10-07 00:00:00-04:00,162.3866807419364,163.99098229195934,161.11497483513315,163.03231811523438,513000,0.0,0.0
2024-10-08 00:00:00-04:00,163.6584008508949,164.3627298780409,162.27908859551297,162.99319458007812,575600,0.0,0.0
2024-10-09 00:00:00-04:00,163.4236019821909,164.23553716036062,162.80731041796125,164.02032470703125,540000,0.0,0.0
2024-10-10 00:00:00-04:00,163.78553188217498,163.9029299835938,159.99977522937868,160.96823120117188,698100,0.0,0.0
2024-10-11 00:00:00-04:00,161.69211835101763,163.86379670238608,161.64321864465234,163.560546875,428500,0.0,0.0
2024-10-14 00:00:00-04:00,164.09857710868624,165.48766610433967,163.68772106151974,164.9594268798828,477500,0.0,0.0
2024-10-15 00:00:00-04:00,166.07461678682535,166.3778666216176,163.85402374820833,164.04966735839844,616400,0.0,0.0
2024-10-16 00:00:00-04:00,163.77574551266218,164.94962197282652,163.5605330868563,164.41160583496094,611400,0.0,0.0
2024-10-17 00:00:00-04:00,165.07681884577758,165.8300624356769,164.0888088887987,164.68553161621094,746800,0.0,0.0
2024-10-18 00:00:00-04:00,165.08659623079274,166.0257064815022,163.02252399717028,165.83006286621094,579700,0.0,0.0
2024-10-21 00:00:00-04:00,166.1430931317841,166.44634298081024,164.87138721588133,165.986572265625,365200,0.0,0.0
2024-10-22 00:00:00-04:00,165.25290558999714,166.25070750230697,163.4236145229725,163.9029541015625,634200,0.0,0.0
2024-10-23 00:00:00-04:00,163.46273925851924,164.7637760050105,163.12035173997884,164.64639282226562,570800,0.0,0.0
2024-10-24 00:00:00-04:00,164.7442331256154,166.24092851245308,163.67796267320333,165.11595153808594,570900,0.0,0.0
2024-10-25 00:00:00-04:00,166.54416139928998,167.6202236256871,164.8713764703727,165.03768920898438,592600,0.0,0.0
2024-10-28 00:00:00-04:00,166.13332121934198,166.8278583282023,164.85183830788966,166.03549194335938,779200,0.0,0.0
2024-10-29 00:00:00-04:00,178.03836716015678,182.81214793526408,173.391761423834,181.81434631347656,2170700,0.0,0.0
2024-10-30 00:00:00-04:00,184.0251752051309,184.25995648344315,180.19050388593072,181.69699096679688,1421800,0.0,0.0
2024-10-31 00:00:00-04:00,180.9144256608663,182.1665627915364,177.84277442990182,179.1731719970703,1363300,0.0,0.0
2024-11-01 00:00:00-04:00,180.16115065975706,180.95351691722954,178.85032216155193,178.98727416992188,1053200,0.0,0.0
2024-11-04 00:00:00-05:00,180.3372536380278,182.50893202131934,179.6622705017817,182.26437377929688,1006800,0.0,0.0
2024-11-05 00:00:00-05:00,182.2741427439655,186.1088140195568,182.26436578830743,185.9327392578125,1006200,0.0,0.0
2024-11-06 00:00:00-05:00,194.08143042356326,194.65859926516026,187.98704272431598,189.9728546142578,1423400,0.0,0.0
2024-11-07 00:00:00-05:00,190.01198269968233,191.5869384218256,188.38811234236175,188.43702697753906,1040900,0.0,0.0
2024-11-08 00:00:00-05:00,190.27607324139237,194.77595048668545,189.39566961484118,194.10096740722656,923200,0.0,0.0
2024-11-11 00:00:00-05:00,196.22374305533253,197.59327813571977,195.45094559572024,197.00633239746094,1133700,0.0,0.0
2024-11-12 00:00:00-05:00,197.21178047598178,198.48347144565747,195.58791009954368,196.8889617919922,744000,0.0,0.0
2024-11-13 00:00:00-05:00,196.97699573638806,198.10195770578642,189.62067946193326,190.16848754882812,1393900,0.0,0.0
2024-11-14 00:00:00-05:00,189.99240851693327,190.69673744905532,162.85622057133565,164.30401611328125,4694400,0.0,0.0
2024-11-15 00:00:00-05:00,164.14748075916694,165.057230175601,153.3380044162632,157.15310668945312,5723200,0.0,0.0
2024-11-18 00:00:00-05:00,157.49550939706648,158.47374237468802,153.46519430579397,155.3825225830078,2738100,0.0,0.0
2024-11-19 00:00:00-05:00,155.27492259637341,159.71610885211848,154.00321668904616,154.84449768066406,1977900,0.0,0.0
2024-11-20 00:00:00-05:00,154.94233249680667,158.72808963121494,154.5901680010488,158.6204833984375,1912300,0.0,0.0
2024-11-21 00:00:00-05:00,159.45196284226884,164.06922332852048,158.62045890586717,161.1051788330078,2079700,0.0,0.0
2024-11-22 00:00:00-05:00,161.7703813553885,162.75840620743037,159.77479266575784,161.90733337402344,1770500,0.0,0.0
2024-11-25 00:00:00-05:00,162.39645536253957,162.73884288405623,157.04551964502545,160.03892517089844,1677200,0.0,0.0
2024-11-26 00:00:00-05:00,160.0291116825019,163.20836851122564,158.94327259931796,162.4942626953125,1278400,0.0,0.0
2024-11-27 00:00:00-05:00,162.09321795080376,163.10079682646167,158.7868002990918,160.40087890625,1148800,0.0,0.0
2024-11-29 00:00:00-05:00,160.9682393192574,161.8584349105498,159.49109797121935,161.7997283935547,620300,0.0,0.0
2024-12-02 00:00:00-05:00,162.38666382061547,162.79751985354196,159.69652330551492,160.557373046875,1407300,0.0,0.0
2024-12-03 00:00:00-05:00,160.82148518662436,162.83665752904906,160.46932074030883,160.557373046875,1277200,0.0,0.0
2024-12-04 00:00:00-05:00,160.26391018780308,162.14211570980456,159.27590025601629,161.46713256835938,980000,0.0,0.0
2024-12-05 00:00:00-05:00,161.96603345396449,161.96603345396449,158.31721387632044,160.19541931152344,1240900,0.0,0.0
2024-12-06 00:00:00-05:00,160.19543183772547,160.69434022430548,159.18785303474192,159.5987091064453,976700,0.0,0.0
2024-12-09 00:00:00-05:00,159.46175217508522,159.46175217508522,155.64664953621326,156.82052612304688,1252600,0.0,0.0
2024-12-10 00:00:00-05:00,157.58353176633744,158.29765251914023,156.39987833513146,156.6737823486328,1308400,0.0,0.0
2024-12-11 00:00:00-05:00,157.18246288679165,157.29006910811503,149.28813075994998,150.20767211914062,1908000,0.0,0.0
2024-12-12 00:00:00-05:00,146.83278445977712,150.84353094552756,144.05459129734015,149.65008544921875,1844900,0.0,0.0
2024-12-13 00:00:00-05:00,149.63051301883806,151.23481439993515,149.190296266437,149.82615661621094,1071200,0.0,0.0
2024-12-16 00:00:00-05:00,149.77714043001905,151.12082415756876,147.89400174787542,149.5711669921875,1051400,0.4,0.0
2024-12-17 00:00:00-05:00,148.59038149513572,149.0415535948311,146.02070443917344,147.25650024414062,1205000,0.0,0.0
2024-12-18 00:00:00-05:00,147.57033254629235,147.91360160810143,143.19598292144005,143.24502563476562,1307000,0.0,0.0
2024-12-19 00:00:00-05:00,144.26505803636383,144.81430055660408,139.42974838106528,140.44976806640625,2565800,0.0,0.0
2024-12-20 00:00:00-05:00,139.8612767744314,143.17635141725495,139.21394892795564,142.02882385253906,3054900,0.0,0.0
2024-12-23 00:00:00-05:00,141.51881992379722,142.8527009302987,140.71457628358604,142.41134643554688,1065900,0.0,0.0
2024-12-24 00:00:00-05:00,141.773825381599,143.04886102161532,141.03822962378968,142.78404235839844,708200,0.0,0.0
2024-12-26 00:00:00-05:00,142.43098061752968,143.51966312744204,141.5580740981035,142.9115753173828,654200,0.0,0.0
2024-12-27 00:00:00-05:00,141.92095479284268,143.5588797385066,140.94997785945444,141.71499633789062,616000,0.0,0.0
2024-12-30 00:00:00-05:00,140.2830232435551,141.09708439961864,139.31203139013923,140.4203338623047,666800,0.0,0.0
2024-12-31 00:00:00-05:00,140.80286139827948,141.5188372201937,139.41993750873272,141.2932586669922,1131600,0.0,0.0
2025-01-02 00:00:00-05:00,142.5584677566391,143.58828987320783,140.44975088035466,140.54783630371094,744700,0.0,0.0
2025-01-03 00:00:00-05:00,140.43015797223507,145.07912957612092,140.2928473324108,144.32391357421875,1075200,0.0,0.0
2025-01-06 00:00:00-05:00,144.22582706190968,147.6291850052998,143.84331782451858,145.39297485351562,1399300,0.0,0.0
2025-01-07 00:00:00-05:00,145.99124251067502,147.09952993070124,143.21559275130693,144.47100830078125,1063000,0.0,0.0
2025-01-08 00:00:00-05:00,143.79425887805354,143.92176693137,141.0284116539312,142.95077514648438,1314800,0.0,0.0
2025-01-10 00:00:00-05:00,142.9507672023852,148.12935983585447,142.9507672023852,146.5699005126953,1540800,0.0,0.0
2025-01-13 00:00:00-05:00,145.9422035716493,150.41462345292462,145.15756509152123,149.7084503173828,1437000,0.0,0.0
2025-01-14 00:00:00-05:00,149.1690109307438,150.32635606013173,147.77628473253648,149.82614135742188,769300,0.0,0.0
2025-01-15 00:00:00-05:00,150.993290132663,152.4252564964993,149.81633988286754,152.26832580566406,990400,0.0,0.0
2025-01-16 00:00:00-05:00,151.9544737185112,153.08239629142926,150.679452933256,152.1114044189453,649700,0.0,0.0
2025-01-17 00:00:00-05:00,152.8862139502868,153.37661108000597,151.3855999306047,152.19964599609375,1318000,0.0,0.0
2025-01-21 00:00:00-05:00,153.7983724808003,158.19232734556581,152.73911269839755,157.4959716796875,1414000,0.0,0.0
2025-01-22 00:00:00-05:00,158.07463811856934,159.18294062494252,156.99577321387645,158.0157928466797,1436700,0.0,0.0
2025-01-23 00:00:00-05:00,158.01578303808043,158.98677486119306,144.46119753342293,146.0500946044922,2386500,0.0,0.0
2025-01-24 00:00:00-05:00,146.9916683211393,148.46286008510313,142.01904794112446,142.7938690185547,1661400,0.0,0.0
2025-01-27 00:00:00-05:00,143.18617091663674,146.4031751508119,142.21517913350925,145.60873413085938,1089000,0.0,0.0
2025-01-28 00:00:00-05:00,145.6577798588801,145.6577798588801,134.90828095868662,138.77261352539062,1678900,0.0,0.0
2025-01-29 00:00:00-05:00,139.7141746482184,141.00883058211664,137.22296318323677,137.5760498046875,1670900,0.0,0.0
2025-01-30 00:00:00-05:00,138.03700339508262,139.55722267808355,135.83021608858348,139.4591522216797,1364300,0.0,0.0
2025-01-31 00:00:00-05:00,138.77260843095675,140.93035317047804,135.34963050374094,139.30223083496094,1409800,0.0,0.0
2025-02-03 00:00:00-05:00,137.9389378549641,139.7926388609798,135.5948395990423,138.92953491210938,1254000,0.0,0.0
2025-02-04 00:00:00-05:00,139.45917535120694,140.50861770661197,137.7624050200922,139.2335968017578,1063800,0.0,0.0
2025-02-05 00:00:00-05:00,140.8322458329011,140.8322458329011,137.37986077303927,138.576416015625,1047600,0.0,0.0
2025-02-06 00:00:00-05:00,138.4881855214775,139.66513597179718,135.7910005468655,138.11549377441406,1365800,0.0,0.0
2025-02-07 00:00:00-05:00,138.98838568586376,140.15551848992035,137.4975739572924,139.53762817382812,1215700,0.0,0.0
2025-02-10 00:00:00-05:00,139.74357639116405,141.37169862250659,138.9589379090696,140.02801513671875,1730800,0.0,0.0
2025-02-11 00:00:00-05:00,144.67696635274925,145.7754661799754,130.22987005006075,134.95730590820312,3563300,0.0,0.0
2025-02-12 00:00:00-05:00,133.85882134338405,135.0750118399432,131.7501192779663,134.2217254638672,1664300,0.0,0.0
2025-02-13 00:00:00-05:00,133.66267055901906,134.36884378199352,127.05211037507205,128.1407928466797,2605600,0.0,0.0
2025-02-14 00:00:00-05:00,128.90580273156854,131.03413978116748,128.06233390209047,129.71986389160156,1752300,0.0,0.0
2025-02-18 00:00:00-05:00,129.64139764558004,131.42645065141323,127.36596240155868,128.74888610839844,1852700,0.0,0.0
2025-02-19 00:00:00-05:00,128.4840596130139,130.52411365313915,127.69942114131433,128.97445678710938,1398100,0.0,0.0
2025-02-20 00:00:00-05:00,128.00347180164897,128.74888512398317,125.66919130552233,127.55231475830078,1953900,0.0,0.0
2025-02-21 00:00:00-05:00,126.67941657477782,126.7480644050821,122.6581532856784,124.38435363769531,2570800,0.0,0.0
2025-02-24 00:00:00-05:00,128.7390652319839,129.8277475949574,124.35492062874717,125.83592224121094,2290900,0.0,0.0
2025-02-25 00:00:00-05:00,125.71820375209991,129.53350787220478,125.36512469518534,128.2290496826172,2175200,0.0,0.0
2025-02-26 00:00:00-05:00,127.45425241819456,129.44526421427932,126.70885392657867,127.10116577148438,887900,0.0,0.0
2025-02-27 00:00:00-05:00,126.92461765749267,128.52330248834267,126.2772897068305,127.17961883544922,1352100,0.0,0.0
2025-02-28 00:00:00-05:00,125.3553269884601,127.50326906961186,121.24580363525851,127.47384643554688,2288300,0.0,0.0
2025-03-03 00:00:00-05:00,128.87639579983394,128.91563596201226,125.34554445636844,126.7186508178711,1714300,0.0,0.0
2025-03-04 00:00:00-05:00,126.41458647813889,132.26993009799293,124.94339491467274,129.68063354492188,1991100,0.0,0.0
2025-03-05 00:00:00-05:00,129.31776563076536,132.98592761940074,128.72928292253897,131.1420440673828,1819500,0.0,0.0
2025-03-06 00:00:00-05:00,129.63159491956165,131.03413870312912,128.493869816172,130.50450134277344,1489400,0.0,0.0
2025-03-07 00:00:00-05:00,129.43544647958754,137.53680335631634,128.1898333211694,136.56582641601562,2539300,0.0,0.0
2025-03-10 00:00:00-04:00,135.98714480981064,140.2536066631302,133.81959745128333,134.74154663085938,2016600,0.0,0.0
2025-03-11 00:00:00-04:00,134.03537643654806,134.6238441416291,130.20046645063226,131.5343475341797,1871100,0.0,0.0
2025-03-12 00:00:00-04:00,131.27933250380653,132.25030935272446,128.5134851948944,131.0341339111328,1203800,0.0,0.0
2025-03-13 00:00:00-04:00,130.64180082862518,132.1718375779664,129.6904291380698,130.30833435058594,1291200,0.0,0.0
2025-03-14 00:00:00-04:00,131.06582979719582,133.34815130763215,130.47558510413415,132.36439514160156,803900,0.4,0.0
2025-03-17 00:00:00-04:00,134.64669593708456,139.9589880151623,133.348145658617,135.95509338378906,1711500,0.0,0.0
2025-03-18 00:00:00-04:00,135.00085937549025,136.74211205580758,133.93840087619128,136.4076385498047,1382400,0.0,0.0
2025-03-19 00:00:00-04:00,136.69293852010378,139.39826841709043,135.55177757911522,136.3486328125,1416400,0.0,0.0
2025-03-20 00:00:00-04:00,135.0795625049618,135.0795625049618,131.34128591275717,132.65953063964844,1955100,0.0,0.0
2025-03-21 00:00:00-04:00,132.08893724396412,132.5611359742451,129.9345089588496,131.6560821533203,3989800,0.0,0.0
2025-03-24 00:00:00-04:00,132.55132694503308,133.84004527371957,131.27244077523972,133.58425903320312,1078100,0.0,0.0
2025-03-25 00:00:00-04:00,134.44996476374192,135.09924749077356,132.48245226553377,134.0367889404297,1341300,0.0,0.0
2025-03-26 00:00:00-04:00,134.03675547929765,135.29596196292638,132.97429719418741,134.1252899169922,1032400,0.0,0.0
2025-03-27 00:00:00-04:00,134.51882258005918,134.97134200706105,132.79724930188002,133.4760284423828,1002900,0.0,0.0
2025-03-28 00:00:00-04:00,132.02009527962375,134.05647806939592,130.64284243455816,131.8823699951172,1592100,0.0,0.0
2025-03-31 00:00:00-04:00,131.1937406388024,134.09581871874883,130.51494639072436,132.74807739257812,1843000,0.0,0.0
2025-04-01 00:00:00-04:00,132.74806664423215,133.53507462191803,130.7903863637413,132.7677459716797,1512500,0.0,0.0
2025-04-02 00:00:00-04:00,131.00680147496226,141.2181948645348,130.2788165379171,140.61810302734375,3736900,0.0,0.0
2025-04-03 00:00:00-04:00,136.87984617284155,141.62155857750696,135.7681967893973,137.2241668701172,2090400,0.0,0.0
2025-04-04 00:00:00-04:00,134.57787743704432,138.0308569692666,130.9478139485656,130.97732543945312,2770600,0.0,0.0
2025-04-07 00:00:00-04:00,128.68513376199675,134.56799106997764,126.23559066623235,130.74118041992188,1703900,0.0,0.0
2025-04-08 00:00:00-04:00,132.80708513079298,135.26647559617803,129.59019819900945,131.1937255859375,2019600,0.0,0.0
2025-04-09 00:00:00-04:00,128.399878830477,138.45386960147246,128.23264205772597,137.46026611328125,2684500,0.0,0.0
2025-04-10 00:00:00-04:00,135.87640471063705,138.2866194656125,133.59409807907127,137.40122985839844,1581000,0.0,0.0
2025-04-11 00:00:00-04:00,137.30285825094788,140.60826462940548,135.03036884936606,139.57533264160156,1073600,0.0,0.0
2025-04-14 00:00:00-04:00,140.8738982886641,141.72977647181588,137.85377427198088,140.657470703125,1281700,0.0,0.0
2025-04-15 00:00:00-04:00,140.55908886173077,140.81486006652523,138.54238567533895,139.10311889648438,1453800,0.0,0.0
2025-04-16 00:00:00-04:00,139.2998847411661,140.04753405361578,137.0470746238367,137.6274871826172,1508600,0.0,0.0
2025-04-17 00:00:00-04:00,136.9978841004112,138.11936557691615,135.79770032596733,137.15528869628906,1754500,0.0,0.0
2025-04-21 00:00:00-04:00,137.72588200245548,138.36531759309494,134.68607863802447,135.99447631835938,962800,0.0,0.0
2025-04-22 00:00:00-04:00,136.66340719981906,139.5458206229312,136.2994222154495,138.96539306640625,1194600,0.0,0.0
2025-04-23 00:00:00-04:00,141.41497880640165,142.6446742742834,139.41795456743617,139.6934051513672,925700,0.0,0.0
2025-04-24 00:00:00-04:00,140.49022696649385,144.100610584841,138.96540178434324,143.195556640625,1153500,0.0,0.0
2025-04-25 00:00:00-04:00,143.47100248989688,144.49411735745556,142.06423831066436,143.34312438964844,1212800,0.0,0.0
2025-04-28 00:00:00-04:00,143.5005074845656,144.60232460063182,141.67072041085913,143.38246154785156,1178200,0.0,0.0
2025-04-29 00:00:00-04:00,143.5496959307172,145.65493349603216,142.98896272963384,145.16305541992188,1146600,0.0,0.0
2025-04-30 00:00:00-04:00,144.43510774655084,145.231947950976,142.7725571911799,144.78924560546875,1025500,0.0,0.0
2025-05-01 00:00:00-04:00,144.3859049644175,145.3007910460019,142.5266063045224,144.22850036621094,1027400,0.0,0.0
2025-05-02 00:00:00-04:00,146.37307739257812,147.06171873661322,143.97272489016686,146.37307739257812,1494300,0.0,0.0
2025-05-05 00:00:00-04:00,145.21225440213848,147.7405000499505,145.21225440213848,145.53689575195312,1814700,0.0,0.0
2025-05-06 00:00:00-04:00,143.50050750923657,153.22985541618914,142.28065946717447,152.23626708984375,2626900,0.0,0.0
2025-05-07 00:00:00-04:00,151.38040500744717,152.9150622386475,149.75719831219453,152.20675659179688,1612000,0.0,0.0
2025-05-08 00:00:00-04:00,153.45615206524266,154.22348078549027,150.5245474561634,152.1969451904297,1176900,0.0,0.0
2025-05-09 00:00:00-04:00,152.63963086479748,154.4005480341524,151.59685159022567,153.1708526611328,1306400,0.0,0.0
2025-05-12 00:00:00-04:00,154.449741502871,154.7350242295002,151.5083047161745,153.5545196533203,1551200,0.0,0.0
2025-05-13 00:00:00-04:00,153.0823115928917,153.7512586417095,152.10838749554077,152.9052276611328,958700,0.0,0.0
2025-05-14 00:00:00-04:00,153.20035787666515,153.4659762694224,150.3474707324386,150.57373046875,1278900,0.0,0.0
2025-05-15 00:00:00-04:00,151.30171297752702,154.2628138611464,151.30171297752702,154.213623046875,1170700,0.0,0.0
2025-05-16 00:00:00-04:00,152.75767695268547,156.56480902743544,152.75767695268547,156.41725158691406,1007000,0.0,0.0
2025-05-19 00:00:00-04:00,155.9253462806833,157.1353621150069,155.2268728250281,156.93861389160156,915400,0.0,0.0
2025-05-20 00:00:00-04:00,156.44673150598263,158.38473222539105,155.9745327806683,157.69610595703125,826800,0.0,0.0
2025-05-21 00:00:00-04:00,157.34197154777482,157.34197154777482,155.26624533211876,156.35821533203125,1282500,0.0,0.0
2025-05-22 00:00:00-04:00,156.23033273638862,156.85993615640612,154.4792477553734,155.72862243652344,1077600,0.0,0.0
2025-05-23 00:00:00-04:00,152.6199486249909,153.46597962593003,148.06515224669823,150.01300048828125,1568100,0.0,0.0
2025-05-27 00:00:00-04:00,148.20287557112346,150.49502947380174,146.83545496087402,150.072021484375,1617300,0.0,0.0
2025-05-28 00:00:00-04:00,150.18022100563115,150.93770245113862,146.22551698624687,146.93382263183594,2162400,0.0,0.0
2025-05-29 00:00:00-04:00,147.3568449338977,147.44539440641717,144.28753017800688,145.1040496826172,1818800,0.0,0.0
2025-05-30 00:00:00-04:00,145.42867350588506,146.15665846106964,143.7661232100642,146.1074676513672,2289100,0.0,0.0
2025-06-02 00:00:00-04:00,144.98599390593122,144.98599390593122,138.01115102295978,139.34906005859375,2258100,0.0,0.0
2025-06-03 00:00:00-04:00,139.29990436007907,142.9791434808402,137.4209261398046,142.14295959472656,1867200,0.0,0.0
2025-06-04 00:00:00-04:00,141.76911937313267,143.2447538062674,141.27724122875443,142.07408142089844,1076100,0.0,0.0
2025-06-05 00:00:00-04:00,142.76271265288509,143.0381632221856,141.4543149432425,143.00865173339844,989000,0.0,0.0
2025-06-06 00:00:00-04:00,144.34654273625708,145.89104717243518,143.30376356807665,145.733642578125,920300,0.0,0.0
2025-06-09 00:00:00-04:00,146.18617393363647,146.39275432472505,142.211790571701,143.96287536621094,873400,0.0,0.0
2025-06-10 00:00:00-04:00,144.6121516308008,144.84825850678493,142.30031871260414,143.2250518798828,650400,0.0,0.0
2025-06-11 00:00:00-04:00,143.0086289827376,143.66774381234583,141.21820056711618,143.54969787597656,950400,0.0,0.0
2025-06-12 00:00:00-04:00,143.41198123863305,145.6352649025632,142.89059164040637,145.6156005859375,764100,0.0,0.0
2025-06-13 00:00:00-04:00,146.32390001026533,148.5570157369969,144.435089940902,146.73707580566406,1107700,0.0,0.0
2025-06-16 00:00:00-04:00,146.589113898123,146.90475452212618,143.45234959287345,146.2340087890625,1075300,0.4,0.0
2025-06-17 00:00:00-04:00,146.04660469753316,147.88131210234508,145.11938487287765,147.3585205078125,1201000,0.0,0.0
2025-06-18 00:00:00-04:00,147.41768939293254,148.82825125196638,146.0268597766849,146.33265686035156,759700,0.0,0.0
2025-06-20 00:00:00-04:00,146.46089577360158,146.96397018952348,143.91597800590986,146.43130493164062,3006200,0.0,0.0
2025-06-23 00:00:00-04:00,146.97382034530213,149.53847021077056,145.43503644653794,148.62110900878906,1187000,0.0,0.0
2025-06-24 00:00:00-04:00,148.94662721413073,150.6333804097866,146.77654691398467,150.15989685058594,1220700,0.0,0.0
2025-06-25 00:00:00-04:00,150.86022990052732,152.48778616170537,149.47925893376987,151.86636352539062,1113800,0.0,0.0
2025-06-26 00:00:00-04:00,152.64562688358038,155.2102767160345,151.08711076094033,153.56297302246094,1253700,0.0,0.0
2025-06-27 00:00:00-04:00,153.681351433275,154.13508767897122,151.1956155242663,153.56297302246094,1141000,0.0,0.0
2025-06-30 00:00:00-04:00,154.17454739137054,155.8514268215978,153.32624155472033,155.61468505859375,981300,0.0,0.0
2025-07-01 00:00:00-04:00,155.33849399239412,158.92899461889587,154.86502551727617,158.75144958496094,1152800,0.0,0.0
2025-07-02 00:00:00-04:00,157.54804165350106,160.556569102594,156.31503983430656,160.40859985351562,1317700,0.0,0.0
2025-07-03 00:00:00-04:00,160.86234992018868,163.71304950239968,160.44806311825013,162.3222198486328,950900,0.0,0.0
2025-07-07 00:00:00-04:00,162.86475726909663,163.23959466702252,161.32597329004292,162.22360229492188,1280800,0.0,0.0
2025-07-08 00:00:00-04:00,161.1878757101608,162.29264059419137,159.55044557754928,159.8858184814453,1054000,0.0,0.0
2025-07-09 00:00:00-04:00,160.12252899207428,160.44804323567965,158.24835744264556,160.00416564941406,754500,0.0,0.0
2025-07-10 00:00:00-04:00,159.83648001784715,161.5035008315234,159.44192546902173,160.78343200683594,648000,0.0,0.0
2025-07-11 00:00:00-04:00,160.62560978205343,160.87221014651297,158.34702482265402,159.8463592529297,698400,0.0,0.0
2025-07-14 00:00:00-04:00,159.6096134118957,162.44058070724128,158.8106306596408,161.44432067871094,678200,0.0,0.0
2025-07-15 00:00:00-04:00,161.66132193231493,162.34194129426305,158.02149842366416,158.0313720703125,702000,0.0,0.0
2025-07-16 00:00:00-04:00,157.78479723632876,159.15589477726982,156.4827399766358,158.85009765625,665700,0.0,0.0
2025-07-17 00:00:00-04:00,158.8106225024882,160.98070253263674,158.63307747834716,160.49737548828125,563200,0.0,0.0
2025-07-18 00:00:00-04:00,161.1286791958102,161.7106524257006,159.73784957078425,160.32968139648438,466400,0.0,0.0
2025-07-21 00:00:00-04:00,160.29022977130708,160.32967920529808,158.26810386239544,158.55416870117188,503400,0.0,0.0
2025-07-22 00:00:00-04:00,158.96845915377273,160.13240562448,156.6109603220685,159.08682250976562,886100,0.0,0.0
2025-07-23 00:00:00-04:00,159.80687397538446,161.88818138270128,159.5800058839584,161.68104553222656,605300,0.0,0.0
2025-07-24 00:00:00-04:00,161.6810731566832,163.10149372207317,160.68479801083174,161.03004455566406,658000,0.0,0.0
2025-07-25 00:00:00-04:00,161.7599870826818,161.8684918495183,158.3864957655268,161.03004455566406,704500,0.0,0.0
2025-07-28 00:00:00-04:00,161.00043119838034,161.4837732832901,156.74904374458868,158.16946411132812,961000,0.0,0.0
2025-07-29 00:00:00-04:00,159.78715840665424,160.10279900862855,158.14972857074815,159.3136749267578,544100,0.0,0.0
2025-07-30 00:00:00-04:00,159.33342331055965,160.2902339109313,157.9130028295423,158.85995483398438,548100,0.0,0.0
2025-07-31 00:00:00-04:00,158.59362712485034,159.698391954714,157.08443408002162,157.47898864746094,871300,0.0,0.0
2025-08-01 00:00:00-04:00,157.19293832060004,158.02151194024017,154.18441083718923,157.0351104736328,784000,0.0,0.0
2025-08-04 00:00:00-04:00,157.11403328521632,159.0769777332758,156.42355522978852,158.76132202148438,1303600,0.0,0.0
2025-08-05 00:00:00-04:00,165.72529021240788,171.23928535817151,161.917780288678,170.5882568359375,2216600,0.0,0.0
2025-08-06 00:00:00-04:00,172.6202468007832,173.37978010106815,168.0926679398611,172.1171875,1749500,0.0,0.0
2025-08-07 00:00:00-04:00,173.09371729076253,174.7705966976385,171.58452431944502,172.88658142089844,1135400,0.0,0.0
2025-08-08 00:00:00-04:00,172.9556090786457,175.00732569258645,171.9987985651423,174.09983825683594,826500,0.0,0.0
2025-08-11 00:00:00-04:00,173.82365267179048,176.4869333918851,173.48827981435213,174.73114013671875,907600,0.0,0.0
2025-08-12 00:00:00-04:00,174.24780197074492,175.72740407652975,173.27127421375312,175.59918212890625,823800,0.0,0.0
2025-08-13 00:00:00-04:00,175.3328554985523,179.70260664163192,175.07639654329222,179.47573852539062,902500,0.0,0.0
2025-08-14 00:00:00-04:00,179.29819207755307,180.39309826649003,175.1750262750432,176.0134735107422,876700,0.0,0.0
2025-08-15 00:00:00-04:00,176.0825158311356,176.26993451315002,173.75460782810327,175.21449279785156,849300,0.0,0.0
2025-08-18 00:00:00-04:00,176.11208643411788,176.88149331695038,175.3426946025752,175.6977996826172,561600,0.0,0.0
2025-08-19 00:00:00-04:00,175.3624504411849,177.54240429142843,174.09985777586553,176.3094024658203,716700,0.0,0.0
2025-08-20 00:00:00-04:00,176.2206072344044,178.3216470703137,175.1553069485285,177.7100830078125,789700,0.0,0.0
2025-08-21 00:00:00-04:00,177.09849681869326,178.25259967631797,176.6052961295954,177.98626708984375,554900,0.0,0.0
2025-08-22 00:00:00-04:00,178.0454572779527,181.09343407001327,177.84818000313842,179.2686004638672,608900,0.0,0.0
2025-08-25 00:00:00-04:00,179.1305070046795,179.8900252743455,178.49921068696318,179.14036560058594,477000,0.0,0.0
2025-08-26 00:00:00-04:00,178.7458033053818,179.96893140163627,177.93694693733798,179.87030029296875,686200,0.0,0.0
2025-08-27 00:00:00-04:00,179.4560111799474,181.23153682599,178.883911575776,180.8961639404297,541700,0.0,0.0
2025-08-28 00:00:00-04:00,180.59038001563505,181.00466682018566,177.5818525704908,178.89376831054688,592500,0.0,0.0
2025-08-29 00:00:00-04:00,178.80499384012236,180.01826340101138,177.5917092279418,178.45974731445312,671000,0.0,0.0
2025-09-02 00:00:00-04:00,178.45973610100802,179.03185070832447,176.9209523543661,178.43014526367188,596100,0.0,0.0
2025-09-03 00:00:00-04:00,178.3117973345208,178.5879885410699,174.25768670467772,175.2934112548828,615500,0.0,0.0
2025-09-04 00:00:00-04:00,174.5930495182647,176.1515655517578,172.26514158930286,176.1515655517578,1065100,0.0,0.0
2025-09-05 00:00:00-04:00,177.04919905539646,177.71994480683713,175.00734085953331,176.56585693359375,697500,0.0,0.0
2025-09-08 00:00:00-04:00,175.82605887407055,176.14171456342945,173.94202848785045,175.98388671875,641500,0.0,0.0
2025-09-09 00:00:00-04:00,175.82605182772218,176.74339791698623,174.34644970855481,176.59544372558594,751100,0.0,0.0
2025-09-10 00:00:00-04:00,176.51653284523218,178.0355994757852,175.8655042892809,177.91722106933594,525900,0.0,0.0
2025-09-11 00:00:00-04:00,178.53866029599396,183.3917535652881,178.25261050151337,182.6125030517578,851300,0.0,0.0
2025-09-12 00:00:00-04:00,182.30670840738716,182.9380046820641,181.2216608799938,181.35975646972656,541400,0.0,0.0
2025-09-15 00:00:00-04:00,180.17351708042236,182.26925798461932,179.75832696988292,180.6381378173828,746100,0.4,0.0
2025-09-16 00:00:00-04:00,180.47006238165525,181.68597719676637,178.7697516249289,180.48983764648438,904500,0.0,0.0
2025-09-17 00:00:00-04:00,180.4997224098384,182.88213656582778,179.00701418490425,181.6958770751953,710600,0.0,0.0
2025-09-18 00:00:00-04:00,181.21148607555318,185.42272774598374,179.21460657652526,185.0075225830078,832500,0.0,0.0
2025-09-19 00:00:00-04:00,185.61052586782236,186.73747459168345,184.37483581604016,185.3040771484375,3133100,0.0,0.0
2025-09-22 00:00:00-04:00,184.7505071926125,186.12459405158646,181.29057473348723,185.7192840576172,753600,0.0,0.0
2025-09-23 00:00:00-04:00,186.36183379076255,188.49709472162792,183.00074782257863,184.9679718017578,778700,0.0,0.0
2025-09-24 00:00:00-04:00,186.17401520965515,187.04394586777875,184.77027306484246,185.25465393066406,727300,0.0,0.0
2025-09-25 00:00:00-04:00,185.1459242089488,186.21356233338662,177.14854099297818,180.27236938476562,1041600,0.0,0.0
2025-09-26 00:00:00-04:00,181.25103571310305,183.72241599234303,179.36289755957776,182.7832794189453,838200,0.0,0.0
2025-09-29 00:00:00-04:00,184.08817057377865,185.35351603652606,181.98254980468926,183.4851531982422,846900,0.0,0.0
2025-09-30 00:00:00-04:00,184.0783106900108,187.56789872825868,183.9300188104385,186.7968292236328,844400,0.0,0.0
2025-10-01 00:00:00-04:00,184.67142029042262,189.46590413635556,184.67142029042262,189.43624877929688,956000,0.0,0.0
2025-10-02 00:00:00-04:00,189.06059880681,191.42323784343665,187.88421933411024,190.68182373046875,744800,0.0,0.0
2025-10-03 00:00:00-04:00,190.6027251765911,195.199501424264,189.80200040085722,193.3410186767578,868100,0.0,0.0
2025-10-06 00:00:00-04:00,193.34102786738097,196.53404703152384,192.76766582048856,195.77285766601562,885400,0.0,0.0
2025-10-07 00:00:00-04:00,196.67242442879845,196.9986484105779,194.14173363159566,194.7447509765625,669000,0.0,0.0
2025-10-08 00:00:00-04:00,195.73333058275367,196.286917387106,193.40034684719083,195.960693359375,779800,0.0,0.0
2025-10-09 00:00:00-04:00,195.91124688109352,196.3363321255372,191.63082958519252,191.8285369873047,674300,0.0,0.0
2025-10-10 00:00:00-04:00,192.24373482542077,192.56995883993693,185.66986916387054,185.87745666503906,763500,0.0,0.0
2025-10-13 00:00:00-04:00,185.9466469008056,186.22344026846727,183.3961807981169,183.81137084960938,781000,0.0,0.0
2025-10-14 00:00:00-04:00,183.05019418308777,186.63864320428468,182.20003875683562,185.12615966796875,512800,0.0,0.0
2025-10-15 00:00:00-04:00,185.52158719844303,187.11315682351434,182.18027597813085,184.43418884277344,496000,0.0,0.0
2025-10-16 00:00:00-04:00,184.00908000186377,185.21511472282023,181.88369910469527,182.29888916015625,628400,0.0,0.0
2025-10-17 00:00:00-04:00,182.15061281822753,183.6334410358155,178.38423155901145,182.3977508544922,774800,0.0,0.0
2025-10-20 00:00:00-04:00,184.14748466092882,189.10012526992932,182.98100041899536,188.30929565429688,536300,0.0,0.0
2025-10-21 00:00:00-04:00,188.6256269610224,191.5023172406064,188.3191782183239,190.94873046875,855500,0.0,0.0
2025-10-22 00:00:00-04:00,190.41490906824188,191.18597853350064,185.84780299184638,186.3124237060547,832100,0.0,0.0
2025-10-23 00:00:00-04:00,186.90554171695123,191.0179067454537,186.470576405257,189.198974609375,813600,0.0,0.0
2025-10-24 00:00:00-04:00,189.129786009626,189.129786009626,181.65631981871894,187.7853546142578,779700,0.0,0.0
2025-10-27 00:00:00-04:00,187.78535891605847,187.84466962713665,186.07515296473053,186.94508361816406,583100,0.0,0.0
2025-10-28 00:00:00-04:00,186.94507856610105,187.5975265385442,184.82957778487298,185.6599578857422,581200,0.0,0.0
2025-10-29 00:00:00-04:00,184.86910705901101,188.52676158504386,183.96953618848337,186.00595092773438,531500,0.0,0.0
2025-10-30 00:00:00-04:00,186.4112714229055,190.039255716381,185.92687547743643,188.73435974121094,835500,0.0,0.0
2025-10-31 00:00:00-04:00,188.8233164602316,190.59283302828848,186.95495374035067,188.2895050048828,749200,0.0,0.0
2025-11-03 00:00:00-05:00,187.7655835227526,191.89772395552433,186.09492810268955,190.83998107910156,1639500,0.0,0.0
2025-11-04 00:00:00-05:00,187.4789041523839,203.41437463735906,185.94666042853774,197.2655792236328,1509400,0.0,0.0
2025-11-05 00:00:00-05:00,197.69063206331495,199.68751140087366,192.52050913524823,192.83685302734375,1018600,0.0,0.0
2025-11-06 00:00:00-05:00,192.8368593198204,195.51582697942706,191.03768731405899,192.5303955078125,684000,0.0,0.0
2025-11-07 00:00:00-05:00,192.89617848755458,195.73331822275773,190.83998828401042,194.72499084472656,605700,0.0,0.0
2025-11-10 00:00:00-05:00,195.06110195446095,195.82227618882473,192.0163597646833,194.61624145507812,570300,0.0,0.0
2025-11-11 00:00:00-05:00,194.24060722845306,198.16516026549752,193.27181531154537,195.98045349121094,591800,0.0,0.0
2025-11-12 00:00:00-05:00,195.23902688580867,197.265561574103,190.53352463013047,190.81031799316406,876200,0.0,0.0
2025-11-13 00:00:00-05:00,191.6604821720958,193.15319038319947,188.4872233570503,189.12979125976562,790100,0.0,0.0
2025-11-14 00:00:00-05:00,188.9123165144805,189.5252140030976,186.7770403111516,189.21876525878906,823200,0.0,0.0
2025-11-17 00:00:00-05:00,188.86289117374926,189.45601341296816,186.0850620471859,186.62875366210938,597000,0.0,0.0
2025-11-18 00:00:00-05:00,186.81656702142294,188.7541357265864,185.3930496191163,186.94508361816406,677700,0.0,0.0
2025-11-19 00:00:00-05:00,186.5793167424957,187.96328355953165,185.07671342392314,187.01426696777344,649800,0.0,0.0
2025-11-20 00:00:00-05:00,189.06059444923957,190.79056067295812,183.23802301963127,183.5345916748047,808600,0.0,0.0
2025-11-21 00:00:00-05:00,184.17714005784137,187.3701591297787,183.425845889182,184.35508728027344,1025800,0.0,0.0
2025-11-24 00:00:00-05:00,183.68286512643152,185.60065863308824,181.7453114381347,184.67141723632812,1267400,0.0,0.0
2025-11-25 00:00:00-05:00,185.7489304646154,189.93051663857176,185.3337403996191,189.30772399902344,872800,0.0,0.0
2025-11-26 00:00:00-05:00,189.6042882548569,190.71146173590188,188.01271883380107,188.18077087402344,760800,0.0,0.0
2025-11-28 00:00:00-05:00,188.66518495910861,189.4757898830895,188.12147825662268,188.91232299804688,379600,0.0,0.0
2025-12-01 00:00:00-05:00,188.2796399644642,189.53509027331665,186.1740191605073,186.2629852294922,769900,0.0,0.0
2025-12-02 00:00:00-05:00,186.94507579207016,187.8051112349152,184.13759163511065,184.92843627929688,764800,0.0,0.0
2025-12-03 00:00:00-05:00,185.68962332493717,186.91543336239212,184.6615357752809,186.2827606201172,585300,0.0,0.0
2025-12-04 00:00:00-05:00,186.8758826727761,194.309798701286,186.8758826727761,190.21719360351562,782900,0.0,0.0
2025-12-05 00:00:00-05:00,189.42635845051808,189.42635845051808,181.80462980927223,184.6813201904297,917200,0.0,0.0
2025-12-08 00:00:00-05:00,185.18547166687313,185.18547166687313,182.30878135857935,183.4950408935547,887600,0.0,0.0
2025-12-09 00:00:00-05:00,183.48516593744108,184.8394775617287,182.5658045903335,182.8327178955078,872900,0.0,0.0
2025-12-10 00:00:00-05:00,182.05175082812957,187.2416491385211,181.90345896879683,186.15423583984375,770100,0.0,0.0
2025-12-11 00:00:00-05:00,186.88576314606098,189.34724803188777,185.25464325606637,188.34881591796875,659800,0.0,0.0
2025-12-12 00:00:00-05:00,188.34882808551464,189.3373801733341,184.967981755265,187.5579833984375,1152300,0.0,0.0
2025-12-15 00:00:00-05:00,186.62664121179097,187.98402911988597,183.17866971063614,184.2388153076172,955000,0.43,0.0
2025-12-16 00:00:00-05:00,184.14966746456568,184.78377740965476,179.0767879038531,180.4837188720703,882200,0.0,0.0
2025-12-17 00:00:00-05:00,179.3938129909398,181.92034992213206,178.34356994244047,179.69105529785156,852500,0.0,0.0
2025-12-18 00:00:00-05:00,180.54314915512933,181.88073203118336,178.96778451861937,179.5226287841797,886800,0.0,0.0
2025-12-19 00:00:00-05:00,179.62169590264816,183.07958507804392,178.6308982714786,182.98049926757812,2420900,0.0,0.0
2025-12-22 00:00:00-05:00,183.4858187416287,185.65566800838232,182.44547818818035,184.32798767089844,700400,0.0,0.0
2025-12-23 00:00:00-05:00,184.26854028710645,185.62594333022315,182.94087508200067,184.6054229736328,553700,0.0,0.0
2025-12-24 00:00:00-05:00,184.6054222912917,185.77455624175454,183.90194931957254,184.91256713867188,272700,0.0,0.0
2025-12-26 00:00:00-05:00,185.38815530846227,185.69530017164627,183.59481391887354,184.149658203125,278000,0.0,0.0
2025-12-29 00:00:00-05:00,184.11001555623704,185.14043839845667,182.5049131788493,183.78305053710938,314900,0.0,0.0
2025-12-30 00:00:00-05:00,183.33718552776017,183.95149033457983,180.78094096430968,181.66275024414062,658200,0.0,0.0
2025-12-31 00:00:00-05:00,180.85028717742412,181.3754087030941,178.66063291794103,178.73988342285156,649300,0.0,0.0
2026-01-02 00:00:00-05:00,177.94726464668744,182.0887915822141,177.1645260339987,181.78164672851562,654400,0.0,0.0
2026-01-05 00:00:00-05:00,183.5254608273984,194.59266974971715,182.30678384246568,193.69105529785156,1197400,0.0,0.0
2026-01-06 00:00:00-05:00,193.40368813534468,196.10856134515208,192.85874643268747,195.68252563476562,747300,0.0,0.0
2026-01-07 00:00:00-05:00,197.04983504009888,200.36899798827045,194.17651287783264,194.80072021484375,1148300,0.0,0.0
2026-01-08 00:00:00-05:00,196.1779392709266,203.113522982525,186.03216565591703,193.42352294921875,1765400,0.0,0.0
2026-01-09 00:00:00-05:00,191.89768037728425,199.15032638607337,191.86795765744267,196.51480102539062,994800,0.0,0.0
2026-01-12 00:00:00-05:00,196.9705676347367,198.81345179166763,193.1064478897542,193.80001831054688,965500,0.0,0.0
2026-01-13 00:00:00-05:00,194.95926673671173,197.2579095282465,193.26499602566992,194.15672302246094,974700,0.0,0.0
2026-01-14 00:00:00-05:00,194.23594465285433,195.33573053584095,186.52754093908175,189.06399536132812,1319100,0.0,0.0
2026-01-15 00:00:00-05:00,188.63794229096763,191.7292257656821,187.2607343205408,191.5806121826172,1095700,0.0,0.0
2026-01-16 00:00:00-05:00,190.4511207994276,192.93801739703216,189.0540925189434,192.90829467773438,889000,0.0,0.0
2026-01-20 00:00:00-05:00,191.7094276961974,193.72074555838398,189.04417980792036,189.16307067871094,766300,0.0,0.0
2026-01-21 00:00:00-05:00,189.59904996594983,191.82834480845995,187.49856366333086,190.35205078125,920800,0.0,0.0
2026-01-22 00:00:00-05:00,190.9267015771286,194.2557822413274,187.92458594726037,191.6697998046875,860900,0.0,0.0
2026-01-23 00:00:00-05:00,193.1956233781025,196.17791861750246,188.42987437286175,189.47021484375,659400,0.0,0.0
2026-01-26 00:00:00-05:00,191.22394096756986,191.22394096756986,184.18927180690636,187.7561492919922,844600,0.0,0.0
2026-01-27 00:00:00-05:00,186.9536016636885,187.55798880474904,184.71438941072395,185.42776489257812,804800,0.0,0.0
2026-01-28 00:00:00-05:00,184.13973891493552,186.47802184179847,182.30675731846108,186.0420684814453,599000,0.0,0.0
2026-01-29 00:00:00-05:00,186.72572442570734,188.6577767435302,183.98121081002617,185.4674072265625,585600,0.0,0.0
2026-01-30 00:00:00-05:00,183.9613810463857,186.65635161752286,182.9904036712817,186.54736328125,946300,0.0,0.0
2026-02-02 00:00:00-05:00,185.81418674065895,186.89416768139571,184.1397513925621,186.30958557128906,697800,0.0,0.0
2026-02-03 00:00:00-05:00,186.2402284962119,188.69740234292692,184.1199222094554,188.04347229003906,868000,0.0,0.0
2026-02-04 00:00:00-05:00,187.53818378172502,189.24235700189251,185.10082995364388,186.70591735839844,877100,0.0,0.0
2026-02-05 00:00:00-05:00,186.2204167873635,189.11354413436248,183.65425448169154,184.3676300048828,1019600,0.0,0.0
2026-02-06 00:00:00-05:00,185.93308199077646,192.4921572912268,184.66486226715534,191.2140350341797,736000,0.0,0.0
2026-02-09 00:00:00-05:00,192.53181149921392,194.13689889513807,191.4419280091588,192.78941345214844,659800,0.0,0.0
2026-02-10 00:00:00-05:00,192.7795174945168,193.54242084520843,189.46033912205937,192.92813110351562,764100,0.0,0.0
2026-02-11 00:00:00-05:00,192.92811517374903,194.19633492706828,170.86304778333033,171.40798950195312,1526500,0.0,0.0
2026-02-12 00:00:00-05:00,173.60756434778185,177.81845433372993,167.62313811322832,169.8623504638672,1477400,0.0,0.0
2026-02-13 00:00:00-05:00,170.7540622433405,175.02439766765985,170.06050691660167,174.67762756347656,1258600,0.0,0.0
2026-02-17 00:00:00-05:00,176.62949040595853,177.55092490681523,160.0435333251953,160.0435333251953,2595900,0.0,0.0
2026-02-18 00:00:00-05:00,161.9359733193354,170.43701912720994,159.56796749692916,169.95152282714844,2092300,0.0,0.0
2026-02-19 00:00:00-05:00,169.12915335584015,175.7873146758567,168.48514094011526,174.6479034423828,1365300,0.0,0.0
2026-02-20 00:00:00-05:00,173.4193158396721,173.6075698168551,169.9713441639379,171.9033966064453,936500,0.0,0.0
2026-02-23 00:00:00-05:00,170.59552686644696,172.39878579073172,169.03007993182482,170.4171905517578,1113200,0.0,0.0
2026-02-24 00:00:00-05:00,170.35773876585938,173.1914204567417,169.9217854105896,172.527587890625,1512000,0.0,0.0
2026-02-25 00:00:00-05:00,173.35986832265223,173.82554443378058,166.60262100346898,168.3266143798828,1483300,0.0,0.0
2026-02-26 00:00:00-05:00,170.427091846526,174.86587603479038,169.13906704525292,174.24166870117188,1375900,0.0,0.0
2026-02-27 00:00:00-05:00,173.16169770334105,175.37117207887442,172.02227141259675,173.48866271972656,1549300,0.0,0.0
2026-03-02 00:00:00-05:00,175.37117626555667,177.8877955327642,173.14188165201148,177.74908447265625,1579800,0.0,0.0
2026-03-03 00:00:00-05:00,175.53962291586294,179.46318837548247,174.46955960869397,178.9875946044922,1810100,0.0,0.0
2026-03-04 00:00:00-05:00,178.987591838389,179.33437706791352,174.89560776921115,175.07394409179688,1290900,0.0,0.0
2026-03-05 00:00:00-05:00,173.86516662863247,175.26219493743335,171.63587192588002,174.04351806640625,1046000,0.0,0.0
2026-03-06 00:00:00-05:00,174.0336136438225,177.48160059808225,172.65640541638703,176.2530059814453,978400,0.0,0.0
2026-03-09 00:00:00-04:00,175.5495040242242,178.3534629268436,172.4284977646797,177.88778686523438,926800,0.0,0.0
2026-03-10 00:00:00-04:00,176.30253982004518,176.30253982004518,168.46532662187772,170.92250061035156,1313400,0.0,0.0
2026-03-11 00:00:00-04:00,170.31810816975562,174.20204822046793,168.95081770784262,171.7745819091797,933300,0.0,0.0
2026-03-12 00:00:00-04:00,171.71514193600188,174.06332757830964,170.5757306617412,172.21054077148438,1152800,0.0,0.0
2026-03-13 00:00:00-04:00,173.36977462850922,173.7859078418613,170.88287788262903,172.2600860595703,791600,0.0,0.0
2026-03-16 00:00:00-04:00,171.35620985794455,171.6144504803186,165.1880949302397,166.32040405273438,1342500,0.43,0.0
2026-03-17 00:00:00-04:00,167.17460940556424,169.44916997585622,165.2774902753404,167.840087890625,1058200,0.0,0.0
2026-03-18 00:00:00-04:00,167.6513692221522,169.14125051746646,165.51587876121093,165.62513732910156,948000,0.0,0.0
2026-03-19 00:00:00-04:00,164.8106665604981,165.99264151520086,163.8869474044841,164.83053588867188,989200,0.0,0.0
2026-03-20 00:00:00-04:00,163.58896252832324,165.69467172311013,163.58896252832324,164.75106811523438,4464700,0.0,0.0
2026-03-23 00:00:00-04:00,165.31722760454971,166.84683236818051,161.41373080884543,161.4435272216797,1290200,0.0,0.0
2026-03-24 00:00:00-04:00,160.04304371261364,162.16860695647725,156.18921281676816,157.91748046875,1158200,0.0,0.0
2026-03-25 00:00:00-04:00,158.9206827270667,159.92386408067264,155.76214143267777,157.80824279785156,714200,0.0,0.0
2026-03-26 00:00:00-04:00,156.9838289763994,158.79154373515365,155.7919269703402,156.51699829101562,611300,0.0,0.0
2026-03-27 00:00:00-04:00,156.43753162767416,156.43753162767416,153.9245997924092,154.48081970214844,675100,0.0,0.0
2026-03-30 00:00:00-04:00,156.0402452667917,156.33820941047887,151.7096562268757,153.14987182617188,1023000,0.0,0.0
2026-03-31 00:00:00-04:00,154.96751329446963,157.4208522031023,153.33857713078098,154.47088623046875,997600,0.0,0.0
2026-04-01 00:00:00-04:00,153.4379179788831,156.2885680879388,153.4379179788831,154.9575958251953,852800,0.0,0.0
2026-04-02 00:00:00-04:00,154.14310940132174,158.18564579113144,153.04059672121815,157.74862670898438,688900,0.0,0.0
2026-04-06 00:00:00-04:00,157.45065291679376,158.91073773732137,156.73550871262287,158.3942413330078,646700,0.0,0.0
2026-04-07 00:00:00-04:00,158.13601202274378,159.29811764870132,156.7156505982245,157.7982940673828,635100,0.0,0.0
2026-04-08 00:00:00-04:00,156.9937531074902,160.90717699767936,156.62625391113485,159.5563507080078,789400,0.0,0.0
2026-04-09 00:00:00-04:00,159.04979827334884,159.0597253591393,154.5304886782807,154.5801544189453,645100,0.0,0.0
2026-04-10 00:00:00-04:00,154.1232545882318,155.75219089317477,150.09064490379103,151.8487091064453,805300,0.0,0.0
2026-04-13 00:00:00-04:00,154.14311262691757,156.87456151573417,152.5638421795162,156.52691650390625,1220300,0.0,0.0
2026-04-14 00:00:00-04:00,156.86463815643813,157.3215417850506,154.9873882094839,155.11651611328125,862900,0.0,0.0
2026-04-15 00:00:00-04:00,155.48401222453705,158.61277217734155,155.0469930893973,157.96714782714844,814800,0.0,0.0
2026-04-16 00:00:00-04:00,158.65249306239934,159.70534011560915,154.90793554762206,155.41448974609375,767100,0.0,0.0
2026-04-17 00:00:00-04:00,155.70253112166864,156.6659889587892,153.0108205854364,154.12326049804688,1043400,0.0,0.0
2026-04-20 00:00:00-04:00,154.6794692926816,155.94090634561383,152.79229241198792,153.77561950683594,609500,0.0,0.0
2026-04-21 00:00:00-04:00,152.80223180312456,155.15625470657275,151.79905045609397,152.1665496826172,700900,0.0,0.0
2026-04-22 00:00:00-04:00,153.1697337457426,153.5769564410372,148.96825765269227,149.69334411621094,877500,0.0,0.0
2026-04-23 00:00:00-04:00,149.70327256024748,149.70327256024748,145.46207293009624,146.6043243408203,1046900,0.0,0.0
2026-04-24 00:00:00-04:00,145.76003952805775,145.809705264349,143.2073692100644,145.07469177246094,798100,0.0,0.0
2026-04-27 00:00:00-04:00,145.48195102201404,146.86257382149608,142.42272611726355,143.26699829101562,627500,0.0,0.0
2026-04-28 00:00:00-04:00,144.89592529995133,146.18714361525207,142.0850141388184,145.16409301757812,869700,0.0,0.0
2026-04-29 00:00:00-04:00,145.17403375842787,146.2964006694461,143.9225237990161,144.92572021484375,785800,0.0,0.0
2026-04-30 00:00:00-04:00,144.50856021196873,148.55109695843282,143.93247095249063,148.21339416503906,853600,0.0,0.0
2026-05-01 00:00:00-04:00,148.98813765364747,149.78274408563834,147.5578491072353,148.22332763671875,1163300,0.0,0.0
2026-05-04 00:00:00-04:00,147.74655951778902,151.34213480542363,147.48831888667283,147.80615234375,2071600,0.0,0.0
2026-05-05 00:00:00-04:00,151.3222784384513,152.86181027295908,136.1850794738962,136.26454162597656,2252400,0.0,0.0
2026-05-06 00:00:00-04:00,134.98324446933955,135.6089994872414,128.4873684412484,133.989990234375,2230500,0.0,0.0
2026-05-07 00:00:00-04:00,132.93712435984676,134.58592979399006,129.1230322746768,130.37452697753906,1447300,0.0,0.0
2026-05-08 00:00:00-04:00,130.23548105360163,130.23548105360163,127.00741260051748,129.2322998046875,1515800,0.0,0.0
2026-05-11 00:00:00-04:00,127.81194167875556,129.11311739637952,124.49447632715798,126.81869506835938,1890300,0.0,0.0
2026-05-12 00:00:00-04:00,128.09007271076516,130.066638937071,125.74598453389491,127.52391052246094,2307600,0.0,0.0
2026-05-13 00:00:00-04:00,125.76584417649002,126.87828398324429,120.71017657325596,123.33236694335938,1589600,0.0,0.0
2026-05-14 00:00:00-04:00,123.6998827002264,125.83538081008203,122.68675914209562,124.70307159423828,989600,0.0,0.0
2026-05-15 00:00:00-04:00,125.5671934150877,126.84849223498796,121.9219523409886,122.8556137084961,1242800,0.0,0.0
2026-05-18 00:00:00-04:00,122.50796723693394,125.08049951023209,121.81269234032797,123.99784851074219,1284900,0.0,0.0
2026-05-19 00:00:00-04:00,124.21636786090907,126.58031770742723,123.18338258327624,125.11029815673828,907400,0.0,0.0
2026-05-20 00:00:00-04:00,124.24616296320396,124.2759669543572,121.55444501822923,123.55088806152344,1115300,0.0,0.0
2026-05-21 00:00:00-04:00,122.52784012901515,123.3323736153415,120.38240739490719,122.20999908447266,847400,0.0,0.0
2026-05-22 00:00:00-04:00,122.55762927798438,126.12341562619258,122.1702607647207,125.15995788574219,774900,0.0,0.0
2026-05-26 00:00:00-04:00,124.62360450323156,127.51397783519447,123.16351963062581,127.25572204589844,1221800,0.0,0.0
2026-05-27 00:00:00-04:00,127.13653988312575,131.67571893345163,126.65977452427558,129.73886108398438,1453300,0.0,0.0
2026-05-28 00:00:00-04:00,129.12304574668346,133.56289322444178,128.77540071502295,130.7023162841797,1409100,0.0,0.0
2026-05-29 00:00:00-04:00,130.51359510611297,131.3379979063212,126.14328271228193,126.9378890991211,2600800,0.0,0.0
2026-06-01 00:00:00-04:00,128.22912461519962,130.2553565356842,126.82863254123691,126.85842895507812,1290100,0.0,0.0
2026-06-02 00:00:00-04:00,125.15003226640724,126.79883791621154,122.41858314948169,125.9645004272461,1506800,0.0,0.0
2026-06-03 00:00:00-04:00,122.7264900542959,125.09043996811126,121.0280262328324,123.51116180419922,1245000,0.0,0.0
2026-06-04 00:00:00-04:00,125.78571118222456,127.36498172156928,123.22311352954974,123.72967529296875,1092200,0.0,0.0
2026-06-05 00:00:00-04:00,125.20962358635015,126.341932782217,123.18338408376516,123.59062194824219,1258600,0.0,0.0
2026-06-08 00:00:00-04:00,122.60730073338597,124.15677485868535,121.32600190749297,121.97161865234375,1028400,0.0,0.0
2026-06-09 00:00:00-04:00,121.67363639547418,123.70981048469207,121.0578160791328,122.68675231933594,896900,0.0,0.0
2026-06-10 00:00:00-04:00,122.686751851493,123.75946817473461,120.62078893531,120.86910247802734,1285500,0.0,0.0
2026-06-11 00:00:00-04:00,120.78964665870386,122.97480291801384,120.52146377486855,121.25647735595703,746100,0.0,0.0
2026-06-12 00:00:00-04:00,122.17026739603077,123.66014870573846,120.6307203448282,121.3359375,1199200,0.0,0.0
2026-06-15 00:00:00-04:00,120.76778045597587,121.5153525309535,112.91328498787173,114.22901153564453,2581700,0.43,0.0
2026-06-16 00:00:00-04:00,113.65088887258266,115.75405894755502,113.14254532997158,113.21231842041016,1863100,0.0,0.0
2026-06-17 00:00:00-04:00,110.07251136565169,111.4679807439309,107.65037756622381,108.31820678710938,2530500,0.0,0.0
2026-06-18 00:00:00-04:00,108.66707470060062,109.14552418005911,105.736597304768,106.77323150634766,6872600,0.0,0.0
2026-06-22 00:00:00-04:00,104.969082429906,105.32791762712253,100.76274242174271,104.50060272216797,3058100,0.0,0.0
2026-06-23 00:00:00-04:00,106.205072789255,106.51406680457143,103.91251544968561,105.76649475097656,1754400,0.0,0.0
2026-06-24 00:00:00-04:00,105.70669511865141,106.72338980104615,103.16494700561988,103.98229217529297,1426900,0.0,0.0
2026-06-25 00:00:00-04:00,103.37426613074088,105.04882789122756,99.32741171152156,99.67627716064453,1601300,0.0,0.0
2026-06-26 00:00:00-04:00,99.4270848710894,102.20805387177667,99.20779584810602,101.43058013916016,2473900,0.0,0.0
2026-06-29 00:00:00-04:00,101.96883222608933,103.33439232469829,99.30746990769474,100.11485290527344,2650000,0.0,0.0
2026-06-30 00:00:00-04:00,99.67627865153621,103.9125204942265,98.53996968328443,102.63666534423828,1988000,0.0,0.0
2026-07-01 00:00:00-04:00,103.55368090056118,105.4674635445568,102.71640384557418,102.73633575439453,1645100,0.0,0.0
2026-07-02 00:00:00-04:00,104.54047600472931,108.54746657671292,104.18164080112791,108.48765563964844,2315500,0.0,0.0
2026-07-06 00:00:00-04:00,108.14876059532855,109.61400308466186,106.6934878630149,108.36804962158203,1844100,0.0,0.0
2026-07-07 00:00:00-04:00,109.61399808347842,110.6406624734628,106.98254509789068,108.2185287475586,1375800,0.0,0.0
2026-07-08 00:00:00-04:00,106.7831895218409,107.789922017833,106.01568555865828,106.8330307006836,969400,0.0,0.0
2026-07-09 00:00:00-04:00,105.18837356769244,106.85296556318522,103.95238986612796,106.27484893798828,1676100,0.0,0.0
2026-07-10 00:00:00-04:00,108.58733609120304,108.64713942251997,104.94915054372986,106.67354583740234,1068000,0.0,0.0
2026-07-13 00:00:00-04:00,108.05905541417054,108.28830659236097,104.86940999124263,106.23497772216797,1238800,0.0,0.0
2026-07-14 00:00:00-04:00,103.68325622833719,107.71017858562857,103.67329407637997,106.21503448486328,1059300,0.0,0.0
2026-07-15 00:00:00-04:00,106.65361342891899,109.64390165589802,106.65361342891899,107.85969543457031,1238200,0.0,0.0
2026-07-16 00:00:00-04:00,108.44778899216786,109.30500555566532,106.92273561429711,107.93943786621094,1574500,0.0,0.0
2026-07-17 00:00:00-04:00,108.32817466422117,110.55095891590834,105.40765953784987,106.13529968261719,2094400,0.0,0.0
2026-07-20 00:00:00-04:00,105.84623853696515,107.29154147823026,104.6700581913225,106.67354583740234,1731300,0.0,0.0
2026-07-21 00:00:00-04:00,104.26138138028715,105.7764650080362,103.56365050217656,104.5803451538086,1538100,0.0,0.0
2026-07-22 00:00:00-04:00,106.14526156740762,107.1918654814953,105.41762902916821,106.91277313232422,1001500,0.0,0.0
2026-07-23 00:00:00-04:00,107.3314164672186,110.93970046893396,106.9028081675803,109.97283935546875,1218200,0.0,0.0
2026-07-24 00:00:00-04:00,111.64740111535528,115.44506487359254,111.13904996824827,111.7769775390625,1190600,0.0,0.0
2026-07-27 00:00:00-04:00,111.98629164255229,115.18589910608851,111.69722953713239,114.57787322998047,1393900,0.0,0.0
2026-07-28 00:00:00-04:00,115.78396219729667,118.79418229141693,115.76402268409608,117.97683715820312,1497800,0.0,0.0
2026-07-29 00:00:00-04:00,117.36881113996974,117.43858422669314,113.61101900410239,113.999755859375,1421200,0.0,0.0
2026-07-30 00:00:00-04:00,112.38500011605964,112.78370673718891,109.92299490563491,112.04610443115234,1154300,0.0,0.0
2026-07-31 00:00:00-04:00,110.7802082192431,115.36531521555281,110.64066204665903,115.22576904296875,1180800,0.0,0.0
2026-08-03 00:00:00-04:00,117.3090136570413,119.0832501833258,116.46175921284562,118.33567810058594,1838100,0.0,0.0
2026-08-04 00:00:00-04:00,124.5554669141761,131.6424579717429,124.5554669141761,130.17721557617188,2831900,0.0,0.0
2026-08-05 00:00:00-04:00,129.22032294171,131.5926231654667,126.2599363427945,126.4393539428711,2478900,0.0,0.0
2026-08-06 00:00:00-04:00,129.21036418070543,135.0613568387434,127.63547716144386,134.82212829589844,2007500,0.0,0.0
2026-08-07 00:00:00-04:00,132.79870223934878,137.30407430831337,132.28039653936543,137.12466430664062,1955000,0.0,0.0
2026-08-10 00:00:00-04:00,136.88542966136947,140.54354711213992,136.34716926155255,138.6497039794922,1884700,0.0,0.0
2026-08-11 00:00:00-04:00,137.43364861581344,142.69655455741506,136.90536559129075,140.43389892578125,1888800,0.0,0.0
2026-08-12 00:00:00-04:00,137.85229916455074,140.0352121440309,137.63301013039515,139.92556762695312,1708100,0.0,0.0
2026-08-13 00:00:00-04:00,139.79597008438503,142.72645488543208,139.25772491309098,142.14833068847656,1660400,0.0,0.0
2026-08-14 00:00:00-04:00,142.53708019367195,143.8827160554814,140.73294196178642,143.36439514160156,1392800,0.0,0.0
2026-08-17 00:00:00-04:00,142.71648708683142,143.1152013232015,141.06187243642276,141.7895050048828,1096200,0.0,0.0
2026-08-18 00:00:00-04:00,142.93577534163373,144.89939921813425,142.0586344451482,143.01551818847656,1232000,0.0,0.0
2026-08-19 00:00:00-04:00,143.0952520381746,146.8530517088845,142.0586255131815,145.8363494873047,1171300,0.0,0.0
2026-08-20 00:00:00-04:00,144.75984289335074,145.8164089235339,139.64646057657816,140.91233825683594,1160600,0.0,0.0
2026-08-21 00:00:00-04:00,141.65991402690227,143.1351338150062,139.56672142387725,140.93228149414062,954900,0.0,0.0
2026-08-24 00:00:00-04:00,140.45383981893215,140.6631514748002,137.50341544842837,137.9818572998047,737100,0.0,0.0
2026-08-25 00:00:00-04:00,137.2342806678103,137.4834713417795,134.00477926718017,134.1044464111328,1248900,0.0,0.0
2026-08-26 00:00:00-04:00,133.88517473083598,137.6130575384379,133.83533355337454,136.98509216308594,944500,0.0,0.0
2026-08-27 00:00:00-04:00,137.38381461202724,140.12491223347376,136.626280381118,139.40724182128906,880300,0.0,0.0
2026-08-28 00:00:00-04:00,139.99532401104474,141.1615345935497,138.2808908788001,140.20465087890625,950200,0.0,0.0
2026-08-31 00:00:00-04:00,140.1348782957401,141.97889555810252,139.01850882759044,139.75611877441406,1422600,0.0,0.0
2026-09-01 00:00:00-04:00,140.0352031204538,142.01875124332707,137.63300126161093,138.72943115234375,1198900,0.0,0.0
2026-09-02 00:00:00-04:00,137.7924925302755,138.05164537834796,132.7887391034194,133.346923828125,1022100,0.0,0.0
2026-09-03 00:00:00-04:00,134.04465072338888,136.4468526076308,130.7055046275063,131.9315185546875,1320500,0.0,0.0
2026-09-04 00:00:00-04:00,131.05436832073593,134.144339075896,130.57592643669724,132.61929321289062,1078700,0.0,0.0
2026-09-08 00:00:00-04:00,130.6257629204505,132.54950774940133,127.99430983878861,128.82162475585938,1594900,0.0,0.0
2026-09-09 00:00:00-04:00,129.07081741169847,130.24699018752665,127.65541609411521,127.72518157958984,1184000,0.0,0.0
2026-09-10 00:00:00-04:00,128.19365583089194,130.3665912905507,127.6554106466529,129.130615234375,1111300,0.0,0.0
2026-09-11 00:00:00-04:00,129.32997412423893,129.40971697387434,126.34965546256,128.44285583496094,1226400,0.0,0.0
2026-09-14 00:00:00-04:00,130.0077542433233,133.47649945899806,128.72193702691067,132.39999389648438,1195900,0.0,0.0
2026-09-15 00:00:00-04:00,130.49000549316406,133.92999267578125,127.58000183105469,129.24000549316406,1048700,0.43,0.0
2026-09-16 00:00:00-04:00,128.44000244140625,131.02000427246094,128.0,129.35000610351562,1720000,0.0,0.0
2026-09-17 00:00:00-04:00,130.92999267578125,131.63999938964844,129.80999755859375,130.9600067138672,1000000,0.0,0.0
2026-09-18 00:00:00-04:00,130.5,130.83999633789062,127.25,127.69000244140625,3278100,0.0,0.0
2026-09-21 00:00:00-04:00,127.79000091552734,129.16000366210938,126.94000244140625,128.22999572753906,1121600,0.0,0.0
2026-09-22 00:00:00-04:00,129.25,129.25,122.79000091552734,123.30999755859375,1078100,0.0,0.0
2026-09-23 00:00:00-04:00,123.91000366210938,126.19000244140625,122.98999786376953,124.69000244140625,1555000,0.0,0.0
2026-09-24 00:00:00-04:00,124.54000091552734,125.5999984741211,123.33000183105469,123.3499984741211,1149700,0.0,0.0
2026-09-25 00:00:00-04:00,122.83999633789062,124.95999908447266,122.2699966430664,123.61000061035156,939800,0.0,0.0
2026-09-28 00:00:00-04:00,122.98999786376953,122.98999786376953,121.11000061035156,122.3499984741211,961200,0.0,0.0
2026-09-29 00:00:00-04:00,121.7699966430664,125.0,121.66000366210938,123.0999984741211,1102400,0.0,0.0
2026-09-30 00:00:00-04:00,123.08000183105469,123.9000015258789,121.66999816894531,121.83000183105469,1090000,0.0,0.0
2026-10-01 00:00:00-04:00,124.01000213623047,125.4000015258789,121.94999694824219,121.97000122070312,1081000,0.0,0.0
2026-10-02 00:00:00-04:00,121.94000244140625,121.94000244140625,117.68000030517578,117.73999786376953,892200,0.0,0.0
