Date,Open,High,Low,Close,Volume,Dividends,Stock Splits
2011-06-24 00:00:00-04:00,12.638562925709975,12.769026008424827,12.015604131913474,12.149328231811523,1675400,0.0,0.0
2011-06-27 00:00:00-04:00,11.966684386528168,12.3776423711285,11.934069226437362,12.27979564666748,895200,0.0,0.0
2011-06-28 00:00:00-04:00,12.504839744757355,13.042998445268683,12.296099792424412,12.6222562789917,4151800,0.0,0.0
2011-06-29 00:00:00-04:00,12.720106272687548,13.362635115884164,12.6222595501969,13.069093704223633,3695200,0.0,0.0
2011-06-30 00:00:00-04:00,13.264785684613475,13.698574473484262,13.104969679168352,13.502881050109863,3025600,0.0,0.0
2011-07-01 00:00:00-04:00,13.437647007334858,15.469601695542895,13.372415463553056,13.763803482055664,8334200,0.0,0.0
2011-07-05 00:00:00-04:00,13.76706600189209,14.024729943648035,13.58441915239489,13.76706600189209,11823000,0.0,0.0
2011-07-06 00:00:00-04:00,13.568113040247333,13.780115311952816,13.375680610975596,13.662698745727539,10983000,0.0,0.0
2011-07-07 00:00:00-04:00,13.760546629045962,14.109534094629156,13.603991608949748,13.626822471618652,16707600,0.0,0.0
2011-07-08 00:00:00-04:00,13.307187862350991,13.89426944194807,13.215864420512592,13.506143569946289,16417000,0.0,0.0
2011-07-11 00:00:00-04:00,13.303923359583072,13.303923359583072,12.886442211548012,13.078874588012695,9495200,0.0,0.0
2011-07-12 00:00:00-04:00,13.000601190118735,13.36915846573401,12.863614782572672,13.202817916870117,8011200,0.0,0.0
2011-07-13 00:00:00-04:00,13.215865573920652,13.450698723929861,12.798385524294224,13.033217430114746,11642800,0.0,0.0
2011-07-14 00:00:00-04:00,13.036476608013402,13.052784185307663,12.462440431423602,12.60268783569336,11528400,0.0,0.0
2011-07-15 00:00:00-04:00,12.720107132012975,12.873401128923762,12.426565700521826,12.772292137145996,9938400,0.0,0.0
2011-07-18 00:00:00-04:00,12.632044053113088,12.912538907852706,12.3124107575831,12.759244918823242,8311600,0.0,0.0
2011-07-19 00:00:00-04:00,12.804907664167647,13.02669425335876,12.762508201666918,12.961463928222656,6423000,0.0,0.0
2011-07-20 00:00:00-04:00,12.977769578556746,13.026692315129658,12.850568721603258,12.89296817779541,5449000,0.0,0.0
2011-07-21 00:00:00-04:00,12.89296549056915,13.124537541160663,12.75598036369001,13.078874588012695,7249200,0.0,0.0
2011-07-22 00:00:00-04:00,13.137585361087874,13.313710195690708,13.016907786647483,13.232171058654785,6645600,0.0,0.0
2011-07-25 00:00:00-04:00,13.45395410970708,13.737709884375489,13.258260729422972,13.49309253692627,8898600,0.0,0.0
2011-07-26 00:00:00-04:00,13.499621468242303,14.25956694307641,13.460483024634524,14.041041374206543,11324200,0.0,0.0
2011-07-27 00:00:00-04:00,14.03125732056595,14.122580771982832,13.688793133563934,13.718147277832031,6998400,0.0,0.0
2011-07-28 00:00:00-04:00,13.83881909914449,14.005158351131355,13.760540999028901,13.952973365783691,6654600,0.0,0.0
2011-07-29 00:00:00-04:00,13.812724531564399,14.549838771782712,13.688785982017086,14.282390594482422,10709600,0.0,0.0
2011-08-01 00:00:00-04:00,14.690086252715442,14.800979491301737,14.347622241965672,14.667255401611328,11518400,0.0,0.0
2011-08-02 00:00:00-04:00,14.523752090244328,14.64443092050213,13.780115486958294,13.806208610534668,10995600,0.0,0.0
2011-08-03 00:00:00-04:00,14.116052866192756,14.807505539281578,12.726626729114846,13.512663841247559,13413800,0.0,0.0
2011-08-04 00:00:00-04:00,13.27783213807894,13.27783213807894,12.142807554400445,12.530933380126953,15377800,0.0,0.0
2011-08-05 00:00:00-04:00,12.690754414455629,12.791863417591282,10.906677251491239,12.168904304504395,12348600,0.0,0.0
2011-08-08 00:00:00-04:00,11.493755933209863,11.741634332792614,9.615093743217573,10.54464054107666,16543000,0.0,0.0
2011-08-09 00:00:00-04:00,10.78599703357715,11.875359962830473,10.573994777917989,11.774250984191895,12054200,0.0,0.0
2011-08-10 00:00:00-04:00,11.594864914046731,12.015607155271402,11.128460955638946,11.454617500305176,9682600,0.0,0.0
2011-08-11 00:00:00-04:00,11.709021138007191,12.589642864909715,11.55572715488201,12.178686141967773,8756400,0.0,0.0
2011-08-12 00:00:00-04:00,12.260226344880726,12.759245532574969,12.035178744274994,12.201518058776855,5906800,0.0,0.0
2011-08-15 00:00:00-04:00,12.424494893680926,13.0016165064207,12.424494893680926,12.82126522064209,5365400,0.1,0.0
2011-08-16 00:00:00-04:00,12.578615089082033,12.932756880755159,12.499916218223495,12.742569923400879,6532400,0.0,0.0
2011-08-17 00:00:00-04:00,12.995058164130942,13.10326768472222,12.726172384630328,12.82126522064209,5627600,0.0,0.0
2011-08-18 00:00:00-04:00,12.496638634470093,12.627801761502276,11.611282210778958,12.00477409362793,7501400,0.0,0.0
2011-08-19 00:00:00-04:00,11.732604130760045,12.024443450816287,11.358787417390218,11.473556518554688,9878600,0.0,0.0
2011-08-22 00:00:00-04:00,11.74572281200683,11.804746645303425,10.607875998970886,10.68001651763916,10774000,0.0,0.0
2011-08-23 00:00:00-04:00,10.69969134055404,11.378464159574959,10.50950315893901,11.230904579162598,10360000,0.0,0.0
2011-08-24 00:00:00-04:00,11.28009159314451,11.814583380922386,11.05383315147844,11.749002456665039,6723400,0.0,0.0
2011-08-25 00:00:00-04:00,11.867047463690032,12.099864220350218,11.122692553574101,11.273531913757324,6376000,0.0,0.0
2011-08-26 00:00:00-04:00,11.280089366280242,12.053954877277056,11.17187861104139,11.434206008911133,5880400,0.0,0.0
2011-08-29 00:00:00-04:00,11.565369011727348,11.922790441381546,11.489949971637543,11.804742813110352,4175000,0.0,0.0
2011-08-30 00:00:00-04:00,11.768672829631697,11.92934904969063,11.394856165633039,11.814579963684082,4385200,0.0,0.0
2011-08-31 00:00:00-04:00,11.97197911530263,12.28021494423204,11.97197911530263,12.15233039855957,5731000,0.0,0.0
2011-09-01 00:00:00-04:00,12.273648843997643,12.532697568137742,12.103135807255114,12.135926246643066,4515400,0.0,0.0
2011-09-02 00:00:00-04:00,11.749000436448673,12.129375485765943,11.516183692214035,11.614556312561035,3594200,0.0,0.0
2011-09-06 00:00:00-04:00,11.22434659061754,11.608001511790125,10.916111985826866,11.476837158203125,5723400,0.0,0.0
2011-09-07 00:00:00-04:00,11.66702389099142,12.109701340114695,11.558813125144141,11.899839401245117,5212200,0.0,0.0
2011-09-08 00:00:00-04:00,11.857211322312686,12.509751989705041,11.663744604421314,12.372029304504395,4086600,0.0,0.0
2011-09-09 00:00:00-04:00,12.008049446300726,12.388424540012094,11.781792268008267,11.919513702392578,5889000,0.0,0.0
2011-09-12 00:00:00-04:00,11.588323438551747,12.093304441034563,11.440763892257984,12.021163940429688,3919200,0.0,0.0
2011-09-13 00:00:00-04:00,11.935910132396137,12.011329191504508,11.293206355389545,11.588325500488281,7147000,0.0,0.0
2011-09-14 00:00:00-04:00,11.555534365178582,11.578487936136767,11.299764037411109,11.486672401428223,7640600,0.0,0.0
2011-09-15 00:00:00-04:00,11.765395664693884,12.119537348118229,11.55225394487894,11.614556312561035,6081400,0.0,0.0
2011-09-16 00:00:00-04:00,11.65062182360376,11.696528944357159,11.430923102605288,11.509620666503906,7195400,0.0,0.0
2011-09-19 00:00:00-04:00,11.20795389584178,11.332559934864,10.853810811529032,11.001370429992676,5096200,0.0,0.0
2011-09-20 00:00:00-04:00,11.007928636422626,11.224348990500928,10.984975057268583,11.047277450561523,3859200,0.0,0.0
2011-09-21 00:00:00-04:00,10.935782544522132,11.299762330263679,10.604594462963739,10.624269485473633,4013000,0.0,0.0
2011-09-22 00:00:00-04:00,10.21766646063073,10.296364715570444,9.456916037442019,9.663498878479004,11073600,0.0,0.0
2011-09-23 00:00:00-04:00,9.568403722934368,9.94222052519534,9.529054289594148,9.683172225952148,6768000,0.0,0.0
2011-09-26 00:00:00-04:00,9.804494975973084,9.955333687370905,9.673331286999632,9.870077133178711,7971000,0.0,0.0
2011-09-27 00:00:00-04:00,10.109448416497067,10.434078700091952,9.73891100959714,9.781538963317871,9412400,0.0,0.0
2011-09-28 00:00:00-04:00,9.827449456180878,10.047148890157244,9.483144662465284,9.502819061279297,8844400,0.0,0.0
2011-09-29 00:00:00-04:00,9.729077065253666,9.788100888520304,8.640417381920152,9.129002571105957,10516800,0.0,0.0
2011-09-30 00:00:00-04:00,8.97488911750615,9.158518381612387,8.7978175723251,8.873236656188965,9626800,0.0,0.0
2011-10-03 00:00:00-04:00,8.82404702030904,9.115886355382816,8.725674393445809,8.902745246887207,8648200,0.0,0.0
2011-10-04 00:00:00-04:00,8.787975349291747,9.4470735943043,8.745347384636222,9.430678367614746,10200000,0.0,0.0
2011-10-05 00:00:00-04:00,9.532328989250956,10.420964052423532,9.355258185884377,10.322590827941895,10463800,0.0,0.0
2011-10-06 00:00:00-04:00,10.335708135667657,10.935781901886854,10.197986113380594,10.916108131408691,7978400,0.0,0.0
2011-10-07 00:00:00-04:00,11.057110838360176,11.14236677415223,10.24717381939497,10.361942291259766,8532800,0.0,0.0
2011-10-10 00:00:00-04:00,10.584918884801386,10.975132013405325,10.519337981628953,10.811177253723145,5005200,0.0,0.0
2011-10-11 00:00:00-04:00,10.716084175993917,11.021040157049564,10.634106788632199,10.87020206451416,6615000,0.0,0.0
2011-10-12 00:00:00-04:00,10.958739043250228,11.1915558271597,10.912831895990204,11.007925987243652,7544200,0.0,0.0
2011-10-13 00:00:00-04:00,10.929227535707126,11.112856110596942,10.765272736197874,11.073507308959961,6341200,0.0,0.0
2011-10-14 00:00:00-04:00,11.289924855587422,11.870324855162885,11.263691493609175,11.8506498336792,6739600,0.0,0.0
2011-10-17 00:00:00-04:00,11.817862259477666,11.962142032860408,11.42764903573376,11.457160949707031,4717600,0.0,0.0
2011-10-18 00:00:00-04:00,11.394861625514348,11.98182026557127,11.204673406595985,11.867051124572754,4533600,0.0,0.0
2011-10-19 00:00:00-04:00,11.867049774087416,12.152332069999472,11.624397333764017,11.673583030700684,6033800,0.0,0.0
2011-10-20 00:00:00-04:00,11.673582016649283,12.021166665504495,11.57193083461803,11.965422630310059,4675400,0.0,0.0
2011-10-21 00:00:00-04:00,12.099866735712864,12.355635865610916,11.968702373732494,12.247425079345703,6436200,0.0,0.0
2011-10-24 00:00:00-04:00,12.313000557881056,12.614677925870517,11.65390306234897,11.75555419921875,6574200,0.0,0.0
2011-10-25 00:00:00-04:00,11.362065346325315,11.362065346325315,10.299637953199547,10.811177253723145,18550600,0.0,0.0
2011-10-26 00:00:00-04:00,11.08990226432832,11.460440452295908,10.886598668212608,11.388299942016602,7477000,0.0,0.0
2011-10-27 00:00:00-04:00,11.565367891297527,12.368746393979604,11.565367891297527,12.240861892700195,7724200,0.0,0.0
2011-10-28 00:00:00-04:00,12.191676977934526,12.335956727357335,11.88999954620874,12.237584114074707,7260000,0.0,0.0
2011-10-31 00:00:00-04:00,12.135936072513115,12.135936072513115,11.61455965851134,11.771957397460938,6581200,0.0,0.0
2011-11-01 00:00:00-04:00,11.640788051817152,12.49991065074836,11.244017829697745,11.804742813110352,13188600,0.0,0.0
2011-11-02 00:00:00-04:00,12.099861609249713,12.601562767143426,12.050674681627552,12.568772315979004,9171400,0.0,0.0
2011-11-03 00:00:00-04:00,12.788478134000348,12.968828216484084,12.493358907480623,12.680267333984375,7802600,0.0,0.0
2011-11-04 00:00:00-04:00,12.526145580465016,12.69665870365258,12.293330090504877,12.663866996765137,5657600,0.0,0.0
2011-11-07 00:00:00-05:00,12.503192789136552,12.804869006019606,12.503192789136552,12.762240409851074,4111000,0.0,0.0
2011-11-08 00:00:00-05:00,12.79831265448236,12.932755554804807,12.368751833169073,12.496636390686035,5019200,0.0,0.0
2011-11-09 00:00:00-05:00,12.139214515686035,12.785196879774942,11.981818045167733,12.139214515686035,6974000,0.0,0.0
2011-11-10 00:00:00-05:00,12.358910450601899,12.424492610572292,11.80474376314717,12.362190246582031,6920800,0.0,0.0
2011-11-11 00:00:00-05:00,12.549097081137214,12.84749468480586,12.342513739866456,12.38514232635498,8037200,0.0,0.0
2011-11-14 00:00:00-05:00,12.421457824938297,12.421457824938297,11.675443463454695,12.117770195007324,8146400,0.125,0.0
2011-11-15 00:00:00-05:00,12.051750992895755,12.319128021205543,11.96262657600322,12.20689582824707,5613800,0.0,0.0
2011-11-16 00:00:00-05:00,11.467486618837217,11.573116786975731,10.629046057428193,10.774287223815918,24769400,0.0,0.0
2011-11-17 00:00:00-05:00,10.800692778927669,11.00205063166506,10.31215242523048,10.437588691711426,15642000,0.0,0.0
2011-11-18 00:00:00-05:00,10.513506926473259,10.876610897939257,10.43428434481606,10.833698272705078,6335800,0.0,0.0
2011-11-21 00:00:00-05:00,10.67195671908229,10.995449206157272,10.331958498200985,10.840304374694824,6564600,0.0,0.0
2011-11-22 00:00:00-05:00,10.92283086695377,11.074674087729806,10.638949296417952,11.06477165222168,6095600,0.0,0.0
2011-11-23 00:00:00-05:00,10.886518088445133,11.035060887521906,10.724772464392139,10.837004661560059,8240200,0.0,0.0
2011-11-25 00:00:00-05:00,10.774286701347943,10.800694871707448,10.625743891102896,10.652152061462402,2732200,0.0,0.0
2011-11-28 00:00:00-05:00,11.097775418063312,11.28592915995783,10.784185428502305,10.985543251037598,7631000,0.0,0.0
2011-11-29 00:00:00-05:00,11.061462335852855,11.094472530023845,10.820493584850318,10.949230194091797,7627400,0.0,0.0
2011-11-30 00:00:00-05:00,11.259519904630995,11.398158944752067,10.711563264666912,11.021851539611816,12317400,0.0,0.0
2011-12-01 00:00:00-05:00,11.196804263649417,11.332144210578454,11.011952158986384,11.206707954406738,5997200,0.0,0.0
2011-12-02 00:00:00-05:00,11.36185391613232,11.47738776527279,10.936032899526651,10.995450019836426,7471200,0.0,0.0
2011-12-05 00:00:00-05:00,11.233114497115345,11.701849302891837,11.17699904120694,11.355250358581543,9112200,0.0,0.0
2011-12-06 00:00:00-05:00,11.411365572196036,11.480685107744158,11.223211827588015,11.43447208404541,5930600,0.0,0.0
2011-12-07 00:00:00-05:00,11.37505866361059,11.421271702276577,11.160497947059806,11.388262748718262,8031400,0.0,0.0
2011-12-08 00:00:00-05:00,11.332144273072103,11.411366244304428,11.054864855337913,11.229814529418945,9874800,0.0,0.0
2011-12-09 00:00:00-05:00,11.233118377458394,11.52360196620428,11.157196773656464,11.513699531555176,6378600,0.0,0.0
2011-12-12 00:00:00-05:00,11.361851081495395,11.417967796325684,11.1902030647698,11.417967796325684,10916400,0.0,0.0
2011-12-13 00:00:00-05:00,11.259523021340536,11.516996315241487,11.041660712837302,11.206707954406738,7383400,0.0,0.0
2011-12-14 00:00:00-05:00,11.114283769817852,11.17040050252912,10.572928866636053,10.787490844726562,7003800,0.0,0.0
2011-12-15 00:00:00-05:00,10.896416479679568,10.982241735845227,10.67195342782473,10.737971305847168,3495800,0.0,0.0
2011-12-16 00:00:00-05:00,10.843604830840567,10.975643146817388,10.493705434160187,10.549820899963379,8456800,0.0,0.0
2011-12-19 00:00:00-05:00,10.563023151115456,10.83370051862595,10.470596471885308,10.543217658996582,6274600,0.0,0.0
2011-12-20 00:00:00-05:00,10.784187144074725,10.879914855133267,10.500306290795065,10.629043579101562,6291000,0.0,0.0
2011-12-21 00:00:00-05:00,10.579528132391221,10.843603472043236,10.563023659764948,10.784186363220215,4308800,0.0,0.0
2011-12-22 00:00:00-05:00,10.870013737047925,11.028458971470394,10.784188448062343,10.995450019836426,3693000,0.0,0.0
2011-12-23 00:00:00-05:00,10.998748959525585,11.08457423718258,10.962438361994595,11.068068504333496,1841000,0.0,0.0
2011-12-27 00:00:00-05:00,11.074672968054644,11.216613738972013,11.021857885332663,11.107683181762695,1539800,0.0,0.0
2011-12-28 00:00:00-05:00,11.087872858471414,11.170396472702606,10.807293073769529,10.939330101013184,3285000,0.0,0.0
2011-12-29 00:00:00-05:00,11.008649762553736,11.011951412319148,10.846904181940769,10.985543251037598,2127000,0.0,0.0
2011-12-30 00:00:00-05:00,11.002053726227794,11.05816920433599,10.89642229475705,10.988849639892578,2165600,0.0,0.0
2012-01-03 00:00:00-05:00,11.404765185379155,11.536803494414743,11.011953167774772,11.028457641601562,5043200,0.0,0.0
2012-01-04 00:00:00-05:00,10.992144516604325,11.18690028509236,10.962435966861733,11.143987655639648,5791400,0.0,0.0
2012-01-05 00:00:00-05:00,10.912926453985252,10.936032972124577,10.232931216598617,10.53661823272705,12392000,0.0,0.0
2012-01-06 00:00:00-05:00,10.553123362184186,10.572928860443632,10.275843868130188,10.450794219970703,7554600,0.0,0.0
2012-01-09 00:00:00-05:00,10.440889927456698,10.463997073913374,9.982058722536754,10.2197265625,9679000,0.0,0.0
2012-01-10 00:00:00-05:00,10.401275440128558,10.523410025185125,10.223024147855533,10.506905555725098,6008800,0.0,0.0
2012-01-11 00:00:00-05:00,10.421085823493891,10.91952934606056,10.256038532961254,10.856810569763184,11263400,0.0,0.0
2012-01-12 00:00:00-05:00,10.876617000104886,11.002053296973472,10.728074182656684,10.774287223815918,5585800,0.0,0.0
2012-01-13 00:00:00-05:00,10.728068362772989,10.992143639860736,10.671952917296325,10.9030179977417,6199600,0.0,0.0
2012-01-17 00:00:00-05:00,11.03506047793011,11.206709788357577,10.873313600669949,11.071371078491211,4440600,0.0,0.0
2012-01-18 00:00:00-05:00,11.038358667414775,11.833886292912402,10.95913669945735,11.70514965057373,7981200,0.0,0.0
2012-01-19 00:00:00-05:00,11.774468092821017,11.91310841267465,11.579713581691761,11.833885192871094,6292800,0.0,0.0
2012-01-20 00:00:00-05:00,12.299320868536986,12.470970164562996,12.134273613805508,12.269612312316895,9676800,0.0,0.0
2012-01-23 00:00:00-05:00,12.269608858002892,12.546888218256585,12.216793801726485,12.500675201416016,5406600,0.0,0.0
2012-01-24 00:00:00-05:00,12.37194525162763,12.886893272399902,12.253110996125493,12.886893272399902,7422000,0.0,0.0
2012-01-25 00:00:00-05:00,12.794469833374025,12.824178406313903,12.523792284015725,12.794469833374023,10327400,0.0,0.0
2012-01-26 00:00:00-05:00,12.867078898151366,12.870380547139023,12.329024701286015,12.381839752197266,6187600,0.0,0.0
2012-01-27 00:00:00-05:00,12.345537328067175,12.563399692246675,12.28281855434783,12.388448715209961,6156600,0.0,0.0
2012-01-30 00:00:00-05:00,12.206897141222951,12.424759508727329,12.180490230209834,12.371944427490234,3700400,0.0,0.0
2012-01-31 00:00:00-05:00,12.791164469739131,12.791164469739131,12.305925053358978,12.616214752197266,10394400,0.0,0.0
2012-02-01 00:00:00-05:00,13.764944674127342,14.352512642203047,13.42494638968756,13.824361801147461,22295000,0.0,0.0
2012-02-02 00:00:00-05:00,13.682416376905728,14.190762175680737,13.53717400056401,14.048821449279785,7455400,0.0,0.0
2012-02-03 00:00:00-05:00,14.230372453870281,14.616582369869219,14.194061861587896,14.51755428314209,10732600,0.0,0.0
2012-02-06 00:00:00-05:00,14.593470787759092,14.867449700360728,14.44492807967447,14.662790298461914,10961600,0.0,0.0
2012-02-07 00:00:00-05:00,14.623187510657159,14.850953543552565,14.260084029268096,14.497751235961914,11722200,0.0,0.0
2012-02-08 00:00:00-05:00,14.573674107159283,14.992893055144759,14.56047002365451,14.837749481201172,15936400,0.0,0.0
2012-02-09 00:00:00-05:00,14.775030165574972,14.933476643327838,14.468043420356786,14.801438331604004,7108000,0.0,0.0
2012-02-10 00:00:00-05:00,14.64629216467805,14.77833046432582,14.454838015320385,14.550565719604492,7004800,0.0,0.0
2012-02-13 00:00:00-05:00,14.59346961857675,14.728808239719838,14.236968406945403,14.352500915527344,8935200,0.0,0.0
2012-02-14 00:00:00-05:00,14.309346173208226,14.827271938205753,14.299386476388506,14.614789962768555,1749600,0.125,0.0
2012-02-15 00:00:00-05:00,14.744271814211327,14.94347335938019,14.425548835344133,14.508549690246582,8360600,0.0,0.0
2012-02-16 00:00:00-05:00,14.481992765429709,14.770836731280777,14.462073365366107,14.63803482055664,6863600,0.0,0.0
2012-02-17 00:00:00-05:00,14.707750025844453,14.774150957604082,14.36246619388833,14.422226905822754,7105000,0.0,0.0
2012-02-21 00:00:00-05:00,14.435512694912527,14.624754597335695,14.369111738546367,14.545074462890625,6473600,0.0,0.0
2012-02-22 00:00:00-05:00,14.568311035410776,14.747591927197922,14.435509155242245,14.448789596557617,7642400,0.0,0.0
2012-02-23 00:00:00-05:00,14.40894991414023,14.721032694218799,14.375748809987645,14.505229949951172,5967200,0.0,0.0
2012-02-24 00:00:00-05:00,14.564992533543926,14.608153341215498,14.20642942829034,14.229669570922852,5858400,0.0,0.0
2012-02-27 00:00:00-05:00,14.149983142183746,14.322625044945013,14.003902116689906,14.146663665771484,9289800,0.0,0.0
2012-02-28 00:00:00-05:00,14.12342427777985,14.140024193703068,13.71506026690514,13.834580421447754,15318400,0.0,0.0
2012-02-29 00:00:00-05:00,13.844549349187815,14.090231285777993,13.758227710337005,13.794748306274414,10255600,0.0,0.0
2012-03-01 00:00:00-05:00,13.801380234836511,14.216384454711298,13.801380234836511,14.183184623718262,10728800,0.0,0.0
2012-03-02 00:00:00-05:00,14.12010503293596,14.312667624256184,13.934183928480612,14.003904342651367,5396600,0.0,0.0
2012-03-05 00:00:00-05:00,14.033788039284685,14.236310376090948,13.844546146382108,14.19314956665039,4690800,0.0,0.0
2012-03-06 00:00:00-05:00,14.030463359969376,14.183185889042328,13.87442262059041,13.940823554992676,5533200,0.0,0.0
2012-03-07 00:00:00-05:00,13.884384754753532,14.362469286686675,13.884384754753532,14.126747131347656,5973600,0.0,0.0
2012-03-08 00:00:00-05:00,14.309345302970273,14.551708887111985,14.126743695589822,14.488627433776855,11870200,0.0,0.0
2012-03-09 00:00:00-05:00,14.498594011387885,14.608155787712366,14.322632540131837,14.574955940246582,5795400,0.0,0.0
2012-03-12 00:00:00-04:00,14.525150775521526,14.571631055364373,14.292748109814655,14.535110473632812,6024400,0.0,0.0
2012-03-13 00:00:00-04:00,14.578269599361755,14.71439094602633,14.48530905036912,14.621430397033691,8265600,0.0,0.0
2012-03-14 00:00:00-04:00,14.644671853070072,14.730992189694806,14.505229750531523,14.57827091217041,5444800,0.0,0.0
2012-03-15 00:00:00-04:00,14.62143623329588,14.747596666860254,14.442154017397453,14.574955940246582,5544400,0.0,0.0
2012-03-16 00:00:00-04:00,14.687839137978933,14.74095966084804,14.478676525091073,14.67123794555664,7662200,0.0,0.0
2012-03-19 00:00:00-04:00,14.644670414776213,14.923553325970834,14.63803019468914,14.790751457214355,3862800,0.0,0.0
2012-03-20 00:00:00-04:00,14.717715262817554,14.717715262817554,14.498591744430108,14.538433074951172,4488800,0.0,0.0
2012-03-21 00:00:00-04:00,14.531786747047388,14.614787584350724,14.359144853477373,14.501906394958496,5243400,0.0,0.0
2012-03-22 00:00:00-04:00,14.325949777587036,14.508551426931477,14.249587867422772,14.3989896774292,6900000,0.0,0.0
2012-03-23 00:00:00-04:00,14.362469269354817,14.727673838988597,14.342549872106247,14.608152389526367,4814800,0.0,0.0
2012-03-26 00:00:00-04:00,14.86047727218791,15.056359403262563,14.754236245146705,15.009879112243652,8456000,0.0,0.0
2012-03-27 00:00:00-04:00,15.03975663864565,15.069637001011209,14.598192690902083,14.608152389526367,6284800,0.0,0.0
2012-03-28 00:00:00-04:00,14.525154494796519,14.581594487202535,14.322632138058768,14.462074279785156,7307800,0.0,0.0
2012-03-29 00:00:00-04:00,14.329269307803338,14.435510313868265,14.242948965310347,14.355830192565918,5025000,0.0,0.0
2012-03-30 00:00:00-04:00,14.452108001449359,14.604830532260578,14.365787672288667,14.395668029785156,7078400,0.0,0.0
2012-04-02 00:00:00-04:00,14.405626989505954,14.505227753899181,14.279465345811904,14.422226905822754,9149800,0.0,0.0
2012-04-03 00:00:00-04:00,14.43219081314076,14.46207117520391,13.947464798950456,14.076947212219238,12358200,0.0,0.0
2012-04-04 00:00:00-04:00,13.980668370284556,14.163270052208132,13.864466378883797,14.140029907226562,7821400,0.0,0.0
2012-04-05 00:00:00-04:00,14.03378592132965,14.252908146699548,13.874424418014511,13.987305641174316,5284800,0.0,0.0
2012-04-09 00:00:00-04:00,13.814660434931026,14.20310377010006,13.814660434931026,14.09686279296875,5659000,0.0,0.0
2012-04-10 00:00:00-04:00,14.060342631243564,14.153304438824275,13.871100806032398,13.887701988220215,7827800,0.0,0.0
2012-04-11 00:00:00-04:00,14.040425250314895,14.050384947860417,13.7250217409502,13.781461715698242,6066800,0.0,0.0
2012-04-12 00:00:00-04:00,13.751583526029776,14.146668477565255,13.685183843260946,13.86446475982666,12313400,0.0,0.0
2012-04-13 00:00:00-04:00,13.844544511991112,13.99394632203813,13.768183868298788,13.817983627319336,5088600,0.0,0.0
2012-04-16 00:00:00-04:00,13.539097653803237,13.665259294896115,13.27017572213534,13.283454895019531,11498000,0.0,0.0
2012-04-17 00:00:00-04:00,13.35650510851578,13.562346992563011,13.276824951171873,13.276824951171875,7423000,0.0,0.0
2012-04-18 00:00:00-04:00,13.213740030516416,13.2768215107685,13.09089908098842,13.233660697937012,6830800,0.0,0.0
2012-04-19 00:00:00-04:00,13.273496294852286,13.429538304182184,13.140695689596903,13.193816184997559,4941600,0.0,0.0
2012-04-20 00:00:00-04:00,13.230333709152006,13.349855124279353,13.170573001588332,13.24693489074707,5271400,0.0,0.0
2012-04-23 00:00:00-04:00,13.017856855656284,13.343220131792988,13.00125693405098,13.280139923095703,4998800,0.0,0.0
2012-04-24 00:00:00-04:00,13.306697535701613,13.41293852761802,13.243616076037636,13.366456985473633,3121800,0.0,0.0
2012-04-25 00:00:00-04:00,13.466058855137804,13.53577926774351,13.183855194864577,13.316657066345215,3938400,0.0,0.0
2012-04-26 00:00:00-04:00,13.280137467983288,13.53578026622108,13.260216805843976,13.495940208435059,3327400,0.0,0.0
2012-04-27 00:00:00-04:00,13.618786315151386,13.827948914596327,13.608826613532656,13.708427429199219,5680200,0.0,0.0
2012-04-30 00:00:00-04:00,13.76485526056761,13.940817854758476,13.715055529997791,13.814656257629395,6763600,0.0,0.0
2012-05-01 00:00:00-04:00,14.186507273675014,14.232987554059628,13.625421898829417,13.681861877441406,9434200,0.0,0.0
2012-05-02 00:00:00-04:00,13.658625008196926,13.900987432880633,13.595544793496112,13.774827003479004,5194600,0.0,0.0
2012-05-03 00:00:00-04:00,13.76818514082731,13.778144840253411,13.32330041339797,13.39966106414795,6800000,0.0,0.0
2012-05-04 00:00:00-04:00,13.310016872907582,13.393017726126889,13.064333790121733,13.193816184997559,7031600,0.0,0.0
2012-05-07 00:00:00-04:00,13.090897612493956,13.263539577960557,13.037777105157526,13.167258262634277,7366600,0.0,0.0
2012-05-08 00:00:00-04:00,13.144016160328091,13.144016160328091,12.682531584173297,12.788772583007812,7880800,0.0,0.0
2012-05-09 00:00:00-04:00,12.619450156024767,12.818652979271265,12.592890539487467,12.685851097106934,7387800,0.0,0.0
2012-05-10 00:00:00-04:00,12.672570392635691,12.948133849136315,12.616130417107179,12.682531356811523,6077600,0.0,0.0
2012-05-11 00:00:00-04:00,12.629410962433832,12.63605118310825,12.327287887457027,12.35384750366211,7818600,0.0,0.0
2012-05-14 00:00:00-04:00,12.200095529839302,12.283657827988888,11.93269643077253,11.972805976867676,8644800,0.125,0.0
2012-05-15 00:00:00-04:00,11.98283083129197,12.096475586786596,11.762226455927022,11.798994064331055,7119800,0.0,0.0
2012-05-16 00:00:00-04:00,11.859157226128282,12.103158901947825,11.655265082962336,11.788965225219727,7299800,0.0,0.0
2012-05-17 00:00:00-04:00,11.792314642881946,11.956097357393023,11.655272483825684,11.655272483825684,6667800,0.0,0.0
2012-05-18 00:00:00-04:00,11.715432651429289,11.895927501508531,11.51154046245748,11.671979904174805,10113000,0.0,0.0
2012-05-21 00:00:00-04:00,11.682006031318645,12.066391722442066,11.651923562008195,12.019597053527832,4373200,0.0,0.0
2012-05-22 00:00:00-04:00,12.066393348475273,12.206778649195002,11.75219961838334,11.829076766967773,5883600,0.0,0.0
2012-05-23 00:00:00-04:00,11.742174310775018,11.859161016345183,11.498172556971918,11.839105606079102,5765600,0.0,0.0
2012-05-24 00:00:00-04:00,11.902611935748883,11.966118812561035,11.765569841005307,11.966118812561035,5162200,0.0,0.0
2012-05-25 00:00:00-04:00,11.909293281487649,12.380584362214297,11.909293281487649,12.327104568481445,6079000,0.0,0.0
2012-05-29 00:00:00-04:00,12.414018845500639,12.494239238834005,12.310402378142413,12.444101333618164,6731200,0.0,0.0
2012-05-30 00:00:00-04:00,12.313735632219117,12.350503233458031,12.13324083071481,12.226831436157227,5839000,0.0,0.0
2012-05-31 00:00:00-04:00,12.266943274834947,12.276970340674158,11.792308849184286,12.056365966796875,7846000,0.0,0.0
2012-06-01 00:00:00-04:00,11.819050697327556,11.942722531558886,11.712091066361102,11.77894115447998,5773800,0.0,0.0
2012-06-04 00:00:00-04:00,11.772257236082574,11.855819536111419,11.247486093906195,11.458062171936035,6215600,0.0,0.0
2012-06-05 00:00:00-04:00,11.458058894049712,11.815705333854007,11.451373758952727,11.765568733215332,5363600,0.0,0.0
2012-06-06 00:00:00-04:00,11.905956967632749,12.387276664847061,11.875874486556853,12.139931678771973,5932000,0.0,0.0
2012-06-07 00:00:00-04:00,12.397299410381148,12.718178246588673,12.297024933448691,12.447437286376953,7936800,0.0,0.0
2012-06-08 00:00:00-04:00,12.347166346680151,12.500921964632434,12.240206692923564,12.48755168914795,4541400,0.0,0.0
2012-06-11 00:00:00-04:00,12.674730695023763,12.82180117812691,12.480866796923719,12.661361694335938,6475000,0.0,0.0
2012-06-12 00:00:00-04:00,12.661357493917844,13.14267578561293,12.658014288560244,13.059113502502441,8485400,0.0,0.0
2012-06-13 00:00:00-04:00,12.968873742953296,13.02235358472601,12.79840714575902,12.955503463745117,5741000,0.0,0.0
2012-06-14 00:00:00-04:00,12.992268223269194,13.249640303387762,12.932103255186426,13.169421195983887,3945000,0.0,0.0
2012-06-15 00:00:00-04:00,13.02569177484165,13.433474933141792,13.02569177484165,13.420105934143066,8010400,0.0,0.0
2012-06-18 00:00:00-04:00,13.333197606474943,13.376650350439714,13.055771491298128,13.316485404968262,7128800,0.0,0.0
2012-06-19 00:00:00-04:00,13.43346950525389,13.771061775990534,13.286400375216134,13.660758972167969,7763600,0.0,0.0
2012-06-20 00:00:00-04:00,13.934843832698624,14.322572718573092,13.844596427142617,14.30586051940918,13889400,0.0,0.0
2012-06-21 00:00:00-04:00,14.33928903809521,14.366028307051444,13.747667889873952,13.814517974853516,8412800,0.0,0.0
2012-06-22 00:00:00-04:00,13.94153166528325,14.011723680390388,13.66410553531057,13.96827220916748,13357400,0.0,0.0
2012-06-25 00:00:00-04:00,13.861314308696457,13.861314308696457,13.480270436343005,13.817861557006836,5611200,0.0,0.0
2012-06-26 00:00:00-04:00,13.817859379577985,14.30920601916459,13.811174243828455,14.22230052947998,7313200,0.0,0.0
2012-06-27 00:00:00-04:00,14.289153623473414,14.319236103156792,14.01841130632301,14.212276458740234,5665600,0.0,0.0
2012-06-28 00:00:00-04:00,14.125373256009636,14.790529848647413,14.055181216979546,14.770474433898926,8631800,0.0,0.0
2012-06-29 00:00:00-04:00,15.011134844409339,15.158204065948517,14.716995126271192,15.014476776123047,10990000,0.0,0.0
2012-07-02 00:00:00-04:00,15.241758675679646,15.549268515264066,15.00110018715613,15.398856163024902,7390600,0.0,0.0
2012-07-03 00:00:00-04:00,15.495785246998768,15.495785246998768,15.041206361831769,15.16153621673584,7438000,0.0,0.0
2012-07-05 00:00:00-04:00,15.04120941004672,15.074633809823176,14.747069846789254,14.773810386657715,8391200,0.0,0.0
2012-07-06 00:00:00-04:00,14.606688014786885,14.890799280410958,14.483016187109744,14.877429008483887,4713000,0.0,0.0
2012-07-09 00:00:00-04:00,14.890792486613536,14.890792486613536,14.696928732356922,14.837312698364258,5588400,0.0,0.0
2012-07-10 00:00:00-04:00,14.927569169187331,15.034528810811336,14.643457860197222,14.703622817993164,5399800,0.0,0.0
2012-07-11 00:00:00-04:00,14.743730275375617,15.031184749649785,14.566578633115206,14.833977699279785,7089200,0.0,0.0
2012-07-12 00:00:00-04:00,14.46964476490077,14.626740984847725,14.239012055200789,14.516439437866211,9387000,0.0,0.0
2012-07-13 00:00:00-04:00,14.599995896078262,15.051231519800186,14.51977557794214,15.024492263793945,8647200,0.0,0.0
2012-07-16 00:00:00-04:00,14.960992086176539,15.024500243657089,14.793867503432988,14.991074562072754,5437600,0.0,0.0
2012-07-17 00:00:00-04:00,15.04789740000436,15.25178959247828,14.890799886119334,15.191624641418457,6909600,0.0,0.0
2012-07-18 00:00:00-04:00,15.128114116361214,15.759846003589919,15.128114116361214,15.652886390686035,6735800,0.0,0.0
2012-07-19 00:00:00-04:00,15.692995153325532,15.870146764393017,15.154853910204572,15.211675643920898,7953800,0.0,0.0
2012-07-20 00:00:00-04:00,15.16488064406683,15.285210518792393,15.06126424365465,15.228388786315918,3373200,0.0,0.0
2012-07-23 00:00:00-04:00,14.991074321259502,15.405543840831688,14.90417010065499,15.328666687011719,4756200,0.0,0.0
2012-07-24 00:00:00-04:00,15.261818867784994,15.325325758622725,14.579950173809111,14.854034423828125,7523800,0.0,0.0
2012-07-25 00:00:00-04:00,14.947622298571359,14.987731839293264,14.753757180806746,14.877429008483887,4708200,0.0,0.0
2012-07-26 00:00:00-04:00,15.144831551268657,15.428942858247952,15.067954389086724,15.315298080444336,5176400,0.0,0.0
2012-07-27 00:00:00-04:00,15.301922271134423,15.739789019139748,15.301922271134423,15.723076820373535,5084800,0.0,0.0
2012-07-30 00:00:00-04:00,15.656233434126877,16.02390706418496,15.442314138452385,15.86681079864502,5355600,0.0,0.0
2012-07-31 00:00:00-04:00,15.843410842175816,16.338099450594537,15.636175442995217,15.809985160827637,9495400,0.0,0.0
2012-08-01 00:00:00-04:00,15.913603661046357,15.980453752046637,14.827293826234978,15.642861366271973,18801000,0.0,0.0
2012-08-02 00:00:00-04:00,15.459033697843552,16.107477030688187,15.455691765097527,16.043970108032227,9223600,0.0,0.0
2012-08-03 00:00:00-04:00,16.351462720999194,16.598807576106076,16.14422866946138,16.508560180664062,7230800,0.0,0.0
2012-08-06 00:00:00-04:00,16.5687267796537,16.602151177601954,16.33141023906756,16.49519157409668,4207600,0.0,0.0
2012-08-07 00:00:00-04:00,16.61218391741328,16.97651556181641,16.54199189809344,16.859527587890625,6975800,0.0,0.0
2012-08-08 00:00:00-04:00,16.695738676515212,16.712450872375825,16.287954467210422,16.53529930114746,5830400,0.0,0.0
2012-08-09 00:00:00-04:00,16.545334341516337,16.545334341516337,16.291305526793952,16.30801773071289,5698200,0.0,0.0
2012-08-10 00:00:00-04:00,16.150916374369665,16.582098018432756,16.027244564659014,16.565385818481445,5729600,0.0,0.0
2012-08-13 00:00:00-04:00,16.565385818481445,16.64560488827139,16.31804092400102,16.565385818481445,4855000,0.0,0.0
2012-08-14 00:00:00-04:00,16.693313430330424,16.693313430330424,16.403814343927923,16.53846549987793,4362800,0.175,0.0
2012-08-15 00:00:00-04:00,16.54855878028796,16.774099204283758,16.37687982935353,16.737070083618164,5189400,0.0,0.0
2012-08-16 00:00:00-04:00,16.716870639066702,16.844789058678227,16.56202276929533,16.733701705932617,6093200,0.0,0.0
2012-08-17 00:00:00-04:00,16.74716491505579,16.881816000888314,16.501427774920174,16.5788516998291,6760000,0.0,0.0
2012-08-20 00:00:00-04:00,16.609148842652672,16.79092743108853,16.511526865441418,16.679840087890625,5108800,0.0,0.0
2012-08-21 00:00:00-04:00,16.733702957867067,16.891917823325347,16.413907526976757,16.4677677154541,5700200,0.0,0.0
2012-08-22 00:00:00-04:00,16.471131344814253,16.619246511927688,16.20519615656538,16.5788516998291,3986200,0.0,0.0
2012-08-23 00:00:00-04:00,16.528354490750907,16.578848960627255,16.34321024141716,16.50815773010254,2757200,0.0,0.0
2012-08-24 00:00:00-04:00,16.440834148420404,16.47449627624562,16.174898972566456,16.410537719726562,3465000,0.0,0.0
2012-08-27 00:00:00-04:00,16.498060885759273,16.999634835016646,16.48122982096603,16.696670532226562,5755600,0.0,0.0
2012-08-28 00:00:00-04:00,16.67310847537119,16.99627085915912,16.646179025796897,16.774097442626953,5283000,0.0,0.0
2012-08-29 00:00:00-04:00,16.801028656686245,16.905383334550354,16.71013934708748,16.737070083618164,3183400,0.0,0.0
2012-08-30 00:00:00-04:00,16.642809533286634,17.164581505029414,16.54518884865108,17.103988647460938,5627000,0.0,0.0
2012-08-31 00:00:00-04:00,17.17804822547402,17.484378259531578,17.114089658935605,17.420419692993164,7878200,0.0,0.0
2012-09-04 00:00:00-04:00,17.417045224687843,17.420410922652003,16.925569853638503,17.09724998474121,5189200,0.0,0.0
2012-09-05 00:00:00-04:00,17.083792522844593,17.11072325551821,16.902013929681733,16.939043045043945,5202600,0.0,0.0
2012-09-06 00:00:00-04:00,17.077061251969724,17.376658615036682,17.00300301512059,17.141019821166992,5433000,0.0,0.0
2012-09-07 00:00:00-04:00,17.225178767388584,17.497846716500135,17.174685558823825,17.46755027770996,3713400,0.0,0.0
2012-09-10 00:00:00-04:00,17.47427887359842,17.709917644149204,17.47427887359842,17.625761032104492,3613600,0.0,0.0
2012-09-11 00:00:00-04:00,17.672884891524593,18.012876969183438,17.65605382940583,17.959016799926758,5511200,0.0,0.0
2012-09-12 00:00:00-04:00,18.060008073856217,18.275448778713205,17.992682532556437,18.00278091430664,6444200,0.0,0.0
2012-09-13 00:00:00-04:00,18.04655225106501,18.45387012931663,17.787349614688,18.40337562561035,5895400,0.0,0.0
2012-09-14 00:00:00-04:00,18.484160245353973,18.925141403118193,18.433665758938055,18.719799041748047,6450600,0.0,0.0
2012-09-17 00:00:00-04:00,18.564949189828912,18.564949189828912,17.81427107796715,18.056642532348633,7284200,0.0,0.0
2012-09-18 00:00:00-04:00,17.53150419026994,17.80417076272246,17.073692063525144,17.52813720703125,13020800,0.0,0.0
2012-09-19 00:00:00-04:00,17.504576131278927,18.006150127749223,17.4978434479023,17.911893844604492,7473400,0.0,0.0
2012-09-20 00:00:00-04:00,17.817636485665233,18.046542553640045,17.629125228471892,17.96575164794922,5248200,0.0,0.0
2012-09-21 00:00:00-04:00,18.05327405321373,18.218220268838177,17.979215834860337,18.08357048034668,6562000,0.0,0.0
2012-09-24 00:00:00-04:00,18.01624524878369,18.171093086025685,17.90852490251727,17.9926815032959,3611600,0.0,0.0
2012-09-25 00:00:00-04:00,18.117236794442725,18.346142900333092,18.046545542834018,18.06001091003418,7181200,0.0,0.0
2012-09-26 00:00:00-04:00,18.019607609861644,18.17782240093879,17.504569719422538,17.841196060180664,6965400,0.0,0.0
2012-09-27 00:00:00-04:00,17.834466741774964,18.356237411499023,17.757042822898423,18.356237411499023,4347400,0.0,0.0
2012-09-28 00:00:00-04:00,18.299012311376693,18.399999980080455,18.117233737233192,18.376436233520508,4748400,0.0,0.0
2012-10-01 00:00:00-04:00,18.47406029552215,18.814052451630563,18.261985268334037,18.628908157348633,5216600,0.0,0.0
2012-10-02 00:00:00-04:00,18.662575394336812,18.780395456837972,18.571686072108502,18.64574432373047,4060200,0.0,0.0
2012-10-03 00:00:00-04:00,18.64910446212168,18.64910446212168,18.32930910148659,18.352872848510742,4393800,0.0,0.0
2012-10-04 00:00:00-04:00,18.440396310045163,18.773657056765682,18.396635796615747,18.713064193725586,5612800,0.0,0.0
2012-10-05 00:00:00-04:00,18.851074062901557,19.16076966326802,18.42692546150238,18.470685958862305,6537800,0.0,0.0
2012-10-08 00:00:00-04:00,19.261760949088245,20.211047192349504,19.012656874840264,19.497398376464844,18623800,0.0,0.0
2012-10-09 00:00:00-04:00,19.70611141303264,19.860959261798335,19.22473551802492,19.231468200683594,8248000,0.0,0.0
2012-10-10 00:00:00-04:00,19.103543051894437,19.40987294197822,18.440388811683217,18.615434646606445,10620600,0.0,0.0
2012-10-11 00:00:00-04:00,19.01602656853602,19.069886743061563,18.389901237096687,18.399999618530273,7215000,0.0,0.0
2012-10-12 00:00:00-04:00,18.396628574128908,18.497616211505488,17.75030538348934,18.27880859375,8333200,0.0,0.0
2012-10-15 00:00:00-04:00,18.258622387455382,18.463963478988408,18.036448943193488,18.305749893188477,4308600,0.0,0.0
2012-10-16 00:00:00-04:00,18.450496608887438,18.67267001960509,18.346141944713985,18.531286239624023,3856800,0.0,0.0
2012-10-17 00:00:00-04:00,18.625533845028713,18.88136926869459,18.53464458969115,18.766916275024414,4023800,0.0,0.0
2012-10-18 00:00:00-04:00,18.723159149650957,18.851077535339385,18.396632429834984,18.44375991821289,5600400,0.0,0.0
2012-10-19 00:00:00-04:00,18.568315204278967,18.733262732226144,18.329310729447442,18.4942569732666,4888000,0.0,0.0
2012-10-22 00:00:00-04:00,18.57841193692132,18.682766590976787,18.076839282689605,18.352872848510742,4712800,0.0,0.0
2012-10-23 00:00:00-04:00,18.00951826068717,18.083576503708223,17.70655388844488,17.92536163330078,5155400,0.0,0.0
2012-10-24 00:00:00-04:00,18.033081457272058,18.362975272353495,17.959023216535833,18.07684326171875,3486200,0.0,0.0
2012-10-25 00:00:00-04:00,18.171094636467444,18.34614053511805,17.962386608284305,18.16436195373535,2833600,0.0,0.0
2012-10-26 00:00:00-04:00,18.362974505258272,18.756828160569302,18.30911431900775,18.719799041748047,4881800,0.0,0.0
2012-10-31 00:00:00-04:00,18.73326388366854,18.78039138479928,18.177829685191988,18.49089241027832,5480800,0.0,0.0
2012-11-01 00:00:00-04:00,18.47406244529091,18.57841583712559,17.6998217619345,18.187929153442383,7261800,0.0,0.0
2012-11-02 00:00:00-04:00,18.366336903920534,18.366336903920534,17.625758564770997,17.858030319213867,6790200,0.0,0.0
2012-11-05 00:00:00-05:00,17.861404065419727,18.612081069918148,17.858037081022708,18.43366813659668,6718800,0.0,0.0
2012-11-06 00:00:00-05:00,18.652473391533082,19.25166812099033,18.500991217196102,19.18097686767578,8509200,0.0,0.0
2012-11-07 00:00:00-05:00,18.86455171945686,19.11028894099001,18.470697997620515,18.669307708740234,5502400,0.0,0.0
2012-11-08 00:00:00-05:00,18.662571598860577,18.891477708112827,18.25525386603423,18.282184600830078,5078800,0.0,0.0
2012-11-09 00:00:00-05:00,18.03644282152631,18.13406349992835,17.723380172122237,17.881593704223633,6529400,0.0,0.0
2012-11-12 00:00:00-05:00,18.00951180371953,18.42692909091541,18.00951180371953,18.13743019104004,5293400,0.0,0.0
2012-11-13 00:00:00-05:00,18.05327385133139,18.490887906258738,17.928721161106637,18.144163131713867,4391800,0.0,0.0
2012-11-14 00:00:00-05:00,18.275450627342234,18.32931080900464,17.8344695071433,17.884963989257812,5887200,0.0,0.0
2012-11-15 00:00:00-05:00,17.932085810488196,18.305741264279686,17.85466190411851,18.198020935058594,6306200,0.0,0.0
2012-11-16 00:00:00-05:00,18.1879255419022,18.352873057073644,18.00614824623985,18.292280197143555,7317800,0.0,0.0
2012-11-19 00:00:00-05:00,18.58704595740037,19.207065221956643,18.580269628135213,19.16640853881836,6946800,0.175,0.0
2012-11-20 00:00:00-05:00,19.16301838873838,19.58314040586112,19.085092551569687,19.31209373474121,6521600,0.0,0.0
2012-11-21 00:00:00-05:00,19.474725571940905,19.65090626597153,19.359530552476755,19.59330940246582,4167000,0.0,0.0
2012-11-23 00:00:00-05:00,19.725442817250308,19.98971318818727,19.698337501024664,19.98293685913086,2007600,0.0,0.0
2012-11-26 00:00:00-05:00,19.905009131439442,20.02020412960034,19.762710112068476,20.010040283203125,4679400,0.0,0.0
2012-11-27 00:00:00-05:00,20.10829164292747,20.11506797061144,19.816917307230728,19.850797653198242,5961400,0.0,0.0
2012-11-28 00:00:00-05:00,19.637347947914428,20.17944253313334,19.545869462425255,20.074411392211914,5923800,0.0,0.0
2012-11-29 00:00:00-05:00,20.138783049912227,20.298023508115755,20.026976882148666,20.14217185974121,5291800,0.0,0.0
2012-11-30 00:00:00-05:00,20.067637304386555,20.24381796731354,19.94227845877692,20.17266845703125,5146600,0.0,0.0
2012-12-03 00:00:00-05:00,20.260759990505758,20.29464163595893,19.955832936142937,20.176057815551758,5783400,0.0,0.0
2012-12-04 00:00:00-05:00,20.115070026241987,20.291250686672768,20.016816495914377,20.043920516967773,4738200,0.0,0.0
2012-12-05 00:00:00-05:00,20.125234867138026,20.284474058044317,19.48488541579114,19.68817138671875,6379800,0.0,0.0
2012-12-06 00:00:00-05:00,19.630576706747156,20.20994059829963,19.566203515442524,20.1252384185791,8582200,0.0,0.0
2012-12-07 00:00:00-05:00,20.281091597950933,20.579243654194872,20.111687226157095,20.565690994262695,8382000,0.0,0.0
2012-12-10 00:00:00-05:00,20.49792290927855,21.172152677783465,20.49114658132169,21.009523391723633,8624200,0.0,0.0
2012-12-11 00:00:00-05:00,21.046793856368648,21.263631194645207,20.724925366916423,20.809627532958984,8740000,0.0,0.0
2012-12-12 00:00:00-05:00,20.945157767216458,21.080681790316095,20.541975801796983,20.843515396118164,7966400,0.0,0.0
2012-12-13 00:00:00-05:00,20.840122135562634,21.023079139952046,20.67071778908042,20.928213119506836,6203400,0.0,0.0
2012-12-14 00:00:00-05:00,20.904491789656348,21.34155521289521,20.904491789656348,21.28734588623047,6894600,0.0,0.0
2012-12-17 00:00:00-05:00,21.324617866858222,21.466918184619903,21.155213526755418,21.33139419555664,5535800,0.0,0.0
2012-12-18 00:00:00-05:00,21.388989484670994,21.47369164340212,21.260241841513015,21.34494400024414,4907400,0.0,0.0
2012-12-19 00:00:00-05:00,21.34155601605681,21.49401886447817,21.060344234839494,21.080673217773438,8451000,0.0,0.0
2012-12-20 00:00:00-05:00,21.148439996162587,21.222978329254648,20.989200774265075,21.09423065185547,5211200,0.0,0.0
2012-12-21 00:00:00-05:00,20.782525008683,21.17554303572801,20.7215393413439,21.053571701049805,8528800,0.0,0.0
2012-12-24 00:00:00-05:00,20.95531765703337,21.341560662149945,20.928213633006532,21.131498336791992,2139000,0.0,0.0
2012-12-26 00:00:00-05:00,21.21958449152103,21.222972009083364,20.796073711351095,20.890939712524414,2978800,0.0,0.0
2012-12-27 00:00:00-05:00,20.90449408501009,21.056958236886864,20.59278945312286,21.01291275024414,3663200,0.0,0.0
2012-12-28 00:00:00-05:00,20.846892649421772,20.92143095466684,20.674100832888122,20.704593658447266,3272400,0.0,0.0
2012-12-31 00:00:00-05:00,20.657162884932145,21.348331517914342,20.626670056090845,21.34494400024414,4202800,0.0,0.0
2013-01-02 00:00:00-05:00,21.73457633201568,21.751515214287846,21.280572670151617,21.687143325805664,6321400,0.0,0.0
2013-01-03 00:00:00-05:00,21.64987181540037,21.68036464357511,20.992582250845366,21.080673217773438,7296400,0.0,0.0
2013-01-04 00:00:00-05:00,21.141665275282666,21.392383011783863,20.670720054781995,21.192485809326172,6589200,0.0,0.0
2013-01-07 00:00:00-05:00,21.033241815106166,21.033241815106166,20.34207185225574,20.41322135925293,11086800,0.0,0.0
2013-01-08 00:00:00-05:00,20.480986778261293,20.914661513482177,20.42338862548515,20.853675842285156,9818800,0.0,0.0
2013-01-09 00:00:00-05:00,21.02646556269639,21.22975023840713,20.924821932388575,21.148435592651367,7302200,0.0,0.0
2013-01-10 00:00:00-05:00,21.304288912655334,21.34155807206517,21.023077104346566,21.27379608154297,6480800,0.0,0.0
2013-01-11 00:00:00-05:00,21.243304246532087,21.338170262239966,20.904495570486766,21.002750396728516,6742600,0.0,0.0
2013-01-14 00:00:00-05:00,21.073900844992618,21.222976203794268,20.97225849615274,21.21619987487793,4476400,0.0,0.0
2013-01-15 00:00:00-05:00,21.114555246933218,21.832830525103255,21.073898570276267,21.7718448638916,5688600,0.0,0.0
2013-01-16 00:00:00-05:00,21.680371592782283,22.14792801051,21.670206451830907,21.934476852416992,5761200,0.0,0.0
2013-01-17 00:00:00-05:00,22.093715015769625,22.39186574118968,22.0361181571496,22.15131187438965,7048800,0.0,0.0
2013-01-18 00:00:00-05:00,22.252953701931357,22.330880833925125,21.649874678771454,22.09032440185547,7196800,0.0,0.0
2013-01-22 00:00:00-05:00,22.110657844166518,22.917021669140496,22.069999867102762,22.73745346069336,6046400,0.0,0.0
2013-01-23 00:00:00-05:00,22.77811164695632,23.069484771420367,22.537555178251527,22.89669418334961,7568200,0.0,0.0
2013-01-24 00:00:00-05:00,22.88653103259636,23.404907982415033,22.88653103259636,23.259220123291016,5068200,0.0,0.0
2013-01-25 00:00:00-05:00,23.33714454922596,23.37780252766614,23.06948534053214,23.265995025634766,4657000,0.0,0.0
2013-01-28 00:00:00-05:00,23.23211480417364,23.438788338859002,22.571438806346997,23.259220123291016,5798400,0.0,0.0
2013-01-29 00:00:00-05:00,23.713223180082714,24.53652852831921,23.669178974093477,24.384065628051758,11114600,0.0,0.0
2013-01-30 00:00:00-05:00,24.7669140544195,24.868557692641733,24.014758369309252,24.695764541625977,10041400,0.0,0.0
2013-01-31 00:00:00-05:00,24.628002091298885,25.41403807172137,24.5263584602914,25.142990112304688,8097200,0.0,0.0
2013-02-01 00:00:00-05:00,25.427591430425224,25.888371423216157,25.258187097337526,25.820608139038086,7498000,0.0,0.0
2013-02-04 00:00:00-05:00,25.634273637944258,26.162814509685504,25.563121519142907,26.02051544189453,7424000,0.0,0.0
2013-02-05 00:00:00-05:00,26.200084631273892,26.223801143431288,25.807065189915903,25.9798583984375,8406200,0.0,0.0
2013-02-06 00:00:00-05:00,25.925641811493314,26.55244000403046,25.925641811493314,26.35593032836914,6355400,0.0,0.0
2013-02-07 00:00:00-05:00,26.413517302349632,26.803147696888477,26.22717412924281,26.772653579711914,8834400,0.0,0.0
2013-02-08 00:00:00-05:00,26.95223017359246,27.809415677333437,26.95223017359246,27.589189529418945,8353800,0.0,0.0
2013-02-11 00:00:00-05:00,27.684065000984862,27.95172424638134,27.470616400942237,27.677289962768555,7026400,0.0,0.0
2013-02-12 00:00:00-05:00,27.707781982009116,27.782320328181864,27.182629916993115,27.40624237060547,6500600,0.0,0.0
2013-02-13 00:00:00-05:00,27.365577180942633,27.748432660955856,27.260547312573447,27.67050552368164,4563000,0.0,0.0
2013-02-14 00:00:00-05:00,27.50449251473616,28.37523083825721,27.41301529595928,28.175334930419922,5921200,0.0,0.0
2013-02-15 00:00:00-05:00,28.175319691242105,28.30120963181613,27.733008524690987,28.090259552001953,5678200,0.175,0.0
2013-02-19 00:00:00-05:00,28.250184425573725,28.6720821595713,28.090270883958464,28.651668548583984,8598200,0.0,0.0
2013-02-20 00:00:00-05:00,28.600629942790167,28.79456702121808,27.236266722547473,27.297510147094727,9563000,0.0,0.0
2013-02-21 00:00:00-05:00,27.178423790004103,27.62754137065191,26.4230916829653,27.419994354248047,10590000,0.0,0.0
2013-02-22 00:00:00-05:00,27.661572288437576,27.760239815453748,27.205648362035582,27.739826202392578,5221800,0.0,0.0
2013-02-25 00:00:00-05:00,27.811271124916303,28.21956147886783,26.96066946563845,26.974279403686523,5922200,0.0,0.0
2013-02-26 00:00:00-05:00,27.011695621977005,27.443802551188018,26.651041488800296,27.406375885009766,5782400,0.0,0.0
2013-02-27 00:00:00-05:00,27.34854581472327,28.328440666372757,27.280498714838927,28.151514053344727,5973000,0.0,0.0
2013-02-28 00:00:00-05:00,28.1174949408835,28.53258906484702,28.090275058301756,28.19915199279785,4813400,0.0,0.0
2013-03-01 00:00:00-05:00,28.015410431220054,28.923854827880863,28.015410431220054,28.92385482788086,6742000,0.0,0.0
2013-03-04 00:00:00-05:00,28.85581843132462,30.60465575468787,28.82179487401165,30.55021858215332,11788200,0.0,0.0
2013-03-05 00:00:00-05:00,30.65229056953046,30.78158372703179,29.83911531444731,30.196369171142578,12037600,0.0,0.0
2013-03-06 00:00:00-05:00,30.366475159875623,30.512778729465087,30.029637674850555,30.12490463256836,5949400,0.0,0.0
2013-03-07 00:00:00-05:00,30.145316784314904,30.288217213995914,29.69619929401046,30.036439895629883,7400400,0.0,0.0
2013-03-08 00:00:00-05:00,30.295025718104263,30.417512551403835,29.81528518837595,30.288219451904297,7495200,0.0,0.0
2013-03-11 00:00:00-04:00,30.104496632497856,30.138520181471847,29.60093928185947,29.90375328063965,7916400,0.0,0.0
2013-03-12 00:00:00-04:00,29.852710557204453,30.574021588832885,29.69620018725137,30.278011322021484,5936600,0.0,0.0
2013-03-13 00:00:00-04:00,30.12150655919711,30.189556251733226,29.32194149166776,29.54309844970703,9499600,0.0,0.0
2013-03-14 00:00:00-04:00,29.689395783680467,29.89353962658314,29.29131230481599,29.839099884033203,7341000,0.0,0.0
2013-03-15 00:00:00-04:00,29.876530493495466,30.148724050439625,29.70300963187795,29.917360305786133,9869800,0.0,0.0
2013-03-18 00:00:00-04:00,29.56691158968942,30.533193743464153,29.362767728621662,30.19295310974121,5540800,0.0,0.0
2013-03-19 00:00:00-04:00,30.169140600544477,30.44133418403097,29.72002300487304,30.046653747558594,6269800,0.0,0.0
2013-03-20 00:00:00-04:00,30.437932687629395,31.295340704650243,30.308642156225538,31.006134033203125,6160600,0.0,0.0
2013-03-21 00:00:00-04:00,30.801992198648836,31.040162261944094,30.295034248856748,30.301837921142578,7649800,0.0,0.0
2013-03-22 00:00:00-04:00,30.43792398302274,31.264708750791645,30.349460699555298,30.9312744140625,5065400,0.0,0.0
2013-03-25 00:00:00-04:00,31.223882329727736,31.550515627821056,30.522987443360567,30.686304092407227,5703000,0.0,0.0
2013-03-26 00:00:00-04:00,30.856432323183654,31.155843228065066,30.68631195989929,30.93808937072754,5243800,0.0,0.0
2013-03-27 00:00:00-04:00,30.798590167998995,30.921077040177824,30.41752220640335,30.50938606262207,5737000,0.0,0.0
2013-03-28 00:00:00-04:00,30.50938002108172,30.77476732630629,30.386893173158033,30.485563278198242,5275600,0.0,0.0
2013-04-01 00:00:00-04:00,30.46855291337278,30.631866980646052,30.039848944077413,30.563819885253906,4970800,0.0,0.0
2013-04-02 00:00:00-04:00,30.747559355639424,30.805399663608142,28.838808426023213,29.083782196044922,8668800,0.0,0.0
2013-04-03 00:00:00-04:00,29.080354812850423,29.080354812850423,26.708878205278424,27.69217300415039,18626000,0.0,0.0
2013-04-04 00:00:00-04:00,27.613934277240382,28.546192994784462,27.47443435525847,28.110685348510742,8338400,0.0,0.0
2013-04-05 00:00:00-04:00,27.576505766620684,28.18893738013949,27.04913171991296,28.025623321533203,6352400,0.0,0.0
2013-04-08 00:00:00-04:00,28.199163397861675,28.403310003960335,27.87933873358217,28.36248016357422,4992400,0.0,0.0
2013-04-09 00:00:00-04:00,28.464540858389558,29.0429490639141,28.124300126709056,28.852415084838867,5196200,0.0,0.0
2013-04-10 00:00:00-04:00,28.97489598314533,29.107589633481343,28.58021556975496,28.69589614868164,5100400,0.0,0.0
2013-04-11 00:00:00-04:00,28.682295269879763,28.77415912703232,27.474439610883216,27.92355728149414,10707400,0.0,0.0
2013-04-12 00:00:00-04:00,27.5560880891443,27.702391664898354,26.674866097293844,27.317920684814453,9943400,0.0,0.0
2013-04-15 00:00:00-04:00,26.94366949584964,27.290713965989568,26.246174824941978,26.375465393066406,10907200,0.0,0.0
2013-04-16 00:00:00-04:00,26.67486812204171,27.011705646827192,26.429894432804915,26.834781646728516,7204400,0.0,0.0
2013-04-17 00:00:00-04:00,26.450318558993786,26.65786565068851,25.586106632032248,26.065847396850586,7759200,0.0,0.0
2013-04-18 00:00:00-04:00,26.05223272490038,26.535373940960703,25.623528676085208,26.195133209228516,7909000,0.0,0.0
2013-04-19 00:00:00-04:00,26.33803731172109,26.80076233667362,26.123683981077804,26.79395866394043,6213200,0.0,0.0
2013-04-22 00:00:00-04:00,26.831376041532348,27.505051029042484,26.52515895819593,27.21584701538086,5784000,0.0,0.0
2013-04-23 00:00:00-04:00,27.256684157179794,27.892935235051574,27.23627054474274,27.746631622314453,5274400,0.0,0.0
2013-04-24 00:00:00-04:00,27.923551939957036,28.420303011227393,27.879321586949036,28.110685348510742,5325800,0.0,0.0
2013-04-25 00:00:00-04:00,28.304620682682327,28.68228801423068,27.692186470487655,27.770442962646484,5399600,0.0,0.0
2013-04-26 00:00:00-04:00,27.763633762447498,27.801060437895476,27.358749194338294,27.678573608398438,4257200,0.0,0.0
2013-04-29 00:00:00-04:00,27.801066031966215,28.35225687561233,27.767042482666426,28.039236068725586,5419200,0.0,0.0
2013-04-30 00:00:00-04:00,27.19543449177097,27.773842542135224,26.14749269631024,26.661256790161133,13876000,0.0,0.0
2013-05-01 00:00:00-04:00,26.402665251676083,26.406068383891128,24.99406963084648,24.997472763061523,15908400,0.0,0.0
2013-05-02 00:00:00-04:00,25.041721396862513,26.06584689227197,25.03151458858843,25.790252685546875,9519600,0.0,0.0
2013-05-03 00:00:00-04:00,26.02160577481967,26.770134158452052,26.02160577481967,26.57279396057129,8823400,0.0,0.0
2013-05-06 00:00:00-04:00,26.528565506492438,27.484640960374108,26.443505338828082,27.33493423461914,5726600,0.0,0.0
2013-05-07 00:00:00-04:00,27.515260940959063,27.869111510981217,27.28049407338907,27.709197998046875,6623400,0.0,0.0
2013-05-08 00:00:00-04:00,27.64454804863751,27.68197472135435,26.630629944196258,26.746313095092773,7932200,0.0,0.0
2013-05-09 00:00:00-04:00,26.688475981415905,26.872206234034902,26.252968388169407,26.69868278503418,5669200,0.0,0.0
2013-05-10 00:00:00-04:00,26.460519217216675,26.460519217216675,25.933147667385214,26.32782554626465,7920000,0.0,0.0
2013-05-13 00:00:00-04:00,26.27338893944569,26.42989935989488,25.7936482759515,26.011402130126953,6110400,0.0,0.0
2013-05-14 00:00:00-04:00,26.117367438663887,26.647164559903697,26.031916037712,26.60956573486328,5706000,0.175,0.0
2013-05-15 00:00:00-04:00,26.61640371303078,27.450407625751268,26.61640371303078,27.13252830505371,5736600,0.0,0.0
2013-05-16 00:00:00-04:00,27.01631382081871,27.60080105973966,26.76337841744366,26.838573455810547,6027800,0.0,0.0
2013-05-17 00:00:00-04:00,27.04024073709464,28.386955611300127,27.04024073709464,28.260486602783203,8992800,0.0,0.0
2013-05-20 00:00:00-04:00,28.250226426261605,29.39527438360398,28.21262761087035,28.916746139526367,7579600,0.0,0.0
2013-05-21 00:00:00-04:00,28.896248392351012,28.896248392351012,27.983627982350573,28.32884979248047,6177200,0.0,0.0
2013-05-22 00:00:00-04:00,28.352770380825056,28.69799472930277,27.669159255474053,28.181867599487305,7024000,0.0,0.0
2013-05-23 00:00:00-04:00,27.6418182038685,28.39037065106873,27.3820452327946,28.151107788085938,4425800,0.0,0.0
2013-05-24 00:00:00-04:00,27.993871663530847,28.065650507372858,27.583703488730542,28.048559188842773,3205600,0.0,0.0
2013-05-28 00:00:00-04:00,28.537337201671267,28.86205395420235,28.301493206922203,28.62620735168457,4441800,0.0,0.0
2013-05-29 00:00:00-04:00,28.40403014522223,28.7560893138611,28.113496057067618,28.612531661987305,2994600,0.0,0.0
2013-05-30 00:00:00-04:00,28.578348651349163,28.728743856302625,28.205779423014864,28.55442237854004,4177800,0.0,0.0
2013-05-31 00:00:00-04:00,28.472395218781436,28.8586344410713,28.198949813842773,28.198949813842773,5167800,0.0,0.0
2013-06-03 00:00:00-04:00,28.236559687809798,28.38011740816538,27.39571825859468,28.034893035888672,4824000,0.0,0.0
2013-06-04 00:00:00-04:00,27.881082026412734,28.202380117278594,27.289757205018926,27.559783935546875,4819200,0.0,0.0
2013-06-05 00:00:00-04:00,27.48800056870402,28.05539900997548,27.19404759923531,27.32051658630371,5643800,0.0,0.0
2013-06-06 00:00:00-04:00,27.310263297263127,28.284408569335934,27.224811911857277,28.284408569335938,5383000,0.0,0.0
2013-06-07 00:00:00-04:00,28.311758349292752,28.6330538385956,28.017805325964563,28.585201263427734,4276400,0.0,0.0
2013-06-10 00:00:00-04:00,28.581787855214742,28.762944422732378,28.113513201092353,28.168203353881836,4506600,0.0,0.0
2013-06-11 00:00:00-04:00,27.658903845250947,27.95285682012508,27.293172019456755,27.29659080505371,4609600,0.0,0.0
2013-06-12 00:00:00-04:00,27.61446221831003,27.669149733477944,27.00946512022576,27.09833526611328,5115800,0.0,0.0
2013-06-13 00:00:00-04:00,27.047069219335285,27.693081428240227,27.012889189697226,27.61446762084961,4457200,0.0,0.0
2013-06-14 00:00:00-04:00,27.37862366603206,27.693084141947423,27.173540860338093,27.211139678955078,3119200,0.0,0.0
2013-06-17 00:00:00-04:00,27.37861570280765,27.51533840276018,26.9000875568581,27.00263023376465,4654800,0.0,0.0
2013-06-18 00:00:00-04:00,26.910350927420847,27.27949892344586,26.818061972587635,26.975292205810547,7257000,0.0,0.0
2013-06-19 00:00:00-04:00,27.094931110891793,27.491426892956202,26.763381840707588,26.76679801940918,4919600,0.0,0.0
2013-06-20 00:00:00-04:00,26.380552900929978,26.38738786462742,24.903953004186146,25.221832275390625,10555200,0.0,0.0
2013-06-21 00:00:00-04:00,25.45767321065142,25.46450817280972,24.17248388007662,24.886856079101562,11563400,0.0,0.0
2013-06-24 00:00:00-04:00,24.58265334118762,24.59632587545867,23.69054069021338,24.056272506713867,7746400,0.0,0.0
2013-06-25 00:00:00-04:00,24.452770945797383,24.75697769640492,24.418590910134544,24.637346267700195,7364400,0.0,0.0
2013-06-26 00:00:00-04:00,24.89711217007481,25.2457552516534,24.657849355477026,24.756973266601562,6059600,0.0,0.0
2013-06-27 00:00:00-04:00,24.992815499095556,25.19447946332088,24.169063111011027,24.2852783203125,7349600,0.0,0.0
2013-06-28 00:00:00-04:00,24.213511977207087,24.305800966804807,24.028939213552174,24.28870964050293,15077600,0.0,0.0
2013-07-01 00:00:00-04:00,24.21008656143624,24.83217252803808,23.943478662573916,24.056272506713867,5556000,0.0,0.0
2013-07-02 00:00:00-04:00,24.128044150325017,24.23058682285041,23.358981929690067,23.683698654174805,8500800,0.0,0.0
2013-07-03 00:00:00-04:00,23.62560000372426,24.21692213108067,23.09921915606989,24.175907135009766,5514600,0.0,0.0
2013-07-05 00:00:00-04:00,23.557233312125152,24.151976731391738,23.10605017792537,23.581159591674805,6161400,0.0,0.0
2013-07-08 00:00:00-04:00,23.649516834074937,24.090446119972444,23.649516834074937,23.734968185424805,6802800,0.0,0.0
2013-07-09 00:00:00-04:00,23.902461432356336,24.05627288170708,23.711051165116427,23.967405319213867,4819200,0.0,0.0
2013-07-10 00:00:00-04:00,24.06653358846437,24.080203517650105,23.225689516203758,23.34532356262207,7129200,0.0,0.0
2013-07-11 00:00:00-04:00,23.755486421097114,24.500622646242306,23.509386000642635,24.442516326904297,7577400,0.0,0.0
2013-07-12 00:00:00-04:00,24.069939369737476,25.361963564584457,23.99474175284904,25.033830642700195,8986800,0.0,0.0
2013-07-15 00:00:00-04:00,25.02357980035641,25.26284520983819,24.722791905664717,24.985980987548828,5185400,0.0,0.0
2013-07-16 00:00:00-04:00,24.43567002484902,24.763802932294798,23.605082706456468,23.902454376220703,10226600,0.0,0.0
2013-07-17 00:00:00-04:00,23.895621064287614,24.216916424802697,23.834095976909197,23.840930938720703,4450000,0.0,0.0
2013-07-18 00:00:00-04:00,23.916129355908108,23.960563128588063,23.24277215705626,23.341896057128906,8348600,0.0,0.0
2013-07-19 00:00:00-04:00,23.536729851045187,23.806756542390445,23.205178057776088,23.78966522216797,6666600,0.0,0.0
2013-07-22 00:00:00-04:00,23.806751391767957,24.00499918927244,23.584577315790096,23.871692657470703,4830600,0.0,0.0
2013-07-23 00:00:00-04:00,23.943474565907533,24.733044378640184,23.902456970112386,24.5313777923584,5396400,0.0,0.0
2013-07-24 00:00:00-04:00,24.55530743906061,24.57239875826154,23.885368929137286,24.059690475463867,5161800,0.0,0.0
2013-07-25 00:00:00-04:00,23.953731260916097,24.668103539826998,23.861442310961152,24.62708854675293,5070800,0.0,0.0
2013-07-26 00:00:00-04:00,24.603163267110517,24.86635237854399,24.401496647794342,24.57923698425293,3327200,0.0,0.0
2013-07-29 00:00:00-04:00,24.606588194147374,24.777491020403264,24.38783278516145,24.688623428344727,3745000,0.0,0.0
2013-07-30 00:00:00-04:00,24.780899634748362,25.15005021379265,24.692029471400122,24.95522117614746,5062800,0.0,0.0
2013-07-31 00:00:00-04:00,24.96889676032598,25.549965158960454,24.73988505726398,25.06460189819336,5845400,0.0,0.0
2013-08-01 00:00:00-04:00,25.245760255464774,25.984058949535346,25.245760255464774,25.666179656982422,6829000,0.0,0.0
2013-08-02 00:00:00-04:00,25.252590731406222,25.351714644559944,24.456185856359323,24.586071014404297,7223200,0.0,0.0
2013-08-05 00:00:00-04:00,24.527960320033298,24.59290158356878,24.210081140770377,24.5040340423584,3975000,0.0,0.0
2013-08-06 00:00:00-04:00,24.504035022850736,25.01674322877272,24.097285678333282,24.309206008911133,7383600,0.0,0.0
2013-08-07 00:00:00-04:00,24.302369515988968,24.712537663562422,24.19982943492228,24.51428985595703,5623200,0.0,0.0
2013-08-08 00:00:00-04:00,24.572396399870975,25.259426163056013,24.531378802387014,24.77747917175293,5427200,0.0,0.0
2013-08-09 00:00:00-04:00,24.85951173929736,25.095355728539037,24.78089533770437,25.033830642700195,4739400,0.0,0.0
2013-08-12 00:00:00-04:00,24.92787735618313,25.201322822731083,24.76380955470051,24.968894958496094,4768800,0.0,0.0
2013-08-13 00:00:00-04:00,25.08510111220849,25.65933435753292,24.955215983394936,25.614900588989258,4176600,0.0,0.0
2013-08-14 00:00:00-04:00,25.556790934815325,25.802891262439562,25.177389305457865,25.18764305114746,6719800,0.0,0.0
2013-08-15 00:00:00-04:00,25.044101204684445,25.04751999168452,24.12464569221483,24.155406951904297,8015000,0.0,0.0
2013-08-16 00:00:00-04:00,24.148559984237366,24.148559984237366,23.526474055680698,23.9263858795166,7379400,0.0,0.0
2013-08-19 00:00:00-04:00,23.91263751574739,24.383738732935893,23.73726368693841,23.744142532348633,6281000,0.21,0.0
2013-08-20 00:00:00-04:00,23.744137948463017,24.645072383471934,23.568764153510536,24.41124153137207,6649400,0.0,0.0
2013-08-21 00:00:00-04:00,24.332143250188874,25.09553197385999,24.153330106234044,24.706958770751953,5060600,0.0,0.0
2013-08-22 00:00:00-04:00,24.854835641000317,26.04462133572852,24.74479773349686,25.74201774597168,7022800,0.0,0.0
2013-08-23 00:00:00-04:00,25.814226622966054,26.333469163318746,25.680118022085146,25.810787200927734,7861400,0.0,0.0
2013-08-26 00:00:00-04:00,25.876122266023053,26.171849587515567,25.686993412681247,25.72481918334961,5875000,0.0,0.0
2013-08-27 00:00:00-04:00,25.40501985268182,25.611343181569595,24.999254661918034,25.136802673339844,6429000,0.0,0.0
2013-08-28 00:00:00-04:00,25.212453252348656,25.635412912277694,25.13336229614696,25.460039138793945,4333400,0.0,0.0
2013-08-29 00:00:00-04:00,25.384389548137136,25.70762699391742,25.171189991035853,25.319053649902344,3831400,0.0,0.0
2013-08-30 00:00:00-04:00,25.422220604589473,25.673245984076146,24.830765846137147,24.933927536010742,4815600,0.0,0.0
2013-09-03 00:00:00-04:00,25.315617715646702,25.635415750459437,25.153998987239905,25.253721237182617,4477400,0.0,0.0
2013-09-04 00:00:00-04:00,25.147119771796174,25.43597087486546,24.995819311626793,25.32937240600586,3637200,0.0,0.0
2013-09-05 00:00:00-04:00,25.367190652765142,25.566635111174236,24.77573874361882,24.792930603027344,4892000,0.0,0.0
2013-09-06 00:00:00-04:00,24.85138136654584,25.006123803172404,24.232419490566866,24.363088607788086,6013600,0.0,0.0
2013-09-09 00:00:00-04:00,24.366532819979803,24.414674221239505,23.843851001289295,23.936697006225586,7774800,0.0,0.0
2013-09-10 00:00:00-04:00,23.88856058241225,23.916070709866865,23.352126214598016,23.41745948791504,8854000,0.0,0.0
2013-09-11 00:00:00-04:00,23.44497062455841,23.513743322645116,22.918851876015335,23.28335189819336,7546800,0.0,0.0
2013-09-12 00:00:00-04:00,23.255845733945367,23.317742222178914,22.91197693787248,23.015138626098633,5362200,0.0,0.0
2013-09-13 00:00:00-04:00,23.149240311229647,23.58251559905625,23.080467622023487,23.345245361328125,5797400,0.0,0.0
2013-09-16 00:00:00-04:00,23.496545497492523,23.572197020297043,23.004813222772746,23.022005081176758,4376600,0.0,0.0
2013-09-17 00:00:00-04:00,22.99793323993748,23.204256518629037,22.544026749133106,22.767541885375977,6658000,0.0,0.0
2013-09-18 00:00:00-04:00,22.774420993947277,22.911966350006676,22.47525433514814,22.78473663330078,8218000,0.0,0.0
2013-09-19 00:00:00-04:00,22.973862799783095,23.228327480104735,22.399602805601976,22.492448806762695,9784000,0.0,0.0
2013-09-20 00:00:00-04:00,22.492452394380386,22.62656097432817,22.138265438007863,22.18297004699707,10416000,0.0,0.0
2013-09-23 00:00:00-04:00,22.16233448303766,22.21047588641587,21.639655264855776,21.660287857055664,7327800,0.0,0.0
2013-09-24 00:00:00-04:00,21.667171436556067,22.2448724086091,21.49523704508068,22.114200592041016,9041000,0.0,0.0
2013-09-25 00:00:00-04:00,22.19328686076822,22.475259098060178,21.8769269654193,22.16921615600586,8645600,0.0,0.0
2013-09-26 00:00:00-04:00,22.162336907738165,22.330834461506328,21.890681628703895,22.05573844909668,6170800,0.0,0.0
2013-09-27 00:00:00-04:00,22.179534161687705,22.5646681024474,22.11419826029276,22.33083724975586,7105400,0.0,0.0
2013-09-30 00:00:00-04:00,21.92162877313713,22.20360099123944,21.67748232044573,22.117633819580078,9147800,0.0,0.0
2013-10-01 00:00:00-04:00,22.05917747040228,22.265498164210346,21.794398415903775,22.107318878173828,6648800,0.0,0.0
2013-10-02 00:00:00-04:00,21.993847706089845,22.674709071213226,21.993847706089845,22.468385696411133,8029400,0.0,0.0
2013-10-03 00:00:00-04:00,22.35147009407325,22.561230254067702,22.213922061099925,22.430561065673828,5098200,0.0,0.0
2013-10-04 00:00:00-04:00,22.296449831479713,22.605932249792062,22.06949780705767,22.430561065673828,5138200,0.0,0.0
2013-10-07 00:00:00-04:00,22.303324706707183,22.39273130575461,21.718747638241393,21.980087280273438,5025400,0.0,0.0
2013-10-08 00:00:00-04:00,21.966331828473017,22.00071817205718,21.491792678833008,21.491792678833008,6700600,0.0,0.0
2013-10-09 00:00:00-04:00,21.50211362930798,21.50211362930798,21.086032735119577,21.354249954223633,7422000,0.0,0.0
2013-10-10 00:00:00-04:00,21.79439961699166,22.664388361647475,21.667167247435106,22.458065032958984,8428400,0.0,0.0
2013-10-11 00:00:00-04:00,22.454630551824682,23.345249360093593,22.361784519632018,23.125173568725586,8977200,0.0,0.0
2013-10-14 00:00:00-04:00,22.87414772592064,23.169875056021368,22.65751136138605,23.104541778564453,4481800,0.0,0.0
2013-10-15 00:00:00-04:00,23.28334893630761,23.771641851733946,23.218013044979465,23.534374237060547,9239200,0.0,0.0
2013-10-16 00:00:00-04:00,23.85073666834118,23.85073666834118,23.45528708182784,23.709749221801758,6075200,0.0,0.0
2013-10-17 00:00:00-04:00,23.64097146961945,24.204915888250316,23.56188051981314,24.13270378112793,6378600,0.0,0.0
2013-10-18 00:00:00-04:00,24.304634606349076,24.325265884399414,24.032978076812146,24.325265884399414,5053200,0.0,0.0
2013-10-21 00:00:00-04:00,24.411239117047884,24.603807379650217,24.218673477955623,24.390607833862305,4219200,0.0,0.0
2013-10-22 00:00:00-04:00,24.548782730687826,25.171184148097506,24.548782730687826,24.930477142333984,7307200,0.0,0.0
2013-10-23 00:00:00-04:00,24.861717861695254,25.84174351839041,24.75167993925073,24.78950309753418,10102400,0.0,0.0
2013-10-24 00:00:00-04:00,24.758548344798367,24.758548344798367,23.737257805813805,23.79915428161621,10597800,0.0,0.0
2013-10-25 00:00:00-04:00,23.87136696199051,24.163654862135598,23.527498226876236,24.03298568725586,6272800,0.0,0.0
2013-10-28 00:00:00-04:00,24.201479597471987,24.961429154740536,24.17397209370748,24.48345184326172,5972400,0.0,0.0
2013-10-29 00:00:00-04:00,24.507523081264406,24.91672770695821,24.273692241369403,24.352783203125,3768000,0.0,0.0
2013-10-30 00:00:00-04:00,24.407808689379078,24.957998247179813,24.07425553209998,24.933927536010742,7796200,0.0,0.0
2013-10-31 00:00:00-04:00,24.882337192533118,25.79015027223501,24.614120049463434,24.641630172729492,9671400,0.0,0.0
2013-11-01 00:00:00-04:00,24.703523094590928,24.77573782135172,24.122386847424238,24.366533279418945,7031600,0.0,0.0
2013-11-04 00:00:00-05:00,24.404357370587736,24.676013906222636,24.132700834952836,24.65194320678711,4843800,0.0,0.0
2013-11-05 00:00:00-05:00,24.483447285830348,24.58316951100569,24.218669574751413,24.318391799926758,5071600,0.0,0.0
2013-11-06 00:00:00-05:00,24.48001151471477,24.74478923689664,24.112072141885037,24.208354949951172,5263000,0.0,0.0
2013-11-07 00:00:00-05:00,24.09143564503657,24.442183120685616,23.857604869107032,24.21866798400879,8184800,0.0,0.0
2013-11-08 00:00:00-05:00,24.20835912519107,24.717283376603813,23.998598989936696,24.638195037841797,5051400,0.0,0.0
2013-11-11 00:00:00-05:00,24.64162951585803,24.84451076664006,24.34590225740548,24.827316284179688,3816200,0.0,0.0
2013-11-12 00:00:00-05:00,24.86170714938355,25.590707087653367,24.775739977530236,25.449722290039062,6765200,0.0,0.0
2013-11-13 00:00:00-05:00,25.360313212049324,25.84860607069325,25.18493946406805,25.824535369873047,5727200,0.0,0.0
2013-11-14 00:00:00-05:00,25.92082085335303,27.30317445341832,25.92082085335303,27.11748504638672,13853000,0.0,0.0
2013-11-15 00:00:00-05:00,27.13469002008532,27.337571365905546,26.73236150422823,27.11061668395996,9410800,0.0,0.0
2013-11-18 00:00:00-05:00,27.221226404214335,27.40099722483727,26.68537705874387,26.768346786499023,6683200,0.21,0.0
2013-11-19 00:00:00-05:00,26.78564511799436,27.57040662891102,26.52636229703281,27.25235366821289,10812800,0.0,0.0
2013-11-20 00:00:00-05:00,27.314576141773372,27.366433223019072,26.567840501980985,26.75798225402832,5748000,0.0,0.0
2013-11-21 00:00:00-05:00,26.695748721036185,27.300741721855875,26.55746407905108,27.235055923461914,5360400,0.0,0.0
2013-11-22 00:00:00-05:00,27.414833722199816,27.805485495425813,27.407918037683483,27.743257522583008,6741200,0.0,0.0
2013-11-25 00:00:00-05:00,27.8469678692099,28.382817293029763,27.566940711056855,28.27219009399414,9178400,0.0,0.0
2013-11-26 00:00:00-05:00,28.413944385519958,28.804596267265527,28.185774209192434,28.192689895629883,9426600,0.0,0.0
2013-11-27 00:00:00-05:00,28.19268907066911,29.610101429289767,28.19268907066911,29.15721893310547,11929200,0.0,0.0
2013-11-29 00:00:00-05:00,29.260936397245,29.260936397245,28.56260235043919,28.60408592224121,3893800,0.0,0.0
2013-12-02 00:00:00-05:00,28.984362799829274,30.505489304080328,28.839165044155312,30.218551635742188,12023200,0.0,0.0
2013-12-03 00:00:00-05:00,30.049155092324522,30.52277941211497,29.865928955033546,30.073354721069336,9649200,0.0,0.0
2013-12-04 00:00:00-05:00,29.070795059792925,29.675788442718236,28.4312311539271,28.783857345581055,14658200,0.0,0.0
2013-12-05 00:00:00-05:00,29.202155328156344,29.52366607723302,28.631732691076976,28.98781394958496,10253600,0.0,0.0
2013-12-06 00:00:00-05:00,29.281676041252197,30.71983287659123,29.267849943370734,30.145952224731445,12492600,0.0,0.0
2013-12-09 00:00:00-05:00,30.34299622982808,30.702535309990015,29.53057743562056,29.57552146911621,12114400,0.0,0.0
2013-12-10 00:00:00-05:00,29.49947716009464,30.44326533404948,28.776940854288565,30.25312614440918,10819000,0.0,0.0
2013-12-11 00:00:00-05:00,30.145942743546197,30.246199065805616,29.440695920688157,29.724178314208984,6899400,0.0,0.0
2013-12-12 00:00:00-05:00,29.76912865124326,30.021495816194317,29.195248007547985,29.62738609313965,6871000,0.0,0.0
2013-12-13 00:00:00-05:00,29.661953525534496,29.734552393395553,28.87373159398365,29.457983016967773,7480600,0.0,0.0
2013-12-16 00:00:00-05:00,29.537491986278916,30.197797357276876,29.537491986278916,29.852087020874023,9189200,0.0,0.0
2013-12-17 00:00:00-05:00,29.845175600853953,30.069887859271866,29.516749180839863,29.762203216552734,5612200,0.0,0.0
2013-12-18 00:00:00-05:00,29.893570663451804,30.508934587802358,29.53403162772287,30.221994400024414,7972000,0.0,0.0
2013-12-19 00:00:00-05:00,30.125206316288903,30.35337646352112,29.561699271325192,29.630840301513672,6993000,0.0,0.0
2013-12-20 00:00:00-05:00,29.55823042773134,30.44670578654787,29.540943857837217,30.16668128967285,11507400,0.0,0.0
2013-12-23 00:00:00-05:00,30.488195453491393,31.096643747357092,30.367194725534855,30.688705444335938,4906600,0.0,0.0
2013-12-24 00:00:00-05:00,30.671426500604223,30.89959398853906,30.4432563751084,30.889223098754883,1793400,0.0,0.0
2013-12-26 00:00:00-05:00,30.816616093336613,31.048241362542345,30.744017246461397,30.95490074157715,2618400,0.0,0.0
2013-12-27 00:00:00-05:00,31.072458070407418,31.072458070407418,30.343008721306667,30.813175201416016,3128800,0.0,0.0
2013-12-30 00:00:00-05:00,30.79588391689918,30.930710765623918,30.24620299416201,30.59537124633789,3245200,0.0,0.0
2013-12-31 00:00:00-05:00,30.830454459093637,31.788071133949654,30.813167883574916,31.712017059326172,6417400,0.0,0.0
2014-01-02 00:00:00-05:00,31.62903996896522,31.743125020314793,30.70945178664498,30.93416404724121,6062800,0.0,0.0
2014-01-03 00:00:00-05:00,31.041341967891768,31.20036846015638,30.346463217131745,30.512405395507812,4357400,0.0,0.0
2014-01-06 00:00:00-05:00,30.61611356748629,31.117395252740728,30.46745798324686,30.667970657348633,4191600,0.0,0.0
2014-01-07 00:00:00-05:00,30.678324062038925,30.9237780007537,29.90739175154428,30.76820945739746,7553600,0.0,0.0
2014-01-08 00:00:00-05:00,30.851193556815712,30.851193556815712,30.118289239631622,30.657596588134766,8400400,0.0,0.0
2014-01-09 00:00:00-05:00,30.778607065380932,31.756968466556152,30.667979804872346,31.473485946655273,10654000,0.0,0.0
2014-01-10 00:00:00-05:00,31.459648768578667,31.756959945967935,30.85119768025165,31.449277877807617,5297800,0.0,0.0
2014-01-13 00:00:00-05:00,31.449270386514325,31.65323822325601,30.301512151001518,30.477825164794922,6903000,0.0,0.0
2014-01-14 00:00:00-05:00,30.90305939460417,31.26605645126088,30.560806760154062,30.80280303955078,6102000,0.0,0.0
2014-01-15 00:00:00-05:00,30.972191544087615,30.97910722869177,29.375011283441008,29.9558048248291,11636600,0.0,0.0
2014-01-16 00:00:00-05:00,29.824440954666983,30.007669718509554,29.274762575823935,29.62738609313965,7891600,0.0,0.0
2014-01-17 00:00:00-05:00,29.55823060757822,29.95579797951969,29.395746344801776,29.482173919677734,7060200,0.0,0.0
2014-01-21 00:00:00-05:00,29.8279015608196,30.256581842917832,29.668875047098673,29.84518814086914,5157400,0.0,0.0
2014-01-22 00:00:00-05:00,29.997289105121965,30.045690985834884,29.205614640324075,29.585895538330078,5239000,0.0,0.0
2014-01-23 00:00:00-05:00,29.820975129772748,30.028400809480114,28.960154470768206,29.537492752075195,8390800,0.0,0.0
2014-01-24 00:00:00-05:00,29.157215517074896,29.212530450228957,28.365540977406557,28.68705177307129,5447800,0.0,0.0
2014-01-27 00:00:00-05:00,28.687041650774045,29.036207152250668,28.130447860722484,28.866809844970703,8472600,0.0,0.0
2014-01-28 00:00:00-05:00,28.811503365362793,28.873731342639296,28.348252697074045,28.75273323059082,5305600,0.0,0.0
2014-01-29 00:00:00-05:00,29.171040080608662,30.491653588937695,28.351708191479894,29.910860061645508,15525800,0.0,0.0
2014-01-30 00:00:00-05:00,30.374110703384172,30.747478503844302,29.65503256269664,30.24965476989746,6661800,0.0,0.0
2014-01-31 00:00:00-05:00,29.986926999944455,30.68526366295656,29.800243019858893,30.094099044799805,8399200,0.0,0.0
2014-02-03 00:00:00-05:00,30.104467492638598,30.11138054131219,28.8944808825251,29.15721893310547,9162400,0.0,0.0
2014-02-04 00:00:00-05:00,29.25056387823356,29.27130566298152,28.071689877240615,28.780397415161133,10087200,0.0,0.0
2014-02-05 00:00:00-05:00,28.55567394954389,28.673216838293317,27.89191072062203,28.45541763305664,10008800,0.0,0.0
2014-02-06 00:00:00-05:00,28.462335964032174,28.859903424991085,28.227252802230797,28.808046340942383,5257800,0.0,0.0
2014-02-07 00:00:00-05:00,28.95324606368589,29.56515231250499,28.887560243521875,29.202157974243164,5116800,0.0,0.0
2014-02-10 00:00:00-05:00,29.19869987434774,29.21252860676359,28.358623502402274,28.52802085876465,6327000,0.0,0.0
2014-02-11 00:00:00-05:00,28.52109670786112,29.350801866874534,28.469239640880282,29.198688507080078,7002800,0.0,0.0
2014-02-12 00:00:00-05:00,29.240183961844593,29.599723066032,28.991272071440942,29.10881233215332,5166200,0.0,0.0
2014-02-13 00:00:00-05:00,29.022385919750487,29.679236182248644,29.005101982945312,29.585895538330078,6113400,0.0,0.0
2014-02-14 00:00:00-05:00,29.728336800336432,30.801851805378384,29.488619317055665,30.471805572509766,5999600,0.21,0.0
2014-02-18 00:00:00-05:00,30.56907734291307,30.96860554432851,30.235558909286038,30.468326568603516,5360000,0.0,0.0
2014-02-19 00:00:00-05:00,30.395375674927006,30.951239840976548,30.16260796954523,30.23208999633789,6390000,0.0,0.0
2014-02-20 00:00:00-05:00,30.357158633389602,30.829643819561134,30.013218107619068,30.555185317993164,5420800,0.0,0.0
2014-02-21 00:00:00-05:00,30.54475398414322,30.742780608483987,30.28419249682282,30.33283042907715,4939600,0.0,0.0
2014-02-24 00:00:00-05:00,30.5760342718409,31.107579482341446,30.5760342718409,30.61425018310547,5835800,0.0,0.0
2014-02-25 00:00:00-05:00,30.617721744292083,31.642598881672974,30.47528279232173,31.22917366027832,9419000,0.0,0.0
2014-02-26 00:00:00-05:00,31.173587308994545,31.587009863119874,30.416221575074946,30.586454391479492,6570400,0.0,0.0
2014-02-27 00:00:00-05:00,30.572549103516693,30.572549103516693,28.96054218101312,29.235000610351562,14367600,0.0,0.0
2014-02-28 00:00:00-05:00,29.179409321266576,29.589359467470786,29.01959860672165,29.182884216308594,6485800,0.0,0.0
2014-03-03 00:00:00-05:00,29.09952113630738,29.70054842803746,28.790321573391264,28.96402931213379,6215200,0.0,0.0
2014-03-04 00:00:00-05:00,29.217630983023312,29.499039224478377,28.800733615001562,29.422607421875,7198400,0.0,0.0
2014-03-05 00:00:00-05:00,29.255851156397615,30.141761506019527,29.217635249515464,29.94025993347168,6024200,0.0,0.0
2014-03-06 00:00:00-05:00,30.05490126949804,31.267380042312954,30.05490126949804,31.08672523498535,9341000,0.0,0.0
2014-03-07 00:00:00-05:00,31.267379760742188,31.475828429033413,30.985974191077467,31.267379760742188,8229800,0.0,0.0
2014-03-10 00:00:00-04:00,31.26738790746017,31.930952634213984,31.218749960538553,31.642597198486328,8210000,0.0,0.0
2014-03-11 00:00:00-04:00,31.698181452861437,31.868416913173533,31.190955269343487,31.715553283691406,7221600,0.0,0.0
2014-03-12 00:00:00-04:00,31.67734173513184,32.89329584460631,31.656497655723125,32.83076095581055,10844000,0.0,0.0
2014-03-13 00:00:00-04:00,32.78560114723584,32.84118624802062,32.007388531689905,32.15330505371094,8558800,0.0,0.0
2014-03-14 00:00:00-04:00,32.1428718876269,32.89329042964044,32.104658631858214,32.65010070800781,6533400,0.0,0.0
2014-03-17 00:00:00-04:00,32.75431300500516,32.962761648178066,32.41731975076761,32.50764846801758,7592200,0.0,0.0
2014-03-18 00:00:00-04:00,32.51459755197049,32.886334477774255,32.226244859445345,32.7056770324707,6144000,0.0,0.0
2014-03-19 00:00:00-04:00,32.618821932452846,32.6570378270619,31.708592902642895,31.840612411499023,5648400,0.0,0.0
2014-03-20 00:00:00-04:00,31.788508580848006,32.15676805065167,31.52447213900074,31.930950164794922,5188400,0.0,0.0
2014-03-21 00:00:00-04:00,32.194987860883586,32.51113718033819,31.378562115309578,31.50710678100586,9785400,0.0,0.0
2014-03-24 00:00:00-04:00,31.611335123222872,31.90663776362846,30.944298009480157,31.13190269470215,7325000,0.0,0.0
2014-03-25 00:00:00-04:00,31.27433612689346,31.871891096021308,31.26391408798974,31.489734649658203,5048400,0.0,0.0
2014-03-26 00:00:00-04:00,31.56270053890031,31.81631504340523,30.923457232561034,30.954723358154297,5223400,0.0,0.0
2014-03-27 00:00:00-04:00,30.83659257217833,30.89912745207901,30.13481195878522,30.325891494750977,6870400,0.0,0.0
2014-03-28 00:00:00-04:00,30.489173577232616,30.70456941001328,30.27030019802785,30.457904815673828,4366200,0.0,0.0
2014-03-31 00:00:00-04:00,30.572553095685528,30.725416709346025,30.15565570460831,30.23903465270996,5580000,0.0,0.0
2014-04-01 00:00:00-04:00,30.27724632020721,31.12841281231172,30.249452457872152,31.107568740844727,8849800,0.0,0.0
2014-04-02 00:00:00-04:00,30.798369767890332,30.798369767890332,30.13828010577688,30.28072166442871,7907800,0.0,0.0
2014-04-03 00:00:00-04:00,30.41969438213764,30.492651304799864,30.25293645907238,30.284202575683594,5124400,0.0,0.0
2014-04-04 00:00:00-04:00,30.530863647164512,30.70804623896767,30.04795646508278,30.25988006591797,5920600,0.0,0.0
2014-04-07 00:00:00-04:00,30.152173862847313,30.2668215466825,29.23847258842225,29.558094024658203,5032000,0.0,0.0
2014-04-08 00:00:00-04:00,29.596313690089566,29.700536701844513,28.769463483762692,29.148147583007812,7488200,0.0,0.0
2014-04-09 00:00:00-04:00,29.14814952137466,30.006265893122585,28.939700833434124,29.571996688842773,6291400,0.0,0.0
2014-04-10 00:00:00-04:00,29.51641603080466,30.134815101781733,29.162053441454365,29.367027282714844,6598400,0.0,0.0
2014-04-11 00:00:00-04:00,29.301016225961323,29.60674350210338,28.717360845477895,28.93623161315918,7891400,0.0,0.0
2014-04-14 00:00:00-04:00,29.162047768191794,29.47471948890897,28.94317438300698,29.380918502807617,5615200,0.0,0.0
2014-04-15 00:00:00-04:00,29.460817220373745,30.103534967338756,29.394807468059494,30.07921600341797,7725000,0.0,0.0
2014-04-16 00:00:00-04:00,30.284193669110813,30.895645391850906,30.027107067162156,30.84353256225586,6155400,0.0,0.0
2014-04-17 00:00:00-04:00,30.760156410077176,31.41329633516962,30.732362545034384,31.236116409301758,5593800,0.0,0.0
2014-04-21 00:00:00-04:00,30.87827686104941,31.454987642473274,30.78100098239211,31.316020965576172,3252200,0.0,0.0
2014-04-22 00:00:00-04:00,31.10061978830952,31.708596627792087,30.503067635410048,31.40287208557129,6409800,0.0,0.0
2014-04-23 00:00:00-04:00,31.399404770192817,31.77808895707033,31.371613550968135,31.559215545654297,4273800,0.0,0.0
2014-04-24 00:00:00-04:00,31.62522397609044,31.8058814714835,31.21874858730985,31.524473190307617,4380400,0.0,0.0
2014-04-25 00:00:00-04:00,31.43763542608819,31.840638775444248,31.42373848467206,31.52101707458496,4442400,0.0,0.0
2014-04-28 00:00:00-04:00,31.64607040191574,32.709163425326295,31.316026802021863,32.28184127807617,7105600,0.0,0.0
2014-04-29 00:00:00-04:00,32.559776838215136,32.86202658743627,32.33395626254872,32.441654205322266,4785400,0.0,0.0
2014-04-30 00:00:00-04:00,32.417336626830306,32.75433005650245,32.240156645708204,32.292266845703125,9770800,0.0,0.0
2014-05-01 00:00:00-04:00,30.919959107917236,33.79655712667526,30.826158151030853,33.15731430053711,11076200,0.0,0.0
2014-05-02 00:00:00-04:00,33.22332385864216,33.699283769174286,32.802951667837156,33.2650146484375,5491600,0.0,0.0
2014-05-05 00:00:00-04:00,33.12258393152661,33.60896603585191,32.806437286585165,33.28586959838867,6481600,0.0,0.0
2014-05-06 00:00:00-04:00,33.20943187769395,33.94247847478423,33.119105795529215,33.591590881347656,7757400,0.0,0.0
2014-05-07 00:00:00-04:00,33.51516312173605,33.633283082148694,32.88286721749952,33.073944091796875,5786000,0.0,0.0
2014-05-08 00:00:00-04:00,33.073933256269335,33.39702956937548,32.07337821434458,32.236663818359375,6225000,0.0,0.0
2014-05-09 00:00:00-04:00,32.37216820041164,32.37216820041164,31.510576812288623,31.715553283691406,4853400,0.0,0.0
2014-05-12 00:00:00-04:00,31.95179280870805,32.3652179576153,31.816301023036914,31.969161987304688,4840800,0.0,0.0
2014-05-13 00:00:00-04:00,32.132457031146515,32.50419148904888,29.89162824341438,31.87884521484375,5439600,0.0,0.0
2014-05-14 00:00:00-04:00,31.847566348319084,32.30962942679582,31.24306434636414,31.89967918395996,5395400,0.0,0.0
2014-05-15 00:00:00-04:00,31.680807350063954,31.69122938671487,30.96512991006473,31.232641220092773,5937400,0.0,0.0
2014-05-16 00:00:00-04:00,31.21527818652344,31.281287971335214,30.76711193028634,30.937347412109375,4317600,0.0,0.0
2014-05-19 00:00:00-04:00,30.818672923129828,31.268963056484935,30.752350315410098,31.02461814880371,4882200,0.21,0.0
2014-05-20 00:00:00-04:00,30.93384345437781,31.52724717633687,30.836103958279494,30.937332153320312,4671600,0.0,0.0
2014-05-21 00:00:00-04:00,30.99668692039496,31.171217809218962,30.267146420283016,30.609228134155273,5646400,0.0,0.0
2014-05-22 00:00:00-04:00,30.56035915957311,31.36319963613189,30.288088740778424,30.336959838867188,7462200,0.0,0.0
2014-05-23 00:00:00-04:00,30.32300224952526,30.5743245310795,30.089128798530652,30.417247772216797,4626000,0.0,0.0
2014-05-27 00:00:00-04:00,30.438179427188587,30.623184366751648,30.21129145081042,30.350914001464844,5095000,0.0,0.0
2014-05-28 00:00:00-04:00,30.49753761291504,31.125847403127867,30.357912327379694,30.49753761291504,7548400,0.0,0.0
2014-05-29 00:00:00-04:00,30.874507575307444,31.40857423540076,30.378840579980363,31.349231719970703,5173200,0.0,0.0
2014-05-30 00:00:00-04:00,31.24450790782468,31.415547364466224,30.979220317737525,31.202619552612305,4274200,0.0,0.0
2014-06-02 00:00:00-04:00,31.370171746572833,31.426020226284,30.944316103367782,31.317811965942383,3391800,0.0,0.0
2014-06-03 00:00:00-04:00,31.33177532784791,31.349226812959618,30.717426060952704,30.74884033203125,4737400,0.0,0.0
2014-06-04 00:00:00-04:00,30.717428372802246,31.05601863437587,30.45563210826132,30.661577224731445,5623800,0.0,0.0
2014-06-05 00:00:00-04:00,30.759317726929005,30.982717000166097,30.441670304061933,30.682523727416992,8724600,0.0,0.0
2014-06-06 00:00:00-04:00,30.853570313256867,30.853570313256867,30.316014856103337,30.609228134155273,4150400,0.0,0.0
2014-06-09 00:00:00-04:00,30.53242866009208,30.93035880244071,30.35789780246094,30.54290008544922,4777200,0.0,0.0
2014-06-10 00:00:00-04:00,30.542887630925712,30.56034177482334,29.726084828583186,29.911087036132812,8261200,0.0,0.0
2014-06-11 00:00:00-04:00,29.705139323280346,29.98438964687162,29.673725060018764,29.911087036132812,4279000,0.0,0.0
2014-06-12 00:00:00-04:00,30.05770500527858,30.312518570229887,29.61788649118739,30.246198654174805,8324400,0.0,0.0
2014-06-13 00:00:00-04:00,30.302056063109177,30.424229831908125,30.071676644295625,30.165922164916992,4127400,0.0,0.0
2014-06-16 00:00:00-04:00,30.155441278504664,30.263649557711734,29.928550631635087,29.97393035888672,3916200,0.0,0.0
2014-06-17 00:00:00-04:00,29.928548499605903,30.25317597723106,29.61090374712028,30.22176170349121,7714600,0.0,0.0
2014-06-18 00:00:00-04:00,30.242699342871415,31.024596646655908,29.942506128688915,30.94082260131836,6750000,0.0,0.0
2014-06-19 00:00:00-04:00,31.056020657318527,31.32828836407551,30.982718018047763,31.28291130065918,5882600,0.0,0.0
2014-06-20 00:00:00-04:00,31.405087114574073,31.488861191674555,31.063005416458097,31.2794246673584,7134000,0.0,0.0
2014-06-23 00:00:00-04:00,31.345735896900305,31.471398298585292,30.979220114797606,31.059505462646484,3866200,0.0,0.0
2014-06-24 00:00:00-04:00,31.087445079261347,31.19565605523326,30.127525066780734,30.176393508911133,6239800,0.0,0.0
2014-06-25 00:00:00-04:00,28.186736718992922,28.65796955566281,27.21285410287257,28.263530731201172,27575000,0.0,0.0
2014-06-26 00:00:00-04:00,28.15182826894884,28.497398626297475,27.956351894693498,28.24956512451172,9658200,0.0,0.0
2014-06-27 00:00:00-04:00,28.28447339071132,28.36126740239396,27.631729617668544,27.715503692626953,14643600,0.0,0.0
2014-06-30 00:00:00-04:00,27.698038211153932,27.75737804568221,27.2058627260536,27.251239776611328,7769600,0.0,0.0
2014-07-01 00:00:00-04:00,27.321062567053186,27.565407394996022,27.18143999466284,27.43974494934082,5785400,0.0,0.0
2014-07-02 00:00:00-04:00,27.317578208436615,28.043624754896406,27.29314398807206,27.883056640625,6280200,0.0,0.0
2014-07-03 00:00:00-04:00,27.928432834399924,28.274003239427657,27.76088201379651,28.239097595214844,4323400,0.0,0.0
2014-07-07 00:00:00-04:00,28.078525210965587,28.273998919193126,27.603801065444824,27.73993492126465,5309400,0.0,0.0
2014-07-08 00:00:00-04:00,27.778336667066764,27.8097509484843,27.157007134262187,27.167478561401367,6528800,0.0,0.0
2014-07-09 00:00:00-04:00,27.254741509376977,27.443235170012,26.940585408318608,27.258230209350586,5026800,0.0,0.0
2014-07-10 00:00:00-04:00,26.97548667045604,27.188414511985936,26.780012978479473,27.02086639404297,6558600,0.0,0.0
2014-07-11 00:00:00-04:00,27.47813772385549,27.774839639185537,27.20237865853267,27.527006149291992,5679600,0.0,0.0
2014-07-14 00:00:00-04:00,27.65266216867461,27.677096375731633,27.14652121802361,27.254732131958008,4876800,0.0,0.0
2014-07-15 00:00:00-04:00,27.038323547173974,27.79927828873033,26.96502089731995,27.58285903930664,6494600,0.0,0.0
2014-07-16 00:00:00-04:00,27.656161608225478,27.809746956101296,27.226814515246485,27.376911163330078,5106600,0.0,0.0
2014-07-17 00:00:00-04:00,27.23379256776557,27.418797505152614,26.75557974482703,26.790485382080078,5251400,0.0,0.0
2014-07-18 00:00:00-04:00,26.989452193046237,27.111623262914502,26.800958543908237,26.846338272094727,5385800,0.0,0.0
2014-07-21 00:00:00-04:00,26.89520923302466,26.93709493913594,26.47633353000299,26.50425910949707,5123200,0.0,0.0
2014-07-22 00:00:00-04:00,26.661332244480533,26.877751461730167,26.416990114625687,26.455387115478516,5201600,0.0,0.0
2014-07-23 00:00:00-04:00,26.629917564646107,26.989450691598517,26.483312288959976,26.74161720275879,4275000,0.0,0.0
2014-07-24 00:00:00-04:00,26.814909980326597,27.307088077457482,26.790475776697093,27.0278377532959,5539800,0.0,0.0
2014-07-25 00:00:00-04:00,27.052280623843284,27.460682156690915,26.933600929085916,27.42926788330078,6114600,0.0,0.0
2014-07-28 00:00:00-04:00,27.516539415138954,27.698050360113207,27.101155064987044,27.153514862060547,5551600,0.0,0.0
2014-07-29 00:00:00-04:00,27.40483657188858,28.095977290902844,27.352476780901537,27.79578399658203,8096600,0.0,0.0
2014-07-30 00:00:00-04:00,27.778329913874632,27.970312245390062,27.387379862565883,27.568893432617188,6335200,0.0,0.0
2014-07-31 00:00:00-04:00,28.399661436142424,29.663265807204276,28.371735859702156,29.139673233032227,15821400,0.0,0.0
2014-08-01 00:00:00-04:00,29.21297562932444,30.050721610484043,28.91278234292809,29.17108726501465,13103200,0.0,0.0
2014-08-04 00:00:00-04:00,29.146654446870258,29.628358675409224,28.898820938214946,29.485244750976562,6394000,0.0,0.0
2014-08-05 00:00:00-04:00,29.160616253893306,29.94949648259039,29.06985946149782,29.68071746826172,7867000,0.0,0.0
2014-08-06 00:00:00-04:00,29.555054143199666,30.480068200961142,29.555054143199666,30.281103134155273,7819200,0.0,0.0
2014-08-07 00:00:00-04:00,30.403278455457006,30.563846543855224,29.897139973835007,30.1938419342041,4041200,0.0,0.0
2014-08-08 00:00:00-04:00,30.31251807507394,30.612711363249858,30.08563009065709,30.54290008544922,3274400,0.0,0.0
2014-08-11 00:00:00-04:00,30.69648868231362,30.836111240598267,30.329972808992444,30.399784088134766,3574400,0.0,0.0
2014-08-12 00:00:00-04:00,30.368377477096615,30.53941701836011,30.043749887195542,30.218280792236328,3156600,0.0,0.0
2014-08-13 00:00:00-04:00,30.375346566041753,30.630162767106253,29.907605187843277,30.518463134765625,4500000,0.0,0.0
2014-08-14 00:00:00-04:00,30.630167067515206,31.1747025187362,30.567335849056654,31.035079956054688,4561600,0.0,0.0
2014-08-15 00:00:00-04:00,31.150269881994646,31.22706389323759,30.70696263045103,31.09442138671875,6883400,0.0,0.0
2014-08-18 00:00:00-04:00,31.108466254075807,31.64905601967222,31.108466254075807,31.624481201171875,5004400,0.25,0.0
2014-08-19 00:00:00-04:00,31.620958376661896,32.20718108443183,31.603405708076195,32.15452575683594,4185800,0.0,0.0
2014-08-20 00:00:00-04:00,32.052733245478144,32.27037406443562,31.856156169104814,32.049224853515625,3996000,0.0,0.0
2014-08-21 00:00:00-04:00,32.08433514584039,32.08433514584039,31.564806448596535,31.613950729370117,4766000,0.0,0.0
2014-08-22 00:00:00-04:00,31.631495772364282,31.835094988241575,31.3576912232281,31.743825912475586,4416400,0.0,0.0
2014-08-25 00:00:00-04:00,31.803500770435146,31.986038922293556,31.680640097931484,31.799989700317383,3758600,0.0,0.0
2014-08-26 00:00:00-04:00,31.807011783673303,31.873708724982503,31.32960801865983,31.743825912475586,3747800,0.0,0.0
2014-08-27 00:00:00-04:00,31.835100084818063,31.85265008186152,31.487576398513607,31.659584045410156,4036400,0.0,0.0
2014-08-28 00:00:00-04:00,31.522675992659575,31.91934120514915,31.522675992659575,31.86668586730957,2681800,0.0,0.0
2014-08-29 00:00:00-04:00,31.761383087128173,32.01412392958391,31.656072394149987,31.947429656982422,3281200,0.0,0.0
2014-09-02 00:00:00-04:00,31.856148684758384,32.03166465547331,31.031224158030483,31.420869827270508,5939200,0.0,0.0
2014-09-03 00:00:00-04:00,31.5823568400832,31.821058762924626,31.403329728411574,31.740320205688477,5477600,0.0,0.0
2014-09-04 00:00:00-04:00,31.708727446363863,32.16155913690805,31.529700341227286,31.933387756347656,6374400,0.0,0.0
2014-09-05 00:00:00-04:00,31.880726881022785,32.165061950683594,31.64553607826232,32.165061950683594,4692600,0.0,0.0
2014-09-08 00:00:00-04:00,32.087829206211225,32.60735494987861,31.957946431213866,32.43183898925781,4197400,0.0,0.0
2014-09-09 00:00:00-04:00,32.30548581853731,32.470471344686594,31.933392625545352,32.1966667175293,5835800,0.0,0.0
2014-09-10 00:00:00-04:00,32.19314647292079,32.22824913955023,31.164622539523464,31.743825912475586,9845800,0.0,0.0
2014-09-11 00:00:00-04:00,31.568313465363623,31.905303923745183,31.066337509218137,31.206750869750977,9593600,0.0,0.0
2014-09-12 00:00:00-04:00,31.189205297411082,31.241860654371216,30.353749763151864,30.490652084350586,8177200,0.0,0.0
2014-09-15 00:00:00-04:00,30.423940737800596,31.143557360353352,30.090461431638943,31.076860427856445,8076400,0.0,0.0
2014-09-16 00:00:00-04:00,30.922410012605024,31.540227130803377,30.876776813174704,30.954004287719727,5515600,0.0,0.0
2014-09-17 00:00:00-04:00,31.11548864487613,31.14006078752556,30.38183275851268,30.9575252532959,7038400,0.0,0.0
2014-09-18 00:00:00-04:00,31.013679701012517,31.206748391181115,30.37480150558445,30.655628204345703,5808400,0.0,0.0
2014-09-19 00:00:00-04:00,30.785507554753952,31.192705989714973,30.73636328545339,31.115478515625,7755200,0.0,0.0
2014-09-22 00:00:00-04:00,30.985608923217153,31.115491792166008,30.188767063989594,30.21685028076172,5316800,0.0,0.0
2014-09-23 00:00:00-04:00,30.223849968133003,30.725825757261592,29.70783257980683,29.732404708862305,9688800,0.0,0.0
2014-09-24 00:00:00-04:00,29.62711505592659,29.785078457814674,29.12162788482415,29.658706665039062,7517400,0.0,0.0
2014-09-25 00:00:00-04:00,29.60252505039432,29.704324637494224,29.29712628909461,29.584972381591797,5772400,0.0,0.0
2014-09-26 00:00:00-04:00,29.556900214459915,30.048345664581852,29.521797541914545,29.841238021850586,4074400,0.0,0.0
2014-09-29 00:00:00-04:00,29.623584747314453,29.99216934991728,29.409455052950694,29.623584747314453,5058200,0.0,0.0
2014-09-30 00:00:00-04:00,29.651672724783353,29.936007780639947,29.458604058361246,29.721878051757812,5853600,0.0,0.0
2014-10-01 00:00:00-04:00,29.81316394494507,29.851777700021856,28.88643917942841,28.93909454345703,5749600,0.0,0.0
2014-10-02 00:00:00-04:00,28.93556509444347,29.135653208144028,28.166804231096467,28.41603660583496,8016600,0.0,0.0
2014-10-03 00:00:00-04:00,28.50731320803304,28.51082427851064,28.04746206746418,28.370410919189453,10040600,0.0,0.0
2014-10-06 00:00:00-04:00,28.39849972717891,28.67581543003335,27.784193502392675,28.391477584838867,5227600,0.0,0.0
2014-10-07 00:00:00-04:00,28.32477771562895,29.04439183013665,28.32477771562895,28.370410919189453,7017600,0.0,0.0
2014-10-08 00:00:00-04:00,28.49326320281279,29.61305599856252,28.205417106251073,29.577953338623047,7957000,0.0,0.0
2014-10-09 00:00:00-04:00,29.500725415091257,29.80963256711773,28.577512350237605,28.714414596557617,5595600,0.0,0.0
2014-10-10 00:00:00-04:00,28.823245203061838,29.542862060796843,28.191386368067086,28.64070701599121,6955000,0.0,0.0
2014-10-13 00:00:00-04:00,28.619637313130283,29.262026488541984,27.959698145362676,28.019372940063477,6491200,0.0,0.0
2014-10-14 00:00:00-04:00,28.135218171576504,28.391470057635406,27.173391144512525,27.531442642211914,10668800,0.0,0.0
2014-10-15 00:00:00-04:00,27.180408947211372,27.79822604164721,26.425689581588294,26.773210525512695,9307800,0.0,0.0
2014-10-16 00:00:00-04:00,26.32390029875991,28.036938912602597,26.201039581331713,27.538471221923828,10641200,0.0,0.0
2014-10-17 00:00:00-04:00,27.724501280244425,28.265088061939068,27.39101936065148,27.819278717041016,6795400,0.0,0.0
2014-10-20 00:00:00-04:00,27.801739138388317,28.577522377283834,27.801739138388317,28.307226181030273,5336600,0.0,0.0
2014-10-21 00:00:00-04:00,28.331805285817005,29.92549161211133,28.331805285817005,29.820180892944336,7357800,0.0,0.0
2014-10-22 00:00:00-04:00,29.85527340901725,30.25193861468105,29.31117272430735,29.335744857788086,4257000,0.0,0.0
2014-10-23 00:00:00-04:00,29.77805737262884,30.132597909248165,29.58498862245973,29.672746658325195,4831600,0.0,0.0
2014-10-24 00:00:00-04:00,29.77102535323526,30.19226539253769,29.304154792722336,30.11503791809082,3485400,0.0,0.0
2014-10-27 00:00:00-04:00,29.841237345916465,30.385335453450963,29.353302977549948,30.336191177368164,6976800,0.0,0.0
2014-10-28 00:00:00-04:00,30.413416839241062,31.41385765405254,30.062384786453734,31.283977508544922,6601600,0.0,0.0
2014-10-29 00:00:00-04:00,31.550762820180765,31.677134584971743,30.241414643544086,30.6837158203125,7878000,0.0,0.0
2014-10-30 00:00:00-04:00,31.42087438687268,32.30196275944362,31.045270262163854,31.8210506439209,14001400,0.0,0.0
2014-10-31 00:00:00-04:00,31.72628289885298,32.07380663532171,31.143570956549915,31.90882110595703,7236600,0.0,0.0
2014-11-03 00:00:00-05:00,32.07730662660941,32.47748293515633,31.98252915486384,32.161556243896484,10483800,0.0,0.0
2014-11-04 00:00:00-05:00,32.12646337287101,32.58631734177263,31.645551008713152,31.814044952392578,8183400,0.0,0.0
2014-11-05 00:00:00-05:00,31.94040202975104,32.2563313762601,31.462998279062173,31.842113494873047,6508400,0.0,0.0
2014-11-06 00:00:00-05:00,32.00710832074791,32.72321415600971,31.98253617984904,32.691619873046875,7233400,0.0,0.0
2014-11-07 00:00:00-05:00,32.744270173656666,33.02509689331055,32.41781025027792,33.02509689331055,7025400,0.0,0.0
2014-11-10 00:00:00-05:00,33.17253312523437,33.41123505802392,32.81448156513121,33.03211975097656,6704000,0.0,0.0
2014-11-11 00:00:00-05:00,32.99701330520328,33.470906045762625,32.69863659286311,33.218162536621094,5707400,0.0,0.0
2014-11-12 00:00:00-05:00,33.161985868576316,33.55513990445143,33.04614469236554,33.35154342651367,5957400,0.0,0.0
2014-11-13 00:00:00-05:00,33.11986279218967,33.27080663255367,32.42130998592889,32.83903884887695,6880200,0.0,0.0
2014-11-14 00:00:00-05:00,33.025108678639256,33.249769063269746,32.41782181889045,32.42835235595703,7134400,0.0,0.0
2014-11-17 00:00:00-05:00,32.42481671262517,33.053053704482075,32.364814462854284,32.650699615478516,9015600,0.25,0.0
2014-11-18 00:00:00-05:00,32.79541473763574,33.40247623670765,32.59070745209058,33.134239196777344,8154400,0.0,0.0
2014-11-19 00:00:00-05:00,33.17657110619873,33.44833545066923,32.85539236999795,33.10598373413086,8838600,0.0,0.0
2014-11-20 00:00:00-05:00,33.0883409651328,33.73422602702885,33.04598691931244,33.58599090576172,6156200,0.0,0.0
2014-11-21 00:00:00-05:00,34.03422759843681,34.56717124891852,33.87187445640146,34.20716857910156,8871000,0.0,0.0
2014-11-24 00:00:00-05:00,34.12245145464437,34.365982430401,33.84715697391179,33.9248046875,4756400,0.0,0.0
2014-11-25 00:00:00-05:00,34.08716755656888,34.20010898345563,33.57187212810209,33.61422348022461,5583000,0.0,0.0
2014-11-26 00:00:00-05:00,33.642458136367075,34.06598779671388,33.554222566066834,33.765987396240234,3290400,0.0,0.0
2014-11-28 00:00:00-05:00,32.91541078418583,32.91541078418583,31.64128843484995,31.796581268310547,7651600,0.0,0.0
2014-12-01 00:00:00-05:00,31.553039157703232,32.18833362164208,31.500097279191046,32.04362869262695,6449400,0.0,0.0
2014-12-02 00:00:00-05:00,32.0189245127697,33.56834092785878,31.941276779264125,33.22598648071289,9013200,0.0,0.0
2014-12-03 00:00:00-05:00,33.24010619300595,34.277757425150504,33.24010619300595,33.88951873779297,6801000,0.0,0.0
2014-12-04 00:00:00-05:00,34.23540241959224,34.270696110343586,33.34598902607265,34.11893081665039,5024800,0.0,0.0
2014-12-05 00:00:00-05:00,34.009526721872454,34.28835151511394,32.46364012278246,32.52363967895508,9278000,0.0,0.0
2014-12-08 00:00:00-05:00,32.22715703712122,32.573041638208174,31.154212238991924,31.313037872314453,7801600,0.0,0.0
2014-12-09 00:00:00-05:00,30.94598342842311,31.373043322197855,30.391864081142593,31.32716178894043,14885200,0.0,0.0
2014-12-10 00:00:00-05:00,30.878916712863276,31.231858963027054,29.523619764747476,30.02126693725586,10562600,0.0,0.0
2014-12-11 00:00:00-05:00,30.08833119290972,30.614214468004448,29.541269548671483,29.604799270629883,8591000,0.0,0.0
2014-12-12 00:00:00-05:00,28.404798665636434,30.05656880577998,28.404798665636434,29.36479949951172,7719400,0.0,0.0
2014-12-15 00:00:00-05:00,29.463622451433253,29.721268805559614,28.64479647698432,28.718914031982422,7761000,0.0,0.0
2014-12-16 00:00:00-05:00,28.50008707209258,29.70362145334672,28.235380381020512,29.011852264404297,6132200,0.0,0.0
2014-12-17 00:00:00-05:00,28.860090742733366,30.155391032750277,28.665974092994723,29.904802322387695,7400800,0.0,0.0
2014-12-18 00:00:00-05:00,30.413039822084436,30.48715738799347,28.793035825637816,29.657743453979492,6876400,0.0,0.0
2014-12-19 00:00:00-05:00,29.88009823919809,30.81892341443216,29.68950906240556,30.776569366455078,8382800,0.0,0.0
2014-12-22 00:00:00-05:00,30.5153991458993,30.91775326074512,30.215398648722925,30.80834197998047,5983400,0.0,0.0
2014-12-23 00:00:00-05:00,31.10479956311894,31.355388237812942,30.80126901230972,31.193035125732422,3625400,0.0,0.0
2014-12-24 00:00:00-05:00,31.041276609484086,31.450691001672663,30.780100041243667,31.27775001525879,2568000,0.0,0.0
2014-12-26 00:00:00-05:00,31.358926211145327,32.02598701493766,31.295396482558612,31.665987014770508,3188400,0.0,0.0
2014-12-29 00:00:00-05:00,31.803629551002988,32.198925880013434,31.750687669648812,32.13892364501953,4696200,0.0,0.0
2014-12-30 00:00:00-05:00,31.941274715358098,32.350689031847125,31.905981027700435,31.990686416625977,4362200,0.0,0.0
2014-12-31 00:00:00-05:00,32.10362587407847,32.15656774870278,31.82833135731479,31.8565673828125,3166000,0.0,0.0
2015-01-02 00:00:00-05:00,31.605987366995876,32.42481348142569,31.605987366995876,32.34363555908203,5359400,0.0,0.0
2015-01-05 00:00:00-05:00,32.06481724017774,32.22364293947893,31.00599001578395,31.44363784790039,10492800,0.0,0.0
2015-01-06 00:00:00-05:00,31.45774959365144,31.881282014584883,30.783631128785146,31.13304328918457,5604600,0.0,0.0
2015-01-07 00:00:00-05:00,31.63774646690117,31.63774646690117,30.93186189121353,31.390687942504883,7012000,0.0,0.0
2015-01-08 00:00:00-05:00,31.7542161050992,32.29068716465332,31.588332809229765,32.128334045410156,7000200,0.0,0.0
2015-01-09 00:00:00-05:00,32.07188112029376,32.1777622387251,31.18599482457782,31.231876373291016,5370600,0.0,0.0
2015-01-12 00:00:00-05:00,30.864795317565807,31.111856481248907,30.003618152594186,30.14832305908203,8258200,0.0,0.0
2015-01-13 00:00:00-05:00,29.978916909747245,30.504800131665693,28.313028984832535,28.538911819458008,12575200,0.0,0.0
2015-01-14 00:00:00-05:00,28.23891297676169,28.24950081447392,26.809495645420064,27.398908615112305,14329400,0.0,0.0
2015-01-15 00:00:00-05:00,27.518913546129617,27.614206789197013,26.555379812848734,27.12361717224121,9460400,0.0,0.0
2015-01-16 00:00:00-05:00,27.25420364403664,27.77302923316761,27.190673925107625,27.374202728271484,9135800,0.0,0.0
2015-01-20 00:00:00-05:00,27.338914090944172,28.49656456738956,27.338914090944172,28.383623123168945,7446200,0.0,0.0
2015-01-21 00:00:00-05:00,28.40126222317716,28.85302785539644,28.24243660099235,28.5706729888916,7159200,0.0,0.0
2015-01-22 00:00:00-05:00,28.83537447682526,29.7424357543493,28.57066784689332,29.636554718017578,7920400,0.0,0.0
2015-01-23 00:00:00-05:00,29.707148106185183,31.235388672818033,29.49538329779795,30.762447357177734,9278000,0.0,0.0
2015-01-26 00:00:00-05:00,30.758923854439985,31.260101304667142,30.758923854439985,31.12598419189453,6269200,0.0,0.0
2015-01-27 00:00:00-05:00,30.878921290794217,31.387159068053883,30.836569937846626,31.29892349243164,4695800,0.0,0.0
2015-01-28 00:00:00-05:00,31.411867591854996,31.965986946159166,31.020101387369134,31.51422119140625,8432200,0.0,0.0
2015-01-29 00:00:00-05:00,31.87422789288512,32.20246443888207,31.125991713903982,31.768346786499023,5209200,0.0,0.0
2015-01-30 00:00:00-05:00,31.41893906102369,32.96129870120529,31.344821461756954,32.6789436340332,9757800,0.0,0.0
2015-02-02 00:00:00-05:00,32.770687058789775,33.17304100450139,32.10715660455594,33.1553955078125,6282800,0.0,0.0
2015-02-03 00:00:00-05:00,33.20481272245283,33.818931579589844,32.92245780117305,33.818931579589844,8428600,0.0,0.0
2015-02-04 00:00:00-05:00,33.8860056207094,34.30953548664223,33.30011985700718,33.94953536987305,9119600,0.0,0.0
2015-02-05 00:00:00-05:00,34.21422246586181,34.67657595018891,33.95657343939259,34.34128189086914,6988400,0.0,0.0
2015-02-06 00:00:00-05:00,34.355401949315905,35.26599372320682,34.161285301314564,34.89893341064453,9894200,0.0,0.0
2015-02-09 00:00:00-05:00,34.82128053338481,35.453044734233345,34.66598509573153,35.35422134399414,8388200,0.0,0.0
2015-02-10 00:00:00-05:00,35.46363982358775,36.21540587550671,34.86010618335606,36.06364059448242,9031600,0.0,0.0
2015-02-11 00:00:00-05:00,35.71776569052622,35.99659047755204,35.361295846339026,35.61894226074219,5344400,0.0,0.0
2015-02-12 00:00:00-05:00,35.95422862825703,35.97893447849519,35.364813013599644,35.78834533691406,6356200,0.0,0.0
2015-02-13 00:00:00-05:00,36.09337615641502,36.72827370956133,35.96213944227449,36.70344543457031,5890600,0.25,0.0
2015-02-17 00:00:00-05:00,36.62896581009915,37.1042535131939,36.08983627702889,36.82404708862305,6645800,0.0,0.0
2015-02-18 00:00:00-05:00,36.65379512815082,37.13617547953959,36.3558557555117,37.11134719848633,4855800,0.0,0.0
2015-02-19 00:00:00-05:00,36.9410886629239,37.55115795397949,36.806304276340555,37.47312545776367,5253800,0.0,0.0
2015-02-20 00:00:00-05:00,37.47667535625203,37.93422464567611,37.00138771743431,37.44475173950195,6478600,0.0,0.0
2015-02-23 00:00:00-05:00,37.43056595147691,38.35276263000488,37.29578425508754,37.721412658691406,5051000,0.0,0.0
2015-02-24 00:00:00-05:00,37.82781972144692,37.877476276505185,36.94109165815036,37.30642318725586,5082400,0.0,0.0
2015-02-25 00:00:00-05:00,37.38092100225428,37.76753597928437,36.86661962935689,37.12199783325195,5200000,0.0,0.0
2015-02-26 00:00:00-05:00,37.139728382371,38.420164284394914,37.139728382371,37.96615982055664,6895400,0.0,0.0
2015-02-27 00:00:00-05:00,37.99452292940612,38.381135044707584,37.22484095640414,37.242576599121094,4386200,0.0,0.0
2015-03-02 00:00:00-05:00,36.9198112400796,36.9198112400796,35.916037050323204,36.1004753112793,9264000,0.0,0.0
2015-03-03 00:00:00-05:00,36.398412863364584,36.77083700938805,36.125299116868206,36.45161437988281,7101000,0.0,0.0
2015-03-04 00:00:00-05:00,36.178520199646165,36.53675924560009,35.78126488601011,36.18206787109375,5459200,0.0,0.0
2015-03-05 00:00:00-05:00,36.3061941706167,36.55447694680056,36.06500402828981,36.0898323059082,3759600,0.0,0.0
2015-03-06 00:00:00-05:00,35.8273677191156,36.394873238074496,34.890982936313485,34.93354415893555,4593600,0.0,0.0
2015-03-09 00:00:00-04:00,35.14636015805517,36.13949689574524,35.00803076541632,35.387550354003906,5025800,0.0,0.0
2015-03-10 00:00:00-04:00,35.01510711947945,35.02574741990029,34.050346858839774,34.09291076660156,6255000,0.0,0.0
2015-03-11 00:00:00-04:00,34.178054430314994,34.59304260848325,33.89430030335145,34.35894775390625,5476400,0.0,0.0
2015-03-12 00:00:00-04:00,34.720730378797796,35.16764216469564,33.8623781010878,33.93331527709961,4567200,0.0,0.0
2015-03-13 00:00:00-04:00,34.23480084397825,34.511462312972355,33.86592429747881,34.121299743652344,4498200,0.0,0.0
2015-03-16 00:00:00-04:00,33.92622410364382,34.802312066142974,33.44384370895668,34.781028747558594,4739200,0.0,0.0
2015-03-17 00:00:00-04:00,34.412132934614995,34.74199580039802,34.050349165407134,34.667510986328125,3544400,0.0,0.0
2015-03-18 00:00:00-04:00,34.5824061263863,35.96925058380912,34.522109247214935,35.82737350463867,5108200,0.0,0.0
2015-03-19 00:00:00-04:00,35.52234111080842,35.6996867951299,35.29179117997442,35.49041748046875,3166000,0.0,0.0
2015-03-20 00:00:00-04:00,35.65001935892079,36.4764479394592,35.46912605832107,36.270729064941406,7781200,0.0,0.0
2015-03-23 00:00:00-04:00,36.41260434826248,36.81695214927323,36.30974356294158,36.327476501464844,5235800,0.0,0.0
2015-03-24 00:00:00-04:00,36.20690132524223,36.625437315121665,36.00117964921588,36.07211685180664,3938800,0.0,0.0
2015-03-25 00:00:00-04:00,36.4622751334171,37.192938514018316,36.426803830370815,36.561588287353516,6384600,0.0,0.0
2015-03-26 00:00:00-04:00,36.792133929060014,36.86307111470543,35.72805990789782,35.7812614440918,4386400,0.0,0.0
2015-03-27 00:00:00-04:00,35.969239479194606,36.029536339750805,35.21019774588014,35.3449821472168,4887400,0.0,0.0
2015-03-30 00:00:00-04:00,35.61454979817772,36.55802711831476,35.61454979817772,36.49773025512695,4501000,0.0,0.0
2015-03-31 00:00:00-04:00,36.22107186280632,36.91271872625,36.068554515216235,36.316837310791016,5779200,0.0,0.0
2015-04-01 00:00:00-04:00,36.44807120094408,36.76019850614491,35.94086263869316,36.093379974365234,5426800,0.0,0.0
2015-04-02 00:00:00-04:00,36.047269406424526,36.19624178243733,34.36603370241165,34.43342590332031,8617000,0.0,0.0
2015-04-06 00:00:00-04:00,34.6285083262166,35.34143854918383,34.39086582058741,34.95127868652344,5108200,0.0,0.0
2015-04-07 00:00:00-04:00,35.11088230046738,35.181822166479115,34.49017267978048,34.84486389160156,5944400,0.0,0.0
2015-04-08 00:00:00-04:00,35.27049800329819,35.465576562932355,34.880335471871014,34.98674392700195,4358800,0.0,0.0
2015-04-09 00:00:00-04:00,34.99384705236505,35.58972587420986,34.77038978809322,35.41947555541992,5468000,0.0,0.0
2015-04-10 00:00:00-04:00,35.5010504357775,35.65356780094865,35.28114356465618,35.618099212646484,2708000,0.0,0.0
2015-04-13 00:00:00-04:00,35.58262015439606,35.706761529965775,34.337653316930535,34.479530334472656,7489000,0.0,0.0
2015-04-14 00:00:00-04:00,34.702993531007486,34.997387942821874,34.48308666933192,34.77393341064453,6153400,0.0,0.0
2015-04-15 00:00:00-04:00,34.94418371166899,35.45848769126889,34.738464825908736,34.7703857421875,5412400,0.0,0.0
2015-04-16 00:00:00-04:00,34.759745101928715,35.7138655017945,34.646244001675804,35.4691276550293,6300400,0.0,0.0
2015-04-17 00:00:00-04:00,35.33789679764465,35.56489903598082,34.841331092584376,35.01512908935547,5224600,0.0,0.0
2015-04-20 00:00:00-04:00,35.227935789174985,35.678392498114576,34.99384096504059,35.231483459472656,4473200,0.0,0.0
2015-04-21 00:00:00-04:00,35.24212545252577,35.586176423732795,35.121529011344066,35.47267532348633,3214200,0.0,0.0
2015-04-22 00:00:00-04:00,35.67838463102299,36.24234501649806,35.504586709873614,36.224609375,4482600,0.0,0.0
2015-04-23 00:00:00-04:00,36.249448346740245,36.348764179927166,35.6642098897045,36.06855773925781,3613200,0.0,0.0
2015-04-24 00:00:00-04:00,35.930220877037875,36.685712184809006,35.930220877037875,36.58639907836914,4212200,0.0,0.0
2015-04-27 00:00:00-04:00,36.820492914252824,36.91626105445873,36.44806877478299,36.51191329956055,4899400,0.0,0.0
2015-04-28 00:00:00-04:00,36.405506772808465,36.70699376998798,36.224613492069054,36.359397888183594,3160400,0.0,0.0
2015-04-29 00:00:00-04:00,36.66445451033502,36.84180022735227,36.02955651868356,36.366512298583984,4841200,0.0,0.0
2015-04-30 00:00:00-04:00,36.95883275721855,37.0865218430166,34.67107493115007,34.96192169189453,10060400,0.0,0.0
2015-05-01 00:00:00-04:00,35.11089001049279,36.60059505091427,34.99029627091036,36.4126091003418,5698400,0.0,0.0
2015-05-04 00:00:00-04:00,36.331022789585404,36.60413384595368,35.85573513432303,35.9124870300293,4090800,0.0,0.0
2015-05-05 00:00:00-04:00,36.072098245495226,36.28136748553241,35.877019685953506,36.11820983886719,3847800,0.0,0.0
2015-05-06 00:00:00-04:00,36.45871089017249,36.50481977466192,35.380449254819894,35.83090591430664,4899400,0.0,0.0
2015-05-07 00:00:00-04:00,35.823807908061525,36.69989552452832,35.447836136555814,36.42323684692383,4755600,0.0,0.0
2015-05-08 00:00:00-04:00,36.547381695752385,37.427014359309034,36.07209407899138,37.20001220703125,5191200,0.0,0.0
2015-05-11 00:00:00-04:00,37.60436510336375,37.64692902751732,35.97988123632166,36.2778205871582,4492600,0.0,0.0
2015-05-12 00:00:00-04:00,36.24945575709068,36.24945575709068,35.689045467269,35.94087600708008,3628400,0.0,0.0
2015-05-13 00:00:00-04:00,36.18560010453188,36.42324529845662,35.97633356612233,36.2778205871582,2999600,0.0,0.0
2015-05-14 00:00:00-04:00,36.4268019622435,37.231952873085824,36.380693059160684,37.139732360839844,3743400,0.0,0.0
2015-05-15 00:00:00-04:00,37.08651372120665,37.10424936493674,36.33811501792908,36.692806243896484,3199400,0.0,0.0
2015-05-18 00:00:00-04:00,36.778344171257714,37.23811834055713,36.50746889772482,37.16326904296875,2567800,0.25,0.0
2015-05-19 00:00:00-04:00,36.64647686214641,37.24168741884476,36.64647686214641,37.15971374511719,3442600,0.0,0.0
2015-05-20 00:00:00-04:00,37.33792377740702,37.40564057450837,36.88171438563542,37.18466567993164,3563200,0.0,0.0
2015-05-21 00:00:00-04:00,37.17397030618161,37.3664314164107,36.89596518415935,36.945865631103516,4210200,0.0,0.0
2015-05-22 00:00:00-04:00,36.81043270402937,37.26664212970175,36.66430439700431,36.73915100097656,4338000,0.0,0.0
2015-05-26 00:00:00-04:00,36.60369963572129,36.70349779331016,35.53089595405303,35.7982063293457,6473000,0.0,0.0
2015-05-27 00:00:00-04:00,36.14393892978731,36.4219413676745,35.74475433840779,35.983551025390625,4688800,0.0,0.0
2015-05-28 00:00:00-04:00,35.96572339696797,36.739140809354005,35.76969468911809,36.6286506652832,3650800,0.0,0.0
2015-05-29 00:00:00-04:00,36.70351083448651,37.423465837958766,36.52886603606901,36.87458801269531,5635200,0.0,0.0
2015-06-01 00:00:00-04:00,36.76766077798733,37.38782022872802,36.76766077798733,36.90666198730469,4692800,0.0,0.0
2015-06-02 00:00:00-04:00,36.85320670381618,36.98864303960375,36.31858572470634,36.72133255004883,3849200,0.0,0.0
2015-06-03 00:00:00-04:00,36.60727847760722,36.77835837940921,36.225915639046875,36.425506591796875,5167200,0.0,0.0
2015-06-04 00:00:00-04:00,36.11542424559354,36.347093844361915,35.62713618168002,35.759010314941406,6044400,0.0,0.0
2015-06-05 00:00:00-04:00,35.69485416863097,36.17601241054248,35.627134654558596,35.96929168701172,5814000,0.0,0.0
2015-06-08 00:00:00-04:00,35.930091789476464,36.40768792784394,35.741192818643945,35.80534744262695,3041800,0.0,0.0
2015-06-09 00:00:00-04:00,35.9229595197615,36.08334469695053,35.39546571881595,35.40259552001953,4973800,0.0,0.0
2015-06-10 00:00:00-04:00,35.57723357203581,36.43975451336708,35.57723357203581,36.27936935424805,4799600,0.0,0.0
2015-06-11 00:00:00-04:00,36.49678660816778,37.3878214241913,36.297192960307235,37.08843231201172,4141700,0.0,2.0
2015-06-12 00:00:00-04:00,36.84606897379356,36.84606897379356,35.92652315417695,36.37560272216797,4201700,0.0,0.0
2015-06-15 00:00:00-04:00,36.0833306018463,36.49677189503526,35.99779205537393,36.396976470947266,3648800,0.0,0.0
2015-06-16 00:00:00-04:00,36.30432050724911,36.639350447421144,35.97642036792711,36.489654541015625,3049600,0.0,0.0
2015-06-17 00:00:00-04:00,36.78191727674723,37.387822602268564,36.07621920298489,36.56806945800781,4327200,0.0,0.0
2015-06-18 00:00:00-04:00,36.746281885214266,37.43059609451922,36.61797263106672,37.02428436279297,3742900,0.0,0.0
2015-06-19 00:00:00-04:00,36.924485078422244,37.62305610172597,36.88171714425881,36.99576950073242,4295600,0.0,0.0
2015-06-22 00:00:00-04:00,37.18109985909031,37.21674070708619,36.73914736165217,36.9886360168457,2555400,0.0,0.0
2015-06-23 00:00:00-04:00,37.03854164912035,37.416342332293574,36.846077765818436,37.202491760253906,4048400,0.0,0.0
2015-06-24 00:00:00-04:00,37.12407570894782,37.494743797789646,36.82468659814794,36.83894348144531,3531400,0.0,0.0
2015-06-25 00:00:00-04:00,36.91023118491974,37.088438176301885,36.37561021077328,36.667869567871094,2812700,0.0,0.0
2015-06-26 00:00:00-04:00,36.518183195199654,37.25952507097093,36.47541253032783,37.045677185058594,9232200,0.0,0.0
2015-06-29 00:00:00-04:00,36.48964543876805,37.010009282903184,36.21164309785409,36.247283935546875,2832500,0.0,0.0
2015-06-30 00:00:00-04:00,36.60371935050427,37.68721831490364,36.5823353791144,37.28803634643555,3946700,0.0,0.0
2015-07-01 00:00:00-04:00,37.623057390427654,38.74932682850253,37.3593118169026,38.328758239746094,7556800,0.0,0.0
2015-07-02 00:00:00-04:00,38.40717029335694,39.02020275882417,38.35014275274474,38.49983596801758,3549800,0.0,0.0
2015-07-06 00:00:00-04:00,38.093510573322725,39.43362738482116,38.07925369329146,39.03444290161133,4622000,0.0,0.0
2015-07-07 00:00:00-04:00,39.162767138178474,39.84708404629522,38.4214281264882,39.5904655456543,6941600,0.0,0.0
2015-07-08 00:00:00-04:00,39.490673011574536,39.58333869543257,38.35014655913426,38.47132873535156,3632800,0.0,0.0
2015-07-09 00:00:00-04:00,38.97742637745621,38.99881034243302,37.94382546909305,38.050750732421875,5963200,0.0,0.0
2015-07-10 00:00:00-04:00,38.40004750584258,38.96318233575537,38.35727956179365,38.842002868652344,4473800,0.0,0.0
2015-07-13 00:00:00-04:00,42.29207809642124,43.04054680305297,41.557863554025666,41.900020599365234,14320800,0.0,0.0
2015-07-14 00:00:00-04:00,42.006938085665126,42.420376752503124,41.50083105312024,41.907142639160156,7000600,0.0,0.0
2015-07-15 00:00:00-04:00,41.68616808777354,41.97842736768065,40.809390248052175,40.99472427368164,5316100,0.0,0.0
2015-07-16 00:00:00-04:00,41.33689214314675,41.76458780607007,41.07314385576208,41.68617630004883,5930000,0.0,0.0
2015-07-17 00:00:00-04:00,41.50083926608733,41.77884169900237,40.987602331953404,41.7574577331543,4507200,0.0,0.0
2015-07-20 00:00:00-04:00,41.778835076532445,42.09247830921872,40.93769810968706,41.00897979736328,4103500,0.0,0.0
2015-07-21 00:00:00-04:00,40.99473298823474,41.45094514680723,40.42447118904757,40.73811721801758,3330400,0.0,0.0
2015-07-22 00:00:00-04:00,40.73811503036417,41.3368905671619,40.46723967058785,40.681087493896484,4207300,0.0,0.0
2015-07-23 00:00:00-04:00,40.69535068437984,40.98048297245868,40.05380439581394,40.153602600097656,4170000,0.0,0.0
2015-07-24 00:00:00-04:00,40.267662757896865,40.48151065569548,39.56908878894527,40.146480560302734,5449000,0.0,0.0
2015-07-27 00:00:00-04:00,39.412250812703164,39.661739461965425,38.542600002322146,38.82060241699219,8150900,0.0,0.0
2015-07-28 00:00:00-04:00,38.8491160518281,39.155632230875725,38.343008954041494,38.85624313354492,6126100,0.0,0.0
2015-07-29 00:00:00-04:00,38.991685276382015,39.87559031793817,38.656655305238246,39.78292465209961,6782300,0.0,0.0
2015-07-30 00:00:00-04:00,37.965193890942274,38.941769586478514,37.60165303905991,38.44991683959961,8237400,0.0,0.0
2015-07-31 00:00:00-04:00,38.49270539427657,39.3053287397468,38.371525960299195,38.970298767089844,6042900,0.0,0.0
2015-08-03 00:00:00-04:00,39.01306916550177,39.34096933448953,37.85115897105445,37.92244338989258,6816000,0.0,0.0
2015-08-04 00:00:00-04:00,37.972347293461546,38.171938260194054,37.010027876951995,37.202491760253906,6719300,0.0,0.0
2015-08-05 00:00:00-04:00,37.44484606586008,37.922442139043405,36.77478886621837,36.83894348144531,6923700,0.0,0.0
2015-08-06 00:00:00-04:00,36.93160771838896,37.30940556608999,36.42549793541219,37.17396926879883,6241700,0.0,0.0
2015-08-07 00:00:00-04:00,36.881717242221825,37.36643771910518,36.43263489775422,36.47540283203125,5200100,0.0,0.0
2015-08-10 00:00:00-04:00,37.216737525423895,38.18618373567911,36.81755571124033,37.965206146240234,4898000,0.0,0.0
2015-08-11 00:00:00-04:00,37.33079132232203,39.86132948187933,37.252379828831195,39.81856155395508,7974900,0.0,0.0
2015-08-12 00:00:00-04:00,39.66173858511349,41.39391036661711,39.12711773203761,41.201446533203125,8110900,0.0,0.0
2015-08-13 00:00:00-04:00,41.016116369868506,41.53648038964447,40.353186231978825,40.624061584472656,4881400,0.0,0.0
2015-08-14 00:00:00-04:00,40.45297338724352,40.71671888406894,39.34096115750246,39.67599105834961,4516400,0.0,0.0
2015-08-17 00:00:00-04:00,39.4752569103515,40.36427312938004,39.26734081229211,40.05598449707031,2646400,0.32,0.0
2015-08-18 00:00:00-04:00,39.83372447362039,40.0703164415022,39.31035154502847,39.7763671875,2965600,0.0,0.0
2015-08-19 00:00:00-04:00,39.71184194289733,39.8337248094578,38.53604491697539,39.07375717163086,4168400,0.0,0.0
2015-08-20 00:00:00-04:00,38.85151006859208,39.296020929670306,38.177578217041024,38.20625686645508,4835700,0.0,0.0
2015-08-21 00:00:00-04:00,37.18100808535742,37.338737878444206,34.6860237121582,34.6860237121582,12564700,0.0,0.0
2015-08-24 00:00:00-04:00,31.904258424345198,33.2808003963969,31.208816410474572,32.85063171386719,13158000,0.0,0.0
2015-08-25 00:00:00-04:00,34.04078306960258,34.22002055590101,31.33071315195349,31.38089942932129,8947400,0.0,0.0
2015-08-26 00:00:00-04:00,32.32727419145493,32.69291747204027,31.129966321798857,32.635562896728516,10292600,0.0,0.0
2015-08-27 00:00:00-04:00,33.230617361898766,33.85436556744855,32.4706524334459,33.46004104614258,7755100,0.0,0.0
2015-08-28 00:00:00-04:00,33.49589899481677,34.24869581567022,33.49589899481677,33.854373931884766,7196700,0.0,0.0
2015-08-31 00:00:00-04:00,33.89021707330302,34.47811568528771,33.287979137252066,33.91889572143555,7783900,0.0,0.0
2015-09-01 00:00:00-04:00,33.12308142759631,33.63211513106265,32.75743549669492,33.022708892822266,6551700,0.0,0.0
2015-09-02 00:00:00-04:00,33.46720533826428,33.603424768694595,32.54233975891004,33.56040954589844,4970500,0.0,0.0
2015-09-03 00:00:00-04:00,33.71098303335639,34.39208595316378,33.495898620508456,33.68230438232422,5438000,0.0,0.0
2015-09-04 00:00:00-04:00,33.15175963639692,33.660793333111954,33.058555397508705,33.223453521728516,3597200,0.0,0.0
2015-09-08 00:00:00-04:00,33.4241872584963,34.28452726556986,33.40267964717675,34.212833404541016,4154200,0.0,0.0
2015-09-09 00:00:00-04:00,34.44942908945372,35.101853141745025,33.95473483055563,34.01926040649414,5960300,0.0,0.0
2015-09-10 00:00:00-04:00,34.112460483195974,34.850917635452156,33.85435821077174,34.528289794921875,5334600,0.0,0.0
2015-09-11 00:00:00-04:00,34.1769868796739,34.35622428366199,33.560412507309316,34.320377349853516,3643800,0.0,0.0
2015-09-14 00:00:00-04:00,34.20566617556682,34.22717652422031,33.244953562400006,33.35249710083008,4081000,0.0,0.0
2015-09-15 00:00:00-04:00,33.40269439253511,33.976253738795606,33.12308438216729,33.87588119506836,3755400,0.0,0.0
2015-09-16 00:00:00-04:00,33.94039876530347,34.02643196315839,32.77176999341114,33.46004104614258,7669200,0.0,0.0
2015-09-17 00:00:00-04:00,33.34532640766712,34.2988707374845,32.96534397530618,33.57475280761719,5194200,0.0,0.0
2015-09-18 00:00:00-04:00,32.893649760832666,34.012089432269335,32.79327725031356,33.04420852661133,6192300,0.0,0.0
2015-09-21 00:00:00-04:00,33.3309965758353,34.01926771031847,33.01553692132073,33.10157012939453,3244700,0.0,0.0
2015-09-22 00:00:00-04:00,32.6068759652558,33.43853760828542,32.506503432726674,32.93667221069336,4515800,0.0,0.0
2015-09-23 00:00:00-04:00,33.05138387784538,33.84003027952918,32.93667202204819,33.16609573364258,3288600,0.0,0.0
2015-09-24 00:00:00-04:00,33.037043350461715,33.68229643679267,32.657058151289235,33.46004104614258,3582100,0.0,0.0
2015-09-25 00:00:00-04:00,33.65362245057137,34.23435277010039,33.40985941045447,33.93323516845703,4736100,0.0,0.0
2015-09-28 00:00:00-04:00,33.51022269980138,34.19132257478049,31.954440775977133,32.284236907958984,4127900,0.0,0.0
2015-09-29 00:00:00-04:00,32.53518285517021,33.40985975585286,32.32726675572618,32.64989471435547,5439400,0.0,0.0
2015-09-30 00:00:00-04:00,33.080052095390656,33.732476082330365,32.67139106702982,33.21627426147461,5986900,0.0,0.0
2015-10-01 00:00:00-04:00,33.33099661730329,34.41358958633019,33.00119763854171,34.3634033203125,5413300,0.0,0.0
2015-10-02 00:00:00-04:00,33.63927841498312,34.72904228081924,33.481551341666574,34.69319534301758,4639200,0.0,0.0
2015-10-05 00:00:00-04:00,35.09468464059208,36.32783613406689,34.9297865552712,36.26331329345703,4987200,0.0,0.0
2015-10-06 00:00:00-04:00,36.18445591854947,36.614624688371606,35.81164170839533,35.87616729736328,5707600,0.0,0.0
2015-10-07 00:00:00-04:00,36.32067531274099,36.65764258050978,35.08035253630959,36.05540466308594,4950100,0.0,0.0
2015-10-08 00:00:00-04:00,35.99803613452975,36.78668227798674,35.74710488680667,36.62178421020508,3570800,0.0,0.0
2015-10-09 00:00:00-04:00,36.614620447058044,36.743671610045105,35.11619548566032,35.58938217163086,4880600,0.0,0.0
2015-10-12 00:00:00-04:00,35.761459220267795,35.91918632722394,35.37430564556824,35.682594299316406,2779000,0.0,0.0
2015-10-13 00:00:00-04:00,35.53203151717436,35.926353342923726,34.85809698430997,34.972808837890625,3816400,0.0,0.0
2015-10-14 00:00:00-04:00,35.00148410118134,35.27392575270141,34.499618764679965,34.836585998535156,3635900,0.0,0.0
2015-10-15 00:00:00-04:00,35.001479573130496,35.96219215530959,34.79356353084311,35.91917419433594,4517500,0.0,0.0
2015-10-16 00:00:00-04:00,36.299159926097815,36.70782098957311,35.904838183176395,36.65763473510742,4642600,0.0,0.0
2015-10-19 00:00:00-04:00,36.32066796024177,36.4712267253831,34.98714121768539,35.17354965209961,4341600,0.0,0.0
2015-10-20 00:00:00-04:00,34.89394085612543,35.030163050544566,33.71814377662218,33.940399169921875,5012300,0.0,0.0
2015-10-21 00:00:00-04:00,34.069434578728476,34.33470508130879,33.381163836114524,33.53889083862305,4863800,0.0,0.0
2015-10-22 00:00:00-04:00,33.847195253008714,34.4494331205911,33.67512885366866,34.162654876708984,5531100,0.0,0.0
2015-10-23 00:00:00-04:00,34.29170543044107,35.109027650055225,34.13397562141165,34.836585998535156,3314200,0.0,0.0
2015-10-26 00:00:00-04:00,34.84375836838091,35.79013186337768,34.77206448404185,34.92979431152344,3702700,0.0,0.0
2015-10-27 00:00:00-04:00,34.65734078250575,35.15203497923372,34.42791714910042,35.116188049316406,5123100,0.0,0.0
2015-10-28 00:00:00-04:00,35.144878049313014,35.926353407915684,34.95130128324303,35.7327766418457,5051600,0.0,0.0
2015-10-29 00:00:00-04:00,35.094691786191845,36.8368799459735,35.015826873905596,36.736507415771484,4959700,0.0,0.0
2015-10-30 00:00:00-04:00,36.85838292141453,37.833434923330046,36.06256833941155,37.13799285888672,5376700,0.0,0.0
2015-11-02 00:00:00-05:00,37.11648471042446,38.263603087405514,36.82970374870623,37.940975189208984,4317200,0.0,0.0
2015-11-03 00:00:00-05:00,37.91948279977153,39.697518365483354,37.80477091601422,39.16697692871094,6035300,0.0,0.0
2015-11-04 00:00:00-05:00,39.17412180299209,39.71900497626802,38.8156470387115,39.28883361816406,4567700,0.0,0.0
2015-11-05 00:00:00-05:00,39.57562646236233,40.09182841888637,39.10960803423542,39.89825439453125,5881400,0.0,0.0
2015-11-06 00:00:00-05:00,39.75486750286503,40.17786800007113,39.48242580933912,40.127681732177734,3043300,0.0,0.0
2015-11-09 00:00:00-05:00,40.11333469424634,40.49331714521281,38.887351411548295,38.944705963134766,3187300,0.0,0.0
2015-11-10 00:00:00-05:00,38.944698517283804,39.45373203067997,38.593394776749435,39.26732635498047,2645100,0.0,0.0
2015-11-11 00:00:00-05:00,39.496768574584806,40.055988599798404,39.03792109390219,39.32469940185547,3078200,0.0,0.0
2015-11-12 00:00:00-05:00,38.76547206388265,39.5039294178687,38.09154029562959,39.22431945800781,5816900,0.0,0.0
2015-11-13 00:00:00-05:00,39.16696942244735,39.46808703399662,38.399833334037716,38.48586654663086,4016900,0.0,0.0
2015-11-16 00:00:00-05:00,38.58684799946195,38.88977146684784,37.93772235313722,38.781585693359375,4258500,0.32,0.0
2015-11-17 00:00:00-05:00,38.69503087535608,39.48119282053676,38.50029320988769,39.13499069213867,4277400,0.0,0.0
2015-11-18 00:00:00-05:00,39.14218807273369,40.216847665873516,38.947450490121454,40.159149169921875,3395700,0.0,0.0
2015-11-19 00:00:00-05:00,40.029326210742575,40.41880139635958,39.733614181221604,40.25291442871094,3560000,0.0,0.0
2015-11-20 00:00:00-05:00,40.36831672194868,40.65681473768684,40.19521571142801,40.3394660949707,3573800,0.0,0.0
2015-11-23 00:00:00-05:00,39.51003193029335,40.736156171293615,39.365784285402995,40.6856689453125,5128700,0.0,0.0
2015-11-24 00:00:00-05:00,40.642403252711446,41.587240972615746,40.44766833271987,41.248252868652344,3290600,0.0,0.0
2015-11-25 00:00:00-05:00,41.50791310995432,42.79173924351616,41.16892767556648,41.86853790283203,6586000,0.0,0.0
2015-11-27 00:00:00-05:00,41.45019908772547,42.49600839527046,41.406923138262755,42.24357223510742,1718100,0.0,0.0
2015-11-30 00:00:00-05:00,42.30848616307698,42.762874017533356,41.86131234277349,42.128173828125,5534800,0.0,0.0
2015-12-01 00:00:00-05:00,42.42389630221121,42.94319683405502,41.85410852436576,42.798946380615234,4660800,0.0,0.0
2015-12-02 00:00:00-05:00,42.633047996096764,43.26774817180617,41.49347274314915,41.83967208862305,5086600,0.0,0.0
2015-12-03 00:00:00-05:00,42.00555803903785,42.20750695105107,39.178259514114856,39.264808654785156,9487600,0.0,0.0
2015-12-04 00:00:00-05:00,39.5460938576713,40.61354231384551,39.23595649018215,40.12309265136719,7325200,0.0,0.0
2015-12-07 00:00:00-05:00,39.58215764957542,40.0653933024903,37.908859692574254,38.72386932373047,7250600,0.0,0.0
2015-12-08 00:00:00-05:00,38.09637997144892,38.60846620881597,37.88000577621538,38.03146743774414,4990900,0.0,0.0
2015-12-09 00:00:00-05:00,37.89444016291572,38.262276107753245,36.62503981126329,37.49053955078125,7146500,0.0,0.0
2015-12-10 00:00:00-05:00,37.678061592552325,38.39209680099641,37.238099114951666,37.75739669799805,4236100,0.0,0.0
2015-12-11 00:00:00-05:00,37.13711747083621,37.346277619382725,35.65134333030077,35.78837966918945,6665200,0.0,0.0
2015-12-14 00:00:00-05:00,35.5503901075948,35.64415056582333,34.317054067678384,34.61276626586914,9474200,0.0,0.0
2015-12-15 00:00:00-05:00,35.312372636205716,35.87494908169963,34.87241002869254,35.45662307739258,9240200,0.0,0.0
2015-12-16 00:00:00-05:00,35.34122090420298,36.048044992125256,35.20418450750874,35.84609603881836,6943500,0.0,0.0
2015-12-17 00:00:00-05:00,36.01198623015899,37.43284856542325,35.968710271506076,37.014522552490234,6733900,0.0,0.0
2015-12-18 00:00:00-05:00,37.036133148776706,37.245296008365706,36.257185699452315,36.314884185791016,8334100,0.0,0.0
2015-12-21 00:00:00-05:00,36.48078055195092,37.086627150560886,36.228341717849815,37.07220458984375,5264600,0.0,0.0
2015-12-22 00:00:00-05:00,37.35349647487584,37.82952083359207,36.985657844617144,37.21645736694336,4619200,0.0,0.0
2015-12-23 00:00:00-05:00,37.519386882539436,38.03147319745993,37.165973534102115,38.01704788208008,4457700,0.0,0.0
2015-12-24 00:00:00-05:00,37.82952399572963,38.28391179700571,37.4544740527626,37.96656036376953,1372100,0.0,0.0
2015-12-28 00:00:00-05:00,37.56987068313825,37.68527044430135,36.8630468020958,37.21645736694336,2325800,0.0,0.0
2015-12-29 00:00:00-05:00,37.75018641515904,37.872797468831415,37.36071115405693,37.620361328125,1927800,0.0,0.0
2015-12-30 00:00:00-05:00,37.4544711168483,38.35603261542188,37.39676986029287,37.72133255004883,2757700,0.0,0.0
2015-12-31 00:00:00-05:00,37.497756837437166,37.90886876788329,37.04336895328952,37.38956832885742,2567900,0.0,0.0
2016-01-04 00:00:00-05:00,37.27416250062964,38.10360026182272,36.538487914931316,36.95681381225586,5497300,0.0,0.0
2016-01-05 00:00:00-05:00,37.07221418139271,37.6636383723024,36.09131471802609,36.49521255493164,5485100,0.0,0.0
2016-01-06 00:00:00-05:00,35.55759013335049,35.91100350286792,34.56947935734734,35.13926696777344,7328500,0.0,0.0
2016-01-07 00:00:00-05:00,34.50457773548407,35.24025258859613,34.107891042986516,34.61276626586914,7563500,0.0,0.0
2016-01-08 00:00:00-05:00,34.8651897436241,35.016651429660826,33.27844080291489,33.31450271606445,5026000,0.0,0.0
2016-01-11 00:00:00-05:00,33.49482649709422,33.87709061108655,31.944141690145038,32.975528717041016,7508700,0.0,0.0
2016-01-12 00:00:00-05:00,33.32892659564369,33.95641541307118,32.542764816924915,33.4587516784668,4931900,0.0,0.0
2016-01-13 00:00:00-05:00,33.689549458015264,33.73282540048276,30.1842779072211,30.494415283203125,9902200,0.0,0.0
2016-01-14 00:00:00-05:00,30.696378497681227,31.872013155261357,29.66499153332312,31.4897518157959,9076000,0.0,0.0
2016-01-15 00:00:00-05:00,30.19148347613992,30.83339464371168,29.600059518286393,29.87413215637207,7876100,0.0,0.0
2016-01-19 00:00:00-05:00,30.580970965079366,30.992082839848624,29.174534300756676,29.715471267700195,5665000,0.0,0.0
2016-01-20 00:00:00-05:00,28.97258817497641,29.67220099991256,28.092665744557355,29.210601806640625,7634200,0.0,0.0
2016-01-21 00:00:00-05:00,28.871605065199624,29.390905378077807,28.215268392577425,28.568681716918945,7611500,0.0,0.0
2016-01-22 00:00:00-05:00,29.347626373905808,31.72053669333075,29.210590028454806,30.891101837158203,9569600,0.0,0.0
2016-01-25 00:00:00-05:00,30.41508579376978,31.179611146154123,29.333211696742858,29.405338287353516,5836500,0.0,0.0
2016-01-26 00:00:00-05:00,29.62891745559481,29.989542043410633,29.116828449872422,29.975116729736328,5022200,0.0,0.0
2016-01-27 00:00:00-05:00,29.98232836447303,30.19149128819615,28.51097936850992,28.748992919921875,8433200,0.0,0.0
2016-01-28 00:00:00-05:00,29.672194007474666,29.91741886503014,28.48934566562387,29.00864601135254,4811000,0.0,0.0
2016-01-29 00:00:00-05:00,29.253870232633755,30.141006469726562,28.74178118002371,30.141006469726562,7007500,0.0,0.0
2016-02-01 00:00:00-05:00,30.040026347679028,30.436712805475107,29.426962957133277,30.126575469970703,6672100,0.0,0.0
2016-02-02 00:00:00-05:00,29.62170711408572,29.845295376876674,28.66965830373004,29.044708251953125,6799400,0.0,0.0
2016-02-03 00:00:00-05:00,28.705721956966833,28.900459600619868,25.532226647176497,26.830474853515625,15690000,0.0,0.0
2016-02-04 00:00:00-05:00,26.67179818939941,26.931448371828182,24.60902479715715,25.200448989868164,17638100,0.0,0.0
2016-02-05 00:00:00-05:00,24.911947987738127,24.991285839824453,23.108824990675682,23.296348571777344,15529700,0.0,0.0
2016-02-08 00:00:00-05:00,22.971785865062827,22.971785865062827,21.42831173769125,22.163986206054688,17273000,0.0,0.0
2016-02-09 00:00:00-05:00,21.846642435887695,22.957365666868366,21.089329828893973,22.647228240966797,16889100,0.0,0.0
2016-02-10 00:00:00-05:00,22.805902807998077,23.56321262502868,22.459702108555014,22.841964721679688,9776500,0.0,0.0
2016-02-11 00:00:00-05:00,22.337098537602166,22.632810749261694,21.09654978077864,22.23612403869629,11198900,0.0,0.0
2016-02-12 00:00:00-05:00,22.491199650779397,23.285606992528148,22.301707850994138,23.125267028808594,7304200,0.32,0.0
2016-02-16 00:00:00-05:00,23.547979813947162,23.85408033960033,23.05967301990406,23.715606689453125,7469700,0.0,0.0
2016-02-17 00:00:00-05:00,23.948825349065977,24.18204557611264,23.606281924251764,24.021705627441406,7617700,0.0,0.0
2016-02-18 00:00:00-05:00,24.42255406504218,24.458996986442973,22.462045554557616,22.86289405822754,7977300,0.0,0.0
2016-02-19 00:00:00-05:00,22.542218172408475,23.03052362815789,22.330861436439687,23.023235321044922,5887600,0.0,0.0
2016-02-22 00:00:00-05:00,23.168999635521043,24.37883086395837,23.154423020695894,24.32781410217285,6627200,0.0,0.0
2016-02-23 00:00:00-05:00,24.13831721161123,24.400690678075144,23.023232759344182,23.037809371948242,6632400,0.0,0.0
2016-02-24 00:00:00-05:00,22.702554100784695,24.845267487563483,22.556792145897074,24.757810592651367,9142100,0.0,0.0
2016-02-25 00:00:00-05:00,24.692215146599786,25.10034914194906,24.14560473408187,24.940011978149414,6777500,0.0,0.0
2016-02-26 00:00:00-05:00,25.297129224080027,25.84373963659794,24.80882525672877,24.940011978149414,5919300,0.0,0.0
2016-02-29 00:00:00-05:00,25.020188097064523,25.472052037301875,24.867135031002423,24.961881637573242,7611800,0.0,0.0
2016-03-01 00:00:00-05:00,24.947301957826454,25.399165842550556,24.801538607210873,25.238828659057617,7681600,0.0,0.0
2016-03-02 00:00:00-05:00,25.209679394730887,25.566799520852186,24.699508977502646,25.297136306762695,5810900,0.0,0.0
2016-03-03 00:00:00-05:00,26.33205492600039,27.301376259597074,25.814594788002744,27.199342727661133,9908200,0.0,0.0
2016-03-04 00:00:00-05:00,27.665782475350955,27.665782475350955,26.565274411356544,27.009851455688477,7528500,0.0,0.0
2016-03-07 00:00:00-05:00,27.024426130733932,27.28679685163591,26.16442533497455,26.864086151123047,6840400,0.0,0.0
2016-03-08 00:00:00-05:00,27.017136889980183,27.141036725465778,25.595948921768336,25.632389068603516,7230600,0.0,0.0
2016-03-09 00:00:00-05:00,26.135273982600022,27.27222219543038,25.9312069249546,27.009851455688477,7656700,0.0,0.0
2016-03-10 00:00:00-05:00,26.84222372735913,26.929680637936283,26.01866304382616,26.485103607177734,6048900,0.0,0.0
2016-03-11 00:00:00-05:00,26.929676710300324,27.63662436968353,26.38306623355622,27.490863800048828,5110200,0.0,0.0
2016-03-14 00:00:00-04:00,27.07543401687258,27.461704444556933,26.477806918106438,26.995264053344727,4473800,0.0,0.0
2016-03-15 00:00:00-04:00,26.514251519553046,26.885945400110202,26.17899499920609,26.696455001831055,4699900,0.0,0.0
2016-03-16 00:00:00-04:00,26.725616126282162,28.12494087508969,26.725616126282162,27.979177474975586,7734500,0.0,0.0
2016-03-17 00:00:00-04:00,27.96459506443766,28.12493504937137,27.13374747015396,27.345104217529297,7820000,0.0,0.0
2016-03-18 00:00:00-04:00,27.60747458172451,28.11035523143831,27.352388018376136,27.862558364868164,9248900,0.0,0.0
2016-03-21 00:00:00-04:00,27.73866306673597,28.132220531172937,27.578323089984497,28.001033782958984,4143700,0.0,0.0
2016-03-22 00:00:00-04:00,27.709510118812723,28.336290637692375,27.68764658729062,28.1103572845459,4780000,0.0,0.0
2016-03-23 00:00:00-04:00,27.993754010155072,28.059347401002,26.813075755115932,27.141042709350586,5294400,0.0,0.0
2016-03-24 00:00:00-04:00,26.922385160103726,27.22119875560916,26.375774720993466,26.871368408203125,4945200,0.0,0.0
2016-03-28 00:00:00-04:00,26.980695128440182,27.148322018014078,26.5506947490272,26.951541900634766,3849700,0.0,0.0
2016-03-29 00:00:00-04:00,26.594423802364673,26.740184376661137,26.05510022477162,26.718320846557617,5832700,0.0,0.0
2016-03-30 00:00:00-04:00,27.046289472479227,27.090016535553325,26.230018526038627,26.660018920898438,5087800,0.0,0.0
2016-03-31 00:00:00-04:00,26.587134931353237,27.213915429033623,25.974931047596215,27.097305297851562,5148700,0.0,0.0
2016-04-01 00:00:00-04:00,26.44136970728905,26.68916656609824,26.171709319239365,26.52153968811035,4312600,0.0,0.0
2016-04-04 00:00:00-04:00,26.273748449691723,27.133749333044747,26.237308299760876,26.71103858947754,3225700,0.0,0.0
2016-04-05 00:00:00-04:00,26.485096028556672,26.973399984774737,26.0478088205941,26.44136619567871,4397400,0.0,0.0
2016-04-06 00:00:00-04:00,26.725607910917592,26.75476113801993,25.552219712198518,26.57984733581543,6859700,0.0,0.0
2016-04-07 00:00:00-04:00,26.41950453944912,27.374251773334546,26.368487787582403,27.301368713378906,8238500,0.0,0.0
2016-04-08 00:00:00-04:00,27.571022455007324,28.67152987279548,27.56373276139748,28.205089569091797,6048100,0.0,0.0
2016-04-11 00:00:00-04:00,28.409169258329356,28.518492469918524,27.6657786480554,27.687644958496094,4808200,0.0,0.0
2016-04-12 00:00:00-04:00,27.840692553248605,28.605946620167604,27.46899589375357,28.41645622253418,7376900,0.0,0.0
2016-04-13 00:00:00-04:00,28.576791650377704,29.08696192389724,28.226961320588277,28.90475845336914,4598800,0.0,0.0
2016-04-14 00:00:00-04:00,28.93391100509906,29.283741326778024,28.401877217116205,28.729841232299805,4263200,0.0,0.0
2016-04-15 00:00:00-04:00,28.671538420530386,28.853741892246973,27.534587756145317,27.622047424316406,7522700,0.0,0.0
2016-04-18 00:00:00-04:00,27.62205293279078,28.052053323002095,27.04628918009675,28.001033782958984,3663800,0.0,0.0
2016-04-19 00:00:00-04:00,28.299847038808917,28.431030992140347,27.33052314992665,27.935440063476562,4934300,0.0,0.0
2016-04-20 00:00:00-04:00,27.840693453964356,28.788151033193085,27.505439704118043,28.751710891723633,4593700,0.0,0.0
2016-04-21 00:00:00-04:00,28.737145631233577,29.793926832539356,28.43833190481525,29.677316665649414,8873000,0.0,0.0
2016-04-22 00:00:00-04:00,29.764761350349957,30.551878957980353,29.684591372307008,30.216625213623047,6155200,0.0,0.0
2016-04-25 00:00:00-04:00,30.1000091381813,30.28221258669354,29.567975402150037,30.01255226135254,3947800,0.0,0.0
2016-04-26 00:00:00-04:00,30.172898156657464,30.384252085801702,29.764761350349957,30.216625213623047,3854700,0.0,0.0
2016-04-27 00:00:00-04:00,30.398828341454273,30.792388530753218,29.735607776615463,30.151031494140625,6778700,0.0,0.0
2016-04-28 00:00:00-04:00,29.509677316578234,31.528489460722106,29.27645430065592,29.86679458618164,7923000,0.0,0.0
2016-04-29 00:00:00-04:00,29.670010681670064,29.874080446875983,27.753232289222577,28.482046127319336,7856200,0.0,0.0
2016-05-02 00:00:00-04:00,28.44561705566601,28.591380450268893,27.425278853856838,28.117652893066406,7610800,0.0,0.0
2016-05-03 00:00:00-04:00,27.61476189070173,27.87713537435192,27.177474604754583,27.687644958496094,5565000,0.0,0.0
2016-05-04 00:00:00-04:00,27.571042999585543,27.69494008123978,26.193581802277507,26.39765167236328,5744300,0.0,0.0
2016-05-05 00:00:00-04:00,26.762046201588483,27.009843028647794,26.149842439453963,26.302892684936523,5097900,0.0,0.0
2016-05-06 00:00:00-04:00,26.157143486731325,26.944264226247913,26.076973472868808,26.149856567382812,4980300,0.0,0.0
2016-05-09 00:00:00-04:00,26.011370513194333,26.076963884034523,24.78696277764726,25.472049713134766,6539800,0.0,0.0
2016-05-10 00:00:00-04:00,25.81458427155734,25.996787727274842,25.297127124568625,25.836450576782227,5512300,0.0,0.0
2016-05-11 00:00:00-04:00,25.814582304595664,26.718312599383847,25.552211683725435,26.16441535949707,5005300,0.0,0.0
2016-05-12 00:00:00-04:00,26.16441830671703,26.711028693791587,25.3627214042185,25.501197814941406,4563500,0.0,0.0
2016-05-13 00:00:00-04:00,25.384589249400147,26.193570335950422,25.267976357424214,25.8656063079834,6937900,0.0,0.0
2016-05-16 00:00:00-04:00,26.078879899893085,26.23332268174437,25.33608165944159,26.203907012939453,6189400,0.32,0.0
2016-05-17 00:00:00-04:00,26.21126989502636,27.101158029678217,26.130370463603253,26.527511596679688,5278600,0.0,0.0
2016-05-18 00:00:00-04:00,26.490740246687697,27.608617447957556,26.483384222550384,27.020261764526367,4593700,0.0,0.0
2016-05-19 00:00:00-04:00,26.57164107373284,27.299730393471645,26.18920915805635,26.549575805664062,6881400,0.0,0.0
2016-05-20 00:00:00-04:00,26.681950260994387,26.94671097495586,26.10830391774501,26.93935775756836,4728700,0.0,0.0
2016-05-23 00:00:00-04:00,26.777556415974317,27.277659316579477,26.145073170767763,26.15978240966797,3577400,0.0,0.0
2016-05-24 00:00:00-04:00,26.30687378703924,26.615759408505145,26.034759862581094,26.336292266845703,4533300,0.0,0.0
2016-05-25 00:00:00-04:00,26.630471496496238,26.630471496496238,25.909735497160217,26.240686416625977,4667800,0.0,0.0
2016-05-26 00:00:00-04:00,26.402476529547304,26.402476529547304,25.284599796810202,25.409624099731445,3698400,0.0,0.0
2016-05-27 00:00:00-04:00,25.490532682876285,25.836192853968853,25.049266647631292,25.821483612060547,3097300,0.0,0.0
2016-05-31 00:00:00-04:00,25.858252165098264,26.152431356437543,25.291959045345603,25.615556716918945,6214000,0.0,0.0
2016-06-01 00:00:00-04:00,25.615564480877364,26.865819409264024,25.321385200373715,26.79962921142578,7371800,0.0,0.0
2016-06-02 00:00:00-04:00,26.82904562503354,27.57184698836512,26.56428485416293,26.97613525390625,6626000,0.0,0.0
2016-06-03 00:00:00-04:00,26.954077469506434,26.99820240197541,25.865615710241585,26.078895568847656,5428400,0.0,0.0
2016-06-06 00:00:00-04:00,26.24068248124472,26.2553917205151,25.534655829269653,25.953859329223633,4926300,0.0,0.0
2016-06-07 00:00:00-04:00,26.07889119828353,27.12322504455758,25.990638542634045,26.954072952270508,5602200,0.0,0.0
2016-06-08 00:00:00-04:00,27.204117953602832,27.29972380532372,26.483379221318103,27.123218536376953,7202300,0.0,0.0
2016-06-09 00:00:00-04:00,26.73343474768112,27.33649965152997,26.32894040566071,27.17470359802246,6032100,0.0,0.0
2016-06-10 00:00:00-04:00,26.711373294980593,27.167348599254154,26.645183105206915,26.77021026611328,5103300,0.0,0.0
2016-06-13 00:00:00-04:00,26.520158150574925,26.63782928468031,24.953658898327276,24.97572135925293,8104000,0.0,0.0
2016-06-14 00:00:00-04:00,24.938947740603112,25.37286054032435,23.629856123529283,24.129959106445312,9838400,0.0,0.0
2016-06-15 00:00:00-04:00,23.813719370733484,25.40963430975906,23.54895861639717,24.416784286499023,8382500,0.0,0.0
2016-06-16 00:00:00-04:00,24.22556195777435,24.637412247109218,23.784295994951727,24.5565128326416,5010100,0.0,0.0
2016-06-17 00:00:00-04:00,24.666831504819402,25.203706138552715,24.394714773837617,24.637413024902344,7417300,0.0,0.0
2016-06-20 00:00:00-04:00,25.005141625184542,25.483182219631253,24.71831839071705,25.439054489135742,6165600,0.0,0.0
2016-06-21 00:00:00-04:00,25.45375587954042,26.020048954761833,25.22576688390568,25.88766860961914,5464000,0.0,0.0
2016-06-22 00:00:00-04:00,25.88766830203431,26.20390992217326,25.696451003322167,25.931793212890625,4887700,0.0,0.0
2016-06-23 00:00:00-04:00,26.380419109304537,26.939359044479858,26.064177442021332,26.932003021240234,5518700,0.0,0.0
2016-06-24 00:00:00-04:00,25.65968061577562,26.387772542486193,25.55671874453385,25.983278274536133,11571600,0.0,0.0
2016-06-27 00:00:00-04:00,25.615555179744874,25.622908396611784,24.152018139184012,24.21820831298828,8203000,0.0,0.0
2016-06-28 00:00:00-04:00,24.93160043880351,26.270110856139702,24.858054214745618,26.255401611328125,9479600,0.0,0.0
2016-06-29 00:00:00-04:00,26.520153226236502,27.704217565904745,26.35835439482194,27.402685165405273,9061600,0.0,0.0
2016-06-30 00:00:00-04:00,27.32913833295517,27.93955907974318,26.50544065082581,27.91749382019043,8066400,0.0,0.0
2016-07-01 00:00:00-04:00,27.696868352609606,29.005960016383977,27.6821591107637,28.880935668945312,7446200,0.0,0.0
2016-07-05 00:00:00-04:00,28.54262075340962,28.623517344787004,27.82188500791138,28.52055549621582,7322800,0.0,0.0
2016-07-06 00:00:00-04:00,28.358762088278986,28.373471325913236,26.431894040695823,26.8437442779541,10528800,0.0,0.0
2016-07-07 00:00:00-04:00,27.03496249208744,27.4468127862582,25.858251373743276,26.09359359741211,10002000,0.0,0.0
2016-07-08 00:00:00-04:00,26.417194050319534,27.123223676405836,26.056827421385993,26.77021026611328,5719300,0.0,0.0
2016-07-11 00:00:00-04:00,26.784919966850442,27.29237908544416,26.54222444511124,26.79962921142578,5288300,0.0,0.0
2016-07-12 00:00:00-04:00,27.012904201610105,27.770411925532823,26.851105345820386,27.60861587524414,5724500,0.0,0.0
2016-07-13 00:00:00-04:00,27.57919584468261,27.814538091450498,26.593699134279248,27.19676399230957,6007500,0.0,0.0
2016-07-14 00:00:00-04:00,27.39533675442001,27.78512185611852,27.16734770702028,27.49829864501953,7515800,0.0,0.0
2016-07-15 00:00:00-04:00,27.682163055414517,27.821899470112257,26.76285635030377,26.88052749633789,10004800,0.0,0.0
2016-07-18 00:00:00-04:00,26.902580737965188,27.564479586436345,26.453958817551307,27.24088478088379,6841400,0.0,0.0
2016-07-19 00:00:00-04:00,27.211474148284697,27.718930358907492,27.130574722206937,27.601259231567383,4975700,0.0,0.0
2016-07-20 00:00:00-04:00,27.432101217043385,27.932204101245816,27.04966943468268,27.799823760986328,3506000,0.0,0.0
2016-07-21 00:00:00-04:00,27.866024182577192,28.101366472839278,27.262959213092913,27.307086944580078,3777800,0.0,0.0
2016-07-22 00:00:00-04:00,27.402690487403937,27.82925010561342,27.03496783949969,27.81454086303711,4291800,0.0,0.0
2016-07-25 00:00:00-04:00,27.52772659621662,27.557145090933616,27.012914160677425,27.137941360473633,5337200,0.0,0.0
2016-07-26 00:00:00-04:00,27.064397930014376,28.51322668178318,26.90260180329823,28.39555549621582,5789700,0.0,0.0
2016-07-27 00:00:00-04:00,28.432307860184284,28.7044217655337,27.689509532987092,27.821889877319336,7513800,0.0,0.0
2016-07-28 00:00:00-04:00,28.108713969550042,28.645588581670893,27.226179246070345,28.07193946838379,6364200,0.0,0.0
2016-07-29 00:00:00-04:00,27.954262390508987,29.13097603907826,27.682148534080444,28.96917724609375,8334900,0.0,0.0
2016-08-01 00:00:00-04:00,28.777968932227456,29.101563781806227,28.344056190144272,28.53527069091797,8869100,0.0,0.0
2016-08-02 00:00:00-04:00,28.91035160710479,29.25600894079516,28.116069450367892,28.52791976928711,6052000,0.0,0.0
2016-08-03 00:00:00-04:00,28.219038631701196,30.48421176372383,28.219038631701196,30.315059661865234,10374100,0.0,0.0
2016-08-04 00:00:00-04:00,30.29299694671998,30.638657204510867,29.65316019348092,29.881149291992188,7258700,0.0,0.0
2016-08-05 00:00:00-04:00,30.0061669606345,31.028435454284008,29.86643336695976,30.822511672973633,5781200,0.0,0.0
2016-08-08 00:00:00-04:00,31.065198666154426,31.322603299188934,30.66070166352865,30.837209701538086,5419400,0.0,0.0
2016-08-09 00:00:00-04:00,30.8298752814157,30.85194055506458,30.050304814872604,30.175329208374023,3650100,0.0,0.0
2016-08-10 00:00:00-04:00,30.278276368800018,31.01372154041625,29.998809223546342,30.145898818969727,5790600,0.0,0.0
2016-08-11 00:00:00-04:00,30.21209205922771,31.190232777770834,30.123836609726837,30.815156936645508,4496100,0.0,0.0
2016-08-12 00:00:00-04:00,30.991662443635374,31.013724903416,30.160608524052794,30.6754207611084,5268200,0.0,0.0
2016-08-15 00:00:00-04:00,30.949909819379126,30.98700166580251,30.349011719584976,30.571565628051758,4106300,0.36,0.0
2016-08-16 00:00:00-04:00,30.534461603876686,31.446934245626768,30.519624305239446,31.25405502319336,4935600,0.0,0.0
2016-08-17 00:00:00-04:00,31.29857059622727,31.48403262286273,30.994412985742148,31.31340789794922,4217500,0.0,0.0
2016-08-18 00:00:00-04:00,31.36533934359006,31.528546844597283,30.986998026622395,31.521129608154297,4337000,0.0,0.0
2016-08-19 00:00:00-04:00,31.268898265353737,31.402431148545176,31.016669800428343,31.165037155151367,3460300,0.0,0.0
2016-08-22 00:00:00-04:00,30.949903763517895,31.01667020598662,30.05968547391023,30.48995590209961,5527100,0.0,0.0
2016-08-23 00:00:00-04:00,30.816367816452484,31.335662002950112,30.65316034442949,31.105688095092773,4376400,0.0,0.0
2016-08-24 00:00:00-04:00,31.239218982490904,31.432098212691134,30.89796958986909,31.135360717773438,4455800,0.0,0.0
2016-08-25 00:00:00-04:00,31.20214212360099,31.30600043816115,30.76445149086402,31.083446502685547,3486300,0.0,0.0
2016-08-26 00:00:00-04:00,31.172458502341698,31.424686977636195,30.71993069402574,31.046342849731445,2898100,0.0,0.0
2016-08-29 00:00:00-04:00,31.046343869008265,31.639824651486375,31.02408933013947,31.372758865356445,2414600,0.0,0.0
2016-08-30 00:00:00-04:00,31.372754755625923,31.728841480510905,31.127943540434273,31.66207504272461,2865800,0.0,0.0
2016-08-31 00:00:00-04:00,31.55821279215205,31.877207640280382,31.120522384017278,31.53595542907715,3362800,0.0,0.0
2016-09-01 00:00:00-04:00,31.565635053056646,31.60272689085414,30.70509139849602,31.090852737426758,3870600,0.0,0.0
2016-09-02 00:00:00-04:00,31.432107560708005,31.550803159960658,30.98699977099214,31.395015716552734,3164800,0.0,0.0
2016-09-06 00:00:00-04:00,31.573062485023453,32.00333299772918,31.343088509141424,31.877220153808594,4003300,0.0,0.0
2016-09-07 00:00:00-04:00,31.892058142054438,32.225887597201336,31.728850618257077,31.96624183654785,4288200,0.0,0.0
2016-09-08 00:00:00-04:00,32.114603677191795,32.53745685132592,31.69916773860133,32.233299255371094,4807200,0.0,0.0
2016-09-09 00:00:00-04:00,31.854960029141193,32.084933985149235,31.3282484972378,31.335668563842773,4367200,0.0,0.0
2016-09-12 00:00:00-04:00,30.95732675996001,32.39651132884834,30.601239943841037,32.151702880859375,6157400,0.0,0.0
2016-09-13 00:00:00-04:00,31.587902231885614,31.981080928539367,31.19472070530516,31.528553009033203,4355700,0.0,0.0
2016-09-14 00:00:00-04:00,31.498862883570336,31.921715983383773,30.79410677390617,31.061172485351562,5301700,0.0,0.0
2016-09-15 00:00:00-04:00,31.187294416703665,32.74517427542777,31.187294416703665,32.44843673706055,6668000,0.0,0.0
2016-09-16 00:00:00-04:00,31.966230793420877,32.53003403460708,31.47661122110043,32.35940933227539,7023600,0.0,0.0
2016-09-19 00:00:00-04:00,32.61163803993445,33.05674854661296,32.20362219792334,32.44101333618164,6621300,0.0,0.0
2016-09-20 00:00:00-04:00,32.53745769836868,32.59680407404038,31.565635681152344,31.565635681152344,5480100,0.0,0.0
2016-09-21 00:00:00-04:00,31.840111682391957,32.09976015491059,31.580466039798576,32.05524826049805,4879300,0.0,0.0
2016-09-22 00:00:00-04:00,32.344582136243034,32.50778965464076,31.65466304655904,31.66950035095215,5651300,0.0,0.0
2016-09-23 00:00:00-04:00,31.37275743772885,31.877214381924105,30.742184842521798,31.365337371826172,7784300,0.0,0.0
2016-09-26 00:00:00-04:00,31.521128319466595,31.65465837946427,30.74218551826961,30.771860122680664,6550300,0.0,0.0
2016-09-27 00:00:00-04:00,30.549305965139173,31.18729580440914,30.274822951706515,31.046342849731445,4728400,0.0,0.0
2016-09-28 00:00:00-04:00,31.30599405129813,31.669498078098748,30.764445214484574,31.63240623474121,5304400,0.0,0.0
2016-09-29 00:00:00-04:00,31.469197111763386,31.684333754084196,29.1472144437114,29.481046676635742,13820900,0.0,0.0
2016-09-30 00:00:00-04:00,29.755531251604978,30.408358448944657,29.317840707809527,30.111618041992188,7756300,0.0,0.0
2016-10-03 00:00:00-04:00,30.245150633637632,30.438029915241053,29.874226543693474,30.38610076904297,5327300,0.0,0.0
2016-10-04 00:00:00-04:00,30.497378269780253,31.387596626580134,30.48254096700887,30.697677612304688,4106900,0.0,0.0
2016-10-05 00:00:00-04:00,31.038917230123392,31.63981506688669,30.912801611576665,31.357912063598633,4099500,0.0,0.0
2016-10-06 00:00:00-04:00,31.61015229682869,31.67691874811454,30.89055863629524,31.42469024658203,5607400,0.0,0.0
2016-10-07 00:00:00-04:00,31.42469392949162,31.506297693952153,30.79412118679537,30.987003326416016,4427900,0.0,0.0
2016-10-10 00:00:00-04:00,31.51370767179387,31.624986021318588,31.17245821714284,31.506290435791016,3808300,0.0,0.0
2016-10-11 00:00:00-04:00,31.528543591099357,31.862375795107933,30.831207410445998,31.127944946289062,5130600,0.0,0.0
2016-10-12 00:00:00-04:00,31.0166700399427,31.150202924165296,30.37868022197384,30.905391693115234,3738600,0.0,0.0
2016-10-13 00:00:00-04:00,30.61607633476497,31.001837748198884,30.007761021637815,30.831212997436523,4327500,0.0,0.0
2016-10-14 00:00:00-04:00,31.11311357106458,31.142788179278714,30.51963555641394,30.897979736328125,4642100,0.0,0.0
2016-10-17 00:00:00-04:00,30.890555422912314,31.365337769366427,30.757022534231343,31.046342849731445,4100300,0.0,0.0
2016-10-18 00:00:00-04:00,31.328246991794646,31.929145011241086,31.268900611437896,31.69917106628418,3060700,0.0,0.0
2016-10-19 00:00:00-04:00,31.840128096266756,31.95140647470051,31.343091087096557,31.63983154296875,7261200,0.0,0.0
2016-10-20 00:00:00-04:00,31.461779231772017,32.07751454100482,31.320829105165906,31.936561584472656,3051100,0.0,0.0
2016-10-21 00:00:00-04:00,31.647237365074382,32.84161316572975,31.573053692829305,32.70808029174805,4808900,0.0,0.0
2016-10-24 00:00:00-04:00,32.745173209174965,32.88612615299111,32.322320037578116,32.47810745239258,5061700,0.0,0.0
2016-10-25 00:00:00-04:00,32.51519607862737,33.078999259364885,32.18136394467246,32.41133499145508,6612700,0.0,0.0
2016-10-26 00:00:00-04:00,32.13685801950189,33.30155925769823,32.09234611673151,32.83419418334961,6606600,0.0,0.0
2016-10-27 00:00:00-04:00,32.678412204562186,32.760015958253,30.7866998859868,31.758522033691406,13679400,0.0,0.0
2016-10-28 00:00:00-04:00,31.57305852983398,31.92914530502924,31.068601557492492,31.76593780517578,8268500,0.0,0.0
2016-10-31 00:00:00-04:00,32.055251356438866,32.61163735566858,32.032996822045845,32.337154388427734,8739900,0.0,0.0
2016-11-01 00:00:00-04:00,32.84902949550669,33.31639454155981,30.964737671120297,31.40984535217285,12845600,0.0,0.0
2016-11-02 00:00:00-04:00,31.076011929719243,31.550794191774912,30.193213838079828,30.415767669677734,7099100,0.0,0.0
2016-11-03 00:00:00-04:00,30.571561408303804,30.757023444748153,29.681343067385725,30.549306869506836,5769600,0.0,0.0
2016-11-04 00:00:00-04:00,30.415785722632556,30.987009355063503,30.36385655876858,30.586410522460938,3246400,0.0,0.0
2016-11-07 00:00:00-05:00,31.14277910176888,31.617561375099665,31.024083533436187,31.602724075317383,7400800,0.0,0.0
2016-11-08 00:00:00-05:00,31.550793568531073,31.558213633062216,30.905386620668647,31.02408218383789,4412300,0.0,0.0
2016-11-09 00:00:00-05:00,30.801527472271243,32.57454363429787,30.73476104303518,32.32231521606445,8587700,0.0,0.0
2016-11-10 00:00:00-05:00,32.307482665277604,33.086422567554806,32.107183348133326,32.507781982421875,5939900,0.0,0.0
2016-11-11 00:00:00-05:00,32.35200280269734,32.685835082910096,31.84012569639562,32.61164855957031,6497300,0.0,0.0
2016-11-14 00:00:00-05:00,32.61912011909011,33.052943203236225,32.439605249355544,32.60416030883789,6751800,0.36,0.0
2016-11-15 00:00:00-05:00,32.67896888013726,33.165152910897405,31.998312949048945,32.783687591552734,8535100,0.0,0.0
2016-11-16 00:00:00-05:00,32.61164404395895,32.82107856795651,32.24513862022511,32.52936935424805,4165600,0.0,0.0
2016-11-17 00:00:00-05:00,32.79863815284433,33.127748332188325,32.30497573712093,32.432132720947266,3985300,0.0,0.0
2016-11-18 00:00:00-05:00,32.31246349714877,32.61165125671446,31.84123928054871,32.39474105834961,4892600,0.0,0.0
2016-11-21 00:00:00-05:00,33.957995637542325,35.36418366363233,33.58400891401561,35.28190612792969,20270900,0.0,0.0
2016-11-22 00:00:00-05:00,35.49134488530515,36.50858935169328,35.401588859827555,35.80549240112305,13037000,0.0,0.0
2016-11-23 00:00:00-05:00,35.528740158424675,35.992482915254875,35.38662622497623,35.685813903808594,4399300,0.0,0.0
2016-11-25 00:00:00-05:00,35.5137768101171,36.07475686202072,35.43149927931116,36.05231857299805,1987600,0.0,0.0
2016-11-28 00:00:00-05:00,36.29166806239382,36.52354083304965,35.12482858419474,35.19214630126953,5624500,0.0,0.0
2016-11-29 00:00:00-05:00,34.84809485866855,35.11736584767096,34.30955288066373,34.39183044433594,7758700,0.0,0.0
2016-11-30 00:00:00-05:00,34.60125064510544,35.356705429710026,33.35961482852118,35.16971206665039,11079900,0.0,0.0
2016-12-01 00:00:00-05:00,35.52126239479978,36.86761410990318,35.29686806453885,35.708255767822266,8711700,0.0,0.0
2016-12-02 00:00:00-05:00,35.640941358864964,36.41883169458601,35.640941358864964,35.753135681152344,4422900,0.0,0.0
2016-12-05 00:00:00-05:00,36.10467671009438,36.366466261313164,35.65589095377232,35.91020202636719,4806600,0.0,0.0
2016-12-06 00:00:00-05:00,35.82046001289489,35.835419829280234,35.26696107310343,35.32679748535156,5347900,0.0,0.0
2016-12-07 00:00:00-05:00,35.79052829485319,37.61558533149848,35.64093588809862,37.13688278198242,9689700,0.0,0.0
2016-12-08 00:00:00-05:00,37.47347069564869,37.929734980928956,37.07704565912958,37.44355392456055,5206800,0.0,0.0
2016-12-09 00:00:00-05:00,37.36128459825684,37.83250879932878,36.77038472664363,36.97981643676758,6294500,0.0,0.0
2016-12-12 00:00:00-05:00,37.7203060560158,37.88486114876616,36.25427859441709,36.718021392822266,5550300,0.0,0.0
2016-12-13 00:00:00-05:00,36.89005184886012,37.234118965275876,36.598342647842735,36.83021545410156,4919100,0.0,0.0
2016-12-14 00:00:00-05:00,36.45623113847414,37.009729953298304,36.13460229203878,36.21687698364258,5243300,0.0,0.0
2016-12-15 00:00:00-05:00,36.1944315754106,36.837689141825024,36.1944315754106,36.56093978881836,5436000,0.0,0.0
2016-12-16 00:00:00-05:00,36.76289932841089,37.75770261761506,36.65070216007325,37.480953216552734,6769600,0.0,0.0
2016-12-19 00:00:00-05:00,37.16680985031912,37.2341275933294,36.65818753719548,36.97981643676758,4203200,0.0,0.0
2016-12-20 00:00:00-05:00,37.09947727725409,37.2565538503507,36.695573833940855,36.9349250793457,3368100,0.0,0.0
2016-12-21 00:00:00-05:00,36.80030038918985,36.92745452711239,35.97752774631208,36.643226623535156,8127100,0.0,0.0
2016-12-22 00:00:00-05:00,36.89752519306157,37.92224784109243,36.86012424448097,37.652976989746094,6110000,0.0,0.0
2016-12-23 00:00:00-05:00,37.5033874559759,38.146645064571906,37.30143428676839,37.98208999633789,3346400,0.0,0.0
2016-12-27 00:00:00-05:00,38.004534460671834,38.25136423130045,37.899815774185875,38.23640441894531,3501000,0.0,0.0
2016-12-28 00:00:00-05:00,38.199006607419186,38.258845857298276,37.615588187560455,37.6455078125,3240700,0.0,0.0
2016-12-29 00:00:00-05:00,37.66794609501222,38.20648793061763,37.45851442707344,37.73526382446289,2684000,0.0,0.0
2016-12-30 00:00:00-05:00,37.72777914926823,37.854936117317955,37.398671864049795,37.66046142578125,3477200,0.0,0.0
2017-01-03 00:00:00-05:00,40.16618045802947,40.831876465185324,39.22373218126402,39.590240478515625,13329200,0.0,0.0
2017-01-04 00:00:00-05:00,39.605198274187,40.01658313765391,38.1690876386189,38.32616424560547,10980400,0.0,0.0
2017-01-05 00:00:00-05:00,38.52063250595874,38.737545490296995,37.42111062623027,38.184043884277344,9534900,0.0,0.0
2017-01-06 00:00:00-05:00,38.22892815926488,38.33364399853895,37.61559008355167,37.6754264831543,4748300,0.0,0.0
2017-01-09 00:00:00-05:00,37.436066825772876,37.563223783158904,36.91996622451568,36.9947624206543,8037700,0.0,0.0
2017-01-10 00:00:00-05:00,37.02469815828882,37.36876537557547,36.628273010253906,36.628273010253906,5124400,0.0,0.0
2017-01-11 00:00:00-05:00,36.94989914079808,37.39868218570939,36.725504765049415,37.144371032714844,6681500,0.0,0.0
2017-01-12 00:00:00-05:00,37.10696315815965,37.19671917286806,36.44874572594943,36.83769226074219,3952600,0.0,0.0
2017-01-13 00:00:00-05:00,36.58337178091733,36.755405287139425,35.79051910358411,36.186946868896484,5758400,0.0,0.0
2017-01-17 00:00:00-05:00,36.45622705985224,37.09948182746481,36.09719729441845,36.44874572753906,5121300,0.0,0.0
2017-01-18 00:00:00-05:00,36.15703489309222,36.90500830597928,36.05231907181477,36.57590103149414,3751600,0.0,0.0
2017-01-19 00:00:00-05:00,36.60582236187007,36.66566161193931,35.850370376147,36.17947769165039,4185700,0.0,0.0
2017-01-20 00:00:00-05:00,36.50109958149922,36.680614444253365,36.20939042615418,36.4711799621582,5033300,0.0,0.0
2017-01-23 00:00:00-05:00,36.32158947585618,36.47866320569171,35.99247935243838,36.44126510620117,8149200,0.0,0.0
2017-01-24 00:00:00-05:00,36.74045303962398,37.757697332071366,36.62825874028447,37.46598815917969,7319700,0.0,0.0
2017-01-25 00:00:00-05:00,37.615578082673316,37.630537891124355,36.77036745158604,37.151832580566406,7580200,0.0,0.0
2017-01-26 00:00:00-05:00,37.46600045331881,37.46600045331881,36.860140766226316,36.97981643676758,4333300,0.0,0.0
2017-01-27 00:00:00-05:00,37.0920060012633,37.398675022314585,36.403868897140626,36.710540771484375,5084000,0.0,0.0
2017-01-30 00:00:00-05:00,36.74046726979041,36.80030653524854,35.99249357132313,36.1720085144043,5473900,0.0,0.0
2017-01-31 00:00:00-05:00,36.30662505872911,36.35150163110688,35.06498948145701,35.94011688232422,5308900,0.0,0.0
2017-02-01 00:00:00-05:00,37.159322566590504,37.37623555971632,35.229549626299935,35.685813903808594,7659300,0.0,0.0
2017-02-02 00:00:00-05:00,36.23184167222484,36.276721117287366,35.476389560076626,35.827938079833984,4151300,0.0,0.0
2017-02-03 00:00:00-05:00,35.76809261240685,36.276714821675185,35.28190869512927,36.022403717041016,3778900,0.0,0.0
2017-02-06 00:00:00-05:00,36.044842232287074,36.463708422894335,35.75313302143072,36.17947769165039,7976500,0.0,0.0
2017-02-07 00:00:00-05:00,35.999967594421854,36.28419548774053,35.588582714477326,35.850372314453125,3999700,0.0,0.0
2017-02-08 00:00:00-05:00,35.581097332854284,36.75541543906546,35.44646188153012,36.740455627441406,4461300,0.0,0.0
2017-02-09 00:00:00-05:00,37.136878036536736,37.458506805886586,36.82272774525209,37.346309661865234,4231700,0.0,0.0
2017-02-10 00:00:00-05:00,37.67541716606582,37.75021621368717,37.15931657729218,37.50338363647461,2787200,0.0,0.0
2017-02-13 00:00:00-05:00,37.49591039863658,37.90729523152576,37.33883380332532,37.60810470581055,3256400,0.0,0.0
2017-02-14 00:00:00-05:00,37.69096591375466,38.39913303033173,37.442356193794375,38.391597747802734,4359300,0.36,0.0
2017-02-15 00:00:00-05:00,38.263541875352246,38.54228708836287,37.87179037048547,38.150535583496094,4396100,0.0,0.0
2017-02-16 00:00:00-05:00,38.41420742491775,38.42173983489293,37.562901404284915,37.63823699951172,2955400,0.0,0.0
2017-02-17 00:00:00-05:00,37.419772187527734,37.70605271750729,37.22389785051206,37.68345260620117,3352700,0.0,0.0
2017-02-21 00:00:00-05:00,38.03000175935228,38.12794036660214,37.6608531898155,37.95466613769531,3963500,0.0,0.0
2017-02-22 00:00:00-05:00,37.74371627551558,37.94712587596408,37.344432360118184,37.52524185180664,3157900,0.0,0.0
2017-02-23 00:00:00-05:00,37.96218418441408,38.158061324788676,37.60810057410753,37.93204879760742,2673300,0.0,0.0
2017-02-24 00:00:00-05:00,37.66837889620668,37.69851428905227,37.23895960669947,37.69097900390625,3118700,0.0,0.0
2017-02-27 00:00:00-05:00,37.683449650459394,38.37654649893383,37.66084954092594,38.24094009399414,5134400,0.0,0.0
2017-02-28 00:00:00-05:00,38.04505530619022,38.549810106043104,37.284155464568634,37.36702346801758,5659400,0.0,0.0
2017-03-01 00:00:00-05:00,37.66837242007634,38.798423592678624,37.64577231626229,38.414207458496094,5952800,0.0,0.0
2017-03-02 00:00:00-05:00,38.346414213091954,38.7306304468685,37.96973039124967,38.45188522338867,4947400,0.0,0.0
2017-03-03 00:00:00-05:00,38.55735701302829,38.70803111958461,38.27107649795824,38.625160217285156,3990700,0.0,0.0
2017-03-06 00:00:00-05:00,38.45187338757925,38.65528293362725,38.05258670509897,38.53474426269531,6826700,0.0,0.0
2017-03-07 00:00:00-05:00,38.52722355425849,38.76076857485791,37.75125574619832,37.78139114379883,3413700,0.0,0.0
2017-03-08 00:00:00-05:00,37.78139382089334,38.37655215939156,37.72865830829058,37.834129333496094,5849200,0.0,0.0
2017-03-09 00:00:00-05:00,37.68345082377607,37.80398953482341,36.85474467068978,37.12595748901367,4951800,0.0,0.0
2017-03-10 00:00:00-05:00,37.35196398272535,37.63070916761863,36.89240932387456,37.570438385009766,4704400,0.0,0.0
2017-03-13 00:00:00-04:00,37.57043384710089,38.48954305378875,37.56290143711912,38.414207458496094,5771600,0.0,0.0
2017-03-14 00:00:00-04:00,37.98478769279646,38.11286166127183,37.41976207192795,37.675907135009766,5883000,0.0,0.0
2017-03-15 00:00:00-04:00,38.02999714924365,38.873768079770215,37.78891974052177,38.84363555908203,6299200,0.0,0.0
2017-03-16 00:00:00-04:00,38.911433815072904,39.35592076976939,38.50461466185191,38.557350158691406,5216100,0.0,0.0
2017-03-17 00:00:00-04:00,38.775832387683,38.98677440200734,38.08273268167967,38.26354217529297,5309600,0.0,0.0
2017-03-20 00:00:00-04:00,38.16560554415239,38.278611842710596,37.78892171411778,38.045066833496094,5599300,0.0,0.0
2017-03-21 00:00:00-04:00,38.029991075551386,38.12792965528727,37.02801379442535,37.11088180541992,5192700,0.0,0.0
2017-03-22 00:00:00-04:00,36.997876855469535,37.54030235268582,36.86227048116546,37.344425201416016,4048700,0.0,0.0
2017-03-23 00:00:00-04:00,37.329352124480614,37.630700218118825,37.050607005879726,37.14101028442383,2721500,0.0,0.0
2017-03-24 00:00:00-04:00,37.299220897086215,37.30675618089455,36.77186598525185,36.81706619262695,3563200,0.0,0.0
2017-03-27 00:00:00-04:00,36.44791797224212,36.96020806725993,36.29724390773063,36.78693389892578,3191800,0.0,0.0
2017-03-28 00:00:00-04:00,36.86227501960713,37.0355492139137,36.621197629800676,36.9376106262207,4069800,0.0,0.0
2017-03-29 00:00:00-04:00,36.930081599049274,38.135468658532425,36.892413792290945,38.082733154296875,3867400,0.0,0.0
2017-03-30 00:00:00-04:00,38.12038248088211,38.27859179076076,37.668363271175224,37.773834228515625,5893200,0.0,0.0
2017-03-31 00:00:00-04:00,37.58549774159736,38.301197320005954,37.54029753853833,38.07518768310547,4851500,0.0,0.0
2017-04-03 00:00:00-04:00,38.18066211580452,38.301200791334054,37.38962687802519,37.6231689453125,2746700,0.0,0.0
2017-04-04 00:00:00-04:00,37.8341183833452,37.90945398701085,37.3218282315854,37.894386291503906,2445700,0.0,0.0
2017-04-05 00:00:00-04:00,38.16560371406314,38.5573552233785,37.21636177239587,37.24649429321289,4060300,0.0,0.0
2017-04-06 00:00:00-04:00,37.41976993770845,38.007398661164395,37.28416640415503,37.54784393310547,4536100,0.0,0.0
2017-04-07 00:00:00-04:00,37.48004298283699,37.99233324748685,37.29923347077893,37.68345260620117,3526800,0.0,0.0
2017-04-10 00:00:00-04:00,37.9094405662013,38.271056508740415,37.75876653834299,37.773834228515625,3773900,0.0,0.0
2017-04-11 00:00:00-04:00,37.811507764022046,38.07518807131813,37.60056581727996,37.99231719970703,4537300,0.0,0.0
2017-04-12 00:00:00-04:00,38.10532652129933,38.37653638583924,37.54030094090428,37.6231689453125,2986600,0.0,0.0
2017-04-13 00:00:00-04:00,37.56290461880731,37.66837561069823,36.990343700158064,37.09581756591797,3373800,0.0,0.0
2017-04-17 00:00:00-04:00,37.125950533868554,37.63070826760369,37.11841812315715,37.593040466308594,3563200,0.0,0.0
2017-04-18 00:00:00-04:00,37.367030683065195,37.6759112747913,36.64379849861421,36.869808197021484,3526500,0.0,0.0
2017-04-19 00:00:00-04:00,36.764333690874004,37.03554645265274,35.99589849045726,36.304779052734375,5526800,0.0,0.0
2017-04-20 00:00:00-04:00,36.37257381235491,36.93006690166381,36.25957043705288,36.568450927734375,3066800,0.0,0.0
2017-04-21 00:00:00-04:00,36.545859748232076,36.915011123974274,36.432856336459814,36.58353042602539,4201400,0.0,0.0
2017-04-24 00:00:00-04:00,37.186218492537236,37.99985385945722,36.99787662648822,37.8115119934082,5269900,0.0,0.0
2017-04-25 00:00:00-04:00,37.87178848711051,37.984791899477585,37.58550800281595,37.69097900390625,3813600,0.0,0.0
2017-04-26 00:00:00-04:00,37.47249732252007,37.75124246760497,37.15608150674994,37.36702346801758,4885500,0.0,0.0
2017-04-27 00:00:00-04:00,37.26909420827576,38.88883274210203,37.261558923289726,38.43681335449219,6786600,0.0,0.0
2017-04-28 00:00:00-04:00,38.662821605226505,38.670356889931284,38.180666843407074,38.37654113769531,3648500,0.0,0.0
2017-05-01 00:00:00-04:00,38.53475000731356,38.5573501133985,38.029992271754,38.3162727355957,3340900,0.0,0.0
2017-05-02 00:00:00-04:00,38.48202075355024,38.88883709842293,38.436817660177944,38.738162994384766,4864100,0.0,0.0
2017-05-03 00:00:00-04:00,38.50461193060736,38.941563569693066,38.33133775701572,38.6025505065918,4533400,0.0,0.0
2017-05-04 00:00:00-04:00,38.504610125704325,38.504610125704325,37.19374952215611,37.336891174316406,5862400,0.0,0.0
2017-05-05 00:00:00-04:00,37.502631828401064,38.218331501419854,37.261554467322775,38.16559600830078,5806300,0.0,0.0
2017-05-08 00:00:00-04:00,38.13546145169602,38.79842564605955,37.97725496888722,38.677886962890625,5924100,0.0,0.0
2017-05-09 00:00:00-04:00,38.79843831658133,38.93404473866538,38.39915433703933,38.76830291748047,3965000,0.0,0.0
2017-05-10 00:00:00-04:00,39.047046732446965,39.679872800399124,38.655295209045974,39.4312629699707,5965600,0.0,0.0
2017-05-11 00:00:00-04:00,39.55180520328792,40.109298579227435,39.37853097297598,39.5593376159668,4701600,0.0,0.0
2017-05-12 00:00:00-04:00,39.491528703129056,39.95861869011743,39.46139618289542,39.67987060546875,2946500,0.0,0.0
2017-05-15 00:00:00-04:00,40.18052257410365,40.59772582596639,39.83917340670764,40.19569396972656,4787700,0.36,0.0
2017-05-16 00:00:00-04:00,39.99845303288004,39.99845303288004,39.270243690470885,39.808815002441406,5047000,0.0,0.0
2017-05-17 00:00:00-04:00,39.80881312652254,40.08189234046928,39.285413228888984,39.482635498046875,4348000,0.0,0.0
2017-05-18 00:00:00-04:00,39.186810542403975,39.79365178571323,38.91373125950299,39.39920425415039,4092200,0.0,0.0
2017-05-19 00:00:00-04:00,39.56607925424363,40.28670436137578,39.37644122045342,40.036380767822266,4718900,0.0,0.0
2017-05-22 00:00:00-04:00,40.15774468675154,40.3397984528693,39.96810667330016,40.188087463378906,2405400,0.0,0.0
2017-05-23 00:00:00-04:00,40.203260976740694,40.445997415297214,40.013622953265504,40.263946533203125,2199100,0.0,0.0
2017-05-24 00:00:00-04:00,40.157756911478266,40.4080805543873,40.021217268736486,40.301883697509766,2917100,0.0,0.0
2017-05-25 00:00:00-04:00,40.31706287256884,40.893561447030436,39.77090419618046,39.786075592041016,3952000,0.0,0.0
2017-05-26 00:00:00-04:00,39.763304649292046,40.104653715568354,39.6267679164285,40.06672668457031,3843600,0.0,0.0
2017-05-30 00:00:00-04:00,39.763309478759766,40.347395086740235,39.6874554075508,39.763309478759766,4004700,0.0,0.0
2017-05-31 00:00:00-04:00,39.67227798594169,40.02879843247075,39.16404942004842,39.47505569458008,4572300,0.0,0.0
2017-06-01 00:00:00-04:00,39.77089651947478,40.63564566107448,39.73296948396814,40.301883697509766,8751100,0.0,0.0
2017-06-02 00:00:00-04:00,40.0970762637678,40.30188573825128,39.778482783355464,39.9757080078125,4461400,0.0,0.0
2017-06-05 00:00:00-04:00,39.877096570715345,40.32464257029808,39.77848395558083,40.05156326293945,3261500,0.0,0.0
2017-06-06 00:00:00-04:00,39.884684974938736,40.32464384452634,39.76331381792406,40.27154541015625,3252700,0.0,0.0
2017-06-07 00:00:00-04:00,40.08190268246024,40.33222343073517,39.80123914844068,40.18051528930664,3672800,0.0,0.0
2017-06-08 00:00:00-04:00,40.180512318867756,40.93147740182299,40.097071111062256,40.52944564819336,4652000,0.0,0.0
2017-06-09 00:00:00-04:00,40.620468685520024,41.697614286485965,40.55219887353171,41.500389099121094,9652000,0.0,0.0
2017-06-12 00:00:00-04:00,41.500391213660464,41.8720830742347,40.84803584223246,41.31834030151367,6217100,0.0,0.0
2017-06-13 00:00:00-04:00,41.32592279149784,41.75829730650166,41.219725948324545,41.743125915527344,3303700,0.0,0.0
2017-06-14 00:00:00-04:00,41.62175336638992,41.64451189731547,40.423242540139476,40.468753814697266,5523800,0.0,0.0
2017-06-15 00:00:00-04:00,40.27913230518084,40.45360190802045,40.02122436688695,40.19569396972656,4004500,0.0,0.0
2017-06-16 00:00:00-04:00,40.438423968405246,40.787357330322266,40.21085596453579,40.787357330322266,6775900,0.0,0.0
2017-06-19 00:00:00-04:00,40.81769990379639,41.242487335689745,40.81769990379639,41.18180465698242,3748000,0.0,0.0
2017-06-20 00:00:00-04:00,40.70390191185422,40.81768587408615,39.80122603569803,40.089473724365234,4838600,0.0,0.0
2017-06-21 00:00:00-04:00,40.15017736751029,40.203275802172286,38.822710713664975,39.23991394042969,5732100,0.0,0.0
2017-06-22 00:00:00-04:00,39.53573820632797,39.53573820632797,38.75443039885204,38.81511306762695,4936200,0.0,0.0
2017-06-23 00:00:00-04:00,38.83028889083427,39.17922512729804,38.488942691009974,39.0654411315918,6052500,0.0,0.0
2017-06-26 00:00:00-04:00,39.1716384551615,39.49023191078024,38.8758035351459,38.93648910522461,4827000,0.0,0.0
2017-06-27 00:00:00-04:00,38.989586422971364,39.71020873844735,38.74684993685683,39.3309326171875,3775100,0.0,0.0
2017-06-28 00:00:00-04:00,39.535747629120166,40.097077640719434,39.33093814760345,39.91502380371094,3171500,0.0,0.0
2017-06-29 00:00:00-04:00,40.11982149204551,40.218434078673354,39.23231689333506,39.30058670043945,4580500,0.0,0.0
2017-06-30 00:00:00-04:00,39.55090727164482,39.90742769579503,39.2171453788882,39.69503402709961,2917400,0.0,0.0
2017-07-03 00:00:00-04:00,39.92260760702059,40.48393467800182,39.91502046372101,40.27912521362305,1740700,0.0,0.0
2017-07-05 00:00:00-04:00,40.07432008764436,40.25637102233498,39.619186963622916,40.127418518066406,4098300,0.0,0.0
2017-07-06 00:00:00-04:00,40.30945450806891,40.597705090382476,39.9150071042836,40.089473724365234,3074600,0.0,0.0
2017-07-07 00:00:00-04:00,40.104644826483536,41.07559338797772,39.96052098317685,41.01490783691406,3908100,0.0,0.0
2017-07-10 00:00:00-04:00,40.923894111999545,41.34868151638846,40.89355132778686,41.02250671386719,3031300,0.0,0.0
2017-07-11 00:00:00-04:00,40.901132624811225,41.39419270491366,40.83286570573088,41.113529205322266,3288900,0.0,0.0
2017-07-12 00:00:00-04:00,41.5231536891692,41.56866497470216,40.75701425469446,40.77976989746094,2538600,0.0,0.0
2017-07-13 00:00:00-04:00,40.71908585479482,40.870796886666234,40.37015250704364,40.8404541015625,2614000,0.0,0.0
2017-07-14 00:00:00-04:00,40.817691802978516,40.99974269661741,40.658393653986,40.817691802978516,2788700,0.0,0.0
2017-07-17 00:00:00-04:00,40.85561903428633,41.33350769634406,40.66598099784322,41.19696807861328,4615100,0.0,0.0
2017-07-18 00:00:00-04:00,41.432124856185396,41.59900728428747,41.12870567940121,41.59142303466797,2757900,0.0,0.0
2017-07-19 00:00:00-04:00,41.644516058778976,42.2589414758808,41.523147825085665,42.1375732421875,3365600,0.0,0.0
2017-07-20 00:00:00-04:00,42.29688398111744,42.34998531557996,41.576261457592395,42.023807525634766,3000500,0.0,0.0
2017-07-21 00:00:00-04:00,41.978271484375,42.15273811246783,41.598995451048026,41.978271484375,2101900,0.0,0.0
2017-07-24 00:00:00-04:00,42.152744923736414,42.3803100017745,41.97069401876474,42.14516067504883,2306100,0.0,0.0
2017-07-25 00:00:00-04:00,42.585116480094385,42.9643925483441,42.44099261587233,42.49409103393555,4102400,0.0,0.0
2017-07-26 00:00:00-04:00,42.774762561455915,42.941644988848424,42.20584835205124,42.22101974487305,4010500,0.0,0.0
2017-07-27 00:00:00-04:00,41.16663328151905,42.82786176120044,40.590131918492155,42.59271240234375,5047400,0.0,0.0
2017-07-28 00:00:00-04:00,42.41823823162788,42.63821906719702,41.66727316350848,41.7052001953125,3412400,0.0,0.0
2017-07-31 00:00:00-04:00,41.841744204433034,42.63063928057965,41.735547346807024,42.471343994140625,2973100,0.0,0.0
2017-08-01 00:00:00-04:00,42.562367995205705,43.093355158724954,42.41065696367917,42.880958557128906,2918400,0.0,0.0
2017-08-02 00:00:00-04:00,42.592711087814884,43.00232711415307,42.52444126781731,42.630638122558594,2908200,0.0,0.0
2017-08-03 00:00:00-04:00,42.51684934333858,42.6837317498204,42.2892842668205,42.39548110961914,2683000,0.0,0.0
2017-08-04 00:00:00-04:00,42.46374972370248,42.82027016616362,42.221013263113115,42.31962585449219,3467600,0.0,0.0
2017-08-07 00:00:00-04:00,42.16791981824676,42.25136102897766,41.60658987837801,41.6445198059082,3182600,0.0,0.0
2017-08-08 00:00:00-04:00,41.64452188495059,41.76589013562362,41.19697591803494,41.29558563232422,2312200,0.0,0.0
2017-08-09 00:00:00-04:00,41.28800841174595,41.485230767548174,40.07432569839107,40.19569396972656,4329200,0.0,0.0
2017-08-10 00:00:00-04:00,40.2335996542705,40.2335996542705,39.54331743492182,39.604000091552734,3676200,0.0,0.0
2017-08-11 00:00:00-04:00,39.467477016474604,39.71021353188999,39.20956910713981,39.56608963012695,3303500,0.0,0.0
2017-08-14 00:00:00-04:00,39.81069629953412,40.27698655148649,39.79540766432124,39.98651123046875,2248700,0.4,0.0
2017-08-15 00:00:00-04:00,39.940640619196905,40.03236950365809,39.566076390633356,39.66545104980469,3015500,0.0,0.0
2017-08-16 00:00:00-04:00,39.74953890800595,39.79540481035528,38.916327302717015,39.03099060058594,3896700,0.0,0.0
2017-08-17 00:00:00-04:00,38.77110092831058,38.901049982079854,37.97610921910322,37.991397857666016,4586200,0.0,0.0
2017-08-18 00:00:00-04:00,37.93022253247934,38.63348494120668,37.78498491968071,38.304786682128906,3661300,0.0,0.0
2017-08-21 00:00:00-04:00,38.274229084098266,38.297160583160576,37.80029296875,37.80029296875,3561100,0.0,0.0
2017-08-22 00:00:00-04:00,37.99903353965907,38.19013711157368,37.68562379835947,37.96845626831055,3257500,0.0,0.0
2017-08-23 00:00:00-04:00,37.78500106738938,38.51119527374324,37.7085607997771,38.35066604614258,4527200,0.0,0.0
2017-08-24 00:00:00-04:00,38.41946814651863,39.397920604332384,38.36595936945182,39.084510803222656,4070100,0.0,0.0
2017-08-25 00:00:00-04:00,39.34439983730458,39.902421853811596,39.26031380867867,39.53550338745117,3101400,0.0,0.0
2017-08-28 00:00:00-04:00,40.00181504925552,40.49103989772783,39.77248835002528,40.14705276489258,5812400,0.0,0.0
2017-08-29 00:00:00-04:00,39.87949246127135,40.147039214736026,39.07685803289557,39.31382751464844,5375900,0.0,0.0
2017-08-30 00:00:00-04:00,39.39026678236557,40.16232683552555,39.26796061461862,40.001800537109375,4249300,0.0,0.0
2017-08-31 00:00:00-04:00,40.169965185618295,40.40693463477885,39.749537963437525,40.09352493286133,4895500,0.0,0.0
2017-09-01 00:00:00-04:00,40.16997600925855,41.522989842883874,40.1317558725818,41.49241256713867,3976600,0.0,0.0
2017-09-05 00:00:00-04:00,40.957322157898076,41.018473789401845,38.618213203690274,39.589019775390625,8363200,0.0,0.0
2017-09-06 00:00:00-04:00,39.47435325691312,40.18525877607362,39.35969286363474,40.03237533569336,6461900,0.0,0.0
2017-09-07 00:00:00-04:00,40.23112106323242,40.59039376239036,40.009440240427026,40.23112106323242,3902700,0.0,0.0
2017-09-08 00:00:00-04:00,40.25406446414422,41.056699046339624,40.1470469086528,40.835018157958984,4656400,0.0,0.0
2017-09-11 00:00:00-04:00,40.88087661739812,41.15606623332823,40.200548353576,41.0872688293457,4580100,0.0,0.0
2017-09-12 00:00:00-04:00,41.240149118729086,41.64528773563087,40.95731666443967,41.10255432128906,3425900,0.0,0.0
2017-09-13 00:00:00-04:00,41.278372250510834,41.33952679427006,40.292277102461995,40.67448425292969,4395700,0.0,0.0
2017-09-14 00:00:00-04:00,40.72035073358096,40.76621664204559,39.98651369420196,40.00944519042969,5402000,0.0,0.0
2017-09-15 00:00:00-04:00,40.02472819325966,40.605681705332124,39.94828502324435,40.483375549316406,9062800,0.0,0.0
2017-09-18 00:00:00-04:00,40.55982914347711,41.07198539216774,40.460454454921646,40.95732498168945,4522000,0.0,0.0
2017-09-19 00:00:00-04:00,41.08726832488692,41.53827287523302,40.80443585243537,41.43125534057617,4522500,0.0,0.0
2017-09-20 00:00:00-04:00,41.56886222431983,41.81347463632237,41.3013153939352,41.60708236694336,4221700,0.0,0.0
2017-09-21 00:00:00-04:00,41.607057452127044,41.95868721931923,41.47710554581189,41.56119155883789,4037800,0.0,0.0
2017-09-22 00:00:00-04:00,41.461833880911456,42.0580761156782,41.37774783939118,41.836395263671875,3681400,0.0,0.0
2017-09-25 00:00:00-04:00,42.04279069601293,42.66196739057215,42.02750205856597,42.44792938232422,4594600,0.0,0.0
2017-09-26 00:00:00-04:00,42.3179862017432,42.53966710142665,42.096305302059754,42.333274841308594,4032800,0.0,0.0
2017-09-27 00:00:00-04:00,41.744664069868854,42.63902737291056,41.744664069868854,42.22624588012695,3857900,0.0,0.0
2017-09-28 00:00:00-04:00,42.24152084508836,42.63901651724296,42.15743774560131,42.40205001831055,3762900,0.0,0.0
2017-09-29 00:00:00-04:00,42.394427155446195,43.22763907090131,42.26447809109561,42.86836624145508,3723900,0.0,0.0
2017-10-02 00:00:00-04:00,42.7613303266921,43.013588418443376,42.44792061379461,42.72311019897461,2712500,0.0,0.0
2017-10-03 00:00:00-04:00,42.447925706863955,43.04417085163008,42.23389063315821,42.91421890258789,3199900,0.0,0.0
2017-10-04 00:00:00-04:00,42.92950706797696,43.34229149074817,42.73076063257368,43.04417037963867,2804600,0.0,0.0
2017-10-05 00:00:00-04:00,43.17411739096434,43.495172898988244,42.9142164239008,42.9983024597168,2886500,0.0,0.0
2017-10-06 00:00:00-04:00,42.6543110086499,43.11296126999546,42.5855136152485,42.82248306274414,3917400,0.0,0.0
2017-10-09 00:00:00-04:00,42.90657604253091,43.18176566072924,42.83777863798132,42.91421890258789,3281500,0.0,0.0
2017-10-10 00:00:00-04:00,43.357578097836424,43.58690179441978,42.944793694380984,42.9983024597168,3621700,0.0,0.0
2017-10-11 00:00:00-04:00,43.04416207558143,43.21997698113791,42.91421015303447,42.975364685058594,4164100,0.0,0.0
2017-10-12 00:00:00-04:00,42.80719197600848,43.49516587059775,42.654308564321035,43.22761917114258,3048400,0.0,0.0
2017-10-13 00:00:00-04:00,43.487530281949546,43.51046177847074,43.028882855470364,43.09003448486328,2839200,0.0,0.0
2017-10-16 00:00:00-04:00,43.12826176156832,43.24292509518574,42.56259670294695,42.59317398071289,5437900,0.0,0.0
2017-10-17 00:00:00-04:00,42.60844801536164,43.21233300620132,42.60080224053592,43.197044372558594,3017900,0.0,0.0
2017-10-18 00:00:00-04:00,43.20468969710837,43.464590634308585,43.11296081221673,43.3805046081543,2905800,0.0,0.0
2017-10-19 00:00:00-04:00,43.128257834321566,43.678637119952285,42.93715423970084,43.6480598449707,3403700,0.0,0.0
2017-10-20 00:00:00-04:00,43.80094926245508,44.137293500989145,43.68628883969015,43.946189880371094,3904900,0.0,0.0
2017-10-23 00:00:00-04:00,43.93854011874224,43.946185895839236,43.00595360155916,43.067108154296875,3734700,0.0,0.0
2017-10-24 00:00:00-04:00,43.21998545310211,43.77800754516686,43.21998545310211,43.56397247314453,3428900,0.0,0.0
2017-10-25 00:00:00-04:00,43.54103519055275,43.67862998949834,42.72311217238118,43.14353942871094,4895500,0.0,0.0
2017-10-26 00:00:00-04:00,43.96911108318158,44.274875054947856,42.707826316119366,43.77800750732422,4239300,0.0,0.0
2017-10-27 00:00:00-04:00,44.091420639398876,45.046938592028,43.87738555113296,44.695308685302734,4159900,0.0,0.0
2017-10-30 00:00:00-04:00,44.71823962641029,45.53616275039892,44.52713603826323,45.14631271362305,3887700,0.0,0.0
2017-10-31 00:00:00-04:00,45.696696799635156,45.98717511927027,44.97050537456212,45.66612243652344,5157600,0.0,0.0
2017-11-01 00:00:00-04:00,46.048317556220674,47.31724514564726,45.91836561216621,46.54518508911133,5609400,0.0,0.0
2017-11-02 00:00:00-04:00,46.67513843654649,47.653587812219534,46.529897852588725,47.52363586425781,5216100,0.0,0.0
2017-11-03 00:00:00-04:00,47.59243281576167,47.989928599852036,47.31724611847676,47.54656982421875,3660700,0.0,0.0
2017-11-06 00:00:00-05:00,47.653585320337854,47.79882298069175,47.470124613988034,47.66122817993164,3695400,0.0,0.0
2017-11-07 00:00:00-05:00,47.83705263207773,48.24983417534638,47.50835421998699,48.242191314697266,3725400,0.0,0.0
2017-11-08 00:00:00-05:00,48.37978364164112,48.47151254475113,47.82176153070722,48.32627487182617,4834200,0.0,0.0
2017-11-09 00:00:00-05:00,47.867622270144544,47.95170830903959,46.55283166745108,47.133785247802734,5014800,0.0,0.0
2017-11-10 00:00:00-05:00,47.37840727111698,47.60773102296362,47.09557474103977,47.17966079711914,3220100,0.0,0.0
2017-11-13 00:00:00-05:00,47.23316007930257,47.81411366158288,47.17200553589984,47.54656982421875,2823400,0.0,0.0
2017-11-14 00:00:00-05:00,47.638292410857915,48.21924883216596,47.35545997512067,48.058719635009766,4490200,0.0,0.0
2017-11-15 00:00:00-05:00,46.50472619669224,47.55098682884278,46.235466305802504,47.3125,4743600,0.4,0.0
2017-11-16 00:00:00-05:00,47.32018339582818,48.14334651867631,47.043234690623805,47.704837799072266,3981300,0.0,0.0
2017-11-17 00:00:00-05:00,47.58175400281651,48.04334110082796,47.420199839118744,47.90486526489258,3195900,0.0,0.0
2017-11-20 00:00:00-05:00,47.78178121449146,48.104889577425325,47.504829512159084,47.650997161865234,2573100,0.0,0.0
2017-11-21 00:00:00-05:00,47.84330586588324,47.974089867826045,47.543275949522304,47.92023849487305,2532400,0.0,0.0
2017-11-22 00:00:00-05:00,47.96640291066545,48.004870698734024,47.12785619420614,47.704837799072266,2956000,0.0,0.0
2017-11-24 00:00:00-05:00,47.82023725850444,47.889475171320065,47.37403965844398,47.7202262878418,1407400,0.0,0.0
2017-11-27 00:00:00-05:00,47.65869835546785,48.04335289758675,47.38943841517587,47.6048469543457,6393000,0.0,0.0
2017-11-28 00:00:00-05:00,47.920256880674984,47.9894948059908,47.43559140346424,47.86640548706055,2889900,0.0,0.0
2017-11-29 00:00:00-05:00,47.70483727249606,47.88178087855377,46.8893718248152,47.23556137084961,4231000,0.0,0.0
2017-11-30 00:00:00-05:00,47.45866387380315,48.297210672565214,47.266336653304336,48.18181610107422,4883700,0.0,0.0
2017-12-01 00:00:00-05:00,48.327993441472444,48.51262890150479,47.38174367867423,48.343379974365234,5187800,0.0,0.0
2017-12-04 00:00:00-05:00,48.404904593415246,49.48193800509534,48.16642076181005,48.697242736816406,4242900,0.0,0.0
2017-12-05 00:00:00-05:00,48.78956747264466,50.32049636073794,48.58954845628603,49.65119552612305,4256100,0.0,0.0
2017-12-06 00:00:00-05:00,49.48193755452135,49.58964030777265,48.6741639704567,48.82033157348633,2354800,0.0,0.0
2017-12-07 00:00:00-05:00,48.543388212066475,49.28961875028244,48.46645849943161,49.23576736450195,3362700,0.0,0.0
2017-12-08 00:00:00-05:00,49.38194822334472,49.9589299924499,49.19731276597141,49.81275939941406,3084700,0.0,0.0
2017-12-11 00:00:00-05:00,49.58965301513672,50.06662666558842,49.489644967021945,49.58965301513672,2768800,0.0,0.0
2017-12-12 00:00:00-05:00,49.86659762419192,50.228173709752326,49.44347542420409,49.61272430419922,2591600,0.0,0.0
2017-12-13 00:00:00-05:00,49.46657092446369,49.55119538380173,49.08191349074139,49.351173400878906,2966100,0.0,0.0
2017-12-14 00:00:00-05:00,49.35885300412213,50.03584260194443,49.281917432407724,49.743507385253906,4319000,0.0,0.0
2017-12-15 00:00:00-05:00,49.96660851217371,50.92055573220588,49.77428129562283,50.58205795288086,10013900,0.0,0.0
2017-12-18 00:00:00-05:00,50.67437502206676,51.066718301571775,50.566672254826884,50.78207778930664,3386400,0.0,0.0
2017-12-19 00:00:00-05:00,50.79747401292231,50.86671487728321,49.7589080024054,49.81275939941406,4367500,0.0,0.0
2017-12-20 00:00:00-05:00,50.05124253803119,50.66669209655037,49.82045335560798,50.51283264160156,5163600,0.0,0.0
2017-12-21 00:00:00-05:00,50.543590927898634,51.38214065683773,50.32818538119456,51.02825927734375,5675700,0.0,0.0
2017-12-22 00:00:00-05:00,51.31289656576837,51.42829406403369,50.94363161455203,51.051334381103516,3449500,0.0,0.0
2017-12-26 00:00:00-05:00,51.197510287040785,51.597548337556184,51.08980750923429,51.42060470581055,2309900,0.0,0.0
2017-12-27 00:00:00-05:00,51.328287219902165,51.45906831526844,51.05133556538494,51.09749221801758,2195500,0.0,0.0
2017-12-28 00:00:00-05:00,51.105197319035966,51.20520537648498,50.897486470684356,51.08211898803711,3124400,0.0,0.0
2017-12-29 00:00:00-05:00,51.13596623784273,51.35137180218478,50.74361703458461,50.75900650024414,2289100,0.0,0.0
2018-01-02 00:00:00-05:00,50.859003092025404,51.73601461747922,50.758995065214044,51.68216323852539,3055900,0.0,0.0
2018-01-03 00:00:00-05:00,51.8975773793765,53.05923545485195,51.85911545622314,52.782283782958984,4844000,0.0,0.0
2018-01-04 00:00:00-05:00,52.82075608225338,53.12847497117985,52.62073410896192,52.83613967895508,3156400,0.0,0.0
2018-01-05 00:00:00-05:00,52.982286690940676,53.43617595875079,52.705335118617604,53.34385681152344,3512300,0.0,0.0
2018-01-08 00:00:00-05:00,53.136168479847925,53.60544740481771,53.09001182144481,53.382347106933594,3212600,0.0,0.0
2018-01-09 00:00:00-05:00,53.38232435457716,53.50541655033695,53.01305950601565,53.08229446411133,2980300,0.0,0.0
2018-01-10 00:00:00-05:00,52.920744338125374,53.56696080637428,52.65917633714887,53.474647521972656,2719400,0.0,0.0
2018-01-11 00:00:00-05:00,53.6362277153296,54.18243643457362,53.35158125486629,54.04396057128906,2494500,0.0,0.0
2018-01-12 00:00:00-05:00,54.21319354435331,55.00558069073049,54.21319354435331,54.944034576416016,2628200,0.0,0.0
2018-01-16 00:00:00-05:00,55.08250839035779,55.259451995219514,54.32089432891013,54.45167541503906,4401500,0.0,0.0
2018-01-17 00:00:00-05:00,54.705542905907514,55.75949795289206,54.55937237263004,55.37484359741211,3489700,0.0,0.0
2018-01-18 00:00:00-05:00,55.22099458326173,55.79028155347311,54.74402679850141,54.997894287109375,3610600,0.0,0.0
2018-01-19 00:00:00-05:00,55.128672914799445,55.41331342209944,54.690161252365485,55.30561065673828,3894300,0.0,0.0
2018-01-22 00:00:00-05:00,55.42101052075481,56.31340573891293,55.17483192236352,56.28263854980469,4365700,0.0,0.0
2018-01-23 00:00:00-05:00,56.39803390232788,56.54420447235675,55.882598345036065,56.251869201660156,2852600,0.0,0.0
2018-01-24 00:00:00-05:00,56.444207976510526,56.56729437432852,54.84404371934014,55.074832916259766,3933900,0.0,0.0
2018-01-25 00:00:00-05:00,55.451773310793435,55.56717079134298,54.628613224600876,54.682464599609375,2894300,0.0,0.0
2018-01-26 00:00:00-05:00,54.84401805231618,55.40561011775471,54.76708835601277,55.19020462036133,3556100,0.0,0.0
2018-01-29 00:00:00-05:00,55.013278654821406,55.19791113925292,53.828542296777556,53.967018127441406,4153100,0.0,0.0
2018-01-30 00:00:00-05:00,53.120794633856256,53.52852750955389,52.166847143110346,53.182334899902344,4841700,0.0,0.0
2018-01-31 00:00:00-05:00,53.266945476292356,53.57467020371576,52.474558264995764,53.29002380371094,6425000,0.0,0.0
2018-02-01 00:00:00-05:00,53.67469088221407,54.228594348108786,51.636026555465996,52.843841552734375,6953500,0.0,0.0
2018-02-02 00:00:00-05:00,52.56687451091825,53.42849665639401,51.39752178582875,51.85911178588867,5035100,0.0,0.0
2018-02-05 00:00:00-05:00,50.83593200454981,51.88219254689573,48.64339994413009,49.681968688964844,5891600,0.0,0.0
2018-02-06 00:00:00-05:00,48.4126133603755,50.728234986445074,47.89717482823704,50.53590774536133,4615400,0.0,0.0
2018-02-07 00:00:00-05:00,51.512927815899836,52.036058149147294,49.95892628236682,50.074317932128906,5065000,0.0,0.0
2018-02-08 00:00:00-05:00,49.935833977785784,50.274325837963104,48.28951078112701,48.30489730834961,4379300,0.0,0.0
2018-02-09 00:00:00-05:00,48.812648537166716,49.68196838462603,47.28172258994264,49.11267852783203,4871400,0.0,0.0
2018-02-12 00:00:00-05:00,49.6050496163197,50.54360171740217,49.25116229192072,49.82814407348633,3423700,0.0,0.0
2018-02-13 00:00:00-05:00,49.751209048795914,51.08211613249601,49.45887375688239,50.8359375,3571000,0.0,0.0
2018-02-14 00:00:00-05:00,50.35896235288769,52.63611610394691,50.14355678944932,52.436100006103516,4690000,0.0,0.0
2018-02-15 00:00:00-05:00,52.436081686773804,52.943822356154385,51.45136166037146,52.15913009643555,4187200,0.0,0.0
2018-02-16 00:00:00-05:00,52.005270532193364,52.64379820586985,51.52830286169381,52.2591438293457,3301300,0.0,0.0
2018-02-20 00:00:00-05:00,52.24366765428282,52.58447332301458,50.98889389100379,51.314205169677734,3236000,0.46,0.0
2018-02-21 00:00:00-05:00,51.3451681511457,52.27463027571062,51.22123671620314,51.329673767089844,4522200,0.0,0.0
2018-02-22 00:00:00-05:00,51.53107859202913,52.39858123168598,51.43813589057258,51.47686004638672,4149500,0.0,0.0
2018-02-23 00:00:00-05:00,51.80217005188325,52.02679142386726,50.934673342845024,51.74795150756836,2896400,0.0,0.0
2018-02-26 00:00:00-05:00,51.83314735793307,51.93384315040843,51.16703050820263,51.34518051147461,3243200,0.0,0.0
2018-02-27 00:00:00-05:00,51.24448414291373,51.96481353059772,50.80298278755632,50.81072998046875,4395600,0.0,0.0
2018-02-28 00:00:00-05:00,51.0895734834642,51.0895734834642,49.610178637785964,49.617919921875,5536600,0.0,0.0
2018-03-01 00:00:00-05:00,49.78058204240555,50.79525178167436,49.67989215167784,50.183353424072266,4264800,0.0,0.0
2018-03-02 00:00:00-05:00,49.86577900134848,50.67131578338264,49.648904850296475,50.49317169189453,2890100,0.0,0.0
2018-03-05 00:00:00-05:00,50.25305382781837,51.50783324630719,50.03617968596584,51.24448776245117,3662000,0.0,0.0
2018-03-06 00:00:00-05:00,51.60079294203346,52.568985504602075,51.298717335262324,52.19719696044922,3730300,0.0,0.0
2018-03-07 00:00:00-05:00,51.86412660166086,52.75486473705187,51.64725246282696,52.42180633544922,3536800,0.0,0.0
2018-03-08 00:00:00-05:00,52.76261957893941,53.498443500845674,52.197192569834236,53.46746063232422,4015600,0.0,0.0
2018-03-09 00:00:00-05:00,54.00963808521908,54.74546181799567,53.7772695857231,54.38916778564453,4110400,0.0,0.0
2018-03-12 00:00:00-04:00,54.404657521128975,54.5905546887813,53.575885187486136,53.65333938598633,3175900,0.0,0.0
2018-03-13 00:00:00-04:00,53.73854494783012,54.44339180045154,53.26606661812009,53.63010787963867,3246000,0.0,0.0
2018-03-14 00:00:00-04:00,53.94767812420858,54.23425927355922,53.56040118994919,53.72305679321289,3328600,0.0,0.0
2018-03-15 00:00:00-04:00,53.87797013514433,54.04062575329749,52.24366085021519,53.15763473510742,4534800,0.0,0.0
2018-03-16 00:00:00-04:00,53.064697591830985,54.20329294731094,53.056950397001145,53.970924377441406,6081700,0.0,0.0
2018-03-19 00:00:00-04:00,53.75404350985833,53.88571625869357,53.22734660513988,53.606876373291016,2774000,0.0,0.0
2018-03-20 00:00:00-04:00,53.9864005838049,55.628456861091884,53.78502083903882,55.34961700439453,4723500,0.0,0.0
2018-03-21 00:00:00-04:00,55.62071668313086,57.224043106670145,55.54326247080761,56.70509338378906,4355900,0.0,0.0
2018-03-22 00:00:00-04:00,56.054468210394354,57.2317875454098,55.853082540547135,56.51919937133789,3809500,0.0,0.0
2018-03-23 00:00:00-04:00,56.85226159340903,57.68878128474492,55.125003670153134,55.210205078125,5858200,0.0,0.0
2018-03-26 00:00:00-04:00,55.845344597545996,57.36346979310391,55.82985611701242,57.06914138793945,4245400,0.0,0.0
2018-03-27 00:00:00-04:00,57.224051275456326,58.02958819923992,56.077714586925474,56.44949722290039,3640400,0.0,0.0
2018-03-28 00:00:00-04:00,56.64313139998877,56.87549996171904,55.45031754123751,55.62846755981445,4082300,0.0,0.0
2018-03-29 00:00:00-04:00,55.94604195928661,57.03816010330605,55.8685818263302,56.627647399902344,2790900,0.0,0.0
2018-04-02 00:00:00-04:00,56.503704515029916,56.83676292766101,54.869395316930486,55.612972259521484,3372600,0.0,0.0
2018-04-03 00:00:00-04:00,56.31006299893394,56.37977591888893,55.28765214481735,56.232608795166016,3660000,0.0,0.0
2018-04-04 00:00:00-04:00,55.45031561634112,56.40301959510957,54.45888748488056,56.209381103515625,4382800,0.0,0.0
2018-04-05 00:00:00-04:00,56.728348606587694,57.27828138579449,56.33333021479244,56.86002731323242,4706500,0.0,0.0
2018-04-06 00:00:00-04:00,56.31782553148578,56.898741082035336,55.40385149557933,56.11643981933594,3211500,0.0,0.0
2018-04-09 00:00:00-04:00,56.13192888407358,56.53469436077985,55.49679484544346,55.51228332519531,3889800,0.0,0.0
2018-04-10 00:00:00-04:00,56.49596093077765,57.417676013817974,56.43399520318822,57.084617614746094,3906500,0.0,0.0
2018-04-11 00:00:00-04:00,57.092375346963976,57.68103804897322,56.86001268967637,57.33248519897461,3916800,0.0,0.0
2018-04-12 00:00:00-04:00,57.54936925758394,57.7972263214245,56.86775789998851,57.51063919067383,2357900,0.0,0.0
2018-04-13 00:00:00-04:00,57.67326644755216,58.091526144920664,57.293736798030515,57.773956298828125,2485600,0.0,0.0
2018-04-16 00:00:00-04:00,58.076064454520186,60.35324931120182,57.92115010106604,60.043426513671875,4840000,0.0,0.0
2018-04-17 00:00:00-04:00,60.252554365960535,61.05034401393662,59.33083324560322,60.841217041015625,3866200,0.0,0.0
2018-04-18 00:00:00-04:00,61.2439732870688,61.9488201340204,60.81022501779209,61.019351959228516,4192700,0.0,0.0
2018-04-19 00:00:00-04:00,61.03486058625427,61.817155910242064,60.577870630747114,61.49959182739258,3147600,0.0,0.0
2018-04-20 00:00:00-04:00,61.499572028444405,61.99528598065404,61.2981863886791,61.778411865234375,2557700,0.0,0.0
2018-04-23 00:00:00-04:00,61.94883270578467,62.134724014716646,61.096818561975255,61.84813690185547,2946900,0.0,0.0
2018-04-24 00:00:00-04:00,62.212170807423256,63.22683455471151,61.28270846434458,61.79391098022461,4744100,0.0,0.0
2018-04-25 00:00:00-04:00,61.336941958082484,62.18120310280448,60.55464065112968,62.142478942871094,3272000,0.0,0.0
2018-04-26 00:00:00-04:00,62.506499172017705,64.49710251614974,61.93333092408492,64.23375701904297,4330100,0.0,0.0
2018-04-27 00:00:00-04:00,63.9471776568625,64.00139620159626,62.97898513706078,63.07193374633789,3287700,0.0,0.0
2018-04-30 00:00:00-04:00,58.455575932535055,61.19749707963696,57.394435104586606,58.021827697753906,28076500,0.0,0.0
2018-05-01 00:00:00-04:00,57.53387889247991,57.650063191960676,54.5750824005152,56.464996337890625,20929500,0.0,0.0
2018-05-02 00:00:00-04:00,56.75931221580937,60.12862069894064,56.495966710677926,58.74216842651367,13325500,0.0,0.0
2018-05-03 00:00:00-04:00,59.08298561480761,60.19834540626561,57.71976874851214,59.9969596862793,9029100,0.0,0.0
2018-05-04 00:00:00-04:00,59.56318675642994,60.03566503412775,58.94354136979716,59.59416961669922,5612100,0.0,0.0
2018-05-07 00:00:00-04:00,59.81881068175959,61.16653304710053,59.22240076597066,59.25338363647461,5856900,0.0,0.0
2018-05-08 00:00:00-04:00,59.199156109337515,59.57868587402037,57.5338640060062,58.3316535949707,6857100,0.0,0.0
2018-05-09 00:00:00-04:00,58.99777793028147,60.500414611044235,58.742173686968144,59.725860595703125,4827000,0.0,0.0
2018-05-10 00:00:00-04:00,60.368729278686715,60.60883908245364,59.34631842766449,60.05890655517578,4532100,0.0,0.0
2018-05-11 00:00:00-04:00,60.19833871426819,60.391977217127064,59.632911685793886,59.896263122558594,3549200,0.0,0.0
2018-05-14 00:00:00-04:00,60.29126239258575,60.879924910187796,60.043405423496935,60.67853927612305,4936700,0.0,0.0
2018-05-15 00:00:00-04:00,60.655178500213104,61.27069099200296,59.77476505828348,60.218868255615234,5869400,0.46,0.0
2018-05-16 00:00:00-04:00,60.070847639664024,60.20329814949333,59.15926809185132,59.78257369995117,6890300,0.0,0.0
2018-05-17 00:00:00-04:00,60.46040754667275,63.04711551768956,60.17992063885193,62.88349914550781,9675600,0.0,0.0
2018-05-18 00:00:00-04:00,62.78220279525629,62.89128035634332,61.629089506831725,61.964115142822266,4015700,0.0,0.0
2018-05-21 00:00:00-04:00,62.31474195869076,62.416026591874974,61.231747146526594,61.434322357177734,3866500,0.0,0.0
2018-05-22 00:00:00-04:00,61.675825481150646,62.6107774636393,60.966815571410955,61.153804779052734,4111900,0.0,0.0
2018-05-23 00:00:00-04:00,60.5928324232186,61.496624509402004,60.156522281905154,61.44987869262695,4419300,0.0,0.0
2018-05-24 00:00:00-04:00,60.904496003527115,61.75374947447987,60.4214399587343,61.636878967285156,6090000,0.0,0.0
2018-05-25 00:00:00-04:00,60.694133198585334,60.748671975456986,59.15924854969338,59.992916107177734,6419000,0.0,0.0
2018-05-29 00:00:00-04:00,60.000716913495005,61.42651825100062,59.626732434362644,60.46819305419922,6145500,0.0,0.0
2018-05-30 00:00:00-04:00,61.37196894898256,62.69649138897473,60.74087656440338,61.97969436645508,6100600,0.0,0.0
2018-05-31 00:00:00-04:00,61.86284193405226,64.4261769805109,61.574562072753906,61.574562072753906,8272100,0.0,0.0
2018-06-01 00:00:00-04:00,62.15888652912688,63.91192609832313,61.551167096223686,63.82622146606445,6979800,0.0,0.0
2018-06-04 00:00:00-04:00,64.12231764425894,64.9248195452338,63.537970907322006,63.83403778076172,6655300,0.0,0.0
2018-06-05 00:00:00-04:00,63.8106456851024,64.0443807430624,62.11993772764117,62.5874137878418,4851800,0.0,0.0
2018-06-06 00:00:00-04:00,62.36927381995798,62.447185524845786,60.42145147635257,61.36419677734375,6320300,0.0,0.0
2018-06-07 00:00:00-04:00,61.95631889249727,62.026443574767306,61.04473963295345,61.66804504394531,4197600,0.0,0.0
2018-06-08 00:00:00-04:00,61.42651403876971,61.816078453356376,60.79542158930931,61.54338455200195,4058800,0.0,0.0
2018-06-11 00:00:00-04:00,61.50442728473589,61.50442728473589,59.868252104895376,60.59284210205078,5268200,0.0,0.0
2018-06-12 00:00:00-04:00,60.686355394061295,61.01358813697049,58.60608245720411,58.79307174682617,7553200,0.0,0.0
2018-06-13 00:00:00-04:00,58.9099341386271,59.05017757252791,57.99835479041259,58.34116744995117,4645600,0.0,0.0
2018-06-14 00:00:00-04:00,58.909908489034336,59.36180446198882,58.49697132019897,58.58267593383789,4880500,0.0,0.0
2018-06-15 00:00:00-04:00,58.20871682182749,58.7930634708886,57.08676935346006,57.31271743774414,8448900,0.0,0.0
2018-06-18 00:00:00-04:00,57.375046344905584,58.61386427086544,57.07118657791719,58.27104568481445,4517800,0.0,0.0
2018-06-19 00:00:00-04:00,57.66332894823903,58.55153537856839,57.429587911086465,58.0606803894043,3828100,0.0,0.0
2018-06-20 00:00:00-04:00,58.04509329265425,58.36453894121088,57.11014114753186,57.51528549194336,3217200,0.0,0.0
2018-06-21 00:00:00-04:00,57.23479912719323,57.499706001853504,56.2764740622548,56.471256256103516,4776300,0.0,0.0
2018-06-22 00:00:00-04:00,57.678890523776346,57.79576100509787,56.53357050652862,56.580322265625,11180200,0.0,0.0
2018-06-25 00:00:00-04:00,56.74395295734764,56.79849173656322,53.97804328958911,54.51564407348633,7899400,0.0,0.0
2018-06-26 00:00:00-04:00,54.59357855605968,55.497371210954796,54.57799858875759,54.95977020263672,4478800,0.0,0.0
2018-06-27 00:00:00-04:00,55.333732453999716,55.855753340233946,53.78326759082509,53.91571807861328,5758900,0.0,0.0
2018-06-28 00:00:00-04:00,54.1260711952046,54.91299283868123,53.8066255781659,54.14165115356445,4546300,0.0,0.0
2018-06-29 00:00:00-04:00,54.468898824682576,55.52850855435816,54.31306949364119,54.66368103027344,5576800,0.0,0.0
2018-07-02 00:00:00-04:00,54.297488017637505,54.85066875276663,53.91571062544955,54.7493782043457,5351000,0.0,0.0
2018-07-03 00:00:00-04:00,54.967551458409666,56.580348195791345,54.757183306765526,55.177913665771484,6832100,0.0,0.0
2018-07-05 00:00:00-04:00,55.63759467811752,56.455676413552645,53.12100584789757,54.22736740112305,8436100,0.0,0.0
2018-07-06 00:00:00-04:00,53.92349610679372,55.30255722162718,53.853377377707375,54.69483184814453,4055100,0.0,0.0
2018-07-09 00:00:00-04:00,54.881839366746576,56.22972897965416,54.85067349871128,55.957035064697266,5463300,0.0,0.0
2018-07-10 00:00:00-04:00,56.011574529937754,57.01665149526253,55.92586987786716,55.995994567871094,3965500,0.0,0.0
2018-07-11 00:00:00-04:00,55.286983323519316,55.85575000815322,53.99363250387569,54.50785446166992,4441200,0.0,0.0
2018-07-12 00:00:00-04:00,54.951973704090626,55.06105130102386,53.9702693874083,54.93639373779297,3951200,0.0,0.0
2018-07-13 00:00:00-04:00,55.216864605584334,56.081698118192804,54.91300482486044,55.89470291137695,4884600,0.0,0.0
2018-07-16 00:00:00-04:00,55.35710805273456,56.01936639693623,55.154532884106246,55.645381927490234,3077100,0.0,0.0
2018-07-17 00:00:00-04:00,55.61420444449289,56.60370122190612,55.18568722622721,55.863525390625,3110700,0.0,0.0
2018-07-18 00:00:00-04:00,55.68434455921684,56.68162862028241,55.014293216135556,56.533592224121094,5089500,0.0,0.0
2018-07-19 00:00:00-04:00,56.79069545224992,57.22700566037729,56.56474739610374,56.7673225402832,3148700,0.0,0.0
2018-07-20 00:00:00-04:00,56.603712888941544,57.0789819692611,56.17518963806933,56.50242233276367,4231700,0.0,0.0
2018-07-23 00:00:00-04:00,56.92314199991652,57.180255902422374,56.33879546382885,56.87639617919922,3605800,0.0,0.0
2018-07-24 00:00:00-04:00,57.211440518823544,58.09185411519662,56.907580695992024,57.45296859741211,4223600,0.0,0.0
2018-07-25 00:00:00-04:00,57.546448149046824,58.32557687465615,57.15688378624217,58.21649932861328,5236300,0.0,0.0
2018-07-26 00:00:00-04:00,59.12808780347708,62.82115687886684,58.75410928520745,62.45497131347656,11435400,0.0,0.0
2018-07-27 00:00:00-04:00,62.813364947098684,63.810648843361314,62.09656194541412,63.10163879394531,5450900,0.0,0.0
2018-07-30 00:00:00-04:00,63.62367548370602,64.09893869368989,63.25748391130916,63.4990119934082,4166200,0.0,0.0
2018-07-31 00:00:00-04:00,63.59250613586397,64.36384212101122,62.89128890196553,62.976993560791016,4686700,0.0,0.0
2018-08-01 00:00:00-04:00,62.5250974103421,63.163982903118864,62.21344464560859,62.922454833984375,4279400,0.0,0.0
2018-08-02 00:00:00-04:00,62.54847050700951,62.56405641464607,61.72259573073458,62.11995315551758,3785000,0.0,0.0
2018-08-03 00:00:00-04:00,62.11215858331606,62.59521471038535,61.09150159815283,61.62130355834961,3075100,0.0,0.0
2018-08-06 00:00:00-04:00,61.86284523309327,62.275782661648414,61.403156021334546,62.205657958984375,3837100,0.0,0.0
2018-08-07 00:00:00-04:00,62.64194414141017,63.834010015168786,62.415996121426936,63.31978225708008,4145800,0.0,0.0
2018-08-08 00:00:00-04:00,62.906865304143615,63.88077642268062,62.47055502520919,63.64704132080078,3171200,0.0,0.0
2018-08-09 00:00:00-04:00,63.77167884586415,64.02879272712123,62.68089754645707,62.91463851928711,3027600,0.0,0.0
2018-08-10 00:00:00-04:00,62.59520820136335,63.296425346768736,62.58742119283979,63.05489730834961,2708400,0.0,0.0
2018-08-13 00:00:00-04:00,63.210723515630264,63.68599260512446,62.35368294162292,62.400428771972656,2307800,0.0,0.0
2018-08-14 00:00:00-04:00,62.88349561170084,63.00036614077224,61.76934099721328,62.416019439697266,3413800,0.0,0.0
2018-08-15 00:00:00-04:00,61.92231547858688,62.157406397400734,60.19049737773011,60.48044204711914,6162800,0.46,0.0
2018-08-16 00:00:00-04:00,60.75473806968875,61.460005164078204,60.01029312365232,60.096492767333984,4075600,0.0,0.0
2018-08-17 00:00:00-04:00,60.55096795879317,60.629335587015426,59.72816166995527,60.42559051513672,3374300,0.0,0.0
2018-08-20 00:00:00-04:00,60.62933527242471,62.0790467078546,60.48044395390776,61.71857833862305,3352300,0.0,0.0
2018-08-21 00:00:00-04:00,61.93017876389121,63.31720499063427,61.75777948340447,61.91450881958008,5733400,0.0,0.0
2018-08-22 00:00:00-04:00,61.985011238545525,63.09776223928778,61.922319525616466,62.85483932495117,3838700,0.0,0.0
2018-08-23 00:00:00-04:00,62.90968598120207,64.05378270932388,62.6510871785047,63.95975112915039,3392100,0.0,0.0
2018-08-24 00:00:00-04:00,64.3515876382465,65.71509983108294,64.00678911508308,65.68375396728516,6091800,0.0,0.0
2018-08-27 00:00:00-04:00,65.86398801612651,66.44387152191607,65.19006692347438,65.57404327392578,4305200,0.0,0.0
2018-08-28 00:00:00-04:00,65.59755077984087,66.27930982860069,65.44082744796158,65.75428009033203,3222900,0.0,0.0
2018-08-29 00:00:00-04:00,65.94232234511038,66.2557748594271,65.00196480216022,65.60536193847656,3624700,0.0,0.0
2018-08-30 00:00:00-04:00,65.77779101529312,65.78562299721871,64.28105741902745,65.13521575927734,4420500,0.0,0.0
2018-08-31 00:00:00-04:00,64.87660889485736,65.04117017425041,63.536604780989904,64.48479461669922,6666800,0.0,0.0
2018-09-04 00:00:00-04:00,64.84527661443893,66.67113296787566,64.72773111065396,66.04422760009766,6036200,0.0,0.0
2018-09-05 00:00:00-04:00,65.87180257947998,66.19309309901047,64.58665245857868,65.77777099609375,5718900,0.0,0.0
2018-09-06 00:00:00-04:00,65.65239780790262,66.87485641124962,64.8452613721742,64.88444519042969,4468200,0.0,0.0
2018-09-07 00:00:00-04:00,64.88443373896193,64.92361157169165,63.88138436759574,64.65718078613281,3589100,0.0,0.0
2018-09-10 00:00:00-04:00,64.80606709130181,65.11951965090657,64.3750750531293,64.59449005126953,4067700,0.0,0.0
2018-09-11 00:00:00-04:00,64.45344854218908,65.70725303239388,64.03028840575533,65.44865417480469,3835400,0.0,0.0
2018-09-12 00:00:00-04:00,65.53485357149479,66.78082607653239,65.50350771201967,65.98152160644531,5581900,0.0,0.0
2018-09-13 00:00:00-04:00,66.05989961916835,66.247968826944,64.9393103760423,65.89533233642578,4575900,0.0,0.0
2018-09-14 00:00:00-04:00,65.8561397081098,66.40467726542163,65.7307562786608,66.09122467041016,3294400,0.0,0.0
2018-09-17 00:00:00-04:00,66.16176792763,66.20878373402056,65.33895544412174,65.68375396728516,3510200,0.0,0.0
2018-09-18 00:00:00-04:00,66.01286950415916,66.34199804950451,65.38597023113455,65.8012924194336,4563000,0.0,0.0
2018-09-19 00:00:00-04:00,65.25275580235916,65.65240809244844,62.76081642767034,63.11345291137695,6867500,0.0,0.0
2018-09-20 00:00:00-04:00,63.47390775947507,64.6885343117489,62.353318778404095,64.20268249511719,6500000,0.0,0.0
2018-09-21 00:00:00-04:00,64.49262586441012,65.8091219411558,64.20268117644805,65.33110809326172,8531600,0.0,0.0
2018-09-24 00:00:00-04:00,65.77777421534985,67.6741536355144,65.58969908215207,67.22748565673828,6853000,0.0,0.0
2018-09-25 00:00:00-04:00,67.91708800639243,69.31194593068963,66.56141390277796,66.64761352539062,7512100,0.0,0.0
2018-09-26 00:00:00-04:00,66.38116566564699,66.77297989291108,64.61016368440238,66.2401123046875,7955000,0.0,0.0
2018-09-27 00:00:00-04:00,66.4360216482596,67.35286553596507,64.81391093208423,65.072509765625,8087700,0.0,0.0
2018-09-28 00:00:00-04:00,64.61015836486676,65.04115637081624,62.66676330566406,62.66676330566406,39153800,0.0,0.0
2018-10-01 00:00:00-04:00,63.951914994454434,65.29191885761969,63.59928460153053,64.59449005126953,6696600,0.0,0.0
2018-10-02 00:00:00-04:00,64.96280528591325,65.37028948435812,63.93624786269954,65.26058197021484,7100100,0.0,0.0
2018-10-03 00:00:00-04:00,66.07554422974323,67.83087011278067,65.8247833893093,67.6976547241211,8331700,0.0,0.0
2018-10-04 00:00:00-04:00,67.4312349480504,67.64281201287451,65.83263208749709,66.81999969482422,6911300,0.0,0.0
2018-10-05 00:00:00-04:00,66.46738740513668,66.60844081306178,65.22142061730877,66.2244644165039,7580800,0.0,0.0
2018-10-08 00:00:00-04:00,65.82479540467725,65.95017883708616,64.15566881635864,65.715087890625,9552200,0.0,0.0
2018-10-09 00:00:00-04:00,65.79345733925163,66.20094756423325,64.93146706448384,65.63673400878906,5322700,0.0,0.0
2018-10-10 00:00:00-04:00,66.47521369048376,66.65544491535755,63.19964599609376,63.19964599609375,10626500,0.0,0.0
2018-10-11 00:00:00-04:00,63.199653034960754,64.1086591775829,61.38946675315426,61.69508743286133,9010200,0.0,0.0
2018-10-12 00:00:00-04:00,62.80782540496805,63.34852500394651,61.828289780993536,62.75297164916992,8179200,0.0,0.0
2018-10-15 00:00:00-04:00,62.690291799082615,62.9567226694949,60.95847320556641,60.958473205566406,7960600,0.0,0.0
2018-10-16 00:00:00-04:00,61.90665020793364,62.88618581248955,61.3345987842842,62.74513244628906,5907500,0.0,0.0
2018-10-17 00:00:00-04:00,62.384672689046454,63.050755796541594,61.60888205695736,62.02420425415039,5630300,0.0,0.0
2018-10-18 00:00:00-04:00,61.467806433392255,62.61190304639698,61.32675309871444,61.76558303833008,4859600,0.0,0.0
2018-10-19 00:00:00-04:00,59.383361117032365,60.01026624876273,57.77692643221524,57.925811767578125,13322800,0.0,0.0
2018-10-22 00:00:00-04:00,57.98851587223908,58.427345971089466,56.593657933511736,58.09038543701172,5154000,0.0,0.0
2018-10-23 00:00:00-04:00,56.81306222999731,56.98546144437637,54.02334688054869,56.49177169799805,8640000,0.0,0.0
2018-10-24 00:00:00-04:00,56.32721621922886,56.42125379451976,53.145686321193466,53.33375549316406,12254700,0.0,0.0
2018-10-25 00:00:00-04:00,54.47785623586127,55.25365283444588,54.07820996477276,54.822654724121094,8315800,0.0,0.0
2018-10-26 00:00:00-04:00,54.11739381309795,54.658099506316354,52.73037370352706,53.960670471191406,7837700,0.0,0.0
2018-10-29 00:00:00-04:00,54.736444640288944,55.21445846088224,51.94672934261825,52.68334197998047,6307400,0.0,0.0
2018-10-30 00:00:00-04:00,52.85574337130302,54.17223957607262,52.221006158175115,53.91364669799805,6470600,0.0,0.0
2018-10-31 00:00:00-04:00,54.767793049276925,56.51528716028447,54.71293929576247,55.20662307739258,9638900,0.0,0.0
2018-11-01 00:00:00-04:00,54.69728131235565,56.766060437952135,53.874468851183664,55.70032501220703,8070900,0.0,0.0
2018-11-02 00:00:00-04:00,56.25668979999887,57.204879551849636,54.26627272555599,54.454341888427734,5685500,0.0,0.0
2018-11-05 00:00:00-05:00,55.25365313974411,55.57493775035196,53.94498886053233,54.665931701660156,4841500,0.0,0.0
2018-11-06 00:00:00-05:00,54.65808822914027,54.665926188202135,53.20837669046951,53.576683044433594,6809800,0.0,0.0
2018-11-07 00:00:00-05:00,54.05470646922817,54.83049715242543,53.365109436508746,54.71295166015625,7305300,0.0,0.0
2018-11-08 00:00:00-05:00,54.55622237652995,54.67376187737585,52.730366400978696,53.05165100097656,7182500,0.0,0.0
2018-11-09 00:00:00-05:00,52.636323265599046,53.02030552320207,51.78217109701888,52.644161224365234,6340500,0.0,0.0
2018-11-12 00:00:00-05:00,53.03597089086718,53.22404003477022,51.53923776190271,51.64111328125,4588800,0.0,0.0
2018-11-13 00:00:00-05:00,51.327658071856845,51.899709410727,49.8779467876867,50.285430908203125,8936000,0.0,0.0
2018-11-14 00:00:00-05:00,51.15527970122784,51.609785774292234,49.501822694324105,50.02685546875,6395600,0.0,0.0
2018-11-15 00:00:00-05:00,49.830941235027986,51.40603335646982,49.572342370249274,51.21796417236328,6149600,0.0,0.0
2018-11-16 00:00:00-05:00,51.500054623490136,52.02508416788175,50.912333378052146,51.2806396484375,6373700,0.0,0.0
2018-11-19 00:00:00-05:00,51.00637734531307,51.32766790729052,49.04730904044724,49.689884185791016,6337700,0.0,0.0
2018-11-20 00:00:00-05:00,48.61635885164647,49.78460351258775,47.866471241872496,48.85316467285156,7603000,0.46,0.0
2018-11-21 00:00:00-05:00,49.14522764043253,50.73182943503091,48.947888943976785,50.305580139160156,6438600,0.0,0.0
2018-11-23 00:00:00-05:00,49.35835859300269,49.80829062377623,48.703195622866595,48.72687530517578,2695000,0.0,0.0
2018-11-26 00:00:00-05:00,49.57937429561444,50.86602341663646,49.405715282268666,50.660789489746094,5448300,0.0,0.0
2018-11-27 00:00:00-05:00,50.39241083848821,50.99231916498765,50.07666771223612,50.3134765625,5096700,0.0,0.0
2018-11-28 00:00:00-05:00,50.20297058968659,51.734321027524544,49.271531563934644,51.52908706665039,6229200,0.0,0.0
2018-11-29 00:00:00-05:00,51.3396428088604,52.08952754603323,51.16598376935514,51.22913360595703,5096900,0.0,0.0
2018-11-30 00:00:00-05:00,51.13440183261211,51.757992833290196,50.755514909604585,51.43436050415039,6236800,0.0,0.0
2018-12-03 00:00:00-05:00,52.09741294396443,52.79204294852307,49.95036708331203,51.03968048095703,9307900,0.0,0.0
2018-12-04 00:00:00-05:00,51.110720338184294,52.499986391921475,49.9503678858577,49.99773025512695,7711600,0.0,0.0
2018-12-06 00:00:00-05:00,49.63462409479137,50.22664011640003,48.78211957832329,50.163490295410156,7501300,0.0,0.0
2018-12-07 00:00:00-05:00,50.62131249212782,52.176342145552155,48.253251508571374,48.592674255371094,9721900,0.0,0.0
2018-12-10 00:00:00-05:00,48.16642827641444,48.95578304395093,47.00607580456798,48.13485336303711,8768800,0.0,0.0
2018-12-11 00:00:00-05:00,48.505854934277636,49.27942230679494,48.04802768725632,48.41902542114258,5555100,0.0,0.0
2018-12-12 00:00:00-05:00,49.153131777656874,50.021420994875825,48.9557930454571,48.971580505371094,5484100,0.0,0.0
2018-12-13 00:00:00-05:00,49.09787120649286,49.45308148351249,48.60847205323789,49.03472137451172,6501700,0.0,0.0
2018-12-14 00:00:00-05:00,48.592686262019235,49.48465508572537,47.0060813072927,47.25867462158203,8583000,0.0,0.0
2018-12-17 00:00:00-05:00,46.97449916402255,47.6454524984485,45.8851917929017,46.44563293457031,9197900,0.0,0.0
2018-12-18 00:00:00-05:00,46.61140155136598,47.787541558894326,46.31144587643431,46.54035949707031,12023600,0.0,0.0
2018-12-19 00:00:00-05:00,46.72190965636597,48.269047357090805,45.92466263108116,46.27987289428711,15030100,0.0,0.0
2018-12-20 00:00:00-05:00,45.68785831720496,47.361289710521476,45.06426728000717,45.32475280761719,11900600,0.0,0.0
2018-12-21 00:00:00-05:00,45.15898526103496,46.358804861933116,44.59065187935121,44.78799057006836,14239800,0.0,0.0
2018-12-24 00:00:00-05:00,43.65922070383362,44.52750989137872,42.854078342636356,42.87775802612305,4508800,0.0,0.0
2018-12-26 00:00:00-05:00,43.12246237090214,46.08254347522532,42.97248300114697,46.058860778808594,6036400,0.0,0.0
2018-12-27 00:00:00-05:00,45.009007363986264,46.6666511035034,44.63800967486174,46.65086364746094,5766200,0.0,0.0
2018-12-28 00:00:00-05:00,46.93503767417663,47.29814017488704,45.62470877109798,45.97202682495117,4563500,0.0,0.0
2018-12-31 00:00:00-05:00,46.185148947084464,46.74559315477053,45.71153726206912,46.57982635498047,4357900,0.0,0.0
2019-01-02 00:00:00-05:00,45.916761725779885,47.58230063443479,45.61680910602961,47.07711410522461,6608000,0.0,0.0
2019-01-03 00:00:00-05:00,47.13236164266506,47.39285010159146,45.81414092840973,46.3903694152832,6290600,0.0,0.0
2019-01-04 00:00:00-05:00,47.298147706894106,48.71898904228362,46.76928132961595,48.663734436035156,6297600,0.0,0.0
2019-01-07 00:00:00-05:00,48.837385235070755,49.78461168656259,48.27694399693346,49.145233154296875,6333100,0.0,0.0
2019-01-08 00:00:00-05:00,49.42150096418809,50.234535386291526,48.85316458539379,49.626731872558594,5884800,0.0,0.0
2019-01-09 00:00:00-05:00,49.855661614874116,51.513308919413795,49.429409192751024,50.692378997802734,7195800,0.0,0.0
2019-01-10 00:00:00-05:00,50.63710358612445,50.91337651780794,49.33466716841855,50.22663879394531,8083300,0.0,0.0
2019-01-11 00:00:00-05:00,50.084562766503346,52.20792609891022,49.90301152346332,51.205448150634766,6863900,0.0,0.0
2019-01-14 00:00:00-05:00,50.74762806613083,51.66327663337455,50.74762806613083,51.21334457397461,4772900,0.0,0.0
2019-01-15 00:00:00-05:00,51.68694530375876,51.74219988855065,50.4634431832693,50.7791862487793,4285300,0.0,0.0
2019-01-16 00:00:00-05:00,50.518704942813926,50.968636917818905,50.2424319796177,50.78708267211914,5277900,0.0,0.0
2019-01-17 00:00:00-05:00,50.36083842009892,51.95533556552944,50.100352887505444,51.93165588378906,4533100,0.0,0.0
2019-01-18 00:00:00-05:00,52.349999805283865,52.42893406530885,51.19754274648471,52.1684455871582,5745800,0.0,0.0
2019-01-22 00:00:00-05:00,51.83693557753865,52.515781283012096,51.04758066627185,51.165985107421875,6166300,0.0,0.0
2019-01-23 00:00:00-05:00,51.308067370202345,51.97112258089797,50.50292502859349,51.18966293334961,4357700,0.0,0.0
2019-01-24 00:00:00-05:00,51.20545121791376,51.371215013512455,49.68988834217628,49.816184997558594,7318600,0.0,0.0
2019-01-25 00:00:00-05:00,50.266120239072755,51.19755926133808,49.74514612586927,50.58186340332031,7914700,0.0,0.0
2019-01-28 00:00:00-05:00,50.22664928920156,50.8502373240407,49.816184411252536,50.297691345214844,11002700,0.0,0.0
2019-01-29 00:00:00-05:00,50.17928325558798,50.81865870193268,49.72935127069744,50.629215240478516,5922800,0.0,0.0
2019-01-30 00:00:00-05:00,51.12650354829778,51.95532842916437,50.6686823788359,51.568546295166016,5745700,0.0,0.0
2019-01-31 00:00:00-05:00,52.20003428115578,52.97360468720834,51.82114732405626,52.30265426635742,8782200,0.0,0.0
2019-02-01 00:00:00-05:00,52.634192170677835,53.04465412499699,51.57645332843486,51.679073333740234,5216900,0.0,0.0
2019-02-04 00:00:00-05:00,51.623798420234365,52.231598887489525,51.47381910057598,52.026371002197266,5553700,0.0,0.0
2019-02-05 00:00:00-05:00,52.09741923636325,53.02885818481445,51.98691004097917,53.02885818481445,5403600,0.0,0.0
2019-02-06 00:00:00-05:00,52.80783266296099,53.51035789116314,52.64206889226934,52.78415298461914,5484200,0.0,0.0
2019-02-07 00:00:00-05:00,52.760468936440105,54.26024417548355,49.77671193709088,50.281898498535156,9498500,0.0,0.0
2019-02-08 00:00:00-05:00,50.03720525130691,50.59764649219766,48.87685261669235,49.508338928222656,8276500,0.0,0.0
2019-02-11 00:00:00-05:00,49.28731614551217,50.07667100184667,48.324305268365954,48.7189826965332,9648000,0.0,0.0
2019-02-12 00:00:00-05:00,49.184697486329426,49.64252169349497,48.71108281105699,48.837379455566406,6478600,0.0,0.0
2019-02-13 00:00:00-05:00,48.97947337530228,50.36873975454324,48.8216017852317,50.2424430847168,4141000,0.0,0.0
2019-02-14 00:00:00-05:00,50.00562479187964,51.08704302328515,49.76092673387147,50.5502815246582,4824400,0.0,0.0
2019-02-15 00:00:00-05:00,51.229136789981226,51.67117362906844,50.9449685299108,51.426475524902344,5166300,0.0,0.0
2019-02-19 00:00:00-05:00,51.33096863381267,52.06312982998781,51.139971380830715,51.73684310913086,3836500,0.53,0.0
2019-02-20 00:00:00-05:00,51.720916044836024,52.48491102380508,51.31504769680683,51.8164176940918,5470500,0.0,0.0
2019-02-21 00:00:00-05:00,51.73683278474564,52.50878770410332,51.30708449752511,51.45829391479492,7231800,0.0,0.0
2019-02-22 00:00:00-05:00,51.95171015443284,52.41329237838272,51.545835711187756,51.74479293823242,3544600,0.0,0.0
2019-02-25 00:00:00-05:00,51.705009646593275,51.911926880845186,51.291175178089446,51.52992630004883,4054700,0.0,0.0
2019-02-26 00:00:00-05:00,51.553789679065424,51.975577979666085,51.362792463484226,51.40258026123047,3746400,0.0,0.0
2019-02-27 00:00:00-05:00,51.450348896308526,51.61747226690425,50.39985480135416,50.455562591552734,5805400,0.0,0.0
2019-02-28 00:00:00-05:00,50.439637781401174,50.48738557364221,49.05489412532939,49.34934997558594,7499200,0.0,0.0
2019-03-01 00:00:00-05:00,49.43688406624368,50.29638062502061,49.43688406624368,49.88254928588867,6069800,0.0,0.0
2019-03-04 00:00:00-05:00,50.041723321545035,50.041723321545035,48.02031713687271,49.34934997558594,7025300,0.0,0.0
2019-03-05 00:00:00-05:00,49.174271596066305,49.2538532768037,47.99644511324302,48.39435958862305,7254500,0.0,0.0
2019-03-06 00:00:00-05:00,48.06010367402233,48.3386455924983,47.4313981551194,47.69402313232422,8212400,0.0,0.0
2019-03-07 00:00:00-05:00,47.701982990523874,47.8770663193246,46.70719686933125,46.82657241821289,5830500,0.0,0.0
2019-03-08 00:00:00-05:00,46.014842705714074,46.110341356780744,45.26676437330493,45.76017761230469,7631000,0.0,0.0
2019-03-11 00:00:00-04:00,46.07053822103708,47.128992199922614,45.943205708283976,47.113075256347656,6670400,0.0,0.0
2019-03-12 00:00:00-04:00,47.08124305507994,47.74973952993286,46.84249496459961,46.84249496459961,5849100,0.0,0.0
2019-03-13 00:00:00-04:00,46.961858862264094,47.42344105010675,46.89819413323008,47.40752410888672,6243500,0.0,0.0
2019-03-14 00:00:00-04:00,47.47119039463223,47.69402149307738,46.87431877878612,47.503021240234375,5473400,0.0,0.0
2019-03-15 00:00:00-04:00,47.31202411315046,48.760432327488594,47.27223327918764,48.107852935791016,9173800,0.0,0.0
2019-03-18 00:00:00-04:00,48.394356742134434,49.50055843289021,48.386396753020975,49.405059814453125,7657900,0.0,0.0
2019-03-19 00:00:00-04:00,49.659719929146405,50.16904989176804,49.17426385982077,49.36526107788086,6237100,0.0,0.0
2019-03-20 00:00:00-04:00,49.17426595035882,49.930303973949286,48.402310985278994,49.49259567260742,8136000,0.0,0.0
2019-03-21 00:00:00-04:00,49.36526493339857,50.41575882231271,49.11059993219795,49.970096588134766,6306700,0.0,0.0
2019-03-22 00:00:00-04:00,49.43689655271412,49.73931242227865,48.25111304464115,48.78431701660156,4664600,0.0,0.0
2019-03-25 00:00:00-04:00,48.64903157141595,48.89573663851196,48.03624282734232,48.68086242675781,5190100,0.0,0.0
2019-03-26 00:00:00-04:00,49.198139499912365,50.001928342338324,48.73656034334026,49.30955505371094,4191500,0.0,0.0
2019-03-27 00:00:00-04:00,49.1026412315798,49.74726066474478,48.84797623944245,49.49259567260742,4793400,0.0,0.0
2019-03-28 00:00:00-04:00,49.174275763077894,49.56423028192088,48.22723728847994,48.50577926635742,5095500,0.0,0.0
2019-03-29 00:00:00-04:00,48.86389690438704,48.967352478181965,47.51894408658896,47.6303596496582,8245000,0.0,0.0
2019-04-01 00:00:00-04:00,48.11581467778774,48.744520238859415,47.52690299048608,48.58535385131836,6993500,0.0,0.0
2019-04-02 00:00:00-04:00,48.298858147690346,48.45006759196205,47.248364170792286,47.68606948852539,7284200,0.0,0.0
2019-04-03 00:00:00-04:00,48.05215072631836,48.672896308400006,47.853193497615635,48.05215072631836,6979400,0.0,0.0
2019-04-04 00:00:00-04:00,48.091950655657186,49.24590340743265,47.91686728983213,48.82411193847656,5838700,0.0,0.0
2019-04-05 00:00:00-04:00,48.85593173622507,50.535131065230296,48.85593173622507,50.51125717163086,7359600,0.0,0.0
2019-04-08 00:00:00-04:00,50.59880847687545,50.670430171329755,49.8507272857661,50.42372512817383,7353200,0.0,0.0
2019-04-09 00:00:00-04:00,50.16108583983334,50.45554466724445,49.24588458609095,49.46871566772461,6046900,0.0,0.0
2019-04-10 00:00:00-04:00,49.61993321545233,50.92509522771024,49.38118514052159,50.61471939086914,8247800,0.0,0.0
2019-04-11 00:00:00-04:00,50.81367750353143,51.354841435172084,50.184974937053305,50.22476577758789,5284900,0.0,0.0
2019-04-12 00:00:00-04:00,50.78980443336023,50.89326304911194,48.863899790339836,49.015106201171875,10104400,0.0,0.0
2019-04-15 00:00:00-04:00,48.93551955551984,49.166307625309145,47.98052428476794,48.179481506347656,7075900,0.0,0.0
2019-04-16 00:00:00-04:00,48.1396884187384,48.2272270420303,47.34385956962341,47.765647888183594,7899900,0.0,0.0
2019-04-17 00:00:00-04:00,48.306823120848364,48.65698680398993,47.89299165758277,47.94074249267578,5500500,0.0,0.0
2019-04-18 00:00:00-04:00,47.94869345505498,48.40231570628488,47.50302815742277,47.59852981567383,6363800,0.0,0.0
2019-04-22 00:00:00-04:00,48.036232535893966,48.86389531440041,47.96460781398771,48.64902114868164,6186600,0.0,0.0
2019-04-23 00:00:00-04:00,48.776355412474636,48.959395700437554,48.0601081675359,48.59331512451172,6804700,0.0,0.0
2019-04-24 00:00:00-04:00,48.58535614844799,48.82410422312448,47.31998801323147,47.35182189941406,7056500,0.0,0.0
2019-04-25 00:00:00-04:00,47.55873470819101,48.91960446247539,47.391611364350496,48.267024993896484,6554000,0.0,0.0
2019-04-26 00:00:00-04:00,47.980541740357864,48.68086922929222,47.74975055075916,48.060123443603516,6244500,0.0,0.0
2019-04-29 00:00:00-04:00,48.14765536228271,48.84002575464538,47.96461505330622,48.53761291503906,4506800,0.0,0.0
2019-04-30 00:00:00-04:00,48.92756430772813,49.50056213287277,48.402317313294404,48.442108154296875,5005400,0.0,0.0
2019-05-01 00:00:00-04:00,48.62514325260386,49.126516295998805,47.70994186401367,47.70994186401367,4991300,0.0,0.0
2019-05-02 00:00:00-04:00,47.77361389268027,48.22723617975699,46.3013314571992,46.70720291137695,6849500,0.0,0.0
2019-05-03 00:00:00-04:00,47.16081849459703,47.892982649071385,47.12898764636915,47.717899322509766,5626700,0.0,0.0
2019-05-06 00:00:00-04:00,47.15286796101327,47.48711468175835,46.47641452949775,47.343868255615234,6409400,0.0,0.0
2019-05-07 00:00:00-04:00,46.75494439130385,47.351816021831134,45.784032234175385,47.29610824584961,9697100,0.0,0.0
2019-05-08 00:00:00-04:00,46.0625722820223,46.26948643644212,43.73875058276391,43.9536247253418,16021700,0.0,0.0
2019-05-09 00:00:00-04:00,43.905875738063585,44.34358402966232,41.781014187994565,42.1470947265625,15870600,0.0,0.0
2019-05-10 00:00:00-04:00,42.170980620567455,42.751935434184325,41.40698246291058,42.29831314086914,10158900,0.0,0.0
2019-05-13 00:00:00-04:00,41.629808932047155,42.07547115255273,40.26893926856368,40.36444091796875,7505300,0.0,0.0
2019-05-14 00:00:00-04:00,40.58727251680574,41.112519451471734,40.34056447330875,40.833980560302734,7644100,0.0,0.0
2019-05-15 00:00:00-04:00,40.74553034550644,41.37275790642315,40.359545805921314,41.16368103027344,7209900,0.53,0.0
2019-05-16 00:00:00-04:00,41.25212483533041,42.820188696891925,41.25212483533041,42.50657653808594,11750700,0.0,0.0
2019-05-17 00:00:00-04:00,42.10451752847652,42.305551318763335,41.63007766069834,41.77482223510742,6239600,0.0,0.0
2019-05-20 00:00:00-04:00,41.57378284713168,42.064305720190376,41.284293737291684,41.91151809692383,5315900,0.0,0.0
2019-05-21 00:00:00-04:00,42.28947378969083,43.24639365255379,42.20101841956694,42.84432601928711,6908700,0.0,0.0
2019-05-22 00:00:00-04:00,42.5628802478948,42.68350176586522,41.605960377278045,41.750701904296875,5547700,0.0,0.0
2019-05-23 00:00:00-04:00,41.07522882807105,41.139558051052305,39.97356135951723,40.319339752197266,10245900,0.0,0.0
2019-05-24 00:00:00-04:00,40.50428588070596,40.82594116163672,40.02180602684191,40.43995666503906,4860800,0.0,0.0
2019-05-28 00:00:00-04:00,40.681181476056175,40.809842927115305,39.362400835817404,39.40260696411133,8418500,0.0,0.0
2019-05-29 00:00:00-04:00,38.7995232601917,39.48303695071582,38.61457253296202,39.39458465576172,5894900,0.0,0.0
2019-05-30 00:00:00-04:00,39.19354988293032,39.31416831898016,37.754147179663555,37.882808685302734,8279000,0.0,0.0
2019-05-31 00:00:00-04:00,37.159093051343426,37.31188072803848,36.5640346219472,36.98218536376953,12939000,0.0,0.0
2019-06-03 00:00:00-04:00,37.078669474726965,37.99538298612682,37.006297193956875,37.898887634277344,8684100,0.0,0.0
2019-06-04 00:00:00-04:00,38.188384133684835,39.12922089789264,37.90693495742328,38.99251937866211,8225500,0.0,0.0
2019-06-05 00:00:00-04:00,39.29004084948745,39.29004084948745,37.81043216641008,38.34920120239258,7868200,0.0,0.0
2019-06-06 00:00:00-04:00,38.31703195142598,38.77538863179294,37.64155846443286,38.678890228271484,9358600,0.0,0.0
2019-06-07 00:00:00-04:00,38.912091617691466,39.121168432599625,37.255575503963875,37.78630447387695,10342900,0.0,0.0
2019-06-10 00:00:00-04:00,38.17229599243752,38.97643113064749,38.13208678150133,38.341163635253906,7440200,0.0,0.0
2019-06-11 00:00:00-04:00,38.711069059422286,38.97643515484523,38.41353988647461,38.41353988647461,5619100,0.0,0.0
2019-06-12 00:00:00-04:00,38.309002291966436,38.510036101699704,37.72198393564919,37.770233154296875,6602300,0.0,0.0
2019-06-13 00:00:00-04:00,38.14817709986261,38.67890626920926,37.898897122879184,38.51808166503906,6491400,0.0,0.0
2019-06-14 00:00:00-04:00,38.43766462309937,38.59849228780507,38.059723138703426,38.56632614135742,5463300,0.0,0.0
2019-06-17 00:00:00-04:00,38.58240010479022,39.402618240346136,38.39744940768425,39.16941833496094,8369100,0.0,0.0
2019-06-18 00:00:00-04:00,39.24179697269078,40.24696596823887,39.24179697269078,39.91727066040039,7502200,0.0,0.0
2019-06-19 00:00:00-04:00,40.01375424894591,40.5284031999316,39.70014210543668,39.93334197998047,7330300,0.0,0.0
2019-06-20 00:00:00-04:00,40.632948711161546,42.04822831259879,40.616865639834735,41.77482223510742,10766000,0.0,0.0
2019-06-21 00:00:00-04:00,42.28142731440336,42.77194717517376,41.73461517146272,42.34575653076172,11668300,0.0,0.0
2019-06-24 00:00:00-04:00,41.96781374757685,42.53070898450391,41.445127723491346,41.49337387084961,5949400,0.0,0.0
2019-06-25 00:00:00-04:00,41.3164572226019,41.8471862007188,41.08325733603482,41.32449722290039,5471700,0.0,0.0
2019-06-26 00:00:00-04:00,41.74264931442505,43.64844847797792,41.74264931442505,43.592159271240234,9095600,0.0,0.0
2019-06-27 00:00:00-04:00,43.624333647026766,44.48475804682821,43.28659834282012,43.720829010009766,7700200,0.0,0.0
2019-06-28 00:00:00-04:00,43.80124711170317,44.99136688812906,43.55196408522646,44.93507766723633,10298700,0.0,0.0
2019-07-01 00:00:00-04:00,45.75528755527453,45.9402382566874,44.20330659610141,44.32392501831055,8054200,0.0,0.0
2019-07-02 00:00:00-04:00,44.01031630986549,44.211350096993066,43.40721494848275,43.817325592041016,6677400,0.0,0.0
2019-07-03 00:00:00-04:00,43.76907746015669,44.16310197484332,43.503711382176846,43.68062210083008,3229500,0.0,0.0
2019-07-05 00:00:00-04:00,43.46350371749946,44.33197114139473,43.37504836126581,44.122894287109375,3414000,0.0,0.0
2019-07-08 00:00:00-04:00,43.986194013883626,44.2756831632653,43.5921664344403,43.69670486450195,4642200,0.0,0.0
2019-07-09 00:00:00-04:00,43.43133651992546,44.20330856713306,43.27051194980876,43.93794250488281,4702500,0.0,0.0
2019-07-10 00:00:00-04:00,44.47671171747514,44.70990855588186,43.527832091788135,44.21134567260742,3963100,0.0,0.0
2019-07-11 00:00:00-04:00,44.436508474679684,44.734040698413764,44.08269010156217,44.58125305175781,4144700,0.0,0.0
2019-07-12 00:00:00-04:00,44.6053862051866,44.92703848562297,44.46868160866326,44.613426208496094,3792000,0.0,0.0
2019-07-15 00:00:00-04:00,44.637530078576134,44.66969621303861,43.30266617369747,44.090721130371094,5764200,0.0,0.0
2019-07-16 00:00:00-04:00,44.058570163766156,44.95920076605191,43.761037918855195,44.77425003051758,6097600,0.0,0.0
2019-07-17 00:00:00-04:00,44.59733429288998,44.8868234351642,43.47958693496729,43.67258071899414,4609600,0.0,0.0
2019-07-18 00:00:00-04:00,43.43937706063454,44.573207392144084,43.18205408238641,44.51691818237305,4279500,0.0,0.0
2019-07-19 00:00:00-04:00,44.6777522450435,44.83053682677829,44.026401637060296,44.42042922973633,3284800,0.0,0.0
2019-07-22 00:00:00-04:00,44.54908721948899,44.98331785632232,43.95402587637357,44.40434265136719,2725800,0.0,0.0
2019-07-23 00:00:00-04:00,44.38825520767966,44.89486114619597,44.380212139391915,44.798362731933594,3649900,0.0,0.0
2019-07-24 00:00:00-04:00,44.6616708162628,46.48705813218312,44.58929852382428,46.33427047729492,7114300,0.0,0.0
2019-07-25 00:00:00-04:00,46.3181948114271,46.46293941944986,44.927041027682066,45.43364715576172,5127200,0.0,0.0
2019-07-26 00:00:00-04:00,45.32105440226239,45.90003265172657,45.17630983989634,45.70703887939453,3452900,0.0,0.0
2019-07-29 00:00:00-04:00,45.4738370976155,45.65878779358874,44.72599124529265,45.16022491455078,4604200,0.0,0.0
2019-07-30 00:00:00-04:00,45.16023939883334,46.04478702284743,44.52497176052411,45.875919342041016,3746300,0.0,0.0
2019-07-31 00:00:00-04:00,45.85983037345616,46.326230271015305,44.63754447738978,45.345184326171875,5682200,0.0,0.0
2019-08-01 00:00:00-04:00,46.57550200835811,47.12231410401836,44.09876757583687,44.51691818237305,8254600,0.0,0.0
2019-08-02 00:00:00-04:00,44.307841092095586,44.54908406691476,42.89256471981993,43.11772155761719,5094700,0.0,0.0
2019-08-05 00:00:00-04:00,42.29751431861289,42.353803542567576,40.15851460573692,40.74553298950195,8055900,0.0,0.0
2019-08-06 00:00:00-04:00,41.22800715686492,41.46924707459762,39.5151985261584,39.87705993652344,7722500,0.0,0.0
2019-08-07 00:00:00-04:00,39.241794898593085,39.33025025633124,38.11600752360133,38.703025817871094,9238000,0.0,0.0
2019-08-08 00:00:00-04:00,38.85581125863656,39.83685714991011,38.64673746366841,39.82077407836914,7974700,0.0,0.0
2019-08-09 00:00:00-04:00,39.75644309011163,39.85294152250779,38.896018673539444,38.91210174560547,4353800,0.0,0.0
2019-08-12 00:00:00-04:00,38.405494125569135,38.59044791292284,37.062589872613515,37.271663665771484,6857200,0.0,0.0
2019-08-13 00:00:00-04:00,37.175164526326554,38.63065013115543,36.700724704561594,37.91497039794922,5233100,0.0,0.0
2019-08-14 00:00:00-04:00,37.43249565748383,37.4887848801579,35.59906825031105,35.88855743408203,9399100,0.0,0.0
2019-08-15 00:00:00-04:00,35.79206084194842,36.62836228989138,35.34978704059506,36.50774383544922,6292800,0.0,0.0
2019-08-16 00:00:00-04:00,36.86959728725249,37.2957910244844,36.62031734121641,37.16712951660156,5028400,0.0,0.0
2019-08-19 00:00:00-04:00,37.7943510407038,38.751270739337734,37.72197875643521,38.445701599121094,5335800,0.0,0.0
2019-08-20 00:00:00-04:00,38.20989573480211,38.43757659840395,37.79518775961975,37.9903450012207,4452100,0.53,0.0
2019-08-21 00:00:00-04:00,38.52701437569942,38.8522722317891,37.81144212923271,38.4050407409668,3815900,0.0,0.0
2019-08-22 00:00:00-04:00,38.40504528780106,38.746569644334976,37.97407710404799,38.12857437133789,3311900,0.0,0.0
2019-08-23 00:00:00-04:00,37.77079189249617,38.714045113428035,37.04708939133969,37.209716796875,6215200,0.0,0.0
2019-08-26 00:00:00-04:00,37.50244351717152,37.86836130957532,36.94950176463206,37.43739318847656,9283900,0.0,0.0
2019-08-27 00:00:00-04:00,37.77892209043586,38.07165638399995,36.68117159148949,36.86006546020508,3927000,0.0,0.0
2019-08-28 00:00:00-04:00,36.843801181605684,37.98220850365633,36.518540174209015,37.673213958740234,4258100,0.0,0.0
2019-08-29 00:00:00-04:00,38.02285911284305,39.746737826393144,37.99846562696397,39.48653030395508,8793600,0.0,0.0
2019-08-30 00:00:00-04:00,39.6491692233662,40.64934586247883,39.62477573038466,40.01508712768555,5659600,0.0,0.0
2019-09-03 00:00:00-04:00,39.291385144783334,40.51924267538742,38.72217985190246,40.364742279052734,8002100,0.0,0.0
2019-09-04 00:00:00-04:00,40.820101032914735,41.32425279895454,40.05573860171499,41.194149017333984,4852000,0.0,0.0
2019-09-05 00:00:00-04:00,41.74710127614008,43.04813941681558,41.41371005872201,42.67409133911133,8812500,0.0,0.0
2019-09-06 00:00:00-04:00,42.739126704053625,43.04812119295552,41.9666342779623,42.66594314575195,5276500,0.0,0.0
2019-09-09 00:00:00-04:00,42.86923731559341,43.910067553886336,42.86923731559341,43.568546295166016,5218500,0.0,0.0
2019-09-10 00:00:00-04:00,43.64173230780542,44.78014285200923,43.26768428113701,44.300384521484375,6929700,0.0,0.0
2019-09-11 00:00:00-04:00,44.723221897081146,45.007822977476735,43.59294460362561,43.99951934814453,6531700,0.0,0.0
2019-09-12 00:00:00-04:00,43.275804210170136,43.674245606816385,42.72286247032299,43.251407623291016,7028100,0.0,0.0
2019-09-13 00:00:00-04:00,43.397783494625905,44.06456576807243,43.08065571846461,43.332733154296875,7377100,0.0,0.0
2019-09-16 00:00:00-04:00,43.61733420724093,43.6661242889245,41.69830108788445,42.61716079711914,9626100,0.0,0.0
2019-09-17 00:00:00-04:00,42.27563492420955,43.747433222544906,41.71455990270621,43.43030548095703,6123700,0.0,0.0
2019-09-18 00:00:00-04:00,43.251421257374936,43.747442954061405,42.877373227778946,43.71491622924805,3247400,0.0,0.0
2019-09-19 00:00:00-04:00,43.99951303075741,44.16214352559855,43.60920170428989,43.84501266479492,3594500,0.0,0.0
2019-09-20 00:00:00-04:00,44.0157707866229,45.42251864935093,44.00763755686104,44.80452346801758,7932500,0.0,0.0
2019-09-23 00:00:00-04:00,44.194671320329114,45.78844659811412,44.194671320329114,45.35747528076172,5357300,0.0,0.0
2019-09-24 00:00:00-04:00,45.31680889544899,45.48756949938645,44.69068357909332,45.113521575927734,5520500,0.0,0.0
2019-09-25 00:00:00-04:00,48.22789263431367,49.07356566343987,47.20332264041557,48.91093826293945,16650300,0.0,0.0
2019-09-26 00:00:00-04:00,48.545010480347756,49.66715730544684,48.17909270021565,49.47200012207031,9487000,0.0,0.0
2019-09-27 00:00:00-04:00,49.92737289838489,51.08204352271825,49.480138260307754,50.75678253173828,13047100,0.0,0.0
2019-09-30 00:00:00-04:00,50.545359335317556,50.65919973869394,49.211795006762735,49.39881896972656,9311300,0.0,0.0
2019-10-01 00:00:00-04:00,49.81352679097593,50.11439427766536,49.05730076480444,49.097957611083984,6307600,0.0,0.0
2019-10-02 00:00:00-04:00,48.406784506381534,48.78896573055157,47.69934537182583,48.13844680786133,5479400,0.0,0.0
2019-10-03 00:00:00-04:00,47.79691633399538,48.84587970777405,47.357818055924874,48.78895950317383,4462000,0.0,0.0
2019-10-04 00:00:00-04:00,48.99224154406179,49.593973344467706,48.56127344093531,49.39068603515625,6181700,0.0,0.0
2019-10-07 00:00:00-04:00,49.60210415916938,49.992415426224454,49.00037235042724,49.11421585083008,3345200,0.0,0.0
2019-10-08 00:00:00-04:00,48.699525047051324,49.19554675861052,48.43118731409331,48.64260482788086,4838700,0.0,0.0
2019-10-09 00:00:00-04:00,49.03289557443706,49.780994442811455,48.98410860822695,49.24431610107422,5461300,0.0,0.0
2019-10-10 00:00:00-04:00,49.43948904174351,50.415269063353534,49.38256882482551,50.35834884643555,4470600,0.0,0.0
2019-10-11 00:00:00-04:00,51.15523378869118,52.122880555583095,50.65108197838707,51.56993865966797,8368500,0.0,0.0
2019-10-14 00:00:00-04:00,51.008855915785354,51.822005226928596,50.78117510127915,51.342247009277344,3811400,0.0,0.0
2019-10-15 00:00:00-04:00,51.18774827790356,52.496916025407415,50.6754633581474,52.08221435546875,4926300,0.0,0.0
2019-10-16 00:00:00-04:00,51.838273079390554,52.1716673037039,50.9112832806308,50.97633361816406,4325600,0.0,0.0
2019-10-17 00:00:00-04:00,51.46422618593287,53.18810514448302,51.285332325612686,52.12287521362305,7049100,0.0,0.0
2019-10-18 00:00:00-04:00,51.96024811270402,53.29381263783639,51.86266795092448,52.96855163574219,12749000,0.0,0.0
2019-10-21 00:00:00-04:00,53.2206202195895,53.708514771974166,52.58636474609375,52.58636474609375,4631300,0.0,0.0
2019-10-22 00:00:00-04:00,52.88723152357751,53.57027396170228,52.74086440057408,53.00107192993164,3468800,0.0,0.0
2019-10-23 00:00:00-04:00,52.92788735393086,53.63532951032101,52.64328632682118,53.56214904785156,5908200,0.0,0.0
2019-10-24 00:00:00-04:00,53.87114754375461,54.29398250044725,53.17997179716829,53.95246124267578,4898400,0.0,0.0
2019-10-25 00:00:00-04:00,53.952449737205335,55.700721808457,53.46456144388391,55.30228042602539,6248200,0.0,0.0
2019-10-28 00:00:00-04:00,55.52997589022397,55.77391699942994,54.65990623932979,54.952640533447266,4748700,0.0,0.0
2019-10-29 00:00:00-04:00,55.10714123571425,56.63586633137324,54.9770405361612,55.310428619384766,7274800,0.0,0.0
2019-10-30 00:00:00-04:00,55.85522658322934,56.017853959310024,53.00107084500517,53.82235336303711,6873400,0.0,0.0
2019-10-31 00:00:00-04:00,54.155744131682745,54.43221812984968,49.91110673882233,52.00090026855469,15931500,0.0,0.0
2019-11-01 00:00:00-04:00,52.73273322566164,54.342771641449104,52.63515927574774,54.0500373840332,7377500,0.0,0.0
2019-11-04 00:00:00-05:00,54.41594562951747,55.700722917110234,54.25331826311885,55.245361328125,6145100,0.0,0.0
2019-11-05 00:00:00-05:00,55.47304326409717,55.88775112193446,53.765431066428306,54.025638580322266,7018500,0.0,0.0
2019-11-06 00:00:00-05:00,53.66785143047589,53.67598466019111,52.106606332328276,52.26923370361328,5081400,0.0,0.0
2019-11-07 00:00:00-05:00,52.94416484440554,54.33464975553161,52.79779768513762,53.87115478515625,5980300,0.0,0.0
2019-11-08 00:00:00-05:00,53.56215842192858,54.04191363675731,52.749008942825085,53.85489273071289,4488100,0.0,0.0
2019-11-11 00:00:00-05:00,53.21249738013188,54.03377378667047,52.90349664546346,53.432044982910156,2254900,0.0,0.0
2019-11-12 00:00:00-05:00,53.61094227498382,53.8630166135585,52.37495786860721,52.773399353027344,5518500,0.0,0.0
2019-11-13 00:00:00-05:00,52.28551011116711,52.77339852168696,51.846405578629074,52.244850158691406,4325600,0.0,0.0
2019-11-14 00:00:00-05:00,52.43998596888716,53.02545433858709,52.171651469304315,52.4074592590332,4440400,0.0,0.0
2019-11-15 00:00:00-05:00,52.789655309813995,53.09052280837614,52.35055390806274,52.60263442993164,4468100,0.0,0.0
2019-11-18 00:00:00-05:00,52.45626981004484,52.64329069889039,51.943984816783164,52.48066329956055,3310700,0.0,0.0
2019-11-19 00:00:00-05:00,52.2920898172122,52.38227736670333,50.603134354387876,50.709716796875,4757000,0.53,0.0
2019-11-20 00:00:00-05:00,50.62773057175584,50.95568473338319,49.04535752796886,50.668724060058594,8599600,0.0,0.0
2019-11-21 00:00:00-05:00,50.88189624866811,51.914946562091735,50.78350812159711,51.84935760498047,3842000,0.0,0.0
2019-11-22 00:00:00-05:00,51.93954662842513,52.13631977238533,51.04587472449515,51.127864837646484,2379300,0.0,0.0
2019-11-25 00:00:00-05:00,51.2098371623212,51.70176831758513,50.92287966745217,51.18524169921875,6855800,0.0,0.0
2019-11-26 00:00:00-05:00,51.250838829045605,51.365624972928764,50.34077214527738,50.562137603759766,9866700,0.0,0.0
2019-11-27 00:00:00-05:00,50.775315612162004,51.04587516890942,49.97183126190171,50.398170471191406,4197100,0.0,0.0
2019-11-29 00:00:00-05:00,50.209586369286875,50.414556915470506,49.512684635701135,49.717655181884766,3545100,0.0,0.0
2019-12-02 00:00:00-05:00,49.91443150034701,50.43915563198967,49.586477354269086,49.90623092651367,4327700,0.0,0.0
2019-12-03 00:00:00-05:00,49.26672335664269,49.54548344012128,48.56982471174747,49.217529296875,5006900,0.0,0.0
2019-12-04 00:00:00-05:00,49.889832475687626,50.00461861514558,49.176535810869844,49.217529296875,3884100,0.0,0.0
2019-12-05 00:00:00-05:00,49.32411472042328,49.471693771698554,48.87318012046107,49.069950103759766,3205200,0.0,0.0
2019-12-06 00:00:00-05:00,49.41430984953112,50.012823592622276,49.29132624539332,49.35691833496094,3970100,0.0,0.0
2019-12-09 00:00:00-05:00,48.463232214906974,48.98795626697371,47.7171396169492,47.90571212768555,5609600,0.0,0.0
2019-12-10 00:00:00-05:00,47.82374009779453,48.40585582931529,47.323611352154444,48.10249710083008,3993900,0.0,0.0
2019-12-11 00:00:00-05:00,48.04509374701,48.2336693977565,46.49551695141414,46.82347106933594,7712000,0.0,0.0
2019-12-12 00:00:00-05:00,46.7168919240165,48.49603809739593,46.61030635192213,48.37305450439453,4380500,0.0,0.0
2019-12-13 00:00:00-05:00,48.56981407392523,49.61106152633147,47.7745274836793,48.053287506103516,4836600,0.0,0.0
2019-12-16 00:00:00-05:00,48.545230387377075,50.49655114333629,48.34025981172262,49.8078498840332,8166000,0.0,0.0
2019-12-17 00:00:00-05:00,49.99642119429883,50.570339417371486,49.807848644701174,50.184993743896484,5519400,0.0,0.0
2019-12-18 00:00:00-05:00,50.29157932522766,50.693323019730535,49.77505261161045,49.939029693603516,4787000,0.0,0.0
2019-12-19 00:00:00-05:00,50.04561050092322,50.3489660407845,49.4552943129965,50.11940002441406,5252100,0.0,0.0
2019-12-20 00:00:00-05:00,50.57033859112883,50.947483684162165,50.037413865353685,50.51294708251953,8907200,0.0,0.0
2019-12-23 00:00:00-05:00,50.38176225976547,50.47194980297709,49.578278071992976,49.73405456542969,6449400,0.0,0.0
2019-12-24 00:00:00-05:00,49.67666409389078,50.01281568073919,49.471693537822176,49.98822021484375,1570700,0.0,0.0
2019-12-26 00:00:00-05:00,50.02920447315621,50.283369041740094,49.47168441327035,49.578269958496094,3655300,0.0,0.0
2019-12-27 00:00:00-05:00,49.75865522247287,49.889836264212484,49.20113501317883,49.504493713378906,3682800,0.0,0.0
2019-12-30 00:00:00-05:00,49.4880839304756,49.75864339643402,48.881369801874726,48.92236328125,3363100,0.0,0.0
2019-12-31 00:00:00-05:00,48.782999315697126,49.4798980548802,48.38945616711814,49.397911071777344,3356900,0.0,0.0
2020-01-02 00:00:00-05:00,49.914433396839435,50.767108579354776,49.504492262467636,50.7589111328125,4497400,0.0,0.0
2020-01-03 00:00:00-05:00,50.06202135896583,50.30798545781317,47.69255855370097,47.74175262451172,9671100,0.0,0.0
2020-01-06 00:00:00-05:00,47.32359850795233,48.15167809996729,46.7496803797468,47.73353958129883,7878000,0.0,0.0
2020-01-07 00:00:00-05:00,47.290811337160875,48.51243421329624,46.92186367646125,48.48783874511719,6578000,0.0,0.0
2020-01-08 00:00:00-05:00,48.30745461392509,48.463234223565415,47.38099003942142,47.9795036315918,5585200,0.0,0.0
2020-01-09 00:00:00-05:00,47.897515709529515,48.71739789389751,47.52037065534479,48.69280242919922,6179700,0.0,0.0
2020-01-10 00:00:00-05:00,48.91417112401349,50.07020488193414,48.72559859642103,49.37330627441406,4941400,0.0,0.0
2020-01-13 00:00:00-05:00,49.406102305946376,49.59467797305375,48.62721668160977,48.881378173828125,4044300,0.0,0.0
2020-01-14 00:00:00-05:00,48.75840056385114,49.291322173349066,48.47964046142357,49.0617561340332,5411900,0.0,0.0
2020-01-15 00:00:00-05:00,48.807585064950544,48.938766088351834,47.33179776978547,47.659751892089844,7231300,0.0,0.0
2020-01-16 00:00:00-05:00,47.92211707106336,48.012304616971804,46.97925125351467,47.167823791503906,7222300,0.0,0.0
2020-01-17 00:00:00-05:00,47.17601387763555,47.23340537089092,46.372529844458526,46.643089294433594,6122600,0.0,0.0
2020-01-21 00:00:00-05:00,46.241349174108514,46.405323083101756,45.667431109826666,46.06097412109375,6499800,0.0,0.0
2020-01-22 00:00:00-05:00,46.31514833706438,46.31514833706438,45.806819104914965,45.88880920410156,4152000,0.0,0.0
2020-01-23 00:00:00-05:00,45.48707043644252,45.78222857010036,44.23265149599956,45.36408996582031,5107000,0.0,0.0
2020-01-24 00:00:00-05:00,45.208309959785566,45.32309298248171,44.24084858619979,44.67538833618164,4607600,0.0,0.0
2020-01-27 00:00:00-05:00,43.593132862448215,43.74071190117371,42.83884277794213,43.20779037475586,7797200,0.0,0.0
2020-01-28 00:00:00-05:00,43.4701632865959,44.00308494629087,42.87164953657373,43.3963737487793,5148700,0.0,0.0
2020-01-29 00:00:00-05:00,44.765564340290226,45.86420655133541,42.92903006748772,43.93748474121094,9915000,0.0,0.0
2020-01-30 00:00:00-05:00,43.2733742490178,44.78195736881162,43.25697623245895,44.56058883666992,5282600,0.0,0.0
2020-01-31 00:00:00-05:00,44.265447516539545,45.69204099168478,43.98668740462798,44.68358612060547,9482400,0.0,0.0
2020-02-03 00:00:00-05:00,44.71637874476071,44.84755977988877,42.66667311613328,42.68307113647461,7339800,0.0,0.0
2020-02-04 00:00:00-05:00,43.75711577327081,44.142461440115085,42.830651062181076,43.77351379394531,7009000,0.0,0.0
2020-02-05 00:00:00-05:00,44.281840498955006,45.70023959347687,44.281840498955006,45.53626251220703,6227700,0.0,0.0
2020-02-06 00:00:00-05:00,45.765823063411524,45.987191627449654,45.32308593533526,45.470664978027344,3571700,0.0,0.0
2020-02-07 00:00:00-05:00,45.09352774409373,45.42967937126377,44.68358658278378,44.83936309814453,5589000,0.0,0.0
2020-02-10 00:00:00-05:00,44.593389315651095,45.16730744202182,44.183448243615175,45.150909423828125,4114100,0.0,0.0
2020-02-11 00:00:00-05:00,45.54445752850604,46.86446842726596,45.15911500482764,46.53651428222656,6780700,0.0,0.0
2020-02-12 00:00:00-05:00,47.79093068551767,48.38944427233395,47.26620661639668,48.31565475463867,8065000,0.0,0.0
2020-02-13 00:00:00-05:00,48.118891338580546,49.2503297948347,47.807338314657706,48.782997131347656,6661100,0.0,0.0
2020-02-14 00:00:00-05:00,48.774797591008166,49.110949196414964,47.5941651212066,47.823734283447266,6811500,0.0,0.0
2020-02-18 00:00:00-05:00,47.35171409409353,47.45108721553246,46.62297049917407,46.76375198364258,5258000,0.58,0.0
2020-02-19 00:00:00-05:00,46.912805200394445,47.97279340467482,46.61468272818708,47.774044036865234,7065100,0.0,0.0
2020-02-20 00:00:00-05:00,48.61044199532731,49.976832404004384,48.23778891695576,49.90230178833008,13576300,0.0,0.0
2020-02-21 00:00:00-05:00,49.6455967306573,49.869188618441136,48.800917318700975,48.9665412902832,6490700,0.0,0.0
2020-02-24 00:00:00-05:00,47.20263334968593,47.21091312346566,45.77827217456555,46.26686096191406,10276800,0.0,0.0
2020-02-25 00:00:00-05:00,46.43249607028263,46.49874691255623,43.70799178255475,43.98955154418945,8826300,0.0,0.0
2020-02-26 00:00:00-05:00,43.981274060394895,45.099230230402206,43.136594731472265,43.2856559753418,6040700,0.0,0.0
2020-02-27 00:00:00-05:00,41.968948072788386,42.03519575578392,39.61709688468767,39.691627502441406,13247500,0.0,0.0
2020-02-28 00:00:00-05:00,38.03539516158831,39.360380439550006,37.281809192432455,39.269287109375,14192500,0.0,0.0
2020-03-02 00:00:00-05:00,39.65850332040422,39.923500378693134,37.83664617540737,39.526004791259766,11884700,0.0,0.0
2020-03-03 00:00:00-05:00,39.36037658082119,39.95662147695761,37.10790182910963,37.40602111816406,8506400,0.0,0.0
2020-03-04 00:00:00-05:00,38.17616769621693,38.300386429322884,37.10789985936292,37.99398422241211,6923700,0.0,0.0
2020-03-05 00:00:00-05:00,35.360573378849494,35.435103986409906,32.81825610619743,34.126678466796875,15767100,0.0,0.0
2020-03-06 00:00:00-05:00,33.240594645770855,33.82855658211085,31.509831094745753,32.42076110839844,13937000,0.0,0.0
2020-03-09 00:00:00-04:00,26.408637430492938,30.847342838306236,25.489429093805512,28.00690269470215,14834800,0.0,0.0
2020-03-10 00:00:00-04:00,29.87844507123985,30.4001561958518,27.36097013328341,28.58658218383789,12222900,0.0,0.0
2020-03-11 00:00:00-04:00,27.41894412200394,28.271903302150974,24.3714744488978,25.96973991394043,13535400,0.0,0.0
2020-03-12 00:00:00-04:00,23.328043354245853,23.328043354245853,18.632622436953334,18.95558738708496,23939000,0.0,0.0
2020-03-13 00:00:00-04:00,21.398530687221314,21.77118374752203,18.806525133367185,20.63666343688965,17766900,0.0,0.0
2020-03-16 00:00:00-04:00,16.99295285686752,19.667769071511376,16.554050494228097,16.802486419677734,14482400,0.0,0.0
2020-03-17 00:00:00-04:00,17.249670540517187,18.01153795633318,15.287033295809424,16.810768127441406,13424800,0.0,0.0
2020-03-18 00:00:00-04:00,15.402965406069393,15.817023607417998,12.902053490842222,13.870949745178223,17497000,0.0,0.0
2020-03-19 00:00:00-04:00,14.086263969479354,14.715632793514814,12.637059876893089,13.846109390258789,17581700,0.0,0.0
2020-03-20 00:00:00-04:00,14.583131925884421,16.44639403241452,13.605954212849763,15.692808151245117,19580400,0.0,0.0
2020-03-23 00:00:00-04:00,15.494062353268266,15.585155693678908,13.66392524524979,13.763299942016602,12971100,0.0,0.0
2020-03-24 00:00:00-04:00,14.897816601993586,15.543748082088964,13.93720152667655,14.492039680480957,14391400,0.0,0.0
2020-03-25 00:00:00-04:00,15.113128516984528,18.491844308560236,13.721892324069744,17.481542587280273,18300300,0.0,0.0
2020-03-26 00:00:00-04:00,18.425593495364005,20.58697822655456,18.284813616713528,19.162616729736328,18506600,0.0,0.0
2020-03-27 00:00:00-04:00,18.259977153970297,19.816837822497025,17.05920858741768,19.17090606689453,11426300,0.0,0.0
2020-03-30 00:00:00-04:00,18.905900309250516,20.454478914721765,17.804505387965925,20.148075103759766,10263000,0.0,0.0
2020-03-31 00:00:00-04:00,21.141816415329835,21.232908163166286,18.78996525079267,19.56011390686035,11631300,0.0,0.0
2020-04-01 00:00:00-04:00,18.160602155993676,18.78997113014411,17.10061205539703,17.282798767089844,9305100,0.0,0.0
2020-04-02 00:00:00-04:00,18.37590785890918,20.53729111821297,17.340762105380158,17.572633743286133,11990400,0.0,0.0
2020-04-03 00:00:00-04:00,18.549813689077244,18.640907031151155,15.129692426892486,16.61202049255371,14114500,0.0,0.0
2020-04-06 00:00:00-04:00,17.52294500163997,19.485581800279007,17.44841439033046,19.1212100982666,10180000,0.0,0.0
2020-04-07 00:00:00-04:00,21.02587840901798,21.531030002991937,18.301375818444537,18.64090347290039,14246900,0.0,0.0
2020-04-08 00:00:00-04:00,19.253710464000424,20.93478768818944,19.195742556184772,20.131513595581055,18008600,0.0,0.0
2020-04-09 00:00:00-04:00,21.589000206516037,22.582740790412654,19.899643109300325,21.224628448486328,15625800,0.0,0.0
2020-04-13 00:00:00-04:00,22.193525271203985,22.193525271203985,20.471042726986727,20.976194381713867,11670100,0.0,0.0
2020-04-14 00:00:00-04:00,20.967909042187937,21.91196132490516,20.967909042187937,21.779462814331055,11312400,0.0,0.0
2020-04-15 00:00:00-04:00,20.545571075916005,20.545571075916005,19.477301552299952,19.858234405517578,8269100,0.0,0.0
2020-04-16 00:00:00-04:00,19.883082127671177,19.965894113452386,18.135755387765926,18.177162170410156,11792600,0.0,0.0
2020-04-17 00:00:00-04:00,18.723710987165656,21.116966708710773,18.56636844001538,21.0755615234375,13646100,0.0,0.0
2020-04-20 00:00:00-04:00,19.411056558453577,21.456504309241915,18.839655573522073,20.57870101928711,9923400,0.0,0.0
2020-04-21 00:00:00-04:00,20.023859721328318,20.76916434842717,19.07980729897024,19.642925262451172,11871900,0.0,0.0
2020-04-22 00:00:00-04:00,20.620103145978767,20.951349472035268,19.94932913827597,20.446199417114258,9891700,0.0,0.0
2020-04-23 00:00:00-04:00,21.075565422794767,22.268052037967447,20.843692235646646,21.481342315673828,9947800,0.0,0.0
2020-04-24 00:00:00-04:00,21.746339360402462,22.094148351677248,21.034158668861977,21.3322811126709,10755800,0.0,0.0
2020-04-27 00:00:00-04:00,21.52274641188131,22.011335245238357,20.736036729675764,21.9036808013916,7702500,0.0,0.0
2020-04-28 00:00:00-04:00,22.541328523951947,23.70069278276689,21.911959851297382,23.543350219726562,8460700,0.0,0.0
2020-04-29 00:00:00-04:00,24.677870730235803,27.59284114939717,24.437717769868254,27.36096954345703,15179700,0.0,0.0
2020-04-30 00:00:00-04:00,27.41065309130886,28.081428549625652,25.845513514249877,26.565977096557617,18487300,0.0,0.0
2020-05-01 00:00:00-04:00,25.09193557560391,25.49771415176269,23.92429114577823,24.21413230895996,7456900,0.0,0.0
2020-05-04 00:00:00-04:00,23.634449006617913,26.143641345166348,23.617886295196715,26.110517501831055,13776100,0.0,0.0
2020-05-05 00:00:00-04:00,28.40440035781342,28.48721391791476,25.46458689302334,25.787551879882812,13474500,0.0,0.0
2020-05-06 00:00:00-04:00,25.828954119139766,26.27613620852123,24.437718144162982,24.454280853271484,7794700,0.0,0.0
2020-05-07 00:00:00-04:00,25.265835722552744,26.044265709260156,24.87662151895251,25.48942756652832,10622100,0.0,0.0
2020-05-08 00:00:00-04:00,26.201611851544058,27.6011310946568,25.737866942355005,27.352693557739258,8061600,0.0,0.0
2020-05-11 00:00:00-04:00,26.91378661890557,27.402375486963173,26.508008138377537,27.079410552978516,7232900,0.0,0.0
2020-05-12 00:00:00-04:00,27.33612619004716,27.7253419831978,26.673633575439453,26.673633575439453,7025500,0.0,0.0
2020-05-13 00:00:00-04:00,26.243014086961413,26.95519325065121,25.075369870026726,25.7130184173584,8503600,0.0,0.0
2020-05-14 00:00:00-04:00,24.86833959148202,26.209887465434093,23.866317783869363,25.58051872253418,7941400,0.0,0.0
2020-05-15 00:00:00-04:00,25.3817734220601,25.886925052466683,24.744123262285736,25.09193229675293,9469100,0.0,0.0
2020-05-18 00:00:00-04:00,26.797849070804965,29.240793252293102,26.483163932423377,28.942670822143555,13224100,0.0,0.0
2020-05-19 00:00:00-04:00,29.13635474817483,29.793188080121595,27.856378928478133,29.052146911621094,13057200,0.58,0.0
2020-05-20 00:00:00-04:00,29.767921392234122,31.393157597364933,29.59950572912402,31.005796432495117,18678500,0.0,0.0
2020-05-21 00:00:00-04:00,30.997376033773207,31.51104893105304,29.776343237759654,30.054231643676758,11427200,0.0,0.0
2020-05-22 00:00:00-04:00,29.96160111516628,30.180543374848558,29.00161461935882,29.95317840576172,5682700,0.0,0.0
2020-05-26 00:00:00-04:00,31.23316541611674,31.561580498321163,30.8289619909172,31.014223098754883,10481800,0.0,0.0
2020-05-27 00:00:00-04:00,31.772094635100654,31.948932982996226,29.944758615534962,30.803691864013672,10878100,0.0,0.0
2020-05-28 00:00:00-04:00,30.904744264015335,30.904744264015335,29.439504324666984,29.624765396118164,6998100,0.0,0.0
2020-05-29 00:00:00-04:00,29.287926412475223,29.83528689338674,28.72372693699266,29.591079711914062,11445100,0.0,0.0
2020-06-01 00:00:00-04:00,29.68371599014491,31.014221681405516,28.925832594828982,30.736330032348633,7414300,0.0,0.0
2020-06-02 00:00:00-04:00,31.157369100872245,31.948933537809673,30.71948136586778,31.763675689697266,7533100,0.0,0.0
2020-06-03 00:00:00-04:00,32.42051521247686,33.02682197945887,32.14262354016897,32.49630355834961,9151200,0.0,0.0
2020-06-04 00:00:00-04:00,32.16787268925798,32.72365254900814,31.60367012169483,32.033138275146484,9239300,0.0,0.0
2020-06-05 00:00:00-04:00,34.483638262758184,35.37625295601686,34.07943483730313,34.997314453125,10867700,0.0,0.0
2020-06-08 00:00:00-04:00,36.63097249567966,37.15306821570774,34.97205156390882,35.544673919677734,14498100,0.0,0.0
2020-06-09 00:00:00-04:00,33.94469612933357,34.475211252157585,33.14470887748541,34.02890396118164,8264500,0.0,0.0
2020-06-10 00:00:00-04:00,33.523647557445805,34.35731594033364,32.95102535741336,33.001548767089844,7984800,0.0,0.0
2020-06-11 00:00:00-04:00,30.231077034901087,31.8984173175266,29.61634759809905,29.75108528137207,10531700,0.0,0.0
2020-06-12 00:00:00-04:00,31.687899263182956,31.915264319355593,29.75108974788568,30.837385177612305,7688900,0.0,0.0
2020-06-15 00:00:00-04:00,29.304769331996972,32.16788032707454,29.14477318110127,31.864727020263672,9565800,0.0,0.0
2020-06-16 00:00:00-04:00,33.77627365538275,34.08784645481856,31.679465457565083,32.53839874267578,7253800,0.0,0.0
2020-06-17 00:00:00-04:00,32.42051364953711,32.5384059124728,31.25842680628501,31.266849517822266,5498500,0.0,0.0
2020-06-18 00:00:00-04:00,31.115273110207802,32.841559573531335,30.660543052847476,32.3952522277832,6219300,0.0,0.0
2020-06-19 00:00:00-04:00,35.16572314984313,35.199407565018255,32.15945816040039,32.15945816040039,25989000,0.0,0.0
2020-06-22 00:00:00-04:00,31.696308424137612,32.65629176217036,31.174212842673285,32.51313781738281,10442600,0.0,0.0
2020-06-23 00:00:00-04:00,32.88365278461344,33.43101321749625,32.56365730635938,32.67313003540039,5808200,0.0,0.0
2020-06-24 00:00:00-04:00,31.86472594146407,32.13419482454568,30.08791328517299,30.50895881652832,7993800,0.0,0.0
2020-06-25 00:00:00-04:00,29.9616019493981,31.182631436618525,29.57423761406328,30.896320343017578,8370700,0.0,0.0
2020-06-26 00:00:00-04:00,30.64369473980929,32.8836569464375,29.186877516355857,29.784761428833008,14780900,0.0,0.0
2020-06-29 00:00:00-04:00,29.92792223841331,30.67738289793728,29.47319221612134,29.810029983520508,4630900,0.0,0.0
2020-06-30 00:00:00-04:00,29.574237852627334,31.713149968410406,29.212138430966323,31.477365493774414,6542100,0.0,0.0
2020-07-01 00:00:00-04:00,31.662628089223094,32.0499924856979,29.860553420729726,30.045814514160156,6026400,0.0,0.0
2020-07-02 00:00:00-04:00,30.67737699900798,31.511045333914787,30.25633147688305,30.374223709106445,5716300,0.0,0.0
2020-07-06 00:00:00-04:00,31.064744125308618,31.258424717521223,29.742661186749054,30.618436813354492,6860000,0.0,0.0
2020-07-07 00:00:00-04:00,29.927918492695653,30.24791079811995,29.16161571947832,29.212139129638672,6752000,0.0,0.0
2020-07-08 00:00:00-04:00,29.245826997187745,29.31319583511814,28.2437396253956,28.757415771484375,12174100,0.0,0.0
2020-07-09 00:00:00-04:00,28.850045057256317,28.850045057256317,27.42691198907368,28.083742141723633,10668600,0.0,0.0
2020-07-10 00:00:00-04:00,27.965842386187187,30.53421938989227,27.805846246632345,30.48369598388672,9439700,0.0,0.0
2020-07-13 00:00:00-04:00,30.58475807152641,30.694230848254186,29.515301654186047,29.7342472076416,8333300,0.0,0.0
2020-07-14 00:00:00-04:00,29.372136079251586,30.559484305217403,28.967932769595386,30.48369598388672,8771300,0.0,0.0
2020-07-15 00:00:00-04:00,31.460525067849034,31.772097885875507,30.72790668566467,31.63736343383789,4805100,0.0,0.0
2020-07-16 00:00:00-04:00,31.18262367613489,31.957348941674553,30.862631460582286,31.485776901245117,3380600,0.0,0.0
2020-07-17 00:00:00-04:00,31.69631968606195,33.37208298041074,31.325800627620318,31.940526962280273,10359900,0.0,0.0
2020-07-20 00:00:00-04:00,31.77209484971011,32.26050919937492,30.88789989193743,30.94684600830078,7093400,0.0,0.0
2020-07-21 00:00:00-04:00,31.401579196439716,32.63945098056276,31.2921064494347,32.454193115234375,6673300,0.0,0.0
2020-07-22 00:00:00-04:00,31.746840023417946,32.76576964107986,31.494213296803366,32.614192962646484,7550200,0.0,0.0
2020-07-23 00:00:00-04:00,32.16788672038003,33.26260471407481,32.09209837861453,32.740509033203125,4573800,0.0,0.0
2020-07-24 00:00:00-04:00,32.78261263949294,33.14471213419978,32.37840922472503,32.588932037353516,3728500,0.0,0.0
2020-07-27 00:00:00-04:00,32.43735122680664,32.76576625873629,31.788940660958684,32.43735122680664,3290300,0.0,0.0
2020-07-28 00:00:00-04:00,32.2352555739997,32.72367009473232,31.889998251949365,32.100521087646484,4821000,0.0,0.0
2020-07-29 00:00:00-04:00,32.285773938067926,33.641541166526146,32.19314340012516,33.60785675048828,5097300,0.0,0.0
2020-07-30 00:00:00-04:00,32.84155583542467,33.06892083822559,31.687891824758886,32.06683349609375,5949200,0.0,0.0
2020-07-31 00:00:00-04:00,31.662620664299467,32.462607765587514,31.3594705993065,32.167877197265625,9994400,0.0,0.0
2020-08-03 00:00:00-04:00,32.33631148657935,33.71734088746967,31.511059076463127,32.47946548461914,24358900,0.0,0.0
2020-08-04 00:00:00-04:00,31.856298738926583,32.47944417570682,30.74473584967426,31.7384033203125,13185700,0.0,0.0
2020-08-05 00:00:00-04:00,32.066829240532975,32.10893315124419,30.5426432591363,30.677377700805664,14914600,0.0,0.0
2020-08-06 00:00:00-04:00,30.374232307162277,31.056327402521877,29.885821033650082,30.087921142578125,7172500,0.0,0.0
2020-08-07 00:00:00-04:00,29.970023607035106,30.946849194617187,29.68371249279608,30.879480361938477,5469000,0.0,0.0
2020-08-10 00:00:00-04:00,31.073168912667455,31.28369172857354,30.357389411192823,31.266849517822266,9232600,0.0,0.0
2020-08-11 00:00:00-04:00,31.999471620562858,32.57209400128514,30.93001520987048,31.115276336669922,7622200,0.0,0.0
2020-08-12 00:00:00-04:00,32.024725267785676,32.378405219660955,31.452103031281165,32.10893630981445,8280400,0.0,0.0
2020-08-13 00:00:00-04:00,31.578411689395992,32.05840329008904,31.258416218159912,31.37630844116211,5040000,0.0,0.0
2020-08-14 00:00:00-04:00,31.19947913625707,32.31946200356216,31.07316738033626,32.29419708251953,5768100,0.0,0.0
2020-08-17 00:00:00-04:00,32.3110301199099,32.90891715923528,32.033141765913236,32.546817779541016,5424600,0.0,0.0
2020-08-18 00:00:00-04:00,32.42713029290286,32.675057985948065,31.828685374307074,31.837236404418945,5824200,0.58,0.0
2020-08-19 00:00:00-04:00,31.743194803297182,32.341639724957176,31.37557877690301,31.785940170288086,5357100,0.0,0.0
2020-08-20 00:00:00-04:00,31.272994794157764,31.367033313722587,30.452268600463867,30.452268600463867,8117000,0.0,0.0
2020-08-21 00:00:00-04:00,30.349681429688125,30.512115170327448,29.888023521012215,30.264190673828125,6586100,0.0,0.0
2020-08-24 00:00:00-04:00,30.606153922673975,31.649157999278415,30.33257961754215,31.46962547302246,7215700,0.0,0.0
2020-08-25 00:00:00-04:00,31.589310185782555,31.632055554549698,30.785682903404858,31.161849975585938,7086600,0.0,0.0
2020-08-26 00:00:00-04:00,31.050717213110833,31.29009394738989,30.178697773755584,30.204347610473633,5174700,0.0,0.0
2020-08-27 00:00:00-04:00,30.29837966033031,30.341128291962352,29.40926486835497,29.90511703491211,7384700,0.0,0.0
2020-08-28 00:00:00-04:00,30.05899567132555,31.85432688057874,30.007699282592462,31.70899200439453,7090800,0.0,0.0
2020-08-31 00:00:00-04:00,31.640605363338533,31.691901765923205,30.315479278564453,30.315479278564453,5727700,0.0,0.0
2020-09-01 00:00:00-04:00,29.930768365362184,30.65745282227066,29.605900889875,29.896574020385742,5048700,0.0,0.0
2020-09-02 00:00:00-04:00,29.947862044823378,30.289831526187452,29.571698224333034,29.930763244628906,5556900,0.0,0.0
2020-09-03 00:00:00-04:00,30.0077069898341,30.631801798630445,29.015999381782233,29.289573669433594,6314800,0.0,0.0
2020-09-04 00:00:00-04:00,29.528947225440927,29.73412626613641,28.409000485666066,28.759517669677734,7278900,0.0,0.0
2020-09-08 00:00:00-04:00,28.246574460278726,28.562894136129433,27.55408767245784,27.63958168029785,6645500,0.0,0.0
2020-09-09 00:00:00-04:00,27.97299695934448,27.998643528132643,27.13517371525341,27.16082191467285,7017500,0.0,0.0
2020-09-10 00:00:00-04:00,27.25486158984822,27.3318045561726,25.835693858624907,25.878440856933594,8887000,0.0,0.0
2020-09-11 00:00:00-04:00,25.912640875210286,27.015489144485677,25.76730431950651,26.716266632080078,8273000,0.0,0.0
2020-09-14 00:00:00-04:00,26.92144712272432,27.776369277915993,26.91289772180294,27.374555587768555,9334900,0.0,0.0
2020-09-15 00:00:00-04:00,27.323261120863883,27.75927244563246,26.459792764749526,26.57948112487793,5248500,0.0,0.0
2020-09-16 00:00:00-04:00,26.767564077938125,28.263676789227773,26.288808988704442,27.665231704711914,9228800,0.0,0.0
2020-09-17 00:00:00-04:00,26.97274232241564,27.69942673649416,26.887251573118423,27.460046768188477,8454600,0.0,0.0
2020-09-18 00:00:00-04:00,27.135177935803174,27.87895952834049,27.049685555072337,27.596834182739258,12106500,0.0,0.0
2020-09-21 00:00:00-04:00,26.331551740325523,26.79320961043099,25.861346099853517,26.716266632080078,10301500,0.0,0.0
2020-09-22 00:00:00-04:00,26.588026490721116,27.109526859718247,26.39994294691734,26.536731719970703,9786300,0.0,0.0
2020-09-23 00:00:00-04:00,26.41704440010443,26.639323936518725,24.536220187619023,24.561866760253906,8669200,0.0,0.0
2020-09-24 00:00:00-04:00,24.37378506101811,24.920933690875753,23.57015928794104,24.46782684326172,9454400,0.0,0.0
2020-09-25 00:00:00-04:00,24.04891528822882,24.698655127144466,23.62145499662365,24.476375579833984,6647200,0.0,0.0
2020-09-28 00:00:00-04:00,25.185957359051553,25.912640116287534,24.946580660643086,25.604869842529297,7496000,0.0,0.0
2020-09-29 00:00:00-04:00,25.579217719172195,25.878440176945546,24.89528207051701,25.160306930541992,4856600,0.0,0.0
2020-09-30 00:00:00-04:00,25.297098432364173,25.827148244022517,24.903834143446264,25.0833683013916,5788800,0.0,0.0
2020-10-01 00:00:00-04:00,24.59605897331929,24.775591464937264,23.416267971771134,23.689842224121094,7880300,0.0,0.0
2020-10-02 00:00:00-04:00,22.928968470051615,24.484923581646242,22.706688935447882,24.168603897094727,7342400,0.0,0.0
2020-10-05 00:00:00-04:00,24.53622460812122,25.194512304242387,24.46783101772038,24.997880935668945,6615100,0.0,0.0
2020-10-06 00:00:00-04:00,25.450983666953896,25.904090488182465,24.587513766596956,24.647357940673828,5367900,0.0,0.0
2020-10-07 00:00:00-04:00,24.78414517302563,25.0235235007648,24.407979695330212,24.972227096557617,5507800,0.0,0.0
2020-10-08 00:00:00-04:00,25.126118997734743,26.622230231460147,25.03207882901594,26.605133056640625,6636000,0.0,0.0
2020-10-09 00:00:00-04:00,26.801759795032318,26.835955769392786,25.70746089476095,25.750207901000977,7514000,0.0,0.0
2020-10-12 00:00:00-04:00,25.621971101637982,26.083629031884726,25.32275018088367,26.066530227661133,4393100,0.0,0.0
2020-10-13 00:00:00-04:00,25.792947299378135,26.06652155339027,24.861083977504816,25.1175594329834,6551800,0.0,0.0
2020-10-14 00:00:00-04:00,25.254355188869855,26.16057056406472,25.160313401506517,25.570674896240234,4925100,0.0,0.0
2020-10-15 00:00:00-04:00,24.87819151889746,26.134924301401767,24.442181786853496,26.109277725219727,5150200,0.0,0.0
2020-10-16 00:00:00-04:00,25.938290707115975,26.092176673481756,25.06627131813094,25.109018325805664,5024100,0.0,0.0
2020-10-19 00:00:00-04:00,25.126111396284468,25.22870256732369,24.083109038770566,24.15150260925293,8570100,0.0,0.0
2020-10-20 00:00:00-04:00,24.450732212462214,25.220160512129635,24.365239816803207,24.997880935668945,6047600,0.0,0.0
2020-10-21 00:00:00-04:00,24.570411823400384,25.211602116173772,24.185698626115098,24.638805389404297,5732500,0.0,0.0
2020-10-22 00:00:00-04:00,24.459274470257338,25.3483908857472,24.01471544719674,25.228702545166016,6250000,0.0,0.0
2020-10-23 00:00:00-04:00,25.53647262527565,26.143465316109204,24.84398593915835,25.553569793701172,6050900,0.0,0.0
2020-10-26 00:00:00-04:00,25.006429382051728,25.040626991260343,24.066016327027707,24.45073127746582,6438500,0.0,0.0
2020-10-27 00:00:00-04:00,24.31394224651695,24.79269732448181,23.98052210470303,24.10021209716797,4681200,0.0,0.0
2020-10-28 00:00:00-04:00,23.31367982500074,23.88647656131308,22.903318422140597,23.510311126708984,8389000,0.0,0.0
2020-10-29 00:00:00-04:00,23.091402892149386,24.690103313405466,22.88622216790092,24.647357940673828,6478500,0.0,0.0
2020-10-30 00:00:00-04:00,24.365238868584065,25.245807737528747,24.074565713034627,25.22015953063965,8784600,0.0,0.0
2020-11-02 00:00:00-05:00,24.72429676970454,27.195016077637877,24.399427751784536,26.75900650024414,11738200,0.0,0.0
2020-11-03 00:00:00-05:00,27.083878647251776,27.648125983183583,26.895795114853666,27.28050994873047,8395600,0.0,0.0
2020-11-04 00:00:00-05:00,27.289060762833486,27.981545869071955,26.613672826273593,27.10097885131836,7392500,0.0,0.0
2020-11-05 00:00:00-05:00,27.05823030869726,27.802011773482956,26.947091374278422,27.212116241455078,7109500,0.0,0.0
2020-11-06 00:00:00-05:00,27.10097372016351,27.759262731776523,26.750456533331864,26.998382568359375,7181600,0.0,0.0
2020-11-09 00:00:00-05:00,30.50356516075034,32.67506411737772,30.477918588127064,31.178953170776367,17209800,0.0,0.0
2020-11-10 00:00:00-05:00,31.974027756046127,32.20485341934111,31.016514455377347,32.17920684814453,12599800,0.0,0.0
2020-11-11 00:00:00-05:00,32.35019430049741,32.675065028255155,31.40978298378037,31.79449462890625,5687600,0.0,0.0
2020-11-12 00:00:00-05:00,31.187500365266693,31.324287518836428,29.426362909451225,29.665742874145508,8952800,0.0,0.0
2020-11-13 00:00:00-05:00,30.084649334790075,32.17920508072461,29.93931442430803,32.11081314086914,7917600,0.0,0.0
2020-11-16 00:00:00-05:00,33.71807057278707,34.94060741071615,33.059781255343445,34.820919036865234,15288200,0.0,0.0
2020-11-17 00:00:00-05:00,33.84090333705538,35.26322676521618,33.0950500007332,35.21986389160156,7931300,0.58,0.0
2020-11-18 00:00:00-05:00,35.46269879749558,35.618807789943304,33.41593939284784,33.42461395263672,9135600,0.0,0.0
2020-11-19 00:00:00-05:00,32.47927373249027,34.03168837955095,32.27112740265377,33.89292526245117,6149200,0.0,0.0
2020-11-20 00:00:00-05:00,33.814872972866254,33.97097859479687,33.12972859079359,33.1817626953125,4602400,0.0,0.0
2020-11-23 00:00:00-05:00,33.82355563460939,35.86164035590893,33.71948408207867,35.748897552490234,8987300,0.0,0.0
2020-11-24 00:00:00-05:00,37.06714877659483,37.17989157827376,35.93102304205173,36.81563949584961,12176000,0.0,0.0
2020-11-25 00:00:00-05:00,36.32996127126711,36.607487570841464,35.852963150647085,35.97438049316406,5782500,0.0,0.0
2020-11-27 00:00:00-05:00,35.696859113618494,36.32996627855583,35.592787564027745,35.92234802246094,4122200,0.0,0.0
2020-11-30 00:00:00-05:00,35.41065677599317,35.983055184536525,33.51133222753721,33.719478607177734,13248200,0.0,0.0
2020-12-01 00:00:00-05:00,34.881631751317954,35.800936658676605,34.1010867277347,34.21383285522461,5942200,0.0,0.0
2020-12-02 00:00:00-05:00,33.82355465470129,35.757567767439475,33.598065746021575,35.193843841552734,5792600,0.0,0.0
2020-12-03 00:00:00-05:00,35.341269234137435,36.3646485833787,34.9076340288106,35.549415588378906,4191500,0.0,0.0
2020-12-04 00:00:00-05:00,36.29527252808708,37.778307737456814,36.18252973447323,37.21458053588867,5557700,0.0,0.0
2020-12-07 00:00:00-05:00,36.64218597521685,37.067150061147,35.46269732927814,36.60749435424805,5835300,0.0,0.0
2020-12-08 00:00:00-05:00,36.03509459297649,37.56149277895615,35.983060471701585,36.81563949584961,4107200,0.0,0.0
2020-12-09 00:00:00-05:00,37.44874223045578,38.05583227091832,36.37332530377573,36.98041534423828,4302200,0.0,0.0
2020-12-10 00:00:00-05:00,36.81563964041191,38.75832403771888,36.72023933986671,38.012474060058594,9325100,0.0,0.0
2020-12-11 00:00:00-05:00,37.54414428334581,37.665561635468244,36.66819914296298,37.21458053588867,3651600,0.0,0.0
2020-12-14 00:00:00-05:00,37.561495655819854,38.07318550725518,35.14180957996253,35.349952697753906,6498400,0.0,0.0
2020-12-15 00:00:00-05:00,35.90500647702858,36.67687683142708,35.41066246784358,36.64218521118164,5041300,0.0,0.0
2020-12-16 00:00:00-05:00,36.47739161944947,36.633500545011394,35.88764752474305,36.12181091308594,5975500,0.0,0.0
2020-12-17 00:00:00-05:00,36.41669530058002,36.41669530058002,35.04640611372857,35.193843841552734,7227000,0.0,0.0
2020-12-18 00:00:00-05:00,34.742859744682036,35.176495023684375,34.45665887252067,34.99436569213867,12846400,0.0,0.0
2020-12-21 00:00:00-05:00,33.82355369711822,34.94233357495593,33.21646361011037,34.47400665283203,6302500,0.0,0.0
2020-12-22 00:00:00-05:00,34.387282437414726,34.942335121517395,34.30922794693936,34.404624938964844,7608000,0.0,0.0
2020-12-23 00:00:00-05:00,34.69082068993475,36.12181836674435,34.69082068993475,35.82694625854492,4944700,0.0,0.0
2020-12-24 00:00:00-05:00,35.4366795247333,35.75756874102891,35.02906125783414,35.7402229309082,1989300,0.0,0.0
2020-12-28 00:00:00-05:00,35.783587665673565,36.754933232772075,35.29791819049948,35.3672981262207,4293800,0.0,0.0
2020-12-29 00:00:00-05:00,35.540754145065044,35.826955074199944,35.10711877973964,35.323936462402344,3363000,0.0,0.0
2020-12-30 00:00:00-05:00,35.48003839271235,36.31261733431832,35.4106584684325,36.05243682861328,3152300,0.0,0.0
2020-12-31 00:00:00-05:00,35.99172908898464,36.416693129093666,35.610131224598256,35.87031173706055,3361400,0.0,0.0
2021-01-04 00:00:00-05:00,36.1911989878131,36.62483425482506,34.95100185948894,35.34127426147461,4174100,0.0,0.0
2021-01-05 00:00:00-05:00,35.56676045998758,37.57015643337742,35.506051791858276,36.503414154052734,5869100,0.0,0.0
2021-01-06 00:00:00-05:00,37.39670963050754,37.78698208602724,36.39067580537618,37.24927520751953,6819900,0.0,0.0
2021-01-07 00:00:00-05:00,37.49209811926178,38.83636654618781,37.1885548097015,38.30733108520508,6420500,0.0,0.0
2021-01-08 00:00:00-05:00,38.81036033958756,38.84505195848208,37.38803704866109,37.44874572753906,5255000,0.0,0.0
2021-01-11 00:00:00-05:00,36.78094925558505,38.02114658756762,36.47740584218026,37.80432891845703,4222600,0.0,0.0
2021-01-12 00:00:00-05:00,37.89971279348281,39.70363329816652,37.72625807170827,39.530181884765625,10484700,0.0,0.0
2021-01-13 00:00:00-05:00,39.33938961658577,39.40009828569244,37.8390120788258,38.43742752075195,7234600,0.0,0.0
2021-01-14 00:00:00-05:00,38.59353692911007,39.96382589573638,38.16857293195874,39.478153228759766,8816200,0.0,0.0
2021-01-15 00:00:00-05:00,38.94044579716913,39.027171521645286,37.57883141097279,38.142555236816406,7719000,0.0,0.0
2021-01-19 00:00:00-05:00,38.4547763824222,40.44949798901973,38.17725007063687,39.97249984741211,7186300,0.0,0.0
2021-01-20 00:00:00-05:00,40.30206538503757,40.701009062517294,39.209302588702116,40.0418815612793,5529300,0.0,0.0
2021-01-21 00:00:00-05:00,40.067904072429556,40.29339298225966,39.03584989751987,39.365413665771484,5204400,0.0,0.0
2021-01-22 00:00:00-05:00,38.31602043562182,39.75568968951995,37.96043957497154,39.677635192871094,3645100,0.0,0.0
2021-01-25 00:00:00-05:00,38.9577810950372,40.27603237535117,38.53282049192288,40.09390640258789,7148400,0.0,0.0
2021-01-26 00:00:00-05:00,40.484191012035566,40.92649755294787,39.00983036170335,39.16593933105469,4268200,0.0,0.0
2021-01-27 00:00:00-05:00,38.15989798071937,39.46947484210038,37.44873651029407,38.10786056518555,8826500,0.0,0.0
2021-01-28 00:00:00-05:00,38.48947415815363,39.270015794323406,37.691583402799374,38.82770919799805,6253800,0.0,0.0
2021-01-29 00:00:00-05:00,38.40273073831588,39.38274717799853,37.388025998365954,37.43138885498047,6180900,0.0,0.0
2021-02-01 00:00:00-05:00,37.96042958072908,38.21193881575515,36.7028867139731,37.68290328979492,5232100,0.0,0.0
2021-02-02 00:00:00-05:00,38.54150764463464,40.258703185851644,38.16858098934066,39.15727233886719,7112000,0.0,0.0
2021-02-03 00:00:00-05:00,39.52152973300485,41.160671000803355,39.374095286361836,41.021907806396484,6492000,0.0,0.0
2021-02-04 00:00:00-05:00,41.472877125983715,41.87182078198847,40.40613475447122,41.047916412353516,5007500,0.0,0.0
2021-02-05 00:00:00-05:00,41.63765788857794,41.828458469351915,40.961187914378726,41.325443267822266,3846000,0.0,0.0
2021-02-08 00:00:00-05:00,41.819784868342765,43.24210796919463,41.759076197577706,42.91254425048828,9360200,0.0,0.0
2021-02-09 00:00:00-05:00,42.53962338105026,42.574314999967655,41.741735996199516,42.383514404296875,5076900,0.0,0.0
2021-02-10 00:00:00-05:00,42.5482928385129,43.51096033523706,41.90651119898898,43.19874572753906,4938500,0.0,0.0
2021-02-11 00:00:00-05:00,43.22475965882492,43.31148538107413,42.20138025608801,43.15537643432617,3753700,0.0,0.0
2021-02-12 00:00:00-05:00,42.87786138099815,43.866552738756845,42.71308114222592,43.76247787475586,3907200,0.0,0.0
2021-02-16 00:00:00-05:00,44.5784218052675,45.69266338308474,44.49945969827748,45.14870071411133,10784600,0.58,0.0
2021-02-17 00:00:00-05:00,45.236433550556555,45.72775030139207,44.271340860132995,45.52595901489258,5542300,0.0,0.0
2021-02-18 00:00:00-05:00,45.30662080762387,45.56105461221247,44.57841775102733,44.938133239746094,4951800,0.0,0.0
2021-02-19 00:00:00-05:00,45.26275014121526,46.771801997486,45.21010762988809,46.499820709228516,7603600,0.0,0.0
2021-02-22 00:00:00-05:00,47.03500265113938,48.86867475706492,46.84198347782813,48.122920989990234,8770000,0.0,0.0
2021-02-23 00:00:00-05:00,48.298398912266194,49.25471613140758,47.21925251124606,48.93009567260742,7649100,0.0,0.0
2021-02-24 00:00:00-05:00,49.17575244545094,50.00046837740316,48.98273660024764,49.70216751098633,6605200,0.0,0.0
2021-02-25 00:00:00-05:00,49.99168881726977,49.99168881726977,47.76320625523499,48.315940856933594,6781600,0.0,0.0
2021-02-26 00:00:00-05:00,48.09661429661602,48.45632981344251,45.771621557010526,47.921142578125,6259900,0.0,0.0
2021-03-01 00:00:00-05:00,49.079239265090614,49.78989804558298,48.25452674021258,49.2196159362793,6159300,0.0,0.0
2021-03-02 00:00:00-05:00,49.570572615824375,50.07066485057272,48.82482197715606,49.1582145690918,6094700,0.0,0.0
2021-03-03 00:00:00-05:00,49.50913902108508,50.61460476146715,48.93008490053382,49.19329071044922,5259900,0.0,0.0
2021-03-04 00:00:00-05:00,49.39509049487805,50.412822257106,48.210662471773155,49.5793342590332,7032400,0.0,0.0
2021-03-05 00:00:00-05:00,51.03574764212186,51.167352253805966,48.307175927716074,50.28999710083008,6865900,0.0,0.0
2021-03-08 00:00:00-05:00,50.94801698127776,51.56216630010969,49.67585125230688,50.14962387084961,7192100,0.0,0.0
2021-03-09 00:00:00-05:00,49.7372608297483,51.044521438566704,48.96519072950155,49.01782989501953,5278500,0.0,0.0
2021-03-10 00:00:00-05:00,49.447731580062474,51.263856281482,49.447731580062474,51.044517517089844,6504000,0.0,0.0
2021-03-11 00:00:00-05:00,51.47442685912769,52.57989626134202,50.78131880978868,50.886600494384766,6318500,0.0,0.0
2021-03-12 00:00:00-05:00,51.298948262104545,51.439324929164236,50.28998866665794,50.66725158691406,5053200,0.0,0.0
2021-03-15 00:00:00-04:00,50.7988622501035,51.06206811395418,49.63197834634514,50.76376724243164,5901500,0.0,0.0
2021-03-16 00:00:00-04:00,49.88641763006257,50.04434183514783,48.710761518230285,49.31613540649414,10415300,0.0,0.0
2021-03-17 00:00:00-04:00,48.94764782585819,49.67585090766737,48.017650101116544,49.31613540649414,7586400,0.0,0.0
2021-03-18 00:00:00-04:00,48.83358258081936,48.83358258081936,46.333121994711895,46.36821365356445,9731000,0.0,0.0
2021-03-19 00:00:00-04:00,46.55246479901986,47.85095000085409,45.98218262092669,47.16661071777344,14090200,0.0,0.0
2021-03-22 00:00:00-04:00,46.938496996363774,47.3596270350837,46.45595236950828,46.80689239501953,4805300,0.0,0.0
2021-03-23 00:00:00-04:00,46.06991373330045,46.87708214647288,45.44699243034996,46.00849914550781,6252100,0.0,0.0
2021-03-24 00:00:00-04:00,46.93850036260073,47.947460120347614,46.56123738165845,46.64897155761719,6802900,0.0,0.0
2021-03-25 00:00:00-04:00,45.92953700219054,47.54387047985242,44.8503906576926,47.27189254760742,5087700,0.0,0.0
2021-03-26 00:00:00-04:00,48.16680159607385,48.53528917188507,47.3771805809863,48.2720832824707,3822400,0.0,0.0
2021-03-29 00:00:00-04:00,47.50000418922818,47.92990965731638,46.67529160685082,46.96481704711914,4552200,0.0,0.0
2021-03-30 00:00:00-04:00,46.473494810687264,47.57896062355875,46.29802314362286,47.02622604370117,3228700,0.0,0.0
2021-03-31 00:00:00-04:00,46.93849390992765,47.21924725061336,46.561230980848016,46.92972183227539,4984800,0.0,0.0
2021-04-01 00:00:00-04:00,47.2806614997554,48.973956956369726,46.938493577396486,48.9564094543457,5490800,0.0,0.0
2021-04-05 00:00:00-04:00,48.69320678473188,48.92131763219313,46.84198703633982,47.342079162597656,5589900,0.0,0.0
2021-04-06 00:00:00-04:00,47.701794079757754,48.44754789519066,46.71915734133795,47.09642028808594,5009000,0.0,0.0
2021-04-07 00:00:00-04:00,46.964818489736786,47.52632523088781,46.780574717829886,47.368404388427734,3850300,0.0,0.0
2021-04-08 00:00:00-04:00,46.675300933795526,47.21926026291855,45.92077486771001,46.815677642822266,6030800,0.0,0.0
2021-04-09 00:00:00-04:00,46.8156669760093,47.210477426079585,46.20151775888263,46.350669860839844,3191900,0.0,0.0
2021-04-12 00:00:00-04:00,46.868304261660725,47.15783302906842,45.6400092234285,45.806705474853516,3677900,0.0,0.0
2021-04-13 00:00:00-04:00,45.446987229108224,46.2453801258834,45.227648484424456,46.12255096435547,3059300,0.0,0.0
2021-04-14 00:00:00-04:00,46.57877531153122,48.14924150501679,46.473493652653474,47.26311111450195,4587500,0.0,0.0
2021-04-15 00:00:00-04:00,47.113962376662116,47.30697819346405,46.40330364883925,47.26311111450195,4410700,0.0,0.0
2021-04-16 00:00:00-04:00,48.43000545074684,48.76340134831477,47.131520216925416,47.605289459228516,6161300,0.0,0.0
2021-04-19 00:00:00-04:00,47.245574201477794,47.66670762505371,46.37699446410778,46.8770866394043,3991600,0.0,0.0
2021-04-20 00:00:00-04:00,46.578774569465274,46.70160372733973,45.13991298263268,45.666324615478516,4337400,0.0,0.0
2021-04-21 00:00:00-04:00,45.12238353110903,46.868318711009465,44.990778896833376,46.771812438964844,3457400,0.0,0.0
2021-04-22 00:00:00-04:00,46.77180378996242,46.77180378996242,45.60491984548841,45.67510986328125,7656200,0.0,0.0
2021-04-23 00:00:00-04:00,46.00850064404071,46.71038740769304,45.70142769507591,46.499820709228516,4179200,0.0,0.0
2021-04-26 00:00:00-04:00,46.359446609632755,47.00869089814247,46.25416492795486,46.73670959472656,4488700,0.0,0.0
2021-04-27 00:00:00-04:00,46.90339960194076,47.429814633674276,46.61387417930461,47.280662536621094,4867200,0.0,0.0
2021-04-28 00:00:00-04:00,47.73688931208205,48.90377316380005,47.70179430597534,48.64056396484375,5896000,0.0,0.0
2021-04-29 00:00:00-04:00,49.403870855761994,50.22858351116874,48.82481657710527,49.16698455810547,5505400,0.0,0.0
2021-04-30 00:00:00-04:00,48.59669963698545,50.09697609127925,48.3949083606925,48.82481384277344,4773000,0.0,0.0
2021-05-03 00:00:00-04:00,49.58811706969283,50.60584898350063,49.272268657331004,50.14962387084961,7066600,0.0,0.0
2021-05-04 00:00:00-04:00,49.13188100993745,51.07961022096427,48.587921835872265,50.27244186401367,7081500,0.0,0.0
2021-05-05 00:00:00-04:00,50.84272704646843,52.10611714415892,50.184710743054715,52.08856964111328,8732000,0.0,0.0
2021-05-06 00:00:00-04:00,52.202628882044756,52.685173521669626,51.63234672358729,52.16753387451172,7405500,0.0,0.0
2021-05-07 00:00:00-04:00,51.76395270029704,52.843099109207344,51.48319932628025,52.64130783081055,8178200,0.0,0.0
2021-05-10 00:00:00-04:00,53.097534548454824,53.61517422539918,52.32546107252127,52.474613189697266,6884600,0.0,0.0
2021-05-11 00:00:00-04:00,51.54460681555782,52.16752806915015,50.851495554710375,51.448097229003906,5801400,0.0,0.0
2021-05-12 00:00:00-04:00,51.5007502635115,53.097536439739066,51.5007502635115,51.73763656616211,7541600,0.0,0.0
2021-05-13 00:00:00-04:00,51.17612715831192,52.729042818038955,50.90414585879572,51.5709342956543,5491100,0.0,0.0
2021-05-14 00:00:00-04:00,52.167539440923335,54.35215536371946,49.11434374349157,52.71150207519531,31341800,0.0,0.0
2021-05-17 00:00:00-04:00,52.737813524675545,54.18544737469839,52.685171015879746,53.974884033203125,11254800,0.0,0.0
2021-05-18 00:00:00-04:00,54.1874566987782,54.807451155164046,53.38146491908599,53.434608459472656,11782100,0.58,0.0
2021-05-19 00:00:00-04:00,52.37175691046354,53.18660418920064,52.06175801891971,52.743751525878906,9215400,0.0,0.0
2021-05-20 00:00:00-04:00,52.628610283558686,53.09803641664751,52.05290383318619,52.85003662109375,8310500,0.0,0.0
2021-05-21 00:00:00-04:00,53.2486051927785,53.629458767127716,52.655184224516766,52.77918243408203,9741400,0.0,0.0
2021-05-24 00:00:00-04:00,53.17774776008751,53.93945486923863,52.77917969382267,53.788883209228516,11488300,0.0,0.0
2021-05-25 00:00:00-04:00,53.76231916374892,53.948316489310855,53.044896563969736,53.151180267333984,8911900,0.0,0.0
2021-05-26 00:00:00-04:00,53.36375000745058,54.09002816049266,53.195467198862076,53.850887298583984,8740800,0.0,0.0
2021-05-27 00:00:00-04:00,53.92174556237319,54.541740016552936,53.84203194142582,54.3823127746582,11339200,0.0,0.0
2021-05-28 00:00:00-04:00,54.550597823527774,54.88716683453457,54.18745873068031,54.736595153808594,8962400,0.0,0.0
2021-06-01 00:00:00-04:00,55.35658264160156,55.84371989310812,54.993443594620565,55.35658264160156,6361400,0.0,0.0
2021-06-02 00:00:00-04:00,55.79944135096735,56.136010355945146,55.03773415066405,55.7817268371582,7552500,0.0,0.0
2021-06-03 00:00:00-04:00,55.71086541781981,56.419428990936765,55.330011863763644,56.02971649169922,7620800,0.0,0.0
2021-06-04 00:00:00-04:00,56.41058255758639,56.57886876638205,55.63116414363204,56.39286804199219,5751800,0.0,0.0
2021-06-07 00:00:00-04:00,56.3485862253676,56.711725366237815,55.81716424608873,56.100589752197266,5920300,0.0,0.0
2021-06-08 00:00:00-04:00,56.02972448964731,56.83571630262473,55.613445231536836,56.76485824584961,9855000,0.0,0.0
2021-06-09 00:00:00-04:00,56.94199777340256,57.30513345312713,56.28657432764876,56.339717864990234,13185600,0.0,0.0
2021-06-10 00:00:00-04:00,57.269724634147316,57.42914514751478,55.843734766220095,56.18915939331055,6980000,0.0,0.0
2021-06-11 00:00:00-04:00,56.41942947584637,56.68514039571174,55.94114779287012,55.9588623046875,3631600,0.0,0.0
2021-06-14 00:00:00-04:00,56.1360091291937,56.42829015391232,55.59572829526459,55.790584564208984,8772100,0.0,0.0
2021-06-15 00:00:00-04:00,56.06515795024551,56.94200788931712,55.86144608895983,56.39286804199219,6232000,0.0,0.0
2021-06-16 00:00:00-04:00,56.215721946251556,56.52571747995868,55.533728393397965,56.04743576049805,5432400,0.0,0.0
2021-06-17 00:00:00-04:00,56.0385801440694,56.472573890878394,53.52317671418943,53.99259948730469,7209900,0.0,0.0
2021-06-18 00:00:00-04:00,53.292892015689546,53.59403198525226,52.132620110163955,52.141475677490234,8980600,0.0,0.0
2021-06-21 00:00:00-04:00,52.54889677670934,54.178591276039825,52.389469553305695,54.07230758666992,4657900,0.0,0.0
2021-06-22 00:00:00-04:00,53.79775210754166,54.63916960691873,53.47889759553853,54.32917404174805,4246900,0.0,0.0
2021-06-23 00:00:00-04:00,54.96687888689055,55.66658359203756,54.497452722708225,54.515167236328125,3538800,0.0,0.0
2021-06-24 00:00:00-04:00,54.91373429917666,55.35658699513776,54.41773806336897,55.214874267578125,2646000,0.0,0.0
2021-06-25 00:00:00-04:00,55.33886454920958,55.560290865449396,54.65687108974728,55.40086364746094,9623100,0.0,0.0
2021-06-28 00:00:00-04:00,55.2680121703388,55.38315142688249,53.50545713355912,53.58517074584961,6040700,0.0,0.0
2021-06-29 00:00:00-04:00,53.957169813305455,54.134311564012464,53.151178057351544,53.21318054199219,3630100,0.0,0.0
2021-06-30 00:00:00-04:00,53.40803286101904,53.8951701362781,53.17775095262855,53.51431655883789,3822200,0.0,0.0
2021-07-01 00:00:00-04:00,54.42660101967876,54.71888206362633,53.868605635617534,54.267173767089844,4013900,0.0,0.0
2021-07-02 00:00:00-04:00,54.470880436131026,54.470880436131026,53.48774693157017,54.09002685546875,4312200,0.0,0.0
2021-07-06 00:00:00-04:00,53.85974328988596,54.010311576884334,52.07947365290738,52.230045318603516,9406400,0.0,0.0
2021-07-07 00:00:00-04:00,52.07947015104263,52.41603910582245,50.76862673295508,51.326622009277344,4186500,0.0,0.0
2021-07-08 00:00:00-04:00,50.26377937358356,51.291197459992595,49.936069335156816,50.88377380371094,6898600,0.0,0.0
2021-07-09 00:00:00-04:00,51.432913277535114,52.035193231187684,50.64463599726285,51.97319412231445,5776200,0.0,0.0
2021-07-12 00:00:00-04:00,51.49490657647046,52.40718197156128,51.03433940630586,51.66319274902344,4943600,0.0,0.0
2021-07-13 00:00:00-04:00,51.34435232547263,51.51263516531528,50.626929606504014,50.839500427246094,4934900,0.0,0.0
2021-07-14 00:00:00-04:00,50.68005521638913,51.22919152243055,48.73150300102272,48.820072174072266,7799800,0.0,0.0
2021-07-15 00:00:00-04:00,48.359510288515864,48.8643620628134,47.845802947431416,48.04951477050781,7348800,0.0,0.0
2021-07-16 00:00:00-04:00,48.43037189101006,48.563229053445866,47.0663847543014,47.17266845703125,6763600,0.0,0.0
2021-07-19 00:00:00-04:00,45.49868722173803,45.870685261130674,44.45355453878942,45.064693450927734,10787800,0.0,0.0
2021-07-20 00:00:00-04:00,45.232970147868066,46.29581720116382,44.692689365352024,46.162960052490234,5664600,0.0,0.0
2021-07-21 00:00:00-04:00,46.90695620915688,48.279798875204854,46.88038612888625,47.898948669433594,5798900,0.0,0.0
2021-07-22 00:00:00-04:00,47.66866872115219,47.66866872115219,46.756393156828544,47.28781509399414,3179200,0.0,0.0
2021-07-23 00:00:00-04:00,47.119526542356965,47.562379229073294,46.62353031690345,47.323238372802734,3058400,0.0,0.0
2021-07-26 00:00:00-04:00,47.677521184311665,48.483512927334075,47.63323321332208,48.412654876708984,3948200,0.0,0.0
2021-07-27 00:00:00-04:00,47.819234967650644,48.25322871191435,47.4826659771109,48.12923049926758,3625600,0.0,0.0
2021-07-28 00:00:00-04:00,48.40380003924534,49.43121813790911,47.95208840644698,48.9617919921875,3196500,0.0,0.0
2021-07-29 00:00:00-04:00,49.69692952788469,50.015784006017356,49.13007862395902,49.53750228881836,3210800,0.0,0.0
2021-07-30 00:00:00-04:00,49.156649690043764,49.67921601108584,48.518940720989576,48.908653259277344,3642500,0.0,0.0
2021-08-02 00:00:00-04:00,48.97065270315531,49.96264181172902,48.04066270269883,48.23551559448242,5258600,0.0,0.0
2021-08-03 00:00:00-04:00,48.076096555702144,49.55522659290541,47.526960056364324,49.54636764526367,4892500,0.0,0.0
2021-08-04 00:00:00-04:00,48.49237146494263,49.52864517858279,47.99637521627586,48.1646614074707,6118000,0.0,0.0
2021-08-05 00:00:00-04:00,48.85550339103281,50.77748561662507,48.731505191710255,50.03349304199219,7163100,0.0,0.0
2021-08-06 00:00:00-04:00,50.78634760270655,51.16720119373922,49.99807033991267,50.84834671020508,6352500,0.0,0.0
2021-08-09 00:00:00-04:00,50.06892625356864,51.26463059640599,49.99807157697349,50.6800651550293,5451600,0.0,0.0
2021-08-10 00:00:00-04:00,51.1052094270258,51.96434148806801,50.89263861456991,51.796058654785156,6051300,0.0,0.0
2021-08-11 00:00:00-04:00,51.636626346198305,52.45147710586889,51.441773447403826,52.380619049072266,4856600,0.0,0.0
2021-08-12 00:00:00-04:00,52.203472373649966,52.77032663858998,51.76061969643601,52.73489761352539,4948000,0.0,0.0
2021-08-13 00:00:00-04:00,52.770330375795,53.06261140653276,52.32747766721813,52.38947677612305,3639800,0.0,0.0
2021-08-16 00:00:00-04:00,51.64548227754891,52.23890326443478,51.264628691246834,51.707481384277344,5633000,0.0,0.0
2021-08-17 00:00:00-04:00,51.367537850081405,52.12794408720921,50.750269795322964,51.081268310546875,5789000,0.58,0.0
2021-08-18 00:00:00-04:00,50.97391019751542,51.743260745673545,50.28507315817854,50.347694396972656,4414000,0.0,0.0
2021-08-19 00:00:00-04:00,49.59623931306456,50.0256435835662,47.905458931526255,48.5137825012207,8185600,0.0,0.0
2021-08-20 00:00:00-04:00,47.98596942799129,49.11315855320271,47.833890251431896,48.99686050415039,5964000,0.0,0.0
2021-08-23 00:00:00-04:00,50.04353714018812,50.97391478980739,49.90935022179807,50.830780029296875,4499600,0.0,0.0
2021-08-24 00:00:00-04:00,51.26017758942182,52.20844738633981,51.02758491381628,51.850608825683594,4597400,0.0,0.0
2021-08-25 00:00:00-04:00,51.80589632872318,52.95992247049244,51.43911322311463,52.45000457763672,5268500,0.0,0.0
2021-08-26 00:00:00-04:00,52.54840203096627,52.68258895309207,51.89534604206656,51.966915130615234,4982600,0.0,0.0
2021-08-27 00:00:00-04:00,52.59313601330558,54.149726298847185,52.59313601330558,53.693485260009766,6556000,0.0,0.0
2021-08-30 00:00:00-04:00,53.97079625573289,54.11393099638497,52.66468790810612,52.71836471557617,6138900,0.0,0.0
2021-08-31 00:00:00-04:00,52.40526917691924,53.51456278904744,52.40526917691924,53.02253723144531,6464100,0.0,0.0
2021-09-01 00:00:00-04:00,52.87045388126402,53.147778986727225,51.00970190095559,51.215457916259766,6489000,0.0,0.0
2021-09-02 00:00:00-04:00,51.74326684813894,52.48577737252535,51.32280698441771,51.79694366455078,5402400,0.0,0.0
2021-09-03 00:00:00-04:00,51.63592724698908,52.3247645092269,51.43911562560607,52.10111618041992,5010200,0.0,0.0
2021-09-07 00:00:00-04:00,52.13688371557238,53.42509993743696,51.940075558144464,52.39631652832031,4952400,0.0,0.0
2021-09-08 00:00:00-04:00,52.65575174012141,53.00464251190498,51.04548480202696,51.090213775634766,7420200,0.0,0.0
2021-09-09 00:00:00-04:00,50.69659225041286,52.011645274967826,50.55345748269683,51.215457916259766,5004800,0.0,0.0
2021-09-10 00:00:00-04:00,52.056362137382905,52.09214667413597,50.57133798814325,50.8754997253418,4866400,0.0,0.0
2021-09-13 00:00:00-04:00,51.555393871946094,52.458931271070966,51.51066490591837,52.43209457397461,5885400,0.0,0.0
2021-09-14 00:00:00-04:00,53.06726502453391,53.08515729692462,51.38542895842916,51.49278259277344,5609100,0.0,0.0
2021-09-15 00:00:00-04:00,52.074265421999584,53.38931841876174,52.02059201811671,53.29091262817383,6875200,0.0,0.0
2021-09-16 00:00:00-04:00,53.26407604408194,53.42510308129081,52.55734664884323,52.870452880859375,4135700,0.0,0.0
2021-09-17 00:00:00-04:00,52.646802432624504,53.26407385407948,52.306859512584616,52.6557502746582,7621100,0.0,0.0
2021-09-20 00:00:00-04:00,51.081272217656824,52.163732622706846,50.16879012347279,51.10811233520508,6919800,0.0,0.0
2021-09-21 00:00:00-04:00,51.92218254093945,52.20845204999563,50.69658757940336,51.743263244628906,4525200,0.0,0.0
2021-09-22 00:00:00-04:00,52.61102263267512,54.32863978557919,52.34264196650717,53.59507369995117,7604000,0.0,0.0
2021-09-23 00:00:00-04:00,53.630862126973476,55.39320838097568,53.46088723774634,55.285858154296875,5851900,0.0,0.0
2021-09-24 00:00:00-04:00,54.87434559016645,55.71526194764928,54.579128203833946,55.366371154785156,3860900,0.0,0.0
2021-09-27 00:00:00-04:00,56.350426232319776,57.07504452820243,56.171506912775136,56.439884185791016,7532900,0.0,0.0
2021-09-28 00:00:00-04:00,57.11081943720065,57.20027737557589,55.75103761576711,55.9210090637207,6093500,0.0,0.0
2021-09-29 00:00:00-04:00,56.0731055868636,56.0731055868636,55.23218915434394,55.40216064453125,4963200,0.0,0.0
2021-09-30 00:00:00-04:00,55.43794221090729,56.386208827648794,55.03537458464803,55.29480743408203,6531900,0.0,0.0
2021-10-01 00:00:00-04:00,55.464781060328576,56.89612888394125,55.38426753196271,56.860347747802734,6868200,0.0,0.0
2021-10-04 00:00:00-04:00,57.18240166116146,57.87124231901466,56.26097166123267,56.37726974487305,9084700,0.0,0.0
2021-10-05 00:00:00-04:00,56.72614255741887,57.55811091609623,55.59895686775799,56.5830078125,7908100,0.0,0.0
2021-10-06 00:00:00-04:00,55.90312094380516,56.717200479127904,54.96379551546215,56.2341194152832,9077700,0.0,0.0
2021-10-07 00:00:00-04:00,56.82454815342212,57.567058573885795,56.690357837474934,56.80665588378906,6021800,0.0,0.0
2021-10-08 00:00:00-04:00,57.27185588894767,58.38115641424982,57.182397930508394,58.29169845581055,6424800,0.0,0.0
2021-10-11 00:00:00-04:00,59.043140942433524,59.168383422658785,57.692303534057295,57.75492477416992,4832000,0.0,0.0
2021-10-12 00:00:00-04:00,57.701254159840886,58.46165691938722,57.47760588790352,57.91595458984375,6470300,0.0,0.0
2021-10-13 00:00:00-04:00,57.52234822754099,58.52428829109194,56.985590234435605,58.38115692138672,5142200,0.0,0.0
2021-10-14 00:00:00-04:00,59.2757502890959,59.93774737894029,58.7121521769539,59.6514778137207,6837700,0.0,0.0
2021-10-15 00:00:00-04:00,60.393979838351584,60.760759446558644,59.615681413321795,59.758819580078125,6186200,0.0,0.0
2021-10-18 00:00:00-04:00,60.21505419015036,60.31345996869021,59.078924054103595,59.400978088378906,4911300,0.0,0.0
2021-10-19 00:00:00-04:00,59.93774663104532,60.12561039101359,59.43677660446329,59.785667419433594,4881100,0.0,0.0
2021-10-20 00:00:00-04:00,59.04314586696474,60.25084521283916,58.84633428870891,60.12560272216797,5194900,0.0,0.0
2021-10-21 00:00:00-04:00,59.8751149637644,60.82338144206595,59.4278184249122,59.96457290649414,5806600,0.0,0.0
2021-10-22 00:00:00-04:00,60.10772063792431,60.50133701359865,59.50833799334826,60.402931213378906,3977800,0.0,0.0
2021-10-25 00:00:00-04:00,60.83232223342145,61.467482425951964,60.45659482238133,61.01123809814453,4679400,0.0,0.0
2021-10-26 00:00:00-04:00,61.08280606825507,61.53010254716754,60.447645887223665,61.25278091430664,5532500,0.0,0.0
2021-10-27 00:00:00-04:00,60.608681400182434,60.70708718537245,59.10576474706645,59.17733383178711,6473900,0.0,0.0
2021-10-28 00:00:00-04:00,59.078941039220815,60.152450245302255,59.01631978261948,59.64253234863281,5548800,0.0,0.0
2021-10-29 00:00:00-04:00,59.74093263800291,59.7498804810353,58.586906594184335,58.98052978515625,7668000,0.0,0.0
2021-11-01 00:00:00-04:00,59.46360449374879,60.30452419244634,59.42781995069743,60.17033386230469,4761200,0.0,0.0
2021-11-02 00:00:00-04:00,59.946684180173975,61.530110928111675,57.31657834186016,57.82649612426758,8026700,0.0,0.0
2021-11-03 00:00:00-04:00,57.46864792693251,57.54916483975848,56.51143376459427,56.96767807006836,7830100,0.0,0.0
2021-11-04 00:00:00-04:00,57.64757633783167,57.719138592209006,55.75103668016909,56.86927795410156,9258900,0.0,0.0
2021-11-05 00:00:00-04:00,57.90701359729435,59.08787620060863,57.37025228425764,58.8731689453125,10113800,0.0,0.0
2021-11-08 00:00:00-05:00,59.436773004110876,60.02720095321701,58.712147887893124,58.74793243408203,5393800,0.0,0.0
2021-11-09 00:00:00-05:00,58.78370709471402,60.17927003537024,58.73898153840254,60.05402755737305,6152200,0.0,0.0
2021-11-10 00:00:00-05:00,59.544112814857186,60.23295330387575,58.39903477229509,58.61373519897461,6560900,0.0,0.0
2021-11-11 00:00:00-05:00,58.69425346530007,59.74987358962288,58.61373653770407,59.04314422607422,5166800,0.0,0.0
2021-11-12 00:00:00-05:00,58.66741192367796,59.24889875205586,58.533221605559504,58.86422348022461,4044700,0.0,0.0
2021-11-15 00:00:00-05:00,59.19522299580195,60.02719484066261,58.55111488039967,59.15049743652344,6236700,0.0,0.0
2021-11-16 00:00:00-05:00,59.30392387381135,59.43027470719696,58.22091476319066,58.51873779296875,5282000,0.58,0.0
2021-11-17 00:00:00-05:00,57.77868386253542,58.75339625927883,57.16498026504786,57.38158416748047,5485000,0.0,0.0
2021-11-18 00:00:00-05:00,57.228149175621134,57.778677289520495,55.95561043095188,56.58736801147461,6910700,0.0,0.0
2021-11-19 00:00:00-05:00,55.37800591724404,56.045861289977914,54.31304400015843,54.40329360961914,7816300,0.0,0.0
2021-11-22 00:00:00-05:00,54.331089383643814,56.42491179547207,54.331089383643814,55.67582702636719,6274300,0.0,0.0
2021-11-23 00:00:00-05:00,56.334658697198165,57.75160221621125,56.190257270412324,57.625247955322266,6971000,0.0,0.0
2021-11-24 00:00:00-05:00,57.002527341699185,58.59094331204298,56.96642611803628,58.25701904296875,5191700,0.0,0.0
2021-11-26 00:00:00-05:00,55.02603671026445,55.982695122666854,53.74447069884649,55.368988037109375,5847900,0.0,0.0
2021-11-29 00:00:00-05:00,56.84006969381362,57.93210922411579,55.359954097069064,55.757057189941406,6166500,0.0,0.0
2021-11-30 00:00:00-05:00,54.430375673426184,55.35093622456108,53.924968868057356,54.917728424072266,14326200,0.0,0.0
2021-12-01 00:00:00-05:00,56.4700404343037,57.65232956455051,54.90869882366128,54.97187423706055,6552400,0.0,0.0
2021-12-02 00:00:00-05:00,54.97187308098157,57.28229946305734,54.655996020628244,57.155948638916016,6298500,0.0,0.0
2021-12-03 00:00:00-05:00,57.93212023818423,57.97724160770517,55.38703882095223,55.65779113769531,8031800,0.0,0.0
2021-12-06 00:00:00-05:00,56.67761392045566,57.57110012418847,55.62167912248215,56.73176574707031,5915300,0.0,0.0
2021-12-07 00:00:00-05:00,57.48085631019327,59.03317793720611,57.48085631019327,57.96821594238281,7347300,0.0,0.0
2021-12-08 00:00:00-05:00,58.130668993607884,58.879747016587466,57.64330935313428,57.81478500366211,5430400,0.0,0.0
2021-12-09 00:00:00-05:00,57.056681609238176,57.562084990852966,56.84910472853177,57.164981842041016,5373800,0.0,0.0
2021-12-10 00:00:00-05:00,57.733559146398626,57.87795714923846,56.64151955575482,57.48085403442383,4714300,0.0,0.0
2021-12-13 00:00:00-05:00,56.794955609646536,57.11985976641135,55.7029193160334,55.78414535522461,5416800,0.0,0.0
2021-12-14 00:00:00-05:00,55.48630822256249,57.31840221732759,55.170431134776116,56.36174392700195,5700600,0.0,0.0
2021-12-15 00:00:00-05:00,56.190267359660986,56.7859237824559,55.125308797647705,56.38882064819336,5561900,0.0,0.0
2021-12-16 00:00:00-05:00,57.11082556331051,57.92308585317638,56.5783445827989,56.65054702758789,6067800,0.0,0.0
2021-12-17 00:00:00-05:00,56.47907117795206,57.06570054709849,55.33288319215255,56.36174392700195,13803000,0.0,0.0
2021-12-20 00:00:00-05:00,55.00797545694637,55.468253960684144,54.11448920018244,54.97187423706055,7136700,0.0,0.0
2021-12-21 00:00:00-05:00,55.63973552844266,57.51695429024969,55.59460728016107,57.23717498779297,5679200,0.0,0.0
2021-12-22 00:00:00-05:00,57.30938105416955,57.814784415978274,56.831051888799955,56.9483757019043,5168400,0.0,0.0
2021-12-23 00:00:00-05:00,57.53499957459833,58.23895611475571,56.87616783574305,56.89421844482422,4658300,0.0,0.0
2021-12-27 00:00:00-05:00,56.48809488281197,57.84185629250472,56.10903893385636,57.83283615112305,4334900,0.0,0.0
2021-12-28 00:00:00-05:00,58.121648174215544,58.81657787799278,57.97724326217575,58.094573974609375,4774700,0.0,0.0
2021-12-29 00:00:00-05:00,57.941135364103815,58.32019477176915,57.489883837136965,57.715511322021484,5253600,0.0,0.0
2021-12-30 00:00:00-05:00,57.80575915223393,58.36531085734065,57.210099340935294,57.24620056152344,4049900,0.0,0.0
2021-12-31 00:00:00-05:00,57.11985595898961,58.05846713978934,57.11985595898961,57.75161361694336,3546400,0.0,0.0
2022-01-03 00:00:00-05:00,58.157741123342575,59.79128186602477,58.004309204740366,59.25880432128906,5855800,0.0,0.0
2022-01-04 00:00:00-05:00,59.83641083156672,61.36164792387585,59.61078335012884,61.199195861816406,8469200,0.0,0.0
2022-01-05 00:00:00-05:00,62.25512334859715,63.12153185120529,61.45188336519306,61.58726119995117,8747200,0.0,0.0
2022-01-06 00:00:00-05:00,62.97714973768337,63.5186543866963,62.110740922141645,63.31108093261719,7923800,0.0,0.0
2022-01-07 00:00:00-05:00,63.26594500930726,64.08723235450648,63.01324332943192,64.01502990722656,6443500,0.0,0.0
2022-01-10 00:00:00-05:00,64.03308792931908,64.44824862874269,63.0493552394121,63.58183288574219,5922700,0.0,0.0
2022-01-11 00:00:00-05:00,64.36699094505227,65.70270831860836,63.726209890133624,65.60343170166016,6883000,0.0,0.0
2022-01-12 00:00:00-05:00,65.88322662829837,66.65938573942532,65.31464783621425,65.95542907714844,6861800,0.0,0.0
2022-01-13 00:00:00-05:00,66.190077781222,66.91208851022591,65.75687685230335,65.99153137207031,5486500,0.0,0.0
2022-01-14 00:00:00-05:00,65.88323249105456,67.48067222178784,65.82908409240075,67.45359802246094,7237100,0.0,0.0
2022-01-18 00:00:00-05:00,67.66118762344847,68.48246828642797,66.33449658995245,67.28213500976562,7808700,0.0,0.0
2022-01-19 00:00:00-05:00,67.93191395378298,68.27487210646696,66.08177287701358,66.1990966796875,6582800,0.0,0.0
2022-01-20 00:00:00-05:00,65.55831244467424,67.01135379842438,64.8092276452918,64.9716796875,7200600,0.0,0.0
2022-01-21 00:00:00-05:00,64.48432793362338,64.64677998684762,63.03128648134102,63.80744552612305,10194200,0.0,0.0
2022-01-24 00:00:00-05:00,62.318315585541704,63.825505568453096,60.91039536362274,63.52767562866211,9624700,0.0,0.0
2022-01-25 00:00:00-05:00,63.08544264636181,64.84533417645525,62.03852786956488,64.52945709228516,10674200,0.0,0.0
2022-01-26 00:00:00-05:00,65.33269319497245,66.06372403390694,63.55474753354006,64.0601577758789,7942800,0.0,0.0
2022-01-27 00:00:00-05:00,65.54929316997651,66.14495302371317,63.66305073768559,64.89046478271484,9207900,0.0,0.0
2022-01-28 00:00:00-05:00,64.80020141601562,65.46805668873922,63.28398479307367,64.80020141601562,7761300,0.0,0.0
2022-01-31 00:00:00-05:00,64.49336009480965,64.91754087230973,63.47352633180214,64.75508880615234,6729400,0.0,0.0
2022-02-01 00:00:00-05:00,64.14138548325171,66.97526633499574,63.879656756739706,66.80378723144531,7660300,0.0,0.0
2022-02-02 00:00:00-05:00,68.85246965946678,71.0997170091838,68.63586924741769,70.84701538085938,12585400,0.0,0.0
2022-02-03 00:00:00-05:00,70.91922798021024,71.20803086621206,69.15932958390836,69.4661865234375,7069300,0.0,0.0
2022-02-04 00:00:00-05:00,70.05282273188823,71.24413555533101,69.77303997342825,70.56725311279297,6173200,0.0,0.0
2022-02-07 00:00:00-05:00,70.5491936188553,72.70619161858454,70.18818830021529,72.04736328125,7263900,0.0,0.0
2022-02-08 00:00:00-05:00,72.15565040188318,72.61593229369967,70.76579147234023,71.55999755859375,7949500,0.0,0.0
2022-02-09 00:00:00-05:00,71.54196717276275,72.90475924840051,71.54196717276275,72.01127624511719,5570300,0.0,0.0
2022-02-10 00:00:00-05:00,71.86686410273997,73.38308107861644,71.55098700059995,71.96614074707031,6398100,0.0,0.0
2022-02-11 00:00:00-05:00,72.39031755035329,73.45527949744455,71.92101543657253,73.2747802734375,6516900,0.0,0.0
2022-02-14 00:00:00-05:00,72.9769520854977,73.1935525365579,70.88312936363783,71.44268798828125,6547200,0.0,0.0
2022-02-15 00:00:00-05:00,70.27892835620791,71.9336194701944,69.92435218438402,71.2881088256836,4311500,0.58,0.0
2022-02-16 00:00:00-05:00,71.96090999483769,72.98827106975867,70.59715304080953,70.96990966796875,5735100,0.0,0.0
2022-02-17 00:00:00-05:00,70.76080731037551,71.20629932637154,69.71525887834547,69.9698257446289,7034800,0.0,0.0
2022-02-18 00:00:00-05:00,69.29704298086264,70.64261272502725,69.26067529366534,70.02437591552734,4845200,0.0,0.0
2022-02-22 00:00:00-05:00,71.33358437085987,71.46086780687679,68.00602078631803,68.76062774658203,4872000,0.0,0.0
2022-02-23 00:00:00-05:00,69.34249306375206,69.94254946045089,68.61516017443952,68.84245300292969,5763700,0.0,0.0
2022-02-24 00:00:00-05:00,69.15155663288535,69.46977208997197,66.14220229453582,67.69688415527344,7497700,0.0,0.0
2022-02-25 00:00:00-05:00,68.38787616598479,70.03347423683108,68.15148965166861,69.58798217773438,5275800,0.0,0.0
2022-02-28 00:00:00-05:00,68.74245825547341,70.82446184057962,68.56062672849576,70.79718780517578,8031300,0.0,0.0
2022-03-01 00:00:00-05:00,71.41540462578436,72.07909575540717,67.6423425423497,68.19693756103516,6502300,0.0,0.0
2022-03-02 00:00:00-05:00,69.26067425059793,70.68807300356656,67.56961497173992,69.99710083007812,8013300,0.0,0.0
2022-03-03 00:00:00-05:00,69.88801223398418,71.33359151776314,69.68799340408145,70.34259796142578,5694500,0.0,0.0
2022-03-04 00:00:00-05:00,69.42432412367641,70.70625210699053,69.24249263012572,70.66989135742188,6663600,0.0,0.0
2022-03-07 00:00:00-05:00,70.70625784562638,71.54270081855645,66.68772185873424,67.76963806152344,9396700,0.0,0.0
2022-03-08 00:00:00-05:00,69.65162679406521,71.21540283055258,68.32423728171445,69.29705047607422,10534200,0.0,0.0
2022-03-09 00:00:00-05:00,68.0060133578141,70.26075420933041,66.82408793941717,68.57878875732422,8088700,0.0,0.0
2022-03-10 00:00:00-05:00,69.1333819973316,71.14264960755072,68.51514527600064,70.85171508789062,7368900,0.0,0.0
2022-03-11 00:00:00-05:00,70.33349515471981,72.67006521233901,70.33349515471981,71.37904357910156,8530000,0.0,0.0
2022-03-14 00:00:00-04:00,70.63354341102105,71.55180172742789,68.65154905714257,69.69709777832031,7896700,0.0,0.0
2022-03-15 00:00:00-04:00,68.27876640809755,68.4787852131986,66.5331590959141,67.64234924316406,7873000,0.0,0.0
2022-03-16 00:00:00-04:00,68.3333239505581,69.09702457692327,67.4968810129423,68.0605697631836,6809700,0.0,0.0
2022-03-17 00:00:00-04:00,68.86972173724722,70.23347860333132,68.71516429049996,70.14256286621094,7091300,0.0,0.0
2022-03-18 00:00:00-04:00,70.10620985437856,71.27904183700676,69.15157707378448,71.20630645751953,17588400,0.0,0.0
2022-03-21 00:00:00-04:00,72.5518792688156,72.93372958562172,71.9790968571792,72.71553039550781,6260900,0.0,0.0
2022-03-22 00:00:00-04:00,72.67916459781749,72.96100551472854,71.16084307429972,72.05183410644531,5131300,0.0,0.0
2022-03-23 00:00:00-04:00,72.7973630555358,73.5974314930168,72.45188037634749,73.15193939208984,4641200,0.0,0.0
2022-03-24 00:00:00-04:00,73.63378187381021,74.32475400615864,73.08828047939893,73.99745178222656,4246900,0.0,0.0
2022-03-25 00:00:00-04:00,73.64287801198937,74.92481292168293,73.42467883415334,74.76116180419922,5186500,0.0,0.0
2022-03-28 00:00:00-04:00,73.67015694345025,74.95209193843112,73.40649640682808,74.5247802734375,4447900,0.0,0.0
2022-03-29 00:00:00-04:00,73.33375264560102,75.59758700140738,73.17918826923429,75.58849334716797,4203800,0.0,0.0
2022-03-30 00:00:00-04:00,76.53405696202701,77.73416306166222,76.10674524823384,77.59778594970703,5880400,0.0,0.0
2022-03-31 00:00:00-04:00,76.90679690601816,79.188818810283,76.5522206540775,77.73414611816406,7041200,0.0,0.0
2022-04-01 00:00:00-04:00,77.53412312093523,78.43420071659304,76.61585821587157,77.1068115234375,7411800,0.0,0.0
2022-04-04 00:00:00-04:00,77.28865262632927,78.17054987971244,76.77951199163068,77.34320068359375,3801300,0.0,0.0
2022-04-05 00:00:00-04:00,77.7432548725277,78.58878462285588,76.95227319111491,77.01591491699219,3789100,0.0,0.0
2022-04-06 00:00:00-04:00,77.59775650510826,78.13417109220781,76.39765086085517,77.79777526855469,4564400,0.0,0.0
2022-04-07 00:00:00-04:00,78.16146359591256,78.52513353030085,76.32493354864393,78.05236053466797,4205600,0.0,0.0
2022-04-08 00:00:00-04:00,78.66151417903356,79.70706277870613,77.96145518450712,79.00700378417969,5088800,0.0,0.0
2022-04-11 00:00:00-04:00,78.38874905765316,78.49784517219945,77.03408578943433,77.17045593261719,4464700,0.0,0.0
2022-04-12 00:00:00-04:00,78.56148431317462,79.57065793272659,77.7795965502294,78.00688934326172,4236100,0.0,0.0
2022-04-13 00:00:00-04:00,78.79787196133076,79.67976919919971,77.97052971619297,79.63430786132812,3342100,0.0,0.0
2022-04-14 00:00:00-04:00,79.49793784891263,80.29800606718966,79.09790027156096,79.27973175048828,4080500,0.0,0.0
2022-04-18 00:00:00-04:00,80.40711581931684,82.38001596949144,80.03435223908726,81.92543029785156,5281300,0.0,0.0
2022-04-19 00:00:00-04:00,81.55266446809671,82.92551510078032,81.27082357911081,82.22545623779297,3868900,0.0,0.0
2022-04-20 00:00:00-04:00,82.50730293533775,83.53466410011852,82.31637777744541,82.71641540527344,4809000,0.0,0.0
2022-04-21 00:00:00-04:00,83.64376349426622,84.69840558085274,80.62531491519108,80.67986297607422,5588200,0.0,0.0
2022-04-22 00:00:00-04:00,80.38892525936231,81.44356730443135,79.0979036688205,79.17063903808594,4052200,0.0,0.0
2022-04-25 00:00:00-04:00,76.98863131366302,77.27047221659994,74.16110781918107,76.60678100585938,4915600,0.0,0.0
2022-04-26 00:00:00-04:00,77.14317476344391,79.06152654614863,76.58857977774676,77.70686340332031,5208400,0.0,0.0
2022-04-27 00:00:00-04:00,78.05236162201709,80.04344916479985,76.75224627055532,79.32520294189453,5219900,0.0,0.0
2022-04-28 00:00:00-04:00,79.8707002413849,82.03453245390504,78.79787779065713,81.5435791015625,5157900,0.0,0.0
2022-04-29 00:00:00-04:00,81.67085951345776,82.31637030384721,79.2706478372619,79.33428955078125,5081900,0.0,0.0
2022-05-02 00:00:00-04:00,79.49794434635197,81.22536434662403,78.59785972374598,81.02535247802734,5088200,0.0,0.0
2022-05-03 00:00:00-04:00,80.59804059586725,84.74385968237121,79.50703082712678,84.23472595214844,5831600,0.0,0.0
2022-05-04 00:00:00-04:00,85.51665253586351,87.78049412738233,84.49838509205752,87.5986557006836,5416300,0.0,0.0
2022-05-05 00:00:00-04:00,87.6259182715016,88.09869118266577,83.83467601006488,85.55300903320312,5020700,0.0,0.0
2022-05-06 00:00:00-04:00,86.59856715402421,87.28044563555196,83.68012808545663,87.20771026611328,4572200,0.0,0.0
2022-05-09 00:00:00-04:00,85.09843493111785,85.94396454378982,82.41638228753375,82.60730743408203,6756700,0.0,0.0
2022-05-10 00:00:00-04:00,83.59830383175942,86.16216679116859,81.65267767500913,83.38919830322266,6186400,0.0,0.0
2022-05-11 00:00:00-04:00,84.69841652989773,86.91679017518145,83.26192395857872,83.60740661621094,6411000,0.0,0.0
2022-05-12 00:00:00-04:00,83.98016223972493,84.76205017559228,82.36183136882771,84.3165512084961,6985500,0.0,0.0
2022-05-13 00:00:00-04:00,85.76212960224433,87.93504843427635,85.70757460797778,87.17134094238281,5834900,0.0,0.0
2022-05-16 00:00:00-04:00,86.46220391183385,89.03516079210236,86.46220391183385,87.70777130126953,5703500,0.0,0.0
2022-05-17 00:00:00-04:00,89.48223429836794,89.90298197375796,87.50654227996252,89.22612762451172,5576300,0.58,0.0
2022-05-18 00:00:00-04:00,89.61942863678723,89.82065030734596,86.45466221351397,88.00045776367188,6277700,0.0,0.0
2022-05-19 00:00:00-04:00,86.20769747411754,89.39075398980395,85.99732018167656,87.58885192871094,7399700,0.0,0.0
2022-05-20 00:00:00-04:00,88.24742643995042,89.14379975948195,86.42722684145535,88.32059478759766,5892900,0.0,0.0
2022-05-23 00:00:00-04:00,89.29930415841201,90.50666928750395,87.9364466742848,88.6407470703125,5440200,0.0,0.0
2022-05-24 00:00:00-04:00,87.70776289224173,89.49136776309007,87.08578660782591,88.99745178222656,3941300,0.0,0.0
2022-05-25 00:00:00-04:00,88.97000517915103,91.5402342812056,88.81451285373223,90.5706787109375,5486200,0.0,0.0
2022-05-26 00:00:00-04:00,91.25668816827788,91.79634748342461,90.33287583127098,90.99143981933594,4520600,0.0,0.0
2022-05-27 00:00:00-04:00,91.183510729396,93.79946909987903,91.09203809031887,93.38786315917969,5987400,0.0,0.0
2022-05-31 00:00:00-04:00,94.12875795947132,95.68369524038258,92.77504235548189,93.10432434082031,11267100,0.0,0.0
2022-06-01 00:00:00-04:00,94.08303468562103,95.68370851143149,92.9854325678475,95.04344177246094,5366600,0.0,0.0
2022-06-02 00:00:00-04:00,94.39400625694653,95.70198553742941,93.91838059967235,95.3727035522461,5154200,0.0,0.0
2022-06-03 00:00:00-04:00,95.50991203906398,97.08314674675519,95.37271003950792,96.6075210571289,5665400,0.0,0.0
2022-06-06 00:00:00-04:00,96.79960630074027,100.89732731700812,96.78130897800523,100.05583190917969,7557300,0.0,0.0
2022-06-07 00:00:00-04:00,99.49786789860494,103.96146494423236,99.48871923855225,103.95231628417969,7723900,0.0,0.0
2022-06-08 00:00:00-04:00,104.32733735513274,104.59259269438502,102.87301429808264,103.23888397216797,6385400,0.0,0.0
2022-06-09 00:00:00-04:00,102.91873369745171,103.77852630168483,101.80284141801283,101.85771942138672,6594400,0.0,0.0
2022-06-10 00:00:00-04:00,99.94605717736465,101.42782611771035,97.84231890470694,99.09541320800781,7420300,0.0,0.0
2022-06-13 00:00:00-04:00,95.79345822746502,96.77215552321717,92.64698902465074,93.45189666748047,8749100,0.0,0.0
2022-06-14 00:00:00-04:00,95.7660055988261,97.6410830530241,92.57380727310058,93.90922546386719,8432800,0.0,0.0
2022-06-15 00:00:00-04:00,94.19279579064266,94.46719282536455,88.57671103200018,90.4609375,13175800,0.0,0.0
2022-06-16 00:00:00-04:00,88.30228856908606,89.24439804259706,83.42709325837367,84.13139343261719,14308200,0.0,0.0
2022-06-17 00:00:00-04:00,83.91187994033466,84.57044389711882,78.32324194611392,79.84159851074219,26759300,0.0,0.0
2022-06-21 00:00:00-04:00,82.30205771251882,84.93630633798786,81.87216144503572,83.56430053710938,11309200,0.0,0.0
2022-06-22 00:00:00-04:00,80.15256937251206,83.34477428143518,79.97878673155012,81.4605484008789,9818400,0.0,0.0
2022-06-23 00:00:00-04:00,82.52158155067302,82.7593978574563,76.4664597470126,77.4085693359375,9130000,0.0,0.0
2022-06-24 00:00:00-04:00,78.57021671325343,80.51846284627901,77.33541262955036,78.36898803710938,20112500,0.0,0.0
2022-06-27 00:00:00-04:00,79.82330730756969,81.02153064568881,78.72570528107424,80.43614196777344,5225400,0.0,0.0
2022-06-28 00:00:00-04:00,81.88132568457681,83.55517489761257,80.15259845746915,81.12215423583984,5305600,0.0,0.0
2022-06-29 00:00:00-04:00,82.05510103008876,82.59476032824738,76.96038592184313,77.27137756347656,5066300,0.0,0.0
2022-06-30 00:00:00-04:00,75.99996825521943,77.2805083468494,74.37185588690535,75.19506072998047,6762600,0.0,0.0
2022-07-01 00:00:00-04:00,75.91766196635896,77.79273954121865,74.16149603905754,77.27137756347656,5971900,0.0,0.0
2022-07-05 00:00:00-04:00,75.52436857232523,77.13419115335985,72.68889045438304,74.76519012451172,7247300,0.0,0.0
2022-07-06 00:00:00-04:00,74.00600485222317,75.48776682326238,70.99673760839585,72.54252624511719,8348500,0.0,0.0
2022-07-07 00:00:00-04:00,74.68285398174682,77.05184742572904,74.31698435539755,76.31096649169922,6299900,0.0,0.0
2022-07-08 00:00:00-04:00,77.28052645975322,77.91165148376338,75.45118503677533,76.16462707519531,3825500,0.0,0.0
2022-07-11 00:00:00-04:00,75.25909262302174,76.91464410491997,74.84749366203151,76.493896484375,4046500,0.0,0.0
2022-07-12 00:00:00-04:00,74.54565706281863,76.32012033518798,74.13405806670849,75.68899536132812,4458200,0.0,0.0
2022-07-13 00:00:00-04:00,74.6737161131756,76.89636621484419,74.37187310443923,74.9481201171875,4485900,0.0,0.0
2022-07-14 00:00:00-04:00,72.61570538341816,73.86880673856498,71.27113835512112,73.7956314086914,4935700,0.0,0.0
2022-07-15 00:00:00-04:00,75.46032579196316,77.28966702328349,74.71029616625715,77.21649169921875,4706300,0.0,0.0
2022-07-18 00:00:00-04:00,78.67079339237515,80.06108915907423,77.53659721128903,77.95735168457031,4032200,0.0,0.0
2022-07-19 00:00:00-04:00,77.91163687504442,80.74711415332096,77.87504921603914,80.35380554199219,4302600,0.0,0.0
2022-07-20 00:00:00-04:00,79.88732365478084,81.64349644001473,79.32938103123945,81.2136001586914,3132000,0.0,0.0
2022-07-21 00:00:00-04:00,78.89034137151191,79.95136264566857,76.48476014103906,79.07327270507812,4713700,0.0,0.0
2022-07-22 00:00:00-04:00,79.20131537226908,80.28977550209522,77.87504593649703,78.3415298461914,3950000,0.0,0.0
2022-07-25 00:00:00-04:00,79.39341415643577,81.45142309159056,79.0001055030264,81.2227554321289,3206500,0.0,0.0
2022-07-26 00:00:00-04:00,82.15570980491033,82.36608710518414,79.89647239458607,80.45442199707031,3338700,0.0,0.0
2022-07-27 00:00:00-04:00,81.11300346494588,82.97893265709997,80.13430602860066,82.30207824707031,3051800,0.0,0.0
2022-07-28 00:00:00-04:00,83.28073733882594,84.06735439035097,80.71965759269132,81.9453125,3800800,0.0,0.0
2022-07-29 00:00:00-04:00,82.96976575024223,84.1131039514831,82.27461416994065,83.83870697021484,6740900,0.0,0.0
2022-08-01 00:00:00-04:00,82.33865598739406,82.96063236250099,80.79286720005987,82.6130599975586,4470900,0.0,0.0
2022-08-02 00:00:00-04:00,83.09782068606587,86.81138798119413,82.88745036084187,85.63146209716797,6764600,0.0,0.0
2022-08-03 00:00:00-04:00,86.42721895513789,88.2657087281903,84.25945420176063,84.77166748046875,6162000,0.0,0.0
2022-08-04 00:00:00-04:00,84.14969418962832,84.70764380719974,82.10997570563042,82.47584533691406,4368600,0.0,0.0
2022-08-05 00:00:00-04:00,81.46056229982297,83.9850551375656,81.12213864026185,82.5215835571289,3833300,0.0,0.0
2022-08-08 00:00:00-04:00,82.90574590611817,83.95761853341492,82.27462093406349,82.67707824707031,4418300,0.0,0.0
2022-08-09 00:00:00-04:00,83.87528322513134,85.85097488223143,83.87528322513134,85.38449096679688,4302900,0.0,0.0
2022-08-10 00:00:00-04:00,86.16196933418344,87.56142124010235,84.6436197386497,87.058349609375,4373800,0.0,0.0
2022-08-11 00:00:00-04:00,88.18339719244757,89.03403416370946,86.94858628158217,88.45779418945312,4476100,0.0,0.0
2022-08-12 00:00:00-04:00,88.26571485398559,89.40905312929628,88.018756857007,89.15294647216797,3605000,0.0,0.0
2022-08-15 00:00:00-04:00,86.41809369565243,87.90900447427903,85.79611731972292,87.6163101196289,3352300,0.0,0.0
2022-08-16 00:00:00-04:00,88.95064878837823,89.85248256110556,88.20524754418446,88.94144439697266,3697500,0.58,0.0
2022-08-17 00:00:00-04:00,88.42610623919393,91.49051571897076,88.23285613968915,90.75432586669922,3652200,0.0,0.0
2022-08-18 00:00:00-04:00,91.74819824340693,93.25739577325885,91.56415250401813,92.75126647949219,3837600,0.0,0.0
2022-08-19 00:00:00-04:00,92.34634689178124,93.4230290882442,92.10708184115809,92.43836975097656,3237600,0.0,0.0
2022-08-22 00:00:00-04:00,92.02425877034702,93.18376639670363,90.68990982653449,92.41075897216797,5837000,0.0,0.0
2022-08-23 00:00:00-04:00,93.76350667084581,95.55797671658036,93.52424165778353,95.23589324951172,3550300,0.0,0.0
2022-08-24 00:00:00-04:00,95.59481478495618,96.57027687867989,95.11629164193505,96.42303466796875,3601400,0.0,0.0
2022-08-25 00:00:00-04:00,96.67149821502609,97.5825365200238,96.3218014964795,97.51811981201172,2869300,0.0,0.0
2022-08-26 00:00:00-04:00,97.57332446652748,98.28191521992201,95.7236348232685,96.01811218261719,3545300,0.0,0.0
2022-08-29 00:00:00-04:00,95.53038962444823,98.20829917254325,95.04266213116769,96.62548065185547,4563300,0.0,0.0
2022-08-30 00:00:00-04:00,95.06107221044178,95.548799710362,93.13776134708529,93.40463256835938,6281700,0.0,0.0
2022-08-31 00:00:00-04:00,91.71137080893901,94.7113563002621,91.24204516865743,92.71443176269531,6636100,0.0,0.0
2022-09-01 00:00:00-04:00,91.03960365483213,92.08867969122343,87.95679224891403,89.04267883300781,7520000,0.0,0.0
2022-09-02 00:00:00-04:00,90.52426116669713,92.18989791703176,90.34941283745107,91.22364044189453,4207500,0.0,0.0
2022-09-06 00:00:00-04:00,91.97825344414649,92.27273082214815,89.77887399137597,90.60709381103516,4122700,0.0,0.0
2022-09-07 00:00:00-04:00,89.26354407655151,90.9659917088841,88.01201341236333,90.49666595458984,4176200,0.0,0.0
2022-09-08 00:00:00-04:00,90.84633927578787,91.09480165763588,89.5672027828412,90.59786987304688,4040100,0.0,0.0
2022-09-09 00:00:00-04:00,92.20830384065856,92.53959173160796,91.15003048884691,92.03346252441406,3571700,0.0,0.0
2022-09-12 00:00:00-04:00,93.1561613410314,93.51505539279678,91.19604011273476,91.96904754638672,3233900,0.0,0.0
2022-09-13 00:00:00-04:00,90.42304290261029,91.80340684933469,89.41997478379228,89.8616943359375,4777400,0.0,0.0
2022-09-14 00:00:00-04:00,90.91997578267078,92.19911249260142,89.39236962785047,90.47825622558594,5021400,0.0,0.0
2022-09-15 00:00:00-04:00,89.2267131421715,89.2267131421715,87.21137979372777,88.47211456298828,6585000,0.0,0.0
2022-09-16 00:00:00-04:00,88.29727064229922,88.6377629163216,86.07948972811872,88.02120208740234,18821700,0.0,0.0
2022-09-19 00:00:00-04:00,85.48133871788865,88.75740028684717,84.90158837915882,88.61936950683594,4202000,0.0,0.0
2022-09-20 00:00:00-04:00,87.79114595310965,89.78807072167143,87.79114595310965,89.44757843017578,3929900,0.0,0.0
2022-09-21 00:00:00-04:00,91.11321027822342,91.30646035729589,87.06414194570988,87.11935424804688,4218800,0.0,0.0
2022-09-22 00:00:00-04:00,88.32488250732422,89.31873911947169,87.54267072781084,88.32488250732422,3163100,0.0,0.0
2022-09-23 00:00:00-04:00,85.30648456322132,85.53654520877573,82.8494385537146,84.15618133544922,8268000,0.0,0.0
2022-09-26 00:00:00-04:00,83.55802130277965,85.63776428515288,82.26968040639629,82.39851379394531,5627300,0.0,0.0
2022-09-27 00:00:00-04:00,84.13778382459714,86.10710248838389,83.88011701189893,85.44452667236328,3748600,0.0,0.0
2022-09-28 00:00:00-04:00,85.91384978001109,92.54879808986274,85.6745847379315,92.1070785522461,5233500,0.0,0.0
2022-09-29 00:00:00-04:00,91.56414647479447,91.84022208659384,89.50280484161438,90.82794952392578,2767700,0.0,0.0
2022-09-30 00:00:00-04:00,90.59787403787087,92.88928298673942,90.21137386127616,91.4076919555664,5011700,0.0,0.0
2022-10-03 00:00:00-04:00,94.24202338265945,95.66839482698957,92.21748597973475,94.59171295166016,3777800,0.0,0.0
2022-10-04 00:00:00-04:00,96.25737301607369,99.20215350150484,95.75124380670611,99.12853240966797,5011100,0.0,0.0
2022-10-05 00:00:00-04:00,98.71440725322495,99.88311912875709,96.45061160610454,98.99968719482422,4493400,0.0,0.0
2022-10-06 00:00:00-04:00,98.39233211889018,99.74508979565383,97.73896074852074,99.25736236572266,2396900,0.0,0.0
2022-10-07 00:00:00-04:00,99.62546781024093,100.32484714501564,97.27884632551907,98.31871795654297,3114900,0.0,0.0
2022-10-10 00:00:00-04:00,98.81564922823166,99.96595249415354,96.70829280255549,97.6009292602539,2751500,0.0,0.0
2022-10-11 00:00:00-04:00,96.06412665381634,96.91074818020373,94.42609591162085,95.18069458007812,3213400,0.0,0.0
2022-10-12 00:00:00-04:00,94.84019887247116,97.4076765354951,93.53345608252737,96.58866119384766,3051900,0.0,0.0
2022-10-13 00:00:00-04:00,95.51198483274011,101.41073652802979,95.0886740591427,100.37086486816406,3243900,0.0,0.0
2022-10-14 00:00:00-04:00,99.76349903772736,101.14386287410359,95.41074865116113,95.79724884033203,3055600,0.0,0.0
2022-10-17 00:00:00-04:00,97.5089050348633,99.02730672875198,96.45062464088673,96.9659652709961,2340600,0.0,0.0
2022-10-18 00:00:00-04:00,98.39233379559082,99.95675037547667,97.62853077828208,99.53343963623047,2755300,0.0,0.0
2022-10-19 00:00:00-04:00,99.57945745788058,101.38313223009243,98.97210095276877,100.18682098388672,3627200,0.0,0.0
2022-10-20 00:00:00-04:00,100.84938438325021,102.70827838942499,99.9475505560475,100.61932373046875,2733100,0.0,0.0
2022-10-21 00:00:00-04:00,101.0610439420486,102.71748346139866,99.13774024209204,102.49662017822266,3074900,0.0,0.0
2022-10-24 00:00:00-04:00,102.63466053942825,103.34325130409172,101.52116778727982,102.57024383544922,2691300,0.0,0.0
2022-10-25 00:00:00-04:00,101.90766767726595,102.91993317400303,100.88619778830655,102.55184173583984,3139200,0.0,0.0
2022-10-26 00:00:00-04:00,103.16839997921528,105.05490014557807,101.6776044175625,104.09784698486328,2476300,0.0,0.0
2022-10-27 00:00:00-04:00,105.4413817911115,106.49045762428169,104.32788926716394,104.58555603027344,2518700,0.0,0.0
2022-10-28 00:00:00-04:00,105.45979634868009,105.72666753454097,103.38004618979794,104.51194763183594,2552700,0.0,0.0
2022-10-31 00:00:00-04:00,103.26962707821761,105.93833205813277,103.08557434321665,104.55796813964844,3158500,0.0,0.0
2022-11-01 00:00:00-04:00,104.76041589337332,110.28187158188715,103.7757565764241,109.69291687011719,5767300,0.0,0.0
2022-11-02 00:00:00-04:00,109.58249118703314,109.65611228051392,105.55182408013364,105.57943725585938,3994900,0.0,0.0
2022-11-03 00:00:00-04:00,105.0088782602794,109.45365147525858,104.24507525645114,108.77266693115234,3042000,0.0,0.0
2022-11-04 00:00:00-04:00,110.7236021266159,111.33096568272346,107.09784361758453,108.26655578613281,2748400,0.0,0.0
2022-11-07 00:00:00-05:00,108.671463742747,110.77882049759464,108.27576609751965,109.96900939941406,4505800,0.0,0.0
2022-11-08 00:00:00-05:00,109.9045881541981,110.08863388954505,107.96287545644014,109.60090637207031,2108700,0.0,0.0
2022-11-09 00:00:00-05:00,108.99354387008385,109.88618038159562,106.49048268919566,106.61931610107422,2882400,0.0,0.0
2022-11-10 00:00:00-05:00,108.99353720353082,109.90457542349,107.19905989773332,109.67451477050781,2875400,0.0,0.0
2022-11-11 00:00:00-05:00,111.09167898404641,112.90455788559997,110.29106545802573,111.56100463867188,3390200,0.0,0.0
2022-11-14 00:00:00-05:00,111.4873925398768,113.30027158758898,110.80641498083713,110.91683959960938,2839000,0.0,0.0
2022-11-15 00:00:00-05:00,111.93544893878911,112.43549233951975,109.4445010254276,111.12056732177734,3580700,0.75,0.0
2022-11-16 00:00:00-05:00,109.94453828007028,111.62060448272506,109.3981918475551,110.99092102050781,2758500,0.0,0.0
2022-11-17 00:00:00-05:00,109.4444972667637,111.57430382837369,109.03705293982303,111.490966796875,3196800,0.0,0.0
2022-11-18 00:00:00-05:00,109.90749949448428,112.81515367117737,109.24077498380343,112.21324920654297,3783500,0.0,0.0
2022-11-21 00:00:00-05:00,111.0927850838783,111.85210865593001,107.96288467370852,111.40762329101562,5107400,0.0,0.0
2022-11-22 00:00:00-05:00,112.9633034317504,117.89890983126519,112.81514636389286,117.23218536376953,4314000,0.0,0.0
2022-11-23 00:00:00-05:00,115.52834234489147,117.92669100209264,115.08385700345993,116.30618286132812,3941400,0.0,0.0
2022-11-25 00:00:00-05:00,116.88030442684806,118.17671230959445,115.81539769941872,115.93577575683594,1588500,0.0,0.0
2022-11-28 00:00:00-05:00,113.43557532531622,115.4357488609584,112.52808761417741,112.89849090576172,3413400,0.0,0.0
2022-11-29 00:00:00-05:00,113.62077369527157,115.41722507135655,113.12073737508696,114.33380126953125,2921500,0.0,0.0
2022-11-30 00:00:00-05:00,115.29686339888944,115.68578373205021,111.48172095470268,112.79664611816406,7568400,0.0,0.0
2022-12-01 00:00:00-05:00,113.62076741481329,113.98190866212609,111.28723881180332,111.33354187011719,3243600,0.0,0.0
2022-12-02 00:00:00-05:00,110.7871997955607,112.22250988127504,108.87037038284605,109.48153686523438,3889000,0.0,0.0
2022-12-05 00:00:00-05:00,109.96303500579346,110.4723403096565,103.69398761336723,104.12920379638672,4945600,0.0,0.0
2022-12-06 00:00:00-05:00,103.53658511298589,105.33303652412914,100.12888747295172,101.20305633544922,5049300,0.0,0.0
2022-12-07 00:00:00-05:00,101.12896176664438,102.61982974149511,99.87885696654435,100.93450164794922,5190200,0.0,0.0
2022-12-08 00:00:00-05:00,102.52723206384665,103.2865555652612,100.34186060809662,100.79560089111328,4547400,0.0,0.0
2022-12-09 00:00:00-05:00,100.33260331783917,101.95311146992886,98.63801309751736,98.92507934570312,5379700,0.0,0.0
2022-12-12 00:00:00-05:00,99.36032000596562,102.98099517822266,98.73063644580925,102.98099517822266,5812600,0.0,0.0
2022-12-13 00:00:00-05:00,104.45332446526471,105.3793290897268,102.19387092082376,102.89763641357422,4260300,0.0,0.0
2022-12-14 00:00:00-05:00,103.35138612000921,104.34221087588519,101.57345877458123,102.73096466064453,4257800,0.0,0.0
2022-12-15 00:00:00-05:00,102.01793778510878,102.76800640857454,100.07332929602471,102.66614532470703,4255900,0.0,0.0
2022-12-16 00:00:00-05:00,100.44372820813031,102.05497436415816,99.73070065219991,101.62901306152344,14691100,0.0,0.0
2022-12-19 00:00:00-05:00,102.44389692078111,104.08292918815043,102.11053466520956,102.8513412475586,3408900,0.0,0.0
2022-12-20 00:00:00-05:00,103.08283134407763,105.89788616369884,102.85133019507774,104.64778137207031,3520700,0.0,0.0
2022-12-21 00:00:00-05:00,106.12014090736916,106.6387083615528,104.45333662816189,106.07384490966797,3226000,0.0,0.0
2022-12-22 00:00:00-05:00,106.12013098384311,106.24051610929071,101.51788676435494,103.38842010498047,2699600,0.0,0.0
2022-12-23 00:00:00-05:00,104.32370594177556,106.85169513265356,103.78662145303264,106.60167694091797,2388000,0.0,0.0
2022-12-27 00:00:00-05:00,107.17577087617802,108.44439972685622,106.70351361488886,108.17585754394531,2420000,0.0,0.0
2022-12-28 00:00:00-05:00,108.11104453489305,108.33328367612019,105.52749067424236,106.04605102539062,2650600,0.0,0.0
2022-12-29 00:00:00-05:00,106.0460653530976,107.79622090439345,105.7960471685444,107.58323669433594,2054100,0.0,0.0
2022-12-30 00:00:00-05:00,107.11097013683309,108.12031901067319,106.85168993140063,107.77769470214844,2370800,0.0,0.0
2023-01-03 00:00:00-05:00,107.09244586702981,107.09244586702981,102.15683907902933,102.71244049072266,4363900,0.0,0.0
2023-01-04 00:00:00-05:00,101.00860631120418,103.8421787673906,100.93452423088212,102.39761352539062,3664600,0.0,0.0
2023-01-05 00:00:00-05:00,102.39760847725506,107.21283042310503,102.09202520963365,107.16653442382812,4093600,0.0,0.0
2023-01-06 00:00:00-05:00,108.20363655168532,110.51864806141268,107.47209206682895,108.17585754394531,3102800,0.0,0.0
2023-01-09 00:00:00-05:00,110.55571565508457,111.04649708268349,106.38869393642112,107.19432067871094,3716700,0.0,0.0
2023-01-10 00:00:00-05:00,107.16651903255593,108.2406807305749,105.601568945728,107.8795394897461,2752200,0.0,0.0
2023-01-11 00:00:00-05:00,109.55561004974176,109.98157134939241,108.49996529303036,108.89814758300781,2976900,0.0,0.0
2023-01-12 00:00:00-05:00,109.68525504802983,112.81515548860875,109.68525504802983,112.05583190917969,3091300,0.0,0.0
2023-01-13 00:00:00-05:00,112.15769902559835,113.79672434154652,111.34281031564637,112.90776062011719,2780500,0.0,0.0
2023-01-17 00:00:00-05:00,113.7411599431966,116.02839270160935,112.31511184554543,112.75959014892578,3746900,0.0,0.0
2023-01-18 00:00:00-05:00,113.74115686742817,116.53768790054322,112.05582862757028,112.33362579345703,3709300,0.0,0.0
2023-01-19 00:00:00-05:00,111.55578963351172,114.50974694801326,111.32428845375092,114.11156463623047,2475500,0.0,0.0
2023-01-20 00:00:00-05:00,114.13934189596202,116.81549492774302,113.46335535289712,116.41731262207031,2882000,0.0,0.0
2023-01-23 00:00:00-05:00,116.89882791153367,119.28792872768427,116.75067083761607,117.49147033691406,3963400,0.0,0.0
2023-01-24 00:00:00-05:00,115.00978345844507,121.06586224306287,115.00978345844507,120.57508087158203,3782200,0.0,0.0
2023-01-25 00:00:00-05:00,119.88058058395244,121.16772661516413,118.7971425974411,120.20467376708984,3671600,0.0,0.0
2023-01-26 00:00:00-05:00,121.03807114679597,125.39954503217729,120.09354246988738,125.33473205566406,4005300,0.0,0.0
2023-01-27 00:00:00-05:00,125.15880596503618,126.3626149714022,122.60302380050591,123.01973724365234,3400600,0.0,0.0
2023-01-30 00:00:00-05:00,122.41780802344242,123.6216168562239,119.46385102282862,119.58423614501953,4152300,0.0,0.0
2023-01-31 00:00:00-05:00,121.81593284625535,123.15863696466461,117.33406599276356,119.01013946533203,5408700,0.0,0.0
2023-02-01 00:00:00-05:00,119.31570822313327,119.54720939226647,112.85219247239823,113.87079620361328,5189900,0.0,0.0
2023-02-02 00:00:00-05:00,113.67632785014845,113.74114789022485,109.3518809541224,111.0279541015625,6275700,0.0,0.0
2023-02-03 00:00:00-05:00,111.64838425051846,112.86144812344966,109.30559353492384,109.45375061035156,3255100,0.0,0.0
2023-02-06 00:00:00-05:00,109.76858318560038,110.574209709325,105.67564465901967,107.79619598388672,4190100,0.0,0.0
2023-02-07 00:00:00-05:00,108.13881749882779,113.56520509233553,108.13881749882779,113.185546875,5361900,0.0,0.0
2023-02-08 00:00:00-05:00,113.06516787724678,113.6392933113393,110.73163923630423,112.56512451171875,3005500,0.0,0.0
2023-02-09 00:00:00-05:00,112.50956691590157,113.25962843458733,110.8890587504462,111.80580139160156,2788400,0.0,0.0
2023-02-10 00:00:00-05:00,113.50965559761327,117.6766766659704,113.50965559761327,117.40813446044922,3467600,0.0,0.0
2023-02-13 00:00:00-05:00,116.7877104298771,118.39895656242626,115.88022275324073,118.35265350341797,3499800,0.0,0.0
2023-02-14 00:00:00-05:00,117.48221357142884,119.77870823312682,117.18589236329248,119.1212387084961,3174500,0.0,0.0
2023-02-15 00:00:00-05:00,117.77066214250821,118.68346460613193,116.6808776208343,118.39472198486328,3048800,0.75,0.0
2023-02-16 00:00:00-05:00,117.91970222703566,119.80119832119787,117.53781746657191,117.83587646484375,2595100,0.0,0.0
2023-02-17 00:00:00-05:00,116.1686021514351,116.42940287687341,113.21595419998643,114.10081481933594,3275900,0.0,0.0
2023-02-21 00:00:00-05:00,113.32771843215632,116.15928227676163,113.32771843215632,114.63172912597656,3988000,0.0,0.0
2023-02-22 00:00:00-05:00,114.24985036081337,116.3548888942667,113.62578334698814,114.36161804199219,3142800,0.0,0.0
2023-02-23 00:00:00-05:00,116.29900612382315,117.79861744792491,114.45476119824592,116.91374969482422,2893600,0.0,0.0
2023-02-24 00:00:00-05:00,115.088128869981,116.85785713790054,113.20663292819036,116.3548812866211,3218600,0.0,0.0
2023-02-27 00:00:00-05:00,116.89511791687757,118.83250484363819,116.74608487345598,117.90106964111328,3057500,0.0,0.0
2023-02-28 00:00:00-05:00,118.96290467473021,119.0281048543657,115.06950526122971,115.1253890991211,5774400,0.0,0.0
2023-03-01 00:00:00-05:00,115.19058891497198,121.0586334887798,114.6224128772486,120.33211517333984,4295300,0.0,0.0
2023-03-02 00:00:00-05:00,119.88501714938708,121.45913051899254,119.11191720991371,120.74193572998047,3054000,0.0,0.0
2023-03-03 00:00:00-05:00,120.63946554428735,124.94269070927619,119.95019852567799,124.34657287597656,3651800,0.0,0.0
2023-03-06 00:00:00-05:00,123.14504785952643,124.10442493032771,121.68268784695073,122.87492370605469,3271300,0.0,0.0
2023-03-07 00:00:00-05:00,122.53960204044866,123.58280482620637,120.43456378702415,121.28217315673828,3592500,0.0,0.0
2023-03-08 00:00:00-05:00,121.08657742695677,122.72589828174914,117.01620299672585,119.10262298583984,3516700,0.0,0.0
2023-03-09 00:00:00-05:00,120.10856263525501,123.36858573856787,119.45656085710701,119.57765197753906,3370600,0.0,0.0
2023-03-10 00:00:00-05:00,120.21102690546898,122.96808140300617,119.2516497683786,119.73600006103516,3746700,0.0,0.0
2023-03-13 00:00:00-04:00,116.40146288105913,117.75204113423835,113.51401506324662,115.29305267333984,4107500,0.0,0.0
2023-03-14 00:00:00-04:00,116.15929280549786,121.7758535078339,115.7680916937791,119.018798828125,4528100,0.0,0.0
2023-03-15 00:00:00-04:00,114.9204793789325,115.9636894243871,111.3903389043433,114.27779388427734,6669100,0.0,0.0
2023-03-16 00:00:00-04:00,112.02369829070686,117.3421990573654,111.26923812064959,116.57842254638672,6170000,0.0,0.0
2023-03-17 00:00:00-04:00,116.6156705715329,117.10933713913123,114.46405778494972,115.18126678466797,13118700,0.0,0.0
2023-03-20 00:00:00-04:00,115.16264262843397,118.57169872548172,114.99498401536135,117.59368896484375,4830700,0.0,0.0
2023-03-21 00:00:00-04:00,119.72664842241579,121.1238009198012,118.02212777638226,119.49378967285156,4607900,0.0,0.0
2023-03-22 00:00:00-04:00,119.46586458666125,121.78514317551638,118.20843568944778,118.27363586425781,3226000,0.0,0.0
2023-03-23 00:00:00-04:00,118.59964311247917,121.55229092601617,116.41077186188866,117.50054931640625,3236300,0.0,0.0
2023-03-24 00:00:00-04:00,114.86458539678796,116.90443070227444,112.31245500926914,116.14996337890625,3856100,0.0,0.0
2023-03-27 00:00:00-04:00,117.64027304771474,121.02137328692449,117.25838119026686,120.07131958007812,4107400,0.0,0.0
2023-03-28 00:00:00-04:00,118.33882179061914,123.61074739956028,118.29224719723999,122.54891204833984,3913200,0.0,0.0
2023-03-29 00:00:00-04:00,124.82161827954002,125.86483530326834,123.8808739025206,124.88682556152344,4418800,0.0,0.0
2023-03-30 00:00:00-04:00,125.76239867177736,125.99525749767771,123.88089537898166,124.7564468383789,2936000,0.0,0.0
2023-03-31 00:00:00-04:00,124.98928551269096,125.65059651258515,123.75047505312126,125.58540344238281,3143300,0.0,0.0
2023-04-03 00:00:00-04:00,127.82085287506064,129.31115493090795,123.81567853597299,126.33987426757812,4745700,0.0,0.0
2023-04-04 00:00:00-04:00,125.07312533030486,125.25010030336936,116.33626516691662,117.19318389892578,5256800,0.0,0.0
2023-04-05 00:00:00-04:00,116.89511715900241,124.25344952621313,116.48528339853682,123.61077117919922,6391300,0.0,0.0
2023-04-06 00:00:00-04:00,123.83430308057109,123.92745228265404,119.57765174174827,119.85707092285156,3280100,0.0,0.0
2023-04-10 00:00:00-04:00,119.90365790356299,122.92151328421768,119.90365790356299,122.24156951904297,2765700,0.0,0.0
2023-04-11 00:00:00-04:00,122.94014249122075,124.19757153815813,122.10184224735532,123.12642669677734,2582900,0.0,0.0
2023-04-12 00:00:00-04:00,122.6607071961957,123.03327560159737,121.08657939011246,121.29149627685547,2411700,0.0,0.0
2023-04-13 00:00:00-04:00,120.58359964818801,122.11115271144192,118.94426470342708,121.53365325927734,2495400,0.0,0.0
2023-04-14 00:00:00-04:00,121.524352452951,122.7445302986901,120.56497532786273,121.81309509277344,2402600,0.0,0.0
2023-04-17 00:00:00-04:00,121.2821950943192,121.70133813137079,118.86977400332263,120.43458557128906,2875200,0.0,0.0
2023-04-18 00:00:00-04:00,119.3634120029888,120.77919744864877,118.62758446819831,120.21102142333984,2960600,0.0,0.0
2023-04-19 00:00:00-04:00,119.16781793228913,119.59627015147885,116.15927920620909,117.72409057617188,3835500,0.0,0.0
2023-04-20 00:00:00-04:00,116.48529661930398,117.67753266911588,115.87986935790295,117.07210540771484,3061000,0.0,0.0
2023-04-21 00:00:00-04:00,117.01619301907212,117.41671040989249,114.24052030655653,115.0601806640625,3256300,0.0,0.0
2023-04-24 00:00:00-04:00,114.85527937583821,118.88839574799093,114.58516229829698,117.83587646484375,4208000,0.0,0.0
2023-04-25 00:00:00-04:00,116.59706548202688,117.12798329302011,114.11013505717901,114.70625305175781,2884900,0.0,0.0
2023-04-26 00:00:00-04:00,114.93909715898289,115.33029821044217,113.00171037134723,114.12874603271484,3425100,0.0,0.0
2023-04-27 00:00:00-04:00,114.12874900758074,114.63172484669008,112.3124532882578,113.10417175292969,4610800,0.0,0.0
2023-04-28 00:00:00-04:00,112.22862455600512,114.72487116063712,111.5393645020782,113.63509368896484,5342200,0.0,0.0
2023-05-01 00:00:00-04:00,113.11349965241206,114.51065253505041,112.53600723599155,114.06356048583984,4173200,0.0,0.0
2023-05-02 00:00:00-04:00,113.63508391746869,114.03560130077351,106.70520439471976,108.94996643066406,5342400,0.0,0.0
2023-05-03 00:00:00-04:00,107.45967265193048,108.76367613853323,102.36472139433565,102.52306365966797,6634900,0.0,0.0
2023-05-04 00:00:00-04:00,102.02941558392028,102.90496697101675,97.27909734907992,97.85658264160156,7334100,0.0,0.0
2023-05-05 00:00:00-04:00,100.52980408534567,101.02346361742697,99.36551005447967,99.57042694091797,4351100,0.0,0.0
2023-05-08 00:00:00-04:00,101.07934979726537,102.26227653953505,100.32488952180736,101.2563247680664,4440900,0.0,0.0
2023-05-09 00:00:00-04:00,100.48322335378444,104.21828036678629,100.30625550415994,103.33341979980469,5638000,0.0,0.0
2023-05-10 00:00:00-04:00,103.88296157019727,105.22423046573108,101.79654881536732,104.0599365234375,5078400,0.0,0.0
2023-05-11 00:00:00-04:00,102.07598380250494,104.01337079320521,101.51712408380325,102.55101776123047,3579400,0.0,0.0
2023-05-12 00:00:00-04:00,103.5476521452143,104.09720262263623,101.60095593809747,102.34609985351562,3260400,0.0,0.0
2023-05-15 00:00:00-04:00,102.83976795146961,104.26486272739633,102.01078405256798,103.044677734375,3937600,0.0,0.0
2023-05-16 00:00:00-04:00,103.04467940681114,103.94495971590297,99.85618932849118,100.10939025878906,4514600,0.75,0.0
2023-05-17 00:00:00-04:00,101.58172471836852,104.34821085906857,100.44699618942953,103.7480239868164,3730500,0.0,0.0
2023-05-18 00:00:00-04:00,103.11032313279358,104.37634923036833,101.90994940467961,104.07625579833984,3359300,0.0,0.0
2023-05-19 00:00:00-04:00,104.85460322352249,105.16407654266948,103.02591025545526,103.44791412353516,2325300,0.0,0.0
2023-05-22 00:00:00-04:00,103.65424612955049,104.82648723235422,103.48544312455508,103.7480239868164,3000100,0.0,0.0
2023-05-23 00:00:00-04:00,103.98246407586623,104.57327812454399,102.6132874334372,103.08218383789062,3982000,0.0,0.0
2023-05-24 00:00:00-04:00,104.14189634041318,104.47012239903141,102.38822117752221,103.66361999511719,3699100,0.0,0.0
2023-05-25 00:00:00-04:00,102.23817297373908,102.9602774722021,100.74708578215632,102.70706939697266,3897500,0.0,0.0
2023-05-26 00:00:00-04:00,103.32601564707093,103.43855336386784,100.99091347316998,102.0412368774414,3479200,0.0,0.0
2023-05-30 00:00:00-04:00,99.91245282591336,101.48794512735873,99.55609411247387,101.0846939086914,4101900,0.0,0.0
2023-05-31 00:00:00-04:00,99.0402868619305,99.9218142827216,97.83053342960774,98.38383483886719,12831900,0.0,0.0
2023-06-01 00:00:00-04:00,98.89025546734321,100.59703820779215,98.2994485338465,99.28413391113281,4180000,0.0,0.0
2023-06-02 00:00:00-04:00,101.22534967180526,103.044662704654,100.11875396305405,102.135009765625,3627600,0.0,0.0
2023-06-05 00:00:00-04:00,103.01654696336611,103.01654696336611,100.90651297258569,101.9287109375,2744700,0.0,0.0
2023-06-06 00:00:00-04:00,100.39072517028605,102.60391681831393,100.29694016358657,102.24755096435547,2949600,0.0,0.0
2023-06-07 00:00:00-04:00,102.34133574586296,107.05844000346072,102.1631599616108,107.02092742919922,4090900,0.0,0.0
2023-06-08 00:00:00-04:00,106.90836943152766,107.46166369867204,103.61671500095241,105.43603515625,3811300,0.0,0.0
2023-06-09 00:00:00-04:00,105.72675714995705,106.47699424393525,104.30131525714789,105.97996520996094,2699000,0.0,0.0
2023-06-12 00:00:00-04:00,104.17941033191907,106.74896804183042,104.14190491195416,105.37979125976562,3063500,0.0,0.0
2023-06-13 00:00:00-04:00,106.67393476698133,108.40885007728822,105.33289072943334,105.50169372558594,3174900,0.0,0.0
2023-06-14 00:00:00-04:00,106.40196533153478,107.00215212352371,103.7573900434614,104.69518280029297,3152400,0.0,0.0
2023-06-15 00:00:00-04:00,104.85461682855076,107.36790196615523,104.85461682855076,106.74896240234375,3240400,0.0,0.0
2023-06-16 00:00:00-04:00,106.96465874453128,107.37728992109783,105.58610199990414,106.24256134033203,10770500,0.0,0.0
2023-06-20 00:00:00-04:00,105.88620290727101,106.09251134135194,103.80430146288514,104.03874969482422,3816300,0.0,0.0
2023-06-21 00:00:00-04:00,103.57920946985541,106.10187433224928,103.10094030451728,105.03279113769531,2943500,0.0,0.0
2023-06-22 00:00:00-04:00,103.43856049548157,104.92964778318833,102.10688913000948,104.48888397216797,2911800,0.0,0.0
2023-06-23 00:00:00-04:00,102.8852424934164,105.060921403074,102.8852424934164,104.69518280029297,3536100,0.0,0.0
2023-06-26 00:00:00-04:00,104.57328805724198,106.617676861033,104.3482126102762,106.00811004638672,2351900,0.0,0.0
2023-06-27 00:00:00-04:00,106.10189103010872,107.54609299410926,105.42667897890928,106.88964080810547,2341800,0.0,0.0
2023-06-28 00:00:00-04:00,106.80520551639071,108.17438194194628,105.86741285602744,107.93993377685547,2514800,0.0,0.0
2023-06-29 00:00:00-04:00,108.08062297674142,109.72176041890452,107.93995262216916,109.10281372070312,2324800,0.0,0.0
2023-06-30 00:00:00-04:00,109.52482446612048,110.16252387084225,108.31507086798105,109.34664154052734,2654500,0.0,0.0
2023-07-03 00:00:00-04:00,109.87181359544091,111.23161036423146,109.57171301523661,110.2281723022461,1537200,0.0,0.0
2023-07-05 00:00:00-04:00,110.37822066234092,110.56578353384697,108.46512945652314,108.98091125488281,2777100,0.0,0.0
2023-07-06 00:00:00-04:00,108.2400471516344,108.69019085993169,105.80178721490219,106.28943634033203,3083300,0.0,0.0
2023-07-07 00:00:00-04:00,106.30818105870317,111.69110915408693,106.15813079238353,110.67829132080078,4147600,0.0,0.0
2023-07-10 00:00:00-04:00,110.26570046068267,111.54109948766043,109.86244919252363,110.509521484375,2582600,0.0,0.0
2023-07-11 00:00:00-04:00,111.13782829726965,112.79771842854929,110.61265945661198,112.54451751708984,2651300,0.0,0.0
2023-07-12 00:00:00-04:00,113.47292496653236,114.81396891141938,111.99121067543936,112.49761962890625,2395500,0.0,0.0
2023-07-13 00:00:00-04:00,112.47888101918576,113.60422962029703,111.41917047910087,112.46012115478516,2374400,0.0,0.0
2023-07-14 00:00:00-04:00,112.10375544323465,112.10375544323465,110.22816978848041,111.04405212402344,2007400,0.0,0.0
2023-07-17 00:00:00-04:00,110.69707332684536,111.94433958468332,109.98434872882483,110.7814712524414,2116300,0.0,0.0
2023-07-18 00:00:00-04:00,110.5939134175212,114.0262316003676,110.31257269467513,112.00060272216797,2314100,0.0,0.0
2023-07-19 00:00:00-04:00,112.0287255505013,114.6076557164561,112.0287255505013,114.51387786865234,2883200,0.0,0.0
2023-07-20 00:00:00-04:00,115.34852609308193,116.56765971858414,114.48575834677156,116.52076721191406,3143100,0.0,0.0
2023-07-21 00:00:00-04:00,117.22410555172159,118.31194868554154,116.24880013495628,117.99309539794922,2587400,0.0,0.0
2023-07-24 00:00:00-04:00,118.63080076732493,121.84742351636831,118.36821990248806,120.40322875976562,3079600,0.0,0.0
2023-07-25 00:00:00-04:00,119.84994048489872,122.01623988479466,119.23099371076141,120.60955047607422,2994700,0.0,0.0
2023-07-26 00:00:00-04:00,119.79367040247094,122.93527537952461,119.76553775850927,122.24131774902344,2863700,0.0,0.0
2023-07-27 00:00:00-04:00,122.55075907479151,123.17909285778207,120.10313354728144,121.51919555664062,3027200,0.0,0.0
2023-07-28 00:00:00-04:00,121.99746205922763,123.7323844650733,121.61296357648177,123.62922668457031,2556500,0.0,0.0
2023-07-31 00:00:00-04:00,123.81677352335025,125.57044135683721,123.70424297433806,124.74519348144531,4066100,0.0,0.0
2023-08-01 00:00:00-04:00,123.59172759419255,126.60204928450821,123.04782027118273,126.54578399658203,3491300,0.0,0.0
2023-08-02 00:00:00-04:00,126.71453274056255,128.8714586030346,125.33597646065813,127.41787719726562,4477300,0.0,0.0
2023-08-03 00:00:00-04:00,127.02403504579004,128.84335541240674,125.33600510204347,127.74613952636719,3716500,0.0,0.0
2023-08-04 00:00:00-04:00,128.7401955503754,131.1503299357766,128.28067192295958,129.36851501464844,3483600,0.0,0.0
2023-08-07 00:00:00-04:00,130.48451309949158,132.88526080995797,130.14690705835818,131.291015625,4106300,0.0,0.0
2023-08-08 00:00:00-04:00,129.9405869722308,133.74802400431074,129.0121811233705,132.9602813720703,4232200,0.0,0.0
2023-08-09 00:00:00-04:00,134.10438017804427,137.44292049993635,133.4666878961474,135.0890655517578,4779300,0.0,0.0
2023-08-10 00:00:00-04:00,135.98931515603726,138.34318400640961,135.29535771167593,136.24252319335938,4137200,0.0,0.0
2023-08-11 00:00:00-04:00,136.6551598850824,140.44383627697297,136.64578710908603,140.43446350097656,4396000,0.0,0.0
2023-08-14 00:00:00-04:00,139.73113465959,140.3875867927184,138.35257802522872,139.29974365234375,3440300,0.0,0.0
2023-08-15 00:00:00-04:00,136.34013716747745,137.9142116190241,133.5784667895195,134.4267578125,5569500,0.75,0.0
2023-08-16 00:00:00-04:00,134.4079140576981,136.8208447527614,132.99408613022806,133.27684020996094,3623300,0.0,0.0
2023-08-17 00:00:00-04:00,135.11484032261998,136.85855296259737,134.0968823963,134.3042449951172,3351400,0.0,0.0
2023-08-18 00:00:00-04:00,133.3711016335409,136.40612007924068,133.01292728833363,136.31185913085938,3154500,0.0,0.0
2023-08-21 00:00:00-04:00,136.7642811211899,137.10360036727454,133.16372609983625,134.64353942871094,3495100,0.0,0.0
2023-08-22 00:00:00-04:00,135.0205614188422,136.00080907933418,134.34192289150127,134.73779296875,2330000,0.0,0.0
2023-08-23 00:00:00-04:00,133.7009867412277,135.1902060197637,131.65563655408656,135.0205535888672,3645600,0.0,0.0
2023-08-24 00:00:00-04:00,134.64354991464063,136.43439284154556,133.88007076484104,135.3504638671875,2888200,0.0,0.0
2023-08-25 00:00:00-04:00,135.97253154476513,137.31095351324285,134.1157031562642,135.7086181640625,4481100,0.0,0.0
2023-08-28 00:00:00-04:00,135.93484100636704,136.92452341302902,134.04031679753496,134.81320190429688,2520300,0.0,0.0
2023-08-29 00:00:00-04:00,134.67181878994222,135.2185006125926,133.52190433233287,135.03941345214844,2673600,0.0,0.0
2023-08-30 00:00:00-04:00,135.5766535302874,135.69918987207728,134.64353641111745,134.9168701171875,2539300,0.0,0.0
2023-08-31 00:00:00-04:00,135.3033351214124,135.49184263472478,131.78762037954166,134.56814575195312,5114500,0.0,0.0
2023-09-01 00:00:00-04:00,136.76431004632335,138.47032697860385,136.3872805919334,137.5749053955078,3027600,0.0,0.0
2023-09-05 00:00:00-04:00,138.20637996954179,139.77100508291932,137.8105099252752,138.573974609375,3080900,0.0,0.0
2023-09-06 00:00:00-04:00,138.22525794332373,140.06324602056694,137.63145990782076,139.39402770996094,2593800,0.0,0.0
2023-09-07 00:00:00-04:00,140.0915172105507,142.35363640054638,139.49770481074057,142.2216796875,3641400,0.0,0.0
2023-09-08 00:00:00-04:00,143.64488151619526,147.85808900596248,143.08877943321977,146.38771057128906,4432100,0.0,0.0
2023-09-11 00:00:00-04:00,146.98154634157865,148.91378062293654,144.19158637509008,145.21897888183594,3803000,0.0,0.0
2023-09-12 00:00:00-04:00,145.76563475542008,147.72614428766786,144.48376369134263,146.8778533935547,2841200,0.0,0.0
2023-09-13 00:00:00-04:00,146.99097420132094,147.51880099387535,145.1435804273806,146.5479736328125,3177200,0.0,0.0
2023-09-14 00:00:00-04:00,148.1220507877748,148.6593123665627,146.9344403672691,147.2172088623047,3526400,0.0,0.0
2023-09-15 00:00:00-04:00,145.36976224793486,146.8589958399365,144.2481232881096,144.97389221191406,11636400,0.0,0.0
2023-09-18 00:00:00-04:00,146.58568117508085,148.76297384699984,146.18981108765934,147.3585662841797,3003600,0.0,0.0
2023-09-19 00:00:00-04:00,148.59329107535783,148.59329107535783,141.64668865181895,143.4092559814453,4507700,0.0,0.0
2023-09-20 00:00:00-04:00,143.1830493447328,145.79390751119783,143.0039621991357,143.89938354492188,2538500,0.0,0.0
2023-09-21 00:00:00-04:00,146.79306081484143,150.33705133004443,144.446101042817,145.8787841796875,4152000,0.0,0.0
2023-09-22 00:00:00-04:00,146.77420541013075,148.62159936193282,144.38954988990892,144.64404296875,2809100,0.0,0.0
2023-09-25 00:00:00-04:00,143.88999839812055,145.8505083742698,143.49412826575428,145.34152221679688,2123700,0.0,0.0
2023-09-26 00:00:00-04:00,144.09735506754015,144.210456705789,141.68442423688322,142.34420776367188,3004800,0.0,0.0
2023-09-27 00:00:00-04:00,143.28675188570057,144.77598569692668,142.5421277889868,143.67318725585938,2709800,0.0,0.0
2023-09-28 00:00:00-04:00,143.1642129849276,147.2077544622323,143.13593757742345,145.55828857421875,2994700,0.0,0.0
2023-09-29 00:00:00-04:00,145.35094694673555,145.7468170518797,141.44878233065558,142.64581298828125,3331200,0.0,0.0
2023-10-02 00:00:00-04:00,142.38190487044776,142.890891011815,139.87471306259278,141.4016571044922,3986700,0.0,0.0
2023-10-03 00:00:00-04:00,139.84644524837603,140.83612779283052,135.95371500075302,138.8096466064453,3734100,0.0,0.0
2023-10-04 00:00:00-04:00,136.52865328797142,136.61347951023802,131.31634224752887,133.7386932373047,5777700,0.0,0.0
2023-10-05 00:00:00-04:00,132.3437402067287,135.46358527156897,131.89130485586966,134.10630798339844,4003700,0.0,0.0
2023-10-06 00:00:00-04:00,134.64357556051297,137.179028672199,133.5596319974925,134.95460510253906,3372000,0.0,0.0
2023-10-09 00:00:00-04:00,137.15070904759244,138.6211019560145,135.60492465051217,138.1498260498047,3354000,0.0,0.0
2023-10-10 00:00:00-04:00,137.2544038913825,140.84552435057202,137.2544038913825,140.35540771484375,2946300,0.0,0.0
2023-10-11 00:00:00-04:00,139.17724338220742,140.77015869624432,138.05560410748538,139.9878387451172,2825100,0.0,0.0
2023-10-12 00:00:00-04:00,140.7701371817272,141.0623259802934,137.8576407734161,139.11123657226562,2773900,0.0,0.0
2023-10-13 00:00:00-04:00,140.84553793159208,141.76924924333483,139.59195643260225,139.6862030029297,2568800,0.0,0.0
2023-10-16 00:00:00-04:00,140.83609547773392,142.994547264842,140.468500832105,142.08969116210938,2406900,0.0,0.0
2023-10-17 00:00:00-04:00,141.86349312018623,143.73917673517562,141.8257973692114,142.64581298828125,1991400,0.0,0.0
2023-10-18 00:00:00-04:00,142.7212197025522,145.46404942793467,142.65524854241204,145.14358520507812,2215700,0.0,0.0
2023-10-19 00:00:00-04:00,145.08697874885033,145.4640080645909,143.39981750527937,144.05960083007812,1906500,0.0,0.0
2023-10-20 00:00:00-04:00,143.90882698865408,144.93621956009142,142.14625941792843,142.19338989257812,2478900,0.0,0.0
2023-10-23 00:00:00-04:00,142.10857069934985,142.30649856759015,139.39401630586437,140.86439514160156,2422700,0.0,0.0
2023-10-24 00:00:00-04:00,141.10003010915312,142.69294527433786,139.82759355122948,140.0915069580078,1759100,0.0,0.0
2023-10-25 00:00:00-04:00,140.5722020026032,141.65613102888682,138.6965183810652,138.88504028320312,2479500,0.0,0.0
2023-10-26 00:00:00-04:00,138.13099667130933,139.89356428597097,135.83116752021175,139.5542449951172,2929200,0.0,0.0
2023-10-27 00:00:00-04:00,139.24322100793177,139.75220720803568,136.25533250594282,137.61260986328125,3524200,0.0,0.0
2023-10-30 00:00:00-04:00,138.4420423228706,139.99724736954676,136.20818430360944,138.42318725585938,2949000,0.0,0.0
2023-10-31 00:00:00-04:00,139.87469546741937,143.2490329774389,136.16105308210678,142.56097412109375,4139700,0.0,0.0
2023-11-01 00:00:00-04:00,143.67319500597077,148.58389727291896,142.56099054517455,146.2935028076172,4023200,0.0,0.0
2023-11-02 00:00:00-04:00,146.3029131371348,150.47841132387572,145.08701308166764,146.82131958007812,3828200,0.0,0.0
2023-11-03 00:00:00-04:00,146.51969680937725,146.55740694116767,141.2885306440577,142.11798095703125,3275900,0.0,0.0
2023-11-06 00:00:00-05:00,143.26789811094113,143.87113079085702,140.19518389483852,141.30738830566406,2427500,0.0,0.0
2023-11-07 00:00:00-05:00,139.78045782553485,140.0443712224014,136.4249751663447,137.76339721679688,2843300,0.0,0.0
2023-11-08 00:00:00-05:00,136.88683668270914,137.7822582962102,134.86977577539167,135.2562255859375,2949700,0.0,0.0
2023-11-09 00:00:00-05:00,135.72748104622778,136.67003299793768,133.29569528495202,133.65386962890625,2297300,0.0,0.0
2023-11-10 00:00:00-05:00,135.16194675804323,137.06590576464177,134.35135148847766,136.79257202148438,2377500,0.0,0.0
2023-11-13 00:00:00-05:00,136.73601774888363,138.88503503580372,136.17990117011115,138.32891845703125,2400900,0.0,0.0
2023-11-14 00:00:00-05:00,138.8379319203871,142.41963289843687,138.8379319203871,142.0143280029297,2986400,0.0,0.0
2023-11-15 00:00:00-05:00,141.90531787288938,144.8243631634551,141.49779600632374,142.47396850585938,3226600,0.825,0.0
2023-11-16 00:00:00-05:00,141.09974968073612,142.6256139718157,136.36104249867364,137.5172882080078,3494100,0.0,0.0
2023-11-17 00:00:00-05:00,138.60717672257704,142.41710111654973,138.27546145526784,140.1709442138672,3451500,0.0,0.0
2023-11-20 00:00:00-05:00,141.12817370449145,142.75829005045654,140.77749955682455,141.20399475097656,2387100,0.0,0.0
2023-11-21 00:00:00-05:00,140.18042073136482,140.46474601684162,138.46501127288062,139.91505432128906,1926800,0.0,0.0
2023-11-22 00:00:00-05:00,137.4225231210885,141.57363568852836,136.5316437608262,141.4125213623047,2422200,0.0,0.0
2023-11-24 00:00:00-05:00,141.96220135922235,143.59231799301602,141.5546794314682,141.68736267089844,1264300,0.0,0.0
2023-11-27 00:00:00-05:00,141.26085256001457,142.82462001901465,140.60690870797927,142.68246459960938,2178700,0.0,0.0
2023-11-28 00:00:00-05:00,143.10896233829058,144.5969233914857,142.00010655090338,142.15174865722656,2465000,0.0,0.0
2023-11-29 00:00:00-05:00,143.40274736305977,144.30309879100622,139.46962638032144,139.71603393554688,2935900,0.0,0.0
2023-11-30 00:00:00-05:00,140.66377451365744,143.7060307200803,139.5643910372055,141.39353942871094,5973500,0.0,0.0
2023-12-01 00:00:00-05:00,141.00495202625788,145.73418640552492,140.68272344911904,143.50698852539062,3124600,0.0,0.0
2023-12-04 00:00:00-05:00,142.16118639378442,144.03771000499492,140.7111434494785,143.47854614257812,3075100,0.0,0.0
2023-12-05 00:00:00-05:00,143.52593091289293,145.02336375752023,140.85329376376006,141.1376190185547,2761200,0.0,0.0
2023-12-06 00:00:00-05:00,140.03827424012528,140.03827424012528,135.61232331567942,135.69761657714844,4039700,0.0,0.0
2023-12-07 00:00:00-05:00,136.10512703790442,137.4224868506379,133.61256282117742,134.18121337890625,3606600,0.0,0.0
2023-12-08 00:00:00-05:00,135.15739729917084,136.6169126453674,134.64562332258873,135.5459747314453,3092100,0.0,0.0
2023-12-11 00:00:00-05:00,135.05313924776772,137.17608502870843,134.83516279150297,136.3325958251953,3017800,0.0,0.0
2023-12-12 00:00:00-05:00,135.08157103907774,136.4463208724547,134.05800866404502,135.87767028808594,2930200,0.0,0.0
2023-12-13 00:00:00-05:00,135.72605309864252,139.12844127500793,135.11949917733673,138.99575805664062,3457500,0.0,0.0
2023-12-14 00:00:00-05:00,141.27033120433478,143.00469970703125,139.62127041855396,143.00469970703125,3559800,0.0,0.0
2023-12-15 00:00:00-05:00,138.09541700109472,141.68735083654934,136.95811565938382,140.62588500976562,12266800,0.0,0.0
2023-12-18 00:00:00-05:00,143.04260038468348,145.07078083276306,142.53082639947806,143.87661743164062,3307400,0.0,0.0
2023-12-19 00:00:00-05:00,143.93345957681876,145.8005110035839,143.08049823301243,145.7341766357422,2583900,0.0,0.0
2023-12-20 00:00:00-05:00,146.26490215843657,148.11299461913725,145.40245418964855,145.6014862060547,3166100,0.0,0.0
2023-12-21 00:00:00-05:00,145.620429212867,147.00413772424022,143.47853931259218,144.6821746826172,2064800,0.0,0.0
2023-12-22 00:00:00-05:00,145.81001267108547,146.1227545909718,142.90043978134847,142.98573303222656,2121400,0.0,0.0
2023-12-26 00:00:00-05:00,143.88606931206408,145.137080118645,142.79615830532956,144.13247680664062,1525400,0.0,0.0
2023-12-27 00:00:00-05:00,143.56386291144202,143.98087144035938,141.7347289548745,142.0474853515625,1712700,0.0,0.0
2023-12-28 00:00:00-05:00,141.22294887271784,141.68734739133723,139.19478273935084,139.2042694091797,2372400,0.0,0.0
2023-12-29 00:00:00-05:00,140.1804375861596,141.89584725089853,139.88664005834949,140.60691833496094,2507000,0.0,0.0
2024-01-02 00:00:00-05:00,141.24186263766663,144.4452323570735,141.24186263766663,144.39784240722656,3187400,0.0,0.0
2024-01-03 00:00:00-05:00,144.53054531446742,151.6291327133878,144.4168209884203,149.6388702392578,4674200,0.0,0.0
2024-01-04 00:00:00-05:00,151.47748278472514,153.82787698994812,145.32663698543215,145.3834991455078,4495800,0.0,0.0
2024-01-05 00:00:00-05:00,146.66295053450787,147.82866816000526,143.63965379609803,144.53053283691406,3373700,0.0,0.0
2024-01-08 00:00:00-05:00,142.1611996498271,148.16987621762738,140.70168436309828,148.09405517578125,3108000,0.0,0.0
2024-01-09 00:00:00-05:00,147.8286826428065,147.97085251340434,145.84790681371658,146.24595642089844,2767900,0.0,0.0
2024-01-10 00:00:00-05:00,146.62502300950413,147.7528227022219,143.99977627328508,144.8527374267578,2327400,0.0,0.0
2024-01-11 00:00:00-05:00,145.40246452448463,147.84763874681732,145.40246452448463,147.26951599121094,2534100,0.0,0.0
2024-01-12 00:00:00-05:00,149.4114124619762,150.6055757736572,148.32151573474127,149.23135375976562,2473600,0.0,0.0
2024-01-16 00:00:00-05:00,150.13169012438004,151.64806739948386,145.95214787363045,146.0658721923828,3268000,0.0,0.0
2024-01-17 00:00:00-05:00,144.4736949126665,146.67244734308272,143.51646688589705,144.0566864013672,2691000,0.0,0.0
2024-01-18 00:00:00-05:00,143.63019114934215,144.38838705122404,141.10919592167306,143.86712646484375,2722100,0.0,0.0
2024-01-19 00:00:00-05:00,144.35996011379757,145.08023828749813,143.80078176251206,144.98545837402344,2492700,0.0,0.0
2024-01-22 00:00:00-05:00,145.17497756065006,146.4449616498303,143.6870315248282,146.369140625,2661300,0.0,0.0
2024-01-23 00:00:00-05:00,145.72468928811216,146.81460040165123,144.49263723311364,145.92372131347656,2601500,0.0,0.0
2024-01-24 00:00:00-05:00,146.87146369161684,147.411668687957,145.95215351580785,146.9946746826172,1851000,0.0,0.0
2024-01-25 00:00:00-05:00,148.32151990807665,149.71470083664798,146.8051279774975,149.05128479003906,2912500,0.0,0.0
2024-01-26 00:00:00-05:00,148.97545890968772,152.4252367014146,148.1224830534162,152.13143920898438,3248400,0.0,0.0
2024-01-29 00:00:00-05:00,152.15987869903532,152.5294972520943,150.21700601290053,151.77130126953125,3124000,0.0,0.0
2024-01-30 00:00:00-05:00,153.77100719594398,161.28658784809403,150.28332657820235,161.01174926757812,5858700,0.0,0.0
2024-01-31 00:00:00-05:00,161.10655245093818,162.46181559924412,155.06943039912696,156.9459686279297,4260400,0.0,0.0
2024-02-01 00:00:00-05:00,157.74206614953488,160.38625804476663,154.95570438079264,158.7751007080078,3203700,0.0,0.0
2024-02-02 00:00:00-05:00,159.05944477626971,159.62808095330507,155.70443204007645,157.63783264160156,2301100,0.0,0.0
2024-02-05 00:00:00-05:00,156.86067560324454,162.60400069688248,155.7802509740228,162.17750549316406,3430100,0.0,0.0
2024-02-06 00:00:00-05:00,162.44286919693752,164.27201760784007,157.74207997962992,157.93162536621094,2783000,0.0,0.0
2024-02-07 00:00:00-05:00,158.5950295328441,161.04020388174698,158.37705307772436,160.72744750976562,1952400,0.0,0.0
2024-02-08 00:00:00-05:00,160.7274508904865,162.43338820018315,159.8365717142346,160.812744140625,1789400,0.0,0.0
2024-02-09 00:00:00-05:00,160.93592813026814,161.76994499977388,159.91236591625184,161.0875701904297,2185900,0.0,0.0
2024-02-12 00:00:00-05:00,161.64673668806472,162.72716107714078,159.87446527247602,160.0640106201172,2772200,0.0,0.0
2024-02-13 00:00:00-05:00,159.69443153018307,161.96900518582095,158.1211772799838,161.0023193359375,2366900,0.0,0.0
2024-02-14 00:00:00-05:00,162.23437163026583,162.70824234697258,158.39603039405023,161.0023193359375,2509900,0.0,0.0
2024-02-15 00:00:00-05:00,160.27253124389216,163.48537366085887,159.99769263089178,162.35755920410156,2095000,0.0,0.0
2024-02-16 00:00:00-05:00,162.49975547120889,163.1821160111159,161.03075333060707,161.12551879882812,1964300,0.0,0.0
2024-02-20 00:00:00-05:00,160.625535225689,160.76838385239515,155.825617921691,156.4636993408203,2896200,0.825,0.0
2024-02-21 00:00:00-05:00,156.77794530555886,158.4445800548153,156.09224298902694,158.13983154296875,2544000,0.0,0.0
2024-02-22 00:00:00-05:00,157.2541464535539,159.97790473926779,155.86370485418945,159.7588653564453,2561300,0.0,0.0
2024-02-23 00:00:00-05:00,159.07318202041455,162.34931288619714,158.28271902985261,161.46360778808594,1929200,0.0,0.0
2024-02-26 00:00:00-05:00,161.5492963730502,166.93965844176384,160.97787291580602,164.22543334960938,2736000,0.0,0.0
2024-02-27 00:00:00-05:00,164.68255177115904,165.8634867178793,162.7683080287531,162.9778289794922,2046200,0.0,0.0
2024-02-28 00:00:00-05:00,162.60640524543228,163.3968679943651,158.44457055373059,159.1969451904297,2605000,0.0,0.0
2024-02-29 00:00:00-05:00,159.39693976525763,161.90165830572525,158.56838887001916,161.1683349609375,4548200,0.0,0.0
2024-03-01 00:00:00-05:00,162.2350125004291,166.02541246212084,162.2350125004291,164.95877075195312,2762900,0.0,0.0
2024-03-04 00:00:00-05:00,164.48258679446315,167.58728431386322,163.17783986715156,165.47303771972656,3154600,0.0,0.0
2024-03-05 00:00:00-05:00,164.9968286204607,169.5110327994831,164.7015985249452,166.8253631591797,2777800,0.0,0.0
2024-03-06 00:00:00-05:00,167.61585966442857,168.91107370674803,165.2349525669225,166.8349151611328,2483800,0.0,0.0
2024-03-07 00:00:00-05:00,168.09205934225471,171.64436904865613,167.28254502841094,170.44439697265625,2726800,0.0,0.0
2024-03-08 00:00:00-05:00,169.61581153842278,172.5490760194955,169.61581153842278,170.99673461914062,2513000,0.0,0.0
2024-03-11 00:00:00-04:00,169.91106924604694,172.9776789604855,168.7110826861942,172.76815795898438,2467300,0.0,0.0
2024-03-12 00:00:00-04:00,172.71099362737144,174.23476533559895,170.13960253066412,172.56813049316406,2744100,0.0,0.0
2024-03-13 00:00:00-04:00,174.54907390957527,180.7775355119319,174.5014528574413,179.89183044433594,3510300,0.0,0.0
2024-03-14 00:00:00-04:00,181.61558903622273,183.11080565679018,178.81563998688506,179.97752380371094,3005100,0.0,0.0
2024-03-15 00:00:00-04:00,180.21560969115114,185.82502603661442,180.21560969115114,184.6060028076172,9044700,0.0,0.0
2024-03-18 00:00:00-04:00,185.48216095509156,185.76787268184563,183.0060265643278,184.2631378173828,2073500,0.0,0.0
2024-03-19 00:00:00-04:00,184.32983842553674,187.3773967367291,183.8060359348855,187.2059783935547,2509700,0.0,0.0
2024-03-20 00:00:00-04:00,186.20597747087658,188.920202713455,185.30123572335043,188.32974243164062,1957300,0.0,0.0
2024-03-21 00:00:00-04:00,188.6535281953747,190.36778400210065,186.97737503541035,189.72018432617188,1681500,0.0,0.0
2024-03-22 00:00:00-04:00,190.47257576243825,191.06303609709244,188.8535617748384,190.6344757080078,2281300,0.0,0.0
2024-03-25 00:00:00-04:00,191.42491638133274,193.34869324175946,190.01542355352728,190.31065368652344,2042000,0.0,0.0
2024-03-26 00:00:00-04:00,190.46305412732988,191.32017489092837,187.71072603562743,187.97738647460938,1673300,0.0,0.0
2024-03-27 00:00:00-04:00,187.29167555700928,188.66308034209484,186.04408258865885,187.60595703125,1674800,0.0,0.0
2024-03-28 00:00:00-04:00,188.32974722131016,192.4249102442604,186.6154912428771,191.90110778808594,6064100,0.0,0.0
2024-04-01 00:00:00-04:00,191.701103504625,195.70103892951357,189.9582923515475,194.6724853515625,2201100,0.0,0.0
2024-04-02 00:00:00-04:00,195.68200246263174,201.4628375978772,194.75820930484372,201.3104705810547,3517300,0.0,0.0
2024-04-03 00:00:00-04:00,201.6628337797892,208.17699219557386,201.6628337797892,204.7199249267578,3902500,0.0,0.0
2024-04-04 00:00:00-04:00,206.64369189696052,208.42462034928963,205.13895681537687,205.94847106933594,3189700,0.0,0.0
2024-04-05 00:00:00-04:00,209.11031088584738,210.57694323126532,207.26272469415616,208.69126892089844,2690000,0.0,0.0
2024-04-08 00:00:00-04:00,208.15796002820056,209.2722228452536,206.28180400672804,206.64369201660156,2478400,0.0,0.0
2024-04-09 00:00:00-04:00,206.64368166388314,207.61509581414836,200.07238398527926,202.01519775390625,3052300,0.0,0.0
2024-04-10 00:00:00-04:00,201.73903827360922,204.98659930536567,200.5390662307357,201.15809631347656,2663900,0.0,0.0
2024-04-11 00:00:00-04:00,202.02473557846645,203.65326791053536,199.0914562630591,202.15806579589844,2208700,0.0,0.0
2024-04-12 00:00:00-04:00,203.67232205940454,203.80565227868453,197.75814229784046,198.82479858398438,2086700,0.0,0.0
2024-04-15 00:00:00-04:00,200.5200280175624,200.75811876217315,196.35819192007037,197.15818786621094,2587000,0.0,0.0
2024-04-16 00:00:00-04:00,197.47241753524725,197.7866844475276,192.05347128585575,194.14866638183594,1599800,0.0,0.0
2024-04-17 00:00:00-04:00,195.215327766759,195.81532099661726,191.82491843543335,192.8153839111328,1816800,0.0,0.0
2024-04-18 00:00:00-04:00,193.38677199496925,193.38677199496925,184.51075898294263,185.7297821044922,2713600,0.0,0.0
2024-04-19 00:00:00-04:00,186.96788496716476,189.12021981443633,185.7393287312469,187.0250244140625,1748700,0.0,0.0
2024-04-22 00:00:00-04:00,186.90121298329376,189.87258048344304,185.04410829570045,188.80593872070312,1437200,0.0,0.0
2024-04-23 00:00:00-04:00,187.4249960164237,190.27255139791168,185.5202704766875,190.13922119140625,1703100,0.0,0.0
2024-04-24 00:00:00-04:00,189.34878538565195,189.95829701734542,185.73932211160658,189.65353393554688,1473300,0.0,0.0
2024-04-25 00:00:00-04:00,188.71070626127624,190.84400442763885,187.10122513774516,190.00592041015625,1295200,0.0,0.0
2024-04-26 00:00:00-04:00,188.12974057033736,189.37734804150432,186.53929644279535,188.9392547607422,1954100,0.0,0.0
2024-04-29 00:00:00-04:00,188.5678417225728,191.7677814361108,188.2630786394246,190.95826721191406,2013800,0.0,0.0
2024-04-30 00:00:00-04:00,185.22504681613538,187.59642089556098,172.75860667865504,173.06336975097656,5782100,0.0,0.0
2024-05-01 00:00:00-04:00,172.4729346902824,175.2919208620646,168.44442898075118,170.44439697265625,3856500,0.0,0.0
2024-05-02 00:00:00-04:00,171.03483213235427,175.05380431955405,170.52056261328508,174.23477172851562,2682700,0.0,0.0
2024-05-03 00:00:00-04:00,175.00615621644812,175.7680492466765,171.5395567342148,173.8538055419922,1868600,0.0,0.0
2024-05-06 00:00:00-04:00,175.28239619795673,175.96809865455927,173.72052160945196,174.07289123535156,1906300,0.0,0.0
2024-05-07 00:00:00-04:00,174.24429605362656,175.46331921750786,171.73957735769895,172.3014678955078,1706600,0.0,0.0
2024-05-08 00:00:00-04:00,171.59673249634895,174.04431201268943,170.87294195694713,172.31100463867188,1844600,0.0,0.0
2024-05-09 00:00:00-04:00,172.7395779713086,175.06334564487216,171.93958213496927,174.21572875976562,1295900,0.0,0.0
2024-05-10 00:00:00-04:00,174.9490529879002,175.92046716577266,170.1110479564128,171.0062713623047,1584300,0.0,0.0
2024-05-13 00:00:00-04:00,171.49198104703993,171.66339938040016,168.8539319501807,169.3872528076172,1681000,0.0,0.0
2024-05-14 00:00:00-04:00,166.9777829037046,167.2253920171776,161.082654442858,166.19683837890625,4660900,0.0,0.0
2024-05-15 00:00:00-04:00,165.73274192085842,166.16333793357362,162.77596608582732,165.20645141601562,2546600,0.825,0.0
2024-05-16 00:00:00-04:00,164.77585627394365,168.10581728438004,164.58448188960676,167.2350616455078,2788100,0.0,0.0
2024-05-17 00:00:00-04:00,168.4694516723215,173.2443210403359,168.25893545323112,171.92381286621094,3142700,0.0,0.0
2024-05-20 00:00:00-04:00,171.97166847760113,172.65104981693622,167.64653676726678,168.4886016845703,2454700,0.0,0.0
2024-05-21 00:00:00-04:00,168.03881430177302,171.21566942521187,168.03881430177302,168.9669952392578,2345200,0.0,0.0
2024-05-22 00:00:00-04:00,168.04841946203985,170.2301197347255,166.57482052733945,168.43118286132812,2250000,0.0,0.0
2024-05-23 00:00:00-04:00,170.2109731491044,170.25880579275872,168.07710576830368,168.9478759765625,2740700,0.0,0.0
2024-05-24 00:00:00-04:00,169.75168177909427,171.20615354030645,168.6129989578158,170.1344451904297,1806000,0.0,0.0
2024-05-28 00:00:00-04:00,170.26838830276435,172.8519789653022,170.26838830276435,171.435791015625,2381000,0.0,0.0
2024-05-29 00:00:00-04:00,171.0913153290599,171.27312610680647,164.90025828131317,165.024658203125,2624400,0.0,0.0
2024-05-30 00:00:00-04:00,164.58447630842502,167.76134646421966,163.62758981825976,164.5940399169922,2569900,0.0,0.0
2024-05-31 00:00:00-04:00,164.98637071595633,169.87606137835928,164.74714908785623,168.9957275390625,3935600,0.0,0.0
2024-06-03 00:00:00-04:00,168.76606328576506,168.9287322347528,165.40739700763896,167.21591186523438,2513900,0.0,0.0
2024-06-04 00:00:00-04:00,165.71359283567523,168.35460885292113,164.02947789495653,167.70391845703125,2319000,0.0,0.0
2024-06-05 00:00:00-04:00,168.56510737269235,169.28277215414872,166.0197861102379,166.4216766357422,2148500,0.0,0.0
2024-06-06 00:00:00-04:00,165.9911279558245,169.21583128649362,165.6944954311665,168.1536865234375,2229100,0.0,0.0
2024-06-07 00:00:00-04:00,167.86661728828483,170.4884919544876,166.73749805452627,167.5508575439453,1908800,0.0,0.0
2024-06-10 00:00:00-04:00,167.45514174989975,168.51728637589343,165.4456742085291,166.82359313964844,2526000,0.0,0.0
2024-06-11 00:00:00-04:00,165.78060681103827,167.61782736817443,163.8859753928871,166.93844604492188,2097800,0.0,0.0
2024-06-12 00:00:00-04:00,168.31633044070972,168.7182356217507,160.8908964159687,161.48416137695312,3080300,0.0,0.0
2024-06-13 00:00:00-04:00,161.97219193522653,164.68018264939235,160.70909466886079,163.15872192382812,3284100,0.0,0.0
2024-06-14 00:00:00-04:00,162.1539848365471,163.7902524955326,161.44588360461398,162.73768615722656,2934000,0.0,0.0
2024-06-17 00:00:00-04:00,162.17313132241136,164.8045693822376,161.7520988966903,164.3261260986328,3006500,0.0,0.0
2024-06-18 00:00:00-04:00,165.78058781156753,167.93358245847102,163.72328765600932,165.01507568359375,2557800,0.0,0.0
2024-06-20 00:00:00-04:00,165.43610590659785,169.56986258269117,165.06292075675017,166.17291259765625,3176700,0.0,0.0
2024-06-21 00:00:00-04:00,167.38817503234586,167.92404382226897,164.92898392909578,165.22561645507812,7308200,0.0,0.0
2024-06-24 00:00:00-04:00,165.32129049823897,167.08195821583882,165.1107742927727,166.4886932373047,2327800,0.0,0.0
2024-06-25 00:00:00-04:00,166.2781705591294,167.924016500927,164.1634449777854,167.63694763183594,2146300,0.0,0.0
2024-06-26 00:00:00-04:00,168.306754768029,168.68950350233973,165.34997918283293,166.78530883789062,1704100,0.0,0.0
2024-06-27 00:00:00-04:00,168.13453105547015,169.63683524757963,164.71843928842827,165.4552459716797,1648700,0.0,0.0
2024-06-28 00:00:00-04:00,167.41685857695944,167.41685857695944,164.60361009695802,166.0006561279297,3656300,0.0,0.0
2024-07-01 00:00:00-04:00,167.45514876992542,168.0101447293888,164.29742018722075,167.2541961669922,1705200,0.0,0.0
2024-07-02 00:00:00-04:00,169.76124040459118,170.26838909028604,166.02937422950535,166.63221740722656,2531500,0.0,0.0
2024-07-03 00:00:00-04:00,166.20163168945754,167.45515076762632,164.29742214725073,167.44558715820312,1344600,0.0,0.0
2024-07-05 00:00:00-04:00,166.6226750773709,166.9958602824451,162.37409606518372,163.3788299560547,1587400,0.0,0.0
2024-07-08 00:00:00-04:00,162.03915949375585,164.37396493439888,159.55126330690157,160.24978637695312,1897400,0.0,0.0
2024-07-09 00:00:00-04:00,156.92937415268622,159.41728470523424,155.8002551763746,155.89593505859375,3709900,0.0,0.0
2024-07-10 00:00:00-04:00,155.0251819936095,156.7380170646268,154.2883898756854,155.18785095214844,2457500,0.0,0.0
2024-07-11 00:00:00-04:00,154.67113524519664,158.79531377655596,154.1926919891052,157.20687866210938,2212400,0.0,0.0
2024-07-12 00:00:00-04:00,158.2499091125905,158.52739979960734,155.12088587135037,158.3264617919922,2256500,0.0,0.0
2024-07-15 00:00:00-04:00,159.62781058772148,161.38847821757037,158.91014572329001,159.52255249023438,2198800,0.0,0.0
2024-07-16 00:00:00-04:00,158.3934104631328,160.74735751831977,156.7188592014001,160.44114685058594,2271600,0.0,0.0
2024-07-17 00:00:00-04:00,160.75695539412396,165.04380344970647,157.09207781368187,158.42214965820312,3218600,0.0,0.0
2024-07-18 00:00:00-04:00,159.8000303840212,160.99613839587764,156.95807657977605,157.4269561767578,3014600,0.0,0.0
2024-07-19 00:00:00-04:00,158.4986843811039,159.68522893565628,156.93895466356867,158.0393829345703,3037100,0.0,0.0
2024-07-22 00:00:00-04:00,157.98198469476193,160.46031750327546,157.04422530700205,158.7474822998047,2620900,0.0,0.0
2024-07-23 00:00:00-04:00,158.7474644781803,159.1397914473256,156.49878996418332,156.9006805419922,2018200,0.0,0.0
2024-07-24 00:00:00-04:00,156.97723689383588,160.49857228723687,156.66146258938477,160.3263397216797,2534900,0.0,0.0
2024-07-25 00:00:00-04:00,160.52727258993235,165.12990887975184,158.6804886694126,164.1060333251953,2366500,0.0,0.0
2024-07-26 00:00:00-04:00,164.67059730233188,165.63706202966034,162.6802715936997,165.20645141601562,1789300,0.0,0.0
2024-07-29 00:00:00-04:00,165.11077843684058,166.4599919873025,162.42192954608822,164.5462188720703,1744400,0.0,0.0
2024-07-30 00:00:00-04:00,164.79499331188165,171.73242039957532,164.54620807955405,170.60328674316406,2357800,0.0,0.0
2024-07-31 00:00:00-04:00,173.13902386179797,175.406839909164,169.31147834337972,169.38803100585938,1852900,0.0,0.0
2024-08-01 00:00:00-04:00,169.69422813932474,171.7228372056814,164.56531652782957,165.7135772705078,1363300,0.0,0.0
2024-08-02 00:00:00-04:00,163.79027740569285,164.1921680251783,157.00595492271736,157.54180908203125,2599700,0.0,0.0
2024-08-05 00:00:00-04:00,152.28849665993158,155.69502522318083,150.70963960916032,155.0634765625,2702300,0.0,0.0
2024-08-06 00:00:00-04:00,158.21160093124618,166.14419771772157,156.94851841936932,163.52232360839844,2467900,0.0,0.0
2024-08-07 00:00:00-04:00,165.43612397651236,165.8093091671215,161.3023814498364,162.0487518310547,1753400,0.0,0.0
2024-08-08 00:00:00-04:00,162.6706964824788,167.34030703027295,162.40276944458193,166.6417694091797,2373100,0.0,0.0
2024-08-09 00:00:00-04:00,166.2111861640915,168.80435506644173,165.8667064316931,168.24935913085938,2321900,0.0,0.0
2024-08-12 00:00:00-04:00,169.46460949078485,170.67028125646894,167.58910547656888,168.77565002441406,2970500,0.0,0.0
2024-08-13 00:00:00-04:00,166.95754066969707,168.30675404386895,165.66575274626018,168.17279052734375,2087300,0.0,0.0
2024-08-14 00:00:00-04:00,169.00529403138296,171.87595361756254,168.2685019169329,171.33053588867188,2968900,0.0,0.0
2024-08-15 00:00:00-04:00,172.73714981421205,174.15333770287646,171.28267829019168,172.9572296142578,2391300,0.0,0.0
2024-08-16 00:00:00-04:00,171.91422145970608,174.4978119297008,171.53145812282605,172.2682647705078,2452400,0.0,0.0
2024-08-19 00:00:00-04:00,172.66062530075524,172.66062530075524,170.3258195948787,171.18701171875,2076600,0.0,0.0
2024-08-20 00:00:00-04:00,170.67027215420396,170.73724661492747,164.15387759983435,164.21128845214844,2701000,0.0,0.0
2024-08-21 00:00:00-04:00,164.95648578687656,167.7737148559625,164.4180430809462,165.3507080078125,2088100,0.825,0.0
2024-08-22 00:00:00-04:00,165.38911165027218,166.50446530014227,164.45644700685,165.16796875,2178700,0.0,0.0
2024-08-23 00:00:00-04:00,166.43717706608945,168.77363637855444,166.0044863743354,168.56210327148438,1996000,0.0,0.0
2024-08-26 00:00:00-04:00,169.89862164266611,170.73514437184608,166.1679770445085,166.53334045410156,1903200,0.0,0.0
2024-08-27 00:00:00-04:00,166.1006544331098,166.24487489254267,163.25458177146155,163.35073852539062,1657100,0.0,0.0
2024-08-28 00:00:00-04:00,162.4950096672824,165.3314580851704,161.61042320955076,163.3892059326172,2143100,0.0,0.0
2024-08-29 00:00:00-04:00,162.8796145403687,164.9276333525394,160.84122020768666,164.38919067382812,2338700,0.0,0.0
2024-08-30 00:00:00-04:00,163.7834155659134,170.64858823420136,163.4180521759864,170.3024444580078,3460900,0.0,0.0
2024-09-03 00:00:00-04:00,167.81214919531365,168.8890344816143,166.1487428859825,167.12948608398438,3523700,0.0,0.0
2024-09-04 00:00:00-04:00,167.43715046084955,169.97553323660713,164.64878066595415,165.13914489746094,2471300,0.0,0.0
2024-09-05 00:00:00-04:00,166.01411846205508,166.206417294172,161.62001605730802,161.9757843017578,2879200,0.0,0.0
2024-09-06 00:00:00-04:00,162.44693741652728,163.55268153401528,158.45668106282224,159.61048889160156,2242400,0.0,0.0
2024-09-09 00:00:00-04:00,160.7835152602197,161.25465989072208,156.41825675145705,156.96632385253906,3642700,0.0,0.0
2024-09-10 00:00:00-04:00,157.65863472922686,158.5528310729501,154.0048975294531,157.24517822265625,2800400,0.0,0.0
2024-09-11 00:00:00-04:00,156.89901667226738,157.29323884596735,151.1684317926931,152.5049285888672,3379400,0.0,0.0
2024-09-12 00:00:00-04:00,152.50494301419928,155.6490815509171,152.47609891792817,155.2740936279297,2370200,0.0,0.0
2024-09-13 00:00:00-04:00,156.46632674372685,159.42777568074987,155.73558531957585,157.2836151123047,2563100,0.0,0.0
2024-09-16 00:00:00-04:00,158.4855168894838,159.69701284577505,152.9279965110252,154.8125457763672,2151900,0.0,0.0
2024-09-17 00:00:00-04:00,155.32215183221993,157.65862624755735,154.80294344629075,157.56246948242188,1520200,0.0,0.0
2024-09-18 00:00:00-04:00,158.25474256831546,160.59121676894014,156.02404960249646,158.3316650390625,2688300,0.0,0.0
2024-09-19 00:00:00-04:00,160.13930506509234,161.581568368582,158.4662743513184,159.94700622558594,2132100,0.0,0.0
2024-09-20 00:00:00-04:00,158.5335988864477,158.6297409776701,154.6683288356305,158.0624542236328,7789900,0.0,0.0
2024-09-23 00:00:00-04:00,156.24520549561703,160.02392865391678,156.15867321064732,157.8990020751953,6479400,0.0,0.0
2024-09-24 00:00:00-04:00,159.79316149355398,160.2066032654583,155.89904763476702,156.19711303710938,4663300,0.0,0.0
2024-09-25 00:00:00-04:00,155.81250310183094,159.31239452737518,155.07213722196778,155.43751525878906,2320600,0.0,0.0
2024-09-26 00:00:00-04:00,154.52410213880415,162.08156269748278,154.22602205507366,157.14901733398438,7205700,0.0,0.0
2024-09-27 00:00:00-04:00,157.68745560591987,158.59127629646076,155.89904851036013,157.35092163085938,1557500,0.0,0.0
2024-09-30 00:00:00-04:00,156.96632906288315,157.8797595902125,155.04331124894279,156.63941955566406,2312900,0.0,0.0
2024-10-01 00:00:00-04:00,154.51450261360463,160.45663621840995,154.4279703195767,159.43743896484375,2556600,0.0,0.0
2024-10-02 00:00:00-04:00,159.98546194874663,160.44698210311557,156.18750480721914,159.01434326171875,2847000,0.0,0.0
2024-10-03 00:00:00-04:00,159.40855566722172,168.86981448800134,158.1393715357091,168.11021423339844,3325800,0.0,0.0
2024-10-04 00:00:00-04:00,169.9082380231437,170.802434225469,163.72572839081317,165.36029052734375,2241600,0.0,0.0
2024-10-07 00:00:00-04:00,164.62956592176732,167.74486024556649,164.34111029839403,166.6006622314453,2201300,0.0,0.0
2024-10-08 00:00:00-04:00,164.1968826266317,164.437259856998,151.10112113968083,153.83181762695312,5060600,0.0,0.0
2024-10-09 00:00:00-04:00,152.87993450947653,157.13941243495387,152.30302322764788,156.35098266601562,2243300,0.0,0.0
2024-10-10 00:00:00-04:00,156.32214630485302,160.7931576101565,155.71639089610278,158.50477600097656,1990200,0.0,0.0
2024-10-11 00:00:00-04:00,157.69706175151342,160.4277580452563,157.11054076412893,157.93743896484375,1839400,0.0,0.0
2024-10-14 00:00:00-04:00,157.04324761487973,157.56245595623668,155.81251741840433,156.2451934814453,2086100,0.0,0.0
2024-10-15 00:00:00-04:00,151.86070635462946,153.6491133581865,150.7741966861764,150.9761199951172,2557800,0.0,0.0
2024-10-16 00:00:00-04:00,151.3703552201114,152.6876325301212,150.96652319964008,151.822265625,1504900,0.0,0.0
2024-10-17 00:00:00-04:00,152.32225827903497,153.6299111424613,151.19729447815152,152.21649169921875,2409000,0.0,0.0
2024-10-18 00:00:00-04:00,152.11070664372554,153.09144984003808,150.90882050609898,152.2068634033203,2214800,0.0,0.0
2024-10-21 00:00:00-04:00,152.67798803929583,152.91836525841344,150.14922967077217,150.870361328125,2203800,0.0,0.0
2024-10-22 00:00:00-04:00,151.43767844629585,152.4665001929639,150.71654664417062,152.14920043945312,1867200,0.0,0.0
2024-10-23 00:00:00-04:00,150.95689253003056,152.5241566823755,146.5147262472628,147.8415985107422,3439000,0.0,0.0
2024-10-24 00:00:00-04:00,148.55310768065615,148.76464078763988,146.0147250683111,146.99546813964844,1550700,0.0,0.0
2024-10-25 00:00:00-04:00,148.34157855961493,148.65887822861637,146.08202697951072,146.4954833984375,1046300,0.0,0.0
2024-10-28 00:00:00-04:00,144.2263358989888,145.7070531587753,142.5821492142972,145.25515747070312,3899000,0.0,0.0
2024-10-29 00:00:00-04:00,144.78401915777977,144.87055144195324,139.32264070370164,139.68801879882812,2827800,0.0,0.0
2024-10-30 00:00:00-04:00,139.6399291416377,140.8033613302767,138.71688884206227,139.18801879882812,2541100,0.0,0.0
2024-10-31 00:00:00-04:00,140.35146676953775,140.98606621651766,139.12073645073815,139.87071228027344,2315800,0.0,0.0
2024-11-01 00:00:00-04:00,140.76491245697142,141.80334394289946,137.3419427467622,137.62078857421875,2149600,0.0,0.0
2024-11-04 00:00:00-05:00,138.18805723729048,140.74567437609429,137.8803673537677,139.36109924316406,2377900,0.0,0.0
2024-11-05 00:00:00-05:00,146.49551182567714,146.53396573023312,140.85145869059082,143.80328369140625,4008600,0.0,0.0
2024-11-06 00:00:00-05:00,149.03388424196106,150.9280580089468,146.42818858460996,149.27426147460938,3094200,0.0,0.0
2024-11-07 00:00:00-05:00,149.22618019654166,149.7069346525044,146.52434250146496,148.07237243652344,1771900,0.0,0.0
2024-11-08 00:00:00-05:00,147.40890401768976,148.07234740218496,145.45704243019588,147.83197021484375,1718400,0.0,0.0
2024-11-11 00:00:00-05:00,147.56276564668732,150.1299925375933,146.7743213406353,150.05307006835938,1992400,0.0,0.0
2024-11-12 00:00:00-05:00,149.7646275070416,150.40883673753237,148.43775514382781,149.23580932617188,1785600,0.0,0.0
2024-11-13 00:00:00-05:00,148.45697371593997,153.07221953887046,148.1685327725697,152.98568725585938,2448100,0.0,0.0
2024-11-14 00:00:00-05:00,153.03376752594335,153.70682085455212,150.50499430046094,152.0530242919922,1863200,0.0,0.0
2024-11-15 00:00:00-05:00,150.0049909040613,153.85102631681144,150.0049909040613,151.45687866210938,2258800,0.0,0.0
2024-11-18 00:00:00-05:00,152.36071624294726,154.0241226355839,151.2068937538841,153.76451110839844,2099400,0.0,0.0
2024-11-19 00:00:00-05:00,152.12994512649465,154.89909555884196,151.87995808469856,152.6876220703125,1637000,0.0,0.0
2024-11-20 00:00:00-05:00,153.11311872917432,154.1962106471357,151.44979056600752,154.12852478027344,1606800,0.91,0.0
2024-11-21 00:00:00-05:00,155.0085239246837,156.28503771510893,153.23883442907982,154.04147338867188,1505500,0.0,0.0
2024-11-22 00:00:00-05:00,154.0898274959613,155.36634127503123,152.86168395048583,153.25816345214844,1421200,0.0,0.0
2024-11-25 00:00:00-05:00,153.39354132900175,154.7280757038738,151.04361576213836,151.34339904785156,3721200,0.0,0.0
2024-11-26 00:00:00-05:00,151.68187264639434,152.74561931346108,150.6954770318982,151.96231079101562,2072300,0.0,0.0
2024-11-27 00:00:00-05:00,151.9816760897581,153.75138046141862,149.93151878026015,150.24098205566406,1286000,0.0,0.0
2024-11-29 00:00:00-05:00,150.58911917651156,151.39177293758024,149.14820848408402,151.00494384765625,965500,0.0,0.0
2024-12-02 00:00:00-05:00,151.00494128072103,152.38783127515742,148.49061864105047,152.2234344482422,2267100,0.0,0.0
2024-12-03 00:00:00-05:00,152.79399084982984,153.85775238473695,150.17327729893364,150.36669921875,2035800,0.0,0.0
2024-12-04 00:00:00-05:00,149.52533579156068,149.79610873696052,144.1678827935563,145.4443817138672,2240800,0.0,0.0
2024-12-05 00:00:00-05:00,145.98596095782196,146.508161774468,143.24920606616388,145.154296875,2199100,0.0,0.0
2024-12-06 00:00:00-05:00,145.31867647451898,146.22770626612194,144.10986340185949,145.9665985107422,2684200,0.0,0.0
2024-12-09 00:00:00-05:00,146.88531050982533,150.61812630084472,146.5275065207965,147.93939208984375,2528000,0.0,0.0
2024-12-10 00:00:00-05:00,147.7846753087693,148.7227007868823,144.83516811670054,146.08265686035156,3431500,0.0,0.0
2024-12-11 00:00:00-05:00,146.08264227020638,148.12311936098845,144.68042203383445,146.96266174316406,2796100,0.0,0.0
2024-12-12 00:00:00-05:00,146.6532320735754,146.8853295526689,141.3634635885856,141.46017456054688,2723200,0.0,0.0
2024-12-13 00:00:00-05:00,141.1700143809708,141.61486406115012,139.59373225055003,140.76385498046875,2014600,0.0,0.0
2024-12-16 00:00:00-05:00,139.5647274470064,140.2319798596782,133.3465854062126,133.63670349121094,3518500,0.0,0.0
2024-12-17 00:00:00-05:00,132.650309879444,135.49344059392084,131.9346872265968,133.44329833984375,4076500,0.0,0.0
2024-12-18 00:00:00-05:00,132.98881446129693,133.73343286512977,129.73952356631858,130.60986328125,3959500,0.0,0.0
2024-12-19 00:00:00-05:00,131.3544815352376,132.30218696822251,126.40318730704777,127.31220245361328,3895700,0.0,0.0
2024-12-20 00:00:00-05:00,127.65066457755418,129.02387450152978,126.23876437063875,128.98519897460938,11493700,0.0,0.0
2024-12-23 00:00:00-05:00,129.19797572490106,130.10699096182697,127.53464738802191,129.56544494628906,3509000,0.0,0.0
2024-12-24 00:00:00-05:00,129.4107183284424,130.8903045654297,128.3469567664158,130.8903045654297,1419500,0.0,0.0
2024-12-26 00:00:00-05:00,131.00633614984173,131.33512978776935,129.59443588694663,130.92897033691406,1566500,0.0,0.0
2024-12-27 00:00:00-05:00,130.7355574476442,132.48591646479258,129.5267443412136,131.19973754882812,1770100,0.0,0.0
2024-12-30 00:00:00-05:00,131.10303922694476,132.6406459319341,130.08763328281285,131.13204956054688,2010900,0.0,0.0
2024-12-31 00:00:00-05:00,131.37380579591306,135.14529654116615,131.22873937893044,134.90353393554688,2179400,0.0,0.0
2025-01-02 00:00:00-05:00,135.87060231395662,137.7176724064311,134.95190724239728,136.82798767089844,2586800,0.0,0.0
2025-01-03 00:00:00-05:00,137.20514011561332,138.29789722977736,136.19939925561474,138.03680419921875,2531100,0.0,0.0
2025-01-06 00:00:00-05:00,137.6306411722822,139.74846947885362,135.10663864996354,135.8996124267578,3757600,0.0,0.0
2025-01-07 00:00:00-05:00,137.03104613090997,138.3172250031087,135.88025373178382,136.99237060546875,3064900,0.0,0.0
2025-01-08 00:00:00-05:00,135.38707504573188,138.05612921303762,134.3620038384917,137.6403045654297,2691900,0.0,0.0
2025-01-10 00:00:00-05:00,139.50672733899037,140.5221335155083,136.26711637850863,137.58230590820312,3593100,0.0,0.0
2025-01-13 00:00:00-05:00,138.62672168175408,146.27608139019497,138.07549570807694,141.91468811035156,3673300,0.0,0.0
2025-01-14 00:00:00-05:00,141.59553724432283,145.1929664068832,140.0772755809308,144.49668884277344,2510800,0.0,0.0
2025-01-15 00:00:00-05:00,146.3824377648896,148.08445618526903,145.483087831774,146.94332885742188,2456300,0.0,0.0
2025-01-16 00:00:00-05:00,146.02462096694455,147.92004638075332,145.75384801583175,146.70155334472656,1862200,0.0,0.0
2025-01-17 00:00:00-05:00,146.50815196075442,148.48092850440898,145.00922072216323,147.66860961914062,2486500,0.0,0.0
2025-01-21 00:00:00-05:00,147.23344587895357,147.65895048088063,144.54504653698206,145.85057067871094,2669400,0.0,0.0
2025-01-22 00:00:00-05:00,144.4000008888203,145.6281445112943,142.56259591793432,142.746337890625,3310100,0.0,0.0
2025-01-23 00:00:00-05:00,143.89712736506925,149.34161202486004,143.8100963554574,149.22557067871094,2949600,0.0,0.0
2025-01-24 00:00:00-05:00,148.800030399155,150.58907942220912,146.19866263573755,146.614501953125,4319400,0.0,0.0
2025-01-27 00:00:00-05:00,148.0651051239408,149.74777833427686,145.92791699051438,147.57191467285156,2291800,0.0,0.0
2025-01-28 00:00:00-05:00,147.57192403774863,148.00709384644554,144.2839432204392,145.67649841308594,2204700,0.0,0.0
2025-01-29 00:00:00-05:00,145.54108962409396,148.04574669478507,145.12526502234257,146.40176391601562,1785400,0.0,0.0
2025-01-30 00:00:00-05:00,149.71878761305908,149.93152517895192,143.46196877316518,145.0189208984375,2084400,0.0,0.0
2025-01-31 00:00:00-05:00,145.23163772778733,145.23163772778733,140.44474068023743,140.908935546875,2721000,0.0,0.0
2025-02-03 00:00:00-05:00,140.36738365717537,143.7037199124263,138.39460699652403,142.15643310546875,3175800,0.0,0.0
2025-02-04 00:00:00-05:00,142.1757697521788,152.26209946307077,140.2223235952355,151.73989868164062,5832700,0.0,0.0
2025-02-05 00:00:00-05:00,150.67614837445774,153.2581716500325,149.66074231515915,152.12672424316406,3314000,0.0,0.0
2025-02-06 00:00:00-05:00,152.79398454375888,153.75136988566234,145.82154369313216,146.92398071289062,2389000,0.0,0.0
2025-02-07 00:00:00-05:00,147.57192584682136,147.6589568584235,145.08659874914005,145.1736297607422,2377500,0.0,0.0
2025-02-10 00:00:00-05:00,146.68221595738598,150.5407528487376,146.4114429919599,148.71302795410156,2221100,0.0,0.0
2025-02-11 00:00:00-05:00,150.1539272890932,151.85593076649965,147.12705466298294,150.1829376220703,3666900,0.0,0.0
2025-02-12 00:00:00-05:00,148.96446623752038,149.99921745064466,144.2452693972753,144.2936248779297,2510500,0.0,0.0
2025-02-13 00:00:00-05:00,144.09053356943576,150.96626364745302,142.04039110232068,149.0128173828125,3179100,0.0,0.0
2025-02-14 00:00:00-05:00,149.477011827331,153.22915795813606,149.477011827331,150.91790771484375,2411800,0.0,0.0
2025-02-18 00:00:00-05:00,151.00491393209973,155.16323359984756,150.81150680346408,153.79002380371094,2859100,0.0,0.0
2025-02-19 00:00:00-05:00,153.4301750396642,155.1030757582754,152.04906209121867,152.35057067871094,2549700,0.91,0.0
2025-02-20 00:00:00-05:00,151.8739875229851,154.68484726298527,150.75548502210148,153.93594360351562,2464500,0.0,0.0
2025-02-21 00:00:00-05:00,153.01195044956972,154.04292099597933,149.28682952971528,149.5299835205078,1996200,0.0,0.0
2025-02-24 00:00:00-05:00,149.52999210546477,150.64849459095018,146.46624274101507,148.51846313476562,3688700,0.0,0.0
2025-02-25 00:00:00-05:00,148.93670063906748,150.42480200982538,145.2213002005864,146.46624755859375,2435600,0.0,0.0
2025-02-26 00:00:00-05:00,147.09844159745415,147.09844159745415,140.99041461969637,142.29371643066406,2281600,0.0,0.0
2025-02-27 00:00:00-05:00,143.08156306976048,145.56173723170997,141.90469099290155,143.927734375,2422000,0.0,0.0
2025-02-28 00:00:00-05:00,143.12044885846717,146.25227379320714,141.87550147532198,146.06747436523438,3007800,0.0,0.0
2025-03-03 00:00:00-05:00,147.08871511715378,148.56709560862495,140.59164729045847,141.82687377929688,2714500,0.0,0.0
2025-03-04 00:00:00-05:00,139.63848989476512,140.81534697460853,135.63130177814878,138.71449279785156,3297900,0.0,0.0
2025-03-05 00:00:00-05:00,136.21486513316572,137.10967001552856,129.1536639225909,131.41986083984375,4744900,0.0,0.0
2025-03-06 00:00:00-05:00,130.4472587452098,134.34745857007744,130.0679390826383,133.79306030273438,2462900,0.0,0.0
2025-03-07 00:00:00-05:00,134.0945545780788,137.294469323955,133.16085158883848,133.7833251953125,2832500,0.0,0.0
2025-03-10 00:00:00-04:00,134.7462193854033,136.31213180034766,131.99372905767046,132.52865600585938,2799300,0.0,0.0
2025-03-11 00:00:00-04:00,133.75415039836068,134.48361236521765,130.06792761491602,131.03082275390625,2750600,0.0,0.0
2025-03-12 00:00:00-04:00,130.08738597638003,134.69759101652505,130.08738597638003,133.36509704589844,2425900,0.0,0.0
2025-03-13 00:00:00-04:00,133.52072760863777,136.16624440142664,131.9937281565692,133.26785278320312,1885300,0.0,0.0
2025-03-14 00:00:00-04:00,133.56935881129644,137.77105226906824,133.26785022189603,137.2847442626953,1708300,0.0,0.0
2025-03-17 00:00:00-04:00,137.80995263002256,143.07180834007417,137.77103968214,142.1575469970703,2324000,0.0,0.0
2025-03-18 00:00:00-04:00,143.60674835092465,144.64745460825412,140.727813264017,142.00193786621094,2797800,0.0,0.0
2025-03-19 00:00:00-04:00,142.4979647048622,146.48569623809374,141.7587818881845,145.47418212890625,3591400,0.0,0.0
2025-03-20 00:00:00-04:00,143.97636330749484,147.91546156855554,143.63594172852328,147.7890167236328,3638800,0.0,0.0
2025-03-21 00:00:00-04:00,146.95254634288784,147.88626422314746,143.7915443759124,145.85350036621094,6814000,0.0,0.0
2025-03-24 00:00:00-04:00,147.0011931018589,149.24793386239193,143.51922576960334,144.60855102539062,3087300,0.0,0.0
2025-03-25 00:00:00-04:00,145.4838961199625,147.21515133008995,144.34593723516693,145.00730895996094,3562000,0.0,0.0
2025-03-26 00:00:00-04:00,146.78721551540983,149.67588643081993,145.26021600267637,145.70761108398438,1980900,0.0,0.0
2025-03-27 00:00:00-04:00,144.9684007022037,145.60059509140348,142.80919224911486,143.31495666503906,1579100,0.0,0.0
2025-03-28 00:00:00-04:00,142.97457256861637,143.49977875415897,139.44397123159524,140.15399169921875,1689100,0.0,0.0
2025-03-31 00:00:00-04:00,139.3369746550399,142.48825610550549,138.58807095689312,141.700439453125,2483400,0.0,0.0
2025-04-01 00:00:00-04:00,141.77824989636514,142.92592974516376,138.15038123864483,142.6147003173828,1898800,0.0,0.0
2025-04-02 00:00:00-04:00,140.8834323889074,144.0736116556486,140.31931333258896,143.8498992919922,1654500,0.0,0.0
2025-04-03 00:00:00-04:00,136.16623952181928,136.82761127584436,124.1933389784158,125.06868743896484,5076200,0.0,0.0
2025-04-04 00:00:00-04:00,121.24631099220856,122.54961283674149,112.79427579582226,117.7546157836914,5833200,0.0,0.0
2025-04-07 00:00:00-04:00,114.85622942003381,124.89363449755919,111.94810941616915,118.32847595214844,4922800,0.0,0.0
2025-04-08 00:00:00-04:00,120.68220016370037,122.67605859572367,113.13469760683853,115.30363464355469,4459700,0.0,0.0
2025-04-09 00:00:00-04:00,112.46356929195811,129.4551769847102,112.25932085168462,127.82117462158203,5604400,0.0,0.0
2025-04-10 00:00:00-04:00,123.59031215178177,126.63459749461005,115.40088738970894,118.20201873779297,3970500,0.0,0.0
2025-04-11 00:00:00-04:00,117.43364849575225,120.40985836819937,114.51580062660821,120.04998779296875,2901200,0.0,0.0
2025-04-14 00:00:00-04:00,123.5125042214837,123.95990669269058,119.9138279762924,121.43110656738281,2709500,0.0,0.0
2025-04-15 00:00:00-04:00,120.64328313915976,122.3453610489891,118.35763714434025,118.88285064697266,2416100,0.0,0.0
2025-04-16 00:00:00-04:00,120.28342980293542,124.36842182416949,119.35944748767096,120.67247772216797,2897300,0.0,0.0
2025-04-17 00:00:00-04:00,122.16056279002976,125.39936828926834,122.16056279002976,124.2225112915039,2387700,0.0,0.0
2025-04-21 00:00:00-04:00,121.84933140206354,123.60004317182297,120.60438410822181,123.2499008178711,2425100,0.0,0.0
2025-04-22 00:00:00-04:00,125.85651141542903,128.56038285750458,124.69911077789048,127.79202270507812,1736200,0.0,0.0
2025-04-23 00:00:00-04:00,130.68066903083883,132.87877555672245,128.38529498147187,130.622314453125,2996300,0.0,0.0
2025-04-24 00:00:00-04:00,131.56577759272227,134.4738900918381,130.36944916252648,133.7736053466797,3061400,0.0,0.0
2025-04-25 00:00:00-04:00,132.6356244383507,133.9000280660951,132.07150544009733,133.67633056640625,1681100,0.0,0.0
2025-04-28 00:00:00-04:00,133.68603993697994,134.59058035635508,132.2660291672109,133.81248474121094,1868400,0.0,0.0
2025-04-29 00:00:00-04:00,132.55781838257684,134.8629282252632,132.1590571309551,134.5225067138672,1747600,0.0,0.0
2025-04-30 00:00:00-04:00,131.9353723885246,134.2210262354333,129.3579455747292,133.64718627929688,2549300,0.0,0.0
2025-05-01 00:00:00-04:00,134.50306812814134,137.51818384425894,133.0538796999537,133.9486846923828,2053400,0.0,0.0
2025-05-02 00:00:00-04:00,136.02035337754114,138.27681477761615,133.54017961224886,137.67379760742188,1944500,0.0,0.0
2025-05-05 00:00:00-04:00,137.36254514390214,140.71806717098974,136.5163740246295,139.40504455566406,3427400,0.0,0.0
2025-05-06 00:00:00-04:00,140.75698722445446,142.34235603685477,138.02393866779687,140.59164428710938,3304000,0.0,0.0
2025-05-07 00:00:00-04:00,141.2141370401907,142.04085183881168,138.8214948515385,140.7278289794922,3135200,0.0,0.0
2025-05-08 00:00:00-04:00,141.3016193150348,147.59444459819335,141.3016193150348,145.86318969726562,2643800,0.0,0.0
2025-05-09 00:00:00-04:00,147.63338992738517,148.14889010929917,145.55199208621931,146.75804138183594,1567500,0.0,0.0
2025-05-12 00:00:00-04:00,154.60704626413698,156.97049602620376,151.9323522576647,153.8094940185547,3419100,0.0,0.0
2025-05-13 00:00:00-04:00,154.87935952600267,160.3454560737488,153.3912584029263,158.38076782226562,4014500,0.0,0.0
2025-05-14 00:00:00-04:00,156.941321133925,160.03423294506499,156.74680089866746,159.04217529296875,2291200,0.0,0.0
2025-05-15 00:00:00-04:00,156.61064249242315,160.9874147723655,156.47447683735157,160.76370239257812,2300000,0.0,0.0
2025-05-16 00:00:00-04:00,161.16246747557716,161.16246747557716,158.38078513499215,159.625732421875,2836100,0.0,0.0
2025-05-19 00:00:00-04:00,158.4974928404065,159.54790494738415,156.29937141865577,157.82638549804688,1987500,0.0,0.0
2025-05-20 00:00:00-04:00,157.70967609739785,158.86709149458312,156.72733929487575,157.10665893554688,1431700,0.0,0.0
2025-05-21 00:00:00-04:00,155.4731997228993,156.26547977713116,153.20395406911334,153.2724151611328,2832200,0.91,0.0
2025-05-22 00:00:00-04:00,152.58770528996644,157.0675256080721,151.2672287934094,155.41448974609375,2365400,0.0,0.0
2025-05-23 00:00:00-04:00,153.99621523156748,156.5980349096344,153.99621523156748,155.6296844482422,1576800,0.0,0.0
2025-05-27 00:00:00-04:00,156.7643282845941,159.63023158186226,155.47319422335008,158.77926635742188,2480000,0.0,0.0
2025-05-28 00:00:00-04:00,159.68892238175732,159.69871319848974,154.8667660407408,155.14064025878906,1513600,0.0,0.0
2025-05-29 00:00:00-04:00,154.543995873486,156.56872500875278,152.93986891838253,156.4219970703125,1961200,0.0,0.0
2025-05-30 00:00:00-04:00,156.2850368775013,157.77179320238807,155.64926067986517,157.2240447998047,4475400,0.0,0.0
2025-06-02 00:00:00-04:00,160.32472440816287,160.32472440816287,152.6073066211826,155.277587890625,2960500,0.0,0.0
2025-06-03 00:00:00-04:00,155.63948797312284,160.15844267028672,154.37771132214561,158.42715454101562,2004700,0.0,0.0
2025-06-04 00:00:00-04:00,157.8793719245141,159.2291760888164,153.37998491011143,153.5169219970703,2582200,0.0,0.0
2025-06-05 00:00:00-04:00,154.25052040561556,155.69814320579806,152.51923260960584,154.74937438964844,1532900,0.0,0.0
2025-06-06 00:00:00-04:00,155.63945789198974,158.02608854111662,155.091709531539,156.61758422851562,1351700,0.0,0.0
2025-06-09 00:00:00-04:00,158.25106943893184,158.77926607213715,156.24592218609573,156.7643280029297,1895800,0.0,0.0
2025-06-10 00:00:00-04:00,158.37823675892412,160.9604900513241,157.95764953943544,159.08248901367188,1976000,0.0,0.0
2025-06-11 00:00:00-04:00,160.843099582948,162.36897430285055,159.0042172666431,161.05828857421875,2019200,0.0,0.0
2025-06-12 00:00:00-04:00,159.14118060224376,161.54737839005816,158.12393559623288,161.4593505859375,1726000,0.0,0.0
2025-06-13 00:00:00-04:00,161.03873574929813,163.0732405262116,160.2757983235837,162.5157012939453,2705100,0.0,0.0
2025-06-16 00:00:00-04:00,161.00939489315255,164.10027804490426,160.04104433848266,163.13192749023438,2885800,0.0,0.0
2025-06-17 00:00:00-04:00,164.67736259570856,167.59217511161822,162.61351527848143,166.3597412109375,3850800,0.0,0.0
2025-06-18 00:00:00-04:00,165.82176660262505,167.5921729901293,163.62098221318124,163.75791931152344,2593700,0.0,0.0
2025-06-20 00:00:00-04:00,163.95354100324792,166.2130105801055,163.51338711198105,165.4207305908203,6556500,0.0,0.0
2025-06-23 00:00:00-04:00,166.84881576245252,166.97597698010853,162.1048963925037,162.9656524658203,3356800,0.0,0.0
2025-06-24 00:00:00-04:00,160.99963525038086,163.6112313340957,159.8258714565537,161.67453002929688,2875800,0.0,0.0
2025-06-25 00:00:00-04:00,161.51803219283502,163.5329703757669,160.901807727657,162.06578063964844,2006900,0.0,0.0
2025-06-26 00:00:00-04:00,163.004763266771,165.1175199333941,162.144022159092,163.85574340820312,1711300,0.0,0.0
2025-06-27 00:00:00-04:00,162.525480470879,164.16872560088117,160.9017871221693,163.74813842773438,8636600,0.0,0.0
2025-06-30 00:00:00-04:00,163.07323546294006,164.4132638620069,161.9972904472499,162.47657775878906,1660900,0.0,0.0
2025-07-01 00:00:00-04:00,162.72111929475966,167.72912201894704,161.99730033773787,166.2325897216797,1949300,0.0,0.0
2025-07-02 00:00:00-04:00,167.719347882405,170.64395141601562,166.4575563714891,170.64395141601562,1556900,0.0,0.0
2025-07-03 00:00:00-04:00,169.4897433762137,173.00121361119233,169.21586917501912,172.19915771484375,1135900,0.0,0.0
2025-07-07 00:00:00-04:00,171.1330094734018,173.6174440779856,170.60481283481246,172.5904083251953,1692400,0.0,0.0
2025-07-08 00:00:00-04:00,172.8447246419389,176.6105023689935,172.60996893030756,175.99427795410156,2426300,0.0,0.0
2025-07-09 00:00:00-04:00,175.9942764479028,176.81591396906848,174.13584225305604,175.34872436523438,1976200,0.0,0.0
2025-07-10 00:00:00-04:00,175.21180488954926,179.09496829228664,173.69570582808566,178.27333068847656,3765800,0.0,0.0
2025-07-11 00:00:00-04:00,177.7744700336506,178.10702942172153,175.33892996802135,175.92581176757812,4388200,0.0,0.0
2025-07-14 00:00:00-04:00,173.99890563985838,174.69338195462433,170.1842186292411,171.78834533691406,2732200,0.0,0.0
2025-07-15 00:00:00-04:00,172.01332017697683,173.40225796179297,170.74175279157387,171.778564453125,1784900,0.0,0.0
2025-07-16 00:00:00-04:00,172.5415036383266,173.27509849210352,167.7291231885529,168.5996551513672,2585000,0.0,0.0
2025-07-17 00:00:00-04:00,169.0789320577298,170.8591143653189,168.65832993984952,170.3602752685547,1619700,0.0,0.0
2025-07-18 00:00:00-04:00,172.78603004444452,174.4292902283519,170.3994140625,170.3994140625,2623700,0.0,0.0
2025-07-21 00:00:00-04:00,171.1623430354824,172.6099659193961,170.14508322784894,171.05474853515625,1458100,0.0,0.0
2025-07-22 00:00:00-04:00,170.98629369832756,173.00123193121374,170.62439166378766,171.4166717529297,1431300,0.0,0.0
2025-07-23 00:00:00-04:00,171.91549137089748,173.86196828760436,171.19168738405054,173.65655517578125,1798200,0.0,0.0
2025-07-24 00:00:00-04:00,171.1623487029825,172.70779024746486,166.3988628581146,167.56283569335938,2607300,0.0,0.0
2025-07-25 00:00:00-04:00,168.3062171315927,169.44083241472856,166.614047710362,167.81715393066406,1287700,0.0,0.0
2025-07-28 00:00:00-04:00,168.92243000966417,171.1330052742912,168.1105832888084,170.97650146484375,1100100,0.0,0.0
2025-07-29 00:00:00-04:00,171.4166568090055,171.66118841643632,169.20609645083982,171.59271240234375,1296100,0.0,0.0
2025-07-30 00:00:00-04:00,170.00815553715805,170.21356865824703,165.74352362692014,167.04443359375,1494600,0.0,0.0
2025-07-31 00:00:00-04:00,166.60426802876063,168.1594853903234,165.4696378464155,166.4673309326172,1340600,0.0,0.0
2025-08-01 00:00:00-04:00,164.12960700868655,164.32522929665396,161.17566120779952,161.9092559814453,1385300,0.0,0.0
2025-08-04 00:00:00-04:00,162.76022782486342,165.08817344481236,162.13422752265336,164.28611755371094,2068400,0.0,0.0
2025-08-05 00:00:00-04:00,165.76308543052187,166.3695190343254,161.87014646170707,165.22511291503906,1923300,0.0,0.0
2025-08-06 00:00:00-04:00,165.95870582884768,166.5749302418008,157.3316386726265,158.88685607910156,2755500,0.0,0.0
2025-08-07 00:00:00-04:00,160.67684202231698,161.39087017803686,157.9087422761391,157.97720336914062,1587800,0.0,0.0
2025-08-08 00:00:00-04:00,158.67167290613799,159.5911141513076,156.78388110860402,157.3218536376953,1278200,0.0,0.0
2025-08-11 00:00:00-04:00,158.9161984658355,159.26832456919368,154.62222413809127,155.12106323242188,1784200,0.0,0.0
2025-08-12 00:00:00-04:00,156.50021630443464,158.08477621850946,155.08193607918045,155.6296844482422,2291800,0.0,0.0
2025-08-13 00:00:00-04:00,155.52210184659376,158.29020142518075,154.5439754198856,158.1923828125,2072000,0.0,0.0
2025-08-14 00:00:00-04:00,157.14579205677003,159.02379296632446,155.53187453096385,158.7694854736328,1373000,0.0,0.0
2025-08-15 00:00:00-04:00,158.92598434973692,159.89433492611545,157.99676719009463,158.78904724121094,1831400,0.0,0.0
2025-08-18 00:00:00-04:00,157.84026426438967,159.3857058836373,157.35120102760342,159.11183166503906,1487800,0.0,0.0
2025-08-19 00:00:00-04:00,158.80860430366687,161.73320763850703,158.26085590283284,160.784423828125,2155200,0.0,0.0
2025-08-20 00:00:00-04:00,161.2565363765793,163.9220216121384,160.68606313407307,163.0958251953125,1540100,0.91,0.0
2025-08-21 00:00:00-04:00,162.29911258006402,163.35154119018483,160.42050259753805,162.2302703857422,1299700,0.0,0.0
2025-08-22 00:00:00-04:00,162.9876155179932,168.26938888129374,162.36796076297526,168.0726776123047,1734000,0.0,0.0
2025-08-25 00:00:00-04:00,167.9153276331122,169.96115815350626,167.51205971627996,169.35133361816406,1476900,0.0,0.0
2025-08-26 00:00:00-04:00,168.18088046209297,170.7184964957853,167.4333565868001,170.6594696044922,3153900,0.0,0.0
2025-08-27 00:00:00-04:00,170.40374338695025,175.61667475769653,170.21686242147675,174.96751403808594,1820500,0.0,0.0
2025-08-28 00:00:00-04:00,175.44947097220896,176.38386079972244,172.57744428784017,176.35435485839844,1844100,0.0,0.0
2025-08-29 00:00:00-04:00,176.82647159084522,178.44935845725317,175.26259660930893,176.75762939453125,1753800,0.0,0.0
2025-09-02 00:00:00-04:00,175.9215985424418,177.2789320108098,174.97736330181408,177.19039916992188,2245600,0.0,0.0
2025-09-03 00:00:00-04:00,177.04285179436542,180.48535169036697,174.43639359063621,176.0592803955078,1751400,0.0,0.0
2025-09-04 00:00:00-04:00,176.7084481986356,177.17072797526367,175.23309104125482,176.03961181640625,1494000,0.0,0.0
2025-09-05 00:00:00-04:00,175.56751176275918,177.5149791195375,174.14133609740077,177.31826782226562,1696300,0.0,0.0
2025-09-08 00:00:00-04:00,176.9739930553196,178.26248418344207,173.9839426323325,178.2133026123047,2006800,0.0,0.0
2025-09-09 00:00:00-04:00,179.3935784963167,183.21967045965232,175.54781090364838,180.17059326171875,2307700,0.0,0.0
2025-09-10 00:00:00-04:00,179.99355417159785,181.74430994595167,174.50522432539262,178.705078125,1800200,0.0,0.0
2025-09-11 00:00:00-04:00,179.28540494545194,180.72142588396255,177.69202397913827,179.31491088867188,1265800,0.0,0.0
2025-09-12 00:00:00-04:00,179.99358348787075,180.52470549131576,176.87566365137647,177.31826782226562,1500300,0.0,0.0
2025-09-15 00:00:00-04:00,177.1510462801893,178.95098375155348,175.94125765481974,176.9838409423828,1765400,0.0,0.0
2025-09-16 00:00:00-04:00,178.30182044972037,181.4984274684963,177.04285027066652,179.98373413085938,2250000,0.0,0.0
2025-09-17 00:00:00-04:00,179.8165371132022,183.02297459128255,179.0690132167364,181.64596557617188,1885800,0.0,0.0
2025-09-18 00:00:00-04:00,182.94429993552762,182.94429993552762,179.03951985991085,181.990234375,1570600,0.0,0.0
2025-09-19 00:00:00-04:00,182.25578720223476,182.67871570911566,179.85587053515485,182.4131622314453,6246900,0.0,0.0
2025-09-22 00:00:00-04:00,182.5311893299831,185.5999274150405,182.2066089543545,184.1737518310547,1783100,0.0,0.0
2025-09-23 00:00:00-04:00,184.65571492263896,189.4457032241295,184.09507197555763,187.73428344726562,1787500,0.0,0.0
2025-09-24 00:00:00-04:00,188.36376802753907,191.717750363744,187.86215197753427,189.9276580810547,1526600,0.0,0.0
2025-09-25 00:00:00-04:00,189.92765867424657,193.46850699519953,188.92441156299384,193.21278381347656,1811300,0.0,0.0
2025-09-26 00:00:00-04:00,194.74714507284497,198.29783857070962,193.83243083775886,195.42581176757812,2042700,0.0,0.0
2025-09-29 00:00:00-04:00,195.0717225033915,195.17991596045596,191.3046421450128,193.24227905273438,1402100,0.0,0.0
2025-09-30 00:00:00-04:00,191.5800417335956,192.4259137628318,188.14737204358062,189.5735626220703,1532100,0.0,0.0
2025-10-01 00:00:00-04:00,188.9342325913529,190.30139628020905,187.94083084889635,189.15061950683594,1265100,0.0,0.0
2025-10-02 00:00:00-04:00,187.89165901254407,189.77028414517773,186.30810832614293,189.081787109375,1642800,0.0,0.0
2025-10-03 00:00:00-04:00,192.04231623899685,195.48481614596992,189.96697998046875,189.96697998046875,1968700,0.0,0.0
2025-10-06 00:00:00-04:00,190.43909215497524,193.86193147755944,190.01616365133847,190.3407440185547,1013200,0.0,0.0
2025-10-07 00:00:00-04:00,189.55387150731013,190.31122564802016,184.7245325836244,188.39324951171875,1352300,0.0,0.0
2025-10-08 00:00:00-04:00,187.86214370656035,188.0195187377895,184.93110503843533,185.60977172851562,2416700,0.0,0.0
2025-10-09 00:00:00-04:00,186.60317082117703,187.75394758048236,183.56393873828532,184.47865295410156,1284000,0.0,0.0
2025-10-10 00:00:00-04:00,182.9442942428333,184.5966871159727,177.75103805852422,177.91824340820312,1678400,0.0,0.0
2025-10-13 00:00:00-04:00,180.7312494103235,182.04923151836283,179.37391604072866,180.38699340820312,1095500,0.0,0.0
2025-10-14 00:00:00-04:00,178.4297039740501,183.03281124974214,178.27232893690436,180.11160278320312,1389600,0.0,0.0
2025-10-15 00:00:00-04:00,181.61645728622528,182.3738114843414,178.92148119191242,180.8099365234375,1882600,0.0,0.0
2025-10-16 00:00:00-04:00,182.255796051835,182.255796051835,177.35761434266445,178.17396545410156,1193700,0.0,0.0
2025-10-17 00:00:00-04:00,180.3476577215144,182.45249997808,178.20346420326962,181.43942260742188,1954300,0.0,0.0
2025-10-20 00:00:00-04:00,181.89187215509543,184.2229468394986,181.64597927757558,183.20986938476562,957900,0.0,0.0
2025-10-21 00:00:00-04:00,183.05248431855267,183.6327878757798,179.60998422176155,179.86570739746094,1282300,0.0,0.0
2025-10-22 00:00:00-04:00,181.04601507511046,185.71797974826896,178.803458224533,185.44256591796875,1709800,0.0,0.0
2025-10-23 00:00:00-04:00,186.96708719352998,194.08814966078313,186.8490634259977,192.74066162109375,1931400,0.0,0.0
2025-10-24 00:00:00-04:00,193.6553747120718,195.52415439166418,192.75049081398748,192.9963836669922,1233200,0.0,0.0
2025-10-27 00:00:00-04:00,193.4881657128398,194.31436208136063,191.14726099392234,193.00621032714844,2622200,0.0,0.0
2025-10-28 00:00:00-04:00,191.43250228863758,192.91768966794092,188.79652318882148,189.05226135253906,1171000,0.0,0.0
2025-10-29 00:00:00-04:00,188.42279703903702,194.21603249931186,187.19333267982665,192.53411865234375,1624500,0.0,0.0
2025-10-30 00:00:00-04:00,193.2127824101706,197.3536099038035,192.2783925131546,192.4160919189453,1697200,0.0,0.0
2025-10-31 00:00:00-04:00,192.97670147577716,193.2717758909728,190.15385642184714,191.70790100097656,1539000,0.0,0.0
2025-11-03 00:00:00-05:00,191.560363195943,193.30128880106818,190.28173236417513,192.5734405517578,1443200,0.0,0.0
2025-11-04 00:00:00-05:00,176.15765032616537,184.1639212210313,172.1250014322239,180.76075744628906,5838700,0.0,0.0
2025-11-05 00:00:00-05:00,181.75415893700688,186.5441620327348,180.98697441807312,183.12132263183594,2092700,0.0,0.0
2025-11-06 00:00:00-05:00,184.53765871038837,192.71113452992512,184.53765871038837,189.5538787841797,3079300,0.0,0.0
2025-11-07 00:00:00-05:00,190.91122318229702,193.83243157007502,188.42278863094677,190.57679748535156,2174200,0.0,0.0
2025-11-10 00:00:00-05:00,190.15385886475647,195.49464431516716,188.40310298904072,193.1340789794922,2269100,0.0,0.0
2025-11-11 00:00:00-05:00,194.55042467881515,198.4060227412122,194.17666274660806,196.84214782714844,2132900,0.0,0.0
2025-11-12 00:00:00-05:00,196.36021347840042,198.92733569135493,193.1242698499562,193.66522216796875,2506100,0.0,0.0
2025-11-13 00:00:00-05:00,193.98978959391587,196.1241378032745,190.52762895442365,191.38333129882812,2217900,0.0,0.0
2025-11-14 00:00:00-05:00,193.40948561766513,198.97650351982395,192.15051538646364,196.69461059570312,1714400,0.0,0.0
2025-11-17 00:00:00-05:00,195.61270013993214,196.09464055845118,192.0915124514506,192.75050354003906,1984000,0.0,0.0
2025-11-18 00:00:00-05:00,192.40624812698763,196.37988531097656,191.79643861194478,196.33070373535156,1545300,0.0,0.0
2025-11-19 00:00:00-05:00,191.00256116974577,193.9483577365552,188.30389554171475,193.2761688232422,2076800,1.0,0.0
2025-11-20 00:00:00-05:00,193.37500218900223,195.68815912042507,185.26911083128985,185.7139434814453,2983600,0.0,0.0
2025-11-21 00:00:00-05:00,185.73370770994765,189.86574440411306,184.41896944742564,188.432373046875,1914500,0.0,0.0
2025-11-24 00:00:00-05:00,187.36478193691855,189.55930583346006,184.31024721842908,187.9974365234375,2533400,0.0,0.0
2025-11-25 00:00:00-05:00,186.63329351837993,189.0057445675576,184.99234041613283,187.81951904296875,1594400,0.0,0.0
2025-11-26 00:00:00-05:00,187.80963420482112,191.27934716513528,187.5723830727877,189.53955078125,1253600,0.0,0.0
2025-11-28 00:00:00-05:00,190.9037137385461,193.75066714376146,190.72578669255827,191.5067138671875,1020900,0.0,0.0
2025-12-01 00:00:00-05:00,191.8922159867446,195.89573999201627,191.8922159867446,193.8890380859375,1703500,0.0,0.0
2025-12-02 00:00:00-05:00,192.4161282912283,192.4457827949363,187.59214298940847,190.48851013183594,1911700,0.0,0.0
2025-12-03 00:00:00-05:00,191.04209016724536,191.7736031557977,186.29718834167082,187.25604248046875,2415900,0.0,0.0
2025-12-04 00:00:00-05:00,186.4454687284057,189.50000355541772,185.4865994655041,187.96778869628906,2103000,0.0,0.0
2025-12-05 00:00:00-05:00,187.73053445584188,191.30898532716236,187.73053445584188,188.34341430664062,1441800,0.0,0.0
2025-12-08 00:00:00-05:00,186.2279843394804,189.37149763507588,184.77485325399263,187.48341369628906,2258600,0.0,0.0
2025-12-09 00:00:00-05:00,187.5427189224501,189.9645989881714,186.41580249967456,188.54112243652344,1808500,0.0,0.0
2025-12-10 00:00:00-05:00,188.63997640212355,190.2117254393881,185.36796542191615,189.10458374023438,2782600,0.0,0.0
2025-12-11 00:00:00-05:00,186.56406523794527,188.1852434292608,184.47827972195327,184.96266174316406,2603200,0.0,0.0
2025-12-12 00:00:00-05:00,185.7436068570481,186.03028719181611,182.01688317446707,183.6380615234375,2419200,0.0,0.0
2025-12-15 00:00:00-05:00,182.88676536880976,183.6874822407458,181.9081365536791,183.3810272216797,2402800,0.0,0.0
2025-12-16 00:00:00-05:00,181.8982511321101,183.04494231054335,173.23878844916788,174.7611083984375,2889200,0.0,0.0
2025-12-17 00:00:00-05:00,175.255365314748,175.49261643988132,170.8762124345136,172.4973907470703,3050900,0.0,0.0
2025-12-18 00:00:00-05:00,171.41990389108415,172.3787731172861,165.21197606426284,166.18072509765625,2888600,0.0,0.0
2025-12-19 00:00:00-05:00,166.45750974021144,168.5729499120602,165.35036799305323,166.38832092285156,6618000,0.0,0.0
2025-12-22 00:00:00-05:00,167.9501753041341,168.8299608184473,162.75054592651256,162.87905883789062,1999800,0.0,0.0
2025-12-23 00:00:00-05:00,163.37331963838278,165.03403224995913,162.33536671431008,164.49034118652344,2380600,0.0,0.0
2025-12-24 00:00:00-05:00,163.64021152529477,164.40137902034894,162.56272428034902,163.82803344726562,996200,0.0,0.0
2025-12-26 00:00:00-05:00,163.1163059681145,163.97633192658665,161.46547304065453,161.81146240234375,1262300,0.0,0.0
2025-12-29 00:00:00-05:00,162.89881897276504,163.10641559306416,160.75372428682454,161.7224884033203,1847500,0.0,0.0
2025-12-30 00:00:00-05:00,162.70110903917978,162.91858545569838,160.95143298401797,161.93995666503906,1224000,0.0,0.0
2025-12-31 00:00:00-05:00,162.20684696519962,162.2859306696084,160.07163219718552,160.76361083984375,1323800,0.0,0.0
2026-01-02 00:00:00-05:00,160.9810842063511,163.4622731650153,160.46704767926934,163.2447967529297,1409400,0.0,0.0
2026-01-05 00:00:00-05:00,171.1628615154635,175.6606470753553,169.53180354976612,172.9323272705078,5033200,0.0,0.0
2026-01-06 00:00:00-05:00,173.1201560268542,173.66383198115642,168.2763809692244,168.46420288085938,2378700,0.0,0.0
2026-01-07 00:00:00-05:00,171.3704635529521,174.62269978129586,166.75405983706628,170.53021240234375,2730700,0.0,0.0
2026-01-08 00:00:00-05:00,170.77735291658163,176.77769915399324,169.5812476588812,175.03790283203125,2409300,0.0,0.0
2026-01-09 00:00:00-05:00,175.97698339371328,176.74803062962593,172.3787579315629,174.14820861816406,2588900,0.0,0.0
2026-01-12 00:00:00-05:00,173.90109551024813,175.28503780424825,172.00313172879896,173.52545166015625,2096200,0.0,0.0
2026-01-13 00:00:00-05:00,173.69350121003308,177.03470096768967,172.3985225281884,173.83189392089844,2546500,0.0,0.0
2026-01-14 00:00:00-05:00,174.1679892778023,181.32489105451558,173.98016736555388,179.01174926757812,2825700,0.0,0.0
2026-01-15 00:00:00-05:00,177.27194697188162,177.72665940147803,174.97856487656028,175.55191040039062,2004500,0.0,0.0
2026-01-16 00:00:00-05:00,175.16641545026516,176.69863036668355,172.9521317778243,173.61444091796875,1627200,0.0,0.0
2026-01-20 00:00:00-05:00,174.66225712190393,175.70021003644828,172.05255512504445,172.87303161621094,1302200,0.0,0.0
2026-01-21 00:00:00-05:00,176.35261623351292,180.4747732002701,175.18616554612584,175.44317626953125,2389100,0.0,0.0
2026-01-22 00:00:00-05:00,174.45465819191352,175.90778923626928,172.3095635749299,173.742919921875,1877500,0.0,0.0
2026-01-23 00:00:00-05:00,175.64088679364795,179.52579284490812,173.05095948192445,173.36729431152344,1635000,0.0,0.0
2026-01-26 00:00:00-05:00,175.3146872371686,175.46295976124338,170.26333044013174,170.55987548828125,1610800,0.0,0.0
2026-01-27 00:00:00-05:00,170.93551806400183,172.013005287447,168.54329249667072,169.8184814453125,2452400,0.0,0.0
2026-01-28 00:00:00-05:00,171.01460890935536,172.0031326602765,168.12812136670672,170.0359649658203,1691300,0.0,0.0
2026-01-29 00:00:00-05:00,173.39696039040774,178.66579396366552,173.22891315734438,173.72317504882812,2826200,0.0,0.0
2026-01-30 00:00:00-05:00,173.12016652195916,174.72157014574097,170.02608240490775,174.16799926757812,2098500,0.0,0.0
2026-02-02 00:00:00-05:00,170.7575882330513,175.28502855899714,169.7690645396223,174.87973022460938,3027000,0.0,0.0
2026-02-03 00:00:00-05:00,178.61634895270225,185.48658561967,170.46102846485377,185.42727661132812,5254900,0.0,0.0
2026-02-04 00:00:00-05:00,186.82110752872845,195.31252285688183,185.98085631411746,193.67156982421875,4157700,0.0,0.0
2026-02-05 00:00:00-05:00,191.34853771819792,193.5825958251953,188.79814479055958,193.5825958251953,1900700,0.0,0.0
2026-02-06 00:00:00-05:00,194.5315795601575,202.02459129637904,193.91869967001642,200.67031860351562,2316000,0.0,0.0
2026-02-09 00:00:00-05:00,201.70826624586863,204.0807171187938,199.98822955860925,201.9158477783203,2004800,0.0,0.0
2026-02-10 00:00:00-05:00,201.77744388567848,201.92573148431939,198.65372059554073,201.80709838867188,1814700,0.0,0.0
2026-02-11 00:00:00-05:00,204.10049552812657,206.9968628138588,202.70667345019007,206.24559020996094,1629100,0.0,0.0
2026-02-12 00:00:00-05:00,206.60146913424137,207.90632775841146,195.53988567007735,195.7474822998047,1917400,0.0,0.0
2026-02-13 00:00:00-05:00,194.1262895697806,201.97517018288062,193.50351481028196,200.9273223876953,1592700,0.0,0.0
2026-02-17 00:00:00-05:00,202.4002321574539,204.92097066625976,195.36194808087913,198.23854064941406,2222300,0.0,0.0
2026-02-18 00:00:00-05:00,200.08640721496394,200.68249991207293,197.0960447280657,198.2683563232422,1561600,1.0,0.0
2026-02-19 00:00:00-05:00,199.23201453736365,200.66262487417933,195.02960804241778,195.18856811523438,2013300,0.0,0.0
2026-02-20 00:00:00-05:00,194.66202546985318,197.1556490716238,193.31089517408603,195.47666931152344,1714000,0.0,0.0
2026-02-23 00:00:00-05:00,195.0494947457196,198.4471869408131,189.19791121651392,191.56239318847656,2214100,0.0,0.0
2026-02-24 00:00:00-05:00,190.0622136650434,194.05599820697697,189.59527793992666,194.01625061035156,1938200,0.0,0.0
2026-02-25 00:00:00-05:00,194.72164444800902,196.21186111470297,190.98617346083262,194.49314880371094,1886400,0.0,0.0
2026-02-26 00:00:00-05:00,192.94331757144116,201.51702011561238,192.15846167165435,199.75857543945312,2021200,0.0,0.0
2026-02-27 00:00:00-05:00,198.695539477583,198.70546879722087,189.07868264331594,196.91722106933594,4760400,0.0,0.0
2026-03-02 00:00:00-05:00,202.59989427156802,209.0475698169077,200.8513790270723,208.4514923095703,3771800,0.0,0.0
2026-03-03 00:00:00-05:00,212.27639195554943,214.16400880218345,204.70609624694694,210.597412109375,2759400,0.0,0.0
2026-03-04 00:00:00-05:00,210.71662820454998,220.60172838015248,210.61727436991404,219.330078125,3440000,0.0,0.0
2026-03-05 00:00:00-05:00,223.4331372531492,227.05934009306938,212.56450353123603,215.94232177734375,3731500,0.0,0.0
2026-03-06 00:00:00-05:00,216.3297711160941,219.98576180845075,212.85259913489395,219.8367462158203,3398700,0.0,0.0
2026-03-09 00:00:00-04:00,222.10187191552262,222.20122574910806,212.28630740053362,214.2931365966797,4136700,0.0,0.0
2026-03-10 00:00:00-04:00,213.59770676481975,218.86314163785238,210.99480002637196,213.82620239257812,2189700,0.0,0.0
2026-03-11 00:00:00-04:00,215.97211636717773,225.3604775903501,214.7898754799511,225.26113891601562,2221000,0.0,0.0
2026-03-12 00:00:00-04:00,225.92675802087265,234.5700106203859,225.51942854254992,228.5694122314453,4233200,0.0,0.0
2026-03-13 00:00:00-04:00,226.68179897711377,230.35766333775751,224.37693865706927,224.70477294921875,2613200,0.0,0.0
2026-03-16 00:00:00-04:00,226.93017994136324,229.08602478375295,223.78085737477917,227.44679260253906,2739900,0.0,0.0
2026-03-17 00:00:00-04:00,228.49986985611955,232.97051948373928,227.3573765705456,231.7386016845703,2007900,0.0,0.0
2026-03-18 00:00:00-04:00,232.97051635020162,237.21267029550137,230.625908415104,234.6991729736328,3006500,0.0,0.0
2026-03-19 00:00:00-04:00,235.9807735982581,241.39522441526555,233.17917416845572,234.2421875,4218900,0.0,0.0
2026-03-20 00:00:00-04:00,234.56008933904218,236.57684784273005,230.79480039405652,231.01336669921875,6344100,0.0,0.0
2026-03-23 00:00:00-04:00,226.1353875892375,235.55356703186442,224.44647854329295,231.01336669921875,2894300,0.0,0.0
2026-03-24 00:00:00-04:00,237.23253662863613,245.52808160328664,236.85502540566114,242.31915283203125,3513200,0.0,0.0
2026-03-25 00:00:00-04:00,240.91834555512264,244.87238261077283,237.8087554604973,239.67649841308594,2259600,0.0,0.0
2026-03-26 00:00:00-04:00,240.3123199395512,248.13098457759494,239.0108665796969,246.69044494628906,2038300,0.0,0.0
2026-03-27 00:00:00-04:00,245.71683814781017,251.18096542637662,244.26635405469528,250.2669677734375,2449700,0.0,0.0
2026-03-30 00:00:00-04:00,252.34334415938054,254.1018039912277,243.2331551676992,243.56100463867188,2631200,0.0,0.0
2026-03-31 00:00:00-04:00,243.8987696358962,249.4821093281234,237.99750981066933,242.58737182617188,3033800,0.0,0.0
2026-04-01 00:00:00-04:00,239.77585530794957,241.41508749264963,231.6491996239378,236.60665893554688,3277700,0.0,0.0
2026-04-02 00:00:00-04:00,243.40204249244272,246.1142324356209,237.23253915347516,240.1533660888672,1842600,0.0,0.0
2026-04-06 00:00:00-04:00,238.01739417796034,240.381876004525,236.1993281297111,239.8255157470703,1490200,0.0,0.0
2026-04-07 00:00:00-04:00,241.0375496280788,245.45853742704307,239.75597009224566,243.8192901611328,1976000,0.0,0.0
2026-04-08 00:00:00-04:00,230.7948141990333,232.03666138934216,226.5725337519833,230.4669647216797,2924100,0.0,0.0
2026-04-09 00:00:00-04:00,229.74172774585324,232.9208534871316,217.45241293318114,222.06214904785156,2864800,0.0,0.0
2026-04-10 00:00:00-04:00,219.59831784328873,221.82371348751406,215.55487123475157,221.1680145263672,2216700,0.0,0.0
2026-04-13 00:00:00-04:00,223.53248529168238,226.89044481058502,220.20432889141057,223.82058715820312,2039700,0.0,0.0
2026-04-14 00:00:00-04:00,224.10869918879186,224.5060842011907,219.67778202013858,222.46945190429688,1524100,0.0,0.0
2026-04-15 00:00:00-04:00,220.99911375018752,224.36700258365104,219.13138596206173,221.57533264160156,1528000,0.0,0.0
2026-04-16 00:00:00-04:00,222.31051312155557,228.66876445076363,221.97271917651412,224.764404296875,2068100,0.0,0.0
2026-04-17 00:00:00-04:00,215.83304304336613,218.64458691915362,209.26615445302926,212.2962646484375,3800300,0.0,0.0
2026-04-20 00:00:00-04:00,212.7135203869269,214.78988523378686,211.89886136034985,212.72344970703125,1417400,0.0,0.0
2026-04-21 00:00:00-04:00,214.46203533875172,219.34994401083068,211.67036530889976,218.91282653808594,1466600,0.0,0.0
2026-04-22 00:00:00-04:00,221.20774548730853,222.6780882198838,217.14442538456976,220.62159729003906,2240700,0.0,0.0
2026-04-23 00:00:00-04:00,222.07207203358493,222.69796784390783,218.91282018184745,219.65792846679688,2249300,0.0,0.0
2026-04-24 00:00:00-04:00,219.5983135206416,223.11523321809742,217.8796012708013,222.6781005859375,1523600,0.0,0.0
2026-04-27 00:00:00-04:00,223.6417639027418,229.25490680009642,222.6383568909323,225.7280731201172,1883200,0.0,0.0
2026-04-28 00:00:00-04:00,228.53959644001566,232.20553146624698,225.59891102724907,231.07296752929688,1924700,0.0,0.0
2026-04-29 00:00:00-04:00,234.3911802897308,243.70007640100349,233.80503210044637,240.2328338623047,2686000,0.0,0.0
2026-04-30 00:00:00-04:00,236.17945563825995,247.58459085131767,234.32165714096925,246.6705780029297,2356700,0.0,0.0
2026-05-01 00:00:00-04:00,246.3824802937523,248.36943577999224,239.4380654120075,244.54454040527344,1841900,0.0,0.0
2026-05-04 00:00:00-04:00,245.13069422546155,251.6379610614559,243.88884709504023,250.89285278320312,2316800,0.0,0.0
2026-05-05 00:00:00-04:00,254.33028848722037,259.9036837718765,250.24709457740255,258.8108825683594,2500200,0.0,0.0
2026-05-06 00:00:00-04:00,251.34986662683414,253.0586495415445,242.86557345108892,244.1769561767578,2664500,0.0,0.0
2026-05-07 00:00:00-04:00,240.18316227515538,240.68984560193533,232.61286708425445,240.67990112304688,2458100,0.0,0.0
2026-05-08 00:00:00-04:00,240.62030444954587,246.27319518869155,237.15307685539892,243.27288818359375,2574900,0.0,0.0
2026-05-11 00:00:00-04:00,247.22693811694893,250.8531257522348,246.14403587483693,250.833251953125,2429100,0.0,0.0
2026-05-12 00:00:00-04:00,252.52216962389267,255.92979106240278,250.11795526510397,250.34646606445312,2669200,0.0,0.0
2026-05-13 00:00:00-04:00,251.7273904725291,253.27721329595963,243.9087104790049,247.46536254882812,4157600,0.0,0.0
2026-05-14 00:00:00-04:00,246.43214622321528,249.90931816907204,245.78637662342476,247.19712829589844,2009500,0.0,0.0
2026-05-15 00:00:00-04:00,250.58488226371108,253.73420483198885,249.00525631961662,253.3666229248047,2156900,0.0,0.0
2026-05-18 00:00:00-04:00,250.40607091838453,259.3374413838538,247.86277029372044,257.8372802734375,2032300,0.0,0.0
2026-05-19 00:00:00-04:00,259.12875545385197,261.7813540513763,254.97602625995881,261.3044738769531,1770700,0.0,0.0
2026-05-20 00:00:00-04:00,259.32991231863303,263.4187224570425,254.0044827937828,257.6644592285156,2210100,1.0,0.0
2026-05-21 00:00:00-04:00,260.436884786917,261.344403547949,247.32279891515984,247.75161743164062,2624000,0.0,0.0
2026-05-22 00:00:00-04:00,248.32006984109407,255.13142137403506,247.32280048430255,253.9546356201172,1926300,0.0,0.0
2026-05-26 00:00:00-04:00,251.172259195483,257.5547921681909,247.34274854213183,247.37266540527344,2403700,0.0,0.0
2026-05-27 00:00:00-04:00,242.01731930779448,250.11515680266697,240.700931674597,246.37539672851562,1995600,0.0,0.0
2026-05-28 00:00:00-04:00,249.20763697829057,253.04713005825602,248.34998472958486,250.64370727539062,2826000,0.0,0.0
2026-05-29 00:00:00-04:00,249.75613621574257,250.9229395187558,246.72442889725951,248.0906982421875,2861900,0.0,0.0
2026-06-01 00:00:00-04:00,251.9899930957453,260.2573639068525,250.81322265549647,257.95367431640625,2426900,0.0,0.0
2026-06-02 00:00:00-04:00,256.31815936252497,264.11681304404306,256.26830806833766,262.3416748046875,2350400,0.0,0.0
2026-06-03 00:00:00-04:00,264.85476236394356,271.71597988947514,262.4114708850521,266.4803161621094,2333800,0.0,0.0
2026-06-04 00:00:00-04:00,262.3915265527546,269.6017949778049,260.7660030616403,266.3207702636719,2123300,0.0,0.0
2026-06-05 00:00:00-04:00,264.5655979589034,268.92366020782686,261.184840208272,261.2945556640625,2160700,0.0,0.0
2026-06-08 00:00:00-04:00,264.9246072266656,270.53923875887835,262.20208127132196,265.4432067871094,1814700,0.0,0.0
2026-06-09 00:00:00-04:00,263.6281503047814,265.7124395273287,255.8294969336657,257.445068359375,3233600,0.0,0.0
2026-06-10 00:00:00-04:00,257.48496848092,268.61449775786133,257.48496848092,262.5610656738281,2109300,0.0,0.0
2026-06-11 00:00:00-04:00,267.2681776813193,269.03333342087166,259.3498568481108,260.0978088378906,2072700,0.0,0.0
2026-06-12 00:00:00-04:00,260.19753749636914,267.0986240299136,258.3126839052727,262.8602294921875,1701500,0.0,0.0
2026-06-15 00:00:00-04:00,253.05709558324176,255.26106752503762,248.0009327140691,250.17498779296875,3457000,0.0,0.0
2026-06-16 00:00:00-04:00,246.9538152029819,251.07252729073548,246.1061301645378,249.7860565185547,2687400,0.0,0.0
2026-06-17 00:00:00-04:00,249.12784450028744,249.8359124076376,243.4733293249346,243.94204711914062,2381200,0.0,0.0
2026-06-18 00:00:00-04:00,242.19683759009433,242.6954722705304,237.62934209124515,242.2467041015625,4962400,0.0,0.0
2026-06-22 00:00:00-04:00,241.84778455993006,247.22306574706934,239.3446439699089,246.61473083496094,1877500,0.0,0.0
2026-06-23 00:00:00-04:00,244.6102266925218,248.9882385615131,243.80244094800912,247.8413848876953,1501600,0.0,0.0
2026-06-24 00:00:00-04:00,242.9647277517023,247.97100874984943,239.56403574007905,245.83685302734375,1684100,0.0,0.0
2026-06-25 00:00:00-04:00,244.39082524444885,253.03714871007193,243.94205707896276,252.86761474609375,1805900,0.0,0.0
2026-06-26 00:00:00-04:00,252.2891887615079,256.00899907092946,250.7733503487399,253.36624145507812,6961300,0.0,0.0
2026-06-29 00:00:00-04:00,255.90925732917742,265.1040813798927,255.65994000723205,258.51214599609375,2393200,0.0,0.0
2026-06-30 00:00:00-04:00,259.90832766959187,261.3643323684279,254.09424565512958,254.9718475341797,1907600,0.0,0.0
2026-07-01 00:00:00-04:00,256.7569589618143,264.23647910523664,254.31365209172083,264.146728515625,1872100,0.0,0.0
2026-07-02 00:00:00-04:00,266.2708996137266,269.66160910248345,263.6081772265223,265.6226806640625,1722200,0.0,0.0
2026-07-06 00:00:00-04:00,265.7922062270921,271.60630336249204,264.65533503658094,268.2554626464844,1720100,0.0,0.0
2026-07-07 00:00:00-04:00,266.9191249625111,268.75409684236826,260.85574094360237,265.60272216796875,1838500,0.0,0.0
2026-07-08 00:00:00-04:00,270.8882685847214,280.48199451427274,269.26271473370184,279.9135437011719,2467700,0.0,0.0
2026-07-09 00:00:00-04:00,280.66150887009815,282.90536493161335,278.28800292221615,282.5263977050781,1844100,0.0,0.0
2026-07-10 00:00:00-04:00,285.538151262353,286.36587138443633,276.79208008524444,282.9651794433594,1932300,0.0,0.0
2026-07-13 00:00:00-04:00,290.0258859797841,298.23339343089464,288.7493824013878,296.0693359375,2146200,0.0,0.0
2026-07-14 00:00:00-04:00,299.1807931170689,302.8607193071484,295.9097509963587,302.5715026855469,2266000,0.0,0.0
2026-07-15 00:00:00-04:00,300.7066261709281,303.5288850430143,294.4038765687818,298.363037109375,2325200,0.0,0.0
2026-07-16 00:00:00-04:00,301.1653560923107,307.57782103264515,300.1880516240217,305.01483154296875,1871000,0.0,0.0
2026-07-17 00:00:00-04:00,310.87877947737854,312.29488488407765,305.9722009782893,311.74639892578125,2139200,0.0,0.0
2026-07-20 00:00:00-04:00,312.0954640034272,318.48793393395573,312.0954640034272,314.4490051269531,1589200,0.0,0.0
2026-07-21 00:00:00-04:00,318.3882061707607,320.1234450122429,314.3692121127431,318.8868408203125,2121100,0.0,0.0
2026-07-22 00:00:00-04:00,325.7779895380377,326.02730687368756,314.8179787675828,314.9576110839844,2589700,0.0,0.0
2026-07-23 00:00:00-04:00,322.5169103974811,322.8759431989674,310.3502422600423,311.41729736328125,2298400,0.0,0.0
2026-07-24 00:00:00-04:00,310.8488733994384,315.62577174751704,307.837100437717,308.39556884765625,2000500,0.0,0.0
2026-07-27 00:00:00-04:00,305.8425400200099,312.8832588064425,304.5560845423945,311.4970703125,2377900,0.0,0.0
2026-07-28 00:00:00-04:00,312.33478148567025,314.1398365242925,305.1145613311812,305.2142639160156,1825100,0.0,0.0
2026-07-29 00:00:00-04:00,311.995710776297,314.8578688362049,306.55062884685645,307.8769836425781,1604700,0.0,0.0
2026-07-30 00:00:00-04:00,304.06742554033497,315.6656732101559,304.06742554033497,313.22235107421875,1963300,0.0,0.0
2026-07-31 00:00:00-04:00,315.4462682115393,316.5332881597094,310.1607527875476,315.6058349609375,1688700,0.0,0.0
2026-08-03 00:00:00-04:00,310.2704171056424,316.8524005164684,305.0048364638304,306.19158935546875,2105300,0.0,0.0
2026-08-04 00:00:00-04:00,307.9866708423331,314.25950338952816,300.74651627117987,311.75634765625,2507100,0.0,0.0
2026-08-05 00:00:00-04:00,313.64121239291427,314.63848174869463,296.55798345891793,296.93695068359375,2778900,0.0,0.0
2026-08-06 00:00:00-04:00,302.34217068045064,302.5017069987735,292.917962885864,298.432861328125,1976500,0.0,0.0
2026-08-07 00:00:00-04:00,294.33410031022686,300.666736544948,289.5671234425591,297.3857421875,2300300,0.0,0.0
2026-08-10 00:00:00-04:00,301.37479748265474,319.54504551779155,301.37479748265474,319.4453125,4058700,0.0,0.0
2026-08-11 00:00:00-04:00,318.1289275550896,335.5312901546071,317.13165818971316,335.5013732910156,3183100,0.0,0.0
2026-08-12 00:00:00-04:00,334.1350745102451,347.3987747671996,331.0834328164878,347.2990417480469,2977400,0.0,0.0
2026-08-13 00:00:00-04:00,344.4568348792043,356.2246317251584,343.060663845751,355.3968811035156,2232900,0.0,0.0
2026-08-14 00:00:00-04:00,356.015183191425,359.1167067625857,351.51751902126495,354.4494934082031,2188100,0.0,0.0
2026-08-17 00:00:00-04:00,357.59088447628966,362.34784840383537,354.29987730237,357.2019348144531,3043600,0.0,0.0
2026-08-18 00:00:00-04:00,362.0685991641479,366.2371776437758,355.95533332457796,365.2099914550781,2033800,0.0,0.0
2026-08-19 00:00:00-04:00,365.2099914550781,365.8699951171875,359.0,360.75,2398500,1.0,0.0
2026-08-20 00:00:00-04:00,363.3800048828125,367.6000061035156,356.69000244140625,358.2300109863281,2895700,0.0,0.0
2026-08-21 00:00:00-04:00,358.8800048828125,365.2099914550781,357.75,360.7200012207031,2233200,0.0,0.0
2026-08-24 00:00:00-04:00,359.7799987792969,367.5,357.9700012207031,362.5199890136719,2169000,0.0,0.0
2026-08-25 00:00:00-04:00,358.3399963378906,361.9700012207031,354.6199951171875,354.8800048828125,2205200,0.0,0.0
2026-08-26 00:00:00-04:00,350.7900085449219,365.32000732421875,347.6700134277344,362.2699890136719,2089400,0.0,0.0
2026-08-27 00:00:00-04:00,362.7900085449219,366.6499938964844,356.4100036621094,363.5400085449219,3019500,0.0,0.0
2026-08-28 00:00:00-04:00,363.739990234375,369.1199951171875,363.1499938964844,368.8299865722656,1918600,0.0,0.0
2026-08-31 00:00:00-04:00,374.239990234375,376.55999755859375,366.67999267578125,373.32000732421875,3626500,0.0,0.0
2026-09-01 00:00:00-04:00,380.7799987792969,383.010009765625,373.0,383.0,2376700,0.0,0.0
2026-09-02 00:00:00-04:00,380.3699951171875,391.9800109863281,380.0400085449219,387.0,2398000,0.0,0.0
2026-09-03 00:00:00-04:00,383.95001220703125,398.5199890136719,382.9200134277344,387.7099914550781,2135500,0.0,0.0
2026-09-04 00:00:00-04:00,386.1000061035156,391.0,379.1000061035156,388.8999938964844,1874700,0.0,0.0
2026-09-08 00:00:00-04:00,396.5,399.6199951171875,395.05999755859375,397.7699890136719,1844500,0.0,0.0
2026-09-09 00:00:00-04:00,401.5799865722656,402.0,393.5400085449219,399.44000244140625,1973400,0.0,0.0
2026-09-10 00:00:00-04:00,405.010009765625,405.1300048828125,392.2200012207031,392.4200134277344,2567800,0.0,0.0
2026-09-11 00:00:00-04:00,394.989990234375,409.1099853515625,394.239990234375,395.92999267578125,2357900,0.0,0.0
2026-09-14 00:00:00-04:00,401.0,409.5,388.1600036621094,396.45001220703125,3571300,0.0,0.0
2026-09-15 00:00:00-04:00,397.69000244140625,413.2799987792969,396.760009765625,410.8399963378906,2875200,0.0,0.0
2026-09-16 00:00:00-04:00,405.30999755859375,419.3900146484375,402.6600036621094,413.9200134277344,2868700,0.0,0.0
2026-09-17 00:00:00-04:00,408.760009765625,423.8299865722656,407.0,421.9599914550781,2694600,0.0,0.0
2026-09-18 00:00:00-04:00,420.2699890136719,428.0,419.1499938964844,424.8900146484375,9855700,0.0,0.0
2026-09-21 00:00:00-04:00,419.010009765625,431.0799865722656,399.54998779296875,402.3800048828125,4444600,0.0,0.0
2026-09-22 00:00:00-04:00,391.67999267578125,404.70001220703125,386.95001220703125,389.67999267578125,4703500,0.0,0.0
2026-09-23 00:00:00-04:00,393.04998779296875,400.7200012207031,378.79998779296875,388.3800048828125,4184100,0.0,0.0
2026-09-24 00:00:00-04:00,394.1400146484375,401.0899963378906,387.739990234375,390.95001220703125,2090200,0.0,0.0
2026-09-25 00:00:00-04:00,385.0,394.8699951171875,380.7799987792969,393.5199890136719,1937800,0.0,0.0
2026-09-28 00:00:00-04:00,396.0,398.3299865722656,387.07000732421875,389.44000244140625,2669700,0.0,0.0
2026-09-29 00:00:00-04:00,382.2799987792969,394.2300109863281,380.0,392.0299987792969,1898400,0.0,0.0
2026-09-30 00:00:00-04:00,398.04998779296875,404.07000732421875,393.70001220703125,395.4200134277344,1648500,0.0,0.0
2026-10-01 00:00:00-04:00,393.2099914550781,420.7300109863281,392.8299865722656,420.1499938964844,2115500,0.0,0.0
2026-10-02 00:00:00-04:00,415.8800048828125,424.6700134277344,405.57000732421875,422.3299865722656,2167300,0.0,0.0
