Date,Open,High,Low,Close,Volume,Dividends,Stock Splits
2003-12-02 00:00:00-05:00,7.046069628232486,7.1387810707092285,7.046069628232486,7.1387810707092285,160000,0.0,0.0
2003-12-03 00:00:00-05:00,7.231493949890138,7.231493949890138,7.231493949890138,7.231493949890137,300000,0.0,0.0
2003-12-04 00:00:00-05:00,7.5096235275268555,7.5096235275268555,7.5096235275268555,7.5096235275268555,50000,0.0,0.0
2003-12-05 00:00:00-05:00,7.5096235275268555,7.5096235275268555,7.5096235275268555,7.5096235275268555,0,0.0,0.0
2003-12-08 00:00:00-05:00,7.78776196078246,8.08443832397461,7.78776196078246,8.08443832397461,954000,0.0,0.0
2003-12-09 00:00:00-05:00,8.084436656611102,8.436740384157094,8.084436656611102,8.206815719604492,3014200,0.0,0.0
2003-12-10 00:00:00-05:00,8.25131704542372,8.529451327853733,8.25131704542372,8.34402847290039,2994600,0.0,0.0
2003-12-11 00:00:00-05:00,8.436742916885825,8.529454377510943,8.39224110455955,8.492369651794434,2203200,0.0,0.0
2003-12-12 00:00:00-05:00,8.5294529940386,8.547995000223198,8.499785359743928,8.510910987854004,709000,0.0,0.0
2003-12-15 00:00:00-05:00,8.49236480143109,8.49236480143109,8.306941986083984,8.306941986083984,1287000,0.0,0.0
2003-12-16 00:00:00-05:00,8.288406277584963,8.288406277584963,8.084440601513677,8.140068054199219,885600,0.0,0.0
2003-12-17 00:00:00-05:00,8.121522959948122,8.121522959948122,7.936100058089341,7.9546427726745605,1150800,0.0,0.0
2003-12-18 00:00:00-05:00,7.954642385765794,7.991726398468018,7.954642385765794,7.991726398468018,2425200,0.0,0.0
2003-12-19 00:00:00-05:00,7.991726872060532,8.08443832397461,7.991726872060532,8.08443832397461,1421800,0.0,0.0
2003-12-22 00:00:00-05:00,8.02881145477295,8.084438183488299,8.02881145477295,8.02881145477295,5200,0.0,0.0
2003-12-23 00:00:00-05:00,8.047354309074773,8.102981038756772,8.047354309074773,8.08443832397461,133800,0.0,0.0
2003-12-24 00:00:00-05:00,8.08443314243928,8.102975845336914,8.08443314243928,8.102975845336914,20200,0.0,0.0
2003-12-26 00:00:00-05:00,8.102975845336914,8.102975845336914,8.102975845336914,8.102975845336914,1000,0.0,0.0
2003-12-29 00:00:00-05:00,8.08443832397461,8.08443832397461,8.08443832397461,8.08443832397461,1200,0.0,0.0
2003-12-30 00:00:00-05:00,8.102983750809438,8.121525764465332,8.102983750809438,8.121525764465332,31600,0.0,0.0
2003-12-31 00:00:00-05:00,8.121525764465332,8.1586104991096,8.121525764465332,8.121525764465332,14200,0.0,0.0
2004-01-02 00:00:00-05:00,8.158609074765176,8.32548999786377,8.140067064346379,8.32548999786377,557600,0.0,0.0
2004-01-05 00:00:00-05:00,8.32548469201784,8.344026690619788,8.269857281548182,8.306941986083984,136000,0.0,0.0
2004-01-06 00:00:00-05:00,8.306947280112615,8.344032008282564,8.303238736562385,8.32548999786377,160600,0.0,0.0
2004-01-07 00:00:00-05:00,8.306943739107677,8.306943739107677,8.158605596992407,8.251317024230957,283400,0.0,0.0
2004-01-08 00:00:00-05:00,8.288401077712372,8.288401077712372,8.232774367257658,8.255024909973145,385200,0.0,0.0
2004-01-09 00:00:00-05:00,8.269860082010128,8.269860082010128,7.8433876037597665,7.843387603759766,3456200,0.0,0.0
2004-01-12 00:00:00-05:00,7.880472375339927,7.880472375339927,7.861930370330811,7.8619303703308105,17800,0.0,0.0
2004-01-13 00:00:00-05:00,7.880471206846691,7.917555918698261,7.772925613210342,7.787759780883789,1069600,0.0,0.0
2004-01-14 00:00:00-05:00,7.80630178314355,7.824844492735359,7.787759780883788,7.787759780883789,208600,0.0,0.0
2004-01-15 00:00:00-05:00,7.787760585212972,7.787760585212972,7.6950491496747215,7.732133865356445,54200,0.0,0.0
2004-01-16 00:00:00-05:00,7.695050997506692,7.750677730721005,7.695050997506692,7.713593006134033,493800,0.0,0.0
2004-01-20 00:00:00-05:00,7.787759780883788,7.80630178314355,7.776634155128703,7.787759780883789,856600,0.0,0.0
2004-01-21 00:00:00-05:00,7.80630178314355,7.84338649499512,7.787759780883788,7.787759780883789,969600,0.0,0.0
2004-01-22 00:00:00-05:00,7.824846409166639,8.010269306505506,7.824846409166639,7.973184585571289,863600,0.0,0.0
2004-01-23 00:00:00-05:00,7.973183815049809,7.973183815049809,7.824845652980429,7.8619303703308105,748400,0.0,0.0
2004-01-26 00:00:00-05:00,7.861930016576419,7.861930016576419,7.732133865356445,7.732133865356445,291600,0.0,0.0
2004-01-27 00:00:00-05:00,7.732136282273516,7.732136282273516,7.676509545029142,7.687634468078613,994600,0.0,0.0
2004-01-28 00:00:00-05:00,7.695050239562988,7.695050239562988,7.583796784092556,7.602338790893555,100000,0.0,0.0
2004-01-29 00:00:00-05:00,7.602339279651642,7.602339279651642,7.324204915761948,7.416916370391846,1169000,0.0,0.0
2004-01-30 00:00:00-05:00,7.416916370391846,7.509627825021744,7.416916370391846,7.416916370391846,341200,0.0,0.0
2004-02-02 00:00:00-05:00,7.416915560680523,7.546711724458869,7.416915560680523,7.4725422859191895,80800,0.0,0.0
2004-02-03 00:00:00-05:00,7.416915702515991,7.5318776978519715,7.416915702515991,7.52816915512085,1379200,0.0,0.0
2004-02-04 00:00:00-05:00,7.5096235275268555,7.528165524908992,7.5096235275268555,7.5096235275268555,575200,0.0,0.0
2004-02-05 00:00:00-05:00,7.517047124261394,7.517047124261394,7.424335642336115,7.435460567474365,649000,0.0,0.0
2004-02-06 00:00:00-05:00,7.472545301710972,7.472545301710972,7.416918554022299,7.435460567474365,486600,0.0,0.0
2004-02-09 00:00:00-05:00,7.4354583783849195,7.4354583783849195,7.416916370391846,7.416916370391846,607400,0.0,0.0
2004-02-10 00:00:00-05:00,7.416915353622711,7.454000071857258,7.416915353622711,7.428040981292725,544600,0.0,0.0
2004-02-11 00:00:00-05:00,7.446584007580123,7.446584007580123,7.416916370391846,7.416916370391846,1015600,0.0,0.0
2004-02-12 00:00:00-05:00,7.424333456521982,7.4354583783849195,7.416916370391846,7.416916370391846,188600,0.0,0.0
2004-02-13 00:00:00-05:00,7.424333211660874,7.431750297546387,7.41691612577536,7.431750297546387,927400,0.0,0.0
2004-02-17 00:00:00-05:00,7.4280408435017,7.431749385989577,7.342745780944824,7.342745780944824,276200,0.0,0.0
2004-02-18 00:00:00-05:00,7.324205710529395,7.361290437871961,7.23149424583915,7.235202789306641,442800,0.0,0.0
2004-02-19 00:00:00-05:00,7.242618380668671,7.250034758739857,7.2314927525635975,7.246326923370361,680800,0.0,0.0
2004-02-20 00:00:00-05:00,7.250034758739857,7.2574518441432385,7.2314927525635975,7.246326923370361,210200,0.0,0.0
2004-02-23 00:00:00-05:00,7.231492513185972,7.238909598343833,7.046069628232486,7.1387810707092285,94800,0.0,0.0
2004-02-24 00:00:00-05:00,7.12023844084786,7.2685765943380005,6.71230798825089,6.838395595550537,2856800,0.0,0.0
2004-02-25 00:00:00-05:00,6.860646010015567,7.138780307718901,6.823561295522037,7.120238304138184,2178200,0.0,0.0
2004-02-26 00:00:00-05:00,7.120241116827782,7.17586785687611,7.083156387684771,7.101698398590088,1029200,0.0,0.0
2004-02-27 00:00:00-05:00,7.083155099812128,7.157323837280273,7.083155099812128,7.157323837280273,1516600,0.0,0.0
2004-03-01 00:00:00-05:00,7.120239998509078,7.4910858170286705,7.120239998509078,7.416916370391846,1330400,0.0,0.0
2004-03-02 00:00:00-05:00,7.416916514965354,7.4354585233198565,7.324205058528288,7.379831790924072,303800,0.0,0.0
2004-03-03 00:00:00-05:00,7.379827910141107,7.4132040734937235,7.342743205601321,7.405786991119385,465600,0.0,0.0
2004-03-04 00:00:00-05:00,7.398373210930834,7.398373210930834,6.990442732582309,7.342745780944824,385200,0.0,0.0
2004-03-05 00:00:00-05:00,7.342744408032038,7.37982911864473,7.324202406391703,7.3612871170043945,160800,0.0,0.0
2004-03-08 00:00:00-05:00,7.379832145857319,7.379832145857319,7.0720301239758,7.231493949890137,99000,0.0,0.0
2004-03-09 00:00:00-05:00,7.268578675715011,7.324205410786164,7.231493949890138,7.231493949890137,94800,0.0,0.0
2004-03-10 00:00:00-05:00,7.305660160683547,7.305660160683547,7.194406032562255,7.194406032562256,129800,0.0,0.0
2004-03-11 00:00:00-05:00,7.287118775105469,7.453999643914012,7.287118775105469,7.3242034912109375,2046200,0.0,0.0
2004-03-12 00:00:00-05:00,7.379830890396703,7.416915609912706,7.324204164788797,7.398373603820801,764400,0.0,0.0
2004-03-15 00:00:00-05:00,7.409496745668478,7.409496745668478,7.324202406391703,7.3612871170043945,35800,0.0,0.0
2004-03-16 00:00:00-05:00,7.379831790924072,7.398374506610853,7.34274706688279,7.379831790924072,1954800,0.0,0.0
2004-03-17 00:00:00-05:00,7.398373886753689,7.620880797694554,7.398373886753689,7.602338790893555,1440400,0.0,0.0
2004-03-18 00:00:00-05:00,7.5837980637513605,7.657966810802504,7.56525534648932,7.639424800872803,821600,0.0,0.0
2004-03-19 00:00:00-05:00,7.65796422958374,7.676506940595713,7.639422225903868,7.65796422958374,66600,0.0,0.0
2004-03-22 00:00:00-05:00,7.657965518628771,7.713592246363987,7.657965518628771,7.695050239562988,825400,0.0,0.0
2004-03-23 00:00:00-05:00,7.6950503027972905,7.824846473467545,7.6950503027972905,7.776636123657227,3840000,0.0,0.0
2004-03-24 00:00:00-05:00,7.776635399402829,7.899014472961426,7.750676309152848,7.899014472961426,1556200,0.0,0.0
2004-03-25 00:00:00-05:00,8.158607096643863,8.214233821745452,7.787761319523687,7.90272331237793,1995400,0.0,0.0
2004-03-26 00:00:00-05:00,7.9249753437012185,7.950934437466441,7.89901554260374,7.906432628631592,902800,0.0,0.0
2004-03-29 00:00:00-05:00,7.9175530603513185,8.23277193629319,7.9175530603513185,8.102975845336914,1548800,0.0,0.0
2004-03-30 00:00:00-05:00,8.121522466599954,8.158607186185417,8.036228106685924,8.154898643493652,492800,0.0,0.0
2004-03-31 00:00:00-05:00,8.102977660786028,8.232773780822754,8.084434953733952,8.232773780822754,1969800,0.0,0.0
2004-04-01 00:00:00-05:00,8.25131768075323,8.288402396065734,8.214232965440726,8.24760913848877,852600,0.0,0.0
2004-04-02 00:00:00-05:00,8.292110299859713,8.34402847290039,8.2884017578808,8.34402847290039,1118400,0.0,0.0
2004-04-05 00:00:00-04:00,8.366281365999793,8.403366088867188,8.26986136947747,8.403366088867188,847600,0.0,0.0
2004-04-06 00:00:00-04:00,8.403366088867188,8.455284276482187,8.366281365999793,8.403366088867188,683600,0.0,0.0
2004-04-07 00:00:00-04:00,8.403361934944309,8.403361934944309,8.288399987482038,8.306941986083984,629200,0.0,0.0
2004-04-08 00:00:00-04:00,8.344029792630208,8.344029792630208,8.214233632167304,8.2290678024292,387400,0.0,0.0
2004-04-12 00:00:00-04:00,8.255030194971992,8.277280751932631,8.15119308360159,8.210528373718262,500000,0.0,0.0
2004-04-13 00:00:00-04:00,8.169732814260714,8.232776625356344,8.102980460473319,8.154898643493652,921800,0.0,0.0
2004-04-14 00:00:00-04:00,8.158607196065763,8.158607196065763,7.973184305246087,8.047353744506836,331000,0.0,0.0
2004-04-15 00:00:00-04:00,8.047356647411503,8.047356647411503,7.787764223688893,7.876767158508301,383000,0.0,0.0
2004-04-16 00:00:00-04:00,7.913847743767817,7.936098288977762,7.880471572286859,7.917556285858154,406400,0.0,0.0
2004-04-19 00:00:00-04:00,7.917556732349014,8.010268167839442,7.917556732349014,7.976891994476318,225400,0.0,0.0
2004-04-20 00:00:00-04:00,7.991729493786047,7.991729493786047,7.795181603942354,7.880475997924805,146200,0.0,0.0
2004-04-21 00:00:00-04:00,7.880472204009057,7.880472204009057,7.702466413395859,7.7284255027771,521000,0.0,0.0
2004-04-22 00:00:00-04:00,7.728428936072185,7.7506794929504395,7.672802190210324,7.7506794929504395,553600,0.0,0.0
2004-04-23 00:00:00-04:00,7.769217778624027,7.824844492735359,7.765509236705665,7.787759780883789,816200,0.0,0.0
2004-04-26 00:00:00-04:00,7.787760935630045,7.861930370330811,7.784052393161792,7.8619303703308105,468000,0.0,0.0
2004-04-27 00:00:00-04:00,7.880474452308826,7.880474452308826,7.850806812075781,7.8730573654174805,412800,0.0,0.0
2004-04-28 00:00:00-04:00,7.8730569821223755,8.140066438552926,7.8619320596593045,8.065896987915039,809600,0.0,0.0
2004-04-29 00:00:00-04:00,8.010269024876461,8.047353744506836,7.973184305246087,8.047353744506836,187000,0.0,0.0
2004-04-30 00:00:00-04:00,8.025102488329294,8.099271927590042,8.010269024876461,8.047353744506836,177600,0.0,0.0
2004-05-03 00:00:00-04:00,8.047355843536604,8.047355843536604,7.639425235864413,7.824848175048828,1691000,0.0,0.0
2004-05-04 00:00:00-04:00,7.824842434346206,7.824842434346206,7.5022064456412565,7.5096235275268555,891400,0.0,0.0
2004-05-05 00:00:00-04:00,7.528167595140369,7.528167595140369,7.379829453294993,7.413205623626709,697200,0.0,0.0
2004-05-06 00:00:00-04:00,7.4280408435017,7.4280408435017,7.3056617707303575,7.342745780944824,112000,0.0,0.0
2004-05-07 00:00:00-04:00,7.309367784181457,7.402079201275582,7.231490533341741,7.3019514083862305,937200,0.0,0.0
2004-05-10 00:00:00-04:00,7.250032127167383,7.287116833391316,7.109111092314763,7.275991916656494,549600,0.0,0.0
2004-05-11 00:00:00-04:00,7.275996030524884,7.691342994541838,7.275996030524884,7.639424800872803,1532800,0.0,0.0
2004-05-12 00:00:00-04:00,7.676508414856633,7.676508414856633,7.439166619646984,7.598630428314209,132200,0.0,0.0
2004-05-13 00:00:00-04:00,7.602337019729084,7.602337019729084,7.368704534739123,7.413205623626709,198400,0.0,0.0
2004-05-14 00:00:00-04:00,7.491089200518642,7.861935186537732,7.472546476818137,7.769223690032959,794200,0.0,0.0
2004-05-17 00:00:00-04:00,7.843386659549652,7.843386659549652,7.509625660547296,7.53929328918457,133400,0.0,0.0
2004-05-18 00:00:00-04:00,7.539294977505051,7.695050239562988,7.539294977505051,7.602338790893555,210600,0.0,0.0
2004-05-19 00:00:00-04:00,7.602340073681062,7.680217364184614,7.602340073681062,7.639424800872803,131000,0.0,0.0
2004-05-20 00:00:00-04:00,7.639422797450453,7.669090429957104,7.583796074916999,7.587503910064697,157600,0.0,0.0
2004-05-21 00:00:00-04:00,7.568963347072369,7.60233952841786,7.509628070754228,7.572671890258789,137800,0.0,0.0
2004-05-24 00:00:00-04:00,7.5726727580555435,7.676509857177734,7.524463105772036,7.676509857177734,174600,0.0,0.0
2004-05-25 00:00:00-04:00,7.676508232761989,7.8619311301008565,7.639423511827772,7.695050239562988,331200,0.0,0.0
2004-05-26 00:00:00-04:00,7.7135939871387516,7.843390186034318,7.7135939871387516,7.824848175048828,429600,0.0,0.0
2004-05-27 00:00:00-04:00,7.861929467688283,7.876762928526088,7.832261838680601,7.865637302398682,396400,0.0,0.0
2004-05-28 00:00:00-04:00,7.917558182745662,7.917558182745662,7.784053464836789,7.839680194854736,638600,0.0,0.0
2004-06-01 00:00:00-04:00,7.85451720781992,7.8878933993696085,7.739555163222385,7.806306838989258,657000,0.0,0.0
2004-06-02 00:00:00-04:00,7.8433913833812205,7.936102867126465,7.8433913833812205,7.936102867126465,787600,0.0,0.0
2004-06-03 00:00:00-04:00,7.93609919074661,7.93609919074661,7.828554287234951,7.899014472961426,652200,0.0,0.0
2004-06-04 00:00:00-04:00,7.973183495500645,8.021393130991491,7.936098779636542,8.010268211364746,550000,0.0,0.0
2004-06-07 00:00:00-04:00,8.04735497892172,8.110398799764232,8.021395176065846,8.065896987915039,452600,0.0,0.0
2004-06-08 00:00:00-04:00,8.102980460473319,8.154898643493652,8.073312826271387,8.154898643493652,200800,0.0,0.0
2004-06-09 00:00:00-04:00,8.158603873304141,8.622160911560059,8.158603873304141,8.622160911560059,2725800,0.0,0.0
2004-06-10 00:00:00-04:00,8.622161464426913,8.711164336599229,8.436738637234937,8.551700592041016,2685000,0.0,0.0
2004-06-14 00:00:00-04:00,8.596204398261898,8.711166380035374,8.585078771381065,8.603621482849121,895200,0.0,0.0
2004-06-15 00:00:00-04:00,8.633289550312114,8.633289550312114,8.566537200316759,8.570245742797852,1659800,0.0,0.0
2004-06-16 00:00:00-04:00,8.603618871587653,8.603618871587653,8.51090746438232,8.529449462890625,1015600,0.0,0.0
2004-06-17 00:00:00-04:00,8.547991461398931,8.577659083411362,8.525740921722583,8.529449462890625,616200,0.0,0.0
2004-06-18 00:00:00-04:00,8.529453934958168,8.54799594318821,8.52203684873324,8.525745391845703,1063400,0.0,0.0
2004-06-21 00:00:00-04:00,8.607326705423791,8.677787572952777,8.51090746438232,8.529449462890625,623000,0.0,0.0
2004-06-22 00:00:00-04:00,8.566537998522108,8.566537998522108,8.433033286091813,8.436741828918457,536200,0.0,0.0
2004-06-23 00:00:00-04:00,8.418199458741462,8.47382618407552,8.325488014073965,8.351447105407715,814200,0.0,0.0
2004-06-24 00:00:00-04:00,8.418197808779665,8.618454122198598,8.381113096714811,8.566535949707031,769000,0.0,0.0
2004-06-25 00:00:00-04:00,8.622164863876357,8.863214492797852,8.529453413727149,8.863214492797852,4594000,0.0,0.0
2004-06-28 00:00:00-04:00,8.826129041670036,8.900298478591164,8.737126141763985,8.892881393432617,1200000,0.0,0.0
2004-06-29 00:00:00-04:00,8.892881986612338,8.97446851413406,8.881757065464626,8.900299072265625,1418800,0.0,0.0
2004-06-30 00:00:00-04:00,8.993007067495993,9.196971893310547,8.970756526412867,9.196971893310547,1951400,0.0,0.0
2004-07-01 00:00:00-04:00,9.182140033510668,9.245183833664502,8.937381916991566,9.08572006225586,782600,0.0,0.0
2004-07-02 00:00:00-04:00,9.082011305797348,9.196973277246615,9.03009313301356,9.163597106933594,316000,0.0,0.0
2004-07-06 00:00:00-04:00,9.174723722637646,9.493651292333363,9.159890260527124,9.441732406616211,2400200,0.0,0.0
2004-07-07 00:00:00-04:00,9.452859221455583,9.664241211248736,9.434317214654584,9.641990661621094,2822600,0.0,0.0
2004-07-08 00:00:00-04:00,9.641990661621094,9.734702110290527,9.571529762579303,9.641990661621094,1463800,0.0,0.0
2004-07-09 00:00:00-04:00,9.679075382555311,9.808871552158962,9.590072476712521,9.641990661621094,457200,0.0,0.0
2004-07-12 00:00:00-04:00,9.604905575832747,9.901582624704625,9.604905575832747,9.849663734436035,1455400,0.0,0.0
2004-07-13 00:00:00-04:00,9.90158256907854,10.049920739015032,9.84595513643669,10.046212196350098,1437800,0.0,0.0
2004-07-14 00:00:00-04:00,10.012838083728285,10.031380093542996,9.883041893028304,9.994296073913574,1346200,0.0,0.0
2004-07-15 00:00:00-04:00,9.994290606279355,10.038791688422132,9.916412651531573,9.920121192932129,813600,0.0,0.0
2004-07-16 00:00:00-04:00,9.886748377299655,9.938666559833479,9.864497828689757,9.875622749328613,1167200,0.0,0.0
2004-07-19 00:00:00-04:00,9.790328838025744,9.827413558959961,9.604905940686876,9.641990661621094,538400,0.0,0.0
2004-07-20 00:00:00-04:00,9.641990144212048,9.641990144212048,9.545570157890065,9.608613967895508,655600,0.0,0.0
2004-07-21 00:00:00-04:00,9.638283137157178,9.742120225277771,9.60490695552314,9.630866050720215,1018800,0.0,0.0
2004-07-22 00:00:00-04:00,9.612320436258901,9.641988063545762,9.441731048860436,9.567818641662598,656600,0.0,0.0
2004-07-23 00:00:00-04:00,9.582656698146435,9.634574890136719,9.527029962823658,9.634574890136719,513000,0.0,0.0
2004-07-26 00:00:00-04:00,9.63457178736667,9.63457178736667,9.423189836815324,9.512192726135254,1213600,0.0,0.0
2004-07-27 00:00:00-04:00,9.493653875936264,9.679076800437628,9.493653875936264,9.593782424926758,517000,0.0,0.0
2004-07-28 00:00:00-04:00,9.630863146137632,9.786618377677986,9.586362055601578,9.734700202941895,900200,0.0,0.0
2004-07-29 00:00:00-04:00,9.734697212914751,9.842242778786247,9.734697212914751,9.786615371704102,931600,0.0,0.0
2004-07-30 00:00:00-04:00,9.768078799168256,9.864498795706108,9.734702619315451,9.860790252685547,523400,0.0,0.0
2004-08-02 00:00:00-04:00,9.860793561021202,10.02396597200966,9.860793561021202,10.001714706420898,1218200,0.0,0.0
2004-08-03 00:00:00-04:00,9.994290606279355,9.994290606279355,9.920121192932129,9.920121192932129,193000,0.0,0.0
2004-08-04 00:00:00-04:00,9.920124344326855,10.064753968234296,9.91641580174818,10.031377792358398,2228400,0.0,0.0
2004-08-05 00:00:00-04:00,10.383681000976535,10.543144786664673,10.246467762237492,10.272427558898926,5007200,0.0,0.0
2004-08-06 00:00:00-04:00,10.2724276843014,10.302095316373078,10.235342967378768,10.250176429748535,1383600,0.0,0.0
2004-08-09 00:00:00-04:00,10.25017570042255,10.283551872544907,10.164881352701904,10.2798433303833,453200,0.0,0.0
2004-08-10 00:00:00-04:00,10.290969563467815,10.331762822317936,10.250176304617696,10.272427558898926,351200,0.0,0.0
2004-08-11 00:00:00-04:00,10.272427558898926,10.28726102108761,10.235342842429011,10.272427558898926,528400,0.0,0.0
2004-08-12 00:00:00-04:00,10.2724285762405,10.29097058264572,10.213093306945156,10.261302947998047,983400,0.0,0.0
2004-08-13 00:00:00-04:00,10.242761835120586,10.261303843143317,10.120382743106665,10.179718017578125,1408000,0.0,0.0
2004-08-16 00:00:00-04:00,10.198257519181267,10.198257519181267,10.172298431396484,10.172298431396484,390000,0.0,0.0
2004-08-17 00:00:00-04:00,10.142632035528903,10.22421785096953,10.138923492918124,10.190841674804688,408000,0.0,0.0
2004-08-18 00:00:00-04:00,10.187135862427029,10.187135862427029,10.087008014429625,10.135217666625977,1308000,0.0,0.0
2004-08-19 00:00:00-04:00,10.142630043090533,10.198256756660456,10.09071116407084,10.1240873336792,915200,0.0,0.0
2004-08-20 00:00:00-04:00,10.161176533116272,10.213095435067292,10.105549794977362,10.198261260986328,797600,0.0,0.0
2004-08-23 00:00:00-04:00,10.198261260986328,10.235345988856386,10.14263452284742,10.198261260986328,818400,0.0,0.0
2004-08-24 00:00:00-04:00,10.17971475458116,10.190839672895923,10.116670957246706,10.1240873336792,247000,0.0,0.0
2004-08-25 00:00:00-04:00,10.12779669451407,10.198257581310656,10.124088152331922,10.161172866821289,1138800,0.0,0.0
2004-08-26 00:00:00-04:00,10.179719250717476,10.198261260986328,10.14263452284742,10.198261260986328,499200,0.0,0.0
2004-08-27 00:00:00-04:00,10.198257355649591,10.231633527218285,10.127796470412122,10.131505012512207,260600,0.0,0.0
2004-08-30 00:00:00-04:00,10.179717204853006,10.198259211395387,10.105547764019065,10.142632484436035,525800,0.0,0.0
2004-08-31 00:00:00-04:00,10.161174490978416,10.183425040295715,10.101839221244147,10.142632484436035,510000,0.0,0.0
2004-09-01 00:00:00-04:00,10.15375740542858,10.15375740542858,10.09442213569431,10.142632484436035,329600,0.0,0.0
2004-09-02 00:00:00-04:00,10.153754961405294,10.15746350328756,10.087003329520611,10.1240873336792,259000,0.0,0.0
2004-09-03 00:00:00-04:00,10.094418175845433,10.124085799074521,10.068459093936472,10.08700180053711,124000,0.0,0.0
2004-09-07 00:00:00-04:00,10.105545638788323,10.11296272277832,10.07958655215539,10.11296272277832,713400,0.0,0.0
2004-09-08 00:00:00-04:00,10.142632325356615,10.153757246174674,9.96091797622894,10.009127616882324,394000,0.0,0.0
2004-09-09 00:00:00-04:00,10.00912784966202,10.08700583386061,9.979460214570226,10.023962020874023,958200,0.0,0.0
2004-09-10 00:00:00-04:00,10.005423250685691,10.049925074530723,9.983172692429424,10.001714706420898,451600,0.0,0.0
2004-09-13 00:00:00-04:00,9.975749725801643,9.97945826788122,9.83112012135852,9.853370666503906,363800,0.0,0.0
2004-09-14 00:00:00-04:00,9.808871474214156,9.868206744304517,9.712451483484267,9.760661125183105,903000,0.0,0.0
2004-09-15 00:00:00-04:00,9.782910208052623,9.79774437701749,9.697615858500951,9.71245002746582,311200,0.0,0.0
2004-09-16 00:00:00-04:00,9.738409115822233,9.749534742545883,9.70132440074217,9.71245002746582,428800,0.0,0.0
2004-09-17 00:00:00-04:00,9.716156551388488,9.716156551388488,9.641987136635432,9.660529136657715,972200,0.0,0.0
2004-09-20 00:00:00-04:00,9.679075525114165,9.679075525114165,9.593781160841754,9.60490608215332,561600,0.0,0.0
2004-09-21 00:00:00-04:00,9.604905877706186,9.82370495171793,9.57523824261979,9.745827674865723,3546800,0.0,0.0
2004-09-22 00:00:00-04:00,9.705032493154068,9.705032493154068,9.571527807986639,9.653114318847656,768200,0.0,0.0
2004-09-23 00:00:00-04:00,9.623445136613148,9.697613844034244,9.623445136613148,9.660529136657715,430200,0.0,0.0
2004-09-24 00:00:00-04:00,9.62344903275833,9.62344903275833,9.512194865586434,9.527029037475586,300400,0.0,0.0
2004-09-27 00:00:00-04:00,9.527026096225685,9.619737519913624,9.489941385284101,9.567818641662598,4346800,0.0,0.0
2004-09-28 00:00:00-04:00,9.604904424466847,9.730992031339799,9.604904424466847,9.71245002746582,844400,0.0,0.0
2004-09-29 00:00:00-04:00,9.727284361994993,9.727284361994993,9.567820567973408,9.645698547363281,344600,0.0,0.0
2004-09-30 00:00:00-04:00,9.623447177965447,9.990584373474121,9.623447177965447,9.990584373474121,1140600,0.0,0.0
2004-10-01 00:00:00-04:00,10.020254636970924,10.201969011340992,9.957210816692957,10.146342277526855,1098400,0.0,0.0
2004-10-04 00:00:00-04:00,10.213093807774477,10.24276144387699,10.127798735064044,10.216801643371582,1424000,0.0,0.0
2004-10-05 00:00:00-04:00,10.246470912084757,10.328057454865352,10.194552717466088,10.198261260986328,1317000,0.0,0.0
2004-10-06 00:00:00-04:00,10.224216905631275,10.328053967135734,10.161173101741445,10.176007270812988,953600,0.0,0.0
2004-10-07 00:00:00-04:00,10.179717204853006,10.239052474587275,10.142632484436035,10.142632484436035,1179200,0.0,0.0
2004-10-08 00:00:00-04:00,10.161174925447066,10.305805270524093,10.161174925447066,10.294679641723633,1007200,0.0,0.0
2004-10-11 00:00:00-04:00,10.328054705158529,10.383681428487566,10.135214737441183,10.253885269165039,424200,0.0,0.0
2004-10-12 00:00:00-04:00,10.253885269165039,10.298387072227566,10.198258545836001,10.253885269165039,749800,0.0,0.0
2004-10-13 00:00:00-04:00,10.235342385027097,10.257592930981849,10.124088240589131,10.227925300598145,713000,0.0,0.0
2004-10-14 00:00:00-04:00,10.179715125907407,10.190840044627974,10.016542813795821,10.101837158203125,260000,0.0,0.0
2004-10-15 00:00:00-04:00,10.101840027751669,10.265012386214316,10.072172390515938,10.179718017578125,617200,0.0,0.0
2004-10-18 00:00:00-04:00,10.27242873001737,10.27242873001737,9.998002221253017,10.023962020874023,317800,0.0,0.0
2004-10-19 00:00:00-04:00,10.02396006550407,10.027668607583648,9.768076320669863,9.853370666503906,899400,0.0,0.0
2004-10-20 00:00:00-04:00,9.897873872999401,9.897873872999401,9.641990091742457,9.80516242980957,1638800,0.0,0.0
2004-10-21 00:00:00-04:00,9.771785453547484,9.96833324432373,9.771785453547484,9.96833324432373,259600,0.0,0.0
2004-10-22 00:00:00-04:00,9.934959115598645,10.03137839914781,9.81999641070226,10.023962020874023,363400,0.0,0.0
2004-10-25 00:00:00-04:00,10.049921824995474,10.194551467895508,10.03508765273277,10.194551467895508,527600,0.0,0.0
2004-10-26 00:00:00-04:00,10.161174632703478,10.346597530042345,10.157466089876834,10.290970802307129,491400,0.0,0.0
2004-10-27 00:00:00-04:00,10.309511107320304,10.309511107320304,10.168590039830738,10.227925300598145,436200,0.0,0.0
2004-10-28 00:00:00-04:00,10.124088096256338,10.287260414706513,10.124088096256338,10.2798433303833,1143200,0.0,0.0
2004-10-29 00:00:00-04:00,10.302096133769519,10.302096133769519,10.161174339748824,10.287261962890625,610800,0.0,0.0
2004-11-01 00:00:00-05:00,10.298388554382216,10.420767646251885,10.272429460248082,10.365140914916992,1448200,0.0,0.0
2004-11-02 00:00:00-05:00,10.383681742799709,10.550562625170436,10.365139736906155,10.535728454589844,1854000,0.0,0.0
2004-11-03 00:00:00-05:00,10.64698433037316,10.743404339118317,10.554272865118085,10.661818504333496,1078800,0.0,0.0
2004-11-04 00:00:00-05:00,10.569106366105203,10.854657830668499,10.494936915690843,10.85094928741455,714200,0.0,0.0
2004-11-05 00:00:00-05:00,10.8361138658438,10.858365122803662,10.684067146612506,10.84723949432373,475400,0.0,0.0
2004-11-08 00:00:00-05:00,10.847239776773804,11.095706493970972,10.698901596506593,10.865781784057617,1085800,0.0,0.0
2004-11-09 00:00:00-05:00,10.865783164801455,11.588932858078483,10.865783164801455,11.533306121826172,3572800,0.0,0.0
2004-11-10 00:00:00-05:00,11.499927502521722,11.577804775311362,11.403507516687752,11.422049522399902,2159800,0.0,0.0
2004-11-11 00:00:00-05:00,11.440592625255826,11.496219351619805,11.403507905235774,11.477677345275879,258800,0.0,0.0
2004-11-12 00:00:00-05:00,11.45913462071362,11.633432592442624,11.45913462071362,11.585222244262695,782600,0.0,0.0
2004-11-15 00:00:00-05:00,11.60747323149611,11.718727395650356,11.499928317545788,11.64455795288086,853200,0.0,0.0
2004-11-16 00:00:00-05:00,11.737268316840357,11.911565571692222,11.711309226472224,11.867064476013184,1789400,0.0,0.0
2004-11-17 00:00:00-05:00,11.904148625989441,12.004277153437664,11.792895178157309,11.82997989654541,637000,0.0,0.0
2004-11-18 00:00:00-05:00,11.79289532230963,11.974610373899331,11.79289532230963,11.88560676574707,1279400,0.0,0.0
2004-11-19 00:00:00-05:00,11.922689337035028,11.922689337035028,11.626012364675152,11.674221992492676,808200,0.0,0.0
2004-11-22 00:00:00-05:00,11.663097975832656,11.829978122555989,11.663097975832656,11.792893409729004,659000,0.0,0.0
2004-11-23 00:00:00-05:00,11.811439060981463,11.885607797772167,11.796604889223978,11.859648704528809,1215200,0.0,0.0
2004-11-24 00:00:00-05:00,11.79289407746678,11.859646422868593,11.770643531443543,11.774352073669434,524600,0.0,0.0
2004-11-26 00:00:00-05:00,11.752102486954811,11.867064476013184,11.752102486954811,11.867064476013184,137000,0.0,0.0
2004-11-29 00:00:00-05:00,11.867066027161556,11.867066027161556,11.774354573824356,11.781771659851074,560200,0.0,0.0
2004-11-30 00:00:00-05:00,11.77435303479433,11.867064476013184,11.759518864679876,11.867064476013184,730200,0.0,0.0
2004-12-01 00:00:00-05:00,11.867063486663882,12.089570361173147,11.811436768036566,11.956067085266113,895000,0.0,0.0
2004-12-02 00:00:00-05:00,11.685350121198198,12.08586351845946,11.603764307669257,11.681641578674316,1409800,0.0,0.0
2004-12-03 00:00:00-05:00,11.685351885069895,11.766937710913991,11.54072224146782,11.718728065490723,1104000,0.0,0.0
2004-12-06 00:00:00-05:00,11.700187551127701,11.95977995716185,11.700187551127701,11.911569595336914,368200,0.0,0.0
2004-12-07 00:00:00-05:00,11.91156430964189,11.91156430964189,11.755809783935547,11.755809783935547,911800,0.0,0.0
2004-12-08 00:00:00-05:00,11.700184021233428,11.75581145383848,11.570388564707477,11.648265838623047,688600,0.0,0.0
2004-12-09 00:00:00-05:00,11.681642595313889,11.855939865112305,11.681642595313889,11.855939865112305,209400,0.0,0.0
2004-12-10 00:00:00-05:00,11.859647390955956,11.867064476013184,11.80772921021969,11.867064476013184,303200,0.0,0.0
2004-12-13 00:00:00-05:00,11.867064476013184,11.922691906610225,11.82997975805921,11.867064476013184,828200,0.0,0.0
2004-12-14 00:00:00-05:00,11.681645539553434,11.952362869599183,11.622310253716899,11.911569595336914,11119200,0.0,0.0
2004-12-15 00:00:00-05:00,11.922691851356392,12.831262839359063,11.918982601512807,12.723718643188477,21845600,0.0,0.0
2004-12-16 00:00:00-05:00,12.723721685125806,12.83126590700764,12.564257855671258,12.705178260803223,2102600,0.0,0.0
2004-12-17 00:00:00-05:00,12.708882503399941,12.720007421877819,12.419623305662357,12.567960739135742,1474200,0.0,0.0
2004-12-20 00:00:00-05:00,12.60133690923347,12.794176845946561,12.553126571389173,12.567960739135742,1384400,0.0,0.0
2004-12-21 00:00:00-05:00,12.794182250959755,12.979605182133085,12.656969677997607,12.853517532348633,3590400,0.0,0.0
2004-12-22 00:00:00-05:00,12.942519973367366,13.161319068648101,12.868350524775417,13.087149620056152,3147200,0.0,0.0
2004-12-23 00:00:00-05:00,13.0982743036832,13.20211068102225,13.024104856441932,13.165026664733887,1350600,0.0,0.0
2004-12-27 00:00:00-05:00,13.168733907353394,13.294821537584973,13.13164989273536,13.157608985900879,904200,0.0,0.0
2004-12-28 00:00:00-05:00,13.161321889021535,13.350452679528987,13.15761263773156,13.272575378417969,2360200,0.0,0.0
2004-12-29 00:00:00-05:00,13.239192173276633,13.331903601080162,13.13535441216508,13.279985427856445,746400,0.0,0.0
2004-12-30 00:00:00-05:00,13.283694736029437,13.313363075256348,13.220651637168668,13.313363075256348,325200,0.0,0.0
2004-12-31 00:00:00-05:00,13.313362977139603,13.417199334339982,13.294819557927307,13.368988990783691,585200,0.0,0.0
2005-01-03 00:00:00-05:00,13.368989119351157,13.413490213627242,13.072312799736796,13.131648063659668,1489000,0.0,0.0
2005-01-04 00:00:00-05:00,13.113107289108465,13.202109486010164,12.757095672172843,12.87205696105957,2065600,0.0,0.0
2005-01-05 00:00:00-05:00,12.90914327538664,12.949935126547675,12.694052024548125,12.712594032287598,1796000,0.0,0.0
2005-01-06 00:00:00-05:00,12.775634317977998,12.860928657015421,12.690339978940575,12.838677406311035,1399800,0.0,0.0
2005-01-07 00:00:00-05:00,12.872056519897086,13.020395395868468,12.757095234950413,12.812721252441406,845600,0.0,0.0
2005-01-10 00:00:00-05:00,12.831263106261623,12.90914179328938,12.797886930296682,12.864639282226562,639000,0.0,0.0
2005-01-11 00:00:00-05:00,12.864643225711907,12.864643225711907,12.579091724849706,12.653261184692383,1458200,0.0,0.0
2005-01-12 00:00:00-05:00,12.682926332576587,12.682926332576587,12.556838707075423,12.63100814819336,1669800,0.0,0.0
2005-01-13 00:00:00-05:00,12.660676385121256,12.942520007582841,12.645842212430736,12.716303825378418,1315200,0.0,0.0
2005-01-14 00:00:00-05:00,12.753385098536542,12.894306879447873,12.627297487124146,12.694049835205078,1141600,0.0,0.0
2005-01-18 00:00:00-05:00,12.72000662615713,12.842386380414503,12.516041783725514,12.608753204345703,929600,0.0,0.0
2005-01-19 00:00:00-05:00,12.627304749753646,12.701474225242825,12.449298857378665,12.512343406677246,884400,0.0,0.0
2005-01-20 00:00:00-05:00,12.493793354330496,12.493793354330496,12.274994295680115,12.423333168029785,867600,0.0,0.0
2005-01-21 00:00:00-05:00,12.41591867416639,12.575382500090106,12.312082290649414,12.312082290649414,615800,0.0,0.0
2005-01-24 00:00:00-05:00,12.404790284021455,12.516043723071467,12.360289191334298,12.39737319946289,970800,0.0,0.0
2005-01-25 00:00:00-05:00,12.393663949851494,12.682924588978599,12.367704861228633,12.39737319946289,660400,0.0,0.0
2005-01-26 00:00:00-05:00,12.404794135563325,12.56054871566045,12.356583778296024,12.493796348571777,1033800,0.0,0.0
2005-01-27 00:00:00-05:00,12.49378899762031,12.682921064647097,12.460412833713455,12.601334571838379,448400,0.0,0.0
2005-01-28 00:00:00-05:00,12.775635411228029,12.868346841767181,12.605046718555387,12.786760330200195,712200,0.0,0.0
2005-01-31 00:00:00-05:00,12.923978227414565,13.053775132960853,12.894311292926536,12.979605674743652,1006200,0.0,0.0
2005-02-01 00:00:00-05:00,12.979602329977666,13.124231958165401,12.94251831775777,13.101982116699219,1604800,0.0,0.0
2005-02-02 00:00:00-05:00,13.0982743036832,13.268863042072937,13.01668777025135,13.165026664733887,2563600,0.0,0.0
2005-02-03 00:00:00-05:00,13.350448165295687,13.350448165295687,13.146483267925436,13.19840145111084,1352200,0.0,0.0
2005-02-04 00:00:00-05:00,13.202108710483849,13.235484886027486,12.949933476301778,13.068605422973633,905200,0.0,0.0
2005-02-07 00:00:00-05:00,12.9833113069926,13.309656018948752,12.972186385281264,13.239195823669434,1327200,0.0,0.0
2005-02-08 00:00:00-05:00,13.246614131095056,13.417202881498977,13.176152514654355,13.35045051574707,2152200,0.0,0.0
2005-02-09 00:00:00-05:00,13.361575438484175,13.439454141637826,13.331908506297017,13.35045051574707,1135400,0.0,0.0
2005-02-10 00:00:00-05:00,13.406074414544017,13.432033503844112,13.331904981687632,13.368988990783691,2756400,0.0,0.0
2005-02-11 00:00:00-05:00,13.387527937967596,13.739831602580205,13.313359936713526,13.628578186035156,2689000,0.0,0.0
2005-02-14 00:00:00-05:00,13.584082406419135,14.003137152852611,13.561831148556275,13.943801879882812,4220600,0.0,0.0
2005-02-15 00:00:00-05:00,13.992012746062766,14.155184399067174,13.954928729591394,13.977178573608398,2865600,0.0,0.0
2005-02-16 00:00:00-05:00,13.888177209766411,14.18856143951416,13.747255392239841,14.18856143951416,2145200,0.0,0.0
2005-02-17 00:00:00-05:00,14.147769473517572,14.392527673262578,14.051348762144455,14.273857116699219,1947600,0.0,0.0
2005-02-18 00:00:00-05:00,14.273853862422717,14.284978782481481,14.09213881836519,14.218226432800293,1120600,0.0,0.0
2005-02-22 00:00:00-05:00,14.192269718485182,14.195977554237313,13.684211340571032,13.721295356750488,1992800,0.0,0.0
2005-02-23 00:00:00-05:00,13.728712290094467,13.862217010317629,13.654542843896655,13.680501937866211,1033800,0.0,0.0
2005-02-24 00:00:00-05:00,13.680504712864538,14.121812229192303,13.606335251621948,14.114395141601562,2826200,0.0,0.0
2005-02-25 00:00:00-05:00,14.17001513062257,14.385106334986757,14.147765292008485,14.340603828430176,1062400,0.0,0.0
2005-02-28 00:00:00-05:00,14.39623464822004,14.500071025336508,14.214520988266218,14.281271934509277,2839200,0.0,0.0
2005-03-01 00:00:00-05:00,14.336901352169626,14.451864081746768,14.221938622592484,14.348026275634766,1286000,0.0,0.0
2005-03-02 00:00:00-05:00,14.325772798403372,14.366566060324425,14.207102262631786,14.266437530517578,739200,0.0,0.0
2005-03-03 00:00:00-05:00,14.166309073014945,14.25531126796571,14.062471292686542,14.147767066955566,842200,0.0,0.0
2005-03-04 00:00:00-05:00,14.166310199624256,14.444444556627358,14.166310199624256,14.314647674560547,741800,0.0,0.0
2005-03-07 00:00:00-05:00,14.296100616455076,14.40735403701946,14.244182447835964,14.296100616455078,1401600,0.0,0.0
2005-03-08 00:00:00-05:00,14.303518920078101,14.303518920078101,14.166306403497952,14.221932411193848,483200,0.0,0.0
2005-03-09 00:00:00-05:00,14.184855595124258,14.362861456362117,14.05506009672108,14.162604331970215,776600,0.0,0.0
2005-03-10 00:00:00-05:00,14.147766424609502,14.147766424609502,13.472827249108631,13.891881942749023,2095200,0.0,0.0
2005-03-11 00:00:00-05:00,13.858502746244696,13.891878914225732,13.758374242301587,13.851085662841797,819400,0.0,0.0
2005-03-14 00:00:00-05:00,13.888173022712023,14.203391330779914,13.888173022712023,14.036510467529297,883000,0.0,0.0
2005-03-15 00:00:00-05:00,14.036510924644228,14.055054343681455,13.776920034094072,13.973467826843262,812000,0.0,0.0
2005-03-16 00:00:00-05:00,13.951218977360169,13.951218977360169,13.606332260855705,13.665667533874512,901400,0.0,0.0
2005-03-17 00:00:00-05:00,13.721294959912198,14.077306597730981,13.721294959912198,13.943801879882812,1082400,0.0,0.0
2005-03-18 00:00:00-05:00,13.999427789052326,14.055055220305027,13.877048006162125,13.906716346740723,1055600,0.0,0.0
2005-03-21 00:00:00-05:00,13.940091951262989,13.940091951262989,13.806587253459307,13.86963176727295,632600,0.0,0.0
2005-03-22 00:00:00-05:00,13.580369329813035,13.691622758452464,13.198398706107497,13.35786247253418,6764400,0.0,0.0
2005-03-23 00:00:00-05:00,13.357864230306348,13.357864230306348,12.682925071125384,12.949933052062988,4537200,0.0,0.0
2005-03-24 00:00:00-05:00,12.99814166757042,13.165022517628104,12.827552982917721,12.961057662963867,1772000,0.0,0.0
2005-03-28 00:00:00-05:00,13.012978310603462,13.03522956639848,12.723719058590069,12.812721252441406,1304800,0.0,0.0
2005-03-29 00:00:00-05:00,12.846099462021398,12.875767807777185,12.464128705735465,12.664385795593262,3617200,0.0,0.0
2005-03-30 00:00:00-05:00,12.237907034555628,12.664380118292087,12.160029783855077,12.274991035461426,7605000,0.0,0.0
2005-03-31 00:00:00-05:00,12.30466488395958,12.790473435726181,12.30466488395958,12.664385795593262,4195600,0.0,0.0
2005-04-01 00:00:00-05:00,12.731135231163519,12.946225029771494,12.645839464062968,12.875764846801758,3059400,0.0,0.0
2005-04-04 00:00:00-04:00,12.88688993663775,13.035228803932387,12.720009064597354,13.009269714355469,2078800,0.0,0.0
2005-04-05 00:00:00-04:00,12.97959905034627,13.116811558486859,12.964764883340793,12.983306884765625,1089000,0.0,0.0
2005-04-06 00:00:00-04:00,12.99814157306165,13.031517742830511,12.868346143218352,12.894305229187012,1006000,0.0,0.0
2005-04-07 00:00:00-04:00,12.9239775564367,13.016689020728684,12.886893536585777,12.998147010803223,1028000,0.0,0.0
2005-04-08 00:00:00-04:00,13.005561671076533,13.046354934099984,12.868349125632173,12.87205696105957,554600,0.0,0.0
2005-04-11 00:00:00-04:00,12.838682853100027,13.042647786431203,12.838682853100027,12.975896835327148,1017200,0.0,0.0
2005-04-12 00:00:00-04:00,12.942517447004375,13.03893672108779,12.72000914466187,12.831262588500977,1271200,0.0,0.0
2005-04-13 00:00:00-04:00,12.83867713137785,12.868345465015036,12.53458378491675,12.608753204345703,667000,0.0,0.0
2005-04-14 00:00:00-04:00,12.608756051134707,12.64584006188996,12.401081912778036,12.423333168029785,846400,0.0,0.0
2005-04-15 00:00:00-04:00,12.42704021926202,12.482667646549892,11.941233201560124,11.974609375,2819200,0.0,0.0
2005-04-18 00:00:00-04:00,11.978318209184511,12.011694385408564,11.611180978052106,11.88560676574707,3568800,0.0,0.0
2005-04-19 00:00:00-04:00,12.145200593816568,12.504921491577983,12.145200593816568,12.260163307189941,2970000,0.0,0.0
2005-04-20 00:00:00-04:00,12.28982917171419,12.42333388156387,11.959776647177158,12.037653923034668,1766600,0.0,0.0
2005-04-21 00:00:00-04:00,12.096985706307555,12.241615295410156,12.015400618538704,12.241615295410156,1286000,0.0,0.0
2005-04-22 00:00:00-04:00,12.271287020550629,12.508628095411245,12.271287020550629,12.460417747497559,2006000,0.0,0.0
2005-04-25 00:00:00-04:00,12.441878972573775,12.701471371120876,12.423336961534288,12.516048431396484,1499000,0.0,0.0
2005-04-26 00:00:00-04:00,12.516046925913786,12.564257280549317,12.341748930845428,12.386251449584961,640200,0.0,0.0
2005-04-27 00:00:00-04:00,12.3306262865634,12.404795750167429,12.093285134762391,12.2230806350708,2058800,0.0,0.0
2005-04-28 00:00:00-04:00,12.200826079518896,12.204533914669534,11.800311979363146,11.811437606811523,1528600,0.0,0.0
2005-04-29 00:00:00-04:00,11.870775082734504,12.05990725919055,11.236629016259966,11.533306121826172,3756200,0.0,0.0
2005-05-02 00:00:00-04:00,11.562972147956867,11.63343304795373,11.440593062347698,11.44430160522461,2108800,0.0,0.0
2005-05-03 00:00:00-04:00,11.444299248404535,11.473966877977897,11.35529635968445,11.384963989257812,2641800,0.0,0.0
2005-05-04 00:00:00-04:00,11.41092446320278,11.496218820173379,11.295961765721884,11.459134101867676,2734000,0.0,0.0
2005-05-05 00:00:00-04:00,11.514761782823062,11.729852318076905,11.492511232922933,11.551846504211426,2656400,0.0,0.0
2005-05-06 00:00:00-04:00,11.626017850121112,11.79289806268804,11.581516035703858,11.722437858581543,1862200,0.0,0.0
2005-05-09 00:00:00-04:00,11.722434446228991,12.08586311340332,11.637139385702659,12.08586311340332,5467800,0.0,0.0
2005-05-10 00:00:00-04:00,12.460417747497559,12.560546278703956,12.386249722601912,12.460417747497559,5225200,0.0,0.0
2005-05-11 00:00:00-04:00,12.508625075016711,12.571669578552246,12.245324972087484,12.571669578552246,2296600,0.0,0.0
2005-05-12 00:00:00-04:00,12.59021647969739,12.59021647969739,12.078448827286882,12.174869537353516,1392200,0.0,0.0
2005-05-13 00:00:00-04:00,12.267576885115933,12.278701803831582,11.392380067328112,11.792893409729004,3319200,0.0,0.0
2005-05-16 00:00:00-04:00,11.778061431798545,11.904148339552721,11.703891996807,11.811437606811523,2768600,0.0,0.0
2005-05-17 00:00:00-04:00,11.766936412388253,12.033945826289383,11.7187267722851,11.896733283996582,1993200,0.0,0.0
2005-05-18 00:00:00-04:00,12.052487231376412,12.271286286932588,12.019111056302952,12.19711685180664,2518800,0.0,0.0
2005-05-19 00:00:00-04:00,12.22678265911749,12.278700828552246,12.11923707119463,12.278700828552246,1005600,0.0,0.0
2005-05-20 00:00:00-04:00,12.278700284350379,12.315784285256179,12.126653617174277,12.274991035461426,1005800,0.0,0.0
2005-05-23 00:00:00-04:00,12.27499478047524,12.501210933143838,12.182283335261184,12.486376762390137,1665600,0.0,0.0
2005-05-24 00:00:00-04:00,12.534586197283256,12.682925064689988,12.471543098167178,12.642131805419922,3035200,0.0,0.0
2005-05-25 00:00:00-04:00,12.645841032644967,12.912850457505556,12.627299025843968,12.88689136505127,3790400,0.0,0.0
2005-05-26 00:00:00-04:00,12.946219734290018,13.11680836938555,12.935094819072736,13.053765296936035,3533800,0.0,0.0
2005-05-27 00:00:00-04:00,13.03893458580237,13.109394758606753,12.979599331160768,13.061185836791992,919800,0.0,0.0
2005-05-31 00:00:00-04:00,13.064899996144883,13.29482404235669,13.064899996144883,13.257740020751953,2517200,0.0,0.0
2005-06-01 00:00:00-04:00,13.276279011795584,13.610040788981342,13.1835675642067,13.30965518951416,1116800,0.0,0.0
2005-06-02 00:00:00-04:00,13.331904353762733,13.539577058382227,13.239192920724973,13.45057487487793,2048600,0.0,0.0
2005-06-03 00:00:00-04:00,13.457995868153239,13.546998077508212,13.324491139456166,13.331908226013184,2627800,0.0,0.0
2005-06-06 00:00:00-04:00,13.335613412658397,13.350447582825419,13.053771252806609,13.068605422973633,2620200,0.0,0.0
2005-06-07 00:00:00-04:00,13.050059983970792,13.090853238286856,12.842387292418627,12.909139633178711,4148800,0.0,0.0
2005-06-08 00:00:00-04:00,12.90543198171954,13.16502429296437,12.90543198171954,12.920266151428223,1352600,0.0,0.0
2005-06-09 00:00:00-04:00,12.89060061565492,13.135358810424806,12.779347147971263,13.135358810424805,1230200,0.0,0.0
2005-06-10 00:00:00-04:00,13.213238974522524,13.350451552708115,13.202112636256569,13.324492454528809,2108800,0.0,0.0
2005-06-13 00:00:00-04:00,13.350445105822121,13.480240534040876,13.279984932598234,13.461698532104492,1380000,0.0,0.0
2005-06-14 00:00:00-04:00,13.506203035804118,13.610040819306846,13.461701936968336,13.558122634887695,1126000,0.0,0.0
2005-06-15 00:00:00-04:00,13.565534984523293,13.595201901835138,13.387527821996489,13.439447402954102,1126200,0.0,0.0
2005-06-16 00:00:00-04:00,13.461702625096413,13.572956085205078,13.387533180135804,13.572956085205078,1100800,0.0,0.0
2005-06-17 00:00:00-04:00,13.535871379004202,13.68421026135221,13.535871379004202,13.650834083557129,1194200,0.0,0.0
2005-06-20 00:00:00-04:00,13.647121880892328,13.806585649784067,13.584078789065607,13.706457138061523,2308000,0.0,0.0
2005-06-21 00:00:00-04:00,13.706463993165753,13.836260905721138,13.699046905477031,13.71759033203125,1026800,0.0,0.0
2005-06-22 00:00:00-04:00,13.747249981600998,13.776918316630635,13.665663474933572,13.710165977478027,1293200,0.0,0.0
2005-06-23 00:00:00-04:00,13.71016868099446,13.799170874305613,13.665666169674527,13.6693754196167,1791600,0.0,0.0
2005-06-24 00:00:00-04:00,13.647125909727038,13.758379372929946,13.613749729299712,13.721295356750488,1031000,0.0,0.0
2005-06-27 00:00:00-04:00,13.702753700560503,13.847383347904964,13.572956811270023,13.80659008026123,701400,0.0,0.0
2005-06-28 00:00:00-04:00,13.806585712003267,13.888172221477626,13.750959703905036,13.862213134765625,820400,0.0,0.0
2005-06-29 00:00:00-04:00,13.903006895640718,13.92154889901515,13.621163351558327,13.802878379821777,900000,0.0,0.0
2005-06-30 00:00:00-04:00,13.769505311282813,13.947511130192204,13.758378975019134,13.943801879882812,787400,0.0,0.0
2005-07-01 00:00:00-04:00,13.943802257652639,14.095848987173573,13.94009442190729,14.092141151428223,1550000,0.0,0.0
2005-07-05 00:00:00-04:00,14.07730238127762,14.144054720207949,13.969756789149415,14.132929801940918,1255400,0.0,0.0
2005-07-06 00:00:00-04:00,14.09955607931249,14.14034933958963,13.854797932313982,13.891881942749023,905400,0.0,0.0
2005-07-07 00:00:00-04:00,13.851087768348412,13.97717537603626,13.71387524119712,13.954925537109375,811600,0.0,0.0
2005-07-08 00:00:00-04:00,13.954925228792602,14.077303584179356,13.884463634642957,13.966050148010254,1140600,0.0,0.0
2005-07-11 00:00:00-04:00,13.943797824021297,14.129220674950645,13.88446256831047,14.110678672790527,1081800,0.0,0.0
2005-07-12 00:00:00-04:00,14.103266073328806,14.103266073328806,13.899301155385777,14.092141151428223,1076000,0.0,0.0
2005-07-13 00:00:00-04:00,14.04022180758259,14.247894544180783,14.036512557477954,14.047638893127441,984400,0.0,0.0
2005-07-14 00:00:00-04:00,13.992011714312778,14.05505623526276,13.791754644939106,13.817713737487793,1389400,0.0,0.0
2005-07-15 00:00:00-04:00,13.806586633322379,13.817711552751572,13.565537752816496,13.676791191101074,1620800,0.0,0.0
2005-07-18 00:00:00-04:00,13.635996370139317,13.847378303042245,13.624871451985708,13.699039459228516,943000,0.0,0.0
2005-07-19 00:00:00-04:00,13.699041909843848,13.762086424875108,13.673082819732244,13.702751159667969,513200,0.0,0.0
2005-07-20 00:00:00-04:00,13.665666841775055,13.89559225090976,13.565539723041676,13.836256980895996,840000,0.0,0.0
2005-07-21 00:00:00-04:00,13.839964813733555,13.839964813733555,13.498787364885175,13.558122634887695,827600,0.0,0.0
2005-07-22 00:00:00-04:00,13.632290244652825,14.214519420500832,13.632290244652825,14.147767066955566,1304000,0.0,0.0
2005-07-25 00:00:00-04:00,14.203388452388534,14.221930452400034,13.98458945705943,14.006840705871582,694000,0.0,0.0
2005-07-26 00:00:00-04:00,14.017967655037628,14.017967655037628,13.821419880028447,13.862213134765625,1143800,0.0,0.0
2005-07-27 00:00:00-04:00,13.906715026481157,14.077303724619915,13.710167240132769,14.036510467529297,2679200,0.0,0.0
2005-07-28 00:00:00-04:00,14.025386759768988,14.058762935302278,13.888174222427391,14.021678924560547,1386200,0.0,0.0
2005-07-29 00:00:00-04:00,14.02167680295886,14.225641660505378,14.02167680295886,14.221932411193848,1422600,0.0,0.0
2005-08-01 00:00:00-04:00,14.214515557931417,14.38881206512451,14.177430141225654,14.388812065124512,1629200,0.0,0.0
2005-08-02 00:00:00-04:00,14.444444914271026,14.852374748776766,14.425902906277953,14.833832740783691,2985000,0.0,0.0
2005-08-03 00:00:00-04:00,14.807866505688656,14.867201751451276,14.67065401511207,14.804157257080078,1133000,0.0,0.0
2005-08-04 00:00:00-04:00,14.826415272634428,15.53843996147149,14.826415272634428,15.397518157958984,2493400,0.0,0.0
2005-08-05 00:00:00-04:00,15.419764909571574,15.43830691166826,14.61502900366592,14.837535858154297,1979600,0.0,0.0
2005-08-08 00:00:00-04:00,14.963624585464492,14.963624585464492,14.27756055331379,14.481525421142578,3147400,0.0,0.0
2005-08-09 00:00:00-04:00,14.336901893768525,14.574243034422347,14.225648410920144,14.351736068725586,2300200,0.0,0.0
2005-08-10 00:00:00-04:00,14.603902868269948,14.945080205340716,14.500065118786877,14.607610702514648,2324800,0.0,0.0
2005-08-11 00:00:00-04:00,14.574239606826735,14.574239606826735,14.047639251680975,14.225645065307617,2852200,0.0,0.0
2005-08-12 00:00:00-04:00,14.277562228657244,14.462985114743702,14.20339279128979,14.437026023864746,2586200,0.0,0.0
2005-08-15 00:00:00-04:00,14.481522869104374,14.574234284930476,14.22563987070335,14.259016036987305,1074200,0.0,0.0
2005-08-16 00:00:00-04:00,14.296103293743117,14.470401247889319,13.973467889285995,14.069887161254883,1904600,0.0,0.0
2005-08-17 00:00:00-04:00,14.121803024483231,14.121803024483231,13.83625170435612,13.925253868103027,1094200,0.0,0.0
2005-08-18 00:00:00-04:00,13.936388230067633,13.99572351164402,13.832550426310432,13.888177871704102,1338400,0.0,0.0
2005-08-19 00:00:00-04:00,13.921549490398107,14.33689632521871,13.873339147845284,14.299812316894531,768800,0.0,0.0
2005-08-22 00:00:00-04:00,14.299814917332064,14.366567276185968,14.244187480065646,14.314647674560547,1230000,0.0,0.0
2005-08-23 00:00:00-04:00,14.370273431807941,14.455567788224114,14.266437070025527,14.329480171203613,880200,0.0,0.0
2005-08-24 00:00:00-04:00,14.30723516257031,14.514907956271859,14.281274648692808,14.459281921386719,1354000,0.0,0.0
2005-08-25 00:00:00-04:00,14.50006884787683,14.5260279382577,14.351731390652484,14.511195182800293,1379000,0.0,0.0
2005-08-26 00:00:00-04:00,14.481525516481561,14.514901688867035,14.351730076462603,14.425899505615234,738800,0.0,0.0
2005-08-29 00:00:00-04:00,14.388811433944467,14.548275182124211,14.221930602748929,14.500064849853516,764000,0.0,0.0
2005-08-30 00:00:00-04:00,14.511197274777714,14.837540576516496,14.429610742010755,14.833832740783691,1239600,0.0,0.0
2005-08-31 00:00:00-04:00,14.815291324456783,14.98588006826897,14.666952425259044,14.8412504196167,2004400,0.0,0.0
2005-09-01 00:00:00-04:00,14.83754175739458,15.27513997124807,14.83754175739458,15.223221778869629,1636200,0.0,0.0
2005-09-02 00:00:00-04:00,15.223223626361802,15.275141825041041,15.052634855082927,15.156471252441406,857200,0.0,0.0
2005-09-06 00:00:00-04:00,15.152758801805518,15.223218990748006,15.008129173907347,15.104548454284668,826600,0.0,0.0
2005-09-07 00:00:00-04:00,15.02667366668478,15.15276130937587,14.833833659353433,15.111968040466309,3458200,0.0,0.0
2005-09-08 00:00:00-04:00,15.119386418163632,15.356727550634504,15.119386418163632,15.353019714355469,1550600,0.0,0.0
2005-09-09 00:00:00-04:00,15.390093627686124,15.52359828068214,15.052624161352329,15.108251571655273,1971600,0.0,0.0
2005-09-12 00:00:00-04:00,15.14534231122525,15.338182294217404,15.030379605595954,15.20467758178711,1408000,0.0,0.0
2005-09-13 00:00:00-04:00,15.186137048235908,15.200971220981588,14.997004882389936,15.145343780517578,1157600,0.0,0.0
2005-09-14 00:00:00-04:00,15.104549047464388,15.330765208564117,15.063755783703527,15.20467758178711,2283200,0.0,0.0
2005-09-15 00:00:00-04:00,15.186134784351209,15.338181495666502,15.186134784351209,15.338181495666504,1305400,0.0,0.0
2005-09-16 00:00:00-04:00,15.371554448136356,15.397513533794696,15.093420174942082,15.163880348205566,817800,0.0,0.0
2005-09-19 00:00:00-04:00,15.108261798636514,15.223223116241172,15.089718372874037,15.12309455871582,819600,0.0,0.0
2005-09-20 00:00:00-04:00,15.160179652073634,15.215805684106376,14.959922541560397,15.037799835205078,472200,0.0,0.0
2005-09-21 00:00:00-04:00,15.067467958223787,15.278849989042907,14.737415363248834,14.74112319946289,1295800,0.0,0.0
2005-09-22 00:00:00-04:00,14.752239857142882,14.856077603597855,14.474105612990632,14.852368354797363,1282600,0.0,0.0
2005-09-23 00:00:00-04:00,14.796748663769648,15.108259206627888,14.722579217438728,15.015547752380371,1501800,0.0,0.0
2005-09-26 00:00:00-04:00,15.08229846075151,15.204678257472565,14.982171336643646,15.093424797058105,1077400,0.0,0.0
2005-09-27 00:00:00-04:00,15.130503150570409,15.553266990748527,15.130503150570409,15.401220321655273,1879000,0.0,0.0
2005-09-28 00:00:00-04:00,15.853658950462897,16.484097133180295,15.668236038761577,15.964912414550781,6851600,0.0,0.0
2005-09-29 00:00:00-04:00,15.91670276612469,15.927829103291288,15.460562552903284,15.66823673248291,3257600,0.0,0.0
2005-09-30 00:00:00-04:00,15.70531750512597,15.831405121196301,15.59777330894647,15.798028945922852,1414200,0.0,0.0
2005-10-03 00:00:00-04:00,16.057625430594214,18.097277657485655,16.057625430594214,18.004566192626953,24186600,0.0,0.0
2005-10-04 00:00:00-04:00,17.95634877865839,18.334611576399315,17.67079882400837,17.826553344726562,5229800,0.0,0.0
2005-10-05 00:00:00-04:00,17.618881700173784,17.8265558381768,16.847523243396324,17.095989227294922,3223800,0.0,0.0
2005-10-06 00:00:00-04:00,17.088573073107792,17.092280908206302,16.287544884058097,16.665807723999023,5917000,0.0,0.0
2005-10-07 00:00:00-04:00,16.87348285238213,16.988445552523686,16.51376199602336,16.728853225708008,2808800,0.0,0.0
2005-10-10 00:00:00-04:00,16.799314087478272,16.862358607716796,16.57680717823926,16.710311889648438,1286600,0.0,0.0
2005-10-11 00:00:00-04:00,16.747390855763438,17.170154704706814,16.732556689040933,16.936521530151367,1341600,0.0,0.0
2005-10-12 00:00:00-04:00,16.966190695196513,17.262866970868227,16.27641747009473,16.654680252075195,4122200,0.0,0.0
2005-10-13 00:00:00-04:00,16.68805853057346,16.869773568136416,16.005702302958998,16.391382217407227,3711800,0.0,0.0
2005-10-14 00:00:00-04:00,16.391384714328055,16.66210197974747,16.313507435508317,16.584224700927734,2618000,0.0,0.0
2005-10-17 00:00:00-04:00,16.643557364550233,16.869773494433744,16.53971959439752,16.632431030273438,2292000,0.0,0.0
2005-10-18 00:00:00-04:00,16.632438505690377,16.65468976958051,16.109545828923697,16.306095123291016,1810000,0.0,0.0
2005-10-19 00:00:00-04:00,16.320921477577958,16.55084687018805,15.823988096427863,16.53972053527832,2201400,0.0,0.0
2005-10-20 00:00:00-04:00,16.68434883873609,16.762226097025543,15.556977559507816,15.575519561767578,5127400,0.0,0.0
2005-10-21 00:00:00-04:00,15.657112431453863,16.03166612208878,15.430896233836926,15.49023151397705,2411200,0.0,0.0
2005-10-24 00:00:00-04:00,15.512484465001585,15.86478693347686,15.364145541153706,15.727574348449707,2303400,0.0,0.0
2005-10-25 00:00:00-04:00,15.809154986129299,15.835114075895437,15.430892144968603,15.686775207519531,3040400,0.0,0.0
2005-10-26 00:00:00-04:00,15.686775390978935,15.81657225599192,15.560687775784087,15.697901725769043,2007800,0.0,0.0
2005-10-27 00:00:00-04:00,15.76095390244269,15.798037933994152,15.401232854799982,15.442026138305664,2643200,0.0,0.0
2005-10-28 00:00:00-04:00,15.445725126787325,15.998284468927682,15.412348954702969,15.853654861450195,1604800,0.0,0.0
2005-10-31 00:00:00-05:00,15.909284256424513,16.10953989906286,15.883325165440574,15.95007610321045,1550200,0.0,0.0
2005-11-01 00:00:00-05:00,15.946371498616394,15.950079334652,15.182428540798755,15.193554878234863,3152000,0.0,0.0
2005-11-02 00:00:00-05:00,15.223217968597357,15.271428312881163,14.618738991492714,15.00812816619873,4070600,0.0,0.0
2005-11-03 00:00:00-05:00,15.08970995562339,15.315926042957349,15.08970995562339,15.252882957458496,1946800,0.0,0.0
2005-11-04 00:00:00-05:00,15.375263719741591,15.464267317934858,15.304803539892397,15.31592845916748,3190800,0.0,0.0
2005-11-07 00:00:00-05:00,15.334475093643132,15.683071092618299,14.741122308717825,15.430895805358887,3597400,0.0,0.0
2005-11-08 00:00:00-05:00,15.390096980580424,15.393804815231967,15.015543435553449,15.074878692626953,1407000,0.0,0.0
2005-11-09 00:00:00-05:00,15.0748831999364,15.241762687770123,14.674369033940563,15.089715957641602,1806200,0.0,0.0
2005-11-10 00:00:00-05:00,15.034090825790877,15.074884094897202,14.414777531900024,14.555699348449707,3387600,0.0,0.0
2005-11-11 00:00:00-05:00,14.551984416779637,14.722573081984825,14.066176089698148,14.166304588317871,2965800,0.0,0.0
2005-11-14 00:00:00-05:00,14.314649886945878,14.767082296955435,13.943804020292724,14.74112319946289,4942000,0.0,0.0
2005-11-15 00:00:00-05:00,14.666946727102003,15.267716347589156,14.607611473407767,14.959915161132812,4009800,0.0,0.0
2005-11-16 00:00:00-05:00,15.052634855082927,15.208389451120645,14.870919745040776,15.156471252441406,2115000,0.0,0.0
2005-11-17 00:00:00-05:00,15.19355050870091,15.71644294855007,15.19355050870091,15.46426773071289,2549000,0.0,0.0
2005-11-18 00:00:00-05:00,15.649688165725548,16.057617852728946,15.571810911515374,16.03907585144043,3445200,0.0,0.0
2005-11-21 00:00:00-05:00,16.0390831283023,16.576809897617622,16.001999108900414,16.484098434448242,3084800,0.0,0.0
2005-11-22 00:00:00-05:00,16.465546895661436,16.851225284097723,16.320915908501007,16.72513771057129,3004400,0.0,0.0
2005-11-23 00:00:00-05:00,16.669519701048678,16.955071148938544,16.606475176745047,16.780773162841797,1501600,0.0,0.0
2005-11-25 00:00:00-05:00,16.754814068912218,16.884609538560106,16.73256281068779,16.780773162841797,224200,0.0,0.0
2005-11-28 00:00:00-05:00,16.754813489161084,16.75852132473793,16.135500262656855,16.217086791992188,2099600,0.0,0.0
2005-11-29 00:00:00-05:00,16.235622199581805,16.34316777823224,15.964905043252843,16.10211753845215,2342800,0.0,0.0
2005-11-30 00:00:00-05:00,16.05761932840305,16.40621520918431,16.03536949067771,16.19483184814453,2383400,0.0,0.0
2005-12-01 00:00:00-05:00,16.243042297221226,16.547135675274724,16.194831957384213,16.35429573059082,2061400,0.0,0.0
2005-12-02 00:00:00-05:00,16.40992412177643,16.53230389596072,15.994577285873614,16.231918334960938,2070400,0.0,0.0
2005-12-05 00:00:00-05:00,16.13178902864231,16.53971876005265,16.102120691619795,16.2727108001709,2591600,0.0,0.0
2005-12-06 00:00:00-05:00,16.205963404693897,16.3394681327298,16.191129231653328,16.317216873168945,1716400,0.0,0.0
2005-12-07 00:00:00-05:00,16.094709936218848,16.484097783213823,16.094709936218848,16.317216873168945,1342800,0.0,0.0
2005-12-08 00:00:00-05:00,16.31721432919318,16.506345054647408,16.31721432919318,16.491512298583984,1656400,0.0,0.0
2005-12-09 00:00:00-05:00,16.428464695089954,16.580511379834977,16.354295270044158,16.476675033569336,682200,0.0,0.0
2005-12-12 00:00:00-05:00,16.647266413322654,16.799313122658653,16.502636789157236,16.617599487304688,2029000,0.0,0.0
2005-12-13 00:00:00-05:00,16.68805371263098,16.765930957103937,16.48408889463159,16.72513771057129,2048400,0.0,0.0
2005-12-14 00:00:00-05:00,16.765943021524713,17.05891162592428,16.665814457438852,16.732566833496094,1981200,0.0,0.0
2005-12-15 00:00:00-05:00,16.83639853519285,17.010695085238357,16.691767496477496,16.83268928527832,1250800,0.0,0.0
2005-12-16 00:00:00-05:00,16.799314778111462,16.947653666812087,16.75481367736707,16.910568237304688,1487400,0.0,0.0
2005-12-19 00:00:00-05:00,16.81044016414309,16.93281853793927,16.751103480285053,16.817855834960938,1265600,0.0,0.0
2005-12-20 00:00:00-05:00,16.92910202418643,16.92910202418643,16.580506258542712,16.69546890258789,794800,0.0,0.0
2005-12-21 00:00:00-05:00,16.695481103665593,16.76223347290503,16.495223995947278,16.65097999572754,688000,0.0,0.0
2005-12-22 00:00:00-05:00,16.866059029034503,17.196111412339278,16.799306702673558,17.05889892578125,1888600,0.0,0.0
2005-12-23 00:00:00-05:00,17.147908570557888,17.299955275621905,17.055197130527038,17.140491485595703,1246200,0.0,0.0
2005-12-27 00:00:00-05:00,17.147909804154363,17.162742560481473,16.96619474616928,16.97361183166504,1192600,0.0,0.0
2005-12-28 00:00:00-05:00,16.981021683248084,17.11081708747003,16.969895352412056,17.05889892578125,875800,0.0,0.0
2005-12-29 00:00:00-05:00,17.021824284684776,17.2554561406983,16.929112826521273,17.11082649230957,519200,0.0,0.0
2005-12-30 00:00:00-05:00,17.07744783066609,17.54842213949793,17.014404727309515,17.474252700805664,2841200,0.0,0.0
2006-01-03 00:00:00-05:00,17.57809189663823,17.8376828309729,17.348166476706826,17.78205680847168,2363200,0.0,0.0
2006-01-04 00:00:00-05:00,17.763514130929252,17.945227778109256,17.600341075885808,17.615175247192383,1922000,0.0,0.0
2006-01-05 00:00:00-05:00,17.24433289049374,17.359295619043,16.873487021880972,17.188705444335938,4340400,0.0,0.0
2006-01-06 00:00:00-05:00,17.281415185434767,17.63371900836201,17.055200416493502,17.107118606567383,4510200,0.0,0.0
2006-01-09 00:00:00-05:00,17.170167838440218,17.496512682641654,17.170167838440218,17.3555908203125,2585600,0.0,0.0
2006-01-10 00:00:00-05:00,17.318498426205746,17.35558243880524,17.15161754017923,17.21466064453125,1553200,0.0,0.0
2006-01-11 00:00:00-05:00,17.19611593040787,17.19611593040787,16.94023288856999,17.040361404418945,1434600,0.0,0.0
2006-01-12 00:00:00-05:00,17.032944195206948,17.856222154150625,17.010692942515654,17.45941734313965,5722600,0.0,0.0
2006-01-13 00:00:00-05:00,17.466837236483578,18.156610675406753,17.466837236483578,18.07502555847168,2480000,0.0,0.0
2006-01-17 00:00:00-05:00,18.100987136890467,18.3420360997685,18.060193865491108,18.30124282836914,2858200,0.0,0.0
2006-01-18 00:00:00-05:00,18.245620776283985,18.282704804916662,18.134367275720948,18.24932861328125,1789600,0.0,0.0
2006-01-19 00:00:00-05:00,18.28640897113221,18.308658816258134,17.989731165916794,18.041650772094727,1616600,0.0,0.0
2006-01-20 00:00:00-05:00,18.0453554015174,18.167735186622355,17.83768125770189,17.897016525268555,1623800,0.0,0.0
2006-01-23 00:00:00-05:00,17.934104197335714,18.052774747328733,17.730139277951746,17.948938369750977,1902000,0.0,0.0
2006-01-24 00:00:00-05:00,17.98601615765023,18.30123443166095,17.94522290496704,18.130645751953125,2221200,0.0,0.0
2006-01-25 00:00:00-05:00,18.208527002041286,18.26786226950492,17.819139220894684,18.2641544342041,2951800,0.0,0.0
2006-01-26 00:00:00-05:00,18.212232470725098,18.212232470725098,17.733841180375975,18.05276870727539,22211200,0.0,0.0
2006-01-27 00:00:00-05:00,18.05277641857496,18.15290496965063,17.9192716838074,18.026817321777344,5189800,0.0,0.0
2006-01-30 00:00:00-05:00,18.03051788730517,18.1825645706651,17.882180453229005,18.14177131652832,7866400,0.0,0.0
2006-01-31 00:00:00-05:00,18.134363424892552,18.1529054352715,17.90073013305664,17.90073013305664,3856000,0.0,0.0
2006-02-01 00:00:00-05:00,17.986021041870117,18.041648476937553,17.796890309036826,17.80059814453125,2239600,0.0,0.0
2006-02-02 00:00:00-05:00,17.707886409632046,17.826556948837577,17.351874792015447,17.503921508789062,4783200,0.0,0.0
2006-02-03 00:00:00-05:00,17.515043186331972,17.54100227355957,17.30366123909917,17.54100227355957,2667000,0.0,0.0
2006-02-06 00:00:00-05:00,17.626298917576566,17.848807227392665,17.61517399721828,17.811721801757812,2804800,0.0,0.0
2006-02-07 00:00:00-05:00,17.826556266760686,17.91185062513462,17.51875500955601,17.522462844848633,3233000,0.0,0.0
2006-02-08 00:00:00-05:00,17.596630711209883,17.64113180406898,17.129364284864526,17.207242965698242,3552400,0.0,0.0
2006-02-09 00:00:00-05:00,17.177574627349355,17.392665836386094,17.095988111554142,17.207242965698242,3566000,0.0,0.0
2006-02-10 00:00:00-05:00,17.22949764185607,17.42975473793914,17.018115623101046,17.118244171142578,3857600,0.0,0.0
2006-02-13 00:00:00-05:00,17.05890496567598,17.14419932074464,16.676934285441465,17.140491485595703,3962600,0.0,0.0
2006-02-14 00:00:00-05:00,17.058903354308164,17.058903354308164,16.435882422977688,16.48780059814453,5780200,0.0,0.0
2006-02-15 00:00:00-05:00,16.39138394462332,16.777063899711965,16.324631590293965,16.47296905517578,3848200,0.0,0.0
2006-02-16 00:00:00-05:00,16.41733811722044,16.884603042855044,16.35429361717077,16.825267791748047,4243000,0.0,0.0
2006-02-17 00:00:00-05:00,16.94765009604675,17.13307296052283,16.862355748147454,17.018110275268555,1975000,0.0,0.0
2006-02-21 00:00:00-05:00,17.203537837695674,17.24433110536653,16.87719311099341,16.947654724121094,1824600,0.0,0.0
2006-02-22 00:00:00-05:00,16.98102636335985,17.12194672259283,16.817853336321786,16.96248435974121,2637400,0.0,0.0
2006-02-23 00:00:00-05:00,16.780768330177565,16.843811421661005,16.498926213824582,16.502634048461914,2577000,0.0,0.0
2006-02-24 00:00:00-05:00,16.376548048082853,16.695475615235647,16.33575478977295,16.391382217407227,1704800,0.0,0.0
2006-02-27 00:00:00-05:00,16.30609628746021,16.53972820899475,16.120673319132177,16.161466598510742,3900600,0.0,0.0
2006-02-28 00:00:00-05:00,16.179997607628376,16.23562361149392,15.620019831932709,16.03907585144043,6462800,0.0,0.0
2006-03-01 00:00:00-05:00,16.03908249464902,16.409928332675587,16.027957572200897,16.317216873168945,2164000,0.0,0.0
2006-03-02 00:00:00-05:00,16.35429851740457,16.49892956156111,16.276421242241785,16.47296905517578,2617600,0.0,0.0
2006-03-03 00:00:00-05:00,16.472971961647723,16.554558501259613,16.228213757476695,16.35059356689453,2314400,0.0,0.0
2006-03-06 00:00:00-05:00,16.31722056467208,16.31722056467208,15.690491465899276,15.772076606750488,4566400,0.0,0.0
2006-03-07 00:00:00-05:00,16.243045919896243,16.335757370825633,15.842533187506804,15.909285545349121,7979800,0.0,0.0
2006-03-08 00:00:00-05:00,15.924114219211623,16.13178832532244,15.497642503087771,16.1058292388916,4590600,0.0,0.0
2006-03-09 00:00:00-05:00,16.135500188280943,16.202252545672255,15.92411819476327,16.0576229095459,2217600,0.0,0.0
2006-03-10 00:00:00-05:00,15.983454214069976,16.098416927102807,15.772072210663943,16.01312255859375,1116200,0.0,0.0
2006-03-13 00:00:00-05:00,16.46555524097447,16.56568236909397,16.350592525630283,16.469263076782227,2532400,0.0,0.0
2006-03-14 00:00:00-05:00,16.469266200266453,16.72514935946783,16.469266200266453,16.643564224243164,1898400,0.0,0.0
2006-03-15 00:00:00-05:00,16.762224398734805,16.903146148026654,16.58050939980605,16.895729064941406,2625400,0.0,0.0
2006-03-16 00:00:00-05:00,16.932814956838428,16.98102529494493,16.817852278173415,16.925397872924805,2363000,0.0,0.0
2006-03-17 00:00:00-05:00,17.036653710789423,17.196117500815628,16.932817350647454,17.140491485595703,2650200,0.0,0.0
2006-03-20 00:00:00-05:00,17.244323798439698,17.392662633539178,16.69176312309131,16.825267791748047,4374000,0.0,0.0
2006-03-21 00:00:00-05:00,16.71031625855334,16.788193555681538,16.417347666882733,16.558269500732422,3741800,0.0,0.0
2006-03-22 00:00:00-05:00,16.528601868727797,16.79931920955333,16.22450833987364,16.732566833496094,4199400,0.0,0.0
2006-03-23 00:00:00-05:00,16.68435341136186,16.780772698336396,16.484096336878814,16.7511043548584,1917200,0.0,0.0
2006-03-24 00:00:00-05:00,16.725142367674316,16.892023234201243,16.721434532713378,16.840105056762695,3270600,0.0,0.0
2006-03-27 00:00:00-05:00,16.799317805111382,16.869779426539385,16.710315587585654,16.765941619873047,1083000,0.0,0.0
2006-03-28 00:00:00-05:00,16.79559898376465,16.888310391604378,16.621301084333535,16.79559898376465,1716200,0.0,0.0
2006-03-29 00:00:00-05:00,16.739978790283203,16.803023310419714,16.662101513642007,16.739978790283203,1543600,0.0,0.0
2006-03-30 00:00:00-05:00,16.72513771057129,16.832683285127565,16.65096971469067,16.72513771057129,2236000,0.0,0.0
2006-03-31 00:00:00-05:00,16.728854333751045,16.795606691201144,16.55084851877227,16.7696475982666,2393400,0.0,0.0
2006-04-03 00:00:00-04:00,16.817857440579157,17.210954520681582,16.739980157577072,17.077449798583984,3351000,0.0,0.0
2006-04-04 00:00:00-04:00,16.962488849478667,17.24433105720859,16.81785778777739,17.162744522094727,2459600,0.0,0.0
2006-04-05 00:00:00-04:00,17.24061421485454,17.615167684214164,17.236904966288222,17.589208602905273,3910000,0.0,0.0
2006-04-06 00:00:00-04:00,17.767223120411018,17.86364241083734,17.648552571579604,17.84510040283203,3978000,0.0,0.0
2006-04-07 00:00:00-04:00,17.845096286766637,17.871055374919376,17.715300846002947,17.733842849731445,5547800,0.0,0.0
2006-04-10 00:00:00-04:00,17.78205642155101,17.85622586460327,17.70046989272708,17.726428985595703,3107800,0.0,0.0
2006-04-11 00:00:00-04:00,17.726425133564774,17.8747639874346,17.455707927716873,17.54100227355957,2412200,0.0,0.0
2006-04-12 00:00:00-04:00,17.555847936448686,17.655976516169687,17.492803387143574,17.5113468170166,1343800,0.0,0.0
2006-04-13 00:00:00-04:00,17.50392104214832,17.533587968826602,17.340747994092467,17.474252700805664,2062600,0.0,0.0
2006-04-17 00:00:00-04:00,17.578090949458623,17.674510232063962,17.422334982586104,17.503921508789062,1621400,0.0,0.0
2006-04-18 00:00:00-04:00,17.615176039240165,17.845100046172607,17.548423680023568,17.75980567932129,2453000,0.0,0.0
2006-04-19 00:00:00-04:00,17.83767826344525,17.89330568636697,17.733841916299788,17.826553344726562,1485400,0.0,0.0
2006-04-20 00:00:00-04:00,17.85622519339429,18.034231001229863,17.848808107901426,17.93039321899414,2551000,0.0,0.0
2006-04-21 00:00:00-04:00,17.97118699975935,18.034231520933304,17.68563556604492,17.77834701538086,3192600,0.0,0.0
2006-04-24 00:00:00-04:00,17.7783453587834,17.856224044113787,17.667091912879826,17.670801162719727,1581400,0.0,0.0
2006-04-25 00:00:00-04:00,17.67080149115088,17.685634246793207,17.44087609539052,17.600339889526367,1923400,0.0,0.0
2006-04-26 00:00:00-04:00,17.60404317858296,17.68933750696854,17.54841576610095,17.64483642578125,1723600,0.0,0.0
2006-04-27 00:00:00-04:00,17.644843307584416,17.7560967612754,17.57067386690229,17.68934440612793,3271600,0.0,0.0
2006-04-28 00:00:00-04:00,17.685628310177613,17.73383864015914,17.60404323020565,17.648544311523438,1739600,0.0,0.0
2006-05-01 00:00:00-04:00,17.61517953060619,17.726433013129697,17.440881512031673,17.489091873168945,1250200,0.0,0.0
2006-05-02 00:00:00-04:00,17.507627312697885,17.75609469790994,17.45200129964868,17.741260528564453,908800,0.0,0.0
2006-05-03 00:00:00-04:00,17.659675631761907,17.856224856958594,17.659675631761907,17.815431594848633,2432800,0.0,0.0
2006-05-04 00:00:00-04:00,17.763513846810056,17.882184386035696,17.6151749654458,17.68934440612793,1101400,0.0,0.0
2006-05-05 00:00:00-04:00,17.707885885940943,18.112107840238,17.69305171531285,18.056480407714844,1645400,0.0,0.0
2006-05-08 00:00:00-04:00,18.09727739097615,18.134362825172303,17.75609988435953,17.893312454223633,1663800,0.0,0.0
2006-05-09 00:00:00-04:00,17.800596013819316,17.98601888896327,17.64854931278785,17.87847328186035,2756000,0.0,0.0
2006-05-10 00:00:00-04:00,17.763512719838545,17.867349081407177,17.5892147574932,17.86363983154297,2937200,0.0,0.0
2006-05-11 00:00:00-04:00,17.782055826379555,17.837681845808582,17.541005498193865,17.719011306762695,2176400,0.0,0.0
2006-05-12 00:00:00-04:00,17.655967011746025,17.693051022199136,17.270287078510652,17.30366325378418,2691000,0.0,0.0
2006-05-15 00:00:00-04:00,17.24803692168609,17.251746171766175,16.76222984636133,16.97361183166504,3387400,0.0,0.0
2006-05-16 00:00:00-04:00,16.9624888843388,17.029239832238286,16.791898727416992,16.791898727416992,2868800,0.0,0.0
2006-05-17 00:00:00-04:00,16.650979351086054,16.73256447670314,16.42847099068075,16.484098434448242,2806200,0.0,0.0
2006-05-18 00:00:00-04:00,16.458138709838018,16.569392178462547,16.113251966836756,16.131793975830078,4429400,0.0,0.0
2006-05-19 00:00:00-04:00,16.131789914085,16.198542261385388,15.738692914945407,16.02424430847168,7581000,0.0,0.0
2006-05-22 00:00:00-04:00,15.968619523625572,16.035371876059806,15.772070301607277,15.95007610321045,3381800,0.0,0.0
2006-05-23 00:00:00-04:00,16.109540761331594,16.361716014099944,16.053914741101902,16.128084182739258,4764200,0.0,0.0
2006-05-24 00:00:00-04:00,15.946370326962558,16.150335245886147,15.883327216336802,15.99087142944336,3106800,0.0,0.0
2006-05-25 00:00:00-04:00,16.057622062051102,16.2059609405726,16.027955135145437,16.094707489013672,2794800,0.0,0.0
2006-05-26 00:00:00-04:00,16.187409695107984,16.26899475853041,16.094698302615186,16.205951690673828,3284800,0.0,0.0
2006-05-30 00:00:00-04:00,16.2059605924298,16.265295859630857,15.883325165440574,15.95007610321045,2069800,0.0,0.0
2006-05-31 00:00:00-04:00,19.024384067101046,19.05405240204629,18.356862092137938,18.449573516845703,37478600,0.0,0.0
2006-06-01 00:00:00-04:00,18.54229759902344,19.51020576003887,18.54229759902344,18.65355110168457,19513800,0.0,0.0
2006-06-02 00:00:00-04:00,18.653543388512162,19.26543952212912,18.367991953801877,19.23577117919922,9207600,0.0,0.0
2006-06-05 00:00:00-04:00,18.913139475715003,19.335903543531686,18.801885997026098,18.890888214111328,4132400,0.0,0.0
2006-06-06 00:00:00-04:00,18.8908831507045,18.91313440634407,18.486661201903903,18.686918258666992,2326600,0.0,0.0
2006-06-07 00:00:00-04:00,18.653540054749147,19.19126664960324,18.57195495560172,18.70916748046875,3844600,0.0,0.0
2006-06-08 00:00:00-04:00,18.709165311250437,18.890878906826003,18.434738878670313,18.783334732055664,7923200,0.0,0.0
2006-06-09 00:00:00-04:00,18.81300851019592,19.135643981457505,18.764798156896976,18.85750961303711,4441000,0.0,0.0
2006-06-12 00:00:00-04:00,18.338318308695165,18.338318308695165,17.047775571889556,17.40007781982422,13748600,0.0,0.0
2006-06-13 00:00:00-04:00,17.392668336251518,17.470545613614377,16.65097674689605,16.873483657836914,10321800,0.0,0.0
2006-06-14 00:00:00-04:00,16.784476719882207,17.437165981438117,16.717725791553963,17.29995346069336,5168800,0.0,0.0
2006-06-15 00:00:00-04:00,17.388961866473263,18.011983014321995,17.329626586424084,17.893312454223633,2963600,0.0,0.0
2006-06-16 00:00:00-04:00,17.89702189654362,18.093571178761596,17.704183280075288,17.967483520507812,2679400,0.0,0.0
2006-06-19 00:00:00-04:00,17.96747786222547,18.019396043745033,17.5335875751496,17.75609588623047,3160400,0.0,0.0
2006-06-20 00:00:00-04:00,17.75609296123444,17.796886215612528,17.29253582450907,17.47795867919922,1834600,0.0,0.0
2006-06-21 00:00:00-04:00,17.374117065131667,17.75237977456298,17.18498641774791,17.744962692260742,6626000,0.0,0.0
2006-06-22 00:00:00-04:00,17.72642830699049,17.741262477965947,17.337040514203295,17.37412452697754,2411000,0.0,0.0
2006-06-23 00:00:00-04:00,17.37783839064544,17.585511180778706,17.129370912166994,17.489091873168945,1322400,0.0,0.0
2006-06-26 00:00:00-04:00,17.489085110306437,17.533586203174732,17.133073538031596,17.422332763671875,1539200,0.0,0.0
2006-06-27 00:00:00-04:00,17.374124965401165,17.56696494895511,17.058906604872558,17.248037338256836,2466000,0.0,0.0
2006-06-28 00:00:00-04:00,17.333329500361888,17.355579338080698,17.05890304629535,17.170156478881836,1766400,0.0,0.0
2006-06-29 00:00:00-04:00,17.225787572188942,17.455711570471244,17.018113416365424,17.407501220703125,2626400,0.0,0.0
2006-06-30 00:00:00-04:00,17.466835506981827,17.871057459946403,17.44829350109002,17.86734962463379,3001600,0.0,0.0
2006-07-03 00:00:00-04:00,18.004558272269808,18.004558272269808,17.652254577855174,17.681922912597656,769800,0.0,0.0
2006-07-05 00:00:00-04:00,17.61517961521054,17.61517961521054,17.337045200233533,17.463132858276367,1328200,0.0,0.0
2006-07-06 00:00:00-04:00,17.455706378092763,17.544709965446227,17.30365970297295,17.411205291748047,1294200,0.0,0.0
2006-07-07 00:00:00-04:00,17.4037857851767,17.837674499622917,17.4037857851767,17.589208602905273,2038400,0.0,0.0
2006-07-10 00:00:00-04:00,17.6300126429133,17.852519594549236,17.6300126429133,17.763517379760742,1459200,0.0,0.0
2006-07-11 00:00:00-04:00,17.767220781301038,17.85622438853926,17.607756987053133,17.785762786865234,1824000,0.0,0.0
2006-07-12 00:00:00-04:00,17.77092618882215,17.941516294835353,17.704175260842906,17.752384185791016,1760000,0.0,0.0
2006-07-13 00:00:00-04:00,17.71530808927678,17.756101362957182,17.33704511696504,17.489091873168945,1439000,0.0,0.0
2006-07-14 00:00:00-04:00,17.466840610798332,17.56696916946892,17.18870619715718,17.489091873168945,1707200,0.0,0.0
2006-07-17 00:00:00-04:00,17.448284809766033,17.615165608994502,17.28882109213257,17.42974281311035,698000,0.0,0.0
2006-07-18 00:00:00-04:00,17.45199405789537,17.66708376549588,17.214651690846175,17.42974281311035,914000,0.0,0.0
2006-07-19 00:00:00-04:00,17.429757644661624,17.711599911782333,17.38896436850859,17.559553146362305,1361600,0.0,0.0
2006-07-20 00:00:00-04:00,17.626300015182306,17.867350345494085,17.57438183072486,17.852516174316406,1889600,0.0,0.0
2006-07-21 00:00:00-04:00,17.919272616493725,18.030526096369137,17.559551664053966,17.618886947631836,2440600,0.0,0.0
2006-07-24 00:00:00-04:00,17.68192760340753,17.87847542189411,17.674510517754243,17.80059814453125,1370600,0.0,0.0
2006-07-25 00:00:00-04:00,17.80059829692429,18.227071530320547,17.752387947097407,18.119525909423828,2641400,0.0,0.0
2006-07-26 00:00:00-04:00,18.119530231492117,18.34574644848807,18.078736957651564,18.15290641784668,2545800,0.0,0.0
2006-07-27 00:00:00-04:00,18.171444094776877,18.286406801390385,17.911851753347175,18.119525909423828,1947800,0.0,0.0
2006-07-28 00:00:00-04:00,18.208526936478435,18.59791613088734,18.171442924946327,18.475536346435547,2025000,0.0,0.0
2006-07-31 00:00:00-04:00,18.542288765689445,18.61274895371989,17.948936091053127,18.2641544342041,2918000,0.0,0.0
2006-08-01 00:00:00-04:00,18.171440612292272,18.727709202464485,17.92297465438749,18.019393920898438,5321000,0.0,0.0
2006-08-02 00:00:00-04:00,18.041651889796242,18.386538657260378,17.98602444420601,18.115819931030273,5693000,0.0,0.0
2006-08-03 00:00:00-04:00,18.086153543639217,18.089861379947006,17.552135991438387,17.618886947631836,4335600,0.0,0.0
2006-08-04 00:00:00-04:00,17.782046408222975,17.87475780616505,17.388949571669652,17.42974281311035,2825000,0.0,0.0
2006-08-07 00:00:00-04:00,17.37412905120773,17.4334643358961,17.18870610972349,17.32592010498047,3122400,0.0,0.0
2006-08-08 00:00:00-04:00,17.34445591226453,17.689342573236036,17.20724338075182,17.66338348388672,2594400,0.0,0.0
2006-08-09 00:00:00-04:00,17.782055249311355,18.23819538421577,17.74126198758859,18.082439422607422,4128800,0.0,0.0
2006-08-10 00:00:00-04:00,17.707884965738717,17.948935274593552,17.707884965738717,17.934101104736328,9369000,0.0,0.0
2006-08-11 00:00:00-04:00,17.915561963567725,17.978605073541978,17.759805984497724,17.841392517089844,2618000,0.0,0.0
2006-08-14 00:00:00-04:00,17.84139125326536,17.98231305012445,17.704178706532904,17.852516174316406,2616200,0.0,0.0
2006-08-15 00:00:00-04:00,17.89331093052601,18.004564394311398,17.804307310698974,17.948938369750977,1714600,0.0,0.0
2006-08-16 00:00:00-04:00,18.023100823616744,18.208523677418004,17.882180473285942,18.112104415893555,3360400,0.0,0.0
2006-08-17 00:00:00-04:00,18.115816790296233,18.234487333294457,17.759805161301568,17.91185188293457,2571200,0.0,0.0
2006-08-18 00:00:00-04:00,17.82655812799318,18.11952665995122,17.77834777616938,18.07502555847168,2031200,0.0,0.0
2006-08-21 00:00:00-04:00,18.075026842633786,18.230781416210206,17.89331175879669,18.09727668762207,1346000,0.0,0.0
2006-08-22 00:00:00-04:00,18.023110867882504,18.4977946001262,18.023110867882504,18.464418411254883,2774800,0.0,0.0
2006-08-23 00:00:00-04:00,18.24561381074988,18.675794886119963,18.171444367134804,18.601625442504883,7350000,0.0,0.0
2006-08-24 00:00:00-04:00,18.542295676755383,18.58308895359063,18.301245267091605,18.49408531188965,3253200,0.0,0.0
2006-08-25 00:00:00-04:00,18.494079000361108,18.801881682589674,18.468119908445978,18.67208480834961,1949800,0.0,0.0
2006-08-28 00:00:00-04:00,18.635001986869305,18.68321233836428,18.330908535281612,18.501497268676758,3626600,0.0,0.0
2006-08-29 00:00:00-04:00,18.653544578050848,18.738838947416873,18.45328749449694,18.694337844848633,2004200,0.0,0.0
2006-08-30 00:00:00-04:00,18.76479332302974,18.816712913411795,18.67208189077235,18.790752410888672,2595400,0.0,0.0
2006-08-31 00:00:00-04:00,18.82412602429331,18.968757027272822,18.705455520308067,18.779624938964844,1925800,0.0,0.0
2006-09-01 00:00:00-04:00,18.77962897872769,18.84638132841176,18.560829924688637,18.701751708984375,1335400,0.0,0.0
2006-09-05 00:00:00-04:00,18.82042601585388,18.842677275102613,18.468122191737493,18.54229164123535,1553600,0.0,0.0
2006-09-06 00:00:00-04:00,18.542291287889153,18.594209477148915,18.37541038336524,18.45699691772461,2776600,0.0,0.0
2006-09-07 00:00:00-04:00,18.431031163403034,18.631288176472786,18.356861742118234,18.579368591308594,3787600,0.0,0.0
2006-09-08 00:00:00-04:00,18.590497009825008,18.761085707654704,18.590497009825008,18.712875366210938,4297000,0.0,0.0
2006-09-11 00:00:00-04:00,18.712873180388613,18.712873180388613,18.13435480929606,18.178855895996094,4313800,0.0,0.0
2006-09-12 00:00:00-04:00,18.245614744733526,18.286408011543227,17.78205746674062,17.948938369750977,5426200,0.0,0.0
2006-09-13 00:00:00-04:00,17.948940311012255,18.0231083517811,17.719014857701797,17.763517379760742,5380800,0.0,0.0
2006-09-14 00:00:00-04:00,17.819141350418683,17.90443571917446,17.470546789243173,17.6300106048584,4422000,0.0,0.0
2006-09-15 00:00:00-04:00,17.615171700494482,17.6967582115893,17.477959180196596,17.54100227355957,5041600,0.0,0.0
2006-09-18 00:00:00-04:00,17.604043252911797,18.108393557376793,17.596626170238622,17.830259323120117,4428400,0.0,0.0
2006-09-19 00:00:00-04:00,17.94892981656319,18.019389979962554,17.737547911701224,17.830259323120117,4608400,0.0,0.0
2006-09-20 00:00:00-04:00,17.822844479775938,17.822844479775938,17.507624792547997,17.548418045043945,4369200,0.0,0.0
2006-09-21 00:00:00-04:00,17.652258769704755,17.75238730124188,17.503921304759107,17.55213165283203,4321800,0.0,0.0
2006-09-22 00:00:00-04:00,17.507628081017383,17.54842134117556,17.403791720370624,17.515045166015625,3797800,0.0,0.0
2006-09-25 00:00:00-04:00,17.50392595904557,17.507633795422752,16.836403652635248,17.32592010498047,7508800,0.0,0.0
2006-09-26 00:00:00-04:00,17.17015363314455,17.188695633058504,16.409920319361166,16.65838623046875,15239000,0.0,0.0
2006-09-27 00:00:00-04:00,16.52117986996018,16.99957128461392,16.52117986996018,16.873483657836914,6803200,0.0,0.0
2006-09-28 00:00:00-04:00,16.854942529661667,16.899443631236736,16.63985127849723,16.806732177734375,4495200,0.0,0.0
2006-09-29 00:00:00-04:00,16.769641858512017,16.880895277961926,16.68805535740556,16.79930877685547,4169000,0.0,0.0
2006-10-02 00:00:00-04:00,16.769642105847197,17.15532053798431,16.743683021414814,16.936521530151367,5889400,0.0,0.0
2006-10-03 00:00:00-04:00,16.851232712633248,16.914277234520327,16.695478155025995,16.7696475982666,5155800,0.0,0.0
2006-10-04 00:00:00-04:00,16.762235184928137,16.832695397581954,16.41734838018735,16.732566833496094,6739000,0.0,0.0
2006-10-05 00:00:00-04:00,16.71401876519352,16.836398548511546,16.539720800345783,16.617599487304688,5084400,0.0,0.0
2006-10-06 00:00:00-04:00,16.580521239241364,16.90686605470138,16.480392668088918,16.74740219116211,7256400,0.0,0.0
2006-10-09 00:00:00-04:00,16.728858441259028,17.058911059321268,16.710316429562294,16.884613037109375,3312000,0.0,0.0
2006-10-10 00:00:00-04:00,16.9142734424665,17.307368998583033,16.9142734424665,17.170156478881836,2627200,0.0,0.0
2006-10-11 00:00:00-04:00,17.077445351489818,17.34816256095115,17.036652095397912,17.281410217285156,2741800,0.0,0.0
2006-10-12 00:00:00-04:00,17.318495572089795,17.5113355180885,17.110821457630223,17.45941734313965,3873600,0.0,0.0
2006-10-13 00:00:00-04:00,17.485379425341502,17.659675983283883,17.470545254339985,17.52988052368164,2151200,0.0,0.0
2006-10-16 00:00:00-04:00,17.54100037224683,17.737549544519517,17.426039116889598,17.722715377807617,2634400,0.0,0.0
2006-10-17 00:00:00-04:00,17.68934605342609,17.867351878841117,17.35187641082716,17.392669677734375,7918400,0.0,0.0
2006-10-18 00:00:00-04:00,17.48538505442609,17.566970191870382,17.285127925429908,17.366714477539062,2248800,0.0,0.0
2006-10-19 00:00:00-04:00,17.366712049696915,17.722723730588065,17.34075153838381,17.707889556884766,4498200,0.0,0.0
2006-10-20 00:00:00-04:00,17.726429607224755,17.841392318720484,17.67821925535048,17.704179763793945,2896800,0.0,0.0
2006-10-23 00:00:00-04:00,17.707890161841775,17.93781420343915,17.652262715886334,17.904438018798828,3315400,0.0,0.0
2006-10-24 00:00:00-04:00,17.90443385413645,18.249320543642472,17.85993275652211,18.189985275268555,5230200,0.0,0.0
2006-10-25 00:00:00-04:00,18.189988416705884,18.4495807911729,18.134362388747356,18.20853042602539,3641200,0.0,0.0
2006-10-26 00:00:00-04:00,18.156612234064912,18.23078168600758,17.885894936939117,18.20853042602539,2487200,0.0,0.0
2006-10-27 00:00:00-04:00,18.152906464136038,18.17515631198596,17.95635718191806,17.967483520507812,1576800,0.0,0.0
2006-10-30 00:00:00-05:00,17.986019613103995,18.060189049080588,17.84138999101502,17.86363983154297,976800,0.0,0.0
2006-10-31 00:00:00-05:00,17.84880697503649,17.941518415816308,17.726427194168256,17.856224060058594,2372000,0.0,0.0
2006-11-01 00:00:00-05:00,17.837678568954356,18.134356276732582,17.77463547558318,17.937807083129883,2267400,0.0,0.0
2006-11-02 00:00:00-05:00,17.91185242569554,18.03423222261954,17.804306800761932,17.91556167602539,2557600,0.0,0.0
2006-11-03 00:00:00-05:00,18.542293130579747,19.91442310517559,18.542293130579747,19.703041076660156,26349000,0.0,0.0
2006-11-06 00:00:00-05:00,19.56211423623698,19.762371290212684,19.398942607811033,19.684494018554688,4017200,0.0,0.0
2006-11-07 00:00:00-05:00,19.803164902940864,20.044213807308893,19.647408942192335,19.984878540039062,7053800,0.0,0.0
2006-11-08 00:00:00-05:00,19.9885832399446,20.40763785073175,19.932955820626074,20.211090087890625,5334000,0.0,0.0
2006-11-09 00:00:00-05:00,20.181432627290537,20.47069338306887,20.151765691756616,20.363147735595703,3862200,0.0,0.0
2006-11-10 00:00:00-05:00,20.118376188604238,20.307506844607218,20.118376188604238,20.17400360107422,2865200,0.0,0.0
2006-11-13 00:00:00-05:00,20.155466598271857,20.300097633765848,20.08129857760538,20.1888427734375,1787600,0.0,0.0
2006-11-14 00:00:00-05:00,20.24817363924001,20.35942847539487,20.192547635826585,20.33346939086914,1891200,0.0,0.0
2006-11-15 00:00:00-05:00,20.24817627226168,20.344596954178996,19.97745905938708,20.13692283630371,2349000,0.0,0.0
2006-11-16 00:00:00-05:00,20.174010677043395,20.300098296824828,19.958919449025032,19.984878540039062,1822800,0.0,0.0
2006-11-17 00:00:00-05:00,19.988585309658298,20.151756920736684,19.88845679331559,19.947792053222656,4825200,0.0,0.0
2006-11-20 00:00:00-05:00,19.92925179756594,20.248177963371436,19.92183471259405,20.214801788330078,2431000,0.0,0.0
2006-11-21 00:00:00-05:00,20.389105434932176,20.489233987981624,20.251892861345024,20.396522521972656,2780400,0.0,0.0
2006-11-22 00:00:00-05:00,20.57452472289856,20.815575057694186,20.470688352052175,20.719154357910156,2222600,0.0,0.0
2006-11-24 00:00:00-05:00,20.759947131944674,20.811865316142107,20.548565145046883,20.656110763549805,803400,0.0,0.0
2006-11-27 00:00:00-05:00,20.58194312827239,20.66723749760278,20.45214765639234,20.526315689086914,2377600,0.0,0.0
2006-11-28 00:00:00-05:00,20.544860463235153,21.06404379956845,20.544860463235153,21.019542694091797,2489600,0.0,0.0
2006-11-29 00:00:00-05:00,20.952780285263763,21.542424955187833,20.949072451028247,21.408920288085938,4196000,0.0,0.0
2006-11-30 00:00:00-05:00,21.379258225887977,21.490511668852896,21.071455571865283,21.108539581298828,3146800,0.0,0.0
2006-12-01 00:00:00-05:00,21.108538228188028,21.3310465145188,21.108538228188028,21.32733726501465,2138600,0.0,0.0
2006-12-04 00:00:00-05:00,21.331054275378033,21.520185043639493,21.268009742847745,21.46084976196289,3092800,0.0,0.0
2006-12-05 00:00:00-05:00,21.509050227583806,21.861353919416697,21.471966224091524,21.74268341064453,5027600,0.0,0.0
2006-12-06 00:00:00-05:00,21.742694346807006,21.861364915268215,21.672232724201137,21.709318161010742,3172800,0.0,0.0
2006-12-07 00:00:00-05:00,21.827979535082267,21.942940804106104,21.520176905206718,21.61288833618164,1908800,0.0,0.0
2006-12-08 00:00:00-05:00,21.731559972573432,21.861356831413847,21.327338056142175,21.4385929107666,1313800,0.0,0.0
2006-12-11 00:00:00-05:00,21.423758001478674,21.568387609897343,21.30508748099853,21.48309326171875,1996200,0.0,0.0
2006-12-12 00:00:00-05:00,21.4534196207919,21.82426525928209,21.360708211169353,21.538715362548828,2427400,0.0,0.0
2006-12-13 00:00:00-05:00,21.5943520364826,21.879903489065747,21.5943520364826,21.798316955566406,2140400,0.0,0.0
2006-12-14 00:00:00-05:00,21.820569479747427,22.05791059314995,21.138213071382868,21.412639617919922,4422400,0.0,0.0
2006-12-15 00:00:00-05:00,21.453431040085885,21.512766317240914,21.334760485775828,21.353303909301758,1580200,0.0,0.0
2006-12-18 00:00:00-05:00,21.40522504374201,21.512769275793655,21.234634860629292,21.453433990478516,1328600,0.0,0.0
2006-12-19 00:00:00-05:00,21.434883564272333,21.8316883942914,21.24946069362177,21.494218826293945,2019400,0.0,0.0
2006-12-20 00:00:00-05:00,21.49052253038782,21.56469200140522,21.115967338349204,21.11967658996582,1619000,0.0,0.0
2006-12-21 00:00:00-05:00,21.156751910805813,21.197545173809633,20.867492649017862,20.897159576416016,2602200,0.0,0.0
2006-12-22 00:00:00-05:00,20.915701783474734,21.03808015071827,20.72656965046518,20.848949432373047,1235800,0.0,0.0
2006-12-26 00:00:00-05:00,20.80444689690997,21.026955205203496,20.80444689690997,20.878616333007812,764000,0.0,0.0
2006-12-27 00:00:00-05:00,20.915700791501138,20.95278480050358,20.700609578227034,20.785903930664062,961800,0.0,0.0
2006-12-28 00:00:00-05:00,20.85265734326426,20.98986988117601,20.71544480535251,20.82299041748047,783800,0.0,0.0
2006-12-29 00:00:00-05:00,20.76737218022453,20.878625676828456,20.648701595225017,20.771080017089844,1022200,0.0,0.0
2007-01-03 00:00:00-05:00,20.897161396486,21.17529576155723,20.570818093360888,20.704322814941406,6296200,0.0,0.0
2007-01-04 00:00:00-05:00,20.71173457358213,20.77477908671348,20.415058256487082,20.54485511779785,2699800,0.0,0.0
2007-01-05 00:00:00-05:00,20.574522628813135,20.644982814049644,20.185134863106818,20.214801788330078,3140400,0.0,0.0
2007-01-08 00:00:00-05:00,20.307511961015507,20.500351914255916,20.229634695667713,20.377973556518555,2733200,0.0,0.0
2007-01-09 00:00:00-05:00,20.322348168419854,20.637567925679235,20.248178730555036,20.541147232055664,2724600,0.0,0.0
2007-01-10 00:00:00-05:00,20.489231452976497,20.774782902714374,20.444730350904155,20.75994873046875,2692800,0.0,0.0
2007-01-11 00:00:00-05:00,20.759949544547958,20.97504080655049,20.69319718148956,20.87491226196289,2727000,0.0,0.0
2007-01-12 00:00:00-05:00,20.804449782411883,20.923120330761876,20.64127813209678,20.756240844726562,2981400,0.0,0.0
2007-01-16 00:00:00-05:00,20.69319375107677,20.841532625430034,20.637567734192558,20.7747802734375,1260400,0.0,0.0
2007-01-17 00:00:00-05:00,20.748823808616798,20.83411817703234,20.596777079760475,20.75994873046875,1761400,0.0,0.0
2007-01-18 00:00:00-05:00,20.808158953555314,20.897161157146606,20.6375702177849,20.78219985961914,2127800,0.0,0.0
2007-01-19 00:00:00-05:00,20.759942571559975,21.153039531460685,20.722858566612256,21.097412109375,2307400,0.0,0.0
2007-01-22 00:00:00-05:00,21.190122203669027,21.360710879162035,21.13820403414194,21.31620979309082,1663600,0.0,0.0
2007-01-23 00:00:00-05:00,21.36072086524872,21.67594069349974,21.26059372844529,21.53131103515625,1917600,0.0,0.0
2007-01-24 00:00:00-05:00,21.54613542055093,21.579511591402166,21.43488198926818,21.575803756713867,1301400,0.0,0.0
2007-01-25 00:00:00-05:00,21.66110745906031,21.872489494216502,21.553561816004773,21.6240234375,1606200,0.0,0.0
2007-01-26 00:00:00-05:00,21.620307846842653,21.69447728287938,21.4163429587399,21.64626693725586,1640200,0.0,0.0
2007-01-29 00:00:00-05:00,21.731563568115234,22.336042625285945,21.69447955354761,21.731563568115234,5074400,0.0,0.0
2007-01-30 00:00:00-05:00,22.01711129418603,22.10240564503887,21.924399858737605,22.04677963256836,3148000,0.0,0.0
2007-01-31 00:00:00-05:00,22.046784745536723,22.26558384052425,21.89844584855161,22.224790573120117,1992200,0.0,0.0
2007-02-01 00:00:00-05:00,22.2322061343937,22.48067214293572,22.161744526560106,22.465839385986328,2446400,0.0,0.0
2007-02-02 00:00:00-05:00,22.46583631208548,22.64013285337445,22.43616797291715,22.636425018310547,1444800,0.0,0.0
2007-02-05 00:00:00-05:00,22.69576124500585,22.788472686844383,22.621591808602158,22.729137420654297,1501400,0.0,0.0
2007-02-06 00:00:00-05:00,22.85522155118345,22.85522155118345,22.32491207160174,22.447290420532227,2471600,0.0,0.0
2007-02-07 00:00:00-05:00,22.569669414553015,22.629004669667292,22.25074188781475,22.276700973510742,1889800,0.0,0.0
2007-02-08 00:00:00-05:00,22.23220464895257,22.476962805569883,22.23220464895257,22.369417190551758,2280000,0.0,0.0
2007-02-09 00:00:00-05:00,22.39908329935215,22.47696056536307,22.217368263995773,22.28782844543457,1207400,0.0,0.0
2007-02-12 00:00:00-05:00,22.317495234191288,22.317495234191288,22.08386203771575,22.158031463623047,2517800,0.0,0.0
2007-02-13 00:00:00-05:00,22.228497094333722,22.295249452562775,22.150619814621322,22.232206344604492,1374200,0.0,0.0
2007-02-14 00:00:00-05:00,22.247040588639422,22.551134037264454,22.247040588639422,22.39167022705078,1678600,0.0,0.0
2007-02-15 00:00:00-05:00,22.40279622484877,22.56226004272343,22.217373312405176,22.46213150024414,1837400,0.0,0.0
2007-02-16 00:00:00-05:00,22.4658392251325,22.899728131747725,22.3434594321911,22.88860321044922,2426000,0.0,0.0
2007-02-20 00:00:00-05:00,22.84410329001123,22.940524001095625,22.762518166783607,22.903438568115234,5162600,0.0,0.0
2007-02-21 00:00:00-05:00,22.903436330969647,22.977605775021136,22.64013614851811,22.788475036621094,1813200,0.0,0.0
2007-02-22 00:00:00-05:00,22.862641538358417,23.148191527011328,22.80330627368629,23.12223243713379,1675400,0.0,0.0
2007-02-23 00:00:00-05:00,23.066603689603994,23.663665515383386,23.066603689603994,23.556119918823242,2506800,0.0,0.0
2007-02-26 00:00:00-05:00,25.21751499527935,25.959206612787565,24.957924060883066,25.12480354309082,23837200,0.0,0.0
2007-02-27 00:00:00-05:00,24.90230051162521,25.10626404068679,24.479536449986966,24.568538665771484,6018400,0.0,0.0
2007-02-28 00:00:00-05:00,24.531445693959594,24.887457256525906,24.29039540272338,24.605613708496094,4980600,0.0,0.0
2007-03-01 00:00:00-05:00,24.75395252880484,25.19155060428494,24.19397468313229,24.969043731689453,5808800,0.0,0.0
2007-03-02 00:00:00-05:00,24.913423937027623,25.365856319834958,24.89117409175161,25.002426147460938,5127000,0.0,0.0
2007-03-05 00:00:00-05:00,24.92083681508354,25.239764431820646,24.70574839976114,24.850378036499023,3047600,0.0,0.0
2007-03-06 00:00:00-05:00,24.93937788060744,25.3695603292652,24.868916279351406,25.191553115844727,5143600,0.0,0.0
2007-03-07 00:00:00-05:00,25.19155461851847,25.829409829774225,25.109968092056153,25.65882110595703,4634000,0.0,0.0
2007-03-08 00:00:00-05:00,25.773785760462395,26.215093213400984,25.658824455980934,25.84795379638672,5935600,0.0,0.0
2007-03-09 00:00:00-05:00,25.81086122745551,26.126079519697946,25.732983966736438,25.940656661987305,3169200,0.0,0.0
2007-03-12 00:00:00-04:00,25.944369929831584,25.9703290207587,25.755237793460466,25.829408645629883,3484400,0.0,0.0
2007-03-13 00:00:00-04:00,25.221229926390233,25.740414741452586,25.202686500044226,25.276857376098633,5865800,0.0,0.0
2007-03-14 00:00:00-04:00,25.328776207675826,25.669953758063766,25.16560310560782,25.666244506835938,4133600,0.0,0.0
2007-03-15 00:00:00-04:00,25.740404477790886,26.01853878610071,25.529019687320066,25.855365753173828,3764800,0.0,0.0
2007-03-16 00:00:00-04:00,25.90729028877024,26.014835920561474,25.73670154399666,25.83312225341797,1720400,0.0,0.0
2007-03-19 00:00:00-04:00,25.996292017373598,26.31151040579812,25.899871309731452,26.207674026489258,3565000,0.0,0.0
2007-03-20 00:00:00-04:00,26.18171443498524,26.419055534425663,26.051918963311422,26.330053329467773,4345000,0.0,0.0
2007-03-21 00:00:00-04:00,26.370848453423402,26.719444455608837,26.155757182741784,26.70090103149414,3207200,0.0,0.0
2007-03-22 00:00:00-04:00,26.693480772554253,26.960487360351348,26.47097103873015,26.77506446838379,2780000,0.0,0.0
2007-03-23 00:00:00-04:00,26.775067163912624,26.99386766971264,26.663815115129278,26.919696807861328,2350400,0.0,0.0
2007-03-26 00:00:00-04:00,26.941949269025457,27.093994583298027,26.689773999373994,27.090288162231445,2950000,0.0,0.0
2007-03-27 00:00:00-04:00,27.093988668431102,27.405500559090672,26.953068306780605,27.35358238220215,3099800,0.0,0.0
2007-03-28 00:00:00-04:00,27.357295327368345,27.498218551958466,27.02724276871639,27.312795639038086,3346800,0.0,0.0
2007-03-29 00:00:00-04:00,27.40550574816436,27.505632871314017,27.20153942224787,27.349878311157227,2830200,0.0,0.0
2007-03-30 00:00:00-04:00,27.38695476616923,27.516750197137878,26.189124722665156,26.71572494506836,5967600,0.0,0.0
2007-04-02 00:00:00-04:00,26.71573192017824,27.357293573323993,26.68606357697421,27.260875701904297,3587000,0.0,0.0
2007-04-03 00:00:00-04:00,27.38696152724445,27.44258896262907,27.190413707637163,27.20524787902832,2366600,0.0,0.0
2007-04-04 00:00:00-04:00,27.257165653611203,27.31279308815781,27.023533823710064,27.301668167114258,1724200,0.0,0.0
2007-04-05 00:00:00-04:00,27.249757715838943,27.679937484466173,27.157046241727162,27.4351806640625,2759600,0.0,0.0
2007-04-09 00:00:00-04:00,27.757802757834412,28.68491709730335,27.717009500551505,28.41790771484375,7286800,0.0,0.0
2007-04-10 00:00:00-04:00,28.458696391043453,28.66266264462492,28.425321638272653,28.61074447631836,4954400,0.0,0.0
2007-04-11 00:00:00-04:00,28.69605363530785,28.799892860007276,28.48096517175441,28.703472137451172,2991400,0.0,0.0
2007-04-12 00:00:00-04:00,28.703460324802847,28.885173941917497,28.410491855960952,28.68120765686035,6340400,0.0,0.0
2007-04-13 00:00:00-04:00,28.83326505966263,28.970479043778425,28.52175590134049,28.911142349243164,2100000,0.0,0.0
2007-04-16 00:00:00-04:00,28.989012351419337,29.26344025066385,28.95192834132183,29.211519241333008,2603600,0.0,0.0
2007-04-17 00:00:00-04:00,29.315363892484115,29.619457358865876,29.014976847272628,29.222652435302734,3103800,0.0,0.0
2007-04-18 00:00:00-04:00,29.111388014043268,29.467399553421735,29.033510755053747,29.2819766998291,1922800,0.0,0.0
2007-04-19 00:00:00-04:00,29.16701914115374,29.25973057972745,29.01497102381515,29.122516632080078,1277200,0.0,0.0
2007-04-20 00:00:00-04:00,29.196683030525346,29.504482809387053,28.85921208747496,28.900005340576172,2818200,0.0,0.0
2007-04-23 00:00:00-04:00,28.911127426773408,29.489645753243504,28.859209260517265,29.415477752685547,2428600,0.0,0.0
2007-04-24 00:00:00-04:00,29.41920247700202,29.545288710141723,29.330197434319388,29.523038864135742,1632200,0.0,0.0
2007-04-25 00:00:00-04:00,29.541577850348993,29.71958225031207,29.4562820712587,29.545284271240234,3541400,0.0,0.0
2007-04-26 00:00:00-04:00,29.526741630156316,29.953212008031407,29.49336403914848,29.782623291015625,2866800,0.0,0.0
2007-04-27 00:00:00-04:00,29.62316518221661,29.660252030307937,29.081730586168625,29.2523193359375,4836400,0.0,0.0
2007-04-30 00:00:00-04:00,29.252308364215512,29.752952332378186,29.215224359362626,29.2819766998291,5720000,0.0,0.0
2007-05-01 00:00:00-04:00,29.545282339327063,29.57495068049059,29.085434368607345,29.51190757751465,6714600,0.0,0.0
2007-05-02 00:00:00-04:00,29.945795765785864,30.984165047909908,29.567534327333185,29.74553871154785,7916800,0.0,0.0
2007-05-03 00:00:00-04:00,30.03850859518976,30.34631127588309,29.975465490757287,30.1126766204834,4302400,0.0,0.0
2007-05-04 00:00:00-04:00,30.261006293473933,31.07686847012152,30.209088125698752,31.013822555541992,4515800,0.0,0.0
2007-05-07 00:00:00-04:00,31.062052884911804,31.355021480797557,31.03609378549558,31.136220932006836,3011600,0.0,0.0
2007-05-08 00:00:00-04:00,31.06204097368942,31.369840797499844,30.895158687724752,31.073165893554688,3938000,0.0,0.0
2007-05-09 00:00:00-04:00,31.07686760837043,32.09298393007261,31.07686760837043,31.926101684570312,6958000,0.0,0.0
2007-05-10 00:00:00-04:00,31.929804971222893,32.256150903625816,31.18440453755308,31.343868255615234,5615600,0.0,0.0
2007-05-11 00:00:00-04:00,31.343881258975614,31.492220123487222,31.039787859924644,31.228919982910156,5864400,0.0,0.0
2007-05-14 00:00:00-04:00,31.11396783116986,31.536731879942064,31.05463113623303,31.173301696777344,4635200,0.0,0.0
2007-05-15 00:00:00-04:00,31.329058160317178,31.800031137507165,31.032380353250133,31.080589294433594,5194400,0.0,0.0
2007-05-16 00:00:00-04:00,31.23634036434357,31.380969987891387,30.261014181210342,30.858076095581055,8671400,0.0,0.0
2007-05-17 00:00:00-04:00,30.709743450264416,31.180719256783657,30.680077933021114,31.080589294433594,2973000,0.0,0.0
2007-05-18 00:00:00-04:00,31.19182632460805,32.081856407009404,31.1324896654284,31.88159942626953,4860200,0.0,0.0
2007-05-21 00:00:00-04:00,31.98915501097716,32.38225059842638,31.718436370064047,32.308082580566406,3985400,0.0,0.0
2007-05-22 00:00:00-04:00,32.423048020763105,32.43046369177,31.84823590588201,31.866779327392578,3640800,0.0,0.0
2007-05-23 00:00:00-04:00,31.774069554205084,32.03366049307014,31.614605740522542,31.759235382080078,3350600,0.0,0.0
2007-05-24 00:00:00-04:00,31.837099141046902,31.95576963831307,30.81356433379634,30.965612411499023,4641000,0.0,0.0
2007-05-25 00:00:00-04:00,31.151041896589938,31.503344214879522,30.820989417127105,31.08428955078125,2972400,0.0,0.0
2007-05-29 00:00:00-04:00,31.28083805944051,31.570097288167496,31.125083525407284,31.22150421142578,3065400,0.0,0.0
2007-05-30 00:00:00-04:00,31.15104150829183,32.07074016915542,31.095414082589915,32.007694244384766,4237800,0.0,0.0
2007-05-31 00:00:00-04:00,32.51575828436847,32.87918839569388,32.189415014712274,32.59363555908203,4231600,0.0,0.0
2007-06-01 00:00:00-04:00,33.301945940454665,33.3390299456455,32.47124951167307,32.95335006713867,4084800,0.0,2.0
2007-06-04 00:00:00-04:00,32.99786521614973,33.353876895200614,32.73827142167787,32.968196868896484,2449900,0.0,0.0
2007-06-05 00:00:00-04:00,33.04978116621994,33.15361754522998,32.36000770070562,32.575096130371094,2244000,0.0,0.0
2007-06-06 00:00:00-04:00,32.13008119721817,32.315504104787216,31.588646646636036,31.759235382080078,2909600,0.0,0.0
2007-06-07 00:00:00-04:00,31.5070503732437,31.83339357110778,30.312926765006267,30.64668846130371,4466800,0.0,0.0
2007-06-08 00:00:00-04:00,30.654114594644795,31.53672656305748,30.505775711641025,31.38838768005371,3636100,0.0,0.0
2007-06-11 00:00:00-04:00,31.50706011461301,32.2116677292412,31.410639410464977,31.759235382080078,2329100,0.0,0.0
2007-06-12 00:00:00-04:00,31.633135160825628,32.500912626055225,31.46254367156368,32.19681930541992,11227800,0.0,0.0
2007-06-13 00:00:00-04:00,32.26358790831132,32.89402470122481,32.19683554429337,32.63443374633789,4187400,0.0,0.0
2007-06-14 00:00:00-04:00,32.93112139344317,33.37613540038292,32.64185917666928,33.09429168701172,2480700,0.0,0.0
2007-06-15 00:00:00-04:00,33.368709048364614,34.06589819062524,33.161033459495954,33.89530944824219,3489500,0.0,0.0
2007-06-18 00:00:00-04:00,34.01397069030919,34.03622052864693,33.390949752897114,33.606040954589844,1579000,0.0,0.0
2007-06-19 00:00:00-04:00,33.47994957460158,33.606038584723294,33.04235153240533,33.21294021606445,3791400,0.0,0.0
2007-06-20 00:00:00-04:00,33.38352712201954,33.43544812059529,32.00398355858668,32.130069732666016,3098500,0.0,0.0
2007-06-21 00:00:00-04:00,32.167174945575624,32.397100439087446,31.44031726750166,32.27101135253906,3293200,0.0,0.0
2007-06-22 00:00:00-04:00,32.308095387027485,32.31551106002154,31.35131229900479,31.455148696899414,7606400,0.0,0.0
2007-06-25 00:00:00-04:00,31.6998965404126,31.863066749483004,31.10654106599029,31.31421661376953,7025700,0.0,0.0
2007-06-26 00:00:00-04:00,31.49222462655871,31.91498861180426,30.55769445636562,30.683780670166016,2899100,0.0,0.0
2007-06-27 00:00:00-04:00,30.409353400161216,31.262299810189905,29.94950543363911,31.15846061706543,7415600,0.0,0.0
2007-06-28 00:00:00-04:00,31.291956468762077,31.50704763538842,30.787606133589634,30.839527130126953,4005400,0.0,0.0
2007-06-29 00:00:00-04:00,30.950787613873896,31.410635576301303,30.43902147001091,30.832117080688477,2985300,0.0,0.0
2007-07-02 00:00:00-04:00,31.099125562628938,31.588641851123967,30.928536853082186,31.447721481323242,2807600,0.0,0.0
2007-07-03 00:00:00-04:00,31.647989618947022,31.848246756305763,31.321646226212327,31.544153213500977,813900,0.0,0.0
2007-07-05 00:00:00-04:00,31.477380759149465,31.89272894536817,31.366128751122915,31.840810775756836,1853400,0.0,0.0
2007-07-06 00:00:00-04:00,31.855648511559437,31.996568869245273,31.521886791431548,31.885316848754883,1219800,0.0,0.0
2007-07-09 00:00:00-04:00,32.06331596785375,32.322909631853,31.9520639655637,32.15973663330078,2034000,0.0,0.0
2007-07-10 00:00:00-04:00,32.122657887661745,32.300662252177716,31.76664632930145,31.885316848754883,2482500,0.0,0.0
2007-07-11 00:00:00-04:00,32.02624840052942,32.24875534861109,31.36614322851107,31.492229461669922,2534000,0.0,0.0
2007-07-12 00:00:00-04:00,31.744390028420426,32.589917736416865,31.714721694620682,32.44158172607422,3141800,0.0,0.0
2007-07-13 00:00:00-04:00,32.627018074482216,32.90885887426537,32.44159515546893,32.63443374633789,1890700,0.0,0.0
2007-07-16 00:00:00-04:00,32.64185594082859,33.16845928634465,32.500935512777694,32.560272216796875,2255500,0.0,0.0
2007-07-17 00:00:00-04:00,32.7679310655528,33.13135832022367,32.58250818846358,32.58992385864258,2164000,0.0,0.0
2007-07-18 00:00:00-04:00,32.5231795098843,32.627018723233,32.189420512487345,32.426761627197266,3367300,0.0,0.0
2007-07-19 00:00:00-04:00,32.73086224856666,33.042371468590936,32.32293229548872,32.960784912109375,3539700,0.0,0.0
2007-07-20 00:00:00-04:00,33.04234992421483,33.183273095099594,32.196822216218386,32.44158172607422,4052700,0.0,0.0
2007-07-23 00:00:00-04:00,32.753110370469145,32.782778722047816,32.27842806252941,32.40451431274414,2070900,0.0,0.0
2007-07-24 00:00:00-04:00,32.011409701883984,32.12266457486344,30.120096666535787,30.335187911987305,5757400,0.0,0.0
2007-07-25 00:00:00-04:00,30.683774782638324,31.158456862406602,29.40064890159957,29.75666046142578,7474500,0.0,0.0
2007-07-26 00:00:00-04:00,28.55512497961467,29.155896160081802,27.524174166809498,27.98402214050293,14059600,0.0,0.0
2007-07-27 00:00:00-04:00,27.887603423755763,28.510624489764275,26.997575754596994,27.182998657226562,7158900,0.0,0.0
2007-07-30 00:00:00-04:00,27.49450625098045,29.163312282110343,27.49450625098045,28.814716339111328,7113300,0.0,0.0
2007-07-31 00:00:00-04:00,29.267140254286605,29.6454044306007,28.48836489567193,28.592201232910156,5774400,0.0,0.0
2007-08-01 00:00:00-04:00,28.56995020210243,29.14105286234319,28.199104539296314,29.00012969970703,6343200,0.0,0.0
2007-08-02 00:00:00-04:00,29.252325758505187,33.435470199610876,17.081163939192734,29.74184226989746,10238700,0.0,0.0
2007-08-03 00:00:00-04:00,30.223938378911402,30.350024616524433,28.940812009338504,29.05948257446289,3965000,0.0,0.0
2007-08-06 00:00:00-04:00,29.059473458382094,29.437734881888407,28.325197621856407,29.148475646972656,5377000,0.0,0.0
2007-08-07 00:00:00-04:00,29.00756620628681,30.49094977844708,28.89631130664294,30.312942504882812,4901900,0.0,0.0
2007-08-08 00:00:00-04:00,30.045916397549195,31.418047140777706,30.045916397549195,31.188121795654297,4692700,0.0,0.0
2007-08-09 00:00:00-04:00,30.401943089395566,30.943377674161937,29.259737227616476,30.08301544189453,6119500,0.0,0.0
2007-08-10 00:00:00-04:00,29.66766746180832,29.816006364983213,28.92597577526311,29.111398696899414,5627500,0.0,0.0
2007-08-13 00:00:00-04:00,30.142348981592377,30.63928387117453,29.51932786633261,29.689916610717773,3512800,0.0,0.0
2007-08-14 00:00:00-04:00,29.60833357253664,29.81600918837881,29.11881712623573,29.230072021484375,2528400,0.0,0.0
2007-08-15 00:00:00-04:00,29.03722016109003,29.563820389097096,28.466117429422333,28.621871948242188,2873400,0.0,0.0
2007-08-16 00:00:00-04:00,28.295524763884142,28.37710843179757,25.78118883251748,27.22007179260254,10779500,0.0,0.0
2007-08-17 00:00:00-04:00,29.304238541277318,29.304238541277318,26.300387648422916,27.31650733947754,11981600,0.0,0.0
2007-08-20 00:00:00-04:00,27.47967193864763,27.78376536735978,26.737980373073718,27.323917388916016,3505900,0.0,0.0
2007-08-21 00:00:00-04:00,28.592206075473936,28.592206075473936,27.1978252966026,27.494503021240234,3310300,0.0,0.0
2007-08-22 00:00:00-04:00,27.902430991641538,28.35486321967034,27.672508457568618,28.23619270324707,3725600,0.0,0.0
2007-08-23 00:00:00-04:00,28.29553337563351,28.866633371481,28.139776001982778,28.555124282836914,5819600,0.0,0.0
2007-08-24 00:00:00-04:00,28.666381212375207,29.32648627771034,28.213948887775917,29.24489974975586,2816900,0.0,0.0
2007-08-27 00:00:00-04:00,29.170728901126402,29.259731091501877,28.495786900349156,28.755380630493164,2483200,0.0,0.0
2007-08-28 00:00:00-04:00,28.384533017358923,28.85921510748888,27.872766919436646,27.961769104003906,2438600,0.0,0.0
2007-08-29 00:00:00-04:00,28.06561056801819,28.52545857289921,27.96177419556076,28.354869842529297,1527700,0.0,0.0
2007-08-30 00:00:00-04:00,28.102686591090333,28.473532289741467,27.761509227370045,28.265859603881836,1558600,0.0,0.0
2007-08-31 00:00:00-04:00,28.406786425505853,28.688630012932567,28.058193313262887,28.25103187561035,1819500,0.0,0.0
2007-09-04 00:00:00-04:00,28.28811771022185,29.45257331805948,28.25103369538115,29.23748207092285,2807900,0.0,0.0
2007-09-05 00:00:00-04:00,29.230059019034528,29.230059019034528,28.636706443419182,28.94821548461914,3452200,0.0,0.0
2007-09-06 00:00:00-04:00,28.98529995237539,29.682488818122316,28.829542615166883,29.645404815673828,2525000,0.0,0.0
2007-09-07 00:00:00-04:00,29.44515634859215,29.563826888447615,28.740548780368947,29.029808044433594,2325800,0.0,0.0
2007-09-10 00:00:00-04:00,29.319067941545946,29.385820298488994,28.243617388716377,28.451290130615234,2667600,0.0,0.0
2007-09-11 00:00:00-04:00,28.733127551477583,28.829545401296016,28.406781508005043,28.792461395263672,1621400,0.0,0.0
2007-09-12 00:00:00-04:00,28.733131773289205,29.141061558239453,28.56995872757762,28.881467819213867,3180000,0.0,0.0
2007-09-13 00:00:00-04:00,29.066899451284588,29.126236150970012,28.59963567324492,28.762805938720703,2027300,0.0,0.0
2007-09-14 00:00:00-04:00,28.69604697983224,29.237481508206933,28.562542265512022,29.01497459411621,1605300,0.0,0.0
2007-09-17 00:00:00-04:00,28.88887896570231,28.91112880106177,28.54770161999328,28.777624130249023,1521100,0.0,0.0
2007-09-18 00:00:00-04:00,28.88888806848684,29.860502243041992,28.65154698544063,29.860502243041992,3432800,0.0,0.0
2007-09-19 00:00:00-04:00,30.075587968145374,30.631856560019806,30.03850396121942,30.36484718322754,3085900,0.0,0.0
2007-09-20 00:00:00-04:00,30.335193883183056,30.350025228459373,29.823424761935364,29.912429809570312,1744600,0.0,0.0
2007-09-21 00:00:00-04:00,30.12010097875981,30.706038112258177,29.92725954856395,30.55769920349121,2904700,0.0,0.0
2007-09-24 00:00:00-04:00,30.416764971276365,31.210377421888605,30.409349301716997,31.010120391845703,2593500,0.0,0.0
2007-09-25 00:00:00-04:00,30.63927430364263,31.18812438300388,30.53543512575022,30.98786735534668,2159600,0.0,0.0
2007-09-26 00:00:00-04:00,31.054618448321843,31.551553162733658,30.935947936262455,31.151039123535156,2977800,0.0,0.0
2007-09-27 00:00:00-04:00,31.596056602193233,31.714727128396333,31.121374497380824,31.573806762695312,1791200,0.0,0.0
2007-09-28 00:00:00-04:00,31.514471595082693,31.774062476120513,30.78019579977395,31.366132736206055,3046200,0.0,0.0
2007-10-01 00:00:00-04:00,31.27712374950802,31.840810775756836,31.210374242288918,31.840810775756836,1653000,0.0,0.0
2007-10-02 00:00:00-04:00,31.781491625903247,31.848243999244158,31.121386394715113,31.55156898498535,1416000,0.0,0.0
2007-10-03 00:00:00-04:00,31.336461072874222,31.937232114367916,31.29937706942283,31.640554428100586,1185600,0.0,0.0
2007-10-04 00:00:00-04:00,31.796314158516378,32.07074205361684,31.596057111819512,31.974321365356445,1302800,0.0,0.0
2007-10-05 00:00:00-04:00,32.21166548966515,32.856936370929645,32.13007896331458,32.41933822631836,1855100,0.0,0.0
2007-10-08 00:00:00-04:00,32.43418485375884,32.68636020054088,32.374850975925966,32.48610305786133,1015700,0.0,0.0
2007-10-09 00:00:00-04:00,32.41191501931468,32.797594890087915,32.35999684722291,32.79017639160156,1375100,0.0,0.0
2007-10-10 00:00:00-04:00,32.21908619127322,32.69377125240089,32.01141342219375,32.37484359741211,1410200,0.0,0.0
2007-10-11 00:00:00-04:00,32.5676797582234,34.355156495199765,32.5676797582234,33.08686447143555,5053400,0.0,0.0
2007-10-12 00:00:00-04:00,33.24260815936635,33.828545041544615,32.48608259554026,33.67279052734375,2465300,0.0,0.0
2007-10-15 00:00:00-04:00,33.672804496269194,33.68763584054069,32.931112792204495,33.33904266357422,1604900,0.0,0.0
2007-10-16 00:00:00-04:00,33.346450981795776,33.8285516148516,33.00527355220513,33.66537857055664,2684900,0.0,0.0
2007-10-17 00:00:00-04:00,33.895302844639396,34.58507618081631,33.50962291682757,34.392234802246094,4396700,0.0,0.0
2007-10-18 00:00:00-04:00,34.26615463700984,34.90400990574543,34.12523141339252,34.78533935546875,2391300,0.0,0.0
2007-10-19 00:00:00-04:00,34.859489109205164,35.00040942959933,33.769202055085614,34.1177978515625,3651900,0.0,0.0
2007-10-22 00:00:00-04:00,34.14007310075774,34.251328003963046,33.012701210307526,33.46513366699219,3042500,0.0,0.0
2007-10-23 00:00:00-04:00,33.85822129386977,33.91013947741064,32.9830250151396,33.257450103759766,2100900,0.0,0.0
2007-10-24 00:00:00-04:00,33.40578525384849,33.598623795565864,32.48608656505488,33.264862060546875,2704300,0.0,0.0
2007-10-25 00:00:00-04:00,33.376122145374765,33.52446103188666,32.83468761453593,33.16844940185547,2464100,0.0,0.0
2007-10-26 00:00:00-04:00,33.30935443578109,33.45027475688694,32.74567032203004,33.22776794433594,2194300,0.0,0.0
2007-10-29 00:00:00-04:00,33.301946207644534,33.87304611668763,33.13877318830179,33.702457427978516,1526300,0.0,0.0
2007-10-30 00:00:00-04:00,33.73213401702606,34.266152880562444,33.53187694319992,33.865638732910156,2078200,0.0,0.0
2007-10-31 00:00:00-04:00,33.895307076290834,34.199400522620394,33.316785697683436,33.865638732910156,4018700,0.0,0.0
2007-11-01 00:00:00-04:00,33.85821435924978,33.86563002852444,32.84951357820184,33.00526809692383,2750100,0.0,0.0
2007-11-02 00:00:00-04:00,34.30323505994164,34.533160464847725,33.41320461143956,33.68762969970703,4123700,0.0,0.0
2007-11-05 00:00:00-05:00,30.32034507619071,34.16972240484026,30.32034507619071,33.67279052734375,2449300,0.0,0.0
2007-11-06 00:00:00-05:00,33.64312920590624,34.13264551639096,33.561542682604,33.880470275878906,3570700,0.0,0.0
2007-11-07 00:00:00-05:00,33.93238183627674,33.93238183627674,32.67892437825986,32.79017639160156,2816100,0.0,0.0
2007-11-08 00:00:00-05:00,33.19070551711902,33.30937608288973,32.18942279526174,32.51576614379883,2985400,0.0,0.0
2007-11-09 00:00:00-05:00,32.21907754839145,32.21907754839145,30.861783582774923,30.95820426940918,4664500,0.0,0.0
2007-11-12 00:00:00-05:00,31.151053913665645,31.455147422030628,29.897595858079157,30.0533504486084,4983500,0.0,0.0
2007-11-13 00:00:00-05:00,30.134931398724753,30.431606349973155,29.749251415705725,30.372272491455078,3163300,0.0,0.0
2007-11-14 00:00:00-05:00,30.409343169274173,30.75052048676883,30.120084016210104,30.194252014160156,1985600,0.0,0.0
2007-11-15 00:00:00-05:00,30.1868394755499,30.231339147202082,29.593486942453655,29.786325454711914,2781000,0.0,0.0
2007-11-16 00:00:00-05:00,29.771496495405117,30.023671719747995,28.97788681307017,29.38581657409668,2691000,0.0,0.0
2007-11-19 00:00:00-05:00,29.348739062071704,29.534161978981093,28.93339070963617,29.311655044555664,2941900,0.0,0.0
2007-11-20 00:00:00-05:00,29.31165061038225,29.979171312678133,29.066891039010304,29.333900451660156,3042800,0.0,0.0
2007-11-21 00:00:00-05:00,29.007556864026967,29.363568467167724,28.799884136193704,29.066890716552734,2233600,0.0,0.0
2007-11-23 00:00:00-05:00,29.48965603270742,29.48965603270742,28.770217122665024,29.029808044433594,844600,0.0,0.0
2007-11-26 00:00:00-05:00,28.82213687213981,30.18684956924974,28.82213687213981,29.504491806030273,3039800,0.0,0.0
2007-11-27 00:00:00-05:00,29.845669659193383,30.149763086026656,29.267148317676632,29.593494415283203,3623600,0.0,0.0
2007-11-28 00:00:00-05:00,29.511902979051136,31.1287905392508,29.511902979051136,30.98786735534668,3359200,0.0,0.0
2007-11-29 00:00:00-05:00,30.765360001232533,31.70730845147408,30.609605480860566,31.32162857055664,3897600,0.0,0.0
2007-11-30 00:00:00-05:00,31.52189223655551,31.685065289988795,30.802450496594776,31.440305709838867,3907600,0.0,0.0
2007-12-03 00:00:00-05:00,31.74439622046426,31.74439622046426,31.062041385938628,31.31421661376953,2469100,0.0,0.0
2007-12-04 00:00:00-05:00,31.202962850558993,31.202962850558993,30.112675381754496,30.832117080688477,4522000,0.0,0.0
2007-12-05 00:00:00-05:00,30.876615348906334,31.536720275878906,30.876615348906334,31.536720275878906,2966300,0.0,0.0
2007-12-06 00:00:00-05:00,31.373547934782668,31.937235024182737,31.29937992112241,31.885316848754883,1859600,0.0,0.0
2007-12-07 00:00:00-05:00,32.21168026719616,32.41193742483757,31.69991386166598,32.13751220703125,2309500,0.0,0.0
2007-12-10 00:00:00-05:00,32.34517861862777,32.39709681630377,31.410645401800593,31.655405044555664,3487200,0.0,0.0
2007-12-11 00:00:00-05:00,31.65539277652624,32.033654188617774,30.83953327552104,30.92853546142578,2614600,0.0,0.0
2007-12-12 00:00:00-05:00,31.210378207583364,31.80373081376152,30.987868504604204,31.366132736206055,2501900,0.0,0.0
2007-12-13 00:00:00-05:00,31.3439014934281,31.3439014934281,30.765382660624027,31.076894760131836,1548100,0.0,0.0
2007-12-14 00:00:00-05:00,30.98045082548559,31.373546371083613,30.8840301490703,31.05461883544922,1613000,0.0,0.0
2007-12-17 00:00:00-05:00,30.71344415287835,30.965619369902186,30.387100919394513,30.617023468017578,1207400,0.0,0.0
2007-12-18 00:00:00-05:00,30.913700807395884,30.921116477218114,30.038504643294367,30.16459083557129,3293800,0.0,0.0
2007-12-19 00:00:00-05:00,30.32035430425338,30.52061138174378,30.120097226762983,30.372272491455078,2351300,0.0,0.0
2007-12-20 00:00:00-05:00,30.61701316178959,31.047195434570312,30.15716539000788,31.047195434570312,1680100,0.0,0.0
2007-12-21 00:00:00-05:00,31.158458262714348,32.19682748086961,31.15104259271586,32.04848861694336,4593700,0.0,0.0
2007-12-24 00:00:00-05:00,31.603468718177947,32.39707823236373,31.603468718177947,31.774057388305664,616700,0.0,0.0
2007-12-26 00:00:00-05:00,31.58864490382257,32.13749792485032,31.52930821859627,31.892738342285156,2447300,0.0,0.0
2007-12-27 00:00:00-05:00,31.863072309161556,32.352588680443986,31.781485775726303,31.98174285888672,1444900,0.0,0.0
2007-12-28 00:00:00-05:00,32.05590711627035,32.144909302894696,31.848231575042195,32.04848861694336,1137600,0.0,0.0
2007-12-31 00:00:00-05:00,32.06331858439801,32.27099126908233,31.907564070884767,32.14490509033203,1011900,0.0,0.0
2008-01-02 00:00:00-05:00,32.41934048033324,32.60476338790229,31.551562630988034,31.759235382080078,1768200,0.0,0.0
2008-01-03 00:00:00-05:00,31.759240797160402,31.848243015756655,31.21780615426145,31.299392700195312,2212200,0.0,0.0
2008-01-04 00:00:00-05:00,31.062037827748096,31.069453497131036,30.579937267337264,30.720857620239258,2104800,0.0,0.0
2008-01-07 00:00:00-05:00,30.7208606050231,31.017538337074175,29.726996710107638,29.80858039855957,4329500,0.0,0.0
2008-01-08 00:00:00-05:00,29.675078986680976,30.209097831749833,28.9482215749644,29.341320037841797,9245100,0.0,0.0
2008-01-09 00:00:00-05:00,29.126228433172997,29.764083639126167,28.39195253044512,29.133644104003906,5235700,0.0,0.0
2008-01-10 00:00:00-05:00,28.985307244886837,29.586075591954604,28.866633880269386,29.32648468017578,3090700,0.0,0.0
2008-01-11 00:00:00-05:00,29.459992607076547,30.639282418278135,29.459992607076547,30.031095504760742,3835000,0.0,0.0
2008-01-14 00:00:00-05:00,30.624447129969493,30.624447129969493,29.437738861253482,30.394521713256836,2137800,0.0,0.0
2008-01-15 00:00:00-05:00,30.209099103991456,30.401940508089456,29.178148213043528,29.23748207092285,4755500,0.0,0.0
2008-01-16 00:00:00-05:00,28.933387183826827,29.37840382777734,27.679929436823652,28.52545738220215,6862100,0.0,0.0
2008-01-17 00:00:00-05:00,28.436447995825016,28.636705010574335,26.945649547350925,27.39807891845703,6400700,0.0,0.0
2008-01-18 00:00:00-05:00,27.509341875854403,28.1026945968623,27.257166615759928,27.798601150512695,7818100,0.0,0.0
2008-01-22 00:00:00-05:00,26.493234010637632,27.887612663270218,26.493234010637632,27.21267318725586,6325700,0.0,0.0
2008-01-23 00:00:00-05:00,26.352303925780948,27.57609630354201,25.632864935392348,27.561262130737305,11978600,0.0,0.0
2008-01-24 00:00:00-05:00,27.75409020014742,28.184272560463558,27.093985321818533,27.806011199951172,11886200,0.0,0.0
2008-01-25 00:00:00-05:00,28.110109815539893,28.184277836008466,27.590925184274013,27.835681915283203,2568200,0.0,0.0
2008-01-28 00:00:00-05:00,27.709595195183176,27.798597383942777,27.294246932090772,27.7392635345459,3368800,0.0,0.0
2008-01-29 00:00:00-05:00,27.746677897748633,28.139773473138423,27.568670699285683,27.961769104003906,3058100,0.0,0.0
2008-01-30 00:00:00-05:00,28.332606386292394,29.45997742861403,27.939508098872505,27.976594924926758,4247200,0.0,0.0
2008-01-31 00:00:00-05:00,28.191689567507474,28.77021079778272,27.642839502334205,28.621871948242188,4187900,0.0,0.0
2008-02-01 00:00:00-05:00,28.569970548643635,29.378414782479997,28.569970548643635,29.356164932250977,3910900,0.0,0.0
2008-02-04 00:00:00-05:00,29.474823683049046,30.001424008818464,29.422902671141834,29.890169143676758,2304600,0.0,0.0
2008-02-05 00:00:00-05:00,29.74924946813553,29.845670164910242,29.07431024937019,29.133644104003906,5236700,0.0,0.0
2008-02-06 00:00:00-05:00,29.348727354500404,29.6899047064748,28.903713663171022,28.99271583557129,2471800,0.0,0.0
2008-02-07 00:00:00-05:00,28.614457725807238,28.636707564098465,28.05077063491693,28.347448348999023,5747000,0.0,0.0
2008-02-08 00:00:00-05:00,28.33261865185296,28.555125557866678,27.820849655759712,28.021106719970703,2481800,0.0,0.0
2008-02-11 00:00:00-05:00,28.03593646627999,28.451284700129246,27.63542240106767,28.347448348999023,2765200,0.0,0.0
2008-02-12 00:00:00-05:00,28.347450859499574,29.022390030948202,28.273280009746163,28.755380630493164,4492400,0.0,0.0
2008-02-13 00:00:00-05:00,28.747959325689656,29.044637037096887,28.555120793804797,28.636707305908203,2048100,0.0,0.0
2008-02-14 00:00:00-05:00,28.703456068138532,29.259724585624443,28.369694391781387,28.592201232910156,1776200,0.0,0.0
2008-02-15 00:00:00-05:00,28.58480031396534,29.15590329279191,28.40679305161403,29.05948257446289,2057600,0.0,0.0
2008-02-19 00:00:00-05:00,29.259742217689755,29.905013294605116,29.14107164228774,29.793758392333984,2115700,0.0,0.0
2008-02-20 00:00:00-05:00,29.385823458781708,29.786337643513214,29.185566366415955,29.58608055114746,1595600,0.0,0.0
2008-02-21 00:00:00-05:00,29.860498254452654,30.04592112764787,29.274564125445448,29.29681396484375,2090500,0.0,0.0
2008-02-22 00:00:00-05:00,29.385822440080585,29.727002750059118,29.096563148689594,29.51932716369629,1602900,0.0,0.0
2008-02-25 00:00:00-05:00,29.385821283937297,30.401940843626736,29.378405612618902,30.18684959411621,3027400,0.0,0.0
2008-02-26 00:00:00-05:00,29.956921281729215,30.824701867346917,29.956921281729215,30.676362991333008,2704700,0.0,0.0
2008-02-27 00:00:00-05:00,30.476093952287457,30.898857743665637,30.001411999113895,30.216503143310547,6320300,0.0,0.0
2008-02-28 00:00:00-05:00,30.86920787136051,31.15105151057314,30.47611217435056,30.71345329284668,4335800,0.0,0.0
2008-02-29 00:00:00-05:00,30.691194211965556,30.750528059070977,29.97175257151131,30.609607696533203,4748700,0.0,0.0
2008-03-03 00:00:00-05:00,30.520605856989356,30.97303528794534,30.401935332105598,30.876617431640625,3882100,0.0,0.0
2008-03-04 00:00:00-05:00,30.55027524552918,31.618312934432346,30.513191232293117,31.440305709838867,4832300,0.0,0.0
2008-03-05 00:00:00-05:00,31.455135126859897,31.8111466929103,31.225209752621158,31.685060501098633,2643800,0.0,0.0
2008-03-06 00:00:00-05:00,31.54413543242063,31.66280594736998,31.254876229064617,31.32162857055664,3414600,0.0,0.0
2008-03-07 00:00:00-05:00,31.29196476475422,31.59605818016979,30.64669392313164,31.306798934936523,5496700,0.0,0.0
2008-03-10 00:00:00-04:00,31.469984617572255,31.507068643258528,30.898881568148273,31.002717971801758,5833900,0.0,0.0
2008-03-11 00:00:00-04:00,31.625716313576245,31.870475798597013,31.16586850365184,31.692468643188477,4637300,0.0,0.0
2008-03-12 00:00:00-04:00,31.870482172318365,31.89273201019623,31.59605430162587,31.670225143432617,2455800,0.0,0.0
2008-03-13 00:00:00-04:00,31.30680140744172,31.692481374655337,31.03237631071759,31.529308319091797,4413700,0.0,0.0
2008-03-14 00:00:00-04:00,31.662812931026565,31.75923362985486,30.045925039885333,30.594778060913086,5554300,0.0,0.0
2008-03-17 00:00:00-04:00,29.830830071269144,30.201675784420363,29.081720146279856,29.5564022064209,10845600,0.0,0.0
2008-03-18 00:00:00-04:00,30.03850786747078,30.246180596724887,29.40807117976153,29.942087173461914,2742200,0.0,0.0
2008-03-19 00:00:00-04:00,30.134934041856937,30.261020270597495,28.807305242786803,28.925975799560547,8426900,0.0,0.0
2008-03-20 00:00:00-04:00,28.688635420740177,28.740553613825256,27.909859695134646,28.16203498840332,7445500,0.0,0.0
2008-03-24 00:00:00-04:00,28.191685055009014,28.2510217170588,27.806008068996487,27.850507736206055,13809500,0.0,0.0
2008-03-25 00:00:00-04:00,27.783762744166438,28.39194954416902,27.783762744166438,28.139774322509766,6700900,0.0,0.0
2008-03-26 00:00:00-04:00,28.473533098701658,28.903715479436375,28.18427389822815,28.621871948242188,4712700,0.0,0.0
2008-03-27 00:00:00-04:00,28.629280052636513,29.563812577275005,28.488359738939746,28.866621017456055,3881500,0.0,0.0
2008-03-28 00:00:00-04:00,28.88146899976526,29.163312591334368,28.414205343211144,28.52545738220215,2386800,0.0,0.0
2008-03-31 00:00:00-04:00,28.92597951569294,29.11140246130636,28.621885998060122,28.918563842773438,2507000,0.0,0.0
2008-04-01 00:00:00-04:00,29.141052553017083,29.919827870777812,29.126218387142956,29.704736709594727,2545200,0.0,0.0
2008-04-02 00:00:00-04:00,29.875333226485036,30.105258613982745,29.2893990817356,29.408069610595703,4113200,0.0,0.0
2008-04-03 00:00:00-04:00,29.215232700617328,29.289403560827864,28.451291231087424,29.081727981567383,3839300,0.0,0.0
2008-04-04 00:00:00-04:00,28.99273050542117,30.194270343432546,28.99273050542117,29.830842971801758,2524800,0.0,0.0
2008-04-07 00:00:00-04:00,30.060755297022908,30.10525780514802,29.289398294820487,29.29681396484375,2287900,0.0,0.0
2008-04-08 00:00:00-04:00,29.222647685668594,29.363568059121643,28.963053950155704,29.163311004638672,1686400,0.0,0.0
2008-04-09 00:00:00-04:00,29.348734842078272,30.097844903103567,29.296816659155187,29.593494415283203,3150900,0.0,0.0
2008-04-10 00:00:00-04:00,30.186843109090738,30.572523009358964,30.04591992035465,30.261011123657227,4969800,0.0,0.0
2008-04-11 00:00:00-04:00,30.001416788805518,30.350009812323044,29.78632561026981,29.979164123535156,1541300,0.0,0.0
2008-04-14 00:00:00-04:00,30.01624962861409,30.854358811098884,29.778908624630866,30.802440643310547,2301100,0.0,0.0
2008-04-15 00:00:00-04:00,30.869199960158138,31.403218754579964,30.757947930872646,31.373550415039062,2411000,0.0,0.0
2008-04-16 00:00:00-04:00,31.447714214495416,32.01881406133136,31.121368211357222,31.774057388305664,3114000,0.0,0.0
2008-04-17 00:00:00-04:00,31.618306752084834,32.471250207053046,31.618306752084834,32.38966369628906,3347400,0.0,0.0
2008-04-18 00:00:00-04:00,32.63442252970664,33.08685474928828,32.35257899746545,32.95335006713867,3427600,0.0,0.0
2008-04-21 00:00:00-04:00,32.85694101434384,33.361291585487976,32.67151809346229,33.27970504760742,2973900,0.0,0.0
2008-04-22 00:00:00-04:00,33.264858388076874,33.95463162118838,32.80501050911193,33.21294021606445,6030600,0.0,0.0
2008-04-23 00:00:00-04:00,33.36870497096381,33.45770716712977,32.96819084422381,33.257450103759766,1868600,0.0,0.0
2008-04-24 00:00:00-04:00,33.60604651525409,33.60604651525409,32.56026150041266,33.1016960144043,1532500,0.0,0.0
2008-04-25 00:00:00-04:00,33.257457111996686,33.36871200264511,32.52318105824172,32.71602249145508,4664100,0.0,0.0
2008-04-28 00:00:00-04:00,32.93852479444176,33.34645462036133,32.79018590429037,33.34645462036133,2244200,0.0,0.0
2008-04-29 00:00:00-04:00,33.339030884492374,33.37611489072752,32.411916581972164,32.70859146118164,2648500,0.0,0.0
2008-04-30 00:00:00-04:00,32.69376031035604,32.864349003482374,32.30808041876802,32.59733963012695,2493100,0.0,0.0
2008-05-01 00:00:00-04:00,32.59734103024856,32.61217519933083,31.45513547486958,31.647974014282227,7455200,0.0,0.0
2008-05-02 00:00:00-04:00,31.477399013688903,32.137507093169866,31.44773349194153,31.989168167114258,4841100,0.0,0.0
2008-05-05 00:00:00-04:00,31.80374149416003,32.57509872656622,31.80374149416003,32.49351501464844,2582800,0.0,0.0
2008-05-06 00:00:00-04:00,32.233917846433826,32.46384327232999,32.00399524986672,32.397090911865234,2139400,0.0,0.0
2008-05-07 00:00:00-04:00,32.300653516414634,32.40448983918764,31.23261913018535,31.403207778930664,2634200,0.0,0.0
2008-05-08 00:00:00-04:00,31.640559511203204,31.662809350982887,31.173293070529954,31.477386474609375,2348900,0.0,0.0
2008-05-09 00:00:00-04:00,31.35872472695505,31.603484350375435,31.15105195265607,31.492229461669922,2361900,0.0,0.0
2008-05-12 00:00:00-04:00,31.455141367765975,31.818571505046584,31.33647082220416,31.722150802612305,2378300,0.0,0.0
2008-05-13 00:00:00-04:00,31.89274261837482,32.07816554057468,31.766656389356967,31.92241096496582,2152300,0.0,0.0
2008-05-14 00:00:00-04:00,32.11524405803376,32.23391459474107,31.788900789420854,31.87790298461914,1910200,0.0,0.0
2008-05-15 00:00:00-04:00,31.803749005848957,31.915001091647525,31.6109075302034,31.863082885742188,1487300,0.0,0.0
2008-05-16 00:00:00-04:00,31.818582078259404,32.627026322708005,31.818582078259404,32.48610305786133,1986500,0.0,0.0
2008-05-19 00:00:00-04:00,32.515745140480036,32.84208827821805,32.30065399479179,32.69375228881836,2718300,0.0,0.0
2008-05-20 00:00:00-04:00,31.855647344822277,32.256161394306616,31.054619245853605,31.26229476928711,10620700,0.0,0.0
2008-05-21 00:00:00-04:00,31.039791981730076,31.885322772926585,31.039791981730076,31.529308319091797,4077300,0.0,0.0
2008-05-22 00:00:00-04:00,30.35001769177417,30.520609242714162,29.801167514299706,29.92725372314453,11876300,0.0,0.0
2008-05-23 00:00:00-04:00,29.927256422799477,30.023677127826705,29.489658243773192,29.667665481567383,4925000,0.0,0.0
2008-05-27 00:00:00-04:00,29.504481425270267,29.97174777475493,29.504481425270267,29.934663772583008,4834000,0.0,0.0
2008-05-28 00:00:00-04:00,30.038503108285713,30.505769504404302,29.88274858602228,30.431598663330078,3302700,0.0,0.0
2008-05-29 00:00:00-04:00,30.26101602428106,30.646695987008275,30.0755931285081,30.268434524536133,2744800,0.0,0.0
2008-05-30 00:00:00-04:00,30.231350817164213,30.995295150919887,29.890173332597914,30.846956253051758,6584300,0.0,0.0
2008-06-02 00:00:00-04:00,30.617030819889695,31.29938861835144,30.528028612900474,30.846956253051758,2576700,0.0,0.0
2008-06-03 00:00:00-04:00,30.7950288264888,31.24746105608526,30.7950288264888,30.98786735534668,2236600,0.0,0.0
2008-06-04 00:00:00-04:00,30.92111576150535,31.74439372981004,30.78761107316792,31.70730972290039,4604800,0.0,0.0
2008-06-05 00:00:00-04:00,31.603474563172878,32.263579530764936,31.529303717229208,32.15232467651367,4345300,0.0,0.0
2008-06-06 00:00:00-04:00,32.122672439550044,32.18942481381511,31.447733023905357,31.455148696899414,2748800,0.0,0.0
2008-06-09 00:00:00-04:00,31.64055754514937,32.256162814535195,31.05462061317866,32.0855712890625,1674700,0.0,0.0
2008-06-10 00:00:00-04:00,31.94465314678468,32.26358072280467,31.492220872461974,32.16716003417969,1480800,0.0,0.0
2008-06-11 00:00:00-04:00,32.02623720644072,32.24874407674986,31.818564504729306,31.885316848754883,1350800,0.0,0.0
2008-06-12 00:00:00-04:00,32.04850422267414,32.107840928869514,31.71474232364984,31.94466781616211,1499000,0.0,0.0
2008-06-13 00:00:00-04:00,32.16717272341167,32.56027130318433,31.989168275008307,32.50093460083008,2289900,0.0,0.0
2008-06-16 00:00:00-04:00,32.50092087630834,32.88660079075657,32.2116616478043,32.78276443481445,1221900,0.0,0.0
2008-06-17 00:00:00-04:00,32.78277367340095,32.93111257911992,32.52317988106045,32.70118713378906,2404500,0.0,0.0
2008-06-18 00:00:00-04:00,32.612181389207734,32.619597060492154,32.09299669009937,32.28583526611328,1570500,0.0,0.0
2008-06-19 00:00:00-04:00,32.055929081667394,32.35260418347942,31.989176688626863,32.24135208129883,2776600,0.0,0.0
2008-06-20 00:00:00-04:00,32.12266624169523,32.29325498094095,31.662815383559003,31.929824829101562,1952600,0.0,0.0
2008-06-23 00:00:00-04:00,32.100415549107076,32.24133878146639,31.64798316394581,31.870492935180664,4236400,0.0,0.0
2008-06-24 00:00:00-04:00,31.699898594222564,32.01882336279383,31.596059398940994,31.87790298461914,2231300,0.0,0.0
2008-06-25 00:00:00-04:00,32.10040373530323,32.589919959072205,31.966899053427305,32.21907424926758,6047100,0.0,0.0
2008-06-26 00:00:00-04:00,32.07074075980589,32.27841346830081,31.484803813034127,31.647974014282227,3801600,0.0,0.0
2008-06-27 00:00:00-04:00,31.670232730982647,31.781484776354045,31.299386921086665,31.358720779418945,2987000,0.0,0.0
2008-06-30 00:00:00-04:00,31.329054742964225,32.026243835394816,31.217799870117375,31.818571090698242,2685200,0.0,0.0
2008-07-01 00:00:00-04:00,31.662827002253394,32.271014149462054,31.37356760654807,32.13751220703125,3128900,0.0,0.0
2008-07-02 00:00:00-04:00,32.35259083775454,32.59735045438117,31.818574743047,31.870492935180664,2423000,0.0,0.0
2008-07-03 00:00:00-04:00,31.84081103718162,31.98173138023681,30.921112484906295,31.128787994384766,1746900,0.0,0.0
2008-07-07 00:00:00-04:00,31.24746283215543,31.640558411013618,29.141058916621994,29.63057518005371,4286000,0.0,0.0
2008-07-08 00:00:00-04:00,29.7418391233861,29.927262067620003,28.562549084885298,29.15590476989746,5723200,0.0,0.0
2008-07-09 00:00:00-04:00,29.28198549078752,30.0162614563611,29.141065098308538,29.667665481567383,3049000,0.0,0.0
2008-07-10 00:00:00-04:00,29.682492233647853,29.697326402199803,29.155891982031207,29.437732696533203,2303100,0.0,0.0
2008-07-11 00:00:00-04:00,29.43774865953401,29.890181143056637,29.022403032166263,29.356164932250977,1850200,0.0,0.0
2008-07-14 00:00:00-04:00,29.45257951125115,29.65283662869511,28.503214950920885,28.762805938720703,1764200,0.0,0.0
2008-07-15 00:00:00-04:00,28.377120407700794,28.755384721942843,27.90985671974865,28.340036392211914,5524900,0.0,0.0
2008-07-16 00:00:00-04:00,28.206536079666286,28.569966278625294,27.546430881117978,27.62801742553711,3828000,0.0,0.0
2008-07-17 00:00:00-04:00,27.650259740287648,28.102692032944304,26.67122713261334,26.834400177001953,4334700,0.0,0.0
2008-07-18 00:00:00-04:00,26.834411585473486,27.420348830950207,26.71574100164667,27.21267318725586,4227500,0.0,0.0
2008-07-21 00:00:00-04:00,27.368420042261793,28.829550510018603,27.22008116251782,28.814716339111328,3566100,0.0,0.0
2008-07-22 00:00:00-04:00,28.799875227138816,28.851793393036584,27.902426582346326,28.013681411743164,3691100,0.0,0.0
2008-07-23 00:00:00-04:00,27.813436073839906,28.176866216776187,26.515475723727377,27.22749900817871,6796500,0.0,0.0
2008-07-24 00:00:00-04:00,27.145908606278255,27.16074277625562,25.499355349391625,25.870201110839844,7041000,0.0,0.0
2008-07-25 00:00:00-04:00,25.981463392608948,26.737989383968493,25.744122237985923,26.545150756835938,3505800,0.0,0.0
2008-07-28 00:00:00-04:00,26.552556197205263,26.90115212154695,25.54385526412786,25.640275955200195,4163900,0.0,0.0
2008-07-29 00:00:00-04:00,27.375837511960672,27.375837511960672,25.803452073739745,26.58222770690918,11380100,0.0,0.0
2008-07-30 00:00:00-04:00,26.64155927275177,27.464837350728914,26.241047983714,27.234914779663086,2973700,0.0,0.0
2008-07-31 00:00:00-04:00,27.145915355307444,27.234920397300098,26.678651616827985,26.915992736816406,2764400,0.0,0.0
2008-08-01 00:00:00-04:00,27.36100044038426,27.568673166066077,26.715729593209552,26.893733978271484,5411000,0.0,0.0
2008-08-04 00:00:00-04:00,26.75281418858346,26.99757376004986,24.824417275435078,24.957921981811523,5479200,0.0,0.0
2008-08-05 00:00:00-04:00,24.913425488443465,25.054345899515752,24.0604788615774,24.41649055480957,5711400,0.0,0.0
2008-08-06 00:00:00-04:00,24.245896940819964,25.380686991953834,24.156894742664186,25.210098266601562,4032100,0.0,0.0
2008-08-07 00:00:00-04:00,25.232353977214856,25.29168784667531,24.483243716303775,25.03209686279297,4155500,0.0,0.0
2008-08-08 00:00:00-04:00,25.143343928135256,25.143343928135256,24.542572771963755,24.898584365844727,2991300,0.0,0.0
2008-08-11 00:00:00-04:00,25.291689160026735,25.640285210195998,25.046932338132113,25.180437088012695,5428500,0.0,0.0
2008-08-12 00:00:00-04:00,25.12109078578257,25.380684513267475,24.54998798051009,24.868915557861328,10678900,0.0,0.0
2008-08-13 00:00:00-04:00,24.727997557901045,26.767649416719333,24.705747715735537,26.567392349243164,8576000,0.0,0.0
2008-08-14 00:00:00-04:00,26.61188787804321,26.61188787804321,25.855362320364748,26.122371673583984,3326300,0.0,0.0
2008-08-15 00:00:00-04:00,27.509347649536025,28.2955419382091,26.708319186058223,27.553850173950195,10778200,0.0,0.0
2008-08-18 00:00:00-04:00,27.95435968108573,28.74055391645573,27.628016345496153,28.243621826171875,5914200,0.0,0.0
2008-08-19 00:00:00-04:00,28.436455649061827,28.436455649061827,27.702179730695207,27.998857498168945,4122200,0.0,0.0
2008-08-20 00:00:00-04:00,28.17686275554633,28.770215419702005,27.99885554163529,28.733131408691406,2863900,0.0,0.0
2008-08-21 00:00:00-04:00,28.77762393259109,28.83696059891276,28.1916870846405,28.644119262695312,3507300,0.0,0.0
2008-08-22 00:00:00-04:00,28.77761973245858,29.103965690941173,28.414192606928953,28.740535736083984,1301600,0.0,0.0
2008-08-25 00:00:00-04:00,28.703459760959586,28.710875430575804,28.1546068415236,28.39936637878418,1309600,0.0,0.0
2008-08-26 00:00:00-04:00,28.258443546672403,28.859214648944718,28.258443546672403,28.6663761138916,1418000,0.0,0.0
2008-08-27 00:00:00-04:00,28.62187435247808,29.000135762718553,28.62187435247808,28.836965560913086,1992000,0.0,0.0
2008-08-28 00:00:00-04:00,28.733125976394145,28.99271683371868,28.117520758555756,28.265859603881836,2279800,0.0,0.0
2008-08-29 00:00:00-04:00,28.184270454338154,28.42161145287056,27.813424790465284,27.917261123657227,1307000,0.0,0.0
2008-09-02 00:00:00-04:00,28.110119291647443,28.110119291647443,27.10141802899468,27.19783592224121,3352000,0.0,0.0
2008-09-03 00:00:00-04:00,27.07174654817687,27.227501123250647,25.803454443725958,26.05562973022461,4684400,0.0,0.0
2008-09-04 00:00:00-04:00,26.181706789044718,26.189125287733386,25.254592505938824,25.35101318359375,3468000,0.0,0.0
2008-09-05 00:00:00-04:00,25.417771575246014,25.640278490288253,24.549990928453678,25.247182846069336,5459400,0.0,0.0
2008-09-08 00:00:00-04:00,25.92953932088647,25.959207665829258,24.171730908298176,24.290401458740234,5288600,0.0,0.0
2008-09-09 00:00:00-04:00,24.290401616372353,24.349738306642994,21.850235400910005,22.436172485351562,15985200,0.0,0.0
2008-09-10 00:00:00-04:00,22.747681378473956,23.674795876431542,22.25074795098211,23.28911590576172,8307800,0.0,0.0
2008-09-11 00:00:00-04:00,22.970186619237314,24.067891180020077,22.169159807925993,23.763797760009766,5867700,0.0,0.0
2008-09-12 00:00:00-04:00,23.35587128407978,24.943092471876334,23.35587128407978,24.765085220336914,5402400,0.0,0.0
2008-09-15 00:00:00-04:00,23.934381853793788,23.934381853793788,21.857645081847885,22.043067932128906,6655400,0.0,0.0
2008-09-16 00:00:00-04:00,21.449715718205464,21.909565016667482,19.83282821169568,20.908281326293945,11076300,0.0,0.0
2008-09-17 00:00:00-04:00,20.759956222106837,20.789624577304494,18.43846118516172,18.65355110168457,11356800,0.0,0.0
2008-09-18 00:00:00-04:00,19.647408471690266,21.1456257027057,18.80188057967719,20.107257843017578,11176000,0.0,0.0
2008-09-19 00:00:00-04:00,22.1988286385456,24.475821503594283,20.841533139023763,22.688344955444336,8380400,0.0,0.0
2008-09-22 00:00:00-04:00,22.821842454528106,22.918261704515075,21.041783553969797,21.086284637451172,5652900,0.0,0.0
2008-09-23 00:00:00-04:00,21.590638747065938,21.827979786751943,20.27042744548231,20.5596866607666,4146800,0.0,0.0
2008-09-24 00:00:00-04:00,20.804445081371778,20.834113419087586,20.144340128501355,20.45585060119629,3556100,0.0,0.0
2008-09-25 00:00:00-04:00,20.389101774301754,21.36813445323595,20.240764304118528,20.71544647216797,5667400,0.0,0.0
2008-09-26 00:00:00-04:00,20.381681478327565,20.559687263308877,19.42490020721997,19.588071823120117,4955700,0.0,0.0
2008-09-29 00:00:00-04:00,19.29139758277641,19.42490228948961,16.46555314444977,17.474252700805664,13922500,0.0,0.0
2008-09-30 00:00:00-04:00,17.711592691053866,18.542287807271936,16.962485508544656,18.35686492919922,13272300,0.0,0.0
2008-10-01 00:00:00-04:00,18.29752914704202,18.356864409759723,17.273995511495567,17.741260528564453,3395900,0.0,0.0
2008-10-02 00:00:00-04:00,17.689351228729713,17.689351228729713,15.701616808054798,16.243051528930664,8722000,0.0,0.0
2008-10-03 00:00:00-04:00,16.480384529927036,17.437167238694773,15.798028297099707,16.154041290283203,5879900,0.0,0.0
2008-10-06 00:00:00-04:00,15.560689578833,15.5681066646644,13.647125288930093,15.01183795928955,6837600,0.0,0.0
2008-10-07 00:00:00-04:00,16.154036336420926,16.154036336420926,12.734839136110303,13.04634952545166,6633200,0.0,0.0
2008-10-08 00:00:00-04:00,12.616174672826158,13.951219027919766,12.052488869772445,13.172443389892578,10076600,0.0,0.0
2008-10-09 00:00:00-04:00,13.350445402261288,13.647121683823164,12.178573029093805,12.445582389831543,5385900,0.0,0.0
2008-10-10 00:00:00-04:00,11.659393505283658,12.742263395444425,10.672943619210146,11.251462936401367,8930600,0.0,0.0
2008-10-13 00:00:00-04:00,12.519753128633104,14.218227509685388,12.045070974649489,14.010553359985352,8312100,0.0,0.0
2008-10-14 00:00:00-04:00,15.026666426663445,16.29495791442167,13.795458939320257,14.500064849853516,10413900,0.0,0.0
2008-10-15 00:00:00-04:00,14.09214252433107,14.500072399958995,13.350450812524171,13.432037353515625,7770900,0.0,0.0
2008-10-16 00:00:00-04:00,13.357863013454894,14.017967942821706,12.289826943005728,13.4839506149292,7001100,0.0,0.0
2008-10-17 00:00:00-04:00,12.979601483528471,14.982169135424295,12.920266219047484,14.336896896362305,5767200,0.0,0.0
2008-10-20 00:00:00-04:00,17.808017062002182,18.8389680245622,15.694195531968434,18.54229164123535,26349100,0.0,0.0
2008-10-21 00:00:00-04:00,17.882185556765158,18.705462299709115,17.822850283267716,18.260448455810547,11828300,0.0,0.0
2008-10-22 00:00:00-04:00,18.008269179742864,18.008269179742864,15.130505519268999,16.228208541870117,10866900,0.0,0.0
2008-10-23 00:00:00-04:00,16.124377188250097,16.866068879050918,15.056340757390817,16.213380813598633,7216100,0.0,0.0
2008-10-24 00:00:00-04:00,15.42718096405074,15.553268561987581,14.448148516383073,14.98216724395752,5245800,0.0,0.0
2008-10-27 00:00:00-04:00,15.004419352117962,15.36784803302074,13.988302745538922,14.329480171203613,4352700,0.0,0.0
2008-10-28 00:00:00-04:00,15.115675235046988,15.241762872387982,13.26144610630565,14.759663581848145,5849700,0.0,0.0
2008-10-29 00:00:00-04:00,15.078591717573628,16.688062711195514,14.870917538999493,16.317216873168945,6349600,0.0,0.0
2008-10-30 00:00:00-04:00,16.777063535465096,18.082439422607422,16.35429816233636,18.082439422607422,4984300,0.0,0.0
2008-10-31 00:00:00-04:00,17.800590269027218,18.082432325834738,17.244321823120117,17.244321823120117,3796000,0.0,0.0
2008-11-03 00:00:00-05:00,16.880904037182983,17.474256858572744,16.510058170148202,16.65097999572754,3236400,0.0,0.0
2008-11-04 00:00:00-05:00,17.333329426935443,18.52003458904979,17.06632005812764,18.17144012451172,7990600,0.0,0.0
2008-11-05 00:00:00-05:00,18.104691582993837,18.104691582993837,17.23691236686136,17.80059814453125,2658600,0.0,0.0
2008-11-06 00:00:00-05:00,17.288832595921455,17.80060024919181,15.842534674473386,16.131793975830078,2774000,0.0,0.0
2008-11-07 00:00:00-05:00,16.154043608642315,17.741263184996384,16.102124008159088,17.696762084960938,3097500,0.0,0.0
2008-11-10 00:00:00-05:00,17.592929219717345,17.800603435747078,15.820286246933621,16.732566833496094,3982100,0.0,0.0
2008-11-11 00:00:00-05:00,16.739977631859173,17.667092045804978,16.072455536751058,17.095989227294922,4199800,0.0,0.0
2008-11-12 00:00:00-05:00,16.22820913397137,17.058904222931613,15.89444881319082,16.020536422729492,2681800,0.0,0.0
2008-11-13 00:00:00-05:00,16.050205284244107,17.68934440612793,15.056338457231064,17.68934440612793,3838300,0.0,0.0
2008-11-14 00:00:00-05:00,17.45941503963102,17.55583429257721,16.24304026494195,16.79930877685547,2663400,0.0,0.0
2008-11-17 00:00:00-05:00,16.688056758662626,16.895730863160615,15.968616598790469,16.55455207824707,2019500,0.0,0.0
2008-11-18 00:00:00-05:00,16.38396453857422,17.014402565354544,15.738692343007488,16.38396453857422,2424300,0.0,0.0
2008-11-19 00:00:00-05:00,16.317216014862062,16.76223128001848,14.833832740783691,14.833832740783691,3136700,0.0,0.0
2008-11-20 00:00:00-05:00,14.589072760742724,14.744827306303366,11.64455712621285,12.252744674682617,8982900,0.0,0.0
2008-11-21 00:00:00-05:00,12.601340786175284,14.247895716694506,12.334331343245044,14.092141151428223,5335400,0.0,0.0
2008-11-24 00:00:00-05:00,14.46298245021275,15.857361674242599,14.46298245021275,15.575519561767578,5565500,0.0,0.0
2008-11-25 00:00:00-05:00,14.856078429011195,16.725139578415984,14.856078429011195,16.51004981994629,5137900,0.0,0.0
2008-11-26 00:00:00-05:00,16.799309845054477,17.088570451613904,16.287542385446937,16.836395263671875,3206200,0.0,0.0
2008-11-28 00:00:00-05:00,16.62130911215427,17.570674896240234,16.62130911215427,17.570674896240234,1232900,0.0,0.0
2008-12-01 00:00:00-05:00,17.429756246545253,17.578095163445585,16.035376369274125,16.369136810302734,2907000,0.0,0.0
2008-12-02 00:00:00-05:00,16.398800800854147,17.073740005493164,15.909284485723969,17.073740005493164,2773700,0.0,0.0
2008-12-03 00:00:00-05:00,17.058902475284356,17.407496929630653,16.220791802211718,17.133071899414062,1922300,0.0,0.0
2008-12-04 00:00:00-05:00,16.695475464777157,17.778344351741232,16.005702158716698,16.443300247192383,5221800,0.0,0.0
2008-12-05 00:00:00-05:00,16.131783241921283,17.42974281311035,15.94636044603713,17.42974281311035,2887500,0.0,0.0
2008-12-08 00:00:00-05:00,17.793177713836364,18.075021257018143,17.058903348174635,17.281410217285156,3460900,0.0,0.0
2008-12-09 00:00:00-05:00,16.866065548599728,17.35558185469295,16.621307395553117,16.99215316772461,3163800,0.0,0.0
2008-12-10 00:00:00-05:00,16.94023586836872,18.037939071655273,16.83639949944455,18.037939071655273,2767200,0.0,0.0
2008-12-11 00:00:00-05:00,17.98601674024546,18.126938504625496,17.036651223646214,17.133071899414062,2949800,0.0,0.0
2008-12-12 00:00:00-05:00,16.510053835944287,17.64484240044638,16.510053835944287,17.600339889526367,1759900,0.0,0.0
2008-12-15 00:00:00-05:00,17.963766199195554,18.653539465958062,16.139205932617188,16.139205932617188,3168400,0.0,0.0
2008-12-16 00:00:00-05:00,16.895737009451885,16.903154096024707,16.20596351949007,16.636144638061523,2961700,0.0,0.0
2008-12-17 00:00:00-05:00,16.383973627719385,16.554562419406018,16.00571060180664,16.00571060180664,3704300,0.0,0.0
2008-12-18 00:00:00-05:00,17.006994528142577,17.006994528142577,15.664532661437988,15.664532661437988,5294200,0.0,0.0
2008-12-19 00:00:00-05:00,15.738690852403263,16.205957222271117,15.723858099685856,16.072452545166016,2694700,0.0,0.0
2008-12-22 00:00:00-05:00,16.035381057918105,16.18371860352664,14.908008920900432,15.538447380065918,2408900,0.0,0.0
2008-12-23 00:00:00-05:00,15.657107236168734,15.657107236168734,14.692907485498163,15.130505561828613,2786700,0.0,0.0
2008-12-24 00:00:00-05:00,14.98958847553412,15.093426274796538,14.737414600748753,15.034090995788574,599800,0.0,0.0
2008-12-26 00:00:00-05:00,15.241765081909314,16.02054227767479,15.234349409224146,15.998291015625,897700,0.0,0.0
2008-12-29 00:00:00-05:00,15.87961681492743,15.90928515754058,14.959919413886382,15.390100479125977,1476100,0.0,0.0
2008-12-30 00:00:00-05:00,15.323353920240878,15.901874088090597,15.10084692511828,15.87220573425293,2290200,0.0,0.0
2008-12-31 00:00:00-05:00,15.679358414912977,17.503920305425353,15.679358414912977,17.30366325378418,3779000,0.0,0.0
2009-01-02 00:00:00-05:00,17.266578525649415,17.800595893165237,17.147907999534784,17.533586502075195,2214300,0.0,0.0
2009-01-05 00:00:00-05:00,17.481669786141328,17.56325631016926,17.170159275365325,17.474252700805664,2478200,0.0,0.0
2009-01-06 00:00:00-05:00,17.711592981628947,18.34203106035197,17.54100427052281,18.253028869628906,4556500,0.0,0.0
2009-01-07 00:00:00-05:00,18.39394978479829,18.39394978479829,17.273996794642333,17.333332061767578,3859600,0.0,0.0
2009-01-08 00:00:00-05:00,17.147912294887817,17.971189099196298,17.05149158410225,17.882186889648438,3929200,0.0,0.0
2009-01-09 00:00:00-05:00,17.986018511260518,18.14919012868149,17.39266588912587,17.578088760375977,2762600,0.0,0.0
2009-01-12 00:00:00-05:00,17.5780928310449,17.97118850374164,17.325917554573806,17.87476921081543,2424200,0.0,0.0
2009-01-13 00:00:00-05:00,17.79317132328365,17.94151012585644,17.081148466127065,17.42974281311035,1176100,0.0,0.0
2009-01-14 00:00:00-05:00,17.058909450953276,17.318501834226804,16.413637036225627,17.311084747314453,1553100,0.0,0.0
2009-01-15 00:00:00-05:00,17.377842087416603,17.377842087416603,16.702902546574705,17.3555908203125,1534700,0.0,0.0
2009-01-16 00:00:00-05:00,17.600341384442263,17.986021357188037,17.2591639263964,17.696762084960938,1375000,0.0,0.0
2009-01-20 00:00:00-05:00,17.770921943828046,17.800590273322214,16.450712403941488,16.61388397216797,2816600,0.0,0.0
2009-01-21 00:00:00-05:00,16.873484537429235,16.873484537429235,15.820282369055862,16.806732177734375,2491700,0.0,0.0
2009-01-22 00:00:00-05:00,16.61388397216797,17.207237830077,16.30979066817182,16.61388397216797,1700500,0.0,0.0
2009-01-23 00:00:00-05:00,16.168877648997665,17.407502779842137,16.168877648997665,16.762231826782227,3137000,0.0,0.0
2009-01-26 00:00:00-05:00,17.01439940565045,17.778340565646126,16.91056165809326,17.40007781982422,2468400,0.0,0.0
2009-01-27 00:00:00-05:00,17.318492132810096,17.644836700819454,16.96989631652832,16.96989631652832,1493200,0.0,0.0
2009-01-28 00:00:00-05:00,17.2739931935737,17.941515163242062,17.21465652415387,17.711589813232422,1914600,0.0,0.0
2009-01-29 00:00:00-05:00,17.652254049877737,18.06760223586509,17.37782903503812,17.46683120727539,864100,0.0,0.0
2009-01-30 00:00:00-05:00,17.85993766717577,17.867354754594913,16.910571697497122,17.32592010498047,1440800,0.0,0.0
2009-02-02 00:00:00-05:00,17.155325375573423,17.5410053311315,16.76222974922696,17.21466064453125,1123300,0.0,0.0
2009-02-03 00:00:00-05:00,17.39266818667733,18.037939071655273,17.20724529093307,18.037939071655273,857200,0.0,0.0
2009-02-04 00:00:00-05:00,18.030520999918647,18.54228856028863,18.008271159031484,18.31236457824707,1467600,0.0,0.0
2009-02-05 00:00:00-05:00,18.223359663920174,18.401365451574545,17.719009224900667,18.319780349731445,1195900,0.0,0.0
2009-02-06 00:00:00-05:00,18.37911216508635,18.616453170776367,18.037933408408968,18.616453170776367,1303300,0.0,0.0
2009-02-09 00:00:00-05:00,18.505204814316315,18.824130993807213,18.282696499604462,18.453285217285156,1568600,0.0,0.0
2009-02-10 00:00:00-05:00,18.40137043521047,18.727715174959425,17.83768458097669,18.20853042602539,1741700,0.0,0.0
2009-02-11 00:00:00-05:00,18.282694770668197,18.282694770668197,17.244326977534453,17.422332763671875,2850700,0.0,0.0
2009-02-12 00:00:00-05:00,17.652255754119114,17.652255754119114,16.131788863851636,16.35429573059082,5726000,0.0,0.0
2009-02-13 00:00:00-05:00,16.398797560871653,16.762226182745056,16.250458712706788,16.55455207824707,2946000,0.0,0.0
2009-02-17 00:00:00-05:00,15.79061058497135,16.042784359479324,14.744824409484863,14.744824409484863,4394900,0.0,0.0
2009-02-18 00:00:00-05:00,15.212093835210778,15.212093835210778,14.470402286432083,14.596489906311035,2559300,0.0,0.0
2009-02-19 00:00:00-05:00,14.781914118077665,14.989586864959566,14.633575229163888,14.774497032165527,2303100,0.0,0.0
2009-02-20 00:00:00-05:00,14.559403946630429,14.930249707432333,13.795462584763666,14.685491561889648,3548600,0.0,0.0
2009-02-23 00:00:00-05:00,14.863499887236292,15.812864200737925,14.240478849168639,14.262728691101074,3596200,0.0,0.0
2009-02-24 00:00:00-05:00,14.448154259047023,15.338184882319457,14.247897156611023,15.278849601745605,2767200,0.0,0.0
2009-02-25 00:00:00-05:00,15.197250021923363,15.412341113630838,14.818987402297553,15.293670654296875,3242300,0.0,0.0
2009-02-26 00:00:00-05:00,16.280132446916213,16.280132446916213,14.596492044982849,14.611326217651367,3091000,0.0,0.0
2009-02-27 00:00:00-05:00,14.359146981777132,14.448149163919021,13.788044223487319,14.01796817779541,2691400,0.0,0.0
2009-03-02 00:00:00-05:00,13.721294607783442,14.010553879254898,13.454285178939353,13.765795707702637,2743100,0.0,0.0
2009-03-03 00:00:00-05:00,13.825127112308737,14.003132876862368,12.75709252498694,12.94251537322998,3507100,0.0,0.0
2009-03-04 00:00:00-05:00,13.150192492352724,13.350449575504786,12.80901501557325,13.165026664733887,4718400,0.0,0.0
2009-03-05 00:00:00-05:00,13.053765296936035,13.053765296936035,12.60875029761682,13.053765296936035,2650200,0.0,0.0
2009-03-06 00:00:00-05:00,12.682926533229027,13.60262393951416,12.638425433719998,13.60262393951416,3517000,0.0,0.0
2009-03-09 00:00:00-04:00,13.33561670038276,13.765797838631729,12.77193082704537,12.905435562133789,2164500,0.0,0.0
2009-03-10 00:00:00-04:00,13.061190253622302,13.795464808616694,12.289830267770897,12.54200553894043,6541800,0.0,0.0
2009-03-11 00:00:00-04:00,12.6087551153479,12.631006368948224,11.266293230075906,12.11923885345459,6090900,0.0,0.0
2009-03-12 00:00:00-04:00,12.0302390107081,12.527172512324992,11.80773206387383,12.304665565490723,2402600,0.0,0.0
2009-03-13 00:00:00-04:00,12.527167226978419,12.853511837356425,12.386246880282702,12.764508247375488,2703100,0.0,0.0
2009-03-16 00:00:00-04:00,12.786763868278966,13.57295662068339,12.668093317526015,13.328198432922363,1904000,0.0,0.0
2009-03-17 00:00:00-04:00,13.231778737640374,13.446868573825112,13.10569110447535,13.239195823669434,2593200,0.0,0.0
2009-03-18 00:00:00-04:00,13.254029246846093,13.424617971882341,12.579088602982221,13.283696174621582,2777500,0.0,0.0
2009-03-19 00:00:00-04:00,13.380114282738342,13.439449541467516,12.868346792034114,13.17985725402832,2968800,0.0,0.0
2009-03-20 00:00:00-04:00,13.179858615823775,13.291112060603107,12.794178686902077,12.868348121643066,1669500,0.0,0.0
2009-03-23 00:00:00-04:00,13.380112530883412,13.380112530883412,12.868345107184771,13.343027114868164,2919200,0.0,0.0
2009-03-24 00:00:00-04:00,13.261445236127292,13.350448850919117,12.794180148797487,12.809014320373535,2688100,0.0,0.0
2009-03-25 00:00:00-04:00,12.860934254192049,13.02410591971232,12.460420055190488,12.705178260803223,3278100,0.0,0.0
2009-03-26 00:00:00-04:00,12.846096149329133,13.009269179578475,12.66809036469149,12.88318157196045,3614100,0.0,0.0
2009-03-27 00:00:00-04:00,12.645835561442562,13.120518935230807,12.645835561442562,13.04634952545166,1695300,0.0,0.0
2009-03-30 00:00:00-04:00,12.994435606565029,12.994435606565029,12.5494204172265,12.64583969116211,1919700,0.0,0.0
2009-03-31 00:00:00-04:00,12.860925416742253,13.127934699266518,12.771921851012936,13.053765296936035,3827300,0.0,0.0
2009-04-01 00:00:00-04:00,13.090856931763787,13.090856931763787,12.586506399128869,12.712594032287598,2362200,0.0,0.0
2009-04-02 00:00:00-04:00,13.024101845161928,13.936383430372763,12.890597153927942,13.795461654663086,9173600,0.0,0.0
2009-04-03 00:00:00-04:00,13.899295881920423,14.455564400530886,13.535867286187933,14.388812065124512,3720200,0.0,0.0
2009-04-06 00:00:00-04:00,14.277563659492598,14.589074195922652,14.055056739755914,14.314647674560547,3677000,0.0,0.0
2009-04-07 00:00:00-04:00,14.247893191497669,14.247893191497669,13.817712173388186,13.86963176727295,1809100,0.0,0.0
2009-04-08 00:00:00-04:00,13.854796567425826,14.092137606023103,13.647122451321117,14.01796817779541,2990100,0.0,0.0
2009-04-09 00:00:00-04:00,14.3146441867637,14.796744753169067,14.017967894512504,14.396230697631836,2204700,0.0,0.0
2009-04-13 00:00:00-04:00,14.351732999393814,14.38881701419071,13.595207214355469,13.595207214355469,2007300,0.0,0.0
2009-04-14 00:00:00-04:00,13.654537558984536,13.89187856322442,13.380112553331163,13.647120475769043,1924200,0.0,0.0
2009-04-15 00:00:00-04:00,13.684211771467236,13.780631065368652,13.305948852934765,13.780631065368652,2629000,0.0,0.0
2009-04-16 00:00:00-04:00,14.017969155924137,14.017969155924137,13.194692547677262,13.313363075256348,3434200,0.0,0.0
2009-04-17 00:00:00-04:00,13.432033856456014,13.498786206312687,13.231776806885994,13.268860816955566,2281800,0.0,0.0
2009-04-20 00:00:00-04:00,13.127936017675104,13.276273422569572,12.927679035670556,13.04634952545166,2556700,0.0,0.0
2009-04-21 00:00:00-04:00,13.16502653553091,13.26144582573311,13.009271971050927,13.187277793884277,2230500,0.0,0.0
2009-04-22 00:00:00-04:00,13.142770927759157,13.439448615631221,12.838677570887944,13.061185836791992,2886200,0.0,0.0
2009-04-23 00:00:00-04:00,13.17244805644897,13.276284467727818,12.74226681943874,13.03894329071045,2686600,0.0,0.0
2009-04-24 00:00:00-04:00,13.202106013165116,13.254025598142022,12.542001136906073,12.838677406311035,3408800,0.0,0.0
2009-04-27 00:00:00-04:00,12.71259216722056,13.105689181082788,12.616172892322286,12.868348121643066,2302700,0.0,0.0
2009-04-28 00:00:00-04:00,12.823849258330124,12.860933274822,12.23791217803955,12.23791217803955,4131000,0.0,0.0
2009-04-29 00:00:00-04:00,12.408501030152197,12.957352684275119,12.401083943853495,12.742262840270996,2308200,0.0,0.0
2009-04-30 00:00:00-04:00,13.21694272016584,13.454283781299004,12.949933319058873,13.335613250732422,4098300,0.0,0.0
2009-05-01 00:00:00-04:00,13.357864568322835,14.09213901014432,13.194692941695056,14.07730484008789,3465300,0.0,0.0
2009-05-04 00:00:00-04:00,14.144057221272606,14.611323676410684,14.084721955582854,14.448150634765625,4994100,0.0,0.0
2009-05-05 00:00:00-04:00,14.336897660711756,14.729994693020837,14.114390760711519,14.66324234008789,4536300,0.0,0.0
2009-05-06 00:00:00-04:00,14.670660066658833,14.811580449308842,14.092140120839895,14.210810661315918,2380300,0.0,0.0
2009-05-07 00:00:00-04:00,14.344316874030616,14.551991048927242,14.166311044689756,14.307232856750488,1529700,0.0,0.0
2009-05-08 00:00:00-04:00,14.566818636239356,15.872195669365647,14.544568799635162,15.71644115447998,4762600,0.0,0.0
2009-05-11 00:00:00-04:00,15.449433511678402,15.894448683759544,15.293678979515331,15.308511734008789,1775400,0.0,0.0
2009-05-12 00:00:00-04:00,15.241763038694849,15.760947766273206,15.219513194292496,15.516189575195312,3299000,0.0,0.0
2009-05-13 00:00:00-04:00,15.390099788412085,15.390099788412085,14.789330024102988,14.945084571838379,2460400,0.0,0.0
2009-05-14 00:00:00-04:00,14.796740257140625,15.09341645924598,14.715153771062758,15.019247055053711,1280200,0.0,0.0
2009-05-15 00:00:00-04:00,14.81158778562003,14.833839053479698,14.144065311146472,14.52232837677002,3378500,0.0,0.0
2009-05-18 00:00:00-04:00,14.314647674560547,14.611325453762118,14.181144371517233,14.314647674560547,2195200,0.0,0.0
2009-05-19 00:00:00-04:00,14.284976371142255,14.885746002197266,14.284976371142255,14.885746002197266,2392500,0.0,0.0
2009-05-20 00:00:00-04:00,14.915418965175466,15.071173526694507,14.670660786599473,14.752245903015137,1947500,0.0,0.0
2009-05-21 00:00:00-04:00,14.544575739429975,14.544575739429975,14.047642207977809,14.203396797180176,1479700,0.0,0.0
2009-05-22 00:00:00-04:00,14.262732051651783,14.284983313491423,13.862219241191518,14.106977462768555,4051500,0.0,0.0
2009-05-26 00:00:00-04:00,14.158890170640213,15.39009788855117,13.832545530150501,15.31592845916748,5765000,0.0,0.0
2009-05-27 00:00:00-04:00,15.4197715246076,16.10954363529738,15.175011899139525,16.035375595092773,7159000,0.0,0.0
2009-05-28 00:00:00-04:00,16.04278732551137,16.502636700979743,15.931533877875834,16.4581356048584,5032500,0.0,0.0
2009-05-29 00:00:00-04:00,16.465550085722416,16.769643454672767,16.109537129067274,16.68805694580078,5610000,0.0,0.0
2009-06-01 00:00:00-04:00,16.725148522140792,17.592927932739258,16.725148522140792,17.592927932739258,5078100,0.0,0.0
2009-06-02 00:00:00-04:00,17.318497535440514,17.904433109428812,17.036653961388964,17.095989227294922,6158700,0.0,0.0
2009-06-03 00:00:00-04:00,17.140494808224602,17.355584655165192,15.434603132176894,15.864784240722656,4851800,0.0,0.0
2009-06-04 00:00:00-04:00,16.502633070388665,16.67322174687781,16.161455717410373,16.591636657714844,3085000,0.0,0.0
2009-06-05 00:00:00-04:00,16.784474830545278,17.08115250585575,16.42846331776951,16.51004981994629,4600200,0.0,0.0
2009-06-08 00:00:00-04:00,16.569387404411714,16.67322375658817,16.139206412255295,16.38396453857422,2284600,0.0,0.0
2009-06-09 00:00:00-04:00,16.510056249541705,16.917986089959808,16.39138569906864,16.680644989013672,3025000,0.0,0.0
2009-06-10 00:00:00-04:00,16.799315082294065,17.659677257141357,16.76223106677968,17.518756866455078,4768600,0.0,0.0
2009-06-11 00:00:00-04:00,17.548423595005485,18.201113012035744,17.533589423103777,17.971187591552734,3649600,0.0,0.0
2009-06-12 00:00:00-04:00,17.889602651864998,18.319783738605917,17.555840854107167,18.07502555847168,2595400,0.0,0.0
2009-06-15 00:00:00-04:00,17.971186384741852,17.98602055564741,16.91056721428933,17.21466064453125,1774400,0.0,0.0
2009-06-16 00:00:00-04:00,17.34816805947958,17.422337510912598,16.762232363954432,16.984739303588867,1454700,0.0,0.0
2009-06-17 00:00:00-04:00,17.407501092893654,17.407501092893654,16.65097674689605,16.873483657836914,2118100,0.0,0.0
2009-06-18 00:00:00-04:00,17.199825933266048,17.733843293187235,17.058904155009976,17.578088760375977,2098900,0.0,0.0
2009-06-19 00:00:00-04:00,17.73384946171708,17.978607680317182,17.503925417496315,17.667097091674805,2545800,0.0,0.0
2009-06-22 00:00:00-04:00,17.570672510752264,17.59292235097451,17.118240230709148,17.140491485595703,1120100,0.0,0.0
2009-06-23 00:00:00-04:00,17.058902410408773,17.23690817884465,16.628721449689376,16.97731590270996,3786200,0.0,0.0
2009-06-24 00:00:00-04:00,17.11082547657551,17.54842364630367,16.895735642029948,17.385251998901367,2667500,0.0,0.0
2009-06-25 00:00:00-04:00,17.681936402921025,17.9489459606604,17.385259902469024,17.659685134887695,5907400,0.0,0.0
2009-06-26 00:00:00-04:00,17.637428975288472,17.659678820701266,17.281415887372766,17.65226173400879,4009400,0.0,0.0
2009-06-29 00:00:00-04:00,17.83768345122586,18.505207061767578,17.541007076909843,18.505207061767578,6078300,0.0,0.0
2009-06-30 00:00:00-04:00,18.349445671970333,19.254308700561523,18.215940989216982,19.254308700561523,5803300,0.0,0.0
2009-07-01 00:00:00-04:00,19.432313102776977,19.432313102776977,18.72770578461882,19.32105827331543,6489500,0.0,0.0
2009-07-02 00:00:00-04:00,18.764789438888968,18.927962431271727,18.171436961125924,18.393943786621094,8710600,0.0,0.0
2009-07-06 00:00:00-04:00,17.926684420246477,18.023103697143604,17.414916866055016,17.43716812133789,5410100,0.0,0.0
2009-07-07 00:00:00-04:00,17.489092162078833,17.555844535628605,16.27271809235379,16.376554489135742,4685100,0.0,0.0
2009-07-08 00:00:00-04:00,16.680647076531216,17.31850242614746,16.606477619537394,17.31850242614746,6307700,0.0,0.0
2009-07-09 00:00:00-04:00,17.578090061083287,18.230777993727663,17.236911217111835,17.785762786865234,4790300,0.0,0.0
2009-07-10 00:00:00-04:00,17.555835487196372,18.31236105439729,16.554551814685052,17.236907958984375,7622900,0.0,0.0
2009-07-13 00:00:00-04:00,17.47424874496159,17.555835250519852,16.688056267997425,17.526166915893555,6493500,0.0,0.0
2009-07-14 00:00:00-04:00,17.79317894439698,18.445868257678498,17.637424408180603,18.431034088134766,5937400,0.0,0.0
2009-07-15 00:00:00-04:00,18.61645371171029,19.002133564495164,18.119520436108555,18.438447952270508,7301800,0.0,0.0
2009-07-16 00:00:00-04:00,18.423611654762222,18.423611654762222,17.689337451487535,18.33460807800293,3004700,0.0,0.0
2009-07-17 00:00:00-04:00,18.342028482794856,18.475533164782707,17.58550289463978,18.089853286743164,2596300,0.0,0.0
2009-07-20 00:00:00-04:00,18.364278501096038,18.364278501096038,17.459415538475636,17.46683120727539,4268400,0.0,0.0
2009-07-21 00:00:00-04:00,17.770929652169634,18.623876104472536,16.539721737387605,18.408784866333008,12569200,0.0,0.0
2009-07-22 00:00:00-04:00,18.178862643335023,18.342034298241277,17.815433901954343,18.245615005493164,3178500,0.0,0.0
2009-07-23 00:00:00-04:00,18.245613798273908,19.165311220344368,18.119526168613834,19.157894134521484,6107800,0.0,0.0
2009-07-24 00:00:00-04:00,19.016965463816554,19.958913803100586,18.927963295420682,19.958913803100586,4592900,0.0,0.0
2009-07-27 00:00:00-04:00,19.840247243853018,20.248176995150654,19.840247243853018,20.122089385986328,4973000,0.0,0.0
2009-07-28 00:00:00-04:00,19.847673498802674,20.070180481468586,19.298821715517178,19.506494522094727,2269800,0.0,0.0
2009-07-29 00:00:00-04:00,19.513904141093256,19.639991760253906,19.202393635794266,19.639991760253906,2901000,0.0,0.0
2009-07-30 00:00:00-04:00,20.233344018382088,20.611606841721066,20.02566989537317,20.352014541625977,4330500,0.0,0.0
2009-07-31 00:00:00-04:00,20.485527656333925,20.485527656333925,19.840255183067622,20.181432723999023,2562800,0.0,0.0
2009-08-03 00:00:00-04:00,20.57452222640704,21.316213733118172,20.337181170605763,21.293962478637695,4043100,0.0,0.0
2009-08-04 00:00:00-04:00,21.368133978388403,21.368133978388403,20.78961545260023,21.056623458862305,2367400,0.0,0.0
2009-08-05 00:00:00-04:00,20.960205088809072,21.041791618681305,20.270431664489795,20.589359283447266,2897900,0.0,0.0
2009-08-06 00:00:00-04:00,20.61902533579134,21.08629182289708,20.478104954302424,20.656110763549805,2682700,0.0,0.0
2009-08-07 00:00:00-04:00,20.789615315157352,20.8934516827581,20.122091767254208,20.522605895996094,2608400,0.0,0.0
2009-08-10 00:00:00-04:00,20.485525134726068,21.43488959413832,20.485525134726068,21.39038848876953,3633800,0.0,0.0
2009-08-11 00:00:00-04:00,21.160458005659684,21.701892435588498,21.00470206238481,21.064037322998047,3694100,0.0,0.0
2009-08-12 00:00:00-04:00,21.153045806990608,21.27913344174935,20.722864714519222,20.75994873046875,2678000,0.0,0.0
2009-08-13 00:00:00-04:00,20.99728497797513,21.175290759814843,20.619022161066667,21.064037322998047,3505100,0.0,0.0
2009-08-14 00:00:00-04:00,21.286544837633382,21.509051703179928,20.782194433419452,21.471967697143555,3397000,0.0,0.0
2009-08-17 00:00:00-04:00,21.234627024544736,21.249461194065557,20.389099167157784,20.54485511779785,2961900,0.0,0.0
2009-08-18 00:00:00-04:00,20.64127659244642,20.678360605540465,20.27043080284827,20.656110763549805,2660700,0.0,0.0
2009-08-19 00:00:00-04:00,20.574522375807245,21.30137971814274,20.203676619758816,21.026954650878906,2826000,0.0,0.0
2009-08-20 00:00:00-04:00,20.937949885762123,21.093705830289714,20.856364785927873,20.982452392578125,3351300,0.0,0.0
2009-08-21 00:00:00-04:00,21.23462285579395,21.23462285579395,20.819276093401168,20.834110260009766,3128000,0.0,0.0
2009-08-24 00:00:00-04:00,20.826698303222656,21.138208805361934,20.759945951716787,20.826698303222656,1896700,0.0,0.0
2009-08-25 00:00:00-04:00,21.026955230422768,21.05662215609889,20.64127529398288,20.848949432373047,2316800,0.0,0.0
2009-08-26 00:00:00-04:00,20.715446317044552,20.84153394382156,20.359434693673393,20.581941604614258,2617800,0.0,0.0
2009-08-27 00:00:00-04:00,20.507775998250477,20.69319893026841,20.381688347891693,20.396522521972656,2784600,0.0,0.0
2009-08-28 00:00:00-04:00,20.61902621225068,20.65611164158555,20.09984293354284,20.589359283447266,2887100,0.0,0.0
2009-08-31 00:00:00-04:00,20.300097190411115,20.626440435276354,19.699326050550432,19.914417266845703,4641500,0.0,0.0
2009-09-01 00:00:00-04:00,19.951505681557475,20.418772226841355,19.66224638234861,19.766082763671875,2999900,0.0,0.0
2009-09-02 00:00:00-04:00,19.67707549350923,19.706742417113723,19.098555629247084,19.194974899291992,3905300,0.0,0.0
2009-09-03 00:00:00-04:00,19.350733115967344,19.43231964111328,19.14305896771605,19.43231964111328,2051800,0.0,0.0
2009-09-04 00:00:00-04:00,19.55099177041876,19.743831763494466,19.261731073472948,19.721580505371094,1853400,0.0,0.0
2009-09-08 00:00:00-04:00,19.90700043965365,20.122090244068428,19.61774120056801,19.65482521057129,2163600,0.0,0.0
2009-09-09 00:00:00-04:00,19.736416883322,19.87733728986,19.506491434342728,19.80316925048828,1735300,0.0,0.0
2009-09-10 00:00:00-04:00,19.780913549825065,19.929252424601483,19.55098956711954,19.639991760253906,2108300,0.0,0.0
2009-09-11 00:00:00-04:00,19.780907138119257,20.0404993775026,19.69190355916981,19.840242385864258,2312200,0.0,0.0
2009-09-14 00:00:00-04:00,19.66965803440235,20.329762987005648,19.662240949976397,20.240760803222656,2296700,0.0,0.0
2009-09-15 00:00:00-04:00,20.225926872581237,20.989868186816732,20.14434035759911,20.960201263427734,3527700,0.0,0.0
2009-09-16 00:00:00-04:00,20.96762069384368,21.61289155738904,20.886034169733477,21.6054744720459,3537900,0.0,0.0
2009-09-17 00:00:00-04:00,21.560971749105033,21.69447644588755,20.982453282599835,21.101123809814453,5080200,0.0,0.0
2009-09-18 00:00:00-04:00,21.160459892494558,21.212378073327553,20.62644108469386,20.693193435668945,2252800,0.0,0.0
2009-09-21 00:00:00-04:00,20.589360452665204,20.915705176021945,20.159179350603186,20.78961753845215,1797200,0.0,0.0
2009-09-22 00:00:00-04:00,20.95278388618125,21.486801231700387,20.893448625568016,21.064037322998047,1853900,0.0,0.0
2009-09-23 00:00:00-04:00,21.16046248678259,21.16046248678259,20.418770864717978,20.485523223876953,2401600,0.0,0.0
2009-09-24 00:00:00-04:00,20.56711209507883,20.648698641093073,19.91442397095914,20.01084327697754,1694000,0.0,0.0
2009-09-25 00:00:00-04:00,20.085007870720528,20.24817950856126,19.89216789072816,19.9440860748291,1204000,0.0,0.0
2009-09-28 00:00:00-04:00,20.025669400345738,20.35201403853142,19.884747626978072,20.13692283630371,1340600,0.0,0.0
2009-09-29 00:00:00-04:00,20.211095661980167,21.219796668811977,20.211095661980167,21.190128326416016,2910800,0.0,0.0
2009-09-30 00:00:00-04:00,21.33846228920043,21.33846228920043,20.530018535945537,20.908281326293945,2433700,0.0,0.0
2009-10-01 00:00:00-04:00,20.767364178899516,20.989871086379104,19.810581364475585,19.9440860748291,3091800,0.0,0.0
2009-10-02 00:00:00-04:00,19.87733355301482,19.87733355301482,18.824131464756213,19.439735412597656,3889100,0.0,0.0
2009-10-05 00:00:00-04:00,19.58066513110019,20.49294579382532,19.41749342859597,20.37427520751953,2724500,0.0,0.0
2009-10-06 00:00:00-04:00,20.55226923551031,20.55968631971048,20.06275299561226,20.263010025024414,2909200,0.0,0.0
2009-10-07 00:00:00-04:00,20.15175697216129,20.255593323597584,19.803162496150737,19.951499938964844,2460000,0.0,0.0
2009-10-08 00:00:00-04:00,19.89958179568292,20.17400825806583,19.59548841055451,20.13692283630371,2852900,0.0,0.0
2009-10-09 00:00:00-04:00,20.09241949396625,20.515183352044225,20.08500241044474,20.44843101501465,1920100,0.0,0.0
2009-10-12 00:00:00-04:00,20.589357707931406,21.07887402037761,20.51518826960166,21.041790008544922,2696200,0.0,0.0
2009-10-13 00:00:00-04:00,20.863783348682713,21.056623327631744,20.55227283109803,20.893451690673828,1257400,0.0,0.0
2009-10-14 00:00:00-04:00,21.049209129681014,21.605477886344158,21.049209129681014,21.516475677490234,2313200,0.0,0.0
2009-10-15 00:00:00-04:00,21.338469099418745,21.605477131314203,21.279133824034805,21.560976028442383,2847300,0.0,0.0
2009-10-16 00:00:00-04:00,21.31621860710586,21.583228063266578,21.138212774553583,21.331052780151367,1540500,0.0,0.0
2009-10-19 00:00:00-04:00,21.420052167994143,21.642560490377765,21.071457635323547,21.42746925354004,987200,0.0,0.0
2009-10-20 00:00:00-04:00,21.43488664944016,21.46455499205331,20.797032844566274,20.952787399291992,1213000,0.0,0.0
2009-10-21 00:00:00-04:00,20.596779628071555,20.782202560089488,20.181431241792797,20.396522521972656,4526300,0.0,0.0
2009-10-22 00:00:00-04:00,20.300094253710135,20.537435275518888,19.62515377777838,20.2481746673584,3389400,0.0,0.0
2009-10-23 00:00:00-04:00,20.24817623925725,20.3223456679964,19.758659990108733,19.951499938964844,2672000,0.0,0.0
2009-10-26 00:00:00-04:00,20.077583757401552,20.441012333561215,19.306225522095957,19.32105827331543,2008800,0.0,0.0
2009-10-27 00:00:00-04:00,19.469405886241706,19.499074231393063,18.68321313037002,18.987306594848633,3237400,0.0,0.0
2009-10-28 00:00:00-04:00,18.91313279905532,18.942801137386788,18.11210605474072,18.401365280151367,5523700,0.0,0.0
2009-10-29 00:00:00-04:00,18.58679447115063,18.727716296816958,17.363003392113356,17.904438018798828,6745400,0.0,0.0
2009-10-30 00:00:00-04:00,17.956354083164253,17.98602242806396,17.01440676723132,17.051490783691406,7119300,0.0,0.0
2009-11-02 00:00:00-05:00,17.251751501242172,17.69676686581269,16.925406711935143,17.288835525512695,4462800,0.0,0.0
2009-11-03 00:00:00-05:00,17.28140952022312,17.407497118210333,16.95506631397961,17.266576766967773,4211300,0.0,0.0
2009-11-04 00:00:00-05:00,17.325913223713528,17.87476474276185,17.325913223713528,17.496501922607422,3736000,0.0,0.0
2009-11-05 00:00:00-05:00,17.63001819217507,17.822858271135154,17.429761023870537,17.659685134887695,3864200,0.0,0.0
2009-11-06 00:00:00-05:00,17.496501507600705,17.904431241308377,17.392665156765485,17.622589111328125,5511200,0.0,0.0
2009-11-09 00:00:00-05:00,17.77093424125819,18.208532501467072,17.70418328303249,18.156614303588867,3757100,0.0,0.0
2009-11-10 00:00:00-05:00,18.015689663284085,18.505206006661023,18.015689663284085,18.282697677612305,3591000,0.0,0.0
2009-11-11 00:00:00-05:00,18.33462410578961,18.5348812675612,18.193703656837837,18.290122985839844,3483600,0.0,0.0
2009-11-12 00:00:00-05:00,18.223361041782272,18.45328502472061,17.362998962402344,17.362998962402344,5132100,0.0,0.0
2009-11-13 00:00:00-05:00,17.51134133084564,18.245615937425207,17.311084234142676,17.65226173400879,3725200,0.0,0.0
2009-11-16 00:00:00-05:00,17.87476237084265,18.164021553597667,17.800592950615613,18.015684127807617,2796700,0.0,0.0
2009-11-17 00:00:00-05:00,18.008276410227477,18.10469571640444,17.748684011753674,18.067611694335938,2417700,0.0,0.0
2009-11-18 00:00:00-05:00,18.067603470078843,18.178856900307267,17.815428273740224,18.0601863861084,3578500,0.0,0.0
2009-11-19 00:00:00-05:00,17.89702558785994,18.0527816282585,17.207253283613724,17.3555908203125,4463700,0.0,0.0
2009-11-20 00:00:00-05:00,17.192419823508935,17.778355735068498,17.17016855547561,17.659685134887695,3309500,0.0,0.0
2009-11-23 00:00:00-05:00,17.897014191076828,17.97118361952781,17.719008411592974,17.808012008666992,3299800,0.0,0.0
2009-11-24 00:00:00-05:00,17.733846099213068,17.874767899767185,17.489087927021416,17.696762084960938,2915600,0.0,0.0
2009-11-25 00:00:00-05:00,17.43716971094168,17.978604240204128,17.058906824635677,17.91185188293457,4527300,0.0,0.0
2009-11-27 00:00:00-05:00,17.452000714931344,17.911848631920595,17.28882768692647,17.733842849731445,1100300,0.0,0.0
2009-11-30 00:00:00-05:00,17.704177704710904,17.97860278264699,17.630008267683948,17.75609588623047,3619100,0.0,0.0
2009-12-01 00:00:00-05:00,17.85993787666711,18.215949588973217,17.830270941307333,18.156614303588867,2728700,0.0,0.0
2009-12-02 00:00:00-05:00,18.215944163420552,18.5422888431663,18.1269419691854,18.238195419311523,3482900,0.0,0.0
2009-12-03 00:00:00-05:00,18.312368008235406,18.379120372728607,17.882186889648438,17.882186889648438,2912800,0.0,0.0
2009-12-04 00:00:00-05:00,18.082435627515483,18.20852322153004,17.40007948602448,18.05276870727539,3952800,0.0,0.0
2009-12-07 00:00:00-05:00,18.08244122065371,18.564541909318006,18.08244122065371,18.260448455810547,3725400,0.0,0.0
2009-12-08 00:00:00-05:00,18.22336285522381,18.24561411307638,17.85251704566805,17.971187591552734,3754000,0.0,0.0
2009-12-09 00:00:00-05:00,17.971185114715087,18.379116297802934,17.82284766013575,17.934101104736328,5566400,0.0,0.0
2009-12-10 00:00:00-05:00,18.06761002346542,18.24561585932904,17.874770014280337,18.20853042602539,4156100,0.0,0.0
2009-12-11 00:00:00-05:00,18.44587280633302,18.623878640760292,18.356869181787076,18.57196044921875,4480300,0.0,0.0
2009-12-14 00:00:00-05:00,18.720295392450865,19.02438882842614,18.720295392450865,18.96505355834961,1814500,0.0,0.0
2009-12-15 00:00:00-05:00,18.876051236407637,19.172727584838867,18.801881795633722,19.172727584838867,2023600,0.0,0.0
2009-12-16 00:00:00-05:00,19.276565154062556,19.39523570082828,18.97988878714825,19.002140045166016,2328800,0.0,0.0
2009-12-17 00:00:00-05:00,18.957633995362364,19.20239212927597,18.712875861448754,18.927967071533203,2113800,0.0,0.0
2009-12-18 00:00:00-05:00,19.046637745429134,19.12822426226107,18.816713778960526,18.876049041748047,1507500,0.0,0.0
2009-12-21 00:00:00-05:00,19.054059410207117,19.135644531985722,18.838968146734896,18.86121940612793,1878300,0.0,0.0
2009-12-22 00:00:00-05:00,18.838970905366672,18.97989273949553,18.423623905195342,18.44587516784668,1621400,0.0,0.0
2009-12-23 00:00:00-05:00,18.468122527182622,18.53487489147669,18.067609756082824,18.09727668762207,2415400,0.0,0.0
2009-12-24 00:00:00-05:00,18.275278091430664,18.35686460905235,18.04535412273641,18.275278091430664,689600,0.0,0.0
2009-12-28 00:00:00-05:00,18.31978234815668,18.349449275336518,17.845098781299612,17.95635223388672,1583900,0.0,0.0
2009-12-29 00:00:00-05:00,18.01568820849264,18.052772219673948,17.75609588623047,17.75609588623047,2498000,0.0,0.0
2009-12-30 00:00:00-05:00,17.763511782582686,17.852513969327116,17.54842057106585,17.741260528564453,1433400,0.0,0.0
2009-12-31 00:00:00-05:00,17.72643673982591,17.80060621532277,17.5113468170166,17.5113468170166,1024900,0.0,0.0
2010-01-04 00:00:00-05:00,17.63742740417249,17.89701834196202,17.578092130582814,17.704179763793945,1683700,0.0,0.0
2010-01-05 00:00:00-05:00,17.770934871539804,18.008277436159826,17.65968138433142,17.978609085083008,3473400,0.0,0.0
2010-01-06 00:00:00-05:00,17.986025937938866,18.386540184255793,17.88218953985588,18.371706008911133,2719300,0.0,0.0
2010-01-07 00:00:00-05:00,18.38653415289275,18.72029450067478,18.34203164145699,18.475536346435547,3200800,0.0,0.0
2010-01-08 00:00:00-05:00,18.401364072838355,18.54970292543472,18.156605956319254,18.17144012451172,1694600,0.0,0.0
2010-01-11 00:00:00-05:00,18.312356935797446,18.542280821882944,18.312356935797446,18.342023849487305,2128700,0.0,0.0
2010-01-12 00:00:00-05:00,18.24560605017087,18.24560605017087,17.800590992427413,17.830259323120117,3446100,0.0,0.0
2010-01-13 00:00:00-05:00,17.897012308587044,18.06018531694876,17.867345389125664,18.023099899291992,2704100,0.0,0.0
2010-01-14 00:00:00-05:00,17.986017766021213,18.05277011007855,17.800594902453984,17.837678909301758,2016600,0.0,0.0
2010-01-15 00:00:00-05:00,18.260449762414066,18.63871127386097,18.030524323328002,18.09727668762207,4573900,0.0,0.0
2010-01-19 00:00:00-05:00,18.023112700384768,18.65355110168457,18.023112700384768,18.65355110168457,3141600,0.0,0.0
2010-01-20 00:00:00-05:00,18.571953759963467,18.57936942922875,18.171439715760986,18.297527313232422,3770000,0.0,0.0
2010-01-21 00:00:00-05:00,18.267863223372842,18.423619192763,17.793181058877963,17.80059814453125,4069800,0.0,0.0
2010-01-22 00:00:00-05:00,18.653534223881486,18.94279476667422,18.238187529577164,18.342023849487305,16160300,0.0,0.0
2010-01-25 00:00:00-05:00,18.475534314966055,18.60903900526516,18.393947800969,18.497785568237305,5075600,0.0,0.0
2010-01-26 00:00:00-05:00,18.490365386403937,18.571951886734045,18.342026552106276,18.482948303222656,3794800,0.0,0.0
2010-01-27 00:00:00-05:00,18.70545885072335,19.061471840729446,18.27527784351922,18.534870147705078,11804700,0.0,0.0
2010-01-28 00:00:00-05:00,18.623868641472733,18.72770496880536,18.178853587003992,18.33460807800293,52002800,0.0,0.0
2010-01-29 00:00:00-05:00,18.201114538968273,18.312368008235406,17.837684370209892,17.882186889648438,8070400,0.0,0.0
2010-02-01 00:00:00-05:00,17.91185188589412,17.971187157403033,17.4742537280167,17.726428985595703,6514500,0.0,0.0
2010-02-02 00:00:00-05:00,17.71901085822507,17.71901085822507,17.34816507942813,17.474252700805664,6373100,0.0,0.0
2010-02-03 00:00:00-05:00,17.3704154607662,17.466834735945984,17.095988975822593,17.140491485595703,3993600,0.0,0.0
2010-02-04 00:00:00-05:00,17.058904275697316,17.058904275697316,16.35429679409629,16.391382217407227,5576400,0.0,0.0
2010-02-05 00:00:00-05:00,16.383961026317845,16.413627942866714,15.857359464602409,16.10211753845215,5825600,0.0,0.0
2010-02-08 00:00:00-05:00,16.18371129561186,16.32463310277073,15.99087130020092,16.01312255859375,3785300,0.0,0.0
2010-02-09 00:00:00-05:00,16.213382095650985,16.517475599751954,16.124378463264602,16.235631942749023,4363100,0.0,0.0
2010-02-10 00:00:00-05:00,16.243040624324088,16.25045770774005,15.827693855678238,16.065034866333008,3560600,0.0,0.0
2010-02-11 00:00:00-05:00,16.280136730991213,16.524894985770963,16.079879591262795,16.480392456054688,4536200,0.0,0.0
2010-02-12 00:00:00-05:00,16.35430013794239,16.3691343102998,16.05762376411687,16.361717224121094,4044000,0.0,0.0
2010-02-16 00:00:00-05:00,16.413635543116996,16.680644989013672,16.39138569906864,16.680644989013672,2689900,0.0,0.0
2010-02-17 00:00:00-05:00,16.7251438995388,16.880899860784446,16.621307535151278,16.754812240600586,3466400,0.0,0.0
2010-02-18 00:00:00-05:00,16.621308250259162,16.799314060295224,16.524888966988787,16.739978790283203,4348400,0.0,0.0
2010-02-19 00:00:00-05:00,16.75481070852733,17.392665836386094,16.643557269047466,17.207242965698242,5192300,0.0,0.0
2010-02-22 00:00:00-05:00,17.370418858100294,17.44458830756401,17.09599231948391,17.11082649230957,3992000,0.0,0.0
2010-02-23 00:00:00-05:00,16.688055576334175,16.969897670282325,16.465548734515316,16.51004981994629,5158300,0.0,0.0
2010-02-24 00:00:00-05:00,16.561975398995752,16.688063043018477,15.998289544227372,16.213380813598633,5536400,0.0,0.0
2010-02-25 00:00:00-05:00,15.887037452373796,16.413637919506932,15.8425363431696,16.369136810302734,5194900,0.0,0.0
2010-02-26 00:00:00-05:00,16.398802537326876,16.495221827629006,16.020539632914783,16.198545455932617,5076400,0.0,0.0
2010-03-01 00:00:00-05:00,16.235634410160145,16.806737483548932,16.228217321778672,16.74740219116211,4454300,0.0,0.0
2010-03-02 00:00:00-05:00,16.80673277026596,17.036656786951855,16.79189859766311,16.814149856567383,5342400,0.0,0.0
2010-03-03 00:00:00-05:00,16.866062716796296,17.04406848779181,16.673222777885126,16.68805694580078,4167100,0.0,0.0
2010-03-04 00:00:00-05:00,16.621307056182825,16.63614122628625,16.317213642384264,16.53972053527832,5632700,0.0,0.0
2010-03-05 00:00:00-05:00,16.56938633305549,17.07373672186907,16.56938633305549,16.925397872924805,4665700,0.0,0.0
2010-03-08 00:00:00-05:00,16.91056985215585,17.08116001485118,16.83640181538745,16.984739303588867,1857500,0.0,0.0
2010-03-09 00:00:00-05:00,16.932818928398774,17.044072383869207,16.851232400877052,16.873483657836914,2425900,0.0,0.0
2010-03-10 00:00:00-05:00,16.836401245569416,16.93282053890385,16.732563451211668,16.791898727416992,2847600,0.0,0.0
2010-03-11 00:00:00-05:00,16.73256634716764,17.0144100189209,16.70289941126272,17.0144100189209,2830900,0.0,0.0
2010-03-12 00:00:00-05:00,16.858648299279192,16.969901746914726,16.369131997951367,16.4581356048584,5232100,0.0,0.0
2010-03-15 00:00:00-04:00,16.43588668744356,16.576808495648784,16.33205031016842,16.517473220825195,2323500,0.0,0.0
2010-03-16 00:00:00-04:00,16.54713517993029,16.702891113716436,16.413630498017625,16.68805694580078,2155700,0.0,0.0
2010-03-17 00:00:00-04:00,16.688058978582944,16.791895337312667,16.599055374911547,16.665807723999023,2610400,0.0,0.0
2010-03-18 00:00:00-04:00,16.754804550175244,16.762221632036262,16.287538295577047,16.332040786743164,5028000,0.0,0.0
2010-03-19 00:00:00-04:00,16.361717224121094,16.57680847930993,16.16887722746837,16.361717224121094,5196100,0.0,0.0
2010-03-22 00:00:00-04:00,16.30238365209167,16.33946908685866,16.01312433423258,16.035375595092773,3602500,0.0,0.0
2010-03-23 00:00:00-04:00,16.027961867330326,16.109547011587203,15.95379239691636,16.00571060180664,5733800,0.0,0.0
2010-03-24 00:00:00-04:00,15.827691459117041,15.998280107862355,15.597767566692323,15.701603889465332,5763500,0.0,0.0
2010-03-25 00:00:00-04:00,15.523602084866049,15.61260426556489,15.041502931198886,15.07116985321045,5807500,0.0,0.0
2010-03-26 00:00:00-04:00,15.041498300710506,15.264005098623592,14.982163060289436,15.019247055053711,4812200,0.0,0.0
2010-03-29 00:00:00-04:00,15.086009586214423,15.301099447795377,15.05634123859516,15.278849601745605,4323100,0.0,0.0
2010-03-30 00:00:00-04:00,15.353014669573744,15.701609166514064,15.264011066810113,15.642273902893066,4447200,0.0,0.0
2010-03-31 00:00:00-04:00,15.590362628078797,15.664532094116245,15.464274960214606,15.501358985900879,3365700,0.0,0.0
2010-04-01 00:00:00-04:00,15.634858189896917,16.020538144604767,15.620024019024061,15.91670036315918,3671500,0.0,0.0
2010-04-05 00:00:00-04:00,15.983453466370609,16.176293452760575,15.916701108979295,16.0576229095459,4275700,0.0,0.0
2010-04-06 00:00:00-04:00,16.035370568771505,16.124372754984982,15.87219753627306,16.050203323364258,3130600,0.0,0.0
2010-04-07 00:00:00-04:00,15.94636955985509,16.035373175199673,15.864783030344594,15.909285545349121,4468000,0.0,0.0
2010-04-08 00:00:00-04:00,15.849945105926126,16.13920428582863,15.701606266934888,16.065034866333008,3457600,0.0,0.0
2010-04-09 00:00:00-04:00,15.953786815134093,16.198544991600677,15.790615169044534,16.16887664794922,3709900,0.0,0.0
2010-04-12 00:00:00-04:00,16.28013367854481,16.784482855448427,16.28013367854481,16.62131118774414,4397600,0.0,0.0
2010-04-13 00:00:00-04:00,16.68063663011015,16.76964020569627,16.332042239614175,16.72513771057129,3212500,0.0,0.0
2010-04-14 00:00:00-04:00,16.710313333964216,16.71773042020185,16.5397231798277,16.680644989013672,2744100,0.0,0.0
2010-04-15 00:00:00-04:00,16.688056418530422,16.880896351348685,16.51005065315912,16.836395263671875,2654300,0.0,0.0
2010-04-16 00:00:00-04:00,16.777054207948726,16.82897236139852,16.191117528355722,16.205951690673828,4905000,0.0,0.0
2010-04-19 00:00:00-04:00,16.191128486004487,16.39880265501462,16.124376125060678,16.361717224121094,3068800,0.0,0.0
2010-04-20 00:00:00-04:00,16.458136053479816,16.739978222816674,16.354298273480445,16.70289421081543,3791200,0.0,0.0
2010-04-21 00:00:00-04:00,16.680648553315567,16.725149665585775,16.458141577299667,16.569395065307617,3873500,0.0,0.0
2010-04-22 00:00:00-04:00,16.443305346249097,16.650979535325654,16.265299504754054,16.62131118774414,3013600,0.0,0.0
2010-04-23 00:00:00-04:00,16.67323152655424,16.932823942633377,16.480391486457304,16.888322830200195,2549700,0.0,0.0
2010-04-26 00:00:00-04:00,17.029241815642106,17.38525492900364,16.962490859968103,17.29625129699707,3625700,0.0,0.0
2010-04-27 00:00:00-04:00,17.155330010933653,17.74868427550031,17.095994725943463,17.489091873168945,5623700,0.0,0.0
2010-04-28 00:00:00-04:00,17.533587968826602,17.555839224833594,17.24432871405759,17.474252700805664,3160700,0.0,0.0
2010-04-29 00:00:00-04:00,17.555832848742806,17.756089836081408,17.466829271704363,17.64483642578125,2839600,0.0,0.0
2010-04-30 00:00:00-04:00,17.69676134227622,18.349449302507605,17.65225882944396,17.926685333251953,4368600,0.0,0.0
2010-05-03 00:00:00-04:00,18.052772974474202,18.683211093565912,17.859932996007068,18.668376922607422,4493800,0.0,0.0
2010-05-04 00:00:00-04:00,18.41620136948461,18.54228899121142,17.88960104117311,18.0008544921875,4764000,0.0,0.0
2010-05-05 00:00:00-04:00,17.756097801475928,17.926686534773285,17.355583647127872,17.570674896240234,3849500,0.0,0.0
2010-05-06 00:00:00-04:00,17.496501367070483,17.496501367070483,16.16887299644727,16.880897521972656,7584900,0.0,0.0
2010-05-07 00:00:00-04:00,16.873485262698527,17.318500541570742,16.391385966697197,16.791898727416992,6342400,0.0,0.0
2010-05-10 00:00:00-04:00,17.52617555226514,17.73384975299265,16.205965133444177,16.369136810302734,9064300,0.0,0.0
2010-05-11 00:00:00-04:00,16.161458646135053,16.70289310771614,16.12437322191864,16.29496192932129,3958600,0.0,0.0
2010-05-12 00:00:00-04:00,16.30979523649945,17.35558009480541,16.30979523649945,17.34074592590332,4579700,0.0,0.0
2010-05-13 00:00:00-04:00,17.28141113272924,17.837679749636802,17.162740607628766,17.37041473388672,3741800,0.0,0.0
2010-05-14 00:00:00-04:00,17.22207771973368,17.244328976078773,16.61389085961183,16.843814849853516,4148800,0.0,0.0
2010-05-17 00:00:00-04:00,16.866062183901725,17.058902116719985,16.47296523454172,16.836395263671875,3261600,0.0,0.0
2010-05-18 00:00:00-04:00,16.777065999526368,17.170161674594144,16.5916430842183,16.762231826782227,4485900,0.0,0.0
2010-05-19 00:00:00-04:00,16.60647554130187,16.821566798199648,16.339467510069742,16.680644989013672,4047300,0.0,0.0
2010-05-20 00:00:00-04:00,16.27271155338599,16.27271155338599,15.916698565957923,15.953783988952637,5259800,0.0,0.0
2010-05-21 00:00:00-04:00,15.760946825393075,16.272714436064835,15.57552392156492,16.16887664794922,5556900,0.0,0.0
2010-05-24 00:00:00-04:00,16.02795350736874,16.361713828149288,15.94636699100129,16.020536422729492,2288500,0.0,0.0
2010-05-25 00:00:00-04:00,15.560686239139557,16.109537740886417,15.197257599388157,16.08728790283203,4464600,0.0,0.0
2010-05-26 00:00:00-04:00,16.24304205278675,16.702891362368927,16.07245336320954,16.3987979888916,5666300,0.0,0.0
2010-05-27 00:00:00-04:00,16.732561153171428,17.081157090833244,16.650976043759318,17.073740005493164,3385900,0.0,0.0
2010-05-28 00:00:00-04:00,17.088578382664867,17.526175208132486,17.08116129549901,17.31850242614746,2945600,0.0,0.0
2010-06-01 00:00:00-04:00,17.103401866639015,17.14790436549909,16.450714111328125,16.450714111328125,3578200,0.0,0.0
2010-06-02 00:00:00-04:00,16.480384019238254,16.932816270418453,16.428465842479387,16.91798210144043,2796300,0.0,0.0
2010-06-03 00:00:00-04:00,16.992151904629868,17.429749996436957,16.86606429487758,17.37041473388672,5539100,0.0,0.0
2010-06-04 00:00:00-04:00,17.05889741692802,17.125649737384748,16.658383494187664,16.69546890258789,5694000,0.0,0.0
2010-06-07 00:00:00-04:00,16.910566941485417,17.133075257486034,16.67322586948293,16.70289421081543,3004200,0.0,0.0
2010-06-08 00:00:00-04:00,16.762230074159913,16.814148258671388,16.339466097807133,16.710311889648438,3377500,0.0,0.0
2010-06-09 00:00:00-04:00,16.806734216751963,17.385254266072803,16.725147675079047,16.784482955932617,6032400,0.0,0.0
2010-06-10 00:00:00-04:00,17.28141113272924,17.518753597594433,17.09598826042672,17.37041473388672,3944500,0.0,0.0
2010-06-11 00:00:00-04:00,17.22949990189224,17.392673000696174,16.73256634716764,17.0144100189209,3091700,0.0,0.0
2010-06-14 00:00:00-04:00,17.184987954659245,17.43716311683299,16.977313875615,16.99956512451172,2519800,0.0,0.0
2010-06-15 00:00:00-04:00,17.133075845014048,17.48908746522614,17.118241673839105,17.481670379638672,2760900,0.0,0.0
2010-06-16 00:00:00-04:00,17.296250573489754,17.592926976660355,17.184997099133863,17.311084747314453,3349800,0.0,0.0
2010-06-17 00:00:00-04:00,17.259159683008043,17.37041311307579,17.081153911966823,17.266576766967773,2168800,0.0,0.0
2010-06-18 00:00:00-04:00,17.236910186788627,17.622590103993296,17.236910186788627,17.533586502075195,3833100,0.0,0.0
2010-06-21 00:00:00-04:00,17.74126258720013,18.126942546950318,17.370416798516736,17.503921508789062,2503500,0.0,0.0
2010-06-22 00:00:00-04:00,17.362992315929937,17.407493395507377,16.517464730639553,16.61388397216797,4460300,0.0,0.0
2010-06-23 00:00:00-04:00,16.613890849278246,16.710311545382606,16.324631590293965,16.47296905517578,2362400,0.0,0.0
2010-06-24 00:00:00-04:00,16.39879942734821,16.747393921148593,16.1095387819701,16.154041290283203,1940200,0.0,0.0
2010-06-25 00:00:00-04:00,16.16145061838309,16.30237091641436,15.961193671079386,16.205951690673828,3231100,0.0,0.0
2010-06-28 00:00:00-04:00,16.161459823309837,16.398800896925295,16.04278787183772,16.309797286987305,2152000,0.0,0.0
2010-06-29 00:00:00-04:00,16.131788772714472,16.131788772714472,15.65710670519839,15.768360137939453,3362000,0.0,0.0
2010-06-30 00:00:00-04:00,15.686773514951877,16.161456993738916,15.620021172851576,15.731274604797363,4215400,0.0,0.0
2010-07-01 00:00:00-04:00,15.753525158596355,15.842528749005362,15.60518772746678,15.71644115447998,3249300,0.0,0.0
2010-07-02 00:00:00-04:00,15.790610749040274,15.95378234945591,15.575519561767576,15.575519561767578,2878100,0.0,0.0
2010-07-06 00:00:00-04:00,15.84253370432922,16.11695881582053,15.694194812137228,15.849950790405273,2929700,0.0,0.0
2010-07-07 00:00:00-04:00,15.894447589564091,16.44329907863693,15.864779253291115,16.3987979888916,3234600,0.0,0.0
2010-07-08 00:00:00-04:00,16.61388601807586,16.643554351223518,16.332043926493046,16.561967849731445,2763700,0.0,0.0
2010-07-09 00:00:00-04:00,16.58422726721724,16.784482955932617,16.458139618570314,16.784482955932617,1519500,0.0,0.0
2010-07-12 00:00:00-04:00,16.754805623320863,17.05889892578125,16.658384967615586,17.05889892578125,1780000,0.0,0.0
2010-07-13 00:00:00-04:00,17.207247657887926,17.303666954485617,16.73998110412514,16.984739303588867,2621500,0.0,0.0
2010-07-14 00:00:00-04:00,16.969900278199297,17.05890387740322,16.591638871909215,16.91798210144043,1273200,0.0,0.0
2010-07-15 00:00:00-04:00,16.866063677461593,17.021819620119363,16.680640811946848,16.96248435974121,1931900,0.0,0.0
2010-07-16 00:00:00-04:00,16.880896841354893,16.925397930323445,16.46555004343214,16.502634048461914,1577800,0.0,0.0
2010-07-19 00:00:00-04:00,16.539715733422753,16.762223976381932,16.324625988025854,16.65838623046875,1677900,0.0,0.0
2010-07-20 00:00:00-04:00,16.46554867217481,16.747390765055872,16.265291666497635,16.717723846435547,1904400,0.0,0.0
2010-07-21 00:00:00-04:00,16.710304694160936,16.806723936069027,16.235621323031772,16.34687614440918,2215600,0.0,0.0
2010-07-22 00:00:00-04:00,16.584217057337614,16.732554460817013,16.472962236398303,16.61388397216797,3248900,0.0,0.0
2010-07-23 00:00:00-04:00,16.650972701242896,17.02923407500408,16.458132765104672,16.97731590270996,3622900,0.0,0.0
2010-07-26 00:00:00-04:00,16.992151025918254,17.37041383561408,16.992151025918254,17.25174331665039,2278800,0.0,0.0
2010-07-27 00:00:00-04:00,17.35558365501122,17.429753100072087,17.19982909358145,17.385251998901367,2214700,0.0,0.0
2010-07-28 00:00:00-04:00,17.28140918950229,17.459416371801037,17.162738677745853,17.18498992919922,1281900,0.0,0.0
2010-07-29 00:00:00-04:00,17.25916316915707,17.266580254614965,16.47296908659286,16.628725051879883,2980900,0.0,0.0
2010-07-30 00:00:00-04:00,16.487805713402523,16.925403917948792,16.2875486202038,16.82156753540039,2927800,0.0,0.0
2010-08-02 00:00:00-04:00,17.65966844836594,17.65966844836594,17.02181492876464,17.05889892578125,4396000,0.0,0.0
2010-08-03 00:00:00-04:00,17.01440110494367,17.45199914393259,16.87347934289705,17.236907958984375,2993800,0.0,0.0
2010-08-04 00:00:00-04:00,17.296244553839415,17.362996898153916,16.88089773395465,17.199825286865234,2391300,0.0,0.0
2010-08-05 00:00:00-04:00,17.05891104595454,17.22949981689453,16.88832227501455,17.22949981689453,1538900,0.0,0.0
2010-08-06 00:00:00-04:00,17.12566023127613,17.251747867770785,16.732563149342297,17.051490783691406,2279900,0.0,0.0
2010-08-09 00:00:00-04:00,17.05889690321295,17.214651369812437,16.98472750330973,17.081148147583008,1704900,0.0,0.0
2010-08-10 00:00:00-04:00,16.903154900854855,17.340751712170338,16.72514764396065,17.125661849975586,2899600,0.0,0.0
2010-08-11 00:00:00-04:00,16.8660664158918,17.13307583827811,16.658392263517513,16.739978790283203,6830800,0.0,0.0
2010-08-12 00:00:00-04:00,16.502640626747446,16.851235222842153,16.458139520039854,16.62131118774414,2957600,0.0,0.0
2010-08-13 00:00:00-04:00,16.539723341065287,16.858650979069928,16.17629459986556,16.287548065185547,5426500,0.0,0.0
2010-08-16 00:00:00-04:00,16.139212506128704,16.48039002905331,15.938955395891353,16.257883071899414,3457700,0.0,0.0
2010-08-17 00:00:00-04:00,16.391389599104635,16.391389599104635,16.14663135368505,16.280136108398438,1955800,0.0,0.0
2010-08-18 00:00:00-04:00,16.220801891789115,16.302387035881264,16.02796183496816,16.161466598510742,3576400,0.0,0.0
2010-08-19 00:00:00-04:00,16.102120310467484,16.102120310467484,15.723858925033454,15.790611267089844,2128600,0.0,0.0
2010-08-20 00:00:00-04:00,15.679362426603321,15.746114794229506,15.271432548589685,15.375268936157227,3299100,0.0,0.0
2010-08-23 00:00:00-04:00,15.47910142899219,15.76094356200162,15.382680746753877,15.434598922729492,2735500,0.0,0.0
2010-08-24 00:00:00-04:00,15.212091623091794,15.293678134285862,15.026668762861028,15.07116985321045,3630900,0.0,0.0
2010-08-25 00:00:00-04:00,14.974750889365726,15.24175885149381,14.945082552093615,15.18242359161377,3375200,0.0,0.0
2010-08-26 00:00:00-04:00,15.301100383236129,15.34560290738571,14.952505765386329,15.0266752243042,2285700,0.0,0.0
2010-08-27 00:00:00-04:00,15.167591727287597,15.36043027221041,14.84866415622682,15.301095008850098,2527100,0.0,0.0
2010-08-30 00:00:00-04:00,15.286261050116932,15.50876791652819,15.07116985321045,15.07116985321045,2353400,0.0,0.0
2010-08-31 00:00:00-04:00,14.989583342016381,15.323345056297423,14.863497155137049,15.07116985321045,3616500,0.0,0.0
2010-09-01 00:00:00-04:00,15.286258960065313,15.649687546667243,15.182421210561932,15.605186462402344,3780700,0.0,0.0
2010-09-02 00:00:00-04:00,15.612608395509982,16.03537381698658,15.531023277398663,16.01312255859375,3140100,0.0,0.0
2010-09-03 00:00:00-04:00,16.191127624328526,16.205961795896474,15.78319780886113,16.0576229095459,2389000,0.0,0.0
2010-09-07 00:00:00-04:00,15.990874372962992,16.020542723187756,15.738699054711724,15.775784492492676,2143900,0.0,0.0
2010-09-08 00:00:00-04:00,15.805448273948963,15.990871181856694,15.783198430385328,15.849950790405273,1750700,0.0,0.0
2010-09-09 00:00:00-04:00,16.035378923461078,16.257885919588727,15.998293480996482,16.161466598510742,1852700,0.0,0.0
2010-09-10 00:00:00-04:00,16.220796714309046,16.324633090736647,16.072457821128587,16.198545455932617,1895800,0.0,0.0
2010-09-13 00:00:00-04:00,16.376547399914244,16.38396448428287,16.124372190037743,16.228208541870117,1785800,0.0,0.0
2010-09-14 00:00:00-04:00,16.168876366976598,16.191127624328526,15.82769890890052,16.0576229095459,1408400,0.0,0.0
2010-09-15 00:00:00-04:00,16.005699613669314,16.0872861165809,15.93894727758966,16.065034866333008,1212000,0.0,0.0
2010-09-16 00:00:00-04:00,15.99087392827507,16.079877561809464,15.938955731490324,15.998291015625,1354600,0.0,0.0
2010-09-17 00:00:00-04:00,16.346886712040984,16.346886712040984,15.894454295639957,15.976040840148926,2027800,0.0,0.0
2010-09-20 00:00:00-04:00,15.642272536922475,15.783194306215368,15.612604200370644,15.768360137939453,3257000,0.0,0.0
2010-09-21 00:00:00-04:00,15.723860656290848,15.961201714328336,15.620022882401225,15.657108306884766,2586600,0.0,0.0
2010-09-22 00:00:00-04:00,15.58293628692627,15.768359134584129,15.471682861264364,15.58293628692627,2692000,0.0,0.0
2010-09-23 00:00:00-04:00,15.486522376421744,15.620027111379077,15.264015427935973,15.278849601745605,4492200,0.0,0.0
2010-09-24 00:00:00-04:00,15.486519763289834,15.553272119504982,15.338182294217404,15.390100479125977,3961600,0.0,0.0
2010-09-27 00:00:00-04:00,15.375269561359152,15.516191389263009,15.330768452687048,15.353019714355469,3249600,0.0,0.0
2010-09-28 00:00:00-04:00,15.456849671661628,15.582937272631257,15.315927902421654,15.49393367767334,3792400,0.0,0.0
2010-09-29 00:00:00-04:00,15.419766168639457,15.501351267459341,15.301094233269797,15.434598922729492,2071100,0.0,0.0
2010-09-30 00:00:00-04:00,15.464277406035617,15.64228330387986,15.397525017510885,15.442026138305664,2070100,0.0,0.0
2010-10-01 00:00:00-04:00,15.59035572405773,15.679357912157087,15.49393503650844,15.642273902893066,2774000,0.0,0.0
2010-10-04 00:00:00-04:00,15.582941996999805,15.68677837704458,15.338183804990996,15.427186012268066,2174500,0.0,0.0
2010-10-05 00:00:00-04:00,15.582937278482964,15.842529564654878,15.575520194345007,15.768360137939453,2806100,0.0,0.0
2010-10-06 00:00:00-04:00,15.723862643490342,15.931535388186912,15.723862643490342,15.909285545349121,2833100,0.0,0.0
2010-10-07 00:00:00-04:00,15.976036919195847,16.050204943639624,15.872199138578662,15.93895149230957,1661700,0.0,0.0
2010-10-08 00:00:00-04:00,15.953785501469678,15.953785501469678,15.760945527607461,15.80544662475586,1862100,0.0,0.0
2010-10-11 00:00:00-04:00,15.753529834621569,15.790615264409864,15.634859288628013,15.679360389709473,2208300,0.0,0.0
2010-10-12 00:00:00-04:00,15.627437496628534,15.642271664076697,15.538435321267706,15.560685157775879,4276000,0.0,0.0
2010-10-13 00:00:00-04:00,15.590355785004443,15.805445585972294,15.560687445745828,15.738693237304688,1870400,0.0,0.0
2010-10-14 00:00:00-04:00,15.68678194366205,15.738700145488794,15.464274960214606,15.501358985900879,1895500,0.0,0.0
2010-10-15 00:00:00-04:00,15.605188184387764,15.605188184387764,15.375262825208962,15.471683502197266,1489500,0.0,0.0
2010-10-18 00:00:00-04:00,15.486516255479673,15.590354016441237,15.419765329048541,15.471683502197266,2099800,0.0,0.0
2010-10-19 00:00:00-04:00,15.34559794487391,15.419767379806617,15.108256884820696,15.175007820129395,2700000,0.0,0.0
2010-10-20 00:00:00-04:00,15.234343630359762,15.397515246167817,15.167591284196416,15.241759300231934,1766200,0.0,0.0
2010-10-21 00:00:00-04:00,15.338177524996713,15.43459677918017,14.982166012323024,15.086002349853516,2221600,0.0,0.0
2010-10-22 00:00:00-04:00,15.100841574601894,15.160176846588634,14.85608340082354,15.01183795928955,1422300,0.0,0.0
2010-10-25 00:00:00-04:00,15.09341947420565,15.24175689755735,14.878328300549281,14.967331886291504,1238900,0.0,0.0
2010-10-26 00:00:00-04:00,14.908008533589328,15.063763164631549,14.759669577169483,14.937675476074219,2289700,0.0,0.0
2010-10-27 00:00:00-04:00,14.811582365450564,14.870917643364649,14.544574322169485,14.767081260681152,2505600,0.0,0.0
2010-10-28 00:00:00-04:00,14.841254164686381,14.96734183642228,14.633579936337565,14.678082466125488,2189500,0.0,0.0
2010-10-29 00:00:00-04:00,14.648410704852981,14.84866779831225,14.648410704852981,14.767081260681152,2429300,0.0,0.0
2010-11-01 00:00:00-04:00,14.833828287410583,14.856079539120776,14.55940184164128,14.64098834991455,1976400,0.0,0.0
2010-11-02 00:00:00-04:00,14.74482881703835,14.818998262141726,14.670660786599473,14.752245903015137,1740200,0.0,0.0
2010-11-03 00:00:00-04:00,14.81158099389418,14.93766862461894,14.640992262520824,14.863500595092773,1819900,0.0,0.0
2010-11-04 00:00:00-04:00,14.826417726682593,14.900587183684785,14.544575487671937,14.781916618347168,4077000,0.0,0.0
2010-11-05 00:00:00-04:00,14.811576459021662,15.093419977720975,14.685488866901244,14.907997131347656,4000800,0.0,0.0
2010-11-08 00:00:00-05:00,15.01925041482705,15.026667498371834,14.811576319565203,14.959915161132812,2182400,0.0,0.0
2010-11-09 00:00:00-05:00,14.982166392896172,15.137920903148347,14.885745721599463,14.989582061767578,2274400,0.0,0.0
2010-11-10 00:00:00-05:00,14.959915424285752,14.982166675311515,14.633570815894855,14.885746002197266,1927400,0.0,0.0
2010-11-11 00:00:00-05:00,14.826415570180838,14.997004306208444,14.685493763840219,14.952503204345703,1822900,0.0,0.0
2010-11-12 00:00:00-05:00,14.885742481182277,14.885742481182277,14.49264704202346,14.544565200805664,2503300,0.0,0.0
2010-11-15 00:00:00-05:00,14.581661732916595,14.752250519775476,14.581661732916595,14.678082466125488,1110400,0.0,0.0
2010-11-16 00:00:00-05:00,14.566820227793299,14.566820227793299,14.240476994853898,14.418482780456543,4006800,0.0,0.0
2010-11-17 00:00:00-05:00,14.448150994836038,14.60390695531852,14.351731716186395,14.440733909606934,2382100,0.0,0.0
2010-11-18 00:00:00-05:00,14.544567005282994,14.574233921983293,14.388811094948737,14.477814674377441,3290000,0.0,0.0
2010-11-19 00:00:00-05:00,14.41107135388904,14.425905528846101,14.173730213235219,14.351736068725586,3671200,0.0,0.0
2010-11-22 00:00:00-05:00,14.314654120741857,14.544579644629687,14.247901731827987,14.52232837677002,2490200,0.0,0.0
2010-11-23 00:00:00-05:00,14.470398567213191,14.470398567213191,14.262724477652913,14.388812065124512,2847000,0.0,0.0
2010-11-24 00:00:00-05:00,14.433319173187812,14.670661695150084,14.411069328544022,14.655827522277832,2443100,0.0,0.0
2010-11-26 00:00:00-05:00,14.544566750601813,14.589067832204982,14.46298025544277,14.551983833312988,1162300,0.0,0.0
2010-11-29 00:00:00-05:00,14.477815015470066,14.522316098900898,14.373977267912878,14.500064849853516,2345000,0.0,0.0
2010-11-30 00:00:00-05:00,14.38140333184929,14.500073904881711,14.359153483571223,14.37398624420166,7045200,0.0,0.0
2010-12-01 00:00:00-05:00,14.5371553549572,14.611324796420822,14.203393575703114,14.210810661315918,3920200,0.0,0.0
2010-12-02 00:00:00-05:00,14.218227619373778,14.329481073238917,14.158892349668076,14.233061790466309,3420300,0.0,0.0
2010-12-03 00:00:00-05:00,14.181146949959697,14.255314993580965,14.106977491673675,14.203396797180176,3282200,0.0,0.0
2010-12-06 00:00:00-05:00,14.151473639487369,14.203391817686434,14.092138376593546,14.158890724182129,3592900,0.0,0.0
2010-12-07 00:00:00-05:00,14.240476850540853,14.26272668935056,13.980884552001953,13.980884552001953,4748800,0.0,0.0
2010-12-08 00:00:00-05:00,14.032802333925913,14.077303424957384,13.773210042691346,13.802878379821777,4500800,0.0,0.0
2010-12-09 00:00:00-05:00,13.83254690995857,14.01796979458178,13.758377473176418,13.906716346740723,2738700,0.0,0.0
2010-12-10 00:00:00-05:00,14.025386304934388,14.040220474615749,13.817712173388186,13.86963176727295,3143700,0.0,0.0
2010-12-13 00:00:00-05:00,14.025388205303583,14.233062364988585,13.86963364653819,13.899300575256348,3460800,0.0,0.0
2010-12-14 00:00:00-05:00,13.884465243194361,13.973468851239456,13.817712890826627,13.854798316955566,2397700,0.0,0.0
2010-12-15 00:00:00-05:00,13.832542690888523,13.936380436577675,13.72128927698092,13.728706359863281,1942000,0.0,0.0
2010-12-16 00:00:00-05:00,13.713882340061073,13.780634720723931,13.572960490365594,13.580377578735352,3028500,0.0,0.0
2010-12-17 00:00:00-05:00,13.595209155141063,13.87705138595955,13.513622613343616,13.847384452819824,3597900,0.0,0.0
2010-12-20 00:00:00-05:00,13.884464522290026,13.958633956032548,13.74354415430995,13.86963176727295,1987300,0.0,0.0
2010-12-21 00:00:00-05:00,13.921548392202217,13.936382560227395,13.802877877329035,13.862213134765625,2913900,0.0,0.0
2010-12-22 00:00:00-05:00,13.862211258286386,14.203388588696761,13.839960009260691,14.166304588317871,2125100,0.0,0.0
2010-12-23 00:00:00-05:00,14.166309435214341,14.262728717986949,14.040221810256673,14.233061790466309,1934600,0.0,0.0
2010-12-27 00:00:00-05:00,14.166308252973655,14.247893357845099,14.09213881836519,14.218226432800293,1030800,0.0,0.0
2010-12-28 00:00:00-05:00,14.218227592571788,14.307231204294775,14.121808309980935,14.262728691101074,1122600,0.0,0.0
2010-12-29 00:00:00-05:00,14.262729125692529,14.551989811607816,14.188559682774134,14.507487297058105,2369200,0.0,0.0
2010-12-30 00:00:00-05:00,14.485232098485861,14.618735348778356,14.42589684902344,14.500064849853516,1644500,0.0,0.0
2010-12-31 00:00:00-05:00,14.455568419723814,14.566821871445761,14.292396784842586,14.492653846740723,1976400,0.0,0.0
2011-01-03 00:00:00-05:00,14.6261523781323,14.841243540809389,14.514898962631431,14.707738876342773,2327200,0.0,0.0
2011-01-04 00:00:00-05:00,14.722576500929726,14.752243425189441,14.566820550907364,14.71515941619873,1908600,0.0,0.0
2011-01-05 00:00:00-05:00,14.633574406795397,14.670659834271982,14.514903868199143,14.566822052001953,2526500,0.0,0.0
2011-01-06 00:00:00-05:00,14.566816839142243,14.566816839142243,14.396228177789789,14.477814674377441,2216100,0.0,0.0
2011-01-07 00:00:00-05:00,14.485236350567154,14.566821458361995,14.366565816807068,14.559404373168945,3203900,0.0,0.0
2011-01-10 00:00:00-05:00,15.197259748887083,15.241760845954257,14.50748637835623,14.66324234008789,4278800,0.0,0.0
2011-01-11 00:00:00-05:00,14.685488376994469,15.056334057369723,14.6706556249241,14.967331886291504,3707200,0.0,0.0
2011-01-12 00:00:00-05:00,15.071168965993072,15.078586049725368,14.863496280145055,14.922831535339355,3210900,0.0,0.0
2011-01-13 00:00:00-05:00,14.945087860523818,15.063758422435164,14.900586753473236,15.004423141479492,2640700,0.0,0.0
2011-01-14 00:00:00-05:00,15.01183795928955,15.034089216783755,14.930251429808608,15.01183795928955,2143900,0.0,0.0
2011-01-18 00:00:00-05:00,14.989582913250173,15.034085416990788,14.915414903010713,14.98216724395752,1358100,0.0,0.0
2011-01-19 00:00:00-05:00,14.997008806953708,14.997008806953708,14.715166524353437,14.87092113494873,2847900,0.0,0.0
2011-01-20 00:00:00-05:00,14.878331495062875,15.2565943400218,14.870914410103174,15.175007820129395,3615000,0.0,0.0
2011-01-21 00:00:00-05:00,15.308513307240233,15.404934002010002,15.212094027134844,15.286263465881348,3350200,0.0,0.0
2011-01-24 00:00:00-05:00,15.315927720501323,15.375262978213776,15.115670695222743,15.360428810119629,2717200,0.0,0.0
2011-01-25 00:00:00-05:00,15.338180121794302,15.582938255028711,15.301094698780458,15.46426773071289,3134000,0.0,0.0
2011-01-26 00:00:00-05:00,15.501352834744841,15.901866943618458,15.479102994028088,15.627440452575684,3976900,0.0,0.0
2011-01-27 00:00:00-05:00,15.560688151301852,16.042787368799576,15.560688151301852,15.968619346618652,4466800,0.0,0.0
2011-01-28 00:00:00-05:00,15.998291646612758,16.09471237130001,15.508775179528502,15.568110466003418,4421300,0.0,0.0
2011-01-31 00:00:00-05:00,15.634858647026704,15.723862260201713,15.308513951604255,15.390100479125977,3428500,0.0,0.0
2011-02-01 00:00:00-05:00,15.471683839931972,15.694190705330541,15.442015503391284,15.49393367767334,2736300,0.0,0.0
2011-02-02 00:00:00-05:00,15.47168760268475,15.686777436258527,15.382683986080933,15.397518157958984,2541100,0.0,0.0
2011-02-03 00:00:00-05:00,15.427182503475828,15.842530758516366,15.330763231744717,15.783195495605469,2487000,0.0,0.0
2011-02-04 00:00:00-05:00,15.76094896807192,15.76094896807192,15.301099481609834,15.375268936157227,1966600,0.0,0.0
2011-02-07 00:00:00-05:00,15.315924098217302,15.768356215437636,15.271423019123699,15.701603889465332,1828700,0.0,0.0
2011-02-08 00:00:00-05:00,15.664530270182476,15.664530270182476,15.31593424479548,15.382686614990234,2151500,0.0,0.0
2011-02-09 00:00:00-05:00,15.404933848406326,15.464269115879018,15.24176080185815,15.338181495666504,1911700,0.0,0.0
2011-02-10 00:00:00-05:00,15.271426478911517,15.486516255479673,15.271426478911517,15.471683502197266,1686700,0.0,0.0
2011-02-11 00:00:00-05:00,15.397522582247392,15.605196804219267,15.28626909052367,15.501358985900879,2306400,0.0,0.0
2011-02-14 00:00:00-05:00,15.464268044089156,15.508769137943323,15.249176830242858,15.301095008850098,2112200,0.0,0.0
2011-02-15 00:00:00-05:00,15.315930143782507,15.516187200745689,15.26401196190265,15.486518859863281,1985100,0.0,0.0
2011-02-16 00:00:00-05:00,15.508771617715386,15.620025077471789,15.30109745541614,15.397518157958984,1366000,0.0,0.0
2011-02-17 00:00:00-05:00,15.367847402915466,15.516186269091932,15.323346308928233,15.4568510055542,1763000,0.0,0.0
2011-02-18 00:00:00-05:00,15.456849671661628,15.62002127864297,15.404931497379572,15.49393367767334,2485100,0.0,0.0
2011-02-22 00:00:00-05:00,15.226922107218845,15.353009678254974,14.759655820282214,14.81157398223877,5522500,0.0,0.0
2011-02-23 00:00:00-05:00,14.833830432076134,15.026670397452841,14.648407551675183,14.685491561889648,3785400,0.0,0.0
2011-02-24 00:00:00-05:00,14.715161827683973,14.737413085523439,14.255312401653132,14.314647674560547,4950200,0.0,0.0
2011-02-25 00:00:00-05:00,14.373977267912878,14.611319680426497,14.366561599561019,14.500064849853516,2309000,0.0,0.0
2011-02-28 00:00:00-05:00,14.559401884599685,14.870912336141004,14.500066627861536,14.826411247253418,3864700,0.0,0.0
2011-03-01 00:00:00-05:00,14.848660328446552,14.974747907416607,14.46298050869534,14.477814674377441,2273600,0.0,0.0
2011-03-02 00:00:00-05:00,14.485230828022928,14.566815904713176,14.322057845314808,14.359143257141113,2571200,0.0,0.0
2011-03-03 00:00:00-05:00,14.485243156808846,14.655831952411196,14.314652946541479,14.411073684692383,2130000,0.0,0.0
2011-03-04 00:00:00-05:00,14.433321530717873,14.537159343119855,14.240482910538802,14.37398624420166,2526600,0.0,0.0
2011-03-07 00:00:00-05:00,14.3739873161967,14.559410277221588,14.188564355171811,14.255316734313965,2035100,0.0,0.0
2011-03-08 00:00:00-05:00,14.210805685557204,14.56681718233173,14.158887519110579,14.500064849853516,2130500,0.0,0.0
2011-03-09 00:00:00-05:00,14.485237123197418,14.700326946611153,14.425901853152482,14.670660018920898,1836700,0.0,0.0
2011-03-10 00:00:00-05:00,14.500071444204652,14.559406720651605,14.292398683972605,14.307232856750488,2428100,0.0,0.0
2011-03-11 00:00:00-05:00,14.255316921129868,14.752250519775476,14.233067070900848,14.678082466125488,2566200,0.0,0.0
2011-03-14 00:00:00-04:00,14.329477206466525,15.234341593633681,14.329477206466525,14.959915161132812,7252600,0.0,0.0
2011-03-15 00:00:00-04:00,14.618740596356732,15.026671820673796,14.603907839664677,14.930251121520996,4605100,0.0,0.0
2011-03-16 00:00:00-04:00,14.878328638064021,15.375261917626348,14.81899338444452,14.989582061767578,8145100,0.0,0.0
2011-03-17 00:00:00-04:00,15.219511753093684,15.32334812291083,15.02667177010153,15.20467758178711,3347300,0.0,0.0
2011-03-18 00:00:00-04:00,15.33817956628027,15.40493191062333,15.160173786253504,15.367846488952637,3700700,0.0,0.0
2011-03-21 00:00:00-04:00,15.5013504234262,15.57551984849471,15.427180998357686,15.471683502197266,2332700,0.0,0.0
2011-03-22 00:00:00-04:00,15.538442869519958,15.686780372068636,15.353019930335543,15.649696350097656,3931000,0.0,0.0
2011-03-23 00:00:00-04:00,15.575519062583384,15.7164408216365,15.412347467397282,15.634854316711426,2320700,0.0,0.0
2011-03-24 00:00:00-04:00,15.671943303751814,15.73127857674859,15.442019297722362,15.679360389709473,1991200,0.0,0.0
2011-03-25 00:00:00-04:00,15.679355454539717,15.946364806314692,15.649688534711416,15.820277214050293,2377100,0.0,0.0
2011-03-28 00:00:00-04:00,15.81286241972879,15.901866021427264,15.746110072120997,15.783195495605469,2002900,0.0,0.0
2011-03-29 00:00:00-04:00,15.798028127544882,16.072454600539963,15.709025941202434,16.020536422729492,2052000,0.0,0.0
2011-03-30 00:00:00-04:00,16.10212475096596,16.28013198864832,15.857366567483375,16.198545455932617,3228100,0.0,0.0
2011-03-31 00:00:00-04:00,16.18371362302305,16.18371362302305,15.938955404160879,15.976040840148926,2161500,0.0,0.0
2011-04-01 00:00:00-04:00,16.087291252681798,16.168876366976598,15.864782923155932,16.0576229095459,1762800,0.0,0.0
2011-04-04 00:00:00-04:00,16.057612054598078,16.094697458448216,15.731267574034394,15.857355117797852,1655800,0.0,0.0
2011-04-05 00:00:00-04:00,15.820287272559177,15.857371299588523,15.612613043065974,15.664532661437988,2223900,0.0,0.0
2011-04-06 00:00:00-04:00,15.760947069732737,15.924118718351924,15.731278725621335,15.812865257263184,2034100,0.0,0.0
2011-04-07 00:00:00-04:00,15.81286501211864,16.220796249339273,15.805447926205774,16.16887664794922,2750100,0.0,0.0
2011-04-08 00:00:00-04:00,16.235630615126503,16.28754880699612,15.872201857374545,15.96120548248291,2321700,0.0,0.0
2011-04-11 00:00:00-04:00,15.946375029172131,16.00571032153129,15.820287356075799,15.924123764038086,2738300,0.0,0.0
2011-04-12 00:00:00-04:00,15.909289069862856,15.916704742675325,15.76095014964732,15.827702522277832,3578200,0.0,0.0
2011-04-13 00:00:00-04:00,15.820280795360116,16.065038951672857,15.798029539453731,15.80544662475586,2434100,0.0,0.0
2011-04-14 00:00:00-04:00,15.709031951971319,15.946373092584347,15.679363602062296,15.827702522277832,1871300,0.0,0.0
2011-04-15 00:00:00-04:00,15.872194941510003,16.11695303558074,15.842528022510164,16.065034866333008,2683500,0.0,0.0
2011-04-18 00:00:00-04:00,15.916700236177807,16.035372187549502,15.642275150541298,15.93895149230957,2507200,0.0,0.0
2011-04-19 00:00:00-04:00,15.916698071708806,16.376547399914244,15.849947141719563,16.228208541870117,2751700,0.0,0.0
2011-04-20 00:00:00-04:00,16.42846231927512,16.747389810585204,16.339460153822582,16.65838623046875,4266800,0.0,0.0
2011-04-21 00:00:00-04:00,16.69548002979408,16.9550724029541,16.613893491601452,16.9550724029541,1943400,0.0,0.0
2011-04-25 00:00:00-04:00,16.910573891559636,16.91799097994111,16.613897429625514,16.74740219116211,2346900,0.0,0.0
2011-04-26 00:00:00-04:00,16.836398214619095,17.36299851930775,16.814146959548637,17.30366325378418,5400000,0.0,0.0
2011-04-27 00:00:00-04:00,17.3481660992272,17.74868024291072,17.259163899296055,17.726428985595703,4015800,0.0,0.0
2011-04-28 00:00:00-04:00,17.66709168793031,17.756095292318502,17.44458479895627,17.74867820739746,2754100,0.0,0.0
2011-04-29 00:00:00-04:00,17.71159585510039,17.97860529991696,17.578092547356654,17.948938369750977,2129700,0.0,0.0
2011-05-02 00:00:00-04:00,18.00827128824839,18.023104044058147,17.756096048845855,17.88960075378418,2199500,0.0,0.0
2011-05-03 00:00:00-04:00,17.874769958378707,18.03052453377303,17.59292632481094,17.67451286315918,2958300,0.0,0.0
2011-05-04 00:00:00-04:00,17.689353492265468,17.934111781971513,17.511347591994266,17.659685134887695,3078800,0.0,0.0
2011-05-05 00:00:00-04:00,17.414922081163258,17.95635672320668,17.392672233881733,17.592927932739258,3677700,0.0,0.0
2011-05-06 00:00:00-04:00,17.785763101112604,18.075023768749368,17.748679089328995,17.86734962463379,2371700,0.0,0.0
2011-05-09 00:00:00-04:00,17.83026737833744,18.11210957392721,17.756097932761865,18.07502555847168,2280900,0.0,0.0
2011-05-10 00:00:00-04:00,18.164028170305752,18.646127455402347,18.141776911732848,18.505207061767578,3840700,0.0,0.0
2011-05-11 00:00:00-04:00,18.49037627848455,18.579378499760292,18.379122794557475,18.44587516784668,3137300,0.0,0.0
2011-05-12 00:00:00-04:00,18.431041295624954,18.445875470969618,18.22336708479416,18.371706008911133,1946100,0.0,0.0
2011-05-13 00:00:00-04:00,18.34945287236013,18.423622326845692,18.060193555997582,18.186281204223633,1534300,0.0,0.0
2011-05-16 00:00:00-04:00,18.186276959450534,18.46070203793077,18.119524607460345,18.31236457824707,1996100,0.0,0.0
2011-05-17 00:00:00-04:00,18.282695176183935,18.490369305282652,18.193692988473245,18.275278091430664,1748200,0.0,0.0
2011-05-18 00:00:00-04:00,18.282693472855893,18.431032324772573,18.22335821502205,18.379114151000977,1572800,0.0,0.0
2011-05-19 00:00:00-04:00,18.379111968012676,18.497782469585214,18.327192385743718,18.482948303222656,2675300,0.0,0.0
2011-05-20 00:00:00-04:00,18.45328541084981,18.942803142484912,18.356866130395016,18.74254608154297,2976500,0.0,0.0
2011-05-23 00:00:00-04:00,18.54228723063335,18.623873747140692,18.245610917876064,18.319780349731445,2959600,0.0,0.0
2011-05-24 00:00:00-04:00,18.37170012532862,18.52745467257232,18.20852707812356,18.238195419311523,3448300,0.0,0.0
2011-05-25 00:00:00-04:00,18.186275655324607,18.423616705530435,18.075022214873655,18.319780349731445,2030400,0.0,0.0
2011-05-26 00:00:00-04:00,18.290110208925654,18.371696717393956,18.156605527673566,18.327194213867188,2026300,0.0,0.0
2011-05-27 00:00:00-04:00,18.349448869437648,18.423618307743187,18.22336124871754,18.238195419311523,1501500,0.0,0.0
2011-05-31 00:00:00-04:00,18.438452044593014,18.51262006648946,18.201110979329968,18.364282608032227,3090700,0.0,0.0
2011-06-01 00:00:00-04:00,18.334618697698332,18.431039412924594,18.03052520751953,18.03052520751953,3049000,0.0,0.0
2011-06-02 00:00:00-04:00,18.104695328184345,18.104695328184345,17.793184739628472,17.822853088378906,2700500,0.0,0.0
2011-06-03 00:00:00-04:00,17.615174938763648,17.87476727342568,17.503921485241182,17.719011306762695,2281000,0.0,0.0
2011-06-06 00:00:00-04:00,17.726431186268922,18.037941754029767,17.64484606198095,17.65226173400879,3142500,0.0,0.0
2011-06-07 00:00:00-04:00,17.726428985595703,18.023105343140276,17.696762057173476,17.726428985595703,2143600,0.0,0.0
2011-06-08 00:00:00-04:00,17.74868343358714,17.993441649394594,17.689348151411533,17.904438018798828,2040800,0.0,0.0
2011-06-09 00:00:00-04:00,17.897019055132866,18.030523779695745,17.80801684853399,17.87476921081543,1890800,0.0,0.0
2011-06-10 00:00:00-04:00,17.867343246381562,17.919261410210712,17.607751012571956,17.64483642578125,2158500,0.0,0.0
2011-06-13 00:00:00-04:00,17.65225450872721,17.674505759696935,17.4297476576862,17.526166915893555,2288900,0.0,0.0
2011-06-14 00:00:00-04:00,17.652260578284668,17.7486812843094,17.452004909357427,17.607759475708008,2053800,0.0,0.0
2011-06-15 00:00:00-04:00,17.51874933555007,17.630002748932476,17.02923177027246,17.10340118408203,3704900,0.0,0.0
2011-06-16 00:00:00-04:00,17.147908377190664,17.303662915647266,16.866064810463065,17.036653518676758,3670700,0.0,0.0
2011-06-17 00:00:00-04:00,17.177582038036277,17.489092651769155,17.095995487043307,17.288835525512695,5025400,0.0,0.0
2011-06-20 00:00:00-04:00,17.207242969254914,17.541003287763488,17.207242969254914,17.422332763671875,2567800,0.0,0.0
2011-06-21 00:00:00-04:00,17.54100973619602,17.719015587772017,17.51875988891449,17.592927932739258,2494800,0.0,0.0
2011-06-22 00:00:00-04:00,17.46684432650285,17.637434544970812,17.340756642243097,17.3555908203125,2080000,0.0,0.0
2011-06-23 00:00:00-04:00,17.14049759495402,17.251751079712065,16.962491736408182,17.22949981689453,2752800,0.0,0.0
2011-06-24 00:00:00-04:00,17.22207877184441,17.37783474644651,16.888318394264736,16.910568237304688,2707900,0.0,0.0
2011-06-27 00:00:00-04:00,16.91056127404271,17.11823534977673,16.91056127404271,17.10340118408203,2125700,0.0,0.0
2011-06-28 00:00:00-04:00,17.437166546082864,17.830263532582364,17.385248369777386,17.733842849731445,3791000,0.0,0.0
2011-06-29 00:00:00-04:00,17.919263457113264,18.052768130589122,17.800592950615613,18.015684127807617,3150400,0.0,0.0
2011-06-30 00:00:00-04:00,18.082435085038764,18.275275012138383,17.986015828820967,18.23077392578125,2285500,0.0,0.0
2011-07-01 00:00:00-04:00,18.171436961125924,18.46069611720242,18.067600631183367,18.393943786621094,1965800,0.0,0.0
2011-07-05 00:00:00-04:00,18.40136806672605,18.40136806672605,17.963769912719727,17.963769912719727,2703800,0.0,0.0
2011-07-06 00:00:00-04:00,17.91184835969986,17.926682528322896,17.748676748839042,17.808012008666992,2020500,0.0,0.0
2011-07-07 00:00:00-04:00,17.971187591552734,18.000855935356153,17.704179570644445,17.971187591552734,3481100,0.0,0.0
2011-07-08 00:00:00-04:00,17.808016561135062,17.971188213709326,17.696763097349674,17.948938369750977,2866600,0.0,0.0
2011-07-11 00:00:00-04:00,17.72642448777761,17.7486757394467,17.288826440934223,17.348161697387695,2407100,0.0,0.0
2011-07-12 00:00:00-04:00,17.32591364234271,17.733843395582642,17.251744210481565,17.58550453186035,3002800,0.0,0.0
2011-07-13 00:00:00-04:00,17.681932700205014,18.112113889443858,17.615180324748568,17.79318618774414,3565700,0.0,0.0
2011-07-14 00:00:00-04:00,17.7931801864022,18.245612486416963,17.763513259908187,17.86734962463379,3327400,0.0,0.0
2011-07-15 00:00:00-04:00,17.941514809775168,18.141770406465586,17.83026138613293,18.023099899291992,3011200,0.0,0.0
2011-07-18 00:00:00-04:00,17.926680801677822,18.015684390179274,17.845094296773492,17.94151496887207,2490300,0.0,0.0
2011-07-19 00:00:00-04:00,18.075026987564648,18.393953223825697,18.05277572773334,18.386537551879883,2164000,0.0,0.0
2011-07-20 00:00:00-04:00,18.39394876837102,18.534870550505445,18.186276052240583,18.223360061645508,1681400,0.0,0.0
2011-07-21 00:00:00-04:00,18.356868167277298,18.52003981948497,18.178862342687687,18.505207061767578,1939100,0.0,0.0
2011-07-22 00:00:00-04:00,18.549704892154562,18.557121977037184,18.304946749685143,18.35686492919922,1715800,0.0,0.0
2011-07-25 00:00:00-04:00,18.4607021962326,19.03180502830618,18.4607021962326,18.84638214111328,2718700,0.0,0.0
2011-07-26 00:00:00-04:00,18.78704746094652,18.78704746094652,18.62387582439636,18.668376922607422,2027000,0.0,0.0
2011-07-27 00:00:00-04:00,18.601627810747907,18.668380177033523,18.423621972207812,18.631296157836914,3584700,0.0,0.0
2011-07-28 00:00:00-04:00,18.623874048210475,18.70545915137246,18.416199918591033,18.431034088134766,1876200,0.0,0.0
2011-07-29 00:00:00-04:00,18.260450658709196,18.431039413760715,18.12694592356812,18.186281204223633,1942300,0.0,0.0
2011-08-01 00:00:00-04:00,18.364290477268245,18.401374504107253,17.971193285316026,18.126949310302734,1866200,0.0,0.0
2011-08-02 00:00:00-04:00,18.00827306576963,18.149193455190314,17.555840724301902,17.570674896240234,3090500,0.0,0.0
2011-08-03 00:00:00-04:00,17.570669295859204,17.63742163364093,17.170155269168845,17.548418045043945,4389100,0.0,0.0
2011-08-04 00:00:00-04:00,17.503920693474175,18.060189350588832,16.421050305332173,16.435884475708008,5822900,0.0,0.0
2011-08-05 00:00:00-04:00,16.673225543063968,17.081156740413327,15.790613625667039,16.435884475708008,7367400,0.0,0.0
2011-08-08 00:00:00-04:00,16.05762334020276,16.71031276005273,15.063756453126516,15.093424797058105,7984500,0.0,0.0
2011-08-09 00:00:00-04:00,15.308520142677027,15.976043974788535,14.819003608905263,15.931541442871094,6607000,0.0,0.0
2011-08-10 00:00:00-04:00,15.52360542324512,15.946369409141154,15.1156741942126,15.590357780456543,5836600,0.0,0.0
2011-08-11 00:00:00-04:00,15.627444610499303,16.86606986298206,15.590360589661712,16.65097999572754,4260200,0.0,0.0
2011-08-12 00:00:00-04:00,16.81414959494313,17.066324866609513,16.443303773629577,16.517473220825195,2872300,0.0,0.0
2011-08-15 00:00:00-04:00,16.636139720329282,17.036652374215752,16.561970291190548,16.96248435974121,3288400,0.0,0.0
2011-08-16 00:00:00-04:00,16.7177336864459,16.910572307642262,16.48780821215093,16.643564224243164,4190900,0.0,0.0
2011-08-17 00:00:00-04:00,16.777059161860116,17.088569589204912,16.413629151071184,16.51004981994629,2586200,0.0,0.0
2011-08-18 00:00:00-04:00,16.154049510017824,16.213384803296194,15.634864632833331,16.161466598510742,4254800,0.0,0.0
2011-08-19 00:00:00-04:00,15.924107430064593,16.287535899814905,15.827688209381247,15.857355117797852,2987900,0.0,0.0
2011-08-22 00:00:00-04:00,16.19112319755715,16.265292620453977,15.575519392442416,15.71644115447998,2972500,0.0,0.0
2011-08-23 00:00:00-04:00,16.04278478369583,16.176289465571752,15.798026671811341,16.10953712463379,4035300,0.0,0.0
2011-08-24 00:00:00-04:00,16.05762930414011,16.569397109718857,16.04279512666478,16.54714584350586,2316100,0.0,0.0
2011-08-25 00:00:00-04:00,16.60647530242393,16.665810576806948,15.96862145647262,16.01312255859375,2488100,0.0,0.0
2011-08-26 00:00:00-04:00,15.94637377417375,16.361720787999563,15.634863160138181,16.25046730041504,2375400,0.0,0.0
2011-08-29 00:00:00-04:00,16.38396888033846,16.828984159210677,16.38396888033846,16.791898727416992,2168500,0.0,0.0
2011-08-30 00:00:00-04:00,16.732562169314065,16.895735227376292,16.569390525916305,16.7696475982666,2176700,0.0,0.0
2011-08-31 00:00:00-04:00,16.940236743200668,17.474254201242807,16.851233126194728,17.385251998901367,3389200,0.0,0.0
2011-09-01 00:00:00-04:00,17.348160701183012,17.681922383732843,17.348160701183012,17.46683120727539,2758800,0.0,0.0
2011-09-02 00:00:00-04:00,17.125663588023116,17.303669448318075,16.940240640049424,17.177581787109375,1933100,0.0,0.0
2011-09-06 00:00:00-04:00,16.68806131891824,16.917985323206167,16.524889673079144,16.910568237304688,2636200,0.0,0.0
2011-09-07 00:00:00-04:00,17.184989108971994,17.518750791521825,17.140488022853358,17.46683120727539,2343200,0.0,0.0
2011-09-08 00:00:00-04:00,17.429749006217925,17.845095820472896,17.36299666280821,17.45941734313965,2227800,0.0,0.0
2011-09-09 00:00:00-04:00,17.288830074104556,17.392667855717253,16.784479580931002,16.843814849853516,3181100,0.0,0.0
2011-09-12 00:00:00-04:00,16.70289941126272,17.02924277954095,16.62131286186075,17.0144100189209,1972800,0.0,0.0
2011-09-13 00:00:00-04:00,17.133076151632263,17.214661265225672,16.851232552922085,17.192411422729492,2071200,0.0,0.0
2011-09-14 00:00:00-04:00,17.21465804086298,17.422332158137454,16.873480649623684,17.199825286865234,2993100,0.0,0.0
2011-09-15 00:00:00-04:00,17.318491862858775,17.711587340230253,17.24432245110405,17.64483642578125,2736900,0.0,0.0
2011-09-16 00:00:00-04:00,17.70417962239794,17.88960252771786,17.33333381175811,17.385251998901367,4309600,0.0,0.0
2011-09-19 00:00:00-04:00,17.0589047733124,17.11824003767648,16.866064810463065,17.036653518676758,3018300,0.0,0.0
2011-09-20 00:00:00-04:00,17.147902499150444,17.518748127971776,16.814140867345724,17.05889892578125,2778100,0.0,0.0
2011-09-21 00:00:00-04:00,17.058901600851204,17.133071021179013,16.569385407217293,16.591636657714844,4712800,0.0,0.0
2011-09-22 00:00:00-04:00,16.146625672096878,16.22821078208575,15.894450427408968,16.094707489013672,4878600,0.0,0.0
2011-09-23 00:00:00-04:00,15.968617240635792,16.539718575298032,15.95378307229024,16.139205932617188,3628200,0.0,0.0
2011-09-26 00:00:00-04:00,16.250465984705652,16.406221986445168,15.89445428739352,16.257883071899414,2450300,0.0,0.0
2011-09-27 00:00:00-04:00,16.599056563725103,16.628724905295158,16.03537222053795,16.094707489013672,3685200,0.0,0.0
2011-09-28 00:00:00-04:00,16.17629586788029,16.294966428812476,15.716447797934254,15.746114730834961,3859200,0.0,0.0
2011-09-29 00:00:00-04:00,16.013119314886016,16.15404109349897,15.812862273909326,16.050203323364258,2843900,0.0,0.0
2011-09-30 00:00:00-04:00,15.849946535492228,16.027952309538314,15.64227242510639,15.731274604797363,2856800,0.0,0.0
2011-10-03 00:00:00-04:00,15.57552655454175,15.67936294554598,14.759665356847092,14.781916618347168,3661600,0.0,0.0
2011-10-04 00:00:00-04:00,14.477820009011122,14.544572364512875,13.832547710715653,14.514904022216797,5400000,0.0,0.0
2011-10-05 00:00:00-04:00,14.522322739707375,15.24176314525985,14.411069272924047,15.212096214294434,5305700,0.0,0.0
2011-10-06 00:00:00-04:00,15.115677196419718,15.65711324741265,14.974756782908374,15.44943904876709,3024300,0.0,0.0
2011-10-07 00:00:00-04:00,15.516185462096843,15.516185462096843,14.945082696083988,15.130505561828613,3148500,0.0,0.0
2011-10-10 00:00:00-04:00,15.375263160838882,15.516184930078856,15.30851081828648,15.49393367767334,1863600,0.0,0.0
2011-10-11 00:00:00-04:00,15.330766978683144,15.605193520882823,15.264014614760645,15.412353515625,2575700,0.0,0.0
2011-10-12 00:00:00-04:00,15.575527553645884,15.746116325428163,15.345603495388689,15.568110466003418,4147200,0.0,0.0
2011-10-13 00:00:00-04:00,15.456852758039066,15.538439285152762,15.182426248897638,15.508770942687988,2477900,0.0,0.0
2011-10-14 00:00:00-04:00,15.70161164758245,15.760946920579228,15.553272757758258,15.679360389709473,1505100,0.0,0.0
2011-10-17 00:00:00-04:00,15.597778781399978,15.69419809120498,15.18243036234737,15.219515800476074,2066400,0.0,0.0
2011-10-18 00:00:00-04:00,15.264009927471701,15.65710690378437,15.086004149895444,15.597771644592285,2876400,0.0,0.0
2011-10-19 00:00:00-04:00,15.582937272631257,15.8796135647174,15.419765665649916,15.49393367767334,2788900,0.0,0.0
2011-10-20 00:00:00-04:00,15.493938316128386,15.568107765020233,15.167595004467573,15.516189575195312,2390500,0.0,0.0
2011-10-21 00:00:00-04:00,15.694195012416351,16.042789574452197,15.63485973771526,15.894452095031738,2043800,0.0,0.0
2011-10-24 00:00:00-04:00,15.887040325618663,16.072463297946303,15.731284293237643,15.931541442871094,2257700,0.0,0.0
2011-10-25 00:00:00-04:00,15.872201232278691,15.872201232278691,15.486521229772743,15.516189575195312,1699000,0.0,0.0
2011-10-26 00:00:00-04:00,15.723859554780235,15.775777730755852,15.271427310425528,15.434598922729492,2337000,0.0,0.0
2011-10-27 00:00:00-04:00,15.79803356853936,16.435888920555477,15.768366634429048,16.257883071899414,3638700,0.0,0.0
2011-10-28 00:00:00-04:00,16.235622199581805,16.25787344799138,15.998281208535257,16.10211753845215,2878800,0.0,0.0
2011-10-31 00:00:00-04:00,15.894445777375426,16.06503444750314,15.709022940802523,15.887028694152832,1975800,0.0,0.0
2011-11-01 00:00:00-04:00,15.397519130488178,15.59035913308942,15.14534385129152,15.212096214294434,2520500,0.0,0.0
2011-11-02 00:00:00-04:00,15.40493087751522,15.65710606930744,15.390096709841773,15.575519561767578,2356700,0.0,0.0
2011-11-03 00:00:00-04:00,15.642272751110093,16.658389242633277,15.36042920866506,16.08728790283203,3774400,0.0,0.0
2011-11-04 00:00:00-04:00,15.94637130918741,16.057624779574397,15.805449492209426,15.96120548248291,3326000,0.0,0.0
2011-11-07 00:00:00-05:00,15.909286566030504,16.391385858860158,15.842534203905599,16.287548065185547,3328500,0.0,0.0
2011-11-08 00:00:00-05:00,16.36171591345741,16.769647132621426,16.27271371577159,16.739978790283203,2384100,0.0,0.0
2011-11-09 00:00:00-05:00,16.250465458082573,16.34688617381206,15.990873073372386,16.035375595092773,2704100,0.0,0.0
2011-11-10 00:00:00-05:00,16.339463965218666,16.41363198217515,15.916698629379798,16.050203323364258,2535800,0.0,0.0
2011-11-11 00:00:00-05:00,16.30238550031016,16.369137875793843,16.1466309006248,16.25046730041504,1573500,0.0,0.0
2011-11-14 00:00:00-05:00,16.26529782838771,16.346884361163557,15.961204370341676,16.01312255859375,1690900,0.0,0.0
2011-11-15 00:00:00-05:00,15.968617857025194,16.050202956746613,15.842530250549316,15.842530250549316,2017000,0.0,0.0
2011-11-16 00:00:00-05:00,15.716443186936207,15.783195534709382,15.442016711128238,15.47910213470459,2783000,0.0,0.0
2011-11-17 00:00:00-05:00,15.46427315959821,15.620027746942817,15.189846591612579,15.382686614990234,2452500,0.0,0.0
2011-11-18 00:00:00-05:00,15.47169112109201,15.582944606148494,15.219515800476076,15.219515800476074,3235400,0.0,0.0
2011-11-21 00:00:00-05:00,15.048923908823582,15.086007924598444,14.796748640493853,14.952503204345703,3165400,0.0,0.0
2011-11-22 00:00:00-05:00,14.967337783826094,14.967337783826094,14.670661405560201,14.729996681213379,1714000,0.0,0.0
2011-11-23 00:00:00-05:00,14.589070864845091,14.60390503335103,13.91413175913082,13.921548843383789,3887700,0.0,0.0
2011-11-25 00:00:00-05:00,13.95121984935573,14.099558748506645,13.877050399780273,13.877050399780273,1996800,0.0,0.0
2011-11-28 00:00:00-05:00,14.247892460777056,14.433315328291577,13.936383401430302,14.099555015563965,2168400,0.0,0.0
2011-11-29 00:00:00-05:00,14.195974284219263,14.218225537600121,13.988301577988093,14.099555015563965,2216900,0.0,0.0
2011-11-30 00:00:00-05:00,14.462985201184573,14.611324076806056,14.29981356973243,14.596489906311035,3915300,0.0,0.0
2011-12-01 00:00:00-05:00,14.603911170589551,14.722581739179567,14.537158798924573,14.58907699584961,2719500,0.0,0.0
2011-12-02 00:00:00-05:00,14.70032604743414,14.70032604743414,14.336897363805749,14.366565704345703,2961200,0.0,0.0
2011-12-05 00:00:00-05:00,14.544576430767485,14.618744477914133,14.329485132980707,14.37398624420166,2841300,0.0,0.0
2011-12-06 00:00:00-05:00,14.373981374816351,14.440733726366906,14.344314448940736,14.366565704345703,2945000,0.0,0.0
2011-12-07 00:00:00-05:00,14.255313589425295,14.603909584633287,14.195978311573983,14.485239028930664,2900900,0.0,0.0
2011-12-08 00:00:00-05:00,14.181141190249717,14.336895716191952,13.773210042691346,13.802878379821777,3208000,0.0,0.0
2011-12-09 00:00:00-05:00,13.825132803769023,14.077308094366925,13.825132803769023,14.040224075317383,3103000,0.0,0.0
2011-12-12 00:00:00-05:00,13.90671582217046,13.936384161629949,13.46911771779302,13.56553840637207,2997300,0.0,0.0
2011-12-13 00:00:00-05:00,13.624877666914543,13.995723530944538,13.595209318753085,13.639710426330566,3283200,0.0,0.0
2011-12-14 00:00:00-05:00,13.55070761300279,13.639709824228905,13.32819925560822,13.35045051574707,2350300,0.0,0.0
2011-12-15 00:00:00-05:00,13.558125167559066,13.676795729731884,13.483955712534883,13.506205558776855,2050500,0.0,0.0
2011-12-16 00:00:00-05:00,13.580377578735352,13.736133605170345,13.365287674672214,13.580377578735352,4341200,0.0,0.0
2011-12-19 00:00:00-05:00,13.521039152476572,13.647126796207388,12.957353299013196,13.031522750854492,3025600,0.0,0.0
2011-12-20 00:00:00-05:00,13.261441283880208,13.854795238107375,13.246608531389162,13.810294151306152,3500900,0.0,0.0
2011-12-21 00:00:00-05:00,13.81771051767161,13.906714110430578,13.587786573818445,13.825127601623535,2834200,0.0,0.0
2011-12-22 00:00:00-05:00,13.788050482407673,13.906721055575396,13.669379909239948,13.83996868133545,2176600,0.0,0.0
2011-12-23 00:00:00-05:00,13.877052644965298,13.914138083085417,13.69904678598317,13.773216247558594,1265000,0.0,0.0
2011-12-27 00:00:00-05:00,13.706461616009712,13.884467445672419,13.706461616009712,13.780631065368652,1464500,0.0,0.0
2011-12-28 00:00:00-05:00,13.788047286827856,13.788047286827856,13.469119664856388,13.476536750793457,1352300,0.0,0.0
2011-12-29 00:00:00-05:00,13.558127538907348,13.565544627173502,13.402371514648,13.535876274108887,1861600,0.0,0.0
2011-12-30 00:00:00-05:00,13.565534984523293,13.587784818841193,13.372695070672533,13.439447402954102,1598800,0.0,0.0
2012-01-03 00:00:00-05:00,13.676794413590637,13.69162717143634,13.268863157545889,13.328198432922363,2276800,0.0,0.0
2012-01-04 00:00:00-05:00,13.283695070442581,13.372698675699674,13.23177689015274,13.335613250732422,1847000,0.0,0.0
2012-01-05 00:00:00-05:00,13.320779879910424,13.432034746822476,13.150191158819725,13.387532234191895,2152900,0.0,0.0
2012-01-06 00:00:00-05:00,13.357864514039909,13.446866704688173,13.10568928276264,13.120523452758789,1338000,0.0,0.0
2012-01-09 00:00:00-05:00,13.113106072663145,13.127940242325465,12.91284902621467,13.009269714355469,2229700,0.0,0.0
2012-01-10 00:00:00-05:00,13.187276056906244,13.350447686011668,13.031520098277317,13.076021194458008,2459500,0.0,0.0
2012-01-11 00:00:00-05:00,13.024098278118768,13.053766607895957,12.838675461002813,13.04634952545166,2332700,0.0,0.0
2012-01-12 00:00:00-05:00,13.127940790443878,13.231777153086934,12.912849565352584,13.076021194458008,2176500,0.0,0.0
2012-01-13 00:00:00-05:00,12.935100571799875,13.17985871807907,12.912849316805652,13.120523452758789,2699600,0.0,0.0
2012-01-17 00:00:00-05:00,13.276276570273787,13.305944907085115,12.749676323850199,12.786760330200195,2959600,0.0,0.0
2012-01-18 00:00:00-05:00,12.838678504955855,12.92026501652284,12.69775814909454,12.786760330200195,3143400,0.0,0.0
2012-01-19 00:00:00-05:00,12.801594536645991,12.823845789320606,12.104404180813889,12.178573608398438,3997200,0.0,0.0
2012-01-20 00:00:00-05:00,12.208244142095982,12.245329574191011,11.911567758658668,11.978320121765137,5103500,0.0,0.0
2012-01-23 00:00:00-05:00,12.03023432858882,12.757092995663916,12.03023432858882,12.334327697753906,6858100,0.0,0.0
2012-01-24 00:00:00-05:00,12.25274635050212,12.319498711919136,12.045072180019787,12.23791217803955,4459800,0.0,0.0
2012-01-25 00:00:00-05:00,12.193412350064282,12.898018639724116,12.163744002037495,12.853517532348633,4008100,0.0,0.0
2012-01-26 00:00:00-05:00,12.883181065450707,12.905430903490506,12.549419348212021,12.668089866638184,2389800,0.0,0.0
2012-01-27 00:00:00-05:00,12.601338148599185,12.608755233201954,12.297244753206865,12.371414184570312,2928300,0.0,0.0
2012-01-30 00:00:00-05:00,12.297246112196984,12.519753016212714,12.223076672636942,12.460417747497559,4476500,0.0,0.0
2012-01-31 00:00:00-05:00,12.549423710716466,12.68292844402164,12.42333606422432,12.519755363464355,4984400,0.0,0.0
2012-02-01 00:00:00-05:00,12.542006788115915,12.60134206873235,12.386252206997023,12.4678373336792,2037800,0.0,0.0
2012-02-02 00:00:00-05:00,12.482667798006045,12.549420145695724,12.304662009054987,12.504919052124023,2402700,0.0,0.0
2012-02-03 00:00:00-05:00,12.60134521106953,12.831269303960207,12.512342975283152,12.801602363586426,1697200,0.0,0.0
2012-02-06 00:00:00-05:00,12.742258258084078,12.757092425347034,12.497500156901522,12.571669578552246,1408500,0.0,0.0
2012-02-07 00:00:00-05:00,12.571674844100995,12.727429421606471,12.401084678454739,12.697762489318848,2316000,0.0,0.0
2012-02-08 00:00:00-05:00,12.682928315842714,12.779347614108296,12.593924689650551,12.697762489318848,2165000,0.0,0.0
2012-02-09 00:00:00-05:00,12.69034111934215,12.742259294320576,12.490084088998941,12.668089866638184,1424300,0.0,0.0
2012-02-10 00:00:00-05:00,12.571670053727107,12.86092925296769,12.386247199923842,12.846095085144043,2161500,0.0,0.0
2012-02-13 00:00:00-05:00,12.949931994234275,13.105687933833718,12.608754607425102,12.668089866638184,1937700,0.0,0.0
2012-02-14 00:00:00-05:00,12.58650442689459,12.682925115494488,12.356580454690995,12.64583969116211,2171000,0.0,0.0
2012-02-15 00:00:00-05:00,12.653258274612806,12.75709606037717,12.542004817767982,12.556838989257812,1993200,0.0,0.0
2012-02-16 00:00:00-05:00,12.601336271686584,12.905429621785562,12.40849634472996,12.860928535461426,2435700,0.0,0.0
2012-02-17 00:00:00-05:00,12.935104565679234,13.016689696519878,12.83868384559745,12.979605674743652,3604100,0.0,0.0
2012-02-21 00:00:00-05:00,13.06118673656997,13.261442350615836,12.979600225318297,13.17985725402832,2258300,0.0,0.0
2012-02-22 00:00:00-05:00,13.202109331328689,13.216943502193306,12.972185341584705,13.01668643951416,1408200,0.0,0.0
2012-02-23 00:00:00-05:00,13.009271512764272,13.172443157613884,12.905433725437721,13.157608985900879,1372900,0.0,0.0
2012-02-24 00:00:00-05:00,13.165026378043331,13.343032198747274,13.098274018446288,13.239195823669434,1387200,0.0,0.0
2012-02-27 00:00:00-05:00,13.187269938198167,13.194687019897584,13.01667988843895,13.053765296936035,1984100,0.0,0.0
2012-02-28 00:00:00-05:00,12.972185341584705,13.09827296460516,12.608756643387956,13.01668643951416,4885800,0.0,0.0
2012-02-29 00:00:00-05:00,12.957347370468774,12.957347370468774,12.438164274457577,12.68292236328125,7202200,0.0,0.0
2012-03-01 00:00:00-05:00,12.764512916031345,12.905434728933674,12.682927794594912,12.757097244262695,4323400,0.0,0.0
2012-03-02 00:00:00-05:00,12.809013599949196,12.979602319485844,12.757095417017554,12.823847770690918,6891000,0.0,0.0
2012-03-05 00:00:00-05:00,12.801598710943226,12.838682729495636,12.616175788851926,12.749680519104004,2778400,0.0,0.0
2012-03-06 00:00:00-05:00,12.608756179347816,12.720009627409194,12.363998027747051,12.401082038879395,2438600,0.0,0.0
2012-03-07 00:00:00-05:00,12.430750194978723,12.445584365077181,12.27499423827356,12.326913833618164,3211000,0.0,0.0
2012-03-08 00:00:00-05:00,12.438164253672898,12.50491658820999,12.31207666784328,12.378829002380371,2428000,0.0,0.0
2012-03-09 00:00:00-05:00,12.467836903630843,12.51233942355667,12.341749259836924,12.408501625061035,2364300,0.0,0.0
2012-03-12 00:00:00-04:00,12.415920674575334,12.482673050352474,12.178579522774324,12.2230806350708,2105100,0.0,0.0
2012-03-13 00:00:00-04:00,12.260161664845011,12.408499124038732,12.200826398234655,12.401082038879395,3433300,0.0,0.0
2012-03-14 00:00:00-04:00,12.408501587534516,12.534589230947114,12.267581185522799,12.312082290649414,2963200,0.0,0.0
2012-03-15 00:00:00-04:00,12.304661573897677,12.334328497008213,12.067320530356557,12.171156883239746,2500800,0.0,0.0
2012-03-16 00:00:00-04:00,12.111822895515889,12.438167572021484,12.08957163984584,12.438167572021484,4881300,0.0,0.0
2012-03-19 00:00:00-04:00,12.408497926780866,12.445583348999296,12.156322714352374,12.171156883239746,2294200,0.0,0.0
2012-03-20 00:00:00-04:00,12.141495498304737,12.252748986378354,11.978322395442904,12.2230806350708,4235500,0.0,0.0
2012-03-21 00:00:00-04:00,12.245326021446662,12.601337578281575,12.178573677707094,12.549419403076172,5313000,0.0,0.0
2012-03-22 00:00:00-04:00,12.45300082624263,12.475250665611295,12.20824127587327,12.349163055419922,3020900,0.0,0.0
2012-03-23 00:00:00-04:00,12.319500133203233,12.527172912979946,12.274997610681327,12.393668174743652,2260300,0.0,0.0
2012-03-26 00:00:00-04:00,12.512336239887379,12.579087173462591,12.119239235217572,12.297245025634766,2787700,0.0,0.0
2012-03-27 00:00:00-04:00,12.334331469717156,12.393666744902887,12.111824541436803,12.23791217803955,2188800,0.0,0.0
2012-03-28 00:00:00-04:00,12.24532471855513,12.282408721280664,11.911563035369232,11.948648452758789,2041800,0.0,0.0
2012-03-29 00:00:00-04:00,11.896730252261591,11.926397171432367,11.518466776520043,11.674221992492676,4795400,0.0,0.0
2012-03-30 00:00:00-04:00,11.755809601870611,11.755809601870611,11.592637287087895,11.622304916381836,3221300,0.0,0.0
2012-04-02 00:00:00-04:00,11.614890849454666,11.637141400372183,11.444302113533256,11.570389747619629,2452100,0.0,0.0
2012-04-03 00:00:00-04:00,11.540722398963256,11.614891139652173,11.310797675963371,11.496220588684082,2765100,0.0,0.0
2012-04-04 00:00:00-04:00,11.55555667486063,11.70389487397757,11.466553755390468,11.533306121826172,3978700,0.0,0.0
2012-04-05 00:00:00-04:00,11.481386594413866,11.533305491767738,11.192127298771,11.258879661560059,2183400,0.0,0.0
2012-04-09 00:00:00-04:00,11.125371016861362,11.169872812154903,10.97703287810295,11.021533966064453,2585000,0.0,0.0
2012-04-10 00:00:00-04:00,11.006701062105176,11.080869781566658,10.784193489056577,10.843528747558594,2727400,0.0,0.0
2012-04-11 00:00:00-04:00,10.969618863910783,11.028954136017667,10.821280683643572,10.865781784057617,3656300,0.0,0.0
2012-04-12 00:00:00-04:00,10.858363586443826,11.028952288339367,10.784194155069692,10.93253231048584,4237100,0.0,0.0
2012-04-13 00:00:00-04:00,10.880614194069254,11.006701803714588,10.747109499778402,10.813861846923828,3227800,0.0,0.0
2012-04-16 00:00:00-04:00,10.873197691114799,10.947367126873637,10.598771910538549,10.635856628417969,4113300,0.0,0.0
2012-04-17 00:00:00-04:00,10.939950575811812,11.31079635804272,10.828697124075417,11.147624015808105,5352300,0.0,0.0
2012-04-18 00:00:00-04:00,11.132793213581706,11.251463779090175,11.014122648073238,11.10312557220459,5188900,0.0,0.0
2012-04-19 00:00:00-04:00,11.066039017284243,11.199543735113512,10.939951385408214,11.169876098632812,4052100,0.0,0.0
2012-04-20 00:00:00-04:00,11.199542283796065,11.451716807537284,11.169874651159912,11.414632797241211,3564700,0.0,0.0
2012-04-23 00:00:00-04:00,11.303377477432006,11.451715625298814,11.251459302511643,11.384963989257812,2905900,0.0,0.0
2012-04-24 00:00:00-04:00,11.384963690628366,11.896731171510213,11.377546606596557,11.792893409729004,4625500,0.0,0.0
2012-04-25 00:00:00-04:00,11.896736881540766,12.21566315999762,11.807733245104448,12.134078025817871,5003300,0.0,0.0
2012-04-26 00:00:00-04:00,12.134070913965699,12.401078837450083,12.052484412939481,12.378829002380371,4725100,0.0,0.0
2012-04-27 00:00:00-04:00,12.39366295479431,12.519750552838183,12.163739010595759,12.334327697753906,3034200,0.0,0.0
2012-04-30 00:00:00-04:00,12.274991524247419,12.631004454573594,12.237907521864948,12.608753204345703,3010900,0.0,0.0
2012-05-01 00:00:00-04:00,12.55683610736322,12.653255370589218,12.482666681600996,12.586503028869629,3911100,0.0,0.0
2012-05-02 00:00:00-04:00,12.549421093045066,12.549421093045066,12.274994596864042,12.319497108459473,3449800,0.0,0.0
2012-05-03 00:00:00-04:00,11.889317169529225,12.230494635450652,11.57038954680689,12.022820472717285,5639800,0.0,0.0
2012-05-04 00:00:00-04:00,11.970900199905468,11.985734369229842,11.244042878982134,11.473967552185059,8025800,0.0,0.0
2012-05-07 00:00:00-04:00,11.466550455870616,11.666806790221292,11.37013047735654,11.488801002502441,3961400,0.0,0.0
2012-05-08 00:00:00-04:00,11.407213747937897,11.436881375465314,11.088286221519152,11.244041442871094,4925000,0.0,0.0
2012-05-09 00:00:00-04:00,11.125370631110984,11.540718112565214,10.984449581009665,11.436881065368652,4319900,0.0,0.0
2012-05-10 00:00:00-04:00,11.637142629957546,12.074741559787366,11.614892076689026,11.963486671447754,6104900,0.0,0.0
2012-05-11 00:00:00-04:00,11.90414708293211,12.208240461098983,11.867063076683138,12.082154273986816,4138900,0.0,0.0
2012-05-14 00:00:00-04:00,11.956070800539703,12.082158445853015,11.87448426102384,11.918985366821289,3952100,0.0,0.0
2012-05-15 00:00:00-04:00,11.8744819251271,11.978318289783124,11.585221965016354,11.659391403198242,2952400,0.0,0.0
2012-05-16 00:00:00-04:00,11.696475982666016,11.904148709499031,11.696475982666016,11.696475982666016,3610200,0.0,0.0
2012-05-17 00:00:00-04:00,11.703892782348365,11.852230954955454,11.496219340698442,11.585222244262695,4130300,0.0,0.0
2012-05-18 00:00:00-04:00,11.614891652509785,11.689061103805946,11.362716366901608,11.451719284057617,3055300,0.0,0.0
2012-05-21 00:00:00-04:00,11.488803132373839,11.711310761938423,11.392383135984778,11.68906021118164,2699200,0.0,0.0
2012-05-22 00:00:00-04:00,11.674224576113772,11.867064544725277,11.622306395076892,11.748394012451172,3116800,0.0,0.0
2012-05-23 00:00:00-04:00,11.651972545675779,11.740975433557603,11.32562862344242,11.622304916381836,3521300,0.0,0.0
2012-05-24 00:00:00-04:00,11.659392485641824,11.740978309350481,11.525887767452884,11.637141227722168,2194500,0.0,0.0
2012-05-25 00:00:00-04:00,11.666808296769588,11.792895922851978,11.562971927524478,11.600056648254395,1999800,0.0,0.0
2012-05-29 00:00:00-04:00,11.681641951719936,11.770644853138892,11.570388501779286,11.659391403198242,1492100,0.0,0.0
2012-05-30 00:00:00-04:00,11.54813960073731,11.600058500984426,11.281130842033972,11.362716674804688,2153100,0.0,0.0
2012-05-31 00:00:00-04:00,11.399801401457678,11.473970854763659,11.155043195813205,11.362716674804688,2633500,0.0,0.0
2012-06-01 00:00:00-04:00,11.184707251514753,11.214374881863648,10.99186730058089,11.006701469421387,2770000,0.0,0.0
2012-06-04 00:00:00-04:00,11.0437870193663,11.236626277551347,10.86578051647926,11.229209899902344,3730400,0.0,0.0
2012-06-05 00:00:00-04:00,11.169874143005863,11.570387519039341,11.169874143005863,11.488801002502441,2397100,0.0,0.0
2012-06-06 00:00:00-04:00,11.577807157267442,11.933819540308654,11.540723138213675,11.918985366821289,3415600,0.0,0.0
2012-06-07 00:00:00-04:00,12.022818848281071,12.089571198188255,11.674224343504676,11.733559608459473,2602200,0.0,0.0
2012-06-08 00:00:00-04:00,11.703893235639015,11.874482671243229,11.60747324287702,11.815147399902344,3157000,0.0,0.0
2012-06-11 00:00:00-04:00,11.941234244902795,12.074738950327017,11.30337905883789,11.30337905883789,4430600,0.0,0.0
2012-06-12 00:00:00-04:00,11.325631719592796,11.370132822033181,11.080872826841594,11.347882270812988,4145000,0.0,0.0
2012-06-13 00:00:00-04:00,11.318213443447066,11.318213443447066,11.08087166183339,11.147624015808105,3944400,0.0,0.0
2012-06-14 00:00:00-04:00,11.177291150289205,11.310795852268836,10.99928535253781,11.19212532043457,5443900,0.0,0.0
2012-06-15 00:00:00-04:00,11.236625606644624,11.236625606644624,10.895447498535786,11.140206336975098,4136900,0.0,0.0
2012-06-18 00:00:00-04:00,11.058619399680495,11.288544060268427,11.021534685736366,11.281126976013184,3473500,0.0,0.0
2012-06-19 00:00:00-04:00,11.318212979291454,11.770644560419525,11.318212979291454,11.748394012451172,3586000,0.0,0.0
2012-06-20 00:00:00-04:00,11.77064780620605,11.85223364280896,11.644560154062773,11.726146697998047,4410700,0.0,0.0
2012-06-21 00:00:00-04:00,11.755810609238205,11.785478241074395,11.288544877319081,11.318212509155273,3020500,0.0,0.0
2012-06-22 00:00:00-04:00,11.392382620741678,11.666808425438054,11.258878614906717,11.577805519104004,3489600,0.0,0.0
2012-06-25 00:00:00-04:00,11.488803502415507,11.58522350191015,11.318214762231946,11.496220588684082,2635700,0.0,0.0
2012-06-26 00:00:00-04:00,11.503636784158408,11.644557875687598,11.370132070991222,11.577805519104004,3272200,0.0,0.0
2012-06-27 00:00:00-04:00,11.651970907861092,12.334326285709077,11.614886199623315,12.274991035461426,4243600,0.0,0.0
2012-06-28 00:00:00-04:00,12.171160225149455,12.504922043437304,12.089573688531404,12.482670783996582,4828900,0.0,0.0
2012-06-29 00:00:00-04:00,12.72742598146475,12.97218411900583,12.616172539794123,12.875764846801758,5424900,0.0,0.0
2012-07-02 00:00:00-04:00,12.935107131931021,12.964774072304804,12.727432890654423,12.801602363586426,2792300,0.0,0.0
2012-07-03 00:00:00-04:00,12.823848763524461,13.127942213951016,12.809014591634265,13.105690956115723,2141100,0.0,0.0
2012-07-05 00:00:00-04:00,13.02410025152214,13.076018421835004,12.80159340313443,12.838677406311035,2858200,0.0,0.0
2012-07-06 00:00:00-04:00,12.675510016808651,13.001854728748514,12.556839469678614,12.712594032287598,3192200,0.0,0.0
2012-07-09 00:00:00-04:00,12.668088836433354,12.76450809431446,12.497500156901522,12.571669578552246,2382700,0.0,0.0
2012-07-10 00:00:00-04:00,12.682927874969291,12.682927874969291,12.356583143161684,12.482670783996582,2200100,0.0,0.0
2012-07-11 00:00:00-04:00,12.467831192821425,12.734840531415973,12.438164274457577,12.68292236328125,2358000,0.0,0.0
2012-07-12 00:00:00-04:00,12.593924498101245,12.838682698076193,12.527172133138565,12.77934741973877,2516900,0.0,0.0
2012-07-13 00:00:00-04:00,12.838674171644003,13.127934699266518,12.80900725951002,13.053765296936035,2380700,0.0,0.0
2012-07-16 00:00:00-04:00,13.09085483470446,13.09085483470446,12.831262523943101,12.949933052062988,2361800,0.0,0.0
2012-07-17 00:00:00-04:00,13.016689102945769,13.120526905580641,12.920269801925553,12.972187995910645,2890900,0.0,0.0
2012-07-18 00:00:00-04:00,12.957351707904506,13.335614592647852,12.905433522390323,13.298530578613281,2899600,0.0,0.0
2012-07-19 00:00:00-04:00,13.291114946097885,13.454286606221109,13.165027304063928,13.424619674682617,3568900,0.0,0.0
2012-07-20 00:00:00-04:00,13.328196965348853,13.610040553351602,13.2911129528211,13.387532234191895,2248600,0.0,0.0
2012-07-23 00:00:00-04:00,14.833826162764453,14.922829742193155,14.255306433137633,14.477814674377441,22075200,0.0,0.0
2012-07-24 00:00:00-04:00,14.455567915465702,14.455567915465702,13.765794558321067,13.906716346740723,11366900,0.0,0.0
2012-07-25 00:00:00-04:00,13.980889808340097,14.210813855357374,13.914137437485929,14.106977462768555,5615100,0.0,0.0
2012-07-26 00:00:00-04:00,14.284978028459236,14.5964885056405,14.077303905450318,14.537153244018555,5721200,0.0,0.0
2012-07-27 00:00:00-04:00,14.58907349210995,14.737412374554506,14.403650596386472,14.670660018920898,4791400,0.0,0.0
2012-07-30 00:00:00-04:00,14.678111881858932,14.819676399230957,14.633405951091278,14.819676399230957,3877000,0.09,0.0
2012-07-31 00:00:00-04:00,14.76006991607802,14.871831900761475,14.685561452578806,14.767520904541016,4179600,0.0,0.0
2012-08-01 00:00:00-04:00,14.774968066288963,14.909082981625655,14.61850161248307,14.715361595153809,4216000,0.0,0.0
2012-08-02 00:00:00-04:00,14.56634585131757,14.670658249848332,14.029887568948368,14.22360897064209,6949600,0.0,0.0
2012-08-03 00:00:00-04:00,14.439681265110154,14.60360013210987,14.29066579281,14.462034225463867,3618900,0.0,0.0
2012-08-06 00:00:00-04:00,14.529096729739313,14.707916211261935,14.44713726778402,14.59615421295166,2366800,0.0,0.0
2012-08-07 00:00:00-04:00,14.611052509759013,14.89418292887253,14.536544055951069,14.558897018432617,4155700,0.0,0.0
2012-08-08 00:00:00-04:00,14.760068505053571,15.125158378054262,14.655757518804974,15.080453872680664,5796100,0.0,0.0
2012-08-09 00:00:00-04:00,15.028298008920894,15.691420269942322,15.013396033787014,15.557305335998535,8100400,0.0,0.0
2012-08-10 00:00:00-04:00,15.512598322010147,15.564753805410147,15.251819483879812,15.542402267456055,3442000,0.0,0.0
2012-08-13 00:00:00-04:00,15.52005661595441,15.557310144172192,15.274179634776418,15.400843620300293,2003600,0.0,0.0
2012-08-14 00:00:00-04:00,15.430642541770885,15.579659461975098,15.303980007067182,15.579659461975098,2643200,0.0,0.0
2012-08-15 00:00:00-04:00,15.534952304859448,15.616910317976112,15.371033436365261,15.549854278564453,2453600,0.0,0.0
2012-08-16 00:00:00-04:00,15.61691685887669,15.713778307397686,15.512605841513487,15.639269828796387,3184900,0.0,0.0
2012-08-17 00:00:00-04:00,15.646719732397406,16.257686656471975,15.572211258969327,16.04906463623047,5669800,0.0,0.0
2012-08-20 00:00:00-04:00,16.05650732043942,16.607868934736175,15.937294382518584,16.58551597595215,6723400,0.0,0.0
2012-08-21 00:00:00-04:00,16.58551256511531,17.077266188191423,16.16081638347049,16.280029296875,7496800,0.0,0.0
2012-08-22 00:00:00-04:00,16.20553266973938,16.31729467978723,15.959655679181681,16.00436019897461,5016400,0.0,0.0
2012-08-23 00:00:00-04:00,16.019254082769404,16.034156055545587,15.639262303758766,15.803179740905762,4758300,0.0,0.0
2012-08-24 00:00:00-04:00,15.780828475952148,15.832983960440977,15.669066520457461,15.780828475952148,3077800,0.0,0.0
2012-08-27 00:00:00-04:00,15.825535982446633,15.892593452717518,15.65416752336799,15.795733451843262,2741700,0.0,0.0
2012-08-28 00:00:00-04:00,15.751028199275598,15.877692157312234,15.71377467914217,15.76593017578125,2841000,0.0,0.0
2012-08-29 00:00:00-04:00,15.773380488042754,15.84788894624714,15.743576536308744,15.795733451843262,3040500,0.0,0.0
2012-08-30 00:00:00-04:00,15.683966800956975,15.840434672846223,15.639262303758766,15.803179740905762,3288400,0.0,0.0
2012-08-31 00:00:00-04:00,15.870243345148145,15.937300827487633,15.773383326841603,15.900047302246094,2622600,0.0,0.0
2012-09-04 00:00:00-04:00,15.870238946866873,16.093764299760934,15.706321491648962,16.041608810424805,3347100,0.0,0.0
2012-09-05 00:00:00-04:00,16.026704692326916,16.041606664752717,15.832983314182458,15.914942741394043,3612500,0.0,0.0
2012-09-06 00:00:00-04:00,15.982001227696085,16.66002538439782,15.929844320839457,16.637672424316406,8270200,0.0,0.0
2012-09-07 00:00:00-04:00,16.592968402265495,16.607870376081475,15.914944226073276,16.22787857055664,5547000,0.0,0.0
2012-09-10 00:00:00-04:00,16.473759104275572,16.60787405607587,16.339644152475273,16.361995697021484,3654000,0.0,0.0
2012-09-11 00:00:00-04:00,16.361998971610475,16.65258189904351,16.235336404150463,16.622777938842773,5326800,0.0,0.0
2012-09-12 00:00:00-04:00,16.62277909311661,16.69728757766123,16.42905760175305,16.645132064819336,5117300,0.0,0.0
2012-09-13 00:00:00-04:00,16.66748041046357,16.66748041046357,15.959652135444095,16.242782592773438,8500000,0.0,0.0
2012-09-14 00:00:00-04:00,16.242779430969566,16.578066742529085,16.22042789095258,16.466304779052734,4018400,0.0,0.0
2012-09-17 00:00:00-04:00,16.43650334712776,16.51101180789535,16.175724445006544,16.220430374145508,3400100,0.0,0.0
2012-09-18 00:00:00-04:00,15.952198309603649,16.1608216870921,15.929845348080798,15.982002258300781,3770300,0.0,0.0
2012-09-19 00:00:00-04:00,16.019255773041703,16.09376422365404,15.877689858991308,15.982002258300781,4486000,0.0,0.0
2012-09-20 00:00:00-04:00,15.952204689027683,16.11612220902246,15.847893669133828,16.00436019897461,4048600,0.0,0.0
2012-09-21 00:00:00-04:00,16.06396420364354,16.324743133998933,16.04161265778477,16.30984115600586,8862300,0.0,0.0
2012-09-24 00:00:00-04:00,16.25022467441474,16.496101475610313,16.220422157882226,16.406692504882812,3681600,0.0,0.0
2012-09-25 00:00:00-04:00,16.436496215266327,16.511004643704414,16.145914907600876,16.183168411254883,4991300,0.0,0.0
2012-09-26 00:00:00-04:00,16.212986516147513,16.242789060882785,15.83299447813648,15.944756507873535,3841200,0.0,0.0
2012-09-27 00:00:00-04:00,15.959657757588612,16.3023948225204,15.95220676646428,16.07887077331543,4463500,0.0,0.0
2012-09-28 00:00:00-04:00,16.041611189995432,16.17572471626932,15.69887283316916,15.937298774719238,5451800,0.0,0.0
2012-10-01 00:00:00-04:00,15.914944603306035,16.332189932130362,15.914944603306035,16.11611557006836,3679700,0.0,0.0
2012-10-02 00:00:00-04:00,16.227882448998585,16.32474245969098,16.10866947223989,16.28748893737793,3598500,0.0,0.0
2012-10-03 00:00:00-04:00,16.33963714577279,16.78668631969491,16.317284189681132,16.525907516479492,5534700,0.0,0.0
2012-10-04 00:00:00-04:00,16.585520337458195,16.891003748854814,16.518462864602284,16.853750228881836,2906900,0.0,0.0
2012-10-05 00:00:00-04:00,16.90590191889294,17.077270345993735,16.697278559076512,16.958057403564453,2737900,0.0,0.0
2012-10-08 00:00:00-04:00,16.876097401108794,17.09962272644043,16.801588959331582,17.09962272644043,2955200,0.0,0.0
2012-10-09 00:00:00-04:00,17.0474734057668,17.509424813374736,17.0474734057668,17.203941345214844,4599600,0.0,0.0
2012-10-10 00:00:00-04:00,17.21884046367715,17.28589793785235,17.04002100625353,17.151782989501953,2719600,0.0,0.0
2012-10-11 00:00:00-04:00,17.2635407532541,17.718040984658437,17.21138526856122,17.621179580688477,4204700,0.0,0.0
2012-10-12 00:00:00-04:00,17.673339385038176,17.69569235014015,17.12943002439998,17.151782989501953,2870300,0.0,0.0
2012-10-15 00:00:00-04:00,17.226292665858924,17.36040620252863,16.98786528469642,17.338054656982422,3190600,0.0,0.0
2012-10-16 00:00:00-04:00,17.278451701408482,17.412566686643213,16.98041919040414,17.30825424194336,3970000,0.0,0.0
2012-10-17 00:00:00-04:00,17.442362994379646,17.50942046303491,17.263543551675813,17.4647159576416,3040300,0.0,0.0
2012-10-18 00:00:00-04:00,17.36785719142097,17.673340630352918,17.315701690305392,17.338054656982422,5100000,0.0,0.0
2012-10-19 00:00:00-04:00,17.285894472187604,17.420007972518743,17.248639537820257,17.345500946044922,2934700,0.0,0.0
2012-10-22 00:00:00-04:00,17.35295541202755,17.509421904349203,17.06237255022478,17.151782989501953,4644800,0.0,0.0
2012-10-23 00:00:00-04:00,16.883544486039284,16.943150941461447,16.220422491826504,16.689823150634766,6480700,0.0,0.0
2012-10-24 00:00:00-04:00,16.80159310514686,17.04747002889089,16.645126617823692,16.77924156188965,4016000,0.0,0.0
2012-10-25 00:00:00-04:00,16.87609823285965,16.958057664967047,16.436499967951534,16.578065872192383,3352700,0.0,0.0
2012-10-26 00:00:00-04:00,16.77923897167848,16.831394459401626,16.250230265207026,16.347091674804688,6331900,0.0,0.0
2012-10-31 00:00:00-04:00,16.511693702553764,16.63887944011563,16.070284462014634,16.130136489868164,4119900,0.09,0.0
2012-11-01 00:00:00-04:00,16.002942339012527,16.317165676791845,15.965535376389528,16.12264633178711,5284600,0.0,0.0
2012-11-02 00:00:00-04:00,16.115160931920112,16.249826810526518,15.845826320739903,15.868269920349121,3472700,0.0,0.0
2012-11-05 00:00:00-05:00,16.130121607178808,16.189973579809052,15.681231098960172,15.71115779876709,3385100,0.0,0.0
2012-11-06 00:00:00-05:00,15.838350483683987,16.33212983487995,15.808423770528243,15.928129196166992,3905300,0.0,0.0
2012-11-07 00:00:00-05:00,15.793459358915882,15.815902963271343,15.38945735670957,15.554051399230957,6315300,0.0,0.0
2012-11-08 00:00:00-05:00,15.583977477832654,15.756051779284935,15.42686653137207,15.42686653137207,2875600,0.0,0.0
2012-11-09 00:00:00-05:00,15.381981691435348,15.733613518264113,15.284722704919991,15.359538078308105,6263700,0.0,0.0
2012-11-12 00:00:00-05:00,15.217381366836639,15.711160585360698,14.985455110132028,15.120121002197266,4458800,0.0,0.0
2012-11-13 00:00:00-05:00,15.015386479586159,15.105165204367546,14.678719472370899,14.716126441955566,7952900,0.0,0.0
2012-11-14 00:00:00-05:00,14.603899548431794,14.768492161014196,14.469232216780751,14.529084205627441,5848100,0.0,0.0
2012-11-15 00:00:00-05:00,14.57397490307911,14.708642253788772,14.327085235772786,14.656271934509277,3112900,0.0,0.0
2012-11-16 00:00:00-05:00,14.686199055804021,14.88071842815045,14.424347426668785,14.798422813415527,4193600,0.0,0.0
2012-11-19 00:00:00-05:00,14.925609780361476,14.925609780361476,14.581459653046283,14.775979042053223,4525600,0.0,0.0
2012-11-20 00:00:00-05:00,14.701160681930308,14.835828033612607,14.49915965440686,14.8208646774292,4713400,0.0,0.0
2012-11-21 00:00:00-05:00,14.903157102899822,15.007897709840066,14.76848979284308,14.94804573059082,2459100,0.0,0.0
2012-11-23 00:00:00-05:00,14.933085070394995,15.022863768941386,14.753529100286213,14.925604820251465,1194000,0.0,0.0
2012-11-26 00:00:00-05:00,14.85078779108295,15.127602678475974,14.723602148312581,15.120121002197266,3037100,0.0,0.0
2012-11-27 00:00:00-05:00,15.060272359668856,15.56153336566293,14.91064308185496,15.464274406433105,6130000,0.0,0.0
2012-11-28 00:00:00-05:00,15.3595333829261,15.58397800749356,15.157532364624913,15.561532974243164,2497500,0.0,0.0
2012-11-29 00:00:00-05:00,15.681235654411996,15.815902988697259,15.501679684359646,15.726125717163086,3239700,0.0,0.0
2012-11-30 00:00:00-05:00,15.763538998927865,15.98050344163562,15.636353290750632,15.78598403930664,4807400,0.0,0.0
2012-12-03 00:00:00-05:00,15.853315022727868,15.883240311131452,15.583980292173957,15.808424949645996,4665100,0.0,0.0
2012-12-04 00:00:00-05:00,15.800945187933982,15.973019525799304,15.763536792538666,15.87575912475586,2915500,0.0,0.0
2012-12-05 00:00:00-05:00,15.868272244617668,16.324644529967163,15.771013302436645,16.25731086730957,4394700,0.0,0.0
2012-12-06 00:00:00-05:00,16.257322182084,16.55658232051694,16.257322182084,16.399471282958984,4146100,0.0,0.0
2012-12-07 00:00:00-05:00,16.42190336295849,16.51168062011454,16.27227269838671,16.369531631469727,2862300,0.0,0.0
2012-12-10 00:00:00-05:00,16.347091144501707,16.803462047106972,16.249830765908552,16.59398078918457,4174800,0.0,0.0
2012-12-11 00:00:00-05:00,16.638876703035695,16.893248136315563,16.58650636565184,16.78850746154785,4346500,0.0,0.0
2012-12-12 00:00:00-05:00,16.80347455832913,17.02792076505379,16.579029778589575,16.893253326416016,4285100,0.0,0.0
2012-12-13 00:00:00-05:00,16.825911290207802,17.117689645042955,16.743614245722238,17.012948989868164,5647800,0.0,0.0
2012-12-14 00:00:00-05:00,17.035389918434426,17.611466236909187,17.020426563594654,17.20746421813965,21036400,0.0,0.0
2012-12-17 00:00:00-05:00,17.364580495462768,17.58154492631453,17.334655203577576,17.544137954711914,22932900,0.0,0.0
2012-12-18 00:00:00-05:00,17.581540802568707,17.761096792718543,17.289762496948242,17.289762496948242,9708800,0.0,0.0
2012-12-19 00:00:00-05:00,17.274799698962948,17.304724984795694,16.6613163560574,17.04287338256836,12900300,0.0,0.0
2012-12-20 00:00:00-05:00,17.117687353091952,17.364577026507273,17.05035510305524,17.3496150970459,4283000,0.0,0.0
2012-12-21 00:00:00-05:00,17.177535022372577,17.222425080395006,16.870793427471916,17.11020278930664,6840400,0.0,0.0
2012-12-24 00:00:00-05:00,17.087760317866238,17.11768560070967,16.855834024639407,17.027908325195312,1584600,0.0,0.0
2012-12-26 00:00:00-05:00,17.04287237811969,17.16257636836416,16.878278321295454,16.908205032348633,2730300,0.0,0.0
2012-12-27 00:00:00-05:00,16.900724697844346,17.19250301888258,16.81842766289131,17.15509605407715,3383400,0.0,0.0
2012-12-28 00:00:00-05:00,17.087765942745957,17.19250660765216,16.885764865868683,16.900728225708008,2227900,0.0,0.0
2012-12-31 00:00:00-05:00,16.855834976260528,17.22991030831881,16.743611235055727,17.199983596801758,3078800,0.0,0.0
2013-01-02 00:00:00-05:00,17.491766255806454,17.506729615291867,16.923172865205657,17.132654190063477,7480100,0.0,0.0
2013-01-03 00:00:00-05:00,17.087758743499386,17.274796381736476,16.93812806211614,17.177536010742188,5812000,0.0,0.0
2013-01-04 00:00:00-05:00,17.22991214949535,17.469320159278166,17.102726465925194,17.342134475708008,2875900,0.0,0.0
2013-01-07 00:00:00-05:00,17.289762652817345,17.342132972043487,16.93813092032611,16.96805763244629,4264200,0.0,0.0
2013-01-08 00:00:00-05:00,16.93812745560444,17.11768341064453,16.908202176589704,17.11768341064453,6008200,0.0,0.0
2013-01-09 00:00:00-05:00,17.162576688902366,17.207465329336376,16.997982629004074,17.05783462524414,3153500,0.0,0.0
2013-01-10 00:00:00-05:00,17.10272310703518,17.327167715380686,16.9530924168155,17.312204360961914,2782300,0.0,0.0
2013-01-11 00:00:00-05:00,17.67131675755807,17.813464335745223,17.476797441793405,17.626426696777344,3965500,0.0,0.0
2013-01-14 00:00:00-05:00,17.58153841145159,17.611465119231898,17.31968542630977,17.357093811035156,3481700,0.0,0.0
2013-01-15 00:00:00-05:00,17.229912037007495,17.753616698242244,17.229912037007495,17.521690368652344,4434100,0.0,0.0
2013-01-16 00:00:00-05:00,17.461842908124368,17.499249884018518,17.33465719230573,17.40199089050293,3215700,0.0,0.0
2013-01-17 00:00:00-05:00,17.52916606857374,17.77605567121631,17.476795763010742,17.716203689575195,3535100,0.0,0.0
2013-01-18 00:00:00-05:00,17.753617523528717,17.873321533203125,17.491764467246817,17.873321533203125,3279000,0.0,0.0
2013-01-22 00:00:00-05:00,17.82094804768897,18.15761640707215,17.72368909219166,17.895763397216797,4817600,0.0,0.0
2013-01-23 00:00:00-05:00,17.8658390045166,17.880802361760324,17.656357711041608,17.8658390045166,3558300,0.0,0.0
2013-01-24 00:00:00-05:00,17.850879758856486,18.015472432337738,17.671323725881166,17.708730697631836,3325300,0.0,0.0
2013-01-25 00:00:00-05:00,17.80598716169623,17.820950519073715,17.566579151593686,17.648876190185547,2862100,0.0,0.0
2013-01-28 00:00:00-05:00,17.633917702789955,17.67132610656479,17.357102649779627,17.641399383544922,3746800,0.0,0.0
2013-01-29 00:00:00-05:00,17.596505709050998,17.90324739762591,17.54413538568225,17.8658390045166,4177900,0.0,0.0
2013-01-30 00:00:00-05:00,17.760693120268805,17.985988187817394,17.715634679711886,17.918399810791016,2358600,0.09,0.0
2013-01-31 00:00:00-05:00,17.88085751799008,18.12868119497822,17.86583898634126,18.023544311523438,3513100,0.0,0.0
2013-02-01 00:00:00-05:00,18.203784934234793,18.203784934234793,17.97849113706275,18.061098098754883,2100200,0.0,0.0
2013-02-04 00:00:00-05:00,17.99350006825854,18.023539989117225,17.730657922656395,17.760696411132812,1686000,0.0,0.0
2013-02-05 00:00:00-05:00,17.805762492762344,17.895880861586804,17.715645556320766,17.81327247619629,1763300,0.0,0.0
2013-02-06 00:00:00-05:00,17.70061970862369,18.241326877160883,17.67058121725074,18.226306915283203,3544000,0.0,0.0
2013-02-07 00:00:00-05:00,18.248834602282354,18.29389448588217,18.068599365030106,18.14369773864746,4279900,0.0,0.0
2013-02-08 00:00:00-05:00,18.128676209198353,18.16622610894989,17.96346094743825,18.121166229248047,1400500,0.0,0.0
2013-02-11 00:00:00-05:00,18.053588097841285,18.166234987385693,17.978489694017373,18.113666534423828,1692800,0.0,0.0
2013-02-12 00:00:00-05:00,18.136188915900053,18.444090978244216,18.10615042396479,18.203777313232422,2572300,0.0,0.0
2013-02-13 00:00:00-05:00,18.18125352224414,18.286391860550783,18.06109664907905,18.113666534423828,2624000,0.0,0.0
2013-02-14 00:00:00-05:00,18.031055399570185,18.181250751949683,17.925918509666268,17.940937042236328,3499300,0.0,0.0
2013-02-15 00:00:00-05:00,18.023543565267932,18.09113196822829,17.895876741051982,17.978485107421875,2998200,0.0,0.0
2013-02-19 00:00:00-05:00,18.023547396212592,18.444096434390357,17.97848892878926,18.421567916870117,4430500,0.0,0.0
2013-02-20 00:00:00-05:00,18.399033287123935,18.399033287123935,18.038562774658203,18.038562774658203,5447600,0.0,0.0
2013-02-21 00:00:00-05:00,18.0235389909035,18.12867584332147,17.888362219290574,17.985990524291992,3000300,0.0,0.0
2013-02-22 00:00:00-05:00,18.016035890257598,18.098644267204307,17.93342751331089,18.04607582092285,2536200,0.0,0.0
2013-02-25 00:00:00-05:00,18.098638358881665,18.30140352753098,17.75318643091814,17.760696411132812,2502300,0.0,0.0
2013-02-26 00:00:00-05:00,17.805763280023097,18.031058495853962,17.595489464107153,17.89588165283203,3734400,0.0,0.0
2013-02-27 00:00:00-05:00,17.888367500005792,18.21128956476847,17.873347535974364,18.023544311523438,4475700,0.0,0.0
2013-02-28 00:00:00-05:00,18.07611275325083,18.248838042464435,17.910897446052935,18.023544311523438,6975300,0.0,0.0
2013-03-01 00:00:00-05:00,18.04607425757058,18.233819510815614,17.888367500005792,18.023544311523438,3604800,0.0,0.0
2013-03-04 00:00:00-05:00,18.02353935465849,18.121166229248047,17.970970927388557,18.121166229248047,3733700,0.0,0.0
2013-03-05 00:00:00-05:00,18.226308810670197,18.43658256929483,18.17374037101404,18.384014129638672,4709600,0.0,0.0
2013-03-06 00:00:00-05:00,18.444091455105017,18.571758271991083,18.3689930747516,18.46662139892578,5591100,0.0,0.0
2013-03-07 00:00:00-05:00,18.496658802393544,18.601797101649854,18.39903191635095,18.54922866821289,3426600,0.0,0.0
2013-03-08 00:00:00-05:00,18.57927509080571,18.729471906787943,18.316431379028298,18.684412002563477,3709600,0.0,0.0
2013-03-11 00:00:00-04:00,18.684408209681095,19.01484027833543,18.646859729499273,18.932231903076172,3373800,0.0,0.0
2013-03-12 00:00:00-04:00,18.947255717971057,19.059902613787816,18.79706033434304,19.022354125976562,3786600,0.0,0.0
2013-03-13 00:00:00-04:00,19.03736536900632,19.18005213558346,18.954757014822345,19.052385330200195,3101000,0.0,0.0
2013-03-14 00:00:00-04:00,19.104957270437936,19.427879333496094,19.022348901083728,19.427879333496094,4908900,0.0,0.0
2013-03-15 00:00:00-04:00,19.36028828477915,19.780837191342332,19.270169945752976,19.59309196472168,5848400,0.0,0.0
2013-03-18 00:00:00-04:00,19.450405596718685,19.825896057784227,19.360288688197116,19.608112335205078,4067500,0.0,0.0
2013-03-19 00:00:00-04:00,19.638148427818507,19.7057368171428,19.3677963029036,19.502971649169922,3375900,0.0,0.0
2013-03-20 00:00:00-04:00,19.60060687180706,19.62313538793879,19.465430045485608,19.510488510131836,5769900,0.0,0.0
2013-03-21 00:00:00-04:00,19.420370802760104,19.623134601735764,19.315232479620928,19.322742462158203,2823000,0.0,0.0
2013-03-22 00:00:00-04:00,19.33776439213992,19.487961193381526,19.217607524099776,19.360294342041016,2069300,0.0,0.0
2013-03-25 00:00:00-04:00,19.465432775592255,19.55555114990695,19.150020614065273,19.292707443237305,2994700,0.0,0.0
2013-03-26 00:00:00-04:00,19.42787312546683,19.502970056465713,19.240127933205347,19.375303268432617,3035100,0.0,0.0
2013-03-27 00:00:00-04:00,19.240136312227687,19.713253772519742,19.21760636368701,19.70574378967285,3670900,0.0,0.0
2013-03-28 00:00:00-04:00,19.750801129101784,19.908507895135898,19.690722702132287,19.89348793029785,3761900,0.0,0.0
2013-04-01 00:00:00-04:00,19.833412556768447,19.93104091086337,19.75080416982396,19.9010009765625,1999100,0.0,0.0
2013-04-02 00:00:00-04:00,19.976099417586877,20.186373228557713,19.92353096484417,19.991119384765625,3315600,0.0,0.0
2013-04-03 00:00:00-04:00,20.043684731905202,20.051194714330965,19.698232702233476,19.78835105895996,3452800,0.0,0.0
2013-04-04 00:00:00-04:00,19.773325720605193,20.006129383007544,19.72075729029327,19.818384170532227,2353900,0.0,0.0
2013-04-05 00:00:00-04:00,19.59309581303815,19.938546410327188,19.57807584818662,19.78835105895996,2028100,0.0,0.0
2013-04-08 00:00:00-04:00,19.840918777800805,20.103762423557306,19.72076192814914,20.09625244140625,1906500,0.0,0.0
2013-04-09 00:00:00-04:00,20.14131434409535,20.34407959967875,20.036177440777827,20.223922729492188,2955500,0.0,0.0
2013-04-10 00:00:00-04:00,20.329060790125443,20.434197699428317,20.253962383887835,20.42668914794922,3987600,0.0,0.0
2013-04-11 00:00:00-04:00,20.389133512873773,20.51680033797348,20.261466687774067,20.479251861572266,3072800,0.0,0.0
2013-04-12 00:00:00-04:00,20.359089992429492,20.45671686640223,20.246441726268838,20.38161849975586,1665300,0.0,0.0
2013-04-15 00:00:00-04:00,20.30653145670059,20.35158992568328,19.810882568359375,19.810882568359375,2517400,0.0,0.0
2013-04-16 00:00:00-04:00,19.961080563629658,20.141315882677556,19.863453636288998,20.10376739501953,2085000,0.0,0.0
2013-04-17 00:00:00-04:00,20.006136326135213,20.006136326135213,19.68321421942641,19.82590103149414,3149900,0.0,0.0
2013-04-18 00:00:00-04:00,19.85593868774107,20.13380086465632,19.69823192776589,20.006134033203125,3176000,0.0,0.0
2013-04-19 00:00:00-04:00,20.171354269361906,20.479256428133514,20.111275834293856,20.47174644470215,3622500,0.0,0.0
2013-04-22 00:00:00-04:00,20.501784165390784,20.621941030951625,20.306530333141538,20.584392547607422,2150600,0.0,0.0
2013-04-23 00:00:00-04:00,20.629443373517923,20.71956170550261,20.531816493551613,20.636953353881836,2190900,0.0,0.0
2013-04-24 00:00:00-04:00,20.704545614197688,20.96738924652776,20.54684029422918,20.937349319458008,2769400,0.0,0.0
2013-04-25 00:00:00-04:00,21.019964970942276,21.155141824836285,20.869769580691308,21.012454986572266,3197600,0.0,0.0
2013-04-26 00:00:00-04:00,20.97489431838837,21.042482706091324,20.85473750300139,20.967384338378906,2052900,0.0,0.0
2013-04-29 00:00:00-04:00,21.035266981812452,21.253992217258382,20.997556428801616,21.072978973388672,2528600,0.12,0.0
2013-04-30 00:00:00-04:00,21.118235696408416,21.19365825446586,20.884427061139416,21.020187377929688,2958800,0.0,0.0
2013-05-01 00:00:00-04:00,21.012641623314956,21.09560512922282,20.778831586811247,20.816543579101562,3181700,0.0,0.0
2013-05-02 00:00:00-04:00,20.884419318666872,20.929672261298474,20.39417503089002,20.47713851928711,4137900,0.0,0.0
2013-05-03 00:00:00-04:00,20.620448577573,20.89951016887166,20.590278979289025,20.82408905029297,2920800,0.0,0.0
2013-05-06 00:00:00-04:00,20.846708297729492,20.937215625740443,20.64306932719391,20.846708297729492,3451300,0.0,0.0
2013-05-07 00:00:00-04:00,20.861799729875646,20.914595088611406,20.484688380545187,20.658159255981445,5375500,0.0,0.0
2013-05-08 00:00:00-04:00,20.60536028851066,20.665698036293612,20.318756346182987,20.529937744140625,3773700,0.0,0.0
2013-05-09 00:00:00-04:00,20.522396970157835,20.59027712160692,20.220708207364954,20.265962600708008,3484100,0.0,0.0
2013-05-10 00:00:00-04:00,20.311223021681222,20.51486355088463,20.137752099129884,20.499778747558594,3379800,0.0,0.0
2013-05-13 00:00:00-04:00,20.416806589919002,20.620447047528778,20.38663843243914,20.514856338500977,2300600,0.0,0.0
2013-05-14 00:00:00-04:00,20.514854892110424,20.891966184696532,20.514854892110424,20.869338989257812,2837600,0.0,0.0
2013-05-15 00:00:00-04:00,20.78637740462505,21.24645371629147,20.733582045299197,21.125778198242188,4436600,0.0,0.0
2013-05-16 00:00:00-04:00,21.027728512234084,21.14840546925941,20.884427233166758,20.907052993774414,3247000,0.0,0.0
2013-05-17 00:00:00-04:00,20.922137722071906,21.216284117496322,20.907052922674332,21.125778198242188,3103500,0.0,0.0
2013-05-20 00:00:00-04:00,21.09561360763187,21.374676708475082,21.088071206142484,21.186120986938477,3647600,0.0,0.0
2013-05-21 00:00:00-04:00,21.17102903822257,21.35204229717342,21.07298072908626,21.25399398803711,2029000,0.0,0.0
2013-05-22 00:00:00-04:00,21.201204789919394,21.623569183441244,20.854261530602006,20.94476890563965,2940700,0.0,0.0
2013-05-23 00:00:00-04:00,20.79391845162045,21.06543906885097,20.537482632806192,20.974931716918945,4004100,0.0,0.0
2013-05-24 00:00:00-04:00,20.854254047433415,20.854254047433415,20.371552056617247,20.49222755432129,3061300,0.0,0.0
2013-05-28 00:00:00-04:00,20.213172082916905,20.243341687843994,19.406153852474496,19.738012313842773,10690900,0.0,0.0
2013-05-29 00:00:00-04:00,19.662586860125735,19.677671660379822,19.34581324761861,19.549453735351562,4609200,0.0,0.0
2013-05-30 00:00:00-04:00,19.602251210274108,19.836059885147826,19.33073053070083,19.36844253540039,3934100,0.0,0.0
2013-05-31 00:00:00-04:00,19.27792892814236,19.662582620284287,19.247760772705078,19.247760772705078,2739600,0.0,0.0
2013-06-03 00:00:00-04:00,19.22513664507943,19.375981762033405,19.013953769056997,19.255306243896484,3181100,0.0,0.0
2013-06-04 00:00:00-04:00,19.17987835445703,19.21004650632333,18.802767105454148,18.998865127563477,5156900,0.0,0.0
2013-06-05 00:00:00-04:00,18.961162280252907,19.08183782302344,18.80277616982881,19.036584854125977,3014100,0.0,0.0
2013-06-06 00:00:00-04:00,19.051659818045387,19.44385584879657,19.036575023347606,19.345806121826172,3834900,0.0,0.0
2013-06-07 00:00:00-04:00,20.167909673830604,20.62044346595185,19.805883215559714,20.439430236816406,6391000,0.0,0.0
2013-06-10 00:00:00-04:00,20.492229725122982,20.69587018853281,20.439434369105374,20.68832778930664,4009500,0.0,0.0
2013-06-11 00:00:00-04:00,20.522397988101066,20.77883380883601,20.431892074056712,20.454519271850586,4087700,0.0,0.0
2013-06-12 00:00:00-04:00,20.514850056117194,20.59781354270456,19.87376072213258,19.941640853881836,3322700,0.0,0.0
2013-06-13 00:00:00-04:00,19.919024158551867,20.205629629956462,19.632420125713107,20.130207061767578,3960000,0.0,0.0
2013-06-14 00:00:00-04:00,20.077409667980476,20.379098471702523,20.077409667980476,20.364013671875,2087300,0.0,0.0
2013-06-17 00:00:00-04:00,20.34138622444547,20.48468894393064,20.10757758422858,20.16791534423828,3094800,0.0,0.0
2013-06-18 00:00:00-04:00,20.21316458657814,20.3338400844004,20.100031487190453,20.205623626708984,1785900,0.0,0.0
2013-06-19 00:00:00-04:00,20.20562623389773,20.386639503987762,19.873767852783203,19.873767852783203,2867800,0.0,0.0
2013-06-20 00:00:00-04:00,19.72291715040891,19.72291715040891,19.08937016541844,19.187419891357422,4321300,0.0,0.0
2013-06-21 00:00:00-04:00,19.330724540679093,19.48911203420585,18.7650575925622,19.172338485717773,4431200,0.0,0.0
2013-06-24 00:00:00-04:00,19.451396346888778,19.692747284226737,18.749969286147174,19.564529418945312,6663000,0.0,0.0
2013-06-25 00:00:00-04:00,19.768176589610693,20.145287945584027,19.67767066977386,20.024612426757812,5223000,0.0,0.0
2013-06-26 00:00:00-04:00,20.152825804734068,20.39417822657347,19.986897363374478,20.017066955566406,3626900,0.0,0.0
2013-06-27 00:00:00-04:00,20.16036684291964,20.311211916573757,20.03969135942244,20.137741088867188,3189400,0.0,0.0
2013-06-28 00:00:00-04:00,20.07740334711859,20.514852334437247,19.9944384127523,20.137741088867188,4295500,0.0,0.0
2013-07-01 00:00:00-04:00,20.18300049591839,20.190542895871868,19.7606361684835,19.805889129638672,3364800,0.0,0.0
2013-07-02 00:00:00-04:00,19.76817160747602,20.01706642071297,19.602243170550018,19.67766571044922,3286900,0.0,0.0
2013-07-03 00:00:00-04:00,19.670128807607462,19.896395051949014,19.556995685436686,19.805889129638672,1341900,0.0,0.0
2013-07-05 00:00:00-04:00,19.881311542927026,19.949191703438412,19.466488179961274,19.715381622314453,1841500,0.0,0.0
2013-07-08 00:00:00-04:00,19.866223645981975,20.597819059190655,19.843596449817202,20.5374813079834,3895800,0.0,0.0
2013-07-09 00:00:00-04:00,20.695867719761647,20.937218711946443,20.53748023203701,20.8542537689209,3455800,0.0,0.0
2013-07-10 00:00:00-04:00,20.846718430922998,21.065443740771325,20.801465464203503,21.00510597229004,2602300,0.0,0.0
2013-07-11 00:00:00-04:00,21.11823638841974,21.638650473647047,21.11823638841974,21.623565673828125,3974800,0.0,0.0
2013-07-12 00:00:00-04:00,21.480259480387048,21.71406952408779,21.41992172943067,21.600934982299805,3985700,0.0,0.0
2013-07-15 00:00:00-04:00,21.600939959610155,21.932798385620117,21.58585659731963,21.932798385620117,4084600,0.0,0.0
2013-07-16 00:00:00-04:00,21.94788182566547,22.01576198674439,21.427467736915627,21.714073181152344,3974800,0.0,0.0
2013-07-17 00:00:00-04:00,21.789490027152137,21.98558807194157,21.321872829901913,21.42746353149414,4100000,0.0,0.0
2013-07-18 00:00:00-04:00,21.502889160172728,21.721612993191492,21.118235413933913,21.435009002685547,3760400,0.0,0.0
2013-07-19 00:00:00-04:00,21.548142494064944,21.58585449252851,21.29170665877528,21.465177536010742,2744800,0.0,0.0
2013-07-22 00:00:00-04:00,21.427463447261278,21.517970790102694,21.072979351477002,21.103147506713867,2455200,0.0,0.0
2013-07-23 00:00:00-04:00,21.201196867617057,21.397294908117253,20.99001403048637,21.072978973388672,3034100,0.0,0.0
2013-07-24 00:00:00-04:00,21.08806487833457,21.11069207601307,20.620447634836697,20.68832778930664,2353600,0.0,0.0
2013-07-25 00:00:00-04:00,20.658156029400505,20.854254073051823,20.529938133111777,20.763748168945312,3232600,0.0,0.0
2013-07-26 00:00:00-04:00,20.62798799217317,20.869338989257812,20.612903195214027,20.869338989257812,2047100,0.0,0.0
2013-07-29 00:00:00-04:00,20.808998473575485,20.85425141987144,20.52239312371559,20.552562713623047,2594500,0.0,0.0
2013-07-30 00:00:00-04:00,20.67378096318862,20.741959927891003,20.438936687824025,20.45408821105957,2359100,0.12,0.0
2013-07-31 00:00:00-04:00,20.4540850259334,20.491962383195183,20.196514950753286,20.317724227905273,3289100,0.0,0.0
2013-08-01 00:00:00-04:00,20.40863453658393,20.560145430072144,20.2192448360271,20.514692306518555,3047300,0.0,0.0
2013-08-02 00:00:00-04:00,20.628321546221123,20.666200345409194,20.378327251293644,20.484386444091797,1950800,0.0,0.0
2013-08-05 00:00:00-04:00,20.39348007245488,20.5374166286985,20.249543516211258,20.38590431213379,3290200,0.0,0.0
2013-08-06 00:00:00-04:00,20.302567322554186,20.317718839411967,19.848033376246157,19.92378807067871,2979200,0.0,0.0
2013-08-07 00:00:00-04:00,19.832877780704358,20.022267367693622,19.681365533141793,19.99196434020996,3574200,0.0,0.0
2013-08-08 00:00:00-04:00,20.00712474136343,20.507113357521973,20.00712474136343,20.378328323364258,4300300,0.0,0.0
2013-08-09 00:00:00-04:00,20.226815727806077,20.416205382767078,19.65864676292308,19.961669921875,7299300,0.0,0.0
2013-08-12 00:00:00-04:00,19.70410064696766,19.825309915293882,19.476832185159648,19.673797607421875,4965100,0.0,0.0
2013-08-13 00:00:00-04:00,19.64349805664675,19.64349805664675,19.12078212952273,19.33289909362793,6074700,0.0,0.0
2013-08-14 00:00:00-04:00,19.332897348951544,20.158636403901774,19.241989673987863,20.090456008911133,7318500,0.0,0.0
2013-08-15 00:00:00-04:00,19.908647426082783,20.014705204452397,19.757135075615743,19.999553680419922,5200900,0.0,0.0
2013-08-16 00:00:00-04:00,19.878343909535246,19.954100082983384,19.74955884815206,19.810163497924805,4190700,0.0,0.0
2013-08-19 00:00:00-04:00,19.77985243747501,19.83288130005353,19.651067437672268,19.734397888183594,4000100,0.0,0.0
2013-08-20 00:00:00-04:00,19.74955335850425,20.082879562066367,19.696524485309276,20.06772804260254,4370700,0.0,0.0
2013-08-21 00:00:00-04:00,19.984399027879892,20.438934563195758,19.810160863569543,20.02227783203125,2999300,0.0,0.0
2013-08-22 00:00:00-04:00,20.067722378636688,20.15863002483323,19.885908531171623,19.976816177368164,2839400,0.0,0.0
2013-08-23 00:00:00-04:00,20.045001613804434,20.067728893964368,19.77228147652764,19.93894386291504,2972000,0.0,0.0
2013-08-26 00:00:00-04:00,19.93136720409478,19.954094483229873,19.613192520845594,19.643495559692383,2776800,0.0,0.0
2013-08-27 00:00:00-04:00,19.50713788414941,19.7344049320127,19.49956212323015,19.620771408081055,2418400,0.0,0.0
2013-08-28 00:00:00-04:00,19.643492433891367,19.711672815518913,19.514707429142465,19.68136978149414,1627900,0.0,0.0
2013-08-29 00:00:00-04:00,19.613189858444876,19.840458284159887,19.499556368051483,19.696521759033203,2017800,0.0,0.0
2013-08-30 00:00:00-04:00,19.673795027311176,19.976819603315175,19.65864495445359,19.88591194152832,2295700,0.0,0.0
2013-09-03 00:00:00-04:00,20.052577546471426,20.294997535478707,19.681373970234723,19.772281646728516,3655000,0.0,0.0
2013-09-04 00:00:00-04:00,19.74955230731345,19.85561004805837,19.613191529253786,19.688947677612305,2159100,0.0,0.0
2013-09-05 00:00:00-04:00,19.620770359935367,19.74197963831125,19.476833800015793,19.491985321044922,2909900,0.0,0.0
2013-09-06 00:00:00-04:00,19.461681804892997,19.923791591286427,19.461681804892997,19.74197769165039,2728900,0.0,0.0
2013-09-09 00:00:00-04:00,19.757128747734306,19.976821441054696,19.734401468964762,19.961669921875,1867100,0.0,0.0
2013-09-10 00:00:00-04:00,20.098036512176467,20.295001983642578,19.991977292200062,20.295001983642578,2809500,0.0,0.0
2013-09-11 00:00:00-04:00,20.28741849328383,20.28741849328383,19.772278447990956,19.88591194152832,3148500,0.0,0.0
2013-09-12 00:00:00-04:00,19.726836801671826,20.105616296835148,19.726836801671826,19.969255447387695,2372700,0.0,0.0
2013-09-13 00:00:00-04:00,20.082888627368025,20.71923828280921,20.06016133791331,20.560150146484375,4437100,0.0,0.0
2013-09-16 00:00:00-04:00,20.848019092504607,21.120739285405794,20.46923968215356,20.878320693969727,3834100,0.0,0.0
2013-09-17 00:00:00-04:00,20.90103538439683,21.211634198132394,20.885883870329753,21.151029586791992,2890400,0.0,0.0
2013-09-18 00:00:00-04:00,20.85558958406173,21.30254929092711,20.56771649577805,21.143461227416992,6905200,0.0,0.0
2013-09-19 00:00:00-04:00,21.181334593222203,21.40102724791677,20.991944971559224,21.06012535095215,5190500,0.0,0.0
2013-09-20 00:00:00-04:00,21.067704397580616,21.158612065936634,20.825285875202404,20.855588912963867,5184500,0.0,0.0
2013-09-23 00:00:00-04:00,20.81013405196895,21.241943664184248,20.726803589200397,21.173763275146484,3488100,0.0,0.0
2013-09-24 00:00:00-04:00,21.1889163944409,21.348004473371468,21.075282878021092,21.226795196533203,3221400,0.0,0.0
2013-09-25 00:00:00-04:00,21.2419490814209,21.393459971866346,21.12073834616434,21.2419490814209,2015300,0.0,0.0
2013-09-26 00:00:00-04:00,21.249515833384418,21.33284773266872,21.014673097589263,21.16618537902832,2106600,0.0,0.0
2013-09-27 00:00:00-04:00,21.13589353609671,21.234377004656956,20.969231094209555,20.99953269958496,3659200,0.0,0.0
2013-09-30 00:00:00-04:00,20.863166748538504,20.969224501400895,20.635898277496725,20.704078674316406,2897500,0.0,0.0
2013-10-01 00:00:00-04:00,20.7343839889305,20.969226800992054,20.696505183805296,20.79498863220215,3694900,0.0,0.0
2013-10-02 00:00:00-04:00,20.73438343781128,20.9237731236173,20.537417991181588,20.870742797851562,4841300,0.0,0.0
2013-10-03 00:00:00-04:00,20.74953010870988,20.840437778743816,20.651048124024147,20.711652755737305,3185400,0.0,0.0
2013-10-04 00:00:00-04:00,20.71922820914822,20.923769380005762,20.651047818862374,20.77983283996582,3785200,0.0,0.0
2013-10-07 00:00:00-04:00,20.704077533788308,20.772257926852127,20.5828682672145,20.65104866027832,1616600,0.0,0.0
2013-10-08 00:00:00-04:00,20.726808221002234,21.052558720327106,20.643476294683218,20.810138702392578,3978400,0.0,0.0
2013-10-09 00:00:00-04:00,20.80255584343094,20.90861501662957,20.68892235672286,20.734376907348633,4330900,0.0,0.0
2013-10-10 00:00:00-04:00,20.8631627831433,21.11315704232368,20.787406640528104,21.105581283569336,2964400,0.0,0.0
2013-10-11 00:00:00-04:00,21.14346295903689,21.38588150906946,21.0222536840206,21.31012535095215,1959200,0.0,0.0
2013-10-14 00:00:00-04:00,21.2267900026183,21.249515833384418,20.85558650251363,21.16618537902832,1784100,0.0,0.0
2013-10-15 00:00:00-04:00,21.075286160743726,21.272251627517722,20.878320693969727,20.878320693969727,2879500,0.0,0.0
2013-10-16 00:00:00-04:00,20.90104661839278,20.954075501201867,20.666203803840244,20.81771469116211,3067300,0.0,0.0
2013-10-17 00:00:00-04:00,20.688928291003595,21.22679573492832,20.62832365104729,21.18134117126465,2743700,0.0,0.0
2013-10-18 00:00:00-04:00,21.26467519470023,22.855548956944492,21.15861742552686,22.19647216796875,9749300,0.0,0.0
2013-10-21 00:00:00-04:00,22.310107549429745,22.469194206084865,21.605577624405623,21.863147735595703,4784000,0.0,0.0
2013-10-22 00:00:00-04:00,21.969207641542567,22.14344583812359,21.82527104896616,21.885875701904297,2671100,0.0,0.0
2013-10-23 00:00:00-04:00,21.81769117449067,21.893447337616887,21.4389118037882,21.52981948852539,3355800,0.0,0.0
2013-10-24 00:00:00-04:00,21.53738751341567,21.643445236740813,21.105579417102604,21.355573654174805,2523800,0.0,0.0
2013-10-25 00:00:00-04:00,21.423762353843895,22.82524491049957,21.241948423979302,22.810094833374023,8717400,0.0,0.0
2013-10-28 00:00:00-04:00,22.80251941261467,22.938880223280112,22.257076169952903,22.33283233642578,4910100,0.0,0.0
2013-10-29 00:00:00-04:00,22.378281862635664,22.45403656711636,21.954048003916245,22.105560302734375,3275100,0.0,0.0
2013-10-30 00:00:00-04:00,22.158807972398986,22.318552970196603,21.801285664406322,21.938209533691406,3337800,0.12,0.0
2013-10-31 00:00:00-04:00,21.869745055752006,21.999061867160943,21.474187579572323,21.702394485473633,3023800,0.0,0.0
2013-11-01 00:00:00-04:00,21.770870199931046,21.816511029658283,21.497022319775997,21.595911026000977,2957100,0.0,0.0
2013-11-04 00:00:00-05:00,21.633945194820708,21.72522684978141,21.23838748760234,21.48941421508789,3008500,0.0,0.0
2013-11-05 00:00:00-05:00,21.466588026171827,21.770864006852634,21.466588026171827,21.527442932128906,3393000,0.0,0.0
2013-11-06 00:00:00-05:00,21.618721068334537,21.748037895256715,21.215556501837142,21.420942306518555,2358800,0.0,0.0
2013-11-07 00:00:00-05:00,21.65676170560264,21.67197579616244,21.215563235637177,21.284025192260742,3362600,0.0,0.0
2013-11-08 00:00:00-05:00,21.207953253338154,21.55787003327707,20.918892827210644,21.54265594482422,3138500,0.0,0.0
2013-11-11 00:00:00-05:00,21.504619969580304,21.649149442376856,21.268805975426634,21.329662322998047,2378200,0.0,0.0
2013-11-12 00:00:00-05:00,20.584190368652344,21.24598871488686,20.355984842858565,20.584190368652344,6657600,0.0,0.0
2013-11-13 00:00:00-05:00,20.394020265042226,20.74393707727716,20.302738627690825,20.736330032348633,4351400,0.0,0.0
2013-11-14 00:00:00-05:00,20.751543032107524,20.759150076636445,20.485302277176803,20.629833221435547,3574000,0.0,0.0
2013-11-15 00:00:00-05:00,20.55376288324413,20.751541675379233,20.447265717697352,20.743934631347656,2670900,0.0,0.0
2013-11-18 00:00:00-05:00,20.751543032107524,20.842824664663812,20.44726705453219,20.629833221435547,2662000,0.0,0.0
2013-11-19 00:00:00-05:00,20.584189719271386,20.72111361078618,20.432053190506853,20.667865753173828,2176200,0.0,0.0
2013-11-20 00:00:00-05:00,20.667856369048355,20.93409698712034,20.591787413757125,20.713497161865234,3156400,0.0,0.0
2013-11-21 00:00:00-05:00,20.713507558599677,21.055817303778486,20.637438565127123,20.97214126586914,2376400,0.0,0.0
2013-11-22 00:00:00-05:00,20.964530033163413,20.987351161914614,20.622221807265905,20.705896377563477,2033300,0.0,0.0
2013-11-25 00:00:00-05:00,20.69829286802457,20.75154217753416,20.47008734513624,20.492908477783203,1971100,0.0,0.0
2013-11-26 00:00:00-05:00,20.49290566745665,20.538546475596227,20.13538189282709,20.234272003173828,3470100,0.0,0.0
2013-11-27 00:00:00-05:00,20.226669438712367,20.33316516491735,20.0060694905501,20.272310256958008,2726800,0.0,0.0
2013-11-29 00:00:00-05:00,20.287518277324676,20.34076612449719,20.089739522901745,20.12777328491211,910200,0.0,0.0
2013-12-02 00:00:00-05:00,20.127774489796323,20.515724979284506,20.036492875149165,20.409229278564453,2896200,0.0,0.0
2013-12-03 00:00:00-05:00,20.355983824091968,20.850430072496245,20.249488110837433,20.842823028564453,3075900,0.0,0.0
2013-12-04 00:00:00-05:00,20.72111892019197,21.29924135977917,20.66026400291414,21.261207580566406,3740500,0.0,0.0
2013-12-05 00:00:00-05:00,21.215556363739903,21.48940410153258,20.956922711579054,21.375301361083984,3809700,0.0,0.0
2013-12-06 00:00:00-05:00,21.497014504373222,21.793681966088275,21.382911746090148,21.7480411529541,2824600,0.0,0.0
2013-12-09 00:00:00-05:00,21.725215422897705,21.97624201834996,21.618719731158862,21.85453224182129,2898200,0.0,0.0
2013-12-10 00:00:00-05:00,21.854532848558556,21.884961018982978,21.54265135618334,21.580686569213867,3087100,0.0,0.0
2013-12-11 00:00:00-05:00,21.542661028890482,21.573089212977234,21.16231743318014,21.261207580566406,3438200,0.0,0.0
2013-12-12 00:00:00-05:00,21.268811101700944,21.51223219797114,21.23077732619698,21.284025192260742,2618100,0.0,0.0
2013-12-13 00:00:00-05:00,21.337275138991934,21.367703323078686,21.207958258414592,21.261207580566406,2194300,0.0,0.0
2013-12-16 00:00:00-05:00,21.33726512589772,21.489403073145244,21.101452613469558,21.19273567199707,3658300,0.0,0.0
2013-12-17 00:00:00-05:00,21.17752486215712,21.382910687435302,21.139491094910888,21.200345993041992,2542500,0.0,0.0
2013-12-18 00:00:00-05:00,21.24598453500356,21.40572808145258,20.75153835912961,21.375301361083984,3591100,0.0,0.0
2013-12-19 00:00:00-05:00,21.352485963907604,21.649153458882186,21.15470715029273,21.61872673034668,2219700,0.0,0.0
2013-12-20 00:00:00-05:00,21.63394189859929,21.869754497363594,21.57308698759897,21.603513717651367,5398800,0.0,0.0
2013-12-23 00:00:00-05:00,21.732823068650912,21.75564419646923,21.54265135618334,21.580686569213867,2064000,0.0,0.0
2013-12-24 00:00:00-05:00,21.656760751213948,21.717615659875808,21.489410115117703,21.588298797607422,953000,0.0,0.0
2013-12-26 00:00:00-05:00,21.649155491985628,21.71001185656265,21.573087938055522,21.664369583129883,1917600,0.0,0.0
2013-12-27 00:00:00-05:00,21.70240033981993,21.831717186112826,21.611117262656297,21.7480411529541,1946000,0.0,0.0
2013-12-30 00:00:00-05:00,21.725219322916477,21.86975025257547,21.679578511248728,21.778467178344727,1997900,0.0,0.0
2013-12-31 00:00:00-05:00,21.831715007226013,21.922996624384112,21.732824895927074,21.846927642822266,2519800,0.0,0.0
2014-01-02 00:00:00-05:00,21.862142533877833,21.892570707980436,21.6795778419478,21.740432739257812,3896400,0.0,0.0
2014-01-03 00:00:00-05:00,21.74043180269926,21.945817616358404,21.74043180269926,21.801286697387695,2473400,0.0,0.0
2014-01-06 00:00:00-05:00,21.900173658609187,22.288122649647686,21.80128356215237,21.839317321777344,3808000,0.0,0.0
2014-01-07 00:00:00-05:00,21.869745345986058,22.097950804020986,21.69478773143295,21.793676376342773,5670500,0.0,0.0
2014-01-08 00:00:00-05:00,21.786081498470928,21.938219522703225,21.6111237862308,21.641551971435547,6504300,0.0,0.0
2014-01-09 00:00:00-05:00,21.67197040991499,21.740432349523356,21.162310109994486,21.352481842041016,4994700,0.0,0.0
2014-01-10 00:00:00-05:00,21.497005621742588,21.61110833287806,21.24597907688667,21.344867706298828,4682300,0.0,0.0
2014-01-13 00:00:00-05:00,21.253596771258078,21.3600924949136,20.820005381065833,20.888465881347656,4146200,0.0,0.0
2014-01-14 00:00:00-05:00,20.85803156586931,21.147091903878795,20.842817482054365,21.13948631286621,3154900,0.0,0.0
2014-01-15 00:00:00-05:00,21.13188218804793,21.405728480044782,21.078632887344977,21.322053909301758,3042900,0.0,0.0
2014-01-16 00:00:00-05:00,21.329661626491717,21.390516521180768,21.19273775071757,21.360088348388672,4884700,0.0,0.0
2014-01-17 00:00:00-05:00,21.405729694870818,21.405729694870818,21.078634083607557,21.352481842041016,5668000,0.0,0.0
2014-01-21 00:00:00-05:00,21.344874798651734,21.489405721257743,21.192738283551613,21.352481842041016,2432700,0.0,0.0
2014-01-22 00:00:00-05:00,21.390521956657135,21.59590637161279,21.192743135937,21.21556282043457,4933900,0.0,0.0
2014-01-23 00:00:00-05:00,21.07102792688172,21.10145464872892,20.64504221385985,20.79718017578125,6312100,0.0,0.0
2014-01-24 00:00:00-05:00,20.56896905264767,20.903670155811746,20.36358329555058,20.4016170501709,7038300,0.0,0.0
2014-01-27 00:00:00-05:00,20.432045601210426,20.515720153137416,20.21144575773299,20.348369598388672,4162700,0.0,0.0
2014-01-28 00:00:00-05:00,20.37880186543796,20.69828895675129,20.333159608768867,20.690683364868164,3093100,0.0,0.0
2014-01-29 00:00:00-05:00,20.568974115678547,20.89606825825348,20.462476964916966,20.683076858520508,3479800,0.0,0.0
2014-01-30 00:00:00-05:00,20.751845123501955,21.149156206870387,20.751845123501955,21.110952377319336,2798500,0.12,0.0
2014-01-31 00:00:00-05:00,20.904658214381673,21.43185796357637,20.87409514973594,21.2790470123291,3629000,0.0,0.0
2014-02-03 00:00:00-05:00,21.3172466389063,21.378371302994218,20.881733225114033,20.958139419555664,4992600,0.0,0.0
2014-02-04 00:00:00-05:00,20.988698815373755,21.072745766152302,20.759481713484544,20.927574157714844,3882400,0.0,0.0
2014-02-05 00:00:00-05:00,20.767126493235406,21.011625171145496,20.690720292056735,20.9046573638916,4630600,0.0,0.0
2014-02-06 00:00:00-05:00,20.965778555602764,21.14915253361758,20.904653896264495,21.126230239868164,2636100,0.0,0.0
2014-02-07 00:00:00-05:00,21.256126243727515,21.416579430011762,21.065111447925037,21.095674514770508,3849600,0.0,0.0
2014-02-10 00:00:00-05:00,21.15679897453873,21.187360583744084,20.958143414058647,21.072751998901367,2892700,0.0,0.0
2014-02-11 00:00:00-05:00,21.042192603945985,21.256128262877382,21.011629534197283,21.20264434814453,5459100,0.0,0.0
2014-02-12 00:00:00-05:00,21.225562215914625,21.27140535363254,20.958141240793815,20.9963436126709,3176500,0.0,0.0
2014-02-13 00:00:00-05:00,20.94285772962746,21.607589721679688,20.93521696450882,21.607589721679688,4295500,0.0,0.0
2014-02-14 00:00:00-05:00,21.622869996186687,21.897931713714428,21.584667627564254,21.722198486328125,3180900,0.0,0.0
2014-02-18 00:00:00-05:00,21.72219503629796,21.997256710139002,21.72219503629796,21.943771362304688,2460100,0.0,0.0
2014-02-19 00:00:00-05:00,21.93613052967608,22.096583658023434,21.75275656679819,21.798601150512695,3529100,0.0,0.0
2014-02-20 00:00:00-05:00,21.77567892680556,21.997256710139002,21.56174190744845,21.943771362304688,3336500,0.0,0.0
2014-02-21 00:00:00-05:00,21.905572533702404,22.04310339281032,21.722198540667506,21.82152557373047,2665300,0.0,0.0
2014-02-24 00:00:00-05:00,21.897932313473156,22.23411870440071,21.813885351409517,22.066024780273438,4171200,0.0,0.0
2014-02-25 00:00:00-05:00,22.081302421716618,22.165349368976397,21.89028769236383,22.012537002563477,2861100,0.0,0.0
2014-02-26 00:00:00-05:00,22.066020596183826,22.081302124084488,21.829162743030448,21.93613052368164,2883600,0.0,0.0
2014-02-27 00:00:00-05:00,21.882648542023844,21.997258553948697,21.806243810509727,21.890289306640625,2466200,0.0,0.0
2014-02-28 00:00:00-05:00,21.89029015239637,22.409850507796456,21.829165490427354,22.21119499206543,3843500,0.0,0.0
2014-03-03 00:00:00-05:00,21.951413897868935,22.088944745888877,21.73747831857288,21.83680534362793,4060000,0.0,0.0
2014-03-04 00:00:00-05:00,22.035469197447725,22.26468639275042,21.82917284727887,22.050750732421875,3623400,0.0,0.0
2014-03-05 00:00:00-05:00,22.073660196721722,22.142425611323635,21.897927007106446,22.058380126953125,2446100,0.0,0.0
2014-03-06 00:00:00-05:00,22.066020971105242,22.28759875744948,21.95905318863657,21.974334716796875,2452600,0.0,0.0
2014-03-07 00:00:00-05:00,22.027818610808268,22.05074090305162,21.722195334197288,21.928491592407227,3437300,0.0,0.0
2014-03-10 00:00:00-04:00,21.94377601770863,22.234119281099076,21.928495943840996,22.17299461364746,2933600,0.0,0.0
2014-03-11 00:00:00-04:00,22.157705997392142,22.600860059046923,22.035456701578862,22.40984535217285,4239000,0.0,0.0
2014-03-12 00:00:00-04:00,22.241754202009847,22.860641479492188,22.1500664962626,22.860641479492188,3750600,0.0,0.0
2014-03-13 00:00:00-04:00,22.89884568313851,23.028735759960842,22.677269350516156,22.761316299438477,3557500,0.0,0.0
2014-03-14 00:00:00-04:00,22.74604233905002,22.91413483549532,22.677276895657116,22.898853302001953,2450200,0.0,0.0
2014-03-17 00:00:00-04:00,22.96761286510429,22.982894394685196,22.730754985907698,22.837722778320312,1473300,0.0,0.0
2014-03-18 00:00:00-04:00,22.82244334329434,23.089862831792523,22.723114855571946,23.04401969909668,2172000,0.0,0.0
2014-03-19 00:00:00-04:00,23.074580345187613,23.410765226223372,22.63906552949385,22.761316299438477,3597300,0.0,0.0
2014-03-20 00:00:00-04:00,23.066950031073322,23.288526464077115,22.75368584340516,23.280885696411133,3384200,0.0,0.0
2014-03-21 00:00:00-04:00,23.51009064055622,23.632339937246915,23.196826635620504,23.212106704711914,3731900,0.0,0.0
2014-03-24 00:00:00-04:00,23.326718914418247,23.45660898667341,23.128063424067605,23.196828842163086,2228600,0.0,0.0
2014-03-25 00:00:00-04:00,23.257958001044567,23.510097430454763,23.013459337050076,23.502456665039062,3128100,0.0,0.0
2014-03-26 00:00:00-04:00,23.639983986064404,23.724029478391227,23.326719937589612,23.578859329223633,5051000,0.0,0.0
2014-03-27 00:00:00-04:00,23.609425559412976,23.92268966932714,23.448973850234676,23.899768829345703,3362800,0.0,0.0
2014-03-28 00:00:00-04:00,23.983814504268867,24.113704608595857,23.907409760698815,24.106063842773438,1920700,0.0,0.0
2014-03-31 00:00:00-04:00,24.17482594993077,24.480450711446824,24.121342053863525,24.297075271606445,4806900,0.0,0.0
2014-04-01 00:00:00-04:00,24.281797126619093,24.46517112368685,24.14426626448653,24.20539093017578,3608500,0.0,0.0
2014-04-02 00:00:00-04:00,24.327643331468117,24.602705090443386,24.06786310517529,24.564502716064453,4933700,0.0,0.0
2014-04-03 00:00:00-04:00,24.579776795377867,24.77843376891278,24.220671044940413,24.396404266357422,6289200,0.0,0.0
2014-04-04 00:00:00-04:00,24.488084348512878,25.015286794318172,24.48044504283809,24.954160690307617,7799900,0.0,0.0
2014-04-07 00:00:00-04:00,24.92360823909217,25.045857584456684,24.51101852014589,24.533939361572266,4462400,0.0,0.0
2014-04-08 00:00:00-04:00,24.541577088472092,24.78607576343999,24.396406911039314,24.709671020507812,2887700,0.0,0.0
2014-04-09 00:00:00-04:00,24.75551871109026,25.2368738981407,24.702034801417987,25.12226676940918,4146100,0.0,0.0
2014-04-10 00:00:00-04:00,25.114614107886894,25.229224103641673,24.663819260386433,24.755508422851562,4003900,0.0,0.0
2014-04-11 00:00:00-04:00,24.671465315402905,24.75551227006424,24.220670397845165,24.235950469970703,4295300,0.0,0.0
2014-04-14 00:00:00-04:00,24.44224570606387,24.633261901441177,24.31999639029769,24.465167999267578,2196400,0.0,0.0
2014-04-15 00:00:00-04:00,24.27415771662721,25.022935277461457,24.27415771662721,24.724952697753906,4006300,0.0,0.0
2014-04-16 00:00:00-04:00,24.847197095360308,25.01529099496311,24.80135250965403,24.94652557373047,2970600,0.0,0.0
2014-04-17 00:00:00-04:00,24.885401829535585,25.053495745147615,24.556856220650523,24.610340118408203,2223400,0.0,0.0
2014-04-21 00:00:00-04:00,24.625624054489954,24.90832510092394,24.197751373296132,24.709671020507812,4340200,0.0,0.0
2014-04-22 00:00:00-04:00,24.67911138970044,24.755519057913062,24.533941192078235,24.717313766479492,2403200,0.0,0.0
2014-04-23 00:00:00-04:00,24.78607045993775,25.015290468996053,24.78607045993775,24.93888282775879,3991800,0.0,0.0
2014-04-24 00:00:00-04:00,24.977091963499817,25.252153717228996,24.83956108663523,25.191030502319336,3524100,0.0,0.0
2014-04-25 00:00:00-04:00,25.19102863180908,25.389682708832662,25.07641860471397,25.336198806762695,2085200,0.0,0.0
2014-04-28 00:00:00-04:00,25.45845003252588,25.557778535740148,25.030575869541128,25.191030502319336,4165300,0.0,0.0
2014-04-29 00:00:00-04:00,25.19869492329355,25.37517751374365,25.006865638837017,25.175676345825195,3558500,0.14,0.0
2014-04-30 00:00:00-04:00,25.106626510620117,25.329146334216475,24.976181029258765,25.106626510620117,3443300,0.0,0.0
2014-05-01 00:00:00-04:00,25.19102250184447,25.766510342923773,25.19102250184447,25.735816955566406,3316400,0.0,0.0
2014-05-02 00:00:00-04:00,25.428899548870806,26.042752916796342,25.428899548870806,25.758846282958984,4508400,0.0,0.0
2014-05-05 00:00:00-04:00,25.78954294710679,25.91231363623002,25.58236686038306,25.8969669342041,4311400,0.0,0.0
2014-05-06 00:00:00-04:00,26.19621726763538,26.51081730496759,25.904635817130185,26.265275955200195,7168600,0.0,0.0
2014-05-07 00:00:00-04:00,26.31130682302254,26.971200066615317,26.28061343330131,26.91748809814453,9308900,0.0,0.0
2014-05-08 00:00:00-04:00,26.833084570421107,26.963527095010605,26.38803917035187,26.472444534301758,6500600,0.0,0.0
2014-05-09 00:00:00-04:00,26.4724443206305,26.564521568249475,26.11947909885533,26.17319107055664,4807400,0.0,0.0
2014-05-12 00:00:00-04:00,26.30363515014742,26.411059099904964,25.92765132599602,26.165517807006836,4407500,0.0,0.0
2014-05-13 00:00:00-04:00,26.226901232126753,26.30363177866628,25.751165403999696,25.843242645263672,3941300,0.0,0.0
2014-05-14 00:00:00-04:00,25.8816119271488,26.27294538552627,25.781859859531362,26.142499923706055,3802200,0.0,0.0
2014-05-15 00:00:00-04:00,26.11180248523474,26.15784256940809,25.812549255814773,25.843242645263672,3546400,0.0,0.0
2014-05-16 00:00:00-04:00,25.89695479470649,25.942994879202427,25.613048258021767,25.919973373413086,3747300,0.0,0.0
2014-05-19 00:00:00-04:00,25.758840368322698,25.942997799956782,25.528645774092404,25.643741607666016,4073300,0.0,0.0
2014-05-20 00:00:00-04:00,25.62840045413406,25.804883091960676,25.58236035975536,25.751171112060547,3259000,0.0,0.0
2014-05-21 00:00:00-04:00,25.735821472079632,25.889285508716153,25.53631734632724,25.804880142211914,2959800,0.0,0.0
2014-05-22 00:00:00-04:00,25.77419229234039,25.958349761324836,25.682115021390004,25.820232391357422,1970900,0.0,0.0
2014-05-23 00:00:00-04:00,25.789536046492994,26.012058775701306,25.620725296461405,25.87394142150879,3267300,0.0,0.0
2014-05-27 00:00:00-04:00,26.810056120252348,27.10931222232883,26.66426693750908,27.093965530395508,6465600,0.0,0.0
2014-05-28 00:00:00-04:00,27.009579055942396,27.186061745834927,26.756362852780786,26.978885650634766,3307900,0.0,0.0
2014-05-29 00:00:00-04:00,27.163041335465437,27.29348390865683,27.017249133564416,27.27813720703125,3581000,0.0,0.0
2014-05-30 00:00:00-04:00,27.239764992595376,27.39322904275905,27.13234103560579,27.34718894958496,2959900,0.0,0.0
2014-06-02 00:00:00-04:00,27.393231484013967,27.546695547854195,27.247439306178155,27.339519500732422,3052800,0.0,0.0
2014-06-03 00:00:00-04:00,27.316482732065733,27.677122641607294,27.27811746930389,27.669450759887695,3962500,0.0,0.0
2014-06-04 00:00:00-04:00,27.830586619736593,27.89964526354068,27.585045425562484,27.669450759887695,2517300,0.0,0.0
2014-06-05 00:00:00-04:00,27.67713788422846,27.99173789546622,27.600407316446972,27.984066009521484,2420500,0.0,0.0
2014-06-06 00:00:00-04:00,27.9840570785512,27.99172896204749,27.65411047364123,27.70014762878418,2596600,0.0,0.0
2014-06-09 00:00:00-04:00,27.71549955827582,27.984062364698765,27.64644088543371,27.96871566772461,2382700,0.0,0.0
2014-06-10 00:00:00-04:00,27.845950048396375,28.01475789143489,27.71550456409731,27.807584762573242,1835200,0.0,0.0
2014-06-11 00:00:00-04:00,27.815255417017504,27.99173806565476,27.65411946744656,27.838274002075195,2226100,0.0,0.0
2014-06-12 00:00:00-04:00,27.776889635590003,27.907332184692944,27.44694292928038,27.569713592529297,3577900,0.0,0.0
2014-06-13 00:00:00-04:00,27.62342026742161,28.244948277188456,27.539014903826775,28.168214797973633,2401700,0.0,0.0
2014-06-16 00:00:00-04:00,27.999407367095014,28.40608456750614,27.891980494777624,28.360044479370117,3082700,0.0,0.0
2014-06-17 00:00:00-04:00,28.24495037922656,28.45979828285154,28.060792942488607,28.191238403320312,1956900,0.0,0.0
2014-06-18 00:00:00-04:00,28.260300674261416,28.828113899586995,28.260300674261416,28.797420501708984,2858400,0.0,0.0
2014-06-19 00:00:00-04:00,28.851136639106777,29.227123499546874,28.828118050925283,28.89717674255371,4883300,0.0,0.0
2014-06-20 00:00:00-04:00,28.981563394702054,29.050622041674423,28.53651813041746,28.574886322021484,6264000,0.0,0.0
2014-06-23 00:00:00-04:00,28.63628423842981,28.728361503967317,28.191241682428927,28.421436309814453,2706300,0.0,0.0
2014-06-24 00:00:00-04:00,28.46746000644813,28.6899826426786,28.129841574537213,28.19890022277832,2380500,0.0,0.0
2014-06-25 00:00:00-04:00,28.168223294482097,28.337034072590928,28.045452617789444,28.260303497314453,2728500,0.0,0.0
2014-06-26 00:00:00-04:00,28.28331197525837,28.413754492021454,28.053117404622903,28.13751983642578,2488200,0.0,0.0
2014-06-27 00:00:00-04:00,28.09915342546457,28.45979342535255,28.04544145872585,28.429100036621094,3002600,0.0,0.0
2014-06-30 00:00:00-04:00,28.436775055603995,28.713006774962142,28.413753550345476,28.544198989868164,2675000,0.0,0.0
2014-07-01 00:00:00-04:00,28.613255890524798,28.689986431110476,27.78455200220348,27.88430404663086,3602600,0.0,0.0
2014-07-02 00:00:00-04:00,27.853620198241202,27.96104416268228,27.30882556309945,27.439268112182617,4133900,0.0,0.0
2014-07-03 00:00:00-04:00,27.186046951265492,27.377876239418885,27.024911051716476,27.2474308013916,1993100,0.0,0.0
2014-07-07 00:00:00-04:00,27.316505260021636,27.377892072731903,26.733345174695764,26.84844398498535,4588100,0.0,0.0
2014-07-08 00:00:00-04:00,26.87912217690112,27.21674363830075,26.85610359619951,27.201396942138672,3187300,0.0,0.0
2014-07-09 00:00:00-04:00,27.224425214883727,27.49298810270537,27.055614424086354,27.27813720703125,3015000,0.0,0.0
2014-07-10 00:00:00-04:00,26.93283723898166,27.270458739104697,26.902146770220472,27.132341384887695,1988700,0.0,0.0
2014-07-11 00:00:00-04:00,27.06328411228766,27.163036190417532,26.388044004081856,26.510814666748047,3595600,0.0,0.0
2014-07-14 00:00:00-04:00,26.5031392530123,26.526157834484543,25.827899234689863,25.85091781616211,5980100,0.0,0.0
2014-07-15 00:00:00-04:00,25.9583494327052,26.027405189731027,25.44424524498286,25.497957229614258,7456300,0.0,0.0
2014-07-16 00:00:00-04:00,25.66677314471219,25.705138437560365,25.206380849281476,25.244749069213867,4173200,0.0,0.0
2014-07-17 00:00:00-04:00,25.24473550879531,25.321466053275202,24.377666306175772,24.39301300048828,7401100,0.0,0.0
2014-07-18 00:00:00-04:00,24.477419553168016,24.861079634983422,24.239551619629797,24.776674270629883,7311000,0.0,0.0
2014-07-21 00:00:00-04:00,24.653898405932555,24.7076103669432,24.393010483702707,24.408355712890625,5649800,0.0,0.0
2014-07-22 00:00:00-04:00,24.538811307942776,24.561829894408433,24.0323819161122,24.08609390258789,4891800,0.0,0.0
2014-07-23 00:00:00-04:00,24.05539566741805,24.416034241854554,23.963316955039858,24.23187828063965,5699100,0.0,0.0
2014-07-24 00:00:00-04:00,24.231882700447734,24.439058743430724,24.08609198906618,24.30861473083496,4113900,0.0,0.0
2014-07-25 00:00:00-04:00,24.201187726761727,24.400688931752825,24.047723685262277,24.055397033691406,2829000,0.0,0.0
2014-07-28 00:00:00-04:00,23.817530889578666,24.538808134019828,23.78683749353861,24.37767219543457,4077900,0.0,0.0
2014-07-29 00:00:00-04:00,24.369995920393176,24.439054589649956,23.878913351048507,23.886585235595703,4899500,0.0,0.0
2014-07-30 00:00:00-04:00,23.878881395012435,24.125531971902536,23.663062875310295,23.755556106567383,4475900,0.14,0.0
2014-07-31 00:00:00-04:00,23.33162275804783,24.04845182831847,23.33162275804783,23.863462448120117,5949100,0.0,0.0
2014-08-01 00:00:00-04:00,23.1851766604921,24.017623106235234,23.1851766604921,23.686185836791992,4385900,0.0,0.0
2014-08-04 00:00:00-04:00,23.701601352219793,23.955959942071626,23.254546816414955,23.917421340942383,5096500,0.0,0.0
2014-08-05 00:00:00-04:00,23.948252869944678,24.071578162593973,23.524322360231903,23.678478240966797,6271600,0.0,0.0
2014-08-06 00:00:00-04:00,23.516608983465897,23.570563602928168,23.18517178373696,23.208295822143555,5793200,0.0,0.0
2014-08-07 00:00:00-04:00,23.26996580698049,23.53974045968521,22.76895657775949,22.992483139038086,6224600,0.0,0.0
2014-08-08 00:00:00-04:00,22.977063855636736,22.977063855636736,22.48376271149142,22.830615997314453,6636000,0.0,0.0
2014-08-11 00:00:00-04:00,22.89998334491195,23.000186050613664,22.583962141058706,22.607086181640625,3684500,0.0,0.0
2014-08-12 00:00:00-04:00,22.622502794159665,22.753536087208452,22.406682820269516,22.506885528564453,3916600,0.0,0.0
2014-08-13 00:00:00-04:00,22.591667592120796,22.614791630079864,22.422095724213577,22.583959579467773,2443500,0.0,0.0
2014-08-14 00:00:00-04:00,22.599381589324913,22.79978556091328,22.452932250442363,22.67646026611328,3169900,0.0,0.0
2014-08-15 00:00:00-04:00,22.71499578032608,22.83832105835457,22.37585200082437,22.47605323791504,3840700,0.0,0.0
2014-08-18 00:00:00-04:00,22.530008668672988,22.599379323812993,22.329604717174444,22.398975372314453,2638300,0.0,0.0
2014-08-19 00:00:00-04:00,22.468347717991207,22.89998623899772,22.3527304407765,22.83832359313965,4951000,0.0,0.0
2014-08-20 00:00:00-04:00,22.83061499321825,23.023310927944372,22.653333615953702,22.93852424621582,2546600,0.0,0.0
2014-08-21 00:00:00-04:00,23.007896482149025,23.393288378097406,23.00018846781165,23.131221771240234,3052000,0.0,0.0
2014-08-22 00:00:00-04:00,23.123512098937265,23.169758711492214,22.776658829391884,22.81519889831543,1914100,0.0,0.0
2014-08-25 00:00:00-04:00,22.869156747017573,23.015606089255776,22.753539464262573,22.915403366088867,2654200,0.0,0.0
2014-08-26 00:00:00-04:00,22.907694932454273,23.123514934430883,22.830617725462293,22.923110961914062,2487500,0.0,0.0
2014-08-27 00:00:00-04:00,22.969361116042524,23.49349443713258,22.869159849435878,23.424123764038086,4188500,0.0,0.0
2014-08-28 00:00:00-04:00,23.470360023786355,23.532022649868843,23.277664133509465,23.49348258972168,2480400,0.0,0.0
2014-08-29 00:00:00-04:00,23.470365242995747,23.75555440073866,23.43182517427826,23.72472381591797,2453900,0.0,0.0
2014-09-02 00:00:00-04:00,23.75555918538462,23.801805807006915,23.347044665772767,23.48578453063965,3325000,0.0,0.0
2014-09-03 00:00:00-04:00,23.46265415600191,23.62451801295376,23.23912619717914,23.524316787719727,3818900,0.0,0.0
2014-09-04 00:00:00-04:00,23.501197100970398,23.593691800749877,23.277670570912836,23.354747772216797,2216200,0.0,0.0
2014-09-05 00:00:00-04:00,23.393288695893553,24.033039193052694,23.354748623683104,23.809511184692383,4680300,0.0,0.0
2014-09-08 00:00:00-04:00,23.832643278707977,23.86347387673751,23.53203796468887,23.740148544311523,2215700,0.0,0.0
2014-09-09 00:00:00-04:00,23.655350483257536,23.76325972313848,23.485777140412473,23.51660919189453,2987200,0.0,0.0
2014-09-10 00:00:00-04:00,23.547445350310685,23.763265351341527,23.416412040783655,23.6707706451416,2772300,0.0,0.0
2014-09-11 00:00:00-04:00,23.678475601366063,23.902003588220637,23.53202775151647,23.87887954711914,2926400,0.0,0.0
2014-09-12 00:00:00-04:00,23.770965242927495,23.82491985720925,23.254540195990337,23.339326858520508,2763000,0.0,0.0
2014-09-15 00:00:00-04:00,23.43183153491824,23.508910223123152,23.138934283924,23.27767562866211,2476800,0.0,0.0
2014-09-16 00:00:00-04:00,23.277672388897635,23.693894895028798,23.208301726183524,23.63994026184082,3959300,0.0,0.0
2014-09-17 00:00:00-04:00,23.75555108996154,23.886584365032476,23.516608577827387,23.555147171020508,3449200,0.0,0.0
2014-09-18 00:00:00-04:00,23.585992613856003,23.80951922757038,23.524329947643007,23.740148544311523,2871000,0.0,0.0
2014-09-19 00:00:00-04:00,23.855753948046594,24.117820499985015,23.740135227368448,24.08698844909668,5385900,0.0,0.0
2014-09-22 00:00:00-04:00,24.002208446279177,24.11011918420906,23.778681895863333,23.85576057434082,3534000,0.0,0.0
2014-09-23 00:00:00-04:00,23.90971450167414,23.932837075426633,23.570569208487377,23.70931053161621,5840700,0.0,0.0
2014-09-24 00:00:00-04:00,23.7247206735717,23.747843241586303,23.17746353149414,23.17746353149414,3121200,0.0,0.0
2014-09-25 00:00:00-04:00,23.138927773257038,23.32391569080603,22.923107801039908,22.946231842041016,4100100,0.0,0.0
2014-09-26 00:00:00-04:00,22.853737363727237,23.007894698215253,22.661041430693867,22.9693546295166,2923000,0.0,0.0
2014-09-29 00:00:00-04:00,22.830611132656063,23.493484036320595,22.830611132656063,23.439529418945312,3927800,0.0,0.0
2014-09-30 00:00:00-04:00,23.45494399972749,23.655347902033814,23.231416061332872,23.49348258972168,4080400,0.0,0.0
2014-10-01 00:00:00-04:00,23.64764302937585,24.164068142682677,23.64764302937585,24.040742874145508,7929200,0.0,0.0
2014-10-02 00:00:00-04:00,23.96366519433716,24.480090328775507,23.917418584281656,24.2719783782959,6470700,0.0,0.0
2014-10-03 00:00:00-04:00,24.3413494834453,24.387596094365247,24.094698931667903,24.3259334564209,4062200,0.0,0.0
2014-10-06 00:00:00-04:00,24.33363486185535,24.426129528730513,24.171771032514886,24.279680252075195,2133200,0.0,0.0
2014-10-07 00:00:00-04:00,24.171781958995087,24.61883653231129,24.117827324825576,24.164073944091797,6468400,0.0,0.0
2014-10-08 00:00:00-04:00,24.22573568422588,24.572587520939106,24.218027669611793,24.518632888793945,5634400,0.0,0.0
2014-10-09 00:00:00-04:00,24.48780854509569,24.64196446622818,23.886596483263606,23.92513656616211,4669000,0.0,0.0
2014-10-10 00:00:00-04:00,24.017618281024887,24.18719015381405,23.185172002522663,23.23141860961914,5712000,0.0,0.0
2014-10-13 00:00:00-04:00,23.246836283662738,23.30849892088121,22.406681932715276,22.45292854309082,5236400,0.0,0.0
2014-10-14 00:00:00-04:00,22.591672016975448,22.79207597474632,21.53569906928873,21.674440383911133,9637900,0.0,0.0
2014-10-15 00:00:00-04:00,21.420073786462762,21.58193761288605,20.371807774816535,20.89594078063965,10270100,0.0,0.0
2014-10-16 00:00:00-04:00,20.64158614730298,21.828592173405656,20.448890239740923,21.643604278564453,7779300,0.0,0.0
2014-10-17 00:00:00-04:00,21.743810653686523,22.059833369479655,21.53570014154454,21.743810653686523,4108300,0.0,0.0
2014-10-20 00:00:00-04:00,21.720683340991606,22.005872466220183,21.64360468249765,21.92108726501465,2265500,0.0,0.0
2014-10-21 00:00:00-04:00,21.990459478926763,22.075244686178884,21.712976876620672,22.052122116088867,3543400,0.0,0.0
2014-10-22 00:00:00-04:00,22.06754212990256,22.730416745934047,22.029003523453397,22.491474151611328,3629700,0.0,0.0
2014-10-23 00:00:00-04:00,22.691870527312446,22.84602637154986,22.406679936735916,22.614791870117188,1974900,0.0,0.0
2014-10-24 00:00:00-04:00,22.768952118918193,23.100387888312216,22.630210812116687,22.907691955566406,3338500,0.0,0.0
2014-10-27 00:00:00-04:00,22.77666259009224,22.838325240397854,22.144620056921344,22.160036087036133,3482500,0.0,0.0
2014-10-28 00:00:00-04:00,22.19857066168453,22.537715911865234,22.12920000891681,22.537715911865234,2936500,0.0,0.0
2014-10-29 00:00:00-04:00,22.499178148536522,22.761244742015315,22.237111555057734,22.522300720214844,2407200,0.0,0.0
2014-10-30 00:00:00-04:00,22.51455929689843,23.072196391756947,22.49906904932318,23.041215896606445,2582900,0.14,0.0
2014-10-31 00:00:00-04:00,23.110922029237535,23.34326984897894,22.886317856553617,23.219350814819336,3639700,0.0,0.0
2014-11-03 00:00:00-05:00,23.312284159565255,23.660805789467645,23.250324660211653,23.567867279052734,4763100,0.0,0.0
2014-11-04 00:00:00-05:00,23.536887577836282,23.637572690922173,22.986997187338552,23.188365936279297,3392700,0.0,0.0
2014-11-05 00:00:00-05:00,23.47492356431847,25.132342494034926,23.374239947815916,24.99293327331543,10105300,0.0,0.0
2014-11-06 00:00:00-05:00,24.86127677215311,25.387933363920645,24.590204829829787,25.271760940551758,6500800,0.0,0.0
2014-11-07 00:00:00-05:00,25.194308691682544,26.17791719989558,25.17881844496315,26.11595916748047,5383200,0.0,0.0
2014-11-10 00:00:00-05:00,26.131440228692014,26.27084649123869,25.612527486614855,25.68997573852539,4394900,0.0,0.0
2014-11-11 00:00:00-05:00,25.666747380512255,25.782922737854836,25.372438641849904,25.68223762512207,3856900,0.0,0.0
2014-11-12 00:00:00-05:00,25.48087109154798,25.566063007674362,25.07813358342356,25.124601364135742,3547200,0.0,0.0
2014-11-13 00:00:00-05:00,25.124604380008947,25.217545861513994,24.388835378202362,24.435304641723633,3973200,0.0,0.0
2014-11-14 00:00:00-05:00,24.381091948895318,24.481777083624102,24.13325388991886,24.249427795410156,2479000,0.0,0.0
2014-11-17 00:00:00-05:00,24.187459070957722,24.57470625996658,24.024815960644784,24.535982131958008,3882700,0.0,0.0
2014-11-18 00:00:00-05:00,24.110020057430578,24.830301862824186,24.110020057430578,24.582462310791016,3203000,0.0,0.0
2014-11-19 00:00:00-05:00,24.52049481260061,24.574709189167045,24.15648294334671,24.241676330566406,2548500,0.0,0.0
2014-11-20 00:00:00-05:00,24.15648402931604,24.38883178996923,24.079034283354634,24.125503540039062,2639000,0.0,0.0
2014-11-21 00:00:00-05:00,24.264918043404023,24.373346824898384,23.93963022168958,24.249427795410156,3750200,0.0,0.0
2014-11-24 00:00:00-05:00,24.27266479619838,24.505012622772483,23.978355973490963,24.009336471557617,2931800,0.0,0.0
2014-11-25 00:00:00-05:00,24.086780929814005,24.086780929814005,23.62208390187194,23.80796241760254,3507200,0.0,0.0
2014-11-26 00:00:00-05:00,23.893158052362303,24.017077066796663,23.59110416210127,23.947372436523438,2228000,0.0,0.0
2014-11-28 00:00:00-05:00,23.846685307011107,24.24942130646332,23.715021188758183,24.210697174072266,1411900,0.0,0.0
2014-12-01 00:00:00-05:00,24.009330556490895,24.21844443522805,23.893156671825057,23.900901794433594,2423800,0.0,0.0
2014-12-02 00:00:00-05:00,23.800217959906238,24.110015494781408,23.67629894595617,23.893157958984375,3035900,0.0,0.0
2014-12-03 00:00:00-05:00,23.80022064550325,23.80022064550325,22.21250717684227,22.70818328857422,11282300,0.0,0.0
2014-12-04 00:00:00-05:00,22.739159114711153,22.97925199737458,21.941429243628104,22.096328735351562,7394200,0.0,0.0
2014-12-05 00:00:00-05:00,22.01113428582907,22.150543535585516,21.68584652880771,21.894960403442383,4931400,0.0,0.0
2014-12-08 00:00:00-05:00,21.933688568306156,21.96466906382446,21.38379806793825,21.430267333984375,4665000,0.0,0.0
2014-12-09 00:00:00-05:00,21.53869052245463,21.732314137485908,21.34506690742335,21.561925888061523,5645700,0.0,0.0
2014-12-10 00:00:00-05:00,21.577421074994536,21.62389033962307,20.84165057842483,20.872631072998047,5228900,0.0,0.0
2014-12-11 00:00:00-05:00,20.903604403429824,21.1669326267375,20.756450048703563,20.849390029907227,5754800,0.0,0.0
2014-12-12 00:00:00-05:00,20.663513850147343,20.895861613233073,20.42342096466128,20.64802360534668,4343700,0.0,0.0
2014-12-15 00:00:00-05:00,20.686749718092592,20.764199472270256,20.105878777606907,20.229799270629883,4418900,0.0,0.0
2014-12-16 00:00:00-05:00,20.15235384922582,20.562835123328234,19.958730160767992,20.005199432373047,4810700,0.0,0.0
2014-12-17 00:00:00-05:00,20.175579068400282,20.91909448043446,20.105874452358613,20.71772575378418,5430200,0.0,0.0
2014-12-18 00:00:00-05:00,20.88811620878814,21.523202941960495,20.88811620878814,21.499967575073242,5409600,0.0,0.0
2014-12-19 00:00:00-05:00,21.546438708510756,21.670357721575215,20.880372905365935,20.926843643188477,7165800,0.0,0.0
2014-12-22 00:00:00-05:00,21.012034082262847,21.035269447901868,20.284010352344996,20.601552963256836,4394200,0.0,0.0
2014-12-23 00:00:00-05:00,20.632531974702587,21.143698200942087,20.62478685282248,21.019779205322266,2186900,0.0,0.0
2014-12-24 00:00:00-05:00,20.98105312452504,21.577414158827395,20.98105312452504,21.484474182128906,2187500,0.0,0.0
2014-12-26 00:00:00-05:00,21.48448131957025,21.709085476156886,21.391542789227113,21.608400344848633,2192600,0.0,0.0
2014-12-29 00:00:00-05:00,21.56967198222379,21.98789824138359,21.55418173778761,21.809764862060547,3937800,0.0,0.0
2014-12-30 00:00:00-05:00,21.740066784566924,21.771047282766524,21.41477893962843,21.45350456237793,2591100,0.0,0.0
2014-12-31 00:00:00-05:00,21.47673594486287,21.499971315792784,20.864885949354743,20.872631072998047,4749400,0.0,0.0
2015-01-02 00:00:00-05:00,20.93458735153862,21.36055874550948,20.79517810195367,21.298599243164062,4712900,0.0,0.0
2015-01-05 00:00:00-05:00,21.608394302596516,21.608394302596516,20.32273366691295,20.48537826538086,4980200,0.0,0.0
2015-01-06 00:00:00-05:00,20.562824253729293,20.648019104330448,20.028424219678584,20.222047805786133,4623400,0.0,0.0
2015-01-07 00:00:00-05:00,20.43116296213973,20.69449119359043,20.22979570489478,20.31498908996582,3567800,0.0,0.0
2015-01-08 00:00:00-05:00,20.330479904861647,20.833901016583454,20.307244538881513,20.764196395874023,3245400,0.0,0.0
2015-01-09 00:00:00-05:00,21.058504814722806,21.159188444702302,20.81841046813232,21.019779205322266,3492100,0.0,0.0
2015-01-12 00:00:00-05:00,20.98879574799549,20.98879574799549,20.531843994503234,20.671253204345703,3448900,0.0,0.0
2015-01-13 00:00:00-05:00,20.423416248134362,20.934582390660527,20.392435765687583,20.81840705871582,5944900,0.0,0.0
2015-01-14 00:00:00-05:00,20.477637553020383,20.919099236839468,20.353718535710858,20.888118743896484,4112000,0.0,0.0
2015-01-15 00:00:00-05:00,20.996551199573958,21.236644136200983,20.524108973138617,20.578323364257812,4819700,0.0,0.0
2015-01-16 00:00:00-05:00,20.555089310856822,20.872632008304997,20.183330745476095,20.36920928955078,5447800,0.0,0.0
2015-01-20 00:00:00-05:00,20.52410462038971,20.52410462038971,19.052565339279678,19.114524841308594,6382000,0.0,0.0
2015-01-21 00:00:00-05:00,19.331386921918735,19.81157428388828,19.029334462898568,19.72637939453125,8804100,0.0,0.0
2015-01-22 00:00:00-05:00,19.74960857162014,19.850292200631102,19.145502365861564,19.432065963745117,4536300,0.0,0.0
2015-01-23 00:00:00-05:00,19.478536362208796,19.594710241659143,19.362362482758453,19.393342971801758,3082100,0.0,0.0
2015-01-26 00:00:00-05:00,19.30814794399881,19.788333702338612,19.26167868805035,19.780590057373047,2051300,0.0,0.0
2015-01-27 00:00:00-05:00,19.7108814954121,19.82705535068022,19.540491795603522,19.625686645507812,2478700,0.0,0.0
2015-01-28 00:00:00-05:00,19.648928334886808,19.80382636604833,19.044822024832655,19.060312271118164,3536200,0.0,0.0
2015-01-29 00:00:00-05:00,19.095373462758655,19.118746547633624,18.51105971476477,19.03304672241211,6014600,0.145,0.0
2015-01-30 00:00:00-05:00,18.853850522718062,19.679679896890825,18.799313344944956,19.212228775024414,5081100,0.0,0.0
2015-02-02 00:00:00-05:00,19.24340025662305,19.765387270463044,18.962929178742836,19.648523330688477,4732700,0.0,0.0
2015-02-03 00:00:00-05:00,19.64072512148462,20.54446476579616,19.64072512148462,20.28736686706543,6356500,0.0,0.0
2015-02-04 00:00:00-05:00,20.170502970017317,20.404229278127364,19.913405071286586,20.28736686706543,5277600,0.0,0.0
2015-02-05 00:00:00-05:00,20.39644560901959,20.65354360047838,20.279583155808634,20.521099090576172,3833400,0.0,0.0
2015-02-06 00:00:00-05:00,20.44318751119515,20.482142647622258,19.601775882194264,19.695266723632812,3337300,0.0,0.0
2015-02-09 00:00:00-05:00,19.74201391407249,20.622379305564653,19.67968717384284,20.279582977294922,4397200,0.0,0.0
2015-02-10 00:00:00-05:00,20.31852883233134,20.7703978970187,19.983522174962307,20.6846981048584,3870500,0.0,0.0
2015-02-11 00:00:00-05:00,20.489927961756706,20.5055100131129,20.04584990000856,20.09259605407715,3923600,0.0,0.0
2015-02-12 00:00:00-05:00,20.14713392669605,20.186087573313067,19.726427410497713,19.835498809814453,2969300,0.0,0.0
2015-02-13 00:00:00-05:00,19.71084558046187,19.96015397398506,19.617356233128763,19.765382766723633,2776700,0.0,0.0
2015-02-17 00:00:00-05:00,19.6485204177052,19.6485204177052,19.196651240326936,19.46154022216797,4148100,0.0,0.0
2015-02-18 00:00:00-05:00,19.780968297905275,20.35749103775668,19.305727443398453,20.193883895874023,3628200,0.0,0.0
2015-02-19 00:00:00-05:00,20.178297214262237,20.193879267819025,19.414794421816726,19.74201011657715,5299800,0.0,0.0
2015-02-20 00:00:00-05:00,19.78874920023633,19.843284886290395,19.45374257334879,19.78095817565918,3259100,0.0,0.0
2015-02-23 00:00:00-05:00,19.757592170133933,19.812127871596267,19.414794421816726,19.74201011657715,2538800,0.0,0.0
2015-02-24 00:00:00-05:00,19.734217958181116,20.38864931017496,19.726426931849485,20.1627140045166,3262500,0.0,0.0
2015-02-25 00:00:00-05:00,20.154929142161095,20.19388279687413,19.703059911951176,19.773176193237305,2414500,0.0,0.0
2015-02-26 00:00:00-05:00,19.765388728816646,19.788760329706616,19.282355335270612,19.297937393188477,4176900,0.0,0.0
2015-02-27 00:00:00-05:00,20.1003893064885,20.139344442074346,18.40198551658051,18.68245506286621,5528800,0.0,0.0
2015-03-02 00:00:00-05:00,18.68245570013715,18.68245570013715,18.082559965530578,18.222795486450195,5423000,0.0,0.0
2015-03-03 00:00:00-05:00,18.238381886874382,18.931767143315884,18.222799828395793,18.807113647460938,4761300,0.0,0.0
2015-03-04 00:00:00-05:00,18.736993535913754,19.040837694443766,18.55780434369522,19.001882553100586,4188700,0.0,0.0
2015-03-05 00:00:00-05:00,19.118745994354555,19.625150930763688,19.00188205934835,19.531660079956055,4996700,0.0,0.0
2015-03-06 00:00:00-05:00,19.43817190576816,19.453752476868228,19.017465280344553,19.079792022705078,5034800,0.0,0.0
2015-03-09 00:00:00-04:00,19.134328095465616,19.204445867684896,18.417569801880436,18.479896545410156,5089400,0.0,0.0
2015-03-10 00:00:00-04:00,18.347448952603962,18.51105755567236,18.176050808139166,18.222795486450195,5690800,0.0,0.0
2015-03-11 00:00:00-04:00,18.24616841809425,18.40977553382659,17.996861487843145,18.01244354248047,4633800,0.0,0.0
2015-03-12 00:00:00-04:00,18.113723323849843,18.246167811893798,18.004651916985345,18.137096405029297,3797400,0.0,0.0
2015-03-13 00:00:00-04:00,18.020232935023316,18.433148463583922,17.747554411054193,18.28512191772461,5190300,0.0,0.0
2015-03-16 00:00:00-04:00,18.52663803100586,18.6902451341399,18.425356169648822,18.52663803100586,4158200,0.0,0.0
2015-03-17 00:00:00-04:00,18.495467696341056,19.00966339874589,18.487676672245723,18.955127716064453,2971100,0.0,0.0
2015-03-18 00:00:00-04:00,18.86164340844216,19.92899030129933,18.838271814093396,19.74201011657715,5036100,0.0,0.0
2015-03-19 00:00:00-04:00,19.539444771975187,19.827706773003023,19.033039999777706,19.181066513061523,3506500,0.0,0.0
2015-03-20 00:00:00-04:00,19.329095763755646,19.86666475557084,19.243397436065184,19.82771110534668,5664300,0.0,0.0
2015-03-23 00:00:00-04:00,19.780961813391748,20.318530720186537,19.765381247358164,20.04585075378418,3895400,0.0,0.0
2015-03-24 00:00:00-04:00,20.045848714396342,20.19387522155276,19.64072431901357,19.703052520751953,6032200,0.0,0.0
2015-03-25 00:00:00-04:00,19.812128995190317,19.83550059086454,19.235606354770983,19.290142059326172,2813100,0.0,0.0
2015-03-26 00:00:00-04:00,19.344673234786796,19.625144205103872,19.1966467242321,19.212228775024414,3815100,0.0,0.0
2015-03-27 00:00:00-04:00,19.212229585789455,19.36025610259094,18.752569469921333,18.853851318359375,4548400,0.0,0.0
2015-03-30 00:00:00-04:00,18.970722377138095,19.66410763678234,18.853859909982656,19.4148006439209,5634600,0.0,0.0
2015-03-31 00:00:00-04:00,19.39921344207292,19.67968447767443,19.313515114739733,19.62514877319336,4283900,0.0,0.0
2015-04-01 00:00:00-04:00,19.469335618242482,19.469335618242482,18.33187213531853,18.38640785217285,9702700,0.0,0.0
2015-04-02 00:00:00-04:00,18.433146743230438,18.931760553080395,18.433146743230438,18.690244674682617,5972000,0.0,0.0
2015-04-06 00:00:00-04:00,18.64349785349415,19.18885627368745,18.37860892603396,19.087575912475586,4588500,0.0,0.0
2015-04-07 00:00:00-04:00,19.1031598180364,19.523864840966073,18.892806563578393,19.391420364379883,4397500,0.0,0.0
2015-04-08 00:00:00-04:00,19.555036198902183,19.71864335572242,19.35247389570554,19.4148006439209,4759600,0.0,0.0
2015-04-09 00:00:00-04:00,19.422589589405064,19.50828941625179,18.994091941158153,19.173282623291016,3750700,0.0,0.0
2015-04-10 00:00:00-04:00,19.20443754109128,19.297928358843826,19.00187534094921,19.14211082458496,2280200,0.0,0.0
2015-04-13 00:00:00-04:00,19.181072669081747,19.445960192517656,19.033046108289927,19.157699584960938,3138100,0.0,0.0
2015-04-14 00:00:00-04:00,19.142116533805154,19.32130571145651,18.814900803056922,18.970718383789062,3883600,0.0,0.0
2015-04-15 00:00:00-04:00,19.09537261070668,19.710848958417404,19.05641747098661,19.59398651123047,5177500,0.0,0.0
2015-04-16 00:00:00-04:00,19.55502700805664,19.74979819043572,19.243393413447354,19.55502700805664,2909900,0.0,0.0
2015-04-17 00:00:00-04:00,19.438169549574074,19.609567698792834,19.282351969566786,19.445959091186523,3858600,0.0,0.0
2015-04-20 00:00:00-04:00,19.555030242791844,20.24841529124348,19.516075108280468,20.18608856201172,5317200,0.0,0.0
2015-04-21 00:00:00-04:00,20.232828859182842,20.388646391537534,19.74200615844196,19.843286514282227,4260600,0.0,0.0
2015-04-22 00:00:00-04:00,19.827713202524674,19.827713202524674,19.438170715135083,19.531660079956055,3802900,0.0,0.0
2015-04-23 00:00:00-04:00,19.52386443742309,19.74200871375804,19.165486147001,19.251184463500977,4254100,0.0,0.0
2015-04-24 00:00:00-04:00,19.266770588131312,20.980758084203675,19.16549019777538,19.890039443969727,6397600,0.0,0.0
2015-04-27 00:00:00-04:00,19.835499898683235,19.991317465677632,19.57061241237108,19.718637466430664,5984200,0.0,0.0
2015-04-28 00:00:00-04:00,19.640734464222174,19.983532320921196,19.570618173020918,19.952369689941406,4163200,0.0,0.0
2015-04-29 00:00:00-04:00,19.791740220944547,20.15999454515863,19.650706204814313,20.105148315429688,3924700,0.145,0.0
2015-04-30 00:00:00-04:00,19.956279110445156,20.003291445925576,19.49400160602152,19.77606964111328,5388900,0.0,0.0
2015-05-01 00:00:00-04:00,19.80741119810023,19.948443721198416,19.642871012814137,19.77606964111328,4253800,0.0,0.0
2015-05-04 00:00:00-04:00,19.81524722046687,20.308864803201406,19.736894819943743,19.99545669555664,4236000,0.0,0.0
2015-05-05 00:00:00-04:00,19.99545497151896,20.308863052141216,19.572352941843203,19.674211502075195,5289600,0.0,0.0
2015-05-06 00:00:00-04:00,19.752566930712547,19.88576558232577,19.15709218821008,19.26678466796875,4594400,0.0,0.0
2015-05-07 00:00:00-04:00,19.258947154022586,19.752564752962478,19.110077737586067,19.56451988220215,5990500,0.0,0.0
2015-05-08 00:00:00-04:00,20.00330049249236,20.982702174557136,19.98762970691172,20.68496322631836,7024700,0.0,0.0
2015-05-11 00:00:00-04:00,20.692779591654052,20.73979041072016,20.340194712540743,20.371536254882812,4665900,0.0,0.0
2015-05-12 00:00:00-04:00,20.27752615140754,20.755474518095664,20.034635019977426,20.708463668823242,3960700,0.0,0.0
2015-05-13 00:00:00-04:00,20.802477425809666,20.857325139211426,20.348035404469616,20.41855239868164,3488900,0.0,0.0
2015-05-14 00:00:00-04:00,20.47340220833225,20.63794238850039,20.058137052305675,20.207006454467773,2847200,0.0,0.0
2015-05-15 00:00:00-04:00,20.20700668207436,20.567425613587105,20.003291049044158,20.44989776611328,2795500,0.0,0.0
2015-05-18 00:00:00-04:00,20.363713790995956,20.45773698323714,20.12082266150747,20.410724639892578,1866400,0.0,0.0
2015-05-19 00:00:00-04:00,20.277519638333512,20.301025802643597,20.04246397302258,20.2148380279541,2362900,0.0,0.0
2015-05-20 00:00:00-04:00,20.207004547599304,20.324532382658607,20.018958218167413,20.159992218017578,1563600,0.0,0.0
2015-05-21 00:00:00-04:00,20.10514811833543,20.496908606213278,20.073808056417985,20.44989776611328,2304300,0.0,0.0
2015-05-22 00:00:00-04:00,20.34020423782038,20.410721246666025,20.21484099863872,20.348039627075195,1704700,0.0,0.0
2015-05-26 00:00:00-04:00,20.27752259188318,20.27752259188318,19.729058794787957,19.81524658203125,3218900,0.0,0.0
2015-05-27 00:00:00-04:00,19.823074347628427,20.01895453483601,19.713381921015294,19.86225128173828,5283200,0.0,0.0
2015-05-28 00:00:00-04:00,19.870095780375642,20.167833143907593,19.783907980258117,19.91710662841797,3586600,0.0,0.0
2015-05-29 00:00:00-04:00,19.846590903567837,19.932778709306717,19.470501105804015,19.744733810424805,3508800,0.0,0.0
2015-06-01 00:00:00-04:00,19.721225744496362,19.823082827861565,19.595862490609406,19.69771957397461,2175700,0.0,0.0
2015-06-02 00:00:00-04:00,19.58802927286421,19.635040124673633,19.22761025157856,19.368642807006836,3958400,0.0,0.0
2015-06-03 00:00:00-04:00,19.360801696777344,19.39214325169068,18.96904122704622,19.360801696777344,4027700,0.0,0.0
2015-06-04 00:00:00-04:00,19.258950158656123,19.415654989294843,19.055234476604994,19.11008071899414,3912000,0.0,0.0
2015-06-05 00:00:00-04:00,18.95337549309057,19.25894823847666,18.7339890509595,19.102243423461914,3226600,0.0,0.0
2015-06-08 00:00:00-04:00,19.078737045178293,19.110077108716457,18.733987379572064,18.82801055908203,3029500,0.0,0.0
2015-06-09 00:00:00-04:00,18.851518011689976,18.953376595709578,18.686979291355485,18.694814682006836,4445600,0.0,0.0
2015-06-10 00:00:00-04:00,19.243270878027282,19.768229886039567,19.17275388482807,19.290283203125,6116400,0.0,0.0
2015-06-11 00:00:00-04:00,19.431321891477936,19.431321891477936,18.92203349609262,19.219772338867188,3134300,0.0,0.0
2015-06-12 00:00:00-04:00,19.157094376699085,19.251116085962344,18.804509230841557,18.94554328918457,2781000,0.0,0.0
2015-06-15 00:00:00-04:00,18.88285721866499,18.961209620956105,18.702647739508873,18.75749397277832,2533700,0.0,0.0
2015-06-16 00:00:00-04:00,18.749658796119235,18.984714511215266,18.600789379519593,18.969043731689453,2483100,0.0,0.0
2015-06-17 00:00:00-04:00,18.969050448210325,19.17276617083375,18.812347080810373,19.125755310058594,3435500,0.0,0.0
2015-06-18 00:00:00-04:00,19.149254686357672,19.642872285297567,19.12574851709471,19.56451988220215,4863000,0.0,0.0
2015-06-19 00:00:00-04:00,19.68988355367585,19.72906050329168,19.4391570539258,19.525344848632812,4770800,0.0,0.0
2015-06-22 00:00:00-04:00,19.59586291211352,19.893600272887365,19.572356741086153,19.658544540405273,3007000,0.0,0.0
2015-06-23 00:00:00-04:00,19.768235529299496,19.807412478064812,19.541015204251806,19.580190658569336,3579600,0.0,0.0
2015-06-24 00:00:00-04:00,19.50968170646714,19.627209612429006,19.470506235962656,19.501846313476562,4418300,0.0,0.0
2015-06-25 00:00:00-04:00,19.541012829052068,19.556682112205813,19.047393795742714,19.086570739746094,3624700,0.0,0.0
2015-06-26 00:00:00-04:00,19.06306541350857,19.07873619180058,18.851514389909468,18.96120834350586,4166900,0.0,0.0
2015-06-29 00:00:00-04:00,18.86719297976676,18.937710016829225,18.350069037607526,18.365739822387695,4313700,0.0,0.0
2015-06-30 00:00:00-04:00,18.420577103132043,18.475423328702096,17.887782635684285,17.926958084106445,6531000,0.0,0.0
2015-07-01 00:00:00-04:00,18.013144511703874,18.020979899689607,17.488185472239365,17.590044021606445,5229000,0.0,0.0
2015-07-02 00:00:00-04:00,17.754585685770227,17.848608863037683,17.4176714176961,17.70757484436035,4344800,0.0,0.0
2015-07-06 00:00:00-04:00,17.848609927502995,17.879949992162754,17.597881937985964,17.83293914794922,4338200,0.0,0.0
2015-07-07 00:00:00-04:00,17.82509832134332,18.193352561849153,17.73107516714644,18.09933090209961,4839400,0.0,0.0
2015-07-08 00:00:00-04:00,17.966133405702955,18.067990459077482,17.276634217892184,17.315811157226562,3674000,0.0,0.0
2015-07-09 00:00:00-04:00,17.480344822123005,17.51952175025819,17.0102321456298,17.15126609802246,4033700,0.0,0.0
2015-07-10 00:00:00-04:00,17.31581863515395,17.31581863515395,16.963233501115944,17.049421310424805,4933400,0.0,0.0
2015-07-13 00:00:00-04:00,17.14343668162048,17.425504684619913,16.955391844436697,17.41766929626465,3034800,0.0,0.0
2015-07-14 00:00:00-04:00,17.887782992962965,17.887782992962965,17.23746067281205,17.300142288208008,2920600,0.0,0.0
2015-07-15 00:00:00-04:00,17.331476978550306,17.386323183492564,17.049409073764984,17.15126609802246,2500100,0.0,0.0
2015-07-16 00:00:00-04:00,17.182621142726912,17.59788644614857,17.057257863077183,17.433347702026367,2902900,0.0,0.0
2015-07-17 00:00:00-04:00,17.417665483111072,17.558699453735,17.25312684701462,17.425500869750977,2888100,0.0,0.0
2015-07-20 00:00:00-04:00,17.464685051573884,17.472518947018013,16.75167951588524,16.900548934936523,6682600,0.0,0.0
2015-07-21 00:00:00-04:00,16.88487882762527,16.90054960803327,16.422601266724257,16.500953674316406,3878200,0.0,0.0
2015-07-22 00:00:00-04:00,16.469612734739705,17.26096917001221,16.414766500667476,17.221792221069336,5515900,0.0,0.0
2015-07-23 00:00:00-04:00,17.19044808507069,17.260965082019208,16.83002771239523,16.963226318359375,4074000,0.0,0.0
2015-07-24 00:00:00-04:00,16.900540184068536,16.95538639046571,16.74383695071191,16.76734161376953,5251100,0.0,0.0
2015-07-27 00:00:00-04:00,16.767348404989583,17.127768827139015,16.67332672578375,16.884876251220703,5097300,0.0,0.0
2015-07-28 00:00:00-04:00,16.900544166908546,17.3863277420237,16.830027172223325,17.362821578979492,4874600,0.0,0.0
2015-07-29 00:00:00-04:00,17.29230923149854,17.362826245134784,17.065088905463366,17.237462997436523,3431400,0.0,0.0
2015-07-30 00:00:00-04:00,17.178315346212614,17.809290494867312,17.107330453943533,17.635772705078125,3143500,0.145,0.0
2015-07-31 00:00:00-04:00,17.754071699382994,18.195754088048663,17.659424721059008,17.706748962402344,3948900,0.0,0.0
2015-08-03 00:00:00-04:00,17.659426673389635,17.825058527677303,17.32027709474795,17.564781188964844,5873900,0.0,0.0
2015-08-04 00:00:00-04:00,17.09943815536079,17.272955895211968,15.703404348328757,15.805938720703125,15806400,0.0,0.0
2015-08-05 00:00:00-04:00,15.821712455876066,16.53155969186228,15.734954335449071,15.798051834106445,7234600,0.0,0.0
2015-08-06 00:00:00-04:00,15.766497141629737,15.766497141629737,15.135522362798334,15.324814796447754,8551700,0.0,0.0
2015-08-07 00:00:00-04:00,15.316934499445669,15.932136321275522,15.301159746596978,15.458904266357422,5782100,0.0,0.0
2015-08-10 00:00:00-04:00,15.30904329196199,15.87692071313551,15.26960792407212,15.65608024597168,5558300,0.0,0.0
2015-08-11 00:00:00-04:00,15.592982435242643,15.703402666562138,15.0566530184974,15.167073249816895,5165700,0.0,0.0
2015-08-12 00:00:00-04:00,15.143418144874142,16.200302614587407,14.946238228947987,16.192415237426758,7055600,0.0,0.0
2015-08-13 00:00:00-04:00,16.192406698000323,16.3422622719329,15.924242033414293,16.0346622467041,3776100,0.0,0.0
2015-08-14 00:00:00-04:00,15.955801551952671,16.429033743472957,15.955801551952671,16.397485733032227,3873000,0.0,0.0
2015-08-17 00:00:00-04:00,16.35015238040292,16.783948941862757,16.34226500608225,16.752399444580078,4660800,0.0,0.0
2015-08-18 00:00:00-04:00,16.66563988236987,16.736624747110096,16.381701927771797,16.555219650268555,2813100,0.0,0.0
2015-08-19 00:00:00-04:00,16.42902612364658,16.752400978591186,16.3422665025375,16.531558990478516,5524000,0.0,0.0
2015-08-20 00:00:00-04:00,16.429025325039454,16.5867698095039,16.003117623966077,16.011003494262695,4372500,0.0,0.0
2015-08-21 00:00:00-04:00,15.837483467025521,15.940016313997178,15.372138960170131,15.443123817443848,5598300,0.0,0.0
2015-08-24 00:00:00-04:00,15.009336425478601,16.05833356580839,14.969899537879172,15.159192085266113,10988800,0.0,0.0
2015-08-25 00:00:00-04:00,15.65607748713561,16.081985101873716,14.891018848239009,14.906793594360352,6926200,0.0,0.0
2015-08-26 00:00:00-04:00,15.269610542115297,15.269610542115297,14.630746641350793,15.040881156921387,5600100,0.0,0.0
2015-08-27 00:00:00-04:00,15.119751311402936,15.93213285395247,15.088201812571699,15.632418632507324,6723500,0.0,0.0
2015-08-28 00:00:00-04:00,15.64030358888918,16.129310214622144,15.624528841912674,15.947903633117676,3367100,0.0,0.0
2015-08-31 00:00:00-04:00,15.798050933012794,16.018891413535727,15.372141713096376,15.711291313171387,5375500,0.0,0.0
2015-09-01 00:00:00-04:00,15.482567013021086,15.616649421883345,15.032997025766287,15.174966812133789,4611700,0.0,0.0
2015-09-02 00:00:00-04:00,15.514109276813778,15.545657267736084,14.646517713190686,14.733277320861816,5740100,0.0,0.0
2015-09-03 00:00:00-04:00,14.7490506462347,15.364250701341142,14.630741554687225,14.906793594360352,5498600,0.0,0.0
2015-09-04 00:00:00-04:00,14.717504677276278,14.733279427174002,14.133852470327016,14.141739845275879,5763800,0.0,0.0
2015-09-08 00:00:00-04:00,14.425679217085271,14.536099456809893,14.30737009810839,14.52032470703125,5226300,0.0,0.0
2015-09-09 00:00:00-04:00,14.630747015870332,14.796378903244253,14.173289738135585,14.196951866149902,4310600,0.0,0.0
2015-09-10 00:00:00-04:00,14.157515882621805,14.496664010086445,13.952448628391945,14.473003387451172,6888100,0.0,0.0
2015-09-11 00:00:00-04:00,14.378352095566214,14.551871299743652,14.307367240105014,14.551871299743652,3488200,0.0,0.0
2015-09-14 00:00:00-04:00,14.567652699963993,14.59920221088691,14.35469951868823,14.528217315673828,4808500,0.0,0.0
2015-09-15 00:00:00-04:00,14.709617051935664,15.174961635456647,14.678069057040185,15.025104522705078,6023300,0.0,0.0
2015-09-16 00:00:00-04:00,15.01721723372127,15.096087965691272,14.851585386986148,14.962005615234375,6446200,0.0,0.0
2015-09-17 00:00:00-04:00,14.969894813380765,15.403691413887655,14.73327957991371,15.119751930236816,7428100,0.0,0.0
2015-09-18 00:00:00-04:00,15.096085605163667,15.190732574835915,13.999766355090616,14.181171417236328,15523100,0.0,0.0
2015-09-21 00:00:00-04:00,14.394127654311195,14.48877463505366,12.879786492970796,12.934996604919434,14325600,0.0,0.0
2015-09-22 00:00:00-04:00,12.974434911744078,12.974434911744078,11.783467668516389,12.114729881286621,19685900,0.0,0.0
2015-09-23 00:00:00-04:00,11.925436661663259,12.611622416254319,11.909662665559589,12.169939994812012,11341500,0.0,0.0
2015-09-24 00:00:00-04:00,12.02008385371114,12.351346072309449,11.815016622734769,12.209376335144043,10102900,0.0,0.0
2015-09-25 00:00:00-04:00,12.34345681605667,12.40655430024985,11.822902195372247,11.88599967956543,10803700,0.0,0.0
2015-09-28 00:00:00-04:00,11.886002814262046,11.964875066395182,11.68093631264267,11.744033813476562,9496600,0.0,0.0
2015-09-29 00:00:00-04:00,11.783466874210985,11.799241622413572,11.381220573403176,11.412769317626953,9956500,0.0,0.0
2015-09-30 00:00:00-04:00,11.507414307323373,11.791352974667694,11.507414307323373,11.712481498718262,10736900,0.0,0.0
2015-10-01 00:00:00-04:00,11.728258413711757,11.86234078361563,11.570514670348816,11.625724792480469,11130300,0.0,0.0
2015-10-02 00:00:00-04:00,11.475864416990465,11.815013158745595,11.475864416990465,11.728254318237305,14113000,0.0,0.0
2015-10-05 00:00:00-04:00,11.830790151485639,12.54852463366008,11.830790151485639,12.453878402709961,12920200,0.0,0.0
2015-10-06 00:00:00-04:00,12.48542476517709,12.564296985350605,12.162050016391902,12.445988655090332,5083800,0.0,0.0
2015-10-07 00:00:00-04:00,12.524865065456957,12.706270931672874,12.10684396392335,12.146279335021973,7447900,0.0,0.0
2015-10-08 00:00:00-04:00,12.106845127072114,12.3119116339035,11.846567741471667,12.18571662902832,13124400,0.0,0.0
2015-10-09 00:00:00-04:00,12.209374649786653,12.304021629619683,11.941210714197577,12.19360065460205,5324100,0.0,0.0
2015-10-12 00:00:00-04:00,12.233038593962544,12.288248713608814,11.66516039123851,11.759806632995605,4810400,0.0,0.0
2015-10-13 00:00:00-04:00,11.775579698743249,12.130503242621803,11.475866266615633,11.854451179504395,7284600,0.0,0.0
2015-10-14 00:00:00-04:00,11.909663437375686,12.209376152401124,11.807129823422164,11.988534927368164,4839600,0.0,0.0
2015-10-15 00:00:00-04:00,12.027971940272705,12.169941685839579,11.846566822876369,12.130505561828613,3516300,0.0,0.0
2015-10-16 00:00:00-04:00,12.146277943950233,12.209375433099474,11.657272026952901,11.846565246582031,4651900,0.0,0.0
2015-10-19 00:00:00-04:00,11.73614263879524,11.79924011920425,11.483752717159202,11.67304515838623,4159700,0.0,0.0
2015-10-20 00:00:00-04:00,11.665158451197966,12.130502959914681,11.665158451197966,12.027969360351562,5477300,0.0,0.0
2015-10-21 00:00:00-04:00,12.027968673732232,12.083178781044792,11.641496418181726,11.67304515838623,4224000,0.0,0.0
2015-10-22 00:00:00-04:00,11.751920675321697,11.870229055921179,11.562628168980396,11.767695426940918,5609400,0.0,0.0
2015-10-23 00:00:00-04:00,11.775580584831623,11.783467206974239,11.010522575573168,11.057846069335938,7593600,0.0,0.0
2015-10-26 00:00:00-04:00,11.065734440635177,11.081509191776748,10.31645106158583,10.371661186218262,9598700,0.0,0.0
2015-10-27 00:00:00-04:00,10.371658382321073,10.39532050263656,9.95363736843811,9.977298736572266,15136500,0.0,0.0
2015-10-28 00:00:00-04:00,9.985184905280542,10.521514199487868,9.977297532793672,10.277010917663574,8364600,0.0,0.0
2015-10-29 00:00:00-04:00,10.249097317496997,10.38468854506078,10.22516891688271,10.281001091003418,4403200,0.145,0.0
2015-10-30 00:00:00-04:00,10.22516891688271,10.344808638016262,10.089577689318926,10.281001091003418,4596400,0.0,0.0
2015-11-02 00:00:00-05:00,10.257074717021478,10.71967990459089,10.169339512705248,10.655872344970703,7998800,0.0,0.0
2015-11-03 00:00:00-05:00,10.608018360234567,11.014792173326027,10.60004222413955,10.751585006713867,7984600,0.0,0.0
2015-11-04 00:00:00-05:00,11.110501706768515,11.597034519271222,10.903126766103329,11.230140686035156,10410700,0.0,0.0
2015-11-05 00:00:00-05:00,11.126452828285634,11.222164160495547,10.735631364933642,10.831342697143555,7089400,0.0,0.0
2015-11-06 00:00:00-05:00,10.67182521494107,10.7755126953125,10.392666555429827,10.7755126953125,6664900,0.0,0.0
2015-11-09 00:00:00-05:00,10.751583595407467,11.006814592421717,10.464449579493305,10.608016967773438,6140600,0.0,0.0
2015-11-10 00:00:00-05:00,10.496352654085833,10.966933941269112,10.496352654085833,10.831342697143555,4705400,0.0,0.0
2015-11-11 00:00:00-05:00,10.887172827156547,10.958956507968132,10.257072727632364,10.392663955688477,6904100,0.0,0.0
2015-11-12 00:00:00-05:00,10.28100300251508,10.464449544123102,9.961964447487155,9.977916717529297,7222600,0.0,0.0
2015-11-13 00:00:00-05:00,10.00184394013262,10.24909879083548,9.834348914984506,10.0576753616333,8722100,0.0,0.0
2015-11-16 00:00:00-05:00,10.001845047433937,10.233147654374864,9.977917401376919,10.14541244506836,7307400,0.0,0.0
2015-11-17 00:00:00-05:00,10.145410773725496,10.161362281586959,9.539238262069356,9.5870943069458,4630100,0.0,0.0
2015-11-18 00:00:00-05:00,9.66685430168204,9.834349333966093,9.435551710494165,9.674830436706543,11028600,0.0,0.0
2015-11-19 00:00:00-05:00,9.714710046634881,9.714710046634881,9.276032522438713,9.515311241149902,5685000,0.0,0.0
2015-11-20 00:00:00-05:00,9.642925884833554,9.65090201921915,9.387695669662813,9.571142196655273,4181000,0.0,0.0
2015-11-23 00:00:00-05:00,9.642923459315513,9.754586270042758,9.43554858132799,9.690778732299805,6477200,0.0,0.0
2015-11-24 00:00:00-05:00,9.611022847688943,10.113507942966693,9.611022847688943,10.065651893615723,6917800,0.0,0.0
2015-11-25 00:00:00-05:00,10.009820382176128,10.009820382176128,9.634950407591871,9.714710235595703,6371000,0.0,0.0
2015-11-27 00:00:00-05:00,9.71470855242969,9.754587698876069,9.212223548616501,9.268054962158203,3425900,0.0,0.0
2015-11-30 00:00:00-05:00,9.307935115165979,9.90613145541754,9.180320017615669,9.858275413513184,8749800,0.0,0.0
2015-12-01 00:00:00-05:00,9.714711428361367,10.089580688325723,9.603047807575239,9.850302696228027,6499100,0.0,0.0
2015-12-02 00:00:00-05:00,9.738640910174947,9.738640910174947,8.39070487411601,8.60605525970459,14984800,0.0,0.0
2015-12-03 00:00:00-05:00,8.7815203898005,9.29198065981163,8.542241757909881,8.749616622924805,17098200,0.0,0.0
2015-12-04 00:00:00-05:00,8.725692127177203,8.73366826262246,7.0268148309365746,7.1783576011657715,28919500,0.0,0.0
2015-12-07 00:00:00-05:00,7.106572780305554,7.744649062805929,7.018837586212086,7.617033958435059,14567100,0.0,0.0
2015-12-08 00:00:00-05:00,7.537275828926575,8.279039740310278,7.337876993448908,8.047737121582031,17914200,0.0,0.0
2015-12-09 00:00:00-05:00,8.047736095301332,8.502365138807448,7.936072487841016,8.414629936218262,11716200,0.0,0.0
2015-12-10 00:00:00-05:00,8.374746267531052,8.653904780707055,8.255107339396053,8.350818634033203,7126900,0.0,0.0
2015-12-11 00:00:00-05:00,8.239156783863349,8.302964326842964,8.047734154924505,8.087614059448242,8512800,0.0,0.0
2015-12-14 00:00:00-05:00,8.071662454375755,8.191302177744367,7.27406734116891,7.337874889373779,10894500,0.0,0.0
2015-12-15 00:00:00-05:00,7.38573182188323,7.720721870695804,7.353828043931845,7.401683330535889,9406800,0.0,0.0
2015-12-16 00:00:00-05:00,7.457516788528343,7.760602350605953,7.369780813664544,7.688819408416748,9996500,0.0,0.0
2015-12-17 00:00:00-05:00,7.680844357471286,7.752628070447533,7.353830341153985,7.593109130859375,6540600,0.0,0.0
2015-12-18 00:00:00-05:00,7.521321898076724,8.302964716590912,7.521321898076724,8.271060943603516,21494300,0.0,0.0
2015-12-21 00:00:00-05:00,8.1514244631534,8.933067519292651,8.015833196574768,8.82938003540039,12196100,0.0,0.0
2015-12-22 00:00:00-05:00,8.75759609205088,8.972947189714175,8.558197265612787,8.693788528442383,6320100,0.0,0.0
2015-12-23 00:00:00-05:00,8.77355069394682,9.37972346990191,8.741646903667414,9.204252243041992,6631500,0.0,0.0
2015-12-24 00:00:00-05:00,9.188297431176698,9.339840190464004,9.068657690074637,9.172345161437988,4220000,0.0,0.0
2015-12-28 00:00:00-05:00,9.17234824227421,9.236155821368758,8.821406557254196,9.068660736083984,4710900,0.0,0.0
2015-12-29 00:00:00-05:00,9.124486165374908,9.339837173405886,8.7894969761809,9.2122220993042,5219100,0.0,0.0
2015-12-30 00:00:00-05:00,9.060676623377462,9.29995521469348,8.837350293117163,8.84532642364502,3956200,0.0,0.0
2015-12-31 00:00:00-05:00,8.86128187276913,9.523285788666271,8.853306499333005,9.3876953125,4772000,0.0,0.0
2016-01-04 00:00:00-05:00,9.228176629022807,9.475431486650317,8.96497026222525,9.196272850036621,6279800,0.0,0.0
2016-01-05 00:00:00-05:00,9.228173214570921,9.603043049440206,8.86925564361539,9.547211647033691,6550300,0.0,0.0
2016-01-06 00:00:00-05:00,9.34781597624071,9.403647396949003,8.72569117129375,8.79747486114502,8211400,0.0,0.0
2016-01-07 00:00:00-05:00,8.637955580758534,9.299959507214005,8.558195759957094,8.980921745300293,6546400,0.0,0.0
2016-01-08 00:00:00-05:00,9.06067978509007,9.363766005099148,8.821401870924005,9.04472827911377,6937800,0.0,0.0
2016-01-11 00:00:00-05:00,9.036753054577781,9.068656830384702,8.119518929644318,8.159398078918457,10061300,0.0,0.0
2016-01-12 00:00:00-05:00,8.223205747373791,8.50236357366724,7.8084559337090695,7.896191120147705,9426800,0.0,0.0
2016-01-13 00:00:00-05:00,8.007854279987976,8.1913015372166,7.640960526176646,7.832383155822754,8335300,0.0,0.0
2016-01-14 00:00:00-05:00,7.87226518835107,8.454510128378327,7.6888186421831355,8.358798027038574,8482300,0.0,0.0
2016-01-15 00:00:00-05:00,8.087614772059766,8.167373827489014,7.593105890072897,8.06368637084961,6972900,0.0,0.0
2016-01-19 00:00:00-05:00,8.151423354673232,8.294989976915762,7.864288588896023,7.999879837036133,7006900,0.0,0.0
2016-01-20 00:00:00-05:00,7.744649110130118,7.808456662705454,7.11454895796416,7.640961647033691,9379500,0.0,0.0
2016-01-21 00:00:00-05:00,7.65691577834212,8.35879902743112,7.632987369820337,7.888218402862549,9008100,0.0,0.0
2016-01-22 00:00:00-05:00,8.00785205882195,8.16737087261408,7.760597326959871,7.920116901397705,8052800,0.0,0.0
2016-01-25 00:00:00-05:00,7.680839317284727,7.784526750138646,7.122523014771618,7.162402153015137,7453200,0.0,0.0
2016-01-26 00:00:00-05:00,7.321923294612215,7.760599993084879,7.14645215883557,7.71274471282959,5084100,0.0,0.0
2016-01-27 00:00:00-05:00,7.720723346441121,8.207256243357548,7.545252153845764,7.888218402862549,7390400,0.0,0.0
2016-01-28 00:00:00-05:00,7.948924170791187,8.216046823685858,7.811315437849829,8.17557430267334,6482800,0.145,0.0
2016-01-29 00:00:00-05:00,8.337468627794212,8.734105292228348,8.337468627794212,8.612686157226562,7807900,0.0,0.0
2016-02-01 00:00:00-05:00,8.604590129769084,8.70982039219096,8.183669080081586,8.636968612670898,6163000,0.0,0.0
2016-02-02 00:00:00-05:00,8.55602079578194,8.701724333984046,8.256519678782798,8.66934585571289,5154100,0.0,0.0
2016-02-03 00:00:00-05:00,8.77457809958774,9.454527069956383,8.758388470786587,9.211688041687012,8692500,0.0,0.0
2016-02-04 00:00:00-05:00,9.098363711363397,9.826880856656715,9.057890407964203,9.454527854919434,11622800,0.0,0.0
2016-02-05 00:00:00-05:00,9.389772501784963,9.559759787881621,9.033608296647113,9.365488052368164,11192500,0.0,0.0
2016-02-08 00:00:00-05:00,9.24406928207362,9.648800859145268,8.863621383476287,9.017419815063477,9316300,0.0,0.0
2016-02-09 00:00:00-05:00,8.823145436929645,8.912186851356202,8.580307180765555,8.774578094482422,5342900,0.0,0.0
2016-02-10 00:00:00-05:00,8.71791302431255,8.879805398309218,8.232235130358815,8.661250114440918,5083900,0.0,0.0
2016-02-11 00:00:00-05:00,8.45079270366467,8.556022977874369,7.714181556160784,7.762749671936035,5993100,0.0,0.0
2016-02-12 00:00:00-05:00,7.8517893786432715,7.876073047647093,7.309449215119749,7.7546539306640625,6319600,0.0,0.0
2016-02-16 00:00:00-05:00,7.74656156380043,7.932738476871812,7.689899394239827,7.851791858673096,4103200,0.0,0.0
2016-02-17 00:00:00-05:00,7.940833030124438,8.701727973745907,7.9165485822905035,8.256523132324219,6843000,0.0,0.0
2016-02-18 00:00:00-05:00,8.256521606205146,8.523644307290901,8.143197291783308,8.44269847869873,7247200,0.0,0.0
2016-02-19 00:00:00-05:00,8.321281602130558,8.329376419520933,7.900361133366583,8.102726936340332,5761600,0.0,0.0
2016-02-22 00:00:00-05:00,8.216047246993112,8.564116503773759,8.191763578741687,8.556021690368652,6488700,0.0,0.0
2016-02-23 00:00:00-05:00,8.45888607133381,8.539832659791385,8.207953036650304,8.353655815124512,4410900,0.0,0.0
2016-02-24 00:00:00-05:00,8.240330928096306,8.863616835557462,8.070343722068023,8.766481399536133,6341400,0.0,0.0
2016-02-25 00:00:00-05:00,8.790766429023952,9.203592675118024,8.628874010545085,8.823144912719727,3836800,0.0,0.0
2016-02-26 00:00:00-05:00,8.879809482146067,9.163121073944701,8.84743099245582,8.968850135803223,5193400,0.0,0.0
2016-02-29 00:00:00-05:00,8.377941781490573,8.887902757022538,8.183670088184469,8.7260103225708,10349500,0.0,0.0
2016-03-01 00:00:00-05:00,8.798862607570275,9.13074230991476,8.62887534881285,9.114553451538086,6735600,0.0,0.0
2016-03-02 00:00:00-05:00,9.009322477223048,9.867352748217241,8.9445655047693,9.843069076538086,5908300,0.0,0.0
2016-03-03 00:00:00-05:00,9.802597121030105,10.33684337503723,9.770218630359745,10.134477615356445,7250600,0.0,0.0
2016-03-04 00:00:00-05:00,10.110190173818069,10.765855380644899,10.069716879476974,10.579678535461426,8034300,0.0,0.0
2016-03-07 00:00:00-05:00,10.571586310500052,11.461995079168464,10.547301866544684,11.041074752807617,9337800,0.0,0.0
2016-03-08 00:00:00-05:00,11.000602850245178,11.049170200403248,10.077814705636607,10.126382827758789,9361400,0.0,0.0
2016-03-09 00:00:00-05:00,10.174947281207375,10.393502610590431,9.713553726239446,10.004960060119629,15573300,0.0,0.0
2016-03-10 00:00:00-05:00,10.069720963266434,10.53111547073187,9.915923308754087,10.433979988098145,7738800,0.0,0.0
2016-03-11 00:00:00-05:00,10.628246778339728,11.227249071927572,10.620151964975703,11.122018814086914,8501900,0.0,0.0
2016-03-14 00:00:00-04:00,11.11392454689507,11.283911776073841,10.9358432759184,11.065357208251953,6334900,0.0,0.0
2016-03-15 00:00:00-04:00,10.960129595687675,10.984413270881666,10.39350561872183,10.76585865020752,5352200,0.0,0.0
2016-03-16 00:00:00-04:00,10.806330946766863,11.251534962221072,10.725384341067528,11.21106243133545,5218900,0.0,0.0
2016-03-17 00:00:00-04:00,11.381049794030627,11.631982884551071,11.000601978766024,11.300103187561035,5091800,0.0,0.0
2016-03-18 00:00:00-04:00,11.308197896967107,11.712929381606232,11.041075178862407,11.089642524719238,8065700,0.0,0.0
2016-03-21 00:00:00-04:00,11.065357086535274,11.332479762025914,10.919653528280772,10.976316452026367,4556800,0.0,0.0
2016-03-22 00:00:00-04:00,10.927748784325003,11.267723252705563,10.83061333221112,11.1463041305542,3819100,0.0,0.0
2016-03-23 00:00:00-04:00,11.08154497249429,11.105829411388232,10.506826375389846,10.514921188354492,4170300,0.0,0.0
2016-03-24 00:00:00-04:00,10.409693763203558,10.668722444683086,9.996868225404299,10.636343955993652,5809700,0.0,0.0
2016-03-28 00:00:00-04:00,10.684913125244217,10.725386435999317,10.25589788395422,10.433979988098145,3114900,0.0,0.0
2016-03-29 00:00:00-04:00,10.344937143247119,10.70919534657955,9.794502816508992,10.701101303100586,7167000,0.0,0.0
2016-03-30 00:00:00-04:00,10.80633253325761,10.976319812611017,10.466357974550798,10.474452018737793,5551600,0.0,0.0
2016-03-31 00:00:00-04:00,10.474447845034103,10.68490834931791,10.37731240581785,10.531110763549805,5116800,0.0,0.0
2016-04-01 00:00:00-04:00,10.50683095890453,10.51492577540047,9.980680238095385,10.336844444274902,7085200,0.0,0.0
2016-04-04 00:00:00-04:00,10.336842246507155,10.741573721681956,10.215422340776298,10.369220733642578,6554300,0.0,0.0
2016-04-05 00:00:00-04:00,10.280181673261106,10.320654984455734,9.875450105243234,9.883544921875,12557900,0.0,0.0
2016-04-06 00:00:00-04:00,9.948300264601933,9.996868384390522,9.46262215457234,9.737839698791504,10375700,0.0,0.0
2016-04-07 00:00:00-04:00,9.729744192112102,10.11019119005326,9.689270893702798,9.907825469970703,8468700,0.0,0.0
2016-04-08 00:00:00-04:00,10.094002240769607,10.52301734723786,10.094002240769607,10.255894660949707,5634600,0.0,0.0
2016-04-11 00:00:00-04:00,10.336841894236436,10.814424370217317,10.28017896470745,10.612058639526367,5292800,0.0,0.0
2016-04-12 00:00:00-04:00,10.636343798584019,10.830614727845559,10.393504751025068,10.74966812133789,4739300,0.0,0.0
2016-04-13 00:00:00-04:00,10.7739516181984,11.049168357780333,10.579679934071647,10.871087074279785,4157500,0.0,0.0
2016-04-14 00:00:00-04:00,10.871086985746867,10.968222441037193,10.717288602564205,10.773951530456543,3609000,0.0,0.0
2016-04-15 00:00:00-04:00,10.701100054884636,11.170588488321625,10.644437125356724,11.049168586730957,4331300,0.0,0.0
2016-04-18 00:00:00-04:00,10.75776410871029,11.267725932568032,10.62015532582975,11.154400825500488,5437400,0.0,0.0
2016-04-19 00:00:00-04:00,11.259625683618468,11.59960006881164,11.113922155117464,11.58341121673584,7431300,0.0,0.0
2016-04-20 00:00:00-04:00,11.575318866526056,11.575318866526056,11.251533264546769,11.397236824035645,6106800,0.0,0.0
2016-04-21 00:00:00-04:00,11.421523982708987,11.63198457249918,11.211064164882956,11.32438850402832,6258100,0.0,0.0
2016-04-22 00:00:00-04:00,11.397236918052995,11.793873531084701,11.340574765323876,11.494372367858887,5664500,0.0,0.0
2016-04-25 00:00:00-04:00,11.413427726773651,11.591509017197673,11.308197452269994,11.478184700012207,5069200,0.0,0.0
2016-04-26 00:00:00-04:00,11.502465797412135,11.785778070890617,11.494370984578158,11.77768325805664,5349500,0.0,0.0
2016-04-27 00:00:00-04:00,11.850535743769916,12.352402590262322,11.834346117126344,12.125752449035645,8405500,0.0,0.0
2016-04-28 00:00:00-04:00,12.044646572527805,12.433968100655571,11.898650612723333,12.166309356689453,6280500,0.03,0.0
2016-04-29 00:00:00-04:00,12.247416496276855,12.36907926157568,12.044644705103483,12.247416496276855,5496800,0.0,0.0
2016-05-02 00:00:00-04:00,12.174417524543506,12.231193373869669,11.971645750078142,12.085197448730469,7783500,0.0,0.0
2016-05-03 00:00:00-04:00,11.96353682600188,11.987869226691444,11.290334476657057,11.37955379486084,5892400,0.0,0.0
2016-05-04 00:00:00-04:00,11.460663535086216,11.914871985688736,11.444441417950996,11.8580961227417,7506400,0.0,0.0
2016-05-05 00:00:00-04:00,12.101419970018966,12.717846370821917,11.979757210642603,12.052754402160645,7549500,0.0,0.0
2016-05-06 00:00:00-04:00,12.068979472073018,12.644851502964386,12.036536010058567,12.588075637817383,6041800,0.0,0.0
2016-05-09 00:00:00-04:00,12.701626836130075,12.79084693306788,12.36908117103165,12.69351577758789,5664100,0.0,0.0
2016-05-10 00:00:00-04:00,12.774621838233275,12.953061217001743,12.620515629419328,12.93683910369873,4599100,0.0,0.0
2016-05-11 00:00:00-04:00,12.93684683240016,13.09906419477714,12.652966641618795,12.790851593017578,5384400,0.0,0.0
2016-05-12 00:00:00-04:00,12.88817567802402,13.001728162652226,12.588073511699141,12.677292823791504,4776800,0.0,0.0
2016-05-13 00:00:00-04:00,12.636742002668926,12.81518145251329,12.474524672589164,12.53130054473877,4175200,0.0,0.0
2016-05-16 00:00:00-04:00,12.571854820272938,12.944955058782858,12.523189235461544,12.782737731933594,5913900,0.0,0.0
2016-05-17 00:00:00-04:00,12.758402294894788,13.10717006603359,12.628628456381676,12.80706787109375,4640000,0.0,0.0
2016-05-18 00:00:00-04:00,12.685406257485523,12.8638449150947,12.312306050691445,12.417747497558594,4154000,0.0,0.0
2016-05-19 00:00:00-04:00,12.304195871846085,12.734071975584168,12.231197882368951,12.563743591308594,3255100,0.0,0.0
2016-05-20 00:00:00-04:00,12.628629924476678,12.831401764104182,12.563742997676933,12.758403778076172,3024600,0.0,0.0
2016-05-23 00:00:00-04:00,12.725959552070158,13.099059745567173,12.701627149356673,12.89628791809082,3280200,0.0,0.0
2016-05-24 00:00:00-04:00,12.985507906475899,13.14772443885768,12.73407050220394,12.993618965148926,3819500,0.0,0.0
2016-05-25 00:00:00-04:00,12.669182452471944,12.936841176759073,12.515076218963289,12.855732917785645,6265700,0.0,0.0
2016-05-26 00:00:00-04:00,12.920620775690374,13.05039461831287,12.620518571247574,12.69351577758789,7175600,0.0,0.0
2016-05-27 00:00:00-04:00,12.70162353527705,13.18827609215498,12.70162353527705,13.131500244140625,3843500,0.0,0.0
2016-05-31 00:00:00-04:00,13.17205562771244,13.585710275474488,13.131501887491583,13.28560733795166,5780300,0.0,0.0
2016-06-01 00:00:00-04:00,13.253165841338893,13.731707444499413,13.220721608637627,13.666820526123047,6392200,0.0,0.0
2016-06-02 00:00:00-04:00,13.585712106681626,14.072364790057557,13.585712106681626,13.910146713256836,4419400,0.0,0.0
2016-06-03 00:00:00-04:00,14.03180417946047,14.250798036037557,13.837143489289387,14.104802131652832,6667200,0.0,0.0
2016-06-06 00:00:00-04:00,14.194030900967626,14.518465583584423,14.145366085331755,14.494133949279785,6683400,0.0,0.0
2016-06-07 00:00:00-04:00,14.445463252352443,14.599570260491616,14.250802501189023,14.518461227416992,6320100,0.0,0.0
2016-06-08 00:00:00-04:00,14.65634465097819,14.85911643983406,14.388685951569478,14.421130180358887,4577600,0.0,0.0
2016-06-09 00:00:00-04:00,13.715485053874264,13.72359611188738,13.017949535007613,13.455937385559082,10766900,0.0,0.0
2016-06-10 00:00:00-04:00,13.26938541606164,13.26938541606164,12.052753995756529,12.085197448730469,9009700,0.0,0.0
2016-06-13 00:00:00-04:00,12.044644005339203,12.3123026922567,11.890537019833399,12.068976402282715,5681300,0.0,0.0
2016-06-14 00:00:00-04:00,12.004091183086588,12.077089157696959,11.428219217676293,11.541770935058594,7032800,0.0,0.0
2016-06-15 00:00:00-04:00,11.452551639567162,11.63099104744866,11.16056051408994,11.314666748046875,6757400,0.0,0.0
2016-06-16 00:00:00-04:00,11.225449205712358,11.525551436613435,11.047009769617897,11.330890655517578,8548500,0.0,0.0
2016-06-17 00:00:00-04:00,11.371443788146859,11.939204717025012,11.371443788146859,11.67154598236084,6458200,0.0,0.0
2016-06-20 00:00:00-04:00,11.712101100083888,11.939206117077113,11.54988378331243,11.557994842529297,3950400,0.0,0.0
2016-06-21 00:00:00-04:00,11.566105072249078,11.728322377386647,11.41199805223354,11.622880935668945,3314300,0.0,0.0
2016-06-22 00:00:00-04:00,11.59855153424244,11.647216351618502,11.25789471855671,11.468777656555176,4075800,0.0,0.0
2016-06-23 00:00:00-04:00,11.57421128584933,11.801315417974763,11.525545727923193,11.785093307495117,3186600,0.0,0.0
2016-06-24 00:00:00-04:00,11.493106704757892,11.639102661224767,11.249780368484132,11.347110748291016,7257900,0.0,0.0
2016-06-27 00:00:00-04:00,11.201111727503633,11.338995804852049,10.722570277280813,10.803678512573242,5504900,0.0,0.0
2016-06-28 00:00:00-04:00,11.022676909547558,11.574216540024976,11.022676909547558,11.509328842163086,6337900,0.0,0.0
2016-06-29 00:00:00-04:00,11.65532436487908,12.036535611046562,11.647213306266062,11.9310941696167,5609900,0.0,0.0
2016-06-30 00:00:00-04:00,11.963537591628127,12.17442047380167,11.606659522460925,12.158198356628418,5480100,0.0,0.0
2016-07-01 00:00:00-04:00,12.190640687458934,12.498853923563015,12.133864829641595,12.182530403137207,4415500,0.0,0.0
2016-07-05 00:00:00-04:00,12.044645921398429,12.109532839245292,11.517438747001318,11.760765075683594,3326900,0.0,0.0
2016-07-06 00:00:00-04:00,11.679655705551625,11.931093085108245,11.614768789571798,11.866206169128418,2517200,0.0,0.0
2016-07-07 00:00:00-04:00,11.88242444284423,12.117639645907287,11.647209239781173,11.809427261352539,3597900,0.0,0.0
2016-07-08 00:00:00-04:00,11.91487027635946,12.22308349609375,11.906759992468485,12.22308349609375,3921300,0.0,0.0
2016-07-11 00:00:00-04:00,12.125753994634469,12.46641069482465,12.109532652179874,12.45829963684082,3267700,0.0,0.0
2016-07-12 00:00:00-04:00,12.563742530427387,12.953064850260027,12.563742530427387,12.798957824707031,4065800,0.0,0.0
2016-07-13 00:00:00-04:00,12.823287264533267,12.880063113447658,12.571849925674098,12.871952056884766,4365900,0.0,0.0
2016-07-14 00:00:00-04:00,12.661073080391684,12.99361953905569,12.401525379496034,12.417747497558594,5740000,0.0,0.0
2016-07-15 00:00:00-04:00,12.450189308910879,12.612406600455898,12.352858160470808,12.54751968383789,3465000,0.0,0.0
2016-07-18 00:00:00-04:00,12.547520878862297,12.604296742932114,12.45019049466555,12.596185684204102,3310900,0.0,0.0
2016-07-19 00:00:00-04:00,12.555631800446966,12.596186322629359,11.849985899120746,11.874319076538086,4485200,0.0,0.0
2016-07-20 00:00:00-04:00,11.785098619049542,11.987870450357754,11.501218519325937,11.898651123046875,5182100,0.0,0.0
2016-07-21 00:00:00-04:00,11.882426123488868,12.052754451419677,11.760763363615276,11.81753921508789,4363300,0.0,0.0
2016-07-22 00:00:00-04:00,11.858098198050882,12.07709217662422,11.776989918719215,11.995983123779297,3523400,0.0,0.0
2016-07-25 00:00:00-04:00,12.012205243753584,12.190643922391205,11.8905416644862,11.995983123779297,2850600,0.0,0.0
2016-07-26 00:00:00-04:00,12.036537951636893,12.206866348066217,11.89865302245538,11.979762077331543,2584700,0.0,0.0
2016-07-27 00:00:00-04:00,12.060868716788182,12.158199105281543,11.25789243158308,11.339000701904297,5553900,0.0,0.0
2016-07-28 00:00:00-04:00,11.355257240735494,11.525951901304051,11.217075811933489,11.452796936035156,3548900,0.03,0.0
2016-07-29 00:00:00-04:00,11.404025655638362,11.485309115193559,11.192690056112585,11.249588012695312,4590400,0.0,0.0
2016-08-01 00:00:00-04:00,11.200816884970287,11.298356563519674,10.94071107550525,11.103277206420898,4738000,0.0,0.0
2016-08-02 00:00:00-04:00,11.119534938114418,11.273972578843114,11.005738251404084,11.192689895629883,3456900,0.0,0.0
2016-08-03 00:00:00-04:00,11.217077723354743,11.818573001120761,11.10328100519223,11.493440628051758,3950900,0.0,0.0
2016-08-04 00:00:00-04:00,11.460923989243781,11.582848399164387,11.021995028282506,11.217074394226074,4995500,0.0,0.0
2016-08-05 00:00:00-04:00,11.087022498204899,11.322743614085738,11.05450926757225,11.070765495300293,3833300,0.0,0.0
2016-08-08 00:00:00-04:00,11.135793963615848,11.282103915421095,10.97322778115263,10.989484786987305,4528000,0.0,0.0
2016-08-09 00:00:00-04:00,10.981352625568022,11.233329930644118,10.363600562838812,10.428627014160156,5769100,0.0,0.0
2016-08-10 00:00:00-04:00,10.444886106262285,10.656221727790312,10.19290797554883,10.363602638244629,5298800,0.0,0.0
2016-08-11 00:00:00-04:00,10.412373176845517,10.60745257554819,10.314832702317554,10.542426109313965,3624700,0.0,0.0
2016-08-12 00:00:00-04:00,10.583065821657042,10.68873322770792,10.29857450487752,10.339216232299805,3449000,0.0,0.0
2016-08-15 00:00:00-04:00,10.379858182341033,10.461140863752416,10.201035042953606,10.249804496765137,4669100,0.0,0.0
2016-08-16 00:00:00-04:00,10.274190361858759,10.347344545160764,9.981570527944656,9.997827529907227,4576600,0.0,0.0
2016-08-17 00:00:00-04:00,9.981571301089899,10.11975272776882,9.819005144754867,10.062854766845703,5199200,0.0,0.0
2016-08-18 00:00:00-04:00,10.0709826872999,10.217291831970215,10.038469457909104,10.217291831970215,3166300,0.0,0.0
2016-08-19 00:00:00-04:00,10.16852330146589,10.16852330146589,9.981571634061712,10.054726600646973,2549400,0.0,0.0
2016-08-22 00:00:00-04:00,9.989696583731574,10.160391186674763,9.908413144167644,10.152262687683105,3361900,0.0,0.0
2016-08-23 00:00:00-04:00,10.201036117895168,10.404244005601539,10.144137382217314,10.2091646194458,4414300,0.0,0.0
2016-08-24 00:00:00-04:00,10.201035290351918,10.25793324623744,9.867774505576987,9.916543960571289,3306900,0.0,0.0
2016-08-25 00:00:00-04:00,9.92467356860739,10.127881462497651,9.916545066809396,10.038470268249512,1913500,0.0,0.0
2016-08-26 00:00:00-04:00,10.087238320683,10.306703187535808,9.924672183297488,9.965313911437988,3124300,0.0,0.0
2016-08-29 00:00:00-04:00,9.989704029085981,10.184783499221094,9.965319289113319,10.176655769348145,2509500,0.0,0.0
2016-08-30 00:00:00-04:00,10.19291007693181,10.266065058194103,9.884033920033664,9.908418655395508,2537100,0.0,0.0
2016-08-31 00:00:00-04:00,9.884031242486284,9.957186203931169,9.550770440505408,9.843389511108398,4021800,0.0,0.0
2016-09-01 00:00:00-04:00,9.83526412679686,9.892162099167646,9.39633502879301,9.428848266601562,4334300,0.0,0.0
2016-09-02 00:00:00-04:00,9.518255466871262,9.819002983693794,9.518255466871262,9.737719535827637,2527700,0.0,0.0
2016-09-06 00:00:00-04:00,9.737721702564317,9.94905809389958,9.623925780442697,9.875903129577637,2441100,0.0,0.0
2016-09-07 00:00:00-04:00,9.875902340717511,10.144136671687757,9.875902340717511,9.997827529907227,3561500,0.0,0.0
2016-09-08 00:00:00-04:00,9.98970018585018,10.168523352265668,9.932802222744774,10.095368385314941,5409300,0.0,0.0
2016-09-09 00:00:00-04:00,9.957188574784753,9.957188574784753,9.42071976335524,9.428848266601562,3863000,0.0,0.0
2016-09-12 00:00:00-04:00,9.583281915093625,9.79461825940451,9.404458794893921,9.737719535827637,4535100,0.0,0.0
2016-09-13 00:00:00-04:00,9.526385468136775,9.583283425504867,8.762323418336372,8.92488956451416,6640100,0.0,0.0
2016-09-14 00:00:00-04:00,8.924890258814125,9.06307168760902,8.746067871695574,8.851736068725586,6349800,0.0,0.0
2016-09-15 00:00:00-04:00,8.794836907985667,9.193124946885158,8.69729721739086,9.063071250915527,6636300,0.0,0.0
2016-09-16 00:00:00-04:00,8.924890535537047,9.184997172897491,8.827350837218113,9.152483940124512,9279500,0.0,0.0
2016-09-19 00:00:00-04:00,9.160613012621074,9.209382477229521,8.998046063455142,9.11997127532959,3089900,0.0,0.0
2016-09-20 00:00:00-04:00,9.160610811238788,9.371946399050545,9.07119885564874,9.290663719177246,5937700,0.0,0.0
2016-09-21 00:00:00-04:00,9.380077831523026,9.737723440143125,9.347564594375745,9.656440734863281,6697600,0.0,0.0
2016-09-22 00:00:00-04:00,9.737717417201068,9.827129345435852,9.355687310806738,9.558895111083984,5600400,0.0,0.0
2016-09-23 00:00:00-04:00,9.477616444462885,9.632054884394844,9.355692013086395,9.3719482421875,5562700,0.0,0.0
2016-09-26 00:00:00-04:00,9.339433287537362,9.380075015564739,9.144353923217741,9.184995651245117,4892900,0.0,0.0
2016-09-27 00:00:00-04:00,9.152483606043036,9.19312533931992,8.965531943040007,9.095584869384766,3556100,0.0,0.0
2016-09-28 00:00:00-04:00,9.136223761404377,9.339431589416982,9.103710539929414,9.282533645629883,5283600,0.0,0.0
2016-09-29 00:00:00-04:00,9.241895509887389,9.266280241658267,8.965532632561946,9.022431373596191,4856400,0.0,0.0
2016-09-30 00:00:00-04:00,9.08745647368239,9.152482932066306,8.973659783922272,9.111841201782227,4397900,0.0,0.0
2016-10-03 00:00:00-04:00,9.201252548606186,9.44510215938344,8.973659940296471,9.168739318847656,5168000,0.0,0.0
2016-10-04 00:00:00-04:00,9.152486204357295,9.184999445173721,8.811096788196416,8.981791496276855,5934000,0.0,0.0
2016-10-05 00:00:00-04:00,9.054943777991095,9.071200005956598,8.843607388203552,8.916762351989746,4074400,0.0,0.0
2016-10-06 00:00:00-04:00,8.86799211774009,9.038686774849019,8.835478886632513,8.916762351989746,4210400,0.0,0.0
2016-10-07 00:00:00-04:00,9.00617302519132,9.08745648586848,8.91676183858767,8.92488956451416,5827400,0.0,0.0
2016-10-10 00:00:00-04:00,9.02242787383018,9.298789868779192,9.02242787383018,9.282533645629883,3755200,0.0,0.0
2016-10-11 00:00:00-04:00,9.217510540542301,9.250023773791018,8.908634437091182,9.046815872192383,5548800,0.0,0.0
2016-10-12 00:00:00-04:00,9.063073674079982,9.184998901304658,8.941149222032067,9.054945945739746,3423200,0.0,0.0
2016-10-13 00:00:00-04:00,8.99804517324074,9.217510067796166,8.835479015334824,9.160612106323242,4231700,0.0,0.0
2016-10-14 00:00:00-04:00,9.160615192458907,9.31505290070417,8.957407232823282,9.030561447143555,5277000,0.0,0.0
2016-10-17 00:00:00-04:00,9.046815276420057,9.144354969742793,8.876120619311129,8.916762351989746,3838800,0.0,0.0
2016-10-18 00:00:00-04:00,9.046814332503802,9.558898250401356,8.941146148635116,9.510128021240234,9783300,0.0,0.0
2016-10-19 00:00:00-04:00,9.550767234904164,9.851514705875736,9.33943092281291,9.835258483886719,5508900,0.0,0.0
2016-10-20 00:00:00-04:00,9.82713304729802,9.875902503637226,9.250022646107208,9.461359024047852,6933600,0.0,0.0
2016-10-21 00:00:00-04:00,9.36382007598877,9.656439162672196,9.209381643301183,9.36382007598877,6072000,0.0,0.0
2016-10-24 00:00:00-04:00,9.404464123880182,9.534517094018685,8.98179197093004,9.030561447143555,5960000,0.0,0.0
2016-10-25 00:00:00-04:00,9.030560889041963,9.087459641343772,8.786711972690902,8.900507926940918,7115000,0.0,0.0
2016-10-26 00:00:00-04:00,8.835478241680473,8.884248472370109,8.453447222670626,8.559115409851074,7669400,0.0,0.0
2016-10-27 00:00:00-04:00,8.534732098135361,8.713555273431469,8.429063893422963,8.510347366333008,5371200,0.0,0.0
2016-10-28 00:00:00-04:00,8.485890224551824,8.616316849046129,8.314705085552045,8.396222114562988,5802500,0.03,0.0
2016-10-31 00:00:00-04:00,8.45328608086534,8.803808321426994,8.45328608086534,8.665229797363281,8552900,0.0,0.0
2016-11-01 00:00:00-04:00,8.681532741568535,8.771201655612252,8.55925793911431,8.665229797363281,5105100,0.0,0.0
2016-11-02 00:00:00-04:00,8.526652182113821,8.542955128056727,8.053855088704806,8.062006950378418,8691100,0.0,0.0
2016-11-03 00:00:00-04:00,8.110915230637223,8.453285590535044,8.021247099198913,8.257645606994629,6046800,0.0,0.0
2016-11-04 00:00:00-04:00,8.787500245114039,9.512999171721589,8.746741738692698,8.991291999816895,11248600,0.0,0.0
2016-11-07 00:00:00-05:00,9.178785606086869,9.390729328105502,9.162481884052701,9.276605606079102,6461400,0.0,0.0
2016-11-08 00:00:00-05:00,9.349967956542969,9.504849381737621,9.227692410690752,9.349967956542969,6675800,0.0,0.0
2016-11-09 00:00:00-05:00,9.431485303143745,9.904282269482927,9.317362380002354,9.806462287902832,7199900,0.0,0.0
2016-11-10 00:00:00-05:00,9.86352587701522,9.86352587701522,9.015751809872079,9.023902893066406,8540700,0.0,0.0
2016-11-11 00:00:00-05:00,9.03205475366495,9.170633274223329,8.78750437753815,9.023902893066406,5899100,0.0,0.0
2016-11-14 00:00:00-05:00,9.105417978106992,9.64342822297066,9.056507602481183,9.521153450012207,5602700,0.0,0.0
2016-11-15 00:00:00-05:00,9.447786936962366,9.578213550283728,9.195084790599276,9.358118057250977,6342400,0.0,0.0
2016-11-16 00:00:00-05:00,9.31736394854858,9.31736394854858,8.983145427534353,9.121723175048828,4729900,0.0,0.0
2016-11-17 00:00:00-05:00,9.105419038870119,9.390727912216486,9.080964236910303,9.170632362365723,4539500,0.0,0.0
2016-11-18 00:00:00-05:00,9.186935662906343,9.34996896420906,9.129873424397315,9.138025283813477,2820400,0.0,0.0
2016-11-21 00:00:00-05:00,9.235844831130265,9.464091442241799,9.21954189046719,9.390727043151855,3108400,0.0,0.0
2016-11-22 00:00:00-05:00,9.301061196262822,9.333667865677244,8.87717449387532,8.893477439880371,4404000,0.0,0.0
2016-11-23 00:00:00-05:00,8.771197308987812,9.064657155894539,8.763045452222775,8.991291999816895,2868000,0.0,0.0
2016-11-25 00:00:00-05:00,8.99129593896701,9.056509266850034,8.901627807478897,8.926082611083984,1755900,0.0,0.0
2016-11-28 00:00:00-05:00,9.007600303874222,9.43148696543076,8.999448442954765,9.415184020996094,5696800,0.0,0.0
2016-11-29 00:00:00-05:00,9.390725724657917,9.488545687114277,9.146175429815044,9.2195405960083,5020600,0.0,0.0
2016-11-30 00:00:00-05:00,9.260299560717872,9.382575113083503,9.203238102723013,9.243996620178223,19546800,0.0,0.0
2016-12-01 00:00:00-05:00,9.219542139733083,9.325513200418351,9.01575032280834,9.05650806427002,9253700,0.0,0.0
2016-12-02 00:00:00-05:00,8.950536667676008,9.33366552006593,8.950536667676008,9.162480354309082,4807300,0.0,0.0
2016-12-05 00:00:00-05:00,9.22769393532402,9.578216136315975,9.015751020156095,9.545609474182129,6788500,0.0,0.0
2016-12-06 00:00:00-05:00,9.529303070644117,9.667881540035689,9.366269805890482,9.635274887084961,6877200,0.0,0.0
2016-12-07 00:00:00-05:00,9.692337584022019,9.814612344180995,9.618972416965047,9.741247177124023,7441300,0.0,0.0
2016-12-08 00:00:00-05:00,9.70048848922046,10.181437217983865,9.667881835273988,10.156982421875,5565600,0.0,0.0
2016-12-09 00:00:00-05:00,10.189591349061345,10.507506879017544,10.083619505742613,10.483051300048828,8596000,0.0,0.0
2016-12-12 00:00:00-05:00,10.540115740239361,10.646087605677225,10.1325320012034,10.271110534667969,10262100,0.0,0.0
2016-12-13 00:00:00-05:00,10.344473060830355,10.499355288654908,10.205895330140594,10.425990104675293,7563200,0.0,0.0
2016-12-14 00:00:00-05:00,10.41783871039686,10.605327608657683,10.124378738767433,10.173288345336914,7381100,0.0,0.0
2016-12-15 00:00:00-05:00,10.124376083999772,10.271106420041615,9.863522844284473,10.254802703857422,5194000,0.0,0.0
2016-12-16 00:00:00-05:00,10.051013679634075,10.287412187477862,9.96134554817753,10.026558876037598,20156300,0.0,0.0
2016-12-19 00:00:00-05:00,10.059164730941694,10.483051327940304,10.034709929312037,10.474900245666504,6513500,0.0,0.0
2016-12-20 00:00:00-05:00,10.474900278155255,10.499355079860761,10.156984746367161,10.189591407775879,3681600,0.0,0.0
2016-12-21 00:00:00-05:00,10.23034754118346,10.352622298576893,10.051010556589672,10.083617210388184,6076000,0.0,0.0
2016-12-22 00:00:00-05:00,10.059165642855252,10.15698563564588,9.871676740286736,9.887980461120605,5885800,0.0,0.0
2016-12-23 00:00:00-05:00,9.953193154470709,10.132530185177645,9.896131690002017,10.059165000915527,3600500,0.0,0.0
2016-12-27 00:00:00-05:00,10.026560135765534,10.27926161862143,10.026560135765534,10.271110534667969,3651800,0.0,0.0
2016-12-28 00:00:00-05:00,10.320017354784891,10.352624013986263,10.124377399576666,10.132529258728027,2749100,0.0,0.0
2016-12-29 00:00:00-05:00,10.132528838023317,10.23850067037882,10.051011804702455,10.099922180175781,2640500,0.0,0.0
2016-12-30 00:00:00-05:00,10.14882937656074,10.156981233444528,9.961341332656797,9.993947982788086,3448500,0.0,0.0
2017-01-03 00:00:00-05:00,10.04286181930052,10.148833671424175,9.936889967176864,10.026558876037598,3228300,0.0,0.0
2017-01-04 00:00:00-05:00,10.04285999841753,10.654235419309586,10.026557058110514,10.621628761291504,8040900,0.0,0.0
2017-01-05 00:00:00-05:00,10.605327504772239,10.849877867436668,10.531962318232493,10.825422286987305,8121200,0.0,0.0
2017-01-06 00:00:00-05:00,10.849876794831827,10.963999716030122,10.564567937027896,10.890634536743164,8693200,0.0,0.0
2017-01-09 00:00:00-05:00,10.882482836313816,11.012909468787322,10.703145827960721,10.980302810668945,8444500,0.0,0.0
2017-01-10 00:00:00-05:00,10.947694842619189,11.175941422137292,10.792812652036078,11.10257625579834,8770600,0.0,0.0
2017-01-11 00:00:00-05:00,11.151485260323575,11.493855476379395,11.151485260323575,11.493855476379395,14526800,0.0,0.0
2017-01-12 00:00:00-05:00,11.45309896694927,11.77101366773617,11.371581938468323,11.7221040725708,7591100,0.0,0.0
2017-01-13 00:00:00-05:00,11.681348862409259,11.925899239619376,11.656894057909513,11.901444435119629,6953100,0.0,0.0
2017-01-17 00:00:00-05:00,12.594334450288622,12.977463293509452,12.268267845890538,12.504666328430176,10918000,0.0,0.0
2017-01-18 00:00:00-05:00,12.54542400498228,12.684002496886745,12.333480337669089,12.439452171325684,6565500,0.0,0.0
2017-01-19 00:00:00-05:00,12.366086436031539,12.6921530037473,12.317176062172166,12.684001922607422,13204100,0.0,0.0
2017-01-20 00:00:00-05:00,12.78182395340616,13.376895729766513,12.765520233690134,13.132346153259277,8393900,0.0,0.0
2017-01-23 00:00:00-05:00,13.213861465454102,13.450260733749177,12.953008950124545,13.213861465454102,5812700,0.0,0.0
2017-01-24 00:00:00-05:00,13.303531431334402,13.548082578927227,13.205712216143986,13.344290733337402,6634400,0.0,0.0
2017-01-25 00:00:00-05:00,13.360591676763319,13.499170181276048,13.295378354334286,13.401350975036621,5031100,0.0,0.0
2017-01-26 00:00:00-05:00,13.417652130126953,13.56438248325581,13.311681072205076,13.417652130126953,4412700,0.0,0.0
2017-01-27 00:00:00-05:00,13.376895544113756,13.531777769649876,13.295378501473257,13.409502983093262,3317600,0.0,0.0
2017-01-30 00:00:00-05:00,13.393170559339032,13.409504068383205,13.082841675745502,13.278839111328125,4848300,0.03,0.0
2017-01-31 00:00:00-05:00,13.213505645613306,13.540168013845907,13.213505645613306,13.507502555847168,3836500,0.0,0.0
2017-02-01 00:00:00-05:00,13.466664913831965,13.556497623382151,13.21350184595705,13.34416675567627,3379100,0.0,0.0
2017-02-02 00:00:00-05:00,13.295172596532863,13.711667730517554,13.131840621682304,13.646333694458008,6049700,0.0,0.0
2017-02-03 00:00:00-05:00,13.670831537694939,14.34048971225741,13.531999850945486,13.948494911193848,11968900,0.0,0.0
2017-02-06 00:00:00-05:00,13.981159343642759,14.054656992337655,13.3849989413402,13.638163566589355,6966300,0.0,0.0
2017-02-07 00:00:00-05:00,13.589166568172129,13.638167090160003,13.254337456166613,13.287004470825195,5060100,0.0,0.0
2017-02-08 00:00:00-05:00,13.229836369569597,13.482999456972287,13.08283794538458,13.360501289367676,4443500,0.0,0.0
2017-02-09 00:00:00-05:00,13.254337775030121,13.474835456333158,13.23800426730789,13.409502983093262,4257500,0.0,0.0
2017-02-10 00:00:00-05:00,13.47483338748555,13.605498313903809,13.32783495585281,13.605498313903809,3186500,0.0,0.0
2017-02-13 00:00:00-05:00,13.556501705773194,13.83416511195396,13.507502739285135,13.678999900817871,5708900,0.0,0.0
2017-02-14 00:00:00-05:00,13.580998663591357,13.727997101799675,13.32783555203751,13.711665153503418,6752800,0.0,0.0
2017-02-15 00:00:00-05:00,13.670833595989187,14.495657087610555,13.662666841697993,14.283326148986816,8390700,0.0,0.0
2017-02-16 00:00:00-05:00,14.283324599204922,14.283324599204922,13.956662251246483,13.97299575805664,4478900,0.0,0.0
2017-02-17 00:00:00-05:00,13.972994290083717,13.989326237529133,13.662663923889138,13.964827537536621,3987000,0.0,0.0
2017-02-21 00:00:00-05:00,13.711666383233588,14.128159918645212,13.491168706145789,13.981163024902344,3779100,0.0,0.0
2017-02-22 00:00:00-05:00,13.923996228285162,13.923996228285162,13.621834119043847,13.744332313537598,4705800,0.0,0.0
2017-02-23 00:00:00-05:00,13.891332254953836,14.111829963202917,13.834166528589085,13.91583251953125,6036000,0.0,0.0
2017-02-24 00:00:00-05:00,14.038322603400937,14.348651320220586,13.989322102601795,14.258818626403809,6467900,0.0,0.0
2017-02-27 00:00:00-05:00,14.217991299712303,14.462987656968515,13.60549884892292,13.695331573486328,9383100,0.0,0.0
2017-02-28 00:00:00-05:00,13.417668598949106,13.78516314563648,12.927674312383711,13.523833274841309,9653000,0.0,0.0
2017-03-01 00:00:00-05:00,13.768833601823877,13.964831039153324,13.638168643604246,13.760666847229004,14262200,0.0,0.0
2017-03-02 00:00:00-05:00,13.662663541380812,14.266989194107925,13.662663541380812,13.907661437988281,8078900,0.0,0.0
2017-03-03 00:00:00-05:00,13.907658715793763,14.136321505358621,13.793325763362905,14.128154754638672,4584500,0.0,0.0
2017-03-06 00:00:00-05:00,14.111825893330982,14.234324065590963,13.842329291299517,14.17715835571289,10790000,0.0,0.0
2017-03-07 00:00:00-05:00,14.283323098629518,14.422154776632613,13.84232936462772,13.964827537536621,5974700,0.0,0.0
2017-03-08 00:00:00-05:00,13.932166599608442,14.103665362546744,13.548338408498083,14.02199935913086,7587500,0.0,0.0
2017-03-09 00:00:00-05:00,13.9566641479384,14.593656981260535,13.915831933012905,14.585490226745605,7437100,0.0,0.0
2017-03-10 00:00:00-05:00,14.667154656596596,14.748820644096739,14.348659018760104,14.585490226745605,5923900,0.0,0.0
2017-03-13 00:00:00-04:00,14.593655729972543,14.748819379504718,14.103661404633886,14.152660369873047,9000200,0.0,0.0
2017-03-14 00:00:00-04:00,14.168994122906824,14.168994122906824,13.711666804906129,13.89133071899414,6336200,0.0,0.0
2017-03-15 00:00:00-04:00,13.997488852734985,14.381318320753348,13.948489909584161,14.258818626403809,8199800,0.0,0.0
2017-03-16 00:00:00-04:00,14.266993259393868,14.683488400420256,14.062829066203433,14.609989166259766,9434900,0.0,0.0
2017-03-17 00:00:00-04:00,14.69981563352122,15.157142794866964,14.69981563352122,14.748814582824707,12065100,0.0,0.0
2017-03-20 00:00:00-04:00,14.805985471112548,15.026483156710544,14.642655063655893,14.969317436218262,6020600,0.0,0.0
2017-03-21 00:00:00-04:00,14.961148313472904,15.116313499991886,14.838650137862682,14.8958158493042,3805800,0.0,0.0
2017-03-22 00:00:00-04:00,14.928480634785304,14.969312834685477,14.609983556499344,14.707983016967773,4262300,0.0,0.0
2017-03-23 00:00:00-04:00,14.724320587788787,14.920318005224118,14.699820326490991,14.814151763916016,3395400,0.0,0.0
2017-03-24 00:00:00-04:00,14.822315730679797,14.912148447565022,14.781483527176725,14.830482482910156,3133000,0.0,0.0
2017-03-27 00:00:00-04:00,14.797816156417552,14.854981861000264,14.675316437856166,14.84681510925293,2915800,0.0,0.0
2017-03-28 00:00:00-04:00,14.789652824401855,14.83048503493131,14.634487620621746,14.789652824401855,4216700,0.0,0.0
2017-03-29 00:00:00-04:00,15.255146337061259,15.475644004457822,15.067315683048896,15.295978546142578,7569700,0.0,0.0
2017-03-30 00:00:00-04:00,15.271483192520888,15.295981900282243,14.887653489334083,15.001986503601074,3167200,0.0,0.0
2017-03-31 00:00:00-04:00,15.010145364495353,15.475640864890844,14.936647714589345,15.271476745605469,4979700,0.0,0.0
2017-04-03 00:00:00-04:00,15.173480361249688,15.31231205283468,14.952982693853125,15.295978546142578,4489900,0.0,0.0
2017-04-04 00:00:00-04:00,15.304145624436245,15.573642259982307,15.214312893371236,15.418477058410645,4466300,0.0,0.0
2017-04-05 00:00:00-04:00,15.418475972780183,15.565474410482084,15.189813120931763,15.263312339782715,3784500,0.0,0.0
2017-04-06 00:00:00-04:00,15.271473635135258,15.500136405266083,15.189807692524978,15.43480396270752,5780200,0.0,0.0
2017-04-07 00:00:00-04:00,15.451143017517472,15.491975224677832,15.083646922478797,15.116313934326172,3658500,0.0,0.0
2017-04-10 00:00:00-04:00,15.116318988342499,15.418481160711849,15.116318988342499,15.320483207702637,2997600,0.0,0.0
2017-04-11 00:00:00-04:00,15.263313969815655,15.328646442699311,15.099982008782009,15.279645919799805,2695500,0.0,0.0
2017-04-12 00:00:00-04:00,15.238812830369158,15.353144261915999,15.067315683048896,15.295978546142578,3962900,0.0,0.0
2017-04-13 00:00:00-04:00,15.312313180432904,15.344980196222703,14.985650810780145,15.018316268920898,2724000,0.0,0.0
2017-04-17 00:00:00-04:00,15.010147830407185,15.091813803067387,14.969315622901519,15.067315101623535,2724700,0.0,0.0
2017-04-18 00:00:00-04:00,15.018317875370023,15.148982837207834,14.961152149272133,15.059151649475098,3685500,0.0,0.0
2017-04-19 00:00:00-04:00,15.083647532767067,15.230645976730132,14.585488043129805,14.60181999206543,4801100,0.0,0.0
2017-04-20 00:00:00-04:00,14.707986694970726,14.716153448522725,14.046495233748596,14.079160690307617,6910400,0.0,0.0
2017-04-21 00:00:00-04:00,14.095492831502037,14.168992048698682,13.687164539364606,13.940327644348145,6418700,0.0,0.0
2017-04-24 00:00:00-04:00,14.005656609136294,14.275153152300897,13.93215741030518,14.128154754638672,4138800,0.0,0.0
2017-04-25 00:00:00-04:00,13.940329685081952,14.021995666994338,13.752499017037797,13.89133071899414,4951200,0.0,0.0
2017-04-26 00:00:00-04:00,13.90766274250206,14.217991571467993,13.825996769306116,14.11182689666748,8660700,0.0,0.0
2017-04-27 00:00:00-04:00,14.054559191146694,14.160908484938217,13.735509749414511,13.776412963867188,3956300,0.03,0.0
2017-04-28 00:00:00-04:00,13.841862402175868,14.087284869163197,13.743692479166144,13.82550048828125,4055200,0.0,0.0
2017-05-01 00:00:00-04:00,13.661890099526401,13.84186652489821,13.604623383838662,13.637347221374512,5518200,0.0,0.0
2017-05-02 00:00:00-04:00,13.31010896575468,13.72732829138401,12.721093493112024,12.901070594787598,10205700,0.0,0.0
2017-05-03 00:00:00-04:00,12.892893793092034,12.892893793092034,12.222070118103527,12.254793167114258,8193600,0.0,0.0
2017-05-04 00:00:00-04:00,12.254790552021785,12.295694549601308,11.878475958790988,11.94392204284668,11847800,0.0,0.0
2017-05-05 00:00:00-04:00,12.001186977697888,12.369321389615601,11.886655942359084,12.295694351196289,7759800,0.0,0.0
2017-05-08 00:00:00-04:00,12.238428814400613,12.246609769546735,11.88665554490561,12.099355697631836,6579700,0.0,0.0
2017-05-09 00:00:00-04:00,12.230248669380215,12.328417797099881,11.935741286221214,12.042091369628906,6700300,0.0,0.0
2017-05-10 00:00:00-04:00,12.066635014092382,12.541119582740679,11.92756187015971,12.377504348754883,7121400,0.0,0.0
2017-05-11 00:00:00-04:00,12.287512868430882,12.81926243126379,12.164800890730294,12.492032051086426,5532000,0.0,0.0
2017-05-12 00:00:00-04:00,12.5083939343821,12.5083939343821,12.271151699400837,12.32841682434082,3264100,0.0,0.0
2017-05-15 00:00:00-04:00,12.336599349975586,12.532937614919224,12.254791349492947,12.336599349975586,4169900,0.0,0.0
2017-05-16 00:00:00-04:00,12.312057641886955,12.402045821052015,12.148442416050965,12.205707550048828,4205700,0.0,0.0
2017-05-17 00:00:00-04:00,12.20570645911025,12.434767754807275,12.025729336687439,12.312056541442871,3762000,0.0,0.0
2017-05-18 00:00:00-04:00,12.271154768202695,12.524758976690983,12.074816479154416,12.467493057250977,3992000,0.0,0.0
2017-05-19 00:00:00-04:00,13.023784015056219,13.171038103373995,12.72927661859958,12.851987838745117,5644200,0.0,0.0
2017-05-22 00:00:00-04:00,12.86834714156605,13.105590152435667,12.704731944568728,13.05650520324707,5800900,0.0,0.0
2017-05-23 00:00:00-04:00,13.57189484206749,13.735510833507014,12.982879301350259,12.991060256958008,7323300,0.0,0.0
2017-05-24 00:00:00-04:00,12.991060305180111,13.743690279772853,12.958337262806515,13.710968017578125,6612700,0.0,0.0
2017-05-25 00:00:00-04:00,13.686425559285889,13.817317732688196,13.375557037544853,13.457365036010742,4819100,0.0,0.0
2017-05-26 00:00:00-04:00,13.481906274749463,13.547352361117847,13.31011088316662,13.473725318908691,4007300,0.0,0.0
2017-05-30 00:00:00-04:00,13.44918526358211,13.473726573030925,13.228304116395229,13.261026382446289,3232800,0.0,0.0
2017-05-31 00:00:00-04:00,13.261025466977886,13.318292159240235,12.950156939342799,13.138314247131348,4360000,0.0,0.0
2017-06-01 00:00:00-04:00,13.506448807698424,13.719148973216242,13.285567686542489,13.710968017578125,4620400,0.0,0.0
2017-06-02 00:00:00-04:00,13.670060990731008,14.054558040685963,13.637338733918927,13.84185791015625,5383800,0.0,0.0
2017-06-05 00:00:00-04:00,13.792778407421482,13.915489642575029,13.58825916204623,13.661886215209961,3633100,0.0,0.0
2017-06-06 00:00:00-04:00,13.670061617802405,13.825496635772963,13.530990069524739,13.727328300476074,5652700,0.0,0.0
2017-06-07 00:00:00-04:00,13.686428254096631,13.702790169082972,13.301932614066201,13.416462898254395,4679600,0.0,0.0
2017-06-08 00:00:00-04:00,13.416462898254395,13.457367685720246,13.211943641999426,13.416462898254395,3135600,0.0,0.0
2017-06-09 00:00:00-04:00,13.383736509472639,13.670062131819517,13.326471385003265,13.653701782226562,2969000,0.0,0.0
2017-06-12 00:00:00-04:00,13.63734265991511,13.760053888912816,13.530993344212545,13.670064926147461,4641100,0.0,0.0
2017-06-13 00:00:00-04:00,13.694606016774237,13.899125225316906,13.653702799208796,13.858222007751465,3589800,0.0,0.0
2017-06-14 00:00:00-04:00,13.809136706591385,13.88276374880054,13.351014102012693,13.473725318908691,6925300,0.0,0.0
2017-06-15 00:00:00-04:00,13.473722180181921,13.702784209289764,13.293745874684099,13.58825397491455,3483100,0.0,0.0
2017-06-16 00:00:00-04:00,13.596437727696804,13.85004111045688,13.301929566841403,13.83367919921875,5700000,0.0,0.0
2017-06-19 00:00:00-04:00,13.874581066828677,13.980931919169848,13.71914760626479,13.866401672363281,3212000,0.0,0.0
2017-06-20 00:00:00-04:00,13.792776013601555,13.833679231434399,13.49008689642219,13.710968017578125,3131100,0.0,0.0
2017-06-21 00:00:00-04:00,13.792774377459851,14.021834866724296,13.68642352713774,13.727328300476074,3899400,0.0,0.0
2017-06-22 00:00:00-04:00,13.768233324777915,14.275441658397671,13.768233324777915,14.095463752746582,4316400,0.0,0.0
2017-06-23 00:00:00-04:00,14.095466219601313,14.25090128522336,14.005478811384789,14.226358413696289,5152000,0.0,0.0
2017-06-26 00:00:00-04:00,14.250900366681847,14.520865694646881,14.250900366681847,14.430876731872559,8019300,0.0,0.0
2017-06-27 00:00:00-04:00,14.439056784374003,14.512683829241162,14.079102516174316,14.079102516174316,2920500,0.0,0.0
2017-06-28 00:00:00-04:00,14.169090270996094,14.381790431412798,14.152728360112262,14.169090270996094,2814900,0.0,0.0
2017-06-29 00:00:00-04:00,14.120007125195388,14.185453213130797,13.78459572948169,13.92366886138916,3308400,0.0,0.0
2017-06-30 00:00:00-04:00,13.948215669754031,14.234543002521558,13.948215669754031,14.087288856506348,3403600,0.0,0.0
2017-07-03 00:00:00-04:00,14.185454137675743,14.422695636769767,13.99729681764291,14.046380996704102,1807000,0.0,0.0
2017-07-05 00:00:00-04:00,14.013653844678807,14.218173029314476,13.743688583374023,13.743688583374023,3659000,0.0,0.0
2017-07-06 00:00:00-04:00,13.809137317805666,13.866404011225773,13.359195649152614,13.38373851776123,4213600,0.0,0.0
2017-07-07 00:00:00-04:00,13.367375277172805,13.416459449155186,13.04832503857193,13.285567283630371,4773500,0.0,0.0
2017-07-10 00:00:00-04:00,13.26102534715318,13.391919082212278,13.12195377684613,13.187399864196777,5976400,0.0,0.0
2017-07-11 00:00:00-04:00,13.367375769787476,13.514629851518926,13.20375977667303,13.334651947021484,7656000,0.0,0.0
2017-07-12 00:00:00-04:00,15.960679247666176,17.29414380295859,15.461651878702385,17.25324058532715,53494000,0.0,0.0
2017-07-13 00:00:00-04:00,17.613194838755184,19.11027538604632,17.53956779869515,18.161306381225586,36824800,0.0,0.0
2017-07-14 00:00:00-04:00,18.194030911239683,19.044831675608158,18.161308645110548,19.012107849121094,17236700,0.0,0.0
2017-07-17 00:00:00-04:00,19.012108630491323,19.028470544407305,18.333104806557987,18.750324249267578,11527800,0.0,0.0
2017-07-18 00:00:00-04:00,18.783042833781547,19.200262194683187,18.545801369949842,19.159358978271484,8665100,0.0,0.0
2017-07-19 00:00:00-04:00,19.15935614310532,19.732010450274934,18.89757185195034,19.633840560913086,10103400,0.0,0.0
2017-07-20 00:00:00-04:00,19.633846031164385,19.764738213210183,19.36388071065019,19.723834991455078,8014400,0.0,0.0
2017-07-21 00:00:00-04:00,19.756559802939403,20.116514130133865,19.50295636258694,20.034706115722656,8096700,0.0,0.0
2017-07-24 00:00:00-04:00,19.977436024581507,20.68916354517188,19.854724813543914,20.68098258972168,9173800,0.0,0.0
2017-07-25 00:00:00-04:00,20.754606375214994,20.803690539864746,20.378290285280336,20.460098266601562,8829900,0.0,0.0
2017-07-26 00:00:00-04:00,20.501006737498496,20.65644178585663,20.083787330026368,20.181957244873047,8624600,0.0,0.0
2017-07-27 00:00:00-04:00,20.24739996844078,20.533727148752877,20.018337912119584,20.132869720458984,9561600,0.0,0.0
2017-07-28 00:00:00-04:00,20.182016507987893,20.673462039788852,20.059155515603223,20.616127014160156,4679800,0.03,0.0
2017-07-31 00:00:00-04:00,20.624319777794828,20.64889104108568,20.11649231886416,20.165637969970703,5065500,0.0,0.0
2017-08-01 00:00:00-04:00,20.198398053668303,20.370404689950448,19.85438634336627,20.0919189453125,5016300,0.0,0.0
2017-08-02 00:00:00-04:00,19.985444878865746,20.26393071552907,19.80524880430944,20.04277992248535,5252300,0.0,0.0
2017-08-03 00:00:00-04:00,19.944488520217654,20.411361300170483,19.510377947531463,19.641429901123047,4122200,0.0,0.0
2017-08-04 00:00:00-04:00,19.706955303186447,20.231164664527288,19.65781121258847,20.026395797729492,4126100,0.0,0.0
2017-08-07 00:00:00-04:00,19.98544062295488,20.190209484997986,19.838006792321853,20.06734848022461,5418400,0.0,0.0
2017-08-08 00:00:00-04:00,20.01819642698308,20.31306240868097,19.657802935728093,19.862571716308594,4799000,0.0,0.0
2017-08-09 00:00:00-04:00,19.928102493286133,20.001819397141745,19.7642868042154,19.928102493286133,2899700,0.0,0.0
2017-08-10 00:00:00-04:00,19.854384352791044,21.033853178754875,19.772476513357343,19.977245330810547,6914700,0.0,0.0
2017-08-11 00:00:00-04:00,19.780665458139264,20.32125495670243,19.780665458139264,20.206584930419922,3422000,0.0,0.0
2017-08-14 00:00:00-04:00,20.329446442937346,20.97651660810877,20.296684246944682,20.861845016479492,5262300,0.0,0.0
2017-08-15 00:00:00-04:00,20.77993874536684,20.951943789417786,20.517833366115617,20.861845016479492,3567100,0.0,0.0
2017-08-16 00:00:00-04:00,21.05842366572214,21.246812158198424,20.910991434855806,21.02566146850586,3725800,0.0,0.0
2017-08-17 00:00:00-04:00,20.984712563688653,21.123955445030433,20.61612800653032,20.68165397644043,3477600,0.0,0.0
2017-08-18 00:00:00-04:00,20.71441488300588,21.28776665000542,20.59155233940542,21.10757064819336,5441100,0.0,0.0
2017-08-21 00:00:00-04:00,21.099385551032412,21.156720587384424,20.730800942680084,21.066621780395508,4640400,0.0,0.0
2017-08-22 00:00:00-04:00,21.156722564623283,21.500734377148163,21.058432805789298,21.18129539489746,6389900,0.0,0.0
2017-08-23 00:00:00-04:00,21.295965239037475,21.295965239037475,20.796328631582146,20.976526260375977,8988300,0.0,0.0
2017-08-24 00:00:00-04:00,20.9847129785209,21.009284241308954,20.526029617820388,20.82908821105957,4948600,0.0,0.0
2017-08-25 00:00:00-04:00,20.73898522214061,20.788129300043966,19.95267372663863,20.132869720458984,7480300,0.0,0.0
2017-08-28 00:00:00-04:00,20.149256205826028,20.32945224083197,20.01001331805612,20.124683380126953,5501500,0.0,0.0
2017-08-29 00:00:00-04:00,20.050965715839485,20.58336442132037,19.91991377486765,20.435932159423828,4618300,0.0,0.0
2017-08-30 00:00:00-04:00,20.427739887013306,20.45231114793079,20.173825400942704,20.354022979736328,2929900,0.0,0.0
2017-08-31 00:00:00-04:00,20.33764175627019,20.526028719962554,20.198398878266637,20.403167724609375,6573500,0.0,0.0
2017-09-01 00:00:00-04:00,20.40316639055592,20.444119532241835,20.149253475126375,20.321258544921875,2568500,0.0,0.0
2017-09-05 00:00:00-04:00,20.41954787297949,20.47688289512389,19.70695166083382,19.985437393188477,4004900,0.0,0.0
2017-09-06 00:00:00-04:00,20.08372327400117,20.08372327400117,19.362936259200936,19.608659744262695,11715900,0.0,0.0
2017-09-07 00:00:00-04:00,19.739720497363372,19.878963399332502,19.608668538129205,19.764291763305664,5267400,0.0,0.0
2017-09-08 00:00:00-04:00,19.747909931802816,19.82162684852455,19.47761509124396,19.59228515625,2427500,0.0,0.0
2017-09-11 00:00:00-04:00,19.641426662140216,19.780669535152146,19.493992848096727,19.559518814086914,3382600,0.0,0.0
2017-09-12 00:00:00-04:00,19.608664460276252,19.756098274319736,19.485803469327433,19.559518814086914,2929700,0.0,0.0
2017-09-13 00:00:00-04:00,19.55951670805368,19.608662348951352,19.24826879367887,19.297412872314453,6402300,0.0,0.0
2017-09-14 00:00:00-04:00,19.24826495268413,19.41208059846275,18.822345523469142,18.920635223388672,7055100,0.0,0.0
2017-09-15 00:00:00-04:00,18.937027379628844,19.215511628997717,18.756829759006916,18.781402587890625,12235100,0.0,0.0
2017-09-18 00:00:00-04:00,18.85511291411195,19.641424416076816,18.79777789570977,19.52675437927246,6512600,0.0,0.0
2017-09-19 00:00:00-04:00,19.567711712940465,20.198400175112646,19.47761447710331,20.165637969970703,8214200,0.0,0.0
2017-09-20 00:00:00-04:00,20.20658664474288,20.222968524819343,19.74790493843644,19.772476196289062,5866700,0.0,0.0
2017-09-21 00:00:00-04:00,19.608661973103676,19.862574863826428,19.592280093118447,19.813430786132812,3491400,0.0,0.0
2017-09-22 00:00:00-04:00,19.756093522847376,19.805237594954974,19.493988159662454,19.608659744262695,3382600,0.0,0.0
2017-09-25 00:00:00-04:00,19.641427205824577,19.69876223237027,19.109028522134466,19.158172607421875,3497000,0.0,0.0
2017-09-26 00:00:00-04:00,19.158173136228807,19.7888615701644,18.986168051844015,19.739717483520508,7919300,0.0,0.0
2017-09-27 00:00:00-04:00,19.690571931869837,20.444119745218945,19.690571931869837,20.394975662231445,9426800,0.0,0.0
2017-09-28 00:00:00-04:00,20.255732791881666,20.43593036660622,19.919912027319658,20.394975662231445,7020200,0.0,0.0
2017-09-29 00:00:00-04:00,20.37859401033942,21.058426488006482,20.329449926797604,20.96013832092285,7162400,0.0,0.0
2017-10-02 00:00:00-04:00,20.968328139602804,21.03385410157216,20.681651470138547,20.951946258544922,5043400,0.0,0.0
2017-10-03 00:00:00-04:00,21.05024073424493,21.320535583664242,20.804517149696682,21.20586395263672,8176800,0.0,0.0
2017-10-04 00:00:00-04:00,21.29595759039626,21.34510167047916,21.05023562771962,21.10757064819336,6803900,0.0,0.0
2017-10-05 00:00:00-04:00,21.14033592204738,21.17309968837575,20.63251004205657,20.943758010864258,4479900,0.0,0.0
2017-10-06 00:00:00-04:00,20.870040107391027,20.976520780637166,20.648889381968086,20.878231048583984,4376400,0.0,0.0
2017-10-09 00:00:00-04:00,20.89461700046087,21.238628786254214,20.829091020417497,21.083003997802734,2407000,0.0,0.0
2017-10-10 00:00:00-04:00,21.23043446800023,21.25500729245809,20.951948706527215,21.04204750061035,3354800,0.0,0.0
2017-10-11 00:00:00-04:00,20.84546469961415,21.042042562356084,20.698030911992205,20.861845016479492,4273400,0.0,0.0
2017-10-12 00:00:00-04:00,20.91918538806453,21.156716429449773,20.657079961268646,21.033855438232422,4492100,0.0,0.0
2017-10-13 00:00:00-04:00,21.156713471817092,21.410626359805143,20.86184588430707,21.34510040283203,7584000,0.0,0.0
2017-10-16 00:00:00-04:00,21.28776700666331,21.852929405002946,21.17309696379463,21.80378532409668,5441600,0.0,0.0
2017-10-17 00:00:00-04:00,21.787406955072864,21.787406955072864,21.222244465631565,21.295961380004883,6414200,0.0,0.0
2017-10-18 00:00:00-04:00,21.214052083699205,21.435202811806676,21.164907998207205,21.255006790161133,4471300,0.0,0.0
2017-10-19 00:00:00-04:00,21.164903764297613,21.29595567423502,20.714413019170518,20.91918182373047,4846700,0.0,0.0
2017-10-20 00:00:00-04:00,20.984711511186045,21.033855595588186,20.722606082429333,20.804513931274414,3744100,0.0,0.0
2017-10-23 00:00:00-04:00,20.845468840307035,20.919185748760952,20.35402330470168,20.38678550720215,7504100,0.0,0.0
2017-10-24 00:00:00-04:00,20.501452502091343,20.681648480896737,20.43592654959284,20.566978454589844,3752800,0.0,0.0
2017-10-25 00:00:00-04:00,20.411359786987305,20.51783890553826,20.108301190359754,20.411359786987305,7443700,0.0,0.0
2017-10-26 00:00:00-04:00,20.50964865656891,20.558792742873514,20.132873162200713,20.288497924804688,3408500,0.0,0.0
2017-10-27 00:00:00-04:00,20.313071487475312,20.76356394345416,20.222974246089553,20.755373001098633,2922400,0.0,0.0
2017-10-30 00:00:00-04:00,20.71441666078823,21.164907485112117,20.40316714827237,20.485074996948242,4083900,0.0,0.0
2017-10-31 00:00:00-04:00,20.509675157941967,20.62448291394845,20.28005808179063,20.501474380493164,4420500,0.03,0.0
2017-11-01 00:00:00-04:00,20.66548964020273,20.763895854830587,20.214456203386206,20.370267868041992,7077700,0.0,0.0
2017-11-02 00:00:00-04:00,21.198529810889514,22.50242401346426,20.985314239459946,21.29693603515625,17476800,0.0,0.0
2017-11-03 00:00:00-04:00,21.403541890367954,23.03545924057574,21.403541890367954,22.65003204345703,11615000,0.0,0.0
2017-11-06 00:00:00-05:00,22.74843576616946,23.363479997077878,22.74843576616946,23.16666603088379,6282800,0.0,0.0
2017-11-07 00:00:00-05:00,23.207672083521203,23.511094641084785,23.158468975100135,23.306079864501953,4122100,0.0,0.0
2017-11-08 00:00:00-05:00,23.232271904106916,23.330679674431632,22.625428418830086,22.97805404663086,4859400,0.0,0.0
2017-11-09 00:00:00-05:00,23.01905781225554,23.396285797276914,22.674632940774522,22.814043045043945,3664600,0.0,0.0
2017-11-10 00:00:00-05:00,22.7566367826292,23.322477918966836,22.60082513787047,23.248672485351562,6410000,0.0,0.0
2017-11-13 00:00:00-05:00,23.174864472024336,23.666900119975708,22.986251302286743,23.601295471191406,5968300,0.0,0.0
2017-11-14 00:00:00-05:00,23.470087452138113,23.83091225803833,23.347077360345732,23.71610450744629,3970500,0.0,0.0
2017-11-15 00:00:00-05:00,23.675104989405625,24.158938380245782,23.420885562797544,24.085134506225586,3483600,0.0,0.0
2017-11-16 00:00:00-05:00,24.093335306589275,24.42136019295542,23.822715870234212,24.142539978027344,3628300,0.0,0.0
2017-11-17 00:00:00-05:00,24.109733005681512,24.314747744784484,23.9293205983607,24.18353843688965,3061300,0.0,0.0
2017-11-20 00:00:00-05:00,24.224551998226545,24.30655667530888,23.94573171655753,24.044137954711914,5796300,0.0,0.0
2017-11-21 00:00:00-05:00,24.29015299328136,24.306552987726388,24.01953353320444,24.167142868041992,3474800,0.0,0.0
2017-11-22 00:00:00-05:00,24.175341326905645,24.32295221171374,23.773512565005042,23.962125778198242,6876400,0.0,0.0
2017-11-24 00:00:00-05:00,24.13433777119914,24.16713931941143,23.650502812994567,23.80631446838379,1931500,0.0,0.0
2017-11-27 00:00:00-05:00,23.78991165808139,23.978524851739827,23.54389302083532,23.593097686767578,5932600,0.0,0.0
2017-11-28 00:00:00-05:00,23.757111795075,23.830917239924243,23.306079911341747,23.666906356811523,4728500,0.0,0.0
2017-11-29 00:00:00-05:00,23.13386297064546,23.650501001632144,23.00265365956848,23.12566375732422,6191400,0.0,0.0
2017-11-30 00:00:00-05:00,23.158475795886453,23.338888289325716,22.568033628516893,22.674640655517578,6950300,0.0,0.0
2017-12-01 00:00:00-05:00,22.764842617501785,23.31428232084433,22.764842617501785,22.920654296875,5373100,0.0,0.0
2017-12-04 00:00:00-05:00,22.846844718780655,23.076460242538648,22.420413654460894,22.47781753540039,9520300,0.0,0.0
2017-12-05 00:00:00-05:00,22.43681388223668,22.77303793424385,22.281002240238273,22.404010772705078,3109300,0.0,0.0
2017-12-06 00:00:00-05:00,22.42041784495145,22.70743886743308,22.182599934737354,22.37941551208496,3730700,0.0,0.0
2017-12-07 00:00:00-05:00,22.27279915424469,22.838640221907703,22.19079295305411,22.740232467651367,4023100,0.0,0.0
2017-12-08 00:00:00-05:00,22.781238875937657,23.240471463723868,22.740234988727412,23.16666603088379,3357700,0.0,0.0
2017-12-11 00:00:00-05:00,23.14206541834123,23.953923675776316,23.14206541834123,23.88831901550293,3959800,0.0,0.0
2017-12-12 00:00:00-05:00,23.847315856697396,23.888318181384637,23.519292566784188,23.535694122314453,4409400,0.0,0.0
2017-12-13 00:00:00-05:00,23.625904224963186,23.625904224963186,23.01906062749627,23.084665298461914,3664100,0.0,0.0
2017-12-14 00:00:00-05:00,23.076464286705637,23.076464286705637,22.658233926958978,22.699237823486328,3441200,0.0,0.0
2017-12-15 00:00:00-05:00,22.756639064442027,22.904249946473545,22.48601963543042,22.551624298095703,6005100,0.0,0.0
2017-12-18 00:00:00-05:00,22.64183261845008,23.027259838606284,22.51882250014574,22.625431060791016,4655800,0.0,0.0
2017-12-19 00:00:00-05:00,22.58442506327298,22.748435920813826,22.305604884901335,22.346607208251953,7813700,0.0,0.0
2017-12-20 00:00:00-05:00,22.453215678017134,22.47781801214377,21.88737607035081,22.14159393310547,7280000,0.0,0.0
2017-12-21 00:00:00-05:00,22.19080027480334,22.773043087640357,22.10879404655519,22.518823623657227,5046400,0.0,0.0
2017-12-22 00:00:00-05:00,22.59262842009449,23.37168521974133,22.412215974470612,23.092864990234375,8527900,0.0,0.0
2017-12-26 00:00:00-05:00,22.95345312835272,23.338880327268672,22.88784846547046,23.314279556274414,2622600,0.0,0.0
2017-12-27 00:00:00-05:00,23.338876813822807,23.396282253824168,22.68283028376178,22.715633392333984,4329000,0.0,0.0
2017-12-28 00:00:00-05:00,22.797650604924666,23.06007092577228,22.338417780684892,22.969863891601562,3265100,0.0,0.0
2017-12-29 00:00:00-05:00,22.887848412365127,23.59309970981697,22.887848412365127,23.355281829833984,4888400,0.0,0.0
2018-01-02 00:00:00-05:00,23.429091369329573,23.781717079739646,23.314283580503528,23.699710845947266,6522600,0.0,0.0
2018-01-03 00:00:00-05:00,23.7407111903132,24.281950062511097,23.461890975649,23.683305740356445,7780700,0.0,0.0
2018-01-04 00:00:00-05:00,23.683300961077933,24.019526557848724,23.36347848226608,23.412681579589844,4346700,0.0,0.0
2018-01-05 00:00:00-05:00,23.486493471311125,23.658706705546116,23.273277905378542,23.560298919677734,4539200,0.0,0.0
2018-01-08 00:00:00-05:00,23.576698627343244,24.10973671826416,23.568497848819714,23.921123504638672,12297800,0.0,0.0
2018-01-09 00:00:00-05:00,24.044131157295418,24.093334262462605,23.519293864476055,23.552095413208008,3402100,0.0,0.0
2018-01-10 00:00:00-05:00,23.36348301659237,23.379884573596215,22.986256590335252,23.15846824645996,3241100,0.0,0.0
2018-01-11 00:00:00-05:00,23.265077179499578,23.62590205459447,23.133866285483098,23.461891174316406,6183600,0.0,0.0
2018-01-12 00:00:00-05:00,23.40448480634917,23.699704985201844,23.31427781507113,23.535694122314453,4825500,0.0,0.0
2018-01-16 00:00:00-05:00,23.617701073901607,23.683305738279277,22.838645879934088,22.879648208618164,4521300,0.0,0.0
2018-01-17 00:00:00-05:00,23.043660377829152,23.092863484493133,22.371212184913343,22.494220733642578,6914000,0.0,0.0
2018-01-18 00:00:00-05:00,22.174397392942186,22.494219920910496,21.698761643867364,21.985782623291016,10096100,0.0,0.0
2018-01-19 00:00:00-05:00,21.92017548640755,22.141591779596716,21.583951440070667,22.059585571289062,8706000,0.0,0.0
2018-01-22 00:00:00-05:00,22.133396474995905,22.363013602204177,21.90377934778763,22.075992584228516,10257900,0.0,0.0
2018-01-23 00:00:00-05:00,22.141591403465668,22.51881776547907,22.018582875162963,22.256399154663086,3161500,0.0,0.0
2018-01-24 00:00:00-05:00,22.157994018217718,22.568023508277385,22.141592463222118,22.346607208251953,4660000,0.0,0.0
2018-01-25 00:00:00-05:00,22.420422695639736,22.855054713095917,22.29741410628846,22.674640655517578,4606300,0.0,0.0
2018-01-26 00:00:00-05:00,23.00265787031937,23.00265787031937,22.33841041588106,22.469619750976562,5814000,0.0,0.0
2018-01-29 00:00:00-05:00,22.379410511610878,22.469615936589324,22.01858411928193,22.026784896850586,4122800,0.0,0.0
2018-01-30 00:00:00-05:00,21.903771777164852,21.920173330040566,21.08371290303714,21.395336151123047,7600100,0.0,0.0
2018-01-31 00:00:00-05:00,21.43638871393534,21.592378155606703,21.173668005921527,21.35428810119629,5764800,0.03,0.0
2018-02-01 00:00:00-05:00,21.255765781075162,21.904358860378135,21.099776348736018,21.699108123779297,5319100,0.0,0.0
2018-02-02 00:00:00-05:00,21.46923240977694,21.658062761533998,21.124411018510486,21.502073287963867,4394200,0.0,0.0
2018-02-05 00:00:00-05:00,21.362502027319458,21.461021526956884,20.582548419816973,20.65643882751465,7126700,0.0,0.0
2018-02-06 00:00:00-05:00,20.22131047371635,21.09157509418888,19.827229267807756,20.94379425048828,8603100,0.0,0.0
2018-02-07 00:00:00-05:00,21.94541602258898,22.199928152067155,20.787801590372013,20.820642471313477,12115800,0.0,0.0
2018-02-08 00:00:00-05:00,20.705700105550477,20.754961424944213,19.704076766967773,19.704076766967773,8448500,0.0,0.0
2018-02-09 00:00:00-05:00,19.827225211278737,20.352668277593935,19.498824273543732,20.188467025756836,8992300,0.0,0.0
2018-02-12 00:00:00-05:00,20.278777660940733,20.434767126038103,19.909325631101325,20.295196533203125,8545300,0.0,0.0
2018-02-13 00:00:00-05:00,20.26235161996603,20.328031788671804,20.073521330679267,20.20488166809082,4256700,0.0,0.0
2018-02-14 00:00:00-05:00,19.94216214765145,20.582543438117565,19.86827175783785,20.360872268676758,4243900,0.0,0.0
2018-02-15 00:00:00-05:00,20.52508152103124,20.77959209342898,20.344461367384366,20.738542556762695,3629600,0.0,0.0
2018-02-16 00:00:00-05:00,20.590758078213252,20.984839197906528,20.566127421005234,20.705698013305664,2938500,0.0,0.0
2018-02-20 00:00:00-05:00,20.656441433422888,21.305034745939125,20.549711701028013,21.09157371520996,5603900,0.0,0.0
2018-02-21 00:00:00-05:00,21.058727573012145,21.091568446122835,20.525075912475586,20.525075912475586,4785100,0.0,0.0
2018-02-22 00:00:00-05:00,20.6153923808244,21.025894011245022,20.574341278218668,20.738542556762695,3206800,0.0,0.0
2018-02-23 00:00:00-05:00,21.009466481327433,21.740158635830205,20.96841695851181,21.690898895263672,7695300,0.0,0.0
2018-02-26 00:00:00-05:00,21.789425912052447,21.797634566113388,21.16546328548467,21.58417510986328,3706100,0.0,0.0
2018-02-27 00:00:00-05:00,21.55954277649819,21.674482715702357,21.337871551513672,21.337871551513672,6401400,0.0,0.0
2018-02-28 00:00:00-05:00,21.346085819770458,21.502076885378,21.173675878261744,21.23114585876465,5007700,0.0,0.0
2018-03-01 00:00:00-05:00,22.084985657667822,22.577587888421238,21.748374472606503,22.10140609741211,7636500,0.0,0.0
2018-03-02 00:00:00-05:00,22.175295467918883,23.01271906424065,22.093194838996098,22.897777557373047,5427400,0.0,0.0
2018-03-05 00:00:00-05:00,22.78283355639539,23.825507756243162,22.741784032218913,23.768037796020508,7935400,0.0,0.0
2018-03-06 00:00:00-05:00,23.768043080653555,24.211383990900863,23.7105715417136,23.981502532958984,6318400,0.0,0.0
2018-03-07 00:00:00-05:00,23.809090366714077,24.260641454189884,23.73519996099052,24.121070861816406,6169000,0.0,0.0
2018-03-08 00:00:00-05:00,24.236010872686467,24.539781130036964,24.219590435548856,24.30169105529785,6822500,0.0,0.0
2018-03-09 00:00:00-05:00,24.252429143051195,24.49051919651874,24.1539080949667,24.42483901977539,7617100,0.0,0.0
2018-03-12 00:00:00-04:00,24.38379211264503,24.728613469027817,24.30169149142263,24.53978157043457,6867700,0.0,0.0
2018-03-13 00:00:00-04:00,24.72861751030238,24.827137019118528,24.51515648661492,24.630096435546875,4602700,0.0,0.0
2018-03-14 00:00:00-04:00,24.63009879434096,24.966710019255125,24.58904925605953,24.794300079345703,5060200,0.0,0.0
2018-03-15 00:00:00-04:00,24.966704537321284,25.319736126408756,24.917444789011615,25.262266159057617,6782000,0.0,0.0
2018-03-16 00:00:00-04:00,25.27868912272852,25.319738656097964,24.868187525276788,24.87639617919922,6816500,0.0,0.0
2018-03-19 00:00:00-04:00,24.87639256788583,25.147323520235272,24.613671834206258,24.769662857055664,5618600,0.0,0.0
2018-03-20 00:00:00-04:00,24.892816618922726,25.0652281041409,24.79429711246033,24.87639617919922,3498500,0.0,0.0
2018-03-21 00:00:00-04:00,24.925657642712217,25.229427949659588,24.745035936586323,24.786087036132812,4293200,0.0,0.0
2018-03-22 00:00:00-04:00,24.95849681187743,25.327948875959716,24.621885627242154,24.87639617919922,5722700,0.0,0.0
2018-03-23 00:00:00-04:00,24.950288071326774,25.098068905721664,24.41663627618699,24.457687377929688,5135100,0.0,0.0
2018-03-26 00:00:00-04:00,24.605463986175653,24.958495593297936,24.457684733697267,24.933866500854492,4510200,0.0,0.0
2018-03-27 00:00:00-04:00,24.999548508455824,25.57424981905497,24.597255555315254,24.630096435546875,8099300,0.0,0.0
2018-03-28 00:00:00-04:00,25.106280986912022,25.27048227417436,24.67935889278157,24.851770401000977,6223000,0.0,0.0
2018-03-29 00:00:00-04:00,25.007757873853592,25.327950201461483,24.966708338335877,25.065229415893555,4356600,0.0,0.0
2018-04-02 00:00:00-04:00,25.08985512482787,25.270476814984583,24.605463154580825,24.90923500061035,6324400,0.0,0.0
2018-04-03 00:00:00-04:00,24.966704759308985,25.147324882009833,24.613673167082588,25.01596450805664,4499400,0.0,0.0
2018-04-04 00:00:00-04:00,24.868183008853567,25.015962241708305,24.506941230239786,24.958492279052734,4905900,0.0,0.0
2018-04-05 00:00:00-04:00,25.040594527690192,25.204795773919553,24.703983382265225,24.88460350036621,4198600,0.0,0.0
2018-04-06 00:00:00-04:00,24.79429401225572,24.999544785317642,24.482311960275688,24.597251892089844,5531100,0.0,0.0
2018-04-09 00:00:00-04:00,24.794298410034198,25.21300868332096,24.63009713608454,25.065229415893555,5067800,0.0,0.0
2018-04-10 00:00:00-04:00,25.311526414838337,25.311526414838337,24.761454255544628,25.089855194091797,3734900,0.0,0.0
2018-04-11 00:00:00-04:00,25.02417247478441,25.286893199043718,24.97491273047055,25.155532836914062,3198300,0.0,0.0
2018-04-12 00:00:00-04:00,25.155539861178696,25.163750081846747,24.50694808779749,24.64651870727539,5539600,0.0,0.0
2018-04-13 00:00:00-04:00,24.703982819361784,24.942072898436198,24.62188219811784,24.7368221282959,3775900,0.0,0.0
2018-04-16 00:00:00-04:00,24.835341528723824,25.36899318226893,24.818921092383604,25.22121238708496,4989700,0.0,0.0
2018-04-17 00:00:00-04:00,25.106276993026494,25.73023959304858,25.098066773375496,25.656349182128906,5779300,0.0,0.0
2018-04-18 00:00:00-04:00,25.83697292551307,26.09148507242605,25.746663628616382,25.76308250427246,4056800,0.0,0.0
2018-04-19 00:00:00-04:00,25.828759081052443,26.042220094028817,25.607089414369412,25.853389739990234,4359800,0.0,0.0
2018-04-20 00:00:00-04:00,25.853390403614405,25.919070596528506,25.524989439043907,25.590669631958008,2824200,0.0,0.0
2018-04-23 00:00:00-04:00,25.64814102164824,25.705610997879923,25.393630455791047,25.623510360717773,2842100,0.0,0.0
2018-04-24 00:00:00-04:00,25.7877077235661,26.12431887552831,25.336156636574604,25.442886352539062,4184700,0.0,0.0
2018-04-25 00:00:00-04:00,25.352578592334037,25.566039616164844,25.18016866882033,25.52499008178711,3098300,0.0,0.0
2018-04-26 00:00:00-04:00,25.61529422721486,25.88622515458618,25.483933872485675,25.730234146118164,3542600,0.0,0.0
2018-04-27 00:00:00-04:00,25.74665804364739,25.9519088212506,25.71381716758008,25.869808197021484,3110000,0.0,0.0
2018-04-30 00:00:00-04:00,25.804067162847787,25.86159190324801,25.450699109038865,25.475353240966797,5178300,0.03,0.0
2018-05-01 00:00:00-04:00,25.549314992688807,25.713672743285112,24.92475773482719,25.187728881835938,4959500,0.0,0.0
2018-05-02 00:00:00-04:00,25.138422050317335,25.409611240160917,24.859014816244354,25.048025131225586,5846300,0.0,0.0
2018-05-03 00:00:00-04:00,25.53287985344709,26.94635217231908,25.18772981830762,26.58476448059082,16097700,0.0,0.0
2018-05-04 00:00:00-04:00,26.66693922924683,27.735259717311454,26.634067057955537,27.365455627441406,9657600,0.0,0.0
2018-05-07 00:00:00-04:00,27.595551675987593,28.252979284185002,27.529807347736796,28.072185516357422,6825500,0.0,0.0
2018-05-08 00:00:00-04:00,27.83387244188687,28.154368267284415,27.759911625651846,27.85852813720703,7494500,0.0,0.0
2018-05-09 00:00:00-04:00,27.940712270743436,28.187247340277295,27.776354512766364,28.129722595214844,6262400,0.0,0.0
2018-05-10 00:00:00-04:00,28.351596279118297,28.68852816747564,28.24476329943548,28.483081817626953,5916000,0.0,0.0
2018-05-11 00:00:00-04:00,28.5406121313248,28.9021966492844,28.5406121313248,28.688533782958984,4338600,0.0,0.0
2018-05-14 00:00:00-04:00,28.713190677461537,28.811807216667553,28.499527778909044,28.58170509338379,4079200,0.0,0.0
2018-05-15 00:00:00-04:00,28.32694655979673,28.32694655979673,27.628427019373824,27.735260009765625,5588100,0.0,0.0
2018-05-16 00:00:00-04:00,27.973578551846245,27.973578551846245,27.505161078025896,27.735260009765625,4584800,0.0,0.0
2018-05-17 00:00:00-04:00,27.776348238072547,27.88318122685353,27.406544149878975,27.57090187072754,3485900,0.0,0.0
2018-05-18 00:00:00-04:00,27.570908902234105,27.776355321974844,27.480511975970007,27.702394485473633,2493300,0.0,0.0
2018-05-21 00:00:00-04:00,28.006450852842256,28.006450852842256,27.160009671001973,27.529813766479492,5111600,0.0,0.0
2018-05-22 00:00:00-04:00,27.579116828144777,27.702382746838246,27.30792616426709,27.488719940185547,10724200,0.0,0.0
2018-05-23 00:00:00-04:00,27.48050096153533,27.60377001791785,26.98743100572992,27.242185592651367,5345000,0.0,0.0
2018-05-24 00:00:00-04:00,27.52981610234335,28.392690308429252,27.50516353884073,28.294076919555664,7094800,0.0,0.0
2018-05-25 00:00:00-04:00,28.072190351715456,28.170803726215425,27.620208989156065,27.92426872253418,4896300,0.0,0.0
2018-05-29 00:00:00-04:00,27.68595754940997,27.92427614139159,27.472294658750798,27.710613250732422,4308600,0.0,0.0
2018-05-30 00:00:00-04:00,27.75991363786488,28.565263064766008,27.620211605329303,28.277639389038086,5040700,0.0,0.0
2018-05-31 00:00:00-04:00,28.285860741118142,28.43378240981116,27.998237015805888,28.129722595214844,3900400,0.0,0.0
2018-06-01 00:00:00-04:00,28.080409758668534,28.146154105108128,27.554467526603716,27.86674690246582,3552400,0.0,0.0
2018-06-04 00:00:00-04:00,28.113279481730284,28.187240297597423,27.505160004478423,27.81743621826172,5117800,0.0,0.0
2018-06-05 00:00:00-04:00,27.7599117462758,28.113279743727215,27.5215963461387,27.6530818939209,4586400,0.0,0.0
2018-06-06 00:00:00-04:00,27.694168826805107,27.94892029651528,27.439414222232394,27.891395568847656,4097800,0.0,0.0
2018-06-07 00:00:00-04:00,27.990014766947382,28.17902505244415,27.529813766479492,27.529813766479492,4355100,0.0,0.0
2018-06-08 00:00:00-04:00,27.529809211060805,27.677730824774894,26.913470198872876,27.242185592651367,5622100,0.0,0.0
2018-06-11 00:00:00-04:00,27.26684260649658,27.546249796416127,26.83951377868652,26.839513778686523,6026600,0.0,0.0
2018-06-12 00:00:00-04:00,26.92991297737807,27.91605626902672,26.92991297737807,27.53803253173828,6485700,0.0,0.0
2018-06-13 00:00:00-04:00,27.562684259459196,27.97357697721549,27.554464649580986,27.92426872253418,5840200,0.0,0.0
2018-06-14 00:00:00-04:00,28.01466965773265,28.368037696697275,27.496943881016065,27.53803253173828,4383000,0.0,0.0
2018-06-15 00:00:00-04:00,27.5298134066834,27.57912166372359,27.06139593682139,27.43120002746582,5280100,0.0,0.0
2018-06-18 00:00:00-04:00,27.39833472547419,27.68595845983193,26.93813361563822,27.10249137878418,5494800,0.0,0.0
2018-06-19 00:00:00-04:00,26.79842107602175,26.913470524778702,26.173864014683236,26.264259338378906,10248300,0.0,0.0
2018-06-20 00:00:00-04:00,26.297133773047552,26.617629589328548,26.09990545784145,26.173866271972656,5970700,0.0,0.0
2018-06-21 00:00:00-04:00,26.190302278111915,26.330005863558938,26.042380650293737,26.198518753051758,4974100,0.0,0.0
2018-06-22 00:00:00-04:00,26.48615063737357,26.494370249246305,25.442482504838186,25.491790771484375,7075000,0.0,0.0
2018-06-25 00:00:00-04:00,25.47535151005089,25.63970924353995,24.941191227358704,25.524658203125,7500000,0.0,0.0
2018-06-26 00:00:00-04:00,25.664359303501225,26.025945341455376,25.590398487387166,25.746538162231445,7610700,0.0,0.0
2018-06-27 00:00:00-04:00,25.680789099043256,26.017720926628225,25.409600028854598,25.417818069458008,5245200,0.0,0.0
2018-06-28 00:00:00-04:00,25.483566600966977,25.738319647671222,25.212377469331795,25.237030029296875,4995800,0.0,0.0
2018-06-29 00:00:00-04:00,25.269903726114187,25.53287483117415,25.097329526205368,25.22881507873535,5336700,0.0,0.0
2018-07-02 00:00:00-04:00,24.90010058506527,25.500005204854045,24.571386691131924,25.45069694519043,4387300,0.0,0.0
2018-07-03 00:00:00-04:00,25.54109216447034,25.54109216447034,25.064456657934738,25.130199432373047,2385700,0.0,0.0
2018-07-05 00:00:00-04:00,24.998710722312165,25.286335911895222,24.916531872798267,25.253463745117188,5436400,0.0,0.0
2018-07-06 00:00:00-04:00,25.335646907464344,25.656142750951577,25.195943309738627,25.582181930541992,3124000,0.0,0.0
2018-07-09 00:00:00-04:00,25.565751380505866,25.820504486223758,24.98228276974744,25.121986389160156,4595800,0.0,0.0
2018-07-10 00:00:00-04:00,25.006933580238286,25.598618589318306,25.006933580238286,25.45069694519043,4322800,0.0,0.0
2018-07-11 00:00:00-04:00,25.393174817498522,25.516442344453868,25.097333066292023,25.204164505004883,3329100,0.0,0.0
2018-07-12 00:00:00-04:00,25.35208400101412,25.919116457541435,25.089112881300444,25.869808197021484,4599900,0.0,0.0
2018-07-13 00:00:00-04:00,25.878024771411052,26.075253100000154,25.68079644282195,25.943767547607422,2924600,0.0,0.0
2018-07-16 00:00:00-04:00,25.910896746967854,26.4861456424711,25.754757066897348,26.4204044342041,4147300,0.0,0.0
2018-07-17 00:00:00-04:00,26.486146001207633,27.028524299923518,26.338224362024857,26.519018173217773,3276100,0.0,0.0
2018-07-18 00:00:00-04:00,26.53545467077887,27.012088632866902,26.428621677520397,26.68337631225586,5089600,0.0,0.0
2018-07-19 00:00:00-04:00,26.634069473463477,26.757338559553993,26.182088049236715,26.543672561645508,4024400,0.0,0.0
2018-07-20 00:00:00-04:00,26.510800966402353,26.568328840067334,26.231395316140816,26.412187576293945,1979900,0.0,0.0
2018-07-23 00:00:00-04:00,26.494361826337474,26.527230858788684,25.935545954024263,25.96841812133789,2644000,0.0,0.0
2018-07-24 00:00:00-04:00,26.124566953441153,26.124566953441153,25.3603060368138,25.639713287353516,5234900,0.0,0.0
2018-07-25 00:00:00-04:00,25.615052874236127,26.1574311529358,25.606834831536876,25.77119255065918,5052200,0.0,0.0
2018-07-26 00:00:00-04:00,25.754759125153935,26.28891941632122,25.754759125153935,26.03416633605957,3548400,0.0,0.0
2018-07-27 00:00:00-04:00,26.190308712583498,26.28892211040222,25.779415897664865,25.951990127563477,2461000,0.0,0.0
2018-07-30 00:00:00-04:00,25.721885348569653,25.721885348569653,25.245249824499673,25.532875061035156,5416800,0.0,0.0
2018-07-31 00:00:00-04:00,25.55755537419858,26.207394200802145,25.442394698677557,26.051103591918945,4067100,0.03,0.0
2018-08-01 00:00:00-04:00,25.96884413783881,26.306101731659073,25.61513457140623,26.24029541015625,4341500,0.0,0.0
2018-08-02 00:00:00-04:00,25.54932570656026,26.66803306074492,25.467067420633636,25.968841552734375,5625900,0.0,0.0
2018-08-03 00:00:00-04:00,26.075778130948706,27.104002795908098,26.0264222173893,26.824325561523438,5892000,0.0,0.0
2018-08-06 00:00:00-04:00,27.04641793437137,27.564640819405636,27.04641793437137,27.400127410888672,6176100,0.0,0.0
2018-08-07 00:00:00-04:00,27.61400646038168,28.23916892956716,27.597554486151196,28.132232666015625,5507300,0.0,0.0
2018-08-08 00:00:00-04:00,28.26384532196627,28.280297296196753,27.934812113143046,28.132232666015625,3940200,0.0,0.0
2018-08-09 00:00:00-04:00,28.296756348359498,28.337884725276627,27.967723057234426,28.07465934753418,2496300,0.0,0.0
2018-08-10 00:00:00-04:00,27.975933044017047,28.535287467609127,27.720935355953753,27.794967651367188,2627900,0.0,0.0
2018-08-13 00:00:00-04:00,27.770293973143158,27.89368220410229,26.700940810438567,26.733844757080078,4018600,0.0,0.0
2018-08-14 00:00:00-04:00,26.832554457155293,27.15336010410981,26.717393777519636,27.005298614501953,4348300,0.0,0.0
2018-08-15 00:00:00-04:00,26.86545392054328,26.964162609769442,26.66803340419831,26.824325561523438,4490500,0.0,0.0
2018-08-16 00:00:00-04:00,26.931259630138722,27.951256658176703,26.83254781099254,27.794967651367188,4806000,0.0,0.0
2018-08-17 00:00:00-04:00,27.64690510395844,28.115775296934185,27.47416411452372,27.92658233642578,4135800,0.0,0.0
2018-08-20 00:00:00-04:00,27.992393541482077,28.115781784057617,27.696264269615472,28.115781784057617,2248800,0.0,0.0
2018-08-21 00:00:00-04:00,28.18157816056648,28.313190782470468,27.696256028940713,27.75383949279785,3324100,0.0,0.0
2018-08-22 00:00:00-04:00,27.753845560187127,27.803198343007583,27.375456443836004,27.72916603088379,3157500,0.0,0.0
2018-08-23 00:00:00-04:00,27.688035211840223,27.688035211840223,27.375454017478738,27.498842239379883,2546500,0.0,0.0
2018-08-24 00:00:00-04:00,27.605776084436208,28.132226594622168,27.605776084436208,28.0417423248291,1662100,0.0,0.0
2018-08-27 00:00:00-04:00,28.14867911495806,28.477709121302937,27.89367827127937,28.09109878540039,1929500,0.0,0.0
2018-08-28 00:00:00-04:00,28.148679256665982,28.288516304040694,27.869002024023928,28.107547760009766,1721100,0.0,0.0
2018-08-29 00:00:00-04:00,28.23093577973841,28.370775964042537,27.96771051999341,28.263839721679688,2620800,0.0,0.0
2018-08-30 00:00:00-04:00,28.263837241834377,28.592867218700505,28.082868714927983,28.50238609313965,2430000,0.0,0.0
2018-08-31 00:00:00-04:00,28.592869332670283,29.415449042490277,28.54351655833233,29.111095428466797,4434800,0.0,0.0
2018-09-04 00:00:00-04:00,29.05352153606323,29.5388437978866,29.02884514342767,29.300294876098633,4289600,0.0,0.0
2018-09-05 00:00:00-04:00,29.366093912554085,29.366093912554085,28.666899332557367,29.01238441467285,6255000,0.0,0.0
2018-09-06 00:00:00-04:00,28.971260475845735,29.144001474286423,28.699807645816545,28.773839950561523,3779200,0.0,0.0
2018-09-07 00:00:00-04:00,28.52707329623751,28.691589916003103,28.387233071174023,28.625782012939453,3099600,0.0,0.0
2018-09-10 00:00:00-04:00,28.847865216944708,29.111090427839557,28.633995909802152,29.004154205322266,2605700,0.0,0.0
2018-09-11 00:00:00-04:00,28.83141901185339,29.2180324904593,28.773838681579235,29.127548217773438,2280300,0.0,0.0
2018-09-12 00:00:00-04:00,29.160448400193065,29.48125395261041,29.094640523855016,29.423673629760742,2746200,0.0,0.0
2018-09-13 00:00:00-04:00,29.514164581336576,29.91722693265431,29.176906983381894,29.752710342407227,3606700,0.0,0.0
2018-09-14 00:00:00-04:00,29.66221719602095,30.163988043289315,29.66221719602095,29.81028175354004,2671200,0.0,0.0
2018-09-17 00:00:00-04:00,29.818516784990337,29.892549090110162,29.1933575378951,29.201581954956055,3479600,0.0,0.0
2018-09-18 00:00:00-04:00,29.29206704939089,29.719808920029884,29.218034742205433,29.514163970947266,2354100,0.0,0.0
2018-09-19 00:00:00-04:00,29.695128010323945,29.76093589715619,29.069968774881364,29.26738929748535,2720100,0.0,0.0
2018-09-20 00:00:00-04:00,29.464808257137747,29.686905180228887,29.209807388871717,29.47303581237793,4341300,0.0,0.0
2018-09-21 00:00:00-04:00,29.41544890288187,29.933674996218837,29.41544890288187,29.744482040405273,5110300,0.0,0.0
2018-09-24 00:00:00-04:00,29.736262735054716,29.983036061666116,29.604650085002426,29.686906814575195,3241900,0.0,0.0
2018-09-25 00:00:00-04:00,29.74448193794662,29.74448193794662,29.0781912488085,29.440128326416016,3099400,0.0,0.0
2018-09-26 00:00:00-04:00,29.489482246546086,29.588194074035343,29.209805011111854,29.25093650817871,3530200,0.0,0.0
2018-09-27 00:00:00-04:00,29.29206325430245,30.024158676123207,29.267386867735347,29.983030319213867,3864000,0.0,0.0
2018-09-28 00:00:00-04:00,29.900773143655805,30.78093323943951,29.900773143655805,30.764484405517578,4129200,0.0,0.0
2018-10-01 00:00:00-04:00,30.83028916425639,31.003030161524148,30.50948355850404,30.945449829101562,5975500,0.0,0.0
2018-10-02 00:00:00-04:00,31.085288654409393,31.29915800288037,30.57528696409162,30.99480438232422,4080500,0.0,0.0
2018-10-03 00:00:00-04:00,31.109970567565462,31.463680164234056,30.419003348246946,30.435455322265625,4272800,0.0,0.0
2018-10-04 00:00:00-04:00,30.320286172061447,30.476575174739796,29.900768796510246,30.122865676879883,3768000,0.0,0.0
2018-10-05 00:00:00-04:00,30.172226101203858,30.928997980570355,30.163998546314822,30.59996795654297,3982900,0.0,0.0
2018-10-08 00:00:00-04:00,30.69867999264269,31.04416516406692,30.632875235829058,30.67400360107422,2904400,0.0,0.0
2018-10-09 00:00:00-04:00,30.682224686680335,30.92899798924327,30.501259271677004,30.780933380126953,2832700,0.0,0.0
2018-10-10 00:00:00-04:00,30.64109072918611,31.101736444286214,29.94189930998573,29.97480010986328,4167700,0.0,0.0
2018-10-11 00:00:00-04:00,29.843189749506145,29.983029926637933,29.341415643261563,29.596416473388672,4969200,0.0,0.0
2018-10-12 00:00:00-04:00,30.040611187527432,30.25448053004351,29.497708708025417,29.91722297668457,3925900,0.0,0.0
2018-10-15 00:00:00-04:00,30.040602440027314,30.353183515354456,29.933666230961673,30.106407165527344,2989300,0.0,0.0
2018-10-16 00:00:00-04:00,30.377870723774407,31.2827072027093,30.34496678034953,30.9865779876709,3419600,0.0,0.0
2018-10-17 00:00:00-04:00,30.896091727886787,31.011252372888844,30.344961749515505,30.863187789916992,2950600,0.0,0.0
2018-10-18 00:00:00-04:00,30.772703968029045,31.118189045851416,30.089964503832412,30.32028579711914,5583500,0.0,0.0
2018-10-19 00:00:00-04:00,30.30384172875778,30.789163964640302,30.270937781740265,30.287389755249023,2918200,0.0,0.0
2018-10-22 00:00:00-04:00,30.37787491301722,30.575292325005716,29.82674476727186,30.427230834960938,2174500,0.0,0.0
2018-10-23 00:00:00-04:00,30.11464436401675,30.180449110596008,29.44012923764302,29.760934829711914,4139700,0.0,0.0
2018-10-24 00:00:00-04:00,29.851421768210425,30.213355751455474,29.47303581237793,29.47303581237793,3417000,0.0,0.0
2018-10-25 00:00:00-04:00,29.481260025999752,29.711581364846555,29.42367969128805,29.514163970947266,3123700,0.0,0.0
2018-10-26 00:00:00-04:00,29.201580594434084,29.686902763631934,28.856098611899682,29.25093650817871,6141900,0.0,0.0
2018-10-29 00:00:00-04:00,29.440129394899333,29.793838931093536,28.905451313333405,29.127548217773438,4501900,0.0,0.0
2018-10-30 00:00:00-04:00,29.119322200599775,29.555288430968098,29.086418259996606,29.390771865844727,3507400,0.0,0.0
2018-10-31 00:00:00-04:00,29.46487147511816,30.304608318475697,29.46487147511816,29.794178009033203,4774600,0.03,0.0
2018-11-01 00:00:00-04:00,29.884734861174575,30.518653869628903,29.835340614106343,30.518653869628906,4288700,0.0,0.0
2018-11-02 00:00:00-04:00,30.6009811874593,31.06201407239893,30.419863705239468,30.806798934936523,3695900,0.0,0.0
2018-11-05 00:00:00-05:00,30.97968854876244,31.597141797554908,30.97968854876244,31.531278610229492,4023400,0.0,0.0
2018-11-06 00:00:00-05:00,31.531277124570046,31.794723580399655,31.18550482899224,31.243133544921875,3600100,0.0,0.0
2018-11-07 00:00:00-05:00,31.57243753478761,31.79472105307406,31.37485427888581,31.613603591918945,5014800,0.0,0.0
2018-11-08 00:00:00-05:00,31.020856704881776,32.06641142612231,29.69538967133646,30.452800750732422,8490800,0.0,0.0
2018-11-09 00:00:00-05:00,30.345767335385016,32.033472133417106,30.31283574407478,31.51481056213379,8064800,0.0,0.0
2018-11-12 00:00:00-05:00,31.65477114674471,33.24368445652994,31.58067662979251,32.76618576049805,10335400,0.0,0.0
2018-11-13 00:00:00-05:00,32.955532790245705,33.00493017433892,32.214590872022804,32.43687438964844,6258600,0.0,0.0
2018-11-14 00:00:00-05:00,32.44510464077651,32.88143719394449,31.901745995887087,32.14049530029297,6474300,0.0,0.0
2018-11-15 00:00:00-05:00,31.951153009548147,32.51097761734018,31.852358214857745,32.2722282409668,4699800,0.0,0.0
2018-11-16 00:00:00-05:00,32.44510284060463,32.67561766488032,32.00053584476244,32.3298454284668,3546100,0.0,0.0
2018-11-19 00:00:00-05:00,32.24752659323646,32.40395010787643,32.017011696541665,32.17343521118164,3924400,0.0,0.0
2018-11-20 00:00:00-05:00,31.901756429511764,31.98408228666619,30.73271292716219,31.193742752075195,6436200,0.0,0.0
2018-11-21 00:00:00-05:00,31.31722210063696,31.868812031207014,31.259593395667817,31.416013717651367,4179800,0.0,0.0
2018-11-23 00:00:00-05:00,31.12787740846219,31.90998234020613,31.119642939827003,31.646535873413086,2539000,0.0,0.0
2018-11-26 00:00:00-05:00,31.811184154346442,32.22281956657252,31.745324121465334,32.156959533691406,3567500,0.0,0.0
2018-11-27 00:00:00-05:00,32.165184265153094,32.222812959806596,31.60535996806622,31.662988662719727,3338300,0.0,0.0
2018-11-28 00:00:00-05:00,31.901750904428216,32.469806757684154,31.695933156657713,32.41217803955078,4750700,0.0,0.0
2018-11-29 00:00:00-05:00,32.39570872639548,32.57682932974282,31.712395511044672,31.93467903137207,5203000,0.0,0.0
2018-11-30 00:00:00-05:00,31.844121500048967,32.37101442050209,31.55597791559164,31.638303756713867,19793100,0.0,0.0
2018-12-03 00:00:00-05:00,31.992314333856772,32.947308650963095,31.85235661865736,32.78265380859375,6551700,0.0,0.0
2018-12-04 00:00:00-05:00,32.71677999033682,33.19427537771823,32.33807307006977,32.79087448120117,6754100,0.0,0.0
2018-12-06 00:00:00-05:00,32.51920402807941,33.39187240600586,32.214594641848215,33.39187240600586,5501800,0.0,0.0
2018-12-07 00:00:00-05:00,33.42480095930567,33.992859952710305,33.21075188360089,33.36717224121094,4018000,0.0,0.0
2018-12-10 00:00:00-05:00,33.251913934203664,33.65531809083183,32.93083875879018,33.416568756103516,3267400,0.0,0.0
2018-12-11 00:00:00-05:00,33.73764633107177,34.67617479996442,33.41657113282215,34.305702209472656,6910500,0.0,0.0
2018-12-12 00:00:00-05:00,34.63501339707776,35.07958052518318,34.544453077590006,34.75027084350586,5587900,0.0,0.0
2018-12-13 00:00:00-05:00,34.807893591406504,35.46651284169896,34.7831964687058,35.137203216552734,5763500,0.0,0.0
2018-12-14 00:00:00-05:00,34.881994682370305,35.37595921330217,34.742040106617395,34.8408317565918,4831300,0.0,0.0
2018-12-17 00:00:00-05:00,34.93962372527699,35.21953601986603,33.66355417132372,33.77058029174805,6241200,0.0,0.0
2018-12-18 00:00:00-05:00,33.93522842772666,34.80789359556864,33.46596425318125,33.66354751586914,6617200,0.0,0.0
2018-12-19 00:00:00-05:00,33.498908405694785,33.72119203580983,32.72503450644786,32.9967155456543,7320600,0.0,0.0
2018-12-20 00:00:00-05:00,32.97200212232866,32.97200212232866,30.806798565486176,31.465417861938477,10360900,0.0,0.0
2018-12-21 00:00:00-05:00,31.284288142206503,31.7947151220208,30.31282841707464,30.63390350341797,10863000,0.0,0.0
2018-12-24 00:00:00-05:00,30.461017248346568,30.543343065779297,29.785935495706585,29.8353328704834,2480000,0.0,0.0
2018-12-26 00:00:00-05:00,29.934138646194985,31.374863116808097,29.62129473894199,31.366628646850586,4738600,0.0,0.0
2018-12-27 00:00:00-05:00,31.029077545913015,31.802954163331425,30.617442116402486,31.794719696044922,3578600,0.0,0.0
2018-12-28 00:00:00-05:00,31.98407161675627,32.156960883952806,31.514807478356598,31.794719696044922,3267500,0.0,0.0
2018-12-31 00:00:00-05:00,32.13226398028909,32.69208847416469,31.984074958937935,32.60152816772461,2776800,0.0,0.0
2019-01-02 00:00:00-05:00,32.18990127231855,32.27223027307796,31.193743917106627,31.37486457824707,5156700,0.0,0.0
2019-01-03 00:00:00-05:00,31.325468124925475,31.695940788218515,30.913832530273286,31.078487396240234,3969900,0.0,0.0
2019-01-04 00:00:00-05:00,31.25959572661661,32.280449839788695,31.21019834416153,32.14049530029297,4092800,0.0,0.0
2019-01-07 00:00:00-05:00,32.379245678470966,32.92260434137945,32.07463318735664,32.43687438964844,3123800,0.0,0.0
2019-01-08 00:00:00-05:00,32.840271618944826,33.11195248964941,32.63445391951245,32.93083190917969,2727700,0.0,0.0
2019-01-09 00:00:00-05:00,32.74149204601794,33.19429052321832,32.420416819285485,32.56037139892578,3319400,0.0,0.0
2019-01-10 00:00:00-05:00,32.45334330426946,33.317780419745326,32.36278612675669,33.26838302612305,3462500,0.0,0.0
2019-01-11 00:00:00-05:00,33.14488670696867,33.408336297408646,32.89790605274369,33.177818298339844,2006200,0.0,0.0
2019-01-14 00:00:00-05:00,32.873201323780975,33.08725033711139,32.52742597544269,32.659149169921875,2272000,0.0,0.0
2019-01-15 00:00:00-05:00,32.683856826842934,33.523593559442276,32.58506519375165,33.29307556152344,3043600,0.0,0.0
2019-01-16 00:00:00-05:00,33.20251883460845,33.65531722782502,33.20251883460845,33.49889373779297,2647000,0.0,0.0
2019-01-17 00:00:00-05:00,33.358952953563396,34.429204999438234,33.358952953563396,33.80352020263672,3308100,0.0,0.0
2019-01-18 00:00:00-05:00,33.910529638101146,34.04225286579365,32.97200124822586,33.210750579833984,4360200,0.0,0.0
2019-01-22 00:00:00-05:00,33.26015765691624,33.655327455110466,33.02963958590516,33.34248352050781,4355900,0.0,0.0
2019-01-23 00:00:00-05:00,33.589448661196926,34.14927306726095,33.54828574850699,34.03401565551758,2754000,0.0,0.0
2019-01-24 00:00:00-05:00,34.00109949110665,34.37980348446987,33.78705036371493,34.355106353759766,2986900,0.0,0.0
2019-01-25 00:00:00-05:00,34.46212592354141,34.577383365608675,33.63885489102691,33.69648361206055,4320600,0.0,0.0
2019-01-28 00:00:00-05:00,33.14488078830623,33.45772456940922,32.99669493465623,33.04608917236328,3093700,0.0,0.0
2019-01-29 00:00:00-05:00,33.02963893030834,33.48243745213526,32.75796107342432,32.87321853637695,4479500,0.0,0.0
2019-01-30 00:00:00-05:00,33.08725659578535,33.25191140516205,32.90613913194733,33.07902526855469,3306600,0.0,0.0
2019-01-31 00:00:00-05:00,33.087274019915355,33.812294851319145,33.029602229757,33.7051887512207,4433700,0.03,0.0
2019-02-01 00:00:00-05:00,33.61455154418945,33.77109191133658,33.38386444676334,33.61455154418945,3419500,0.0,0.0
2019-02-04 00:00:00-05:00,33.598070439914295,33.9770603926242,33.35090526579963,33.81228256225586,2319300,0.0,0.0
2019-02-05 00:00:00-05:00,33.861722824821214,33.98530701657757,33.293242457070384,33.523929595947266,2654600,0.0,0.0
2019-02-06 00:00:00-05:00,33.39210607113105,33.75461800395892,33.23556882742216,33.66399002075195,2382600,0.0,0.0
2019-02-07 00:00:00-05:00,33.5486489070497,34.26542906029957,33.515692702954475,34.24895095825195,2743600,0.0,0.0
2019-02-08 00:00:00-05:00,34.05121459684914,34.594979306320575,33.894674223763836,34.463157653808594,2702600,0.0,0.0
2019-02-11 00:00:00-05:00,34.49611123471477,34.91629491921806,34.4796331350405,34.80918884277344,2452600,0.0,0.0
2019-02-12 00:00:00-05:00,35.015159396509674,35.36119005137702,34.72680051745355,34.941009521484375,4096200,0.0,0.0
2019-02-13 00:00:00-05:00,34.9327810903028,35.262333731304516,34.776240678665864,35.05636215209961,2800600,0.0,0.0
2019-02-14 00:00:00-05:00,35.06459931606584,35.39415192455635,34.92453702172803,35.10579299926758,2409000,0.0,0.0
2019-02-15 00:00:00-05:00,35.30353492506465,35.50126906601086,34.957504107005725,34.98221969604492,2609200,0.0,0.0
2019-02-19 00:00:00-05:00,34.94925359563233,35.089315893947905,34.79271633786942,34.97397232055664,2341500,0.0,0.0
2019-02-20 00:00:00-05:00,34.91628837067361,35.09754114734426,34.594973344478475,34.652645111083984,2926900,0.0,0.0
2019-02-21 00:00:00-05:00,34.52908275402023,34.99869780303023,34.298395541980945,34.98221969604492,3722000,0.0,0.0
2019-02-22 00:00:00-05:00,35.13875626721619,35.3035310331492,34.693856856291774,34.78448486328125,2192000,0.0,0.0
2019-02-25 00:00:00-05:00,34.89981858447048,35.02339962396286,34.29838205888723,34.471397399902344,2742500,0.0,0.0
2019-02-26 00:00:00-05:00,34.487876916993066,34.562026800884716,33.79581238162986,34.084171295166016,3333700,0.0,0.0
2019-02-27 00:00:00-05:00,33.91938408058725,34.051208853741656,33.499203616222104,33.79580307006836,4805400,0.0,0.0
2019-02-28 00:00:00-05:00,35.015167036695956,35.056360722281426,33.12022921387364,34.33958053588867,5384500,0.0,0.0
2019-03-01 00:00:00-05:00,34.397248328742286,34.8668632041956,34.207754882759055,34.76799774169922,4953900,0.0,0.0
2019-03-04 00:00:00-05:00,34.89157492896803,35.26232430096127,33.40858058387115,34.364288330078125,5895700,0.0,0.0
2019-03-05 00:00:00-05:00,34.3395770796036,34.5537861088139,34.00178386319891,34.38901138305664,4989900,0.0,0.0
2019-03-06 00:00:00-05:00,34.42196362785153,34.5867414925856,34.059454839737676,34.092411041259766,3635600,0.0,0.0
2019-03-07 00:00:00-05:00,34.117129006684614,34.55378770731939,33.869963763738085,33.97706985473633,4227400,0.0,0.0
2019-03-08 00:00:00-05:00,33.92762667055544,34.18303246906038,33.58159290668179,34.1583137512207,3672900,0.0,0.0
2019-03-11 00:00:00-04:00,34.257190944854486,34.44668440056988,33.72990111774787,34.430206298828125,3246800,0.0,0.0
2019-03-12 00:00:00-04:00,34.50435669763662,35.53421450021634,34.306622616675604,35.3776741027832,6952800,0.0,0.0
2019-03-13 00:00:00-04:00,35.36942972653005,35.822566442732516,35.146980107403174,35.47653579711914,5465800,0.0,0.0
2019-03-14 00:00:00-04:00,35.43533629894336,35.451814396470596,34.46315368784233,34.48786926269531,5956800,0.0,0.0
2019-03-15 00:00:00-04:00,34.545550265863625,34.75975930521955,34.08417284041225,34.57850646972656,6119400,0.0,0.0
2019-03-18 00:00:00-04:00,34.52083066959513,34.85038324126744,34.37253091233591,34.50435256958008,4431400,0.0,0.0
2019-03-19 00:00:00-04:00,34.55378114860909,34.82566506425715,34.43843759998603,34.5455436706543,4339400,0.0,0.0
2019-03-20 00:00:00-04:00,34.627938144157426,35.15522484224701,34.430207203812145,35.02340316772461,3014800,0.0,0.0
2019-03-21 00:00:00-04:00,35.09753727353615,35.839035823588056,34.91628451687085,35.731929779052734,2961700,0.0,0.0
2019-03-22 00:00:00-04:00,35.76489742017511,35.97086895637582,35.00692367553711,35.00692367553711,3263600,0.0,0.0
2019-03-25 00:00:00-04:00,34.97397113131666,35.77313863815729,34.80919325655647,35.53421401977539,3354800,0.0,0.0
2019-03-26 00:00:00-04:00,35.690752901413596,35.88848698872723,35.47654385446079,35.72370910644531,2525700,0.0,0.0
2019-03-27 00:00:00-04:00,35.591878548284086,35.69898461647365,35.122263743829116,35.27880096435547,2110800,0.0,0.0
2019-03-28 00:00:00-04:00,35.28705268056997,35.41887436637762,34.941018791026835,35.22937774658203,3314700,0.0,0.0
2019-03-29 00:00:00-04:00,35.26232725094424,35.37767081124134,34.99868392944336,34.99868392944336,3658900,0.0,0.0
2019-04-01 00:00:00-04:00,35.155224813086775,35.36119637578696,34.28190739867903,34.421966552734375,3437100,0.0,0.0
2019-04-02 00:00:00-04:00,34.53730649670016,35.06459628183504,34.463159759079076,34.899818420410156,3050500,0.0,0.0
2019-04-03 00:00:00-04:00,34.89158022226899,35.44358562495229,34.75152107319916,34.88334274291992,2513300,0.0,0.0
2019-04-04 00:00:00-04:00,35.06459623213254,35.06459623213254,34.65265315059239,34.80095291137695,2195600,0.0,0.0
2019-04-05 00:00:00-04:00,34.87510466046187,34.98220760453022,34.33957736861432,34.660892486572266,2432200,0.0,0.0
2019-04-08 00:00:00-04:00,34.603224478516346,34.677374370971094,34.224237536137316,34.56203079223633,2143000,0.0,0.0
2019-04-09 00:00:00-04:00,34.43844681496671,34.759761970072475,34.43844681496671,34.73504638671875,2458700,0.0,0.0
2019-04-10 00:00:00-04:00,34.842151128832135,35.262331743862255,34.74328251351482,34.81743240356445,2410800,0.0,0.0
2019-04-11 00:00:00-04:00,34.79270977143378,34.97396571991252,34.64441002138318,34.941009521484375,2309700,0.0,0.0
2019-04-12 00:00:00-04:00,34.998687507793356,35.04812181420767,34.77623784324389,34.8256721496582,1960400,0.0,0.0
2019-04-15 00:00:00-04:00,34.8998234301916,35.06460131526993,34.71856744231777,34.8421516418457,1863800,0.0,0.0
2019-04-16 00:00:00-04:00,34.80095964791642,34.97397502136414,34.59498806727573,34.6279411315918,2100400,0.0,0.0
2019-04-17 00:00:00-04:00,34.60321386852727,34.677363738246285,33.606312508986086,33.92762756347656,6153200,0.0,0.0
2019-04-18 00:00:00-04:00,34.01002599861439,34.16656640954259,33.647517152290675,33.77933883666992,3146400,0.0,0.0
2019-04-22 00:00:00-04:00,33.795819181541304,33.82877539054111,33.43331031117465,33.68871307373047,2345500,0.0,0.0
2019-04-23 00:00:00-04:00,33.82052811762304,34.21599311923975,33.68870645041748,34.05945587158203,3154800,0.0,0.0
2019-04-24 00:00:00-04:00,34.1088809870752,34.281896289386125,33.878190774451696,34.067684173583984,1756600,0.0,0.0
2019-04-25 00:00:00-04:00,33.88644718485224,34.05946256778561,33.61456317491944,33.68871307373047,2306200,0.0,0.0
2019-04-26 00:00:00-04:00,33.837012709032344,34.06769988517021,33.655756703279984,33.71342849731445,1475800,0.0,0.0
2019-04-29 00:00:00-04:00,33.69695524759194,33.86173001441701,33.441549330409515,33.680477142333984,1868600,0.0,0.0
2019-04-30 00:00:00-04:00,33.64748363024539,33.952544463003626,33.43311417843819,33.944297790527344,2890900,0.03,0.0
2019-05-01 00:00:00-04:00,33.804134717988504,33.94429669371628,33.38364564562128,33.43311309814453,2646700,0.0,0.0
2019-05-02 00:00:00-04:00,33.25172947405137,33.80413703295023,32.57564383982298,32.62511444091797,3789900,0.0,0.0
2019-05-03 00:00:00-04:00,32.55915614984921,32.9796452428141,32.03972585662335,32.51792907714844,3541200,0.0,0.0
2019-05-06 00:00:00-04:00,32.43547974418244,32.60037859191966,31.198743103929196,31.619232177734375,4050900,0.0,0.0
2019-05-07 00:00:00-04:00,31.462595905367884,32.064474330428794,31.404881751265158,31.86659812927246,4499000,0.0,0.0
2019-05-08 00:00:00-04:00,31.759397556156127,31.775887755581696,29.838331783060504,30.473190307617188,8454400,0.0,0.0
2019-05-09 00:00:00-04:00,30.46495887276624,30.687571935595955,29.87957071413172,30.242345809936523,5629900,0.0,0.0
2019-05-10 00:00:00-04:00,30.21760801259278,30.835976500065883,29.846586291071965,30.76177215576172,4107800,0.0,0.0
2019-05-13 00:00:00-04:00,30.54740927866714,30.803002774534125,30.192877683993924,30.349533081054688,3380300,0.0,0.0
2019-05-14 00:00:00-04:00,30.481426954230233,30.55563125464668,29.739383950065793,29.879549026489258,4120300,0.0,0.0
2019-05-15 00:00:00-04:00,29.722912215468916,29.887811112713965,29.343646953434707,29.673444747924805,3575100,0.0,0.0
2019-05-16 00:00:00-04:00,29.72290747032214,29.929030272675533,29.351885797049167,29.51678466796875,3048500,0.0,0.0
2019-05-17 00:00:00-04:00,29.26943311006956,29.574493926621624,29.21171898653765,29.33539390563965,2688900,0.0,0.0
2019-05-20 00:00:00-04:00,29.170503520930026,29.656953521179595,28.96438069277656,29.60748291015625,5142700,0.0,0.0
2019-05-21 00:00:00-04:00,29.61573127856887,30.47320313864129,29.53328339190952,30.25883674621582,4515500,0.0,0.0
2019-05-22 00:00:00-04:00,30.110417584068745,30.341274102742915,29.953765395709013,30.09392738342285,3300400,0.0,0.0
2019-05-23 00:00:00-04:00,29.85482851677932,29.92078932891837,29.219969853271824,29.294174194335938,4361500,0.0,0.0
2019-05-24 00:00:00-04:00,29.360135006474987,29.722910037685857,29.236460056306587,29.294174194335938,2618600,0.0,0.0
2019-05-28 00:00:00-04:00,29.269441285197853,29.442583704153282,28.708786946993367,28.873685836791992,5998600,0.0,0.0
2019-05-29 00:00:00-04:00,28.873680359697328,28.93963801599433,28.23057827117696,28.2635555267334,3490600,0.0,0.0
2019-05-30 00:00:00-04:00,28.30478645585828,28.436704931606016,27.77710940768279,27.818336486816406,3092300,0.0,0.0
2019-05-31 00:00:00-04:00,27.694657902981984,28.313026266568794,27.562739444557494,28.0656795501709,4530900,0.0,0.0
2019-06-03 00:00:00-04:00,28.156373942102753,28.486168513956017,27.983228410806856,28.2635555267334,3674300,0.0,0.0
2019-06-04 00:00:00-04:00,28.420211841205028,28.807720555172832,28.057433710872314,28.75825309753418,6226100,0.0,0.0
2019-06-05 00:00:00-04:00,28.956136227918496,29.030340577523486,28.51915680534745,28.980873107910156,4168700,0.0,0.0
2019-06-06 00:00:00-04:00,29.121027428729196,29.228212159846354,28.65931124830342,29.08804702758789,3340500,0.0,0.0
2019-06-07 00:00:00-04:00,29.096296842467428,29.310663182666215,28.56037627419371,28.634580612182617,3156300,0.0,0.0
2019-06-10 00:00:00-04:00,28.593358674204033,28.774747767542316,28.04919453937391,28.197603225708008,3057900,0.0,0.0
2019-06-11 00:00:00-04:00,28.189348710260237,28.67579857011528,28.156371457613677,28.48616600036621,3441400,0.0,0.0
2019-06-12 00:00:00-04:00,28.43671229495511,28.9478961276945,28.32952752278568,28.444955825805664,2622900,0.0,0.0
2019-06-13 00:00:00-04:00,28.502659384386433,28.807720235447917,28.16461813180906,28.378984451293945,2827300,0.0,0.0
2019-06-14 00:00:00-04:00,28.395478881263738,28.758257061602173,28.21409293627919,28.675806045532227,2717300,0.0,0.0
2019-06-17 00:00:00-04:00,28.684053044000606,28.75001071241754,28.313031330453168,28.395479202270508,3077900,0.0,0.0
2019-06-18 00:00:00-04:00,28.560374008648925,28.87368153810288,28.255313152308744,28.568620681762695,3387100,0.0,0.0
2019-06-19 00:00:00-04:00,28.568621374069036,28.865435564488173,28.34600837236643,28.692293167114258,4387500,0.0,0.0
2019-06-20 00:00:00-04:00,29.038581628842522,29.063315358859143,28.651069750932063,28.890172958374023,3878700,0.0,0.0
2019-06-21 00:00:00-04:00,28.906663115796256,29.17874358111512,28.758254445555284,28.99735450744629,6029500,0.0,0.0
2019-06-24 00:00:00-04:00,29.401355364721706,29.615721687726154,28.86543483943421,29.005599975585938,4526400,0.0,0.0
2019-06-25 00:00:00-04:00,29.07156764216565,29.33540780426523,28.881934982832618,28.97262954711914,3782600,0.0,0.0
2019-06-26 00:00:00-04:00,28.840708303889052,28.881932244150658,27.77711366114037,27.78536033630371,4327200,0.0,0.0
2019-06-27 00:00:00-04:00,27.818335919279505,28.057435989379883,27.216454544201184,28.057435989379883,6333800,0.0,0.0
2019-06-28 00:00:00-04:00,28.065682092708165,28.964377655010008,27.94200715071314,28.956130981445312,5632200,0.0,0.0
2019-07-01 00:00:00-04:00,29.055074926894115,29.327155421624912,28.791234816134498,29.211727142333984,4052600,0.0,0.0
2019-07-02 00:00:00-04:00,29.228211353163527,29.36837333636943,28.700537530202823,29.055068969726562,2741600,0.0,0.0
2019-07-03 00:00:00-04:00,29.162263309334264,29.731164454033856,29.13752957093357,29.525041580200195,1850900,0.0,0.0
2019-07-05 00:00:00-04:00,29.31890864905913,29.764131513473448,29.26943804404226,29.755887985229492,2102800,0.0,0.0
2019-07-08 00:00:00-04:00,29.689925994258527,29.90429546226307,29.211722745574356,29.44257926940918,3541900,0.0,0.0
2019-07-09 00:00:00-04:00,29.368375010118804,29.6157217355803,29.05507062562023,29.34364128112793,2676000,0.0,0.0
2019-07-10 00:00:00-04:00,29.61572031358421,29.772375643495963,29.393110472986436,29.648700714111328,2649600,0.0,0.0
2019-07-11 00:00:00-04:00,29.582750197180783,29.7558926239549,29.401361095692742,29.673444747924805,1991600,0.0,0.0
2019-07-12 00:00:00-04:00,29.69817848169686,29.813606766212935,29.508545850679756,29.673444747924805,2029800,0.0,0.0
2019-07-15 00:00:00-04:00,29.615721328360763,29.879561396434017,29.285926747341566,29.384864807128906,2700400,0.0,0.0
2019-07-16 00:00:00-04:00,29.186991562655397,29.36837749926913,27.966741742611074,28.10690689086914,4879000,0.0,0.0
2019-07-17 00:00:00-04:00,28.07392476633514,28.88192576593107,28.07392476633514,28.692293167114258,6674700,0.0,0.0
2019-07-18 00:00:00-04:00,28.63459050334246,28.939651489257812,28.32952951742711,28.939651489257812,2420100,0.0,0.0
2019-07-19 00:00:00-04:00,28.898425189537928,29.3106709216146,28.708792530204896,28.97262954711914,4132300,0.0,0.0
2019-07-22 00:00:00-04:00,28.989116924590824,29.046831069834038,28.436709207210043,28.807727813720703,2471700,0.0,0.0
2019-07-23 00:00:00-04:00,28.857197660923756,28.865441190659787,28.247072669354278,28.436708450317383,2684000,0.0,0.0
2019-07-24 00:00:00-04:00,28.469680600191477,28.906663082140856,28.469680600191477,28.659313201904297,2226600,0.0,0.0
2019-07-25 00:00:00-04:00,28.47793094402249,29.005604885525813,28.42021680324461,28.750011444091797,1897400,0.0,0.0
2019-07-26 00:00:00-04:00,28.840702130204505,28.96437706970032,28.30478473115282,28.41196632385254,2070600,0.0,0.0
2019-07-29 00:00:00-04:00,28.40372804100337,28.46144218471042,28.123400852204142,28.436708450317383,1995800,0.0,0.0
2019-07-30 00:00:00-04:00,28.28004565390866,28.700537899302212,28.28004565390866,28.68404769897461,2227600,0.0,0.0
2019-07-31 00:00:00-04:00,28.67580049144118,28.684051135283923,28.07340275814586,28.172426223754883,3579100,0.03,0.0
2019-08-01 00:00:00-04:00,28.147671054645325,28.86559668684697,28.139417262929662,28.32096290588379,4325300,0.0,0.0
2019-08-02 00:00:00-04:00,28.411738890617595,28.882104338004563,28.320966059034223,28.667552947998047,2797500,0.0,0.0
2019-08-05 00:00:00-04:00,28.60978603741594,28.60978603741594,27.660804491466653,27.82584571838379,2976200,0.0,0.0
2019-08-06 00:00:00-04:00,27.8258327361194,28.098147957768177,27.363718145932914,27.99912452697754,3232700,0.0,0.0
2019-08-07 00:00:00-04:00,28.040390002112378,28.675796518544526,26.92636751163059,27.479251861572266,4928200,0.0,0.0
2019-08-08 00:00:00-04:00,27.58652766774263,28.989372946052484,27.504008653447364,28.98111915588379,4843800,0.0,0.0
2019-08-09 00:00:00-04:00,28.95637476681504,28.99763428918849,28.007390012726834,28.18068504333496,3310400,0.0,0.0
2019-08-12 00:00:00-04:00,28.08989786768869,28.42823081509824,27.70205162996378,28.007375717163086,2287900,0.0,0.0
2019-08-13 00:00:00-04:00,28.06513936776894,28.560262822273966,27.86709250428544,28.543758392333984,2383700,0.0,0.0
2019-08-14 00:00:00-04:00,28.30445272642776,28.41172996166679,27.96611973642641,28.040388107299805,2153000,0.0,0.0
2019-08-15 00:00:00-04:00,28.032143153819682,28.494254757122256,27.949620976159075,28.32096290588379,2338900,0.0,0.0
2019-08-16 00:00:00-04:00,28.436486677405636,29.360716045600498,28.428236034787265,29.269943237304688,3132200,0.0,0.0
2019-08-19 00:00:00-04:00,29.46797739143093,29.49273560437326,28.93984835115632,29.261676788330078,3602800,0.0,0.0
2019-08-20 00:00:00-04:00,29.203924209880007,29.203924209880007,28.8243317082909,29.129655838012695,2058700,0.0,0.0
2019-08-21 00:00:00-04:00,29.26169028663952,29.558763795807245,29.113153532055655,29.525754928588867,2260300,0.0,0.0
2019-08-22 00:00:00-04:00,29.534016445447527,29.77332607353596,29.45149425581376,29.583526611328125,2306700,0.0,0.0
2019-08-23 00:00:00-04:00,29.558767023643124,29.567020815298456,28.741817932119364,28.898605346679688,4258900,0.0,0.0
2019-08-26 00:00:00-04:00,29.096646851375944,29.443233634605097,28.981118972932425,29.426729202270508,2000700,0.0,0.0
2019-08-27 00:00:00-04:00,29.558765615373254,29.839334708202944,29.154417984703397,29.187423706054688,2678300,0.0,0.0
2019-08-28 00:00:00-04:00,29.187420036187678,29.385470078888858,29.071892156236423,29.170915603637695,1469300,0.0,0.0
2019-08-29 00:00:00-04:00,29.36896526304875,29.550510870830617,29.269941816939816,29.426729202270508,1554100,0.0,0.0
2019-08-30 00:00:00-04:00,29.558770515473398,30.144663876247375,29.484502121297854,30.037389755249023,2009700,0.0,0.0
2019-09-03 00:00:00-04:00,29.921857532489366,30.400476753690352,29.822834060064807,30.367467880249023,2386400,0.0,0.0
2019-09-04 00:00:00-04:00,30.623274365410786,30.7635573210456,30.38396481390577,30.705793380737305,2287200,0.0,0.0
2019-09-05 00:00:00-04:00,30.664532260154978,31.26692985446937,30.532499953838105,31.027620315551758,2918600,0.0,0.0
2019-09-06 00:00:00-04:00,31.43196423147608,31.795052208404737,31.077126894703564,31.143144607543945,2230700,0.0,0.0
2019-09-09 00:00:00-04:00,31.258680633242573,31.40721737808739,31.002866650921252,31.225671768188477,1855600,0.0,0.0
2019-09-10 00:00:00-04:00,31.1844174894142,31.555759413787978,31.101895312942716,31.349458694458008,2088100,0.0,0.0
2019-09-11 00:00:00-04:00,31.4402306311556,32.12515057965286,31.209174816192373,31.861085891723633,2100800,0.0,0.0
2019-09-12 00:00:00-04:00,31.786807805976412,31.98485468756593,31.572253345039602,31.59701156616211,2339800,0.0,0.0
2019-09-13 00:00:00-04:00,31.473237810679866,31.94360320748914,31.1349047507311,31.77031135559082,2929100,0.0,0.0
2019-09-16 00:00:00-04:00,31.795066852844958,32.21592209629891,31.646530078437593,32.20766830444336,2435200,0.0,0.0
2019-09-17 00:00:00-04:00,32.265432255835194,32.48823741744624,32.017872014456,32.20766830444336,2801000,0.0,0.0
2019-09-18 00:00:00-04:00,32.24892840386239,32.2901879161619,31.82807319386995,32.14165115356445,3035100,0.0,0.0
2019-09-19 00:00:00-04:00,32.240673175959756,32.32319219688158,31.935349021070362,32.01786804199219,2081000,0.0,0.0
2019-09-20 00:00:00-04:00,32.199413554866396,32.39746046355786,31.951853345052637,32.24067306518555,4399900,0.0,0.0
2019-09-23 00:00:00-04:00,32.17464933745276,32.694524685995674,32.059118334323045,32.41395568847656,2497100,0.0,0.0
2019-09-24 00:00:00-04:00,32.579005426644024,32.88432957430088,32.422218031447,32.45522689819336,2831400,0.0,0.0
2019-09-25 00:00:00-04:00,32.38095971650998,32.867829501333844,32.38095971650998,32.810062408447266,2605600,0.0,0.0
2019-09-26 00:00:00-04:00,32.95860822321375,33.02462597728318,32.54600670397918,32.59552001953125,2256800,0.0,0.0
2019-09-27 00:00:00-04:00,32.628519789181816,32.867829359036904,32.323192483684394,32.545997619628906,1520300,0.0,0.0
2019-09-30 00:00:00-04:00,32.438721698180956,32.83481864607977,32.438721698180956,32.67802810668945,1899600,0.0,0.0
2019-10-01 00:00:00-04:00,32.62852527852225,32.69453987737181,32.20767001274603,32.29844284057617,1859400,0.0,0.0
2019-10-02 00:00:00-04:00,32.12514525326055,32.18290919742402,31.52274758705663,31.53099822998047,3188300,0.0,0.0
2019-10-03 00:00:00-04:00,31.55575627232336,31.91059057817893,31.192665027793907,31.902339935302734,2272800,0.0,0.0
2019-10-04 00:00:00-04:00,31.984859028273643,32.339696482833624,31.81156719639054,32.31494140625,1756400,0.0,0.0
2019-10-07 00:00:00-04:00,32.191150680997175,32.35619182360457,32.04261711533829,32.11688232421875,1596300,0.0,0.0
2019-10-08 00:00:00-04:00,32.04263174475636,32.562507331662346,31.902345607726602,32.18291473388672,2484900,0.0,0.0
2019-10-09 00:00:00-04:00,32.265428547307536,32.4387235294641,31.704290385797936,31.984859466552734,2102700,0.0,0.0
2019-10-10 00:00:00-04:00,31.935349021070362,32.149900364206424,31.770307831327848,32.01786804199219,1518800,0.0,0.0
2019-10-11 00:00:00-04:00,32.232416535662786,32.71928622346882,32.1663988128899,32.33143997192383,1646900,0.0,0.0
2019-10-14 00:00:00-04:00,32.43046192295413,32.612007504366964,32.20765684064696,32.281925201416016,1615900,0.0,0.0
2019-10-15 00:00:00-04:00,32.30669419279644,32.75230135809839,32.27368532191506,32.496490478515625,1206000,0.0,0.0
2019-10-16 00:00:00-04:00,32.496479280736715,32.71103057173632,32.38095142036015,32.61200714111328,2136500,0.0,0.0
2019-10-17 00:00:00-04:00,32.69453777533878,32.92559672620531,32.61201874510738,32.801815032958984,1453500,0.0,0.0
2019-10-18 00:00:00-04:00,32.694526011585666,33.189649458522354,32.595502581357565,33.13188552856445,3082400,0.0,0.0
2019-10-21 00:00:00-04:00,33.247410639296106,33.37944291798203,33.057614435428704,33.29692077636719,1529500,0.0,0.0
2019-10-22 00:00:00-04:00,33.428964102726454,33.69303189526581,33.23916783613479,33.62701416015625,2127200,0.0,0.0
2019-10-23 00:00:00-04:00,33.54448783348121,33.726030269696444,33.34643781918493,33.51972961425781,1447300,0.0,0.0
2019-10-24 00:00:00-04:00,33.60226285005256,33.72604139540951,33.41246656218587,33.70128631591797,1793700,0.0,0.0
2019-10-25 00:00:00-04:00,33.47022063863766,33.767290948592986,33.346438981899226,33.67652130126953,1791400,0.0,0.0
2019-10-28 00:00:00-04:00,33.76728898934546,33.99009406980806,33.30517754651763,33.32168197631836,1963500,0.0,0.0
2019-10-29 00:00:00-04:00,33.22265443344961,33.57749179412312,33.148386075450546,33.428955078125,1771100,0.0,0.0
2019-10-30 00:00:00-04:00,33.51973691455266,33.70953318114432,33.29693178040621,33.62701416015625,1232400,0.0,0.0
2019-10-31 00:00:00-04:00,33.61875155266212,33.84172081114397,33.0572000461636,33.13152313232422,1892000,0.03,0.0
2019-11-01 00:00:00-04:00,33.280172018529214,33.7095939791176,33.23888211178797,33.602237701416016,2129900,0.0,0.0
2019-11-04 00:00:00-05:00,33.693079849596806,33.93256573650936,33.420563925007286,33.70133972167969,1878200,0.0,0.0
2019-11-05 00:00:00-05:00,33.701346715790734,33.79218327602662,32.70211305100762,32.71037292480469,4309200,0.0,0.0
2019-11-06 00:00:00-05:00,32.825978973867684,33.19759446021926,32.65255946364301,32.68559265136719,3781000,0.0,0.0
2019-11-07 00:00:00-05:00,32.982884857732145,34.502376977354594,32.94159494447111,33.065467834472656,6602400,0.0,0.0
2019-11-08 00:00:00-05:00,32.83423145830988,32.89204110447573,31.70287170161744,31.74416160583496,6554200,0.0,0.0
2019-11-11 00:00:00-05:00,31.90933153595701,32.00842795836786,31.7111386911353,31.826751708984375,3451800,0.0,0.0
2019-11-12 00:00:00-05:00,31.85152336301559,32.27268864914113,31.73591035120648,31.991912841796875,2292400,0.0,0.0
2019-11-13 00:00:00-05:00,32.02494706622092,32.29746618700347,31.983657149495336,32.033206939697266,2466700,0.0,0.0
2019-11-14 00:00:00-05:00,32.12404203214487,32.61127054004342,32.08274897113213,32.545204162597656,3120200,0.0,0.0
2019-11-15 00:00:00-05:00,32.57823888396278,32.95811112149218,32.23965655917033,32.867271423339844,2907900,0.0,0.0
2019-11-18 00:00:00-05:00,32.93333780389369,33.09024073238147,32.70210862217363,32.867271423339844,1808100,0.0,0.0
2019-11-19 00:00:00-05:00,32.850740670195925,32.94158032919821,32.51215849132556,32.5286750793457,2409700,0.0,0.0
2019-11-20 00:00:00-05:00,32.5121572906492,32.82596615100889,32.44609409122538,32.73512649536133,2947900,0.0,0.0
2019-11-21 00:00:00-05:00,32.88378215259446,32.88378215259446,32.231390936983075,32.37178039550781,4088900,0.0,0.0
2019-11-22 00:00:00-05:00,32.470882785989296,32.59475567516367,32.23965675309678,32.51217269897461,3505500,0.0,0.0
2019-11-25 00:00:00-05:00,32.421324253858934,32.53694038933344,32.19835815384491,32.36351776123047,2886300,0.0,0.0
2019-11-26 00:00:00-05:00,32.404799471767944,32.42957277416173,32.03318418477886,32.14053726196289,3600300,0.0,0.0
2019-11-27 00:00:00-05:00,32.30571709435087,32.40481665691411,32.132297585192426,32.264427185058594,3246300,0.0,0.0
2019-11-29 00:00:00-05:00,32.21488619363134,32.94986064053199,32.107533030223664,32.809471130371094,1678000,0.0,0.0
2019-12-02 00:00:00-05:00,32.759906857643635,33.18932877215246,32.75165013726857,32.916812896728516,2500100,0.0,0.0
2019-12-03 00:00:00-05:00,32.84248773529236,33.478362271354534,32.72687475604786,33.37100601196289,3465600,0.0,0.0
2019-12-04 00:00:00-05:00,33.189331399120874,33.25539776822112,32.611266420583064,32.63603973388672,4480600,0.0,0.0
2019-12-05 00:00:00-05:00,32.627776529121896,32.66906958069965,31.686352917151943,31.85977554321289,3718500,0.0,0.0
2019-12-06 00:00:00-05:00,31.843266887677128,32.42133195120368,31.752427191917718,31.768943786621094,3952500,0.0,0.0
2019-12-09 00:00:00-05:00,31.917588631342486,32.231394466706135,31.744165969441507,31.843265533447266,3056800,0.0,0.0
2019-12-10 00:00:00-05:00,31.884546648999027,32.000159624899375,31.653320697198332,31.694610595703125,2829600,0.0,0.0
2019-12-11 00:00:00-05:00,31.702858785184905,32.28918337675852,31.620279010394654,32.14053726196289,1915700,0.0,0.0
2019-12-12 00:00:00-05:00,32.09100913981855,32.5039145520134,32.074492545304565,32.47914123535156,2391800,0.0,0.0
2019-12-13 00:00:00-05:00,32.520432571702734,32.75165860459524,32.396559682528355,32.51217269897461,2480600,0.0,0.0
2019-12-16 00:00:00-05:00,32.495648539665076,33.13978300312967,32.45435863629089,33.13152313232422,2452300,0.0,0.0
2019-12-17 00:00:00-05:00,33.18933284521925,33.21410930982031,32.69384765625,32.69384765625,2893900,0.0,0.0
2019-12-18 00:00:00-05:00,32.62777965353392,32.958105196482414,32.61126621158256,32.834232330322266,2078600,0.0,0.0
2019-12-19 00:00:00-05:00,32.850747462762946,33.552688422783156,32.81771743011007,33.288429260253906,2793300,0.0,0.0
2019-12-20 00:00:00-05:00,33.371010287964836,33.84998200645654,33.156300891887135,33.544429779052734,4070600,0.0,0.0
2019-12-23 00:00:00-05:00,33.60222963567971,33.61048950517607,33.00764819084718,33.098487854003906,1699900,0.0,0.0
2019-12-24 00:00:00-05:00,33.12327255899105,33.12327255899105,32.859013348091885,32.941593170166016,701900,0.0,0.0
2019-12-26 00:00:00-05:00,33.007654337168574,33.073717554355,32.272683325994564,32.39655303955078,1420000,0.0,0.0
2019-12-27 00:00:00-05:00,32.41306963140183,32.56171580784352,32.330489822364356,32.39655303955078,1714500,0.0,0.0
2019-12-30 00:00:00-05:00,32.30571335947889,32.454359535920574,32.21487367940699,32.39655303955078,1431000,0.0,0.0
2019-12-31 00:00:00-05:00,32.33875637289185,32.83424167816034,32.2974664558226,32.825984954833984,1644500,0.0,0.0
2020-01-02 00:00:00-05:00,32.89204147263226,33.024171057737895,31.86803482540024,32.04145431518555,2581100,0.0,0.0
2020-01-03 00:00:00-05:00,31.851516157022385,32.033195506030275,31.389061064192113,31.54596710205078,2751300,0.0,0.0
2020-01-06 00:00:00-05:00,31.49641773311586,31.529450915216493,30.769703477990095,30.868803024291992,2605600,0.0,0.0
2020-01-07 00:00:00-05:00,30.736677024383464,31.033969397463828,30.40635146535684,30.447641372680664,2446000,0.0,0.0
2020-01-08 00:00:00-05:00,30.455902961702364,30.554999374911258,29.9273845576307,30.43938636779785,3594200,0.0,0.0
2020-01-09 00:00:00-05:00,30.464157742531384,30.810999891990836,30.356801464101316,30.670610427856445,2329200,0.0,0.0
2020-01-10 00:00:00-05:00,30.744938257085174,31.083520587170867,30.612808644130233,30.811004638671875,1859300,0.0,0.0
2020-01-13 00:00:00-05:00,30.736677403317067,30.910096906345927,30.472418212925074,30.48893165588379,2447800,0.0,0.0
2020-01-14 00:00:00-05:00,30.505436709753315,30.976148411471318,30.47240668611213,30.967891693115234,2728000,0.0,0.0
2020-01-15 00:00:00-05:00,30.868810576494205,31.711138024833996,30.868810576494205,31.488168716430664,2736500,0.0,0.0
2020-01-16 00:00:00-05:00,31.603772644050178,32.04145126234569,31.570739463366646,31.892805099487305,2059100,0.0,0.0
2020-01-17 00:00:00-05:00,31.892814940518786,31.950621449443325,31.595522523067757,31.826751708984375,2209200,0.0,0.0
2020-01-21 00:00:00-05:00,31.80197038356015,31.892810069487062,31.455131382986117,31.810230255126953,1958500,0.0,0.0
2020-01-22 00:00:00-05:00,31.942358016967773,32.40481314143843,31.89280824106162,31.942358016967773,2445600,0.0,0.0
2020-01-23 00:00:00-05:00,31.884556622728056,32.13229924146989,31.653330598598124,32.099266052246094,1912200,0.0,0.0
2020-01-24 00:00:00-05:00,32.03320866781123,32.115788505717376,31.215654411577223,31.3477840423584,2912600,0.0,0.0
2020-01-27 00:00:00-05:00,31.10829090733959,31.199130598158114,30.389836403021157,30.406352996826172,2094100,0.0,0.0
2020-01-28 00:00:00-05:00,30.55499096109452,30.794476781436334,30.4146046768911,30.563247680664062,1822900,0.0,0.0
2020-01-29 00:00:00-05:00,30.521963385998575,30.769705971393723,30.02647821520828,30.68712615966797,2315200,0.0,0.0
2020-01-30 00:00:00-05:00,30.720159344445424,30.736675936834153,30.208157581266402,30.68712615966797,2352800,0.0,0.0
2020-01-31 00:00:00-05:00,30.553919168995723,30.920232035357056,30.512293212159175,30.712099075317383,3231300,0.3,0.0
2020-02-03 00:00:00-05:00,30.8286476424951,31.428071479031463,30.778697773354654,31.25324058532715,2428800,0.0,0.0
2020-02-04 00:00:00-05:00,31.3614738169892,31.736113791253526,31.0201358795166,31.0201358795166,3247900,0.0,0.0
2020-02-05 00:00:00-05:00,31.020147628790397,31.977560906114185,31.020147628790397,31.63622283935547,2897100,0.0,0.0
2020-02-06 00:00:00-05:00,31.72779982774376,31.811051769994638,31.41143673064598,31.494691848754883,2283400,0.0,0.0
2020-02-07 00:00:00-05:00,31.478038926736136,31.677844846431434,31.30320477718046,31.53631591796875,1302300,0.0,0.0
2020-02-10 00:00:00-05:00,31.519660312666076,31.90262424961729,31.336502266360117,31.877649307250977,1810800,0.0,0.0
2020-02-11 00:00:00-05:00,32.0441596422945,32.77678555145579,31.97755555463019,32.33554458618164,1978100,0.0,0.0
2020-02-12 00:00:00-05:00,32.34386229746248,32.89333321173454,32.28558531987735,32.66855239868164,1822200,0.0,0.0
2020-02-13 00:00:00-05:00,32.65189468843787,33.051509528208086,32.55198859660299,32.93495559692383,1749300,0.0,0.0
2020-02-14 00:00:00-05:00,33.00990020467529,33.35123825073242,32.89334303882575,33.35123825073242,1825500,0.0,0.0
2020-02-18 00:00:00-05:00,33.30960488767763,33.50941397084387,33.10147188164754,33.2596549987793,1828100,0.0,0.0
2020-02-19 00:00:00-05:00,33.39285469356666,33.426156731449694,32.793430715100676,32.8017578125,1888200,0.0,0.0
2020-02-20 00:00:00-05:00,32.78510948596893,32.78510948596893,31.869322424121282,32.50204849243164,2425700,0.0,0.0
2020-02-21 00:00:00-05:00,32.377168022324526,32.80176110835254,32.31056711572368,32.77678298950195,1854600,0.0,0.0
2020-02-24 00:00:00-05:00,32.29391265229921,32.49371852665817,31.694488677508122,31.752765655517578,2629700,0.0,0.0
2020-02-25 00:00:00-05:00,31.70281394129807,31.70281394129807,30.004448228187762,30.079376220703125,3499700,0.0,0.0
2020-02-26 00:00:00-05:00,30.096029536433953,30.22090741625613,29.163591519304426,29.18024253845215,3559400,0.0,0.0
2020-02-27 00:00:00-05:00,29.013743680987872,29.488286744631097,27.89815049126248,28.72235870361328,3885300,0.0,0.0
2020-02-28 00:00:00-05:00,28.014692438370478,28.014692438370478,26.557760403368047,27.64837646484375,6020200,0.0,0.0
2020-03-02 00:00:00-05:00,27.73164173338669,28.464267598053244,27.357001702672257,28.447616577148438,3885200,0.0,0.0
2020-03-03 00:00:00-05:00,28.48924731799411,29.11364634564723,27.51518318340925,27.723316192626953,3208800,0.0,0.0
2020-03-04 00:00:00-05:00,28.11460224669961,29.554882032238226,28.072976287459433,29.513256072998047,4961200,0.0,0.0
2020-03-05 00:00:00-05:00,28.76398018095385,29.221872149222825,28.18120714140353,28.59747314453125,3471000,0.0,0.0
2020-03-06 00:00:00-05:00,27.456907134273116,28.672403187484136,27.332029229984688,28.572500228881836,3078700,0.0,0.0
2020-03-09 00:00:00-04:00,26.249734531646375,26.532795538680592,24.418163496475422,25.08418846130371,4954700,0.0,0.0
2020-03-10 00:00:00-04:00,26.07490048479173,26.949058399294692,25.358922497873586,26.93240737915039,4503900,0.0,0.0
2020-03-11 00:00:00-04:00,26.049928799849294,26.19978323610012,24.31826059859838,24.975961685180664,5745400,0.0,0.0
2020-03-12 00:00:00-04:00,23.294252890842355,24.51807636279116,22.028803439926705,22.14535903930664,6385500,0.0,0.0
2020-03-13 00:00:00-04:00,23.627254149332117,24.051845600365944,21.529275010244774,24.018545150756836,5398200,0.0,0.0
2020-03-16 00:00:00-04:00,21.36276972487146,23.78543757402757,20.60516577687714,20.72171974182129,3893800,0.0,0.0
2020-03-17 00:00:00-04:00,21.25453933153615,22.087071206188792,19.34804057637591,19.62277603149414,4547800,0.0,0.0
2020-03-18 00:00:00-04:00,17.999342813458668,18.540488304133802,16.267676290540965,18.3073787689209,5335200,0.0,0.0
2020-03-19 00:00:00-04:00,18.299053155105415,20.230527159635688,17.108532129572847,19.93914222717285,3611600,0.0,0.0
2020-03-20 00:00:00-04:00,20.305457068574203,21.37942422167627,19.081635473858555,19.406322479248047,6080800,0.0,0.0
2020-03-23 00:00:00-04:00,19.231484351889712,19.231484351889712,17.458190778967257,18.448904037475586,5404600,0.0,0.0
2020-03-24 00:00:00-04:00,19.55617770939403,21.66248437244315,19.439623730260415,21.446025848388672,4211500,0.0,0.0
2020-03-25 00:00:00-04:00,21.50429688083646,22.869648559642446,20.255499148876318,21.88726234436035,4666500,0.0,0.0
2020-03-26 00:00:00-04:00,22.137026525914802,23.910319028791207,21.812339546441514,23.510704040527344,3597500,0.0,0.0
2020-03-27 00:00:00-04:00,22.336835502371574,25.30064924390742,22.2619074886086,24.601322174072266,3399400,0.0,0.0
2020-03-30 00:00:00-04:00,24.684572852663585,24.975959362815512,22.902954926253273,23.685535430908203,3588900,0.0,0.0
2020-03-31 00:00:00-04:00,23.835386245741077,23.835386245741077,22.453383497198928,22.6948184967041,2981400,0.0,0.0
2020-04-01 00:00:00-04:00,21.92056613903276,22.453386077900216,21.06305766048036,22.345157623291016,3880500,0.0,0.0
2020-04-02 00:00:00-04:00,22.203628011396773,23.335872014438966,21.70410850488235,23.136064529418945,6675100,0.0,0.0
2020-04-03 00:00:00-04:00,22.8946265162367,23.410796976382223,21.437695737930724,21.820659637451172,6458700,0.0,0.0
2020-04-06 00:00:00-04:00,22.994528400581924,23.15270829504903,21.987164123762476,22.678165435791016,2995900,0.0,0.0
2020-04-07 00:00:00-04:00,23.843712129162693,24.24332863158557,22.703144362218975,22.778072357177734,3158500,0.0,0.0
2020-04-08 00:00:00-04:00,22.85300607250749,24.842757221755768,22.64487305395252,24.518070220947266,2547400,0.0,0.0
2020-04-09 00:00:00-04:00,25.15911462321117,26.474515023224384,25.100837641553728,25.60868263244629,4052900,0.0,0.0
2020-04-13 00:00:00-04:00,25.367252984965507,25.600362548935454,24.32658784069984,24.959312438964844,2122100,0.0,0.0
2020-04-14 00:00:00-04:00,25.358922944977504,25.617008997978452,24.559693019103968,25.317296981811523,2359200,0.0,0.0
2020-04-15 00:00:00-04:00,24.484762479182407,24.86772796994638,24.193376003413228,24.559690475463867,2733900,0.0,0.0
2020-04-16 00:00:00-04:00,24.559693008741874,24.884379967499918,23.818740066784812,24.71787452697754,4127300,0.0,0.0
2020-04-17 00:00:00-04:00,25.28399562053261,26.29968401182363,25.10916308807322,26.116527557373047,3055900,0.0,0.0
2020-04-20 00:00:00-04:00,25.56705403279057,26.53279250319955,25.400548604596917,25.833465576171875,3348500,0.0,0.0
2020-04-21 00:00:00-04:00,24.901030656792873,25.791839594924053,24.76782567097487,25.23404312133789,2488600,0.0,0.0
2020-04-22 00:00:00-04:00,25.741892332491474,26.08323036296943,25.16744474474096,25.8834228515625,3442200,0.0,0.0
2020-04-23 00:00:00-04:00,26.016620500645125,26.349632925467684,25.666957057599316,25.999969482421875,2170300,0.0,0.0
2020-04-24 00:00:00-04:00,26.44954304861085,27.315377124452453,26.183133052329996,27.14054298400879,2481200,0.0,0.0
2020-04-27 00:00:00-04:00,27.67336751203809,28.1645615622869,27.240450452847803,28.03968048095703,2376900,0.0,0.0
2020-04-28 00:00:00-04:00,28.98044051644,29.67144043579839,27.864847491962554,28.064653396606445,3463200,0.0,0.0
2020-04-29 00:00:00-04:00,28.90550941279317,29.246847374542654,28.347711372359274,28.838905334472656,3530400,0.0,0.0
2020-04-30 00:00:00-04:00,28.687746713382005,28.746532823572323,27.66318330103177,28.158668518066406,2636600,0.3,0.0
2020-05-01 00:00:00-04:00,27.646384559140284,27.738763640084105,27.083716634995152,27.688377380371094,1812500,0.0,0.0
2020-05-04 00:00:00-04:00,27.495217264137764,27.805944218875872,26.924149604639595,27.67157554626465,2200700,0.0,0.0
2020-05-05 00:00:00-04:00,27.982305565294865,28.64575236054147,27.612792476049748,27.62118911743164,2798200,0.0,0.0
2020-05-06 00:00:00-04:00,27.75555634234038,27.7639561868819,27.024926843728288,27.52880859375,2553500,0.0,0.0
2020-05-07 00:00:00-04:00,27.402843133974784,27.7387632741727,26.36988157485078,26.97454071044922,4350100,0.0,0.0
2020-05-08 00:00:00-04:00,27.29366469242214,28.04109068988444,27.11730639712022,27.52041244506836,2407600,0.0,0.0
2020-05-11 00:00:00-04:00,27.23487883330045,27.512012842124047,26.781383324023157,27.293664932250977,2625300,0.0,0.0
2020-05-12 00:00:00-04:00,27.360852843278654,27.587597410618663,26.91575394316112,26.93255043029785,3764000,0.0,0.0
2020-05-13 00:00:00-04:00,26.82337605909618,26.91575353333931,26.134736114987206,26.6638126373291,3145300,0.0,0.0
2020-05-14 00:00:00-04:00,26.277505892125504,27.47002775724156,25.77362244380242,27.419641494750977,2665700,0.0,0.0
2020-05-15 00:00:00-04:00,27.20128718710725,27.65478271848582,26.882160346107263,27.37764549255371,2708200,0.0,0.0
2020-05-18 00:00:00-04:00,28.15026717060393,30.090218093472814,27.923519410507392,29.838274002075195,3769600,0.0,0.0
2020-05-19 00:00:00-04:00,29.61992244536162,30.258172829547917,29.41836783774385,29.687105178833008,2427600,0.0,0.0
2020-05-20 00:00:00-04:00,30.17419240763985,30.88802534074549,29.729096804898802,29.81307601928711,2650700,0.0,0.0
2020-05-21 00:00:00-04:00,29.813084206580232,30.199393824617786,29.586336421140132,29.645122528076172,1905300,0.0,0.0
2020-05-22 00:00:00-04:00,29.63671310545812,30.006226075939008,29.46035486070141,29.99782943725586,1524100,0.0,0.0
2020-05-26 00:00:00-04:00,30.72007929286878,31.14837858462631,29.88867063950031,30.0146427154541,2330400,0.0,0.0
2020-05-27 00:00:00-04:00,30.32536640534493,30.86284122290897,29.964249911618605,30.207794189453125,2344900,0.0,0.0
2020-05-28 00:00:00-04:00,30.627685796941126,30.972005678570397,30.08181132927453,30.602489471435547,2298100,0.0,0.0
2020-05-29 00:00:00-04:00,30.552110133644817,30.619292875108975,29.771091142060552,30.274972915649414,3471600,0.0,0.0
2020-06-01 00:00:00-04:00,30.283368201267407,30.577298657674476,29.939048293646973,30.308561325073242,1692900,0.0,0.0
2020-06-02 00:00:00-04:00,30.585703679692557,30.661286275425017,30.07342520150875,30.14900779724121,2319100,0.0,0.0
2020-06-03 00:00:00-04:00,30.47653379215688,30.753667863337313,30.30017545562362,30.55211639404297,3021000,0.0,0.0
2020-06-04 00:00:00-04:00,30.400943217576486,30.62769096376981,29.41836965073876,29.7626895904541,3377300,0.0,0.0
2020-06-05 00:00:00-04:00,30.308566462215985,31.1147785966684,29.947450009650417,30.837644577026367,4298200,0.0,0.0
2020-06-08 00:00:00-04:00,30.93001993044778,32.139337986641074,30.904823601800807,32.046958923339844,2784800,0.0,0.0
2020-06-09 00:00:00-04:00,31.551475240256497,31.702640404433346,30.493322294620558,30.568904876708984,1985100,0.0,0.0
2020-06-10 00:00:00-04:00,30.518513917184244,30.854437199605062,30.006232353113326,30.392541885375977,2744900,0.0,0.0
2020-06-11 00:00:00-04:00,29.653520639599357,29.7123067430971,28.29303400653128,28.360219955444336,3303500,0.0,0.0
2020-06-12 00:00:00-04:00,29.04885804369747,29.22521634283718,27.747160801529564,28.284635543823242,3070800,0.0,0.0
2020-06-15 00:00:00-04:00,27.67997755458576,28.14186975603449,26.915754980231686,27.97391128540039,2684600,0.0,0.0
2020-06-16 00:00:00-04:00,28.864101637787744,29.225218102687002,28.183861527686354,28.35181999206543,2237500,0.0,0.0
2020-06-17 00:00:00-04:00,28.452599207798496,28.6289575193727,27.87313160747983,28.209054946899414,2601600,0.0,0.0
2020-06-18 00:00:00-04:00,28.041088744531,28.419001639390284,27.839537336340626,28.242643356323242,1886300,0.0,0.0
2020-06-19 00:00:00-04:00,28.71293364997101,28.80531271850988,28.09147970387648,28.62055778503418,4540100,0.0,0.0
2020-06-22 00:00:00-04:00,28.544981190573548,28.813718608010433,27.864737800659903,28.679349899291992,2443500,0.0,0.0
2020-06-23 00:00:00-04:00,28.897700727804587,28.93969035278574,27.67158573817803,27.71357536315918,2368800,0.0,0.0
2020-06-24 00:00:00-04:00,27.470023523624498,27.70517112554987,26.932548782541627,27.35245132446289,2928700,0.0,0.0
2020-06-25 00:00:00-04:00,27.192890291016575,27.51201392542737,26.84017047982273,27.402841567993164,2935200,0.0,0.0
2020-06-26 00:00:00-04:00,27.36924530563927,27.36924530563927,26.23550822585538,26.512643814086914,4581900,0.0,0.0
2020-06-29 00:00:00-04:00,26.756193382010565,27.679977792860136,26.25230995676455,27.66318130493164,2523500,0.0,0.0
2020-06-30 00:00:00-04:00,27.579203425841968,27.587600068418094,27.108911351512404,27.344058990478516,2012600,0.0,0.0
2020-07-01 00:00:00-04:00,27.369242844604248,27.9739034204119,27.218077700652334,27.839534759521484,1748200,0.0,0.0
2020-07-02 00:00:00-04:00,28.13346353212338,28.435793802059735,27.444823785535636,27.537202835083008,1847200,0.0,0.0
2020-07-06 00:00:00-04:00,27.88992516098388,28.091479784153957,27.520412089374467,27.738759994506836,1443100,0.0,0.0
2020-07-07 00:00:00-04:00,27.478419394591356,27.65477766782909,27.22647534299265,27.503612518310547,2782600,0.0,0.0
2020-07-08 00:00:00-04:00,27.570801759300966,28.032693903285534,27.377643775618147,27.87312889099121,2200500,0.0,0.0
2020-07-09 00:00:00-04:00,27.763957596327284,27.763957596327284,26.588229181787714,27.134103775024414,2339200,0.0,0.0
2020-07-10 00:00:00-04:00,27.08371465357664,27.69677199618657,27.04172503902022,27.679975509643555,1677700,0.0,0.0
2020-07-13 00:00:00-04:00,27.763955795937182,28.242644412797997,27.528808206116402,27.906721115112305,2440000,0.0,0.0
2020-07-14 00:00:00-04:00,27.814341882171995,28.603760665944336,27.814341882171995,28.419002532958984,2430800,0.0,0.0
2020-07-15 00:00:00-04:00,28.77172663816105,29.040467267182546,28.511389059313277,28.570175170898438,1737900,0.0,0.0
2020-07-16 00:00:00-04:00,28.578564336426897,28.90608778773586,28.335023310839446,28.419002532958984,1597300,0.0,0.0
2020-07-17 00:00:00-04:00,28.620563886532906,28.696143282065847,28.06628935713619,28.318233489990234,1590400,0.0,0.0
2020-07-20 00:00:00-04:00,28.167065009876744,28.39381278086458,27.814345187139324,28.066286087036133,2225900,0.0,0.0
2020-07-21 00:00:00-04:00,28.05789278682625,28.41900929433977,27.889931099024167,28.158668518066406,1937100,0.0,0.0
2020-07-22 00:00:00-04:00,27.97391053146714,28.351820283811186,27.66318032124319,28.209054946899414,2689500,0.0,0.0
2020-07-23 00:00:00-04:00,28.200654801487783,28.377013091151873,27.763955795937182,27.906721115112305,3177500,0.0,0.0
2020-07-24 00:00:00-04:00,27.713567603433923,28.746527466038746,27.16769302071331,28.712934494018555,5891100,0.0,0.0
2020-07-27 00:00:00-04:00,29.032058453414876,29.85506696500548,28.25103955090099,28.33502197265625,3406000,0.0,0.0
2020-07-28 00:00:00-04:00,28.21744658219889,28.72972814229959,28.04108830191558,28.33502197265625,1830900,0.0,0.0
2020-07-29 00:00:00-04:00,28.35182094980295,28.48618964800666,27.948714855191813,28.25104522705078,1795900,0.0,0.0
2020-07-30 00:00:00-04:00,27.948711951152017,28.486186688119997,27.4784231581061,28.427400588989258,2329800,0.0,0.0
2020-07-31 00:00:00-04:00,28.198626184700885,28.673123479399585,27.99527251000743,28.647705078125,1914100,0.3,0.0
2020-08-03 00:00:00-04:00,28.56296513930919,28.630751836833856,28.10541462776061,28.35961151123047,1532900,0.0,0.0
2020-08-04 00:00:00-04:00,28.427399703968938,28.89342201408354,28.427399703968938,28.834110260009766,1988900,0.0,0.0
2020-08-05 00:00:00-04:00,28.961209008331064,29.156090949672596,28.334194874766315,28.435874938964844,1817100,0.0,0.0
2020-08-06 00:00:00-04:00,28.334195536688664,28.9103696516143,28.317248858926344,28.791746139526367,1432600,0.0,0.0
2020-08-07 00:00:00-04:00,28.647701014582335,29.29165853610042,28.647701014582335,29.045936584472656,1958500,0.0,0.0
2020-08-10 00:00:00-04:00,29.181517877651522,29.87631569148257,29.147627745262785,29.639068603515625,2984400,0.0,0.0
2020-08-11 00:00:00-04:00,29.8085265689502,30.21523717110248,29.41876264591866,29.571279525756836,2224800,0.0,0.0
2020-08-12 00:00:00-04:00,29.723791006577727,30.071189784830295,29.562799200297395,29.876304626464844,2108200,0.0,0.0
2020-08-13 00:00:00-04:00,29.800043813582974,29.98645400287277,29.537378436581207,29.901723861694336,1328600,0.0,0.0
2020-08-14 00:00:00-04:00,29.80852237012295,29.84241572359023,29.554328683614557,29.605165481567383,1226900,0.0,0.0
2020-08-17 00:00:00-04:00,29.579746106884368,30.232178594492144,29.495015958259142,29.910198211669922,2016400,0.0,0.0
2020-08-18 00:00:00-04:00,29.910202944650695,30.799882574990104,29.910202944650695,30.57958221435547,2927400,0.0,0.0
2020-08-19 00:00:00-04:00,30.70667716397866,30.740567285551535,29.969511263488577,30.00340461730957,2342500,0.0,0.0
2020-08-20 00:00:00-04:00,29.825475601009177,30.00341089744155,29.26624807490114,29.359453201293945,1621100,0.0,0.0
2020-08-21 00:00:00-04:00,29.40181377665358,29.61364240151096,29.24082195312306,29.257768630981445,1767100,0.0,0.0
2020-08-24 00:00:00-04:00,29.384859204379982,29.51195763804799,28.825631914286138,29.401805877685547,1390800,0.0,0.0
2020-08-25 00:00:00-04:00,29.596699083606822,29.67295752650262,29.02899662377172,29.283193588256836,1176000,0.0,0.0
2020-08-26 00:00:00-04:00,29.10525522583284,29.10525522583284,28.44435087195413,28.757856369018555,1405600,0.0,0.0
2020-08-27 00:00:00-04:00,28.7663242938295,29.020517965324366,28.393503892205654,28.579914093017578,2530700,0.0,0.0
2020-08-28 00:00:00-04:00,28.579909964521995,29.08830046632035,28.486704877579925,29.054407119750977,1569100,0.0,0.0
2020-08-31 00:00:00-04:00,29.088308211124705,29.410285392518382,28.961209743773107,29.156091690063477,2085600,0.0,0.0
2020-09-01 00:00:00-04:00,29.08830549590078,29.206928997157036,28.673120009255893,28.95273208618164,2185400,0.0,0.0
2020-09-02 00:00:00-04:00,29.02051998223758,30.088134769613937,28.817163091559735,30.00340461730957,1431200,0.0,0.0
2020-09-03 00:00:00-04:00,30.16439034088904,30.503317382482415,28.76632356687395,29.003570556640625,3417000,0.0,0.0
2020-09-04 00:00:00-04:00,29.08830308157473,29.215398294265547,28.14778363932315,28.283353805541992,2125600,0.0,0.0
2020-09-08 00:00:00-04:00,28.14778771968877,28.232517873765318,27.020857923431155,27.080169677734375,3110900,0.0,0.0
2020-09-09 00:00:00-04:00,27.342839465646712,27.859701830883417,27.275052753763976,27.419097900390625,2236200,0.0,0.0
2020-09-10 00:00:00-04:00,27.32589422772953,27.495357784118635,26.520944759067643,26.588729858398438,2186000,0.0,0.0
2020-09-11 00:00:00-04:00,26.690404286701103,26.84292114120495,26.39384391584629,26.78360939025879,1788100,0.0,0.0
2020-09-14 00:00:00-04:00,26.85987249367025,27.029334437858267,26.580258750441946,26.724302291870117,1676000,0.0,0.0
2020-09-15 00:00:00-04:00,26.8344502767066,26.944600450599914,25.817672230368277,25.927824020385742,2376700,0.0,0.0
2020-09-16 00:00:00-04:00,25.927826571907467,26.639570951161247,25.860041469889218,26.19896697998047,1841500,0.0,0.0
2020-09-17 00:00:00-04:00,25.893926794440603,25.893926794440603,25.36011945037865,25.876981735229492,2359000,0.0,0.0
2020-09-18 00:00:00-04:00,25.76683518170411,25.90240537960125,25.275392810295923,25.360124588012695,3561800,0.0,0.0
2020-09-21 00:00:00-04:00,24.970359146769418,25.080510943034646,24.36029325403823,24.69921875,2592100,0.0,0.0
2020-09-22 00:00:00-04:00,24.750059461821753,24.99578147922161,24.250145319071763,24.436553955078125,2220900,0.0,0.0
2020-09-23 00:00:00-04:00,24.546703505097568,24.758532156175427,24.148466222875957,24.16541290283203,1885100,0.0,0.0
2020-09-24 00:00:00-04:00,24.139991179304168,24.66532690799828,23.911215864415237,24.59754180908203,2441900,0.0,0.0
2020-09-25 00:00:00-04:00,24.42807647702188,25.097455694243138,24.35181804427201,25.012723922729492,1659100,0.0,0.0
2020-09-28 00:00:00-04:00,25.292337637437633,25.495692919395907,24.978830567674386,25.012723922729492,2087700,0.0,0.0
2020-09-29 00:00:00-04:00,25.216079658829216,25.478746700740437,24.936465939085235,25.165241241455078,2255500,0.0,0.0
2020-09-30 00:00:00-04:00,25.377068275361474,26.198962705244448,25.25844315409169,26.046445846557617,3045700,0.0,0.0
2020-10-01 00:00:00-04:00,26.088811232169974,26.207434731376015,25.622787341058867,25.95323944091797,2224900,0.0,0.0
2020-10-02 00:00:00-04:00,25.6312626328842,26.410792007355724,25.377068939173,26.31758689880371,1826800,0.0,0.0
2020-10-05 00:00:00-04:00,26.393846906874355,26.766665747230018,26.165071599193098,26.495525360107422,2018200,0.0,0.0
2020-10-06 00:00:00-04:00,26.529417668167888,26.732772962861656,26.18201883771717,26.351482391357422,1408200,0.0,0.0
2020-10-07 00:00:00-04:00,26.37689844004714,26.715825517092135,26.300641625448502,26.597200393676758,1945000,0.0,0.0
2020-10-08 00:00:00-04:00,26.67346081978204,27.461463585449465,26.63956907921662,27.41062355041504,1828800,0.0,0.0
2020-10-09 00:00:00-04:00,27.563134781550126,27.681758273435115,27.164899234828766,27.34283447265625,2999600,0.0,0.0
2020-10-12 00:00:00-04:00,27.41062160026929,27.97832397156146,27.14795618523324,27.758020401000977,2345900,0.0,0.0
2020-10-13 00:00:00-04:00,27.70718190901449,28.266409291446063,27.55466505632879,28.139310836791992,2817200,0.0,0.0
2020-10-14 00:00:00-04:00,28.1816789423831,28.86800485329567,28.113895462924752,28.562971115112305,2568300,0.0,0.0
2020-10-15 00:00:00-04:00,28.13084220405641,29.147620256202707,28.0461088142327,28.842586517333984,1921300,0.0,0.0
2020-10-16 00:00:00-04:00,28.86799895073951,28.9950973930779,28.52907192600224,28.546018600463867,2199400,0.0,0.0
2020-10-19 00:00:00-04:00,28.673127411112695,28.92732115545923,28.20710500776924,28.300310134887695,1822600,0.0,0.0
2020-10-20 00:00:00-04:00,28.44434369512506,28.571442145994293,28.012214780215835,28.1138916015625,1931500,0.0,0.0
2020-10-21 00:00:00-04:00,27.995269218798857,28.05458096963228,27.520771979883488,27.56313705444336,2015400,0.0,0.0
2020-10-22 00:00:00-04:00,27.56313595745965,28.23251509850825,27.190318791023305,28.1138916015625,1667000,0.0,0.0
2020-10-23 00:00:00-04:00,28.300311136518506,28.605341701180976,28.096954194494582,28.529083251953125,1343500,0.0,0.0
2020-10-26 00:00:00-04:00,28.240994980894474,28.766329087153164,28.10542155244223,28.622283935546875,1643800,0.0,0.0
2020-10-27 00:00:00-04:00,28.66465676820486,28.791752029047892,27.995277404785156,27.995277404785156,2305000,0.0,0.0
2020-10-28 00:00:00-04:00,27.436048430056335,27.766500616255406,26.343011789360347,26.376903533935547,2605700,0.0,0.0
2020-10-29 00:00:00-04:00,26.27522283532758,26.893762032372862,25.91935068073147,26.639568328857422,2472100,0.0,0.0
2020-10-30 00:00:00-04:00,26.588235247017156,27.135740213931292,26.459913974358347,27.050193786621094,2947500,0.3,0.0
2020-11-02 00:00:00-05:00,27.40949456562359,27.65758377570599,27.067302326655653,27.52070426940918,2103100,0.0,0.0
2020-11-03 00:00:00-05:00,27.931342243141266,28.5045106132639,27.828682591433655,27.999778747558594,2004300,0.0,0.0
2020-11-04 00:00:00-05:00,28.170872094936318,28.179425433365278,27.657586941125807,27.982666015625,3138500,0.0,0.0
2020-11-05 00:00:00-05:00,28.068219290119206,28.487401457638686,27.315398140422317,27.477937698364258,2563900,0.0,0.0
2020-11-06 00:00:00-05:00,27.486491373890406,27.674694193729685,26.59679404294795,26.71656036376953,2506600,0.0,0.0
2020-11-09 00:00:00-05:00,28.162318701668678,28.709827061735222,27.28117789066305,27.306842803955078,3362200,0.0,0.0
2020-11-10 00:00:00-05:00,27.477936024077863,28.10243419924013,27.366724668488978,27.89712142944336,2377300,0.0,0.0
2020-11-11 00:00:00-05:00,28.153766347724737,28.264979344189054,27.383835238953157,27.563488006591797,2934100,0.0,0.0
2020-11-12 00:00:00-05:00,27.44371661918559,27.57203627143731,26.571127645953577,26.682340621948242,2119700,0.0,0.0
2020-11-13 00:00:00-05:00,26.793555319330316,27.61481294471194,26.785000348437524,27.495046615600586,2289000,0.0,0.0
2020-11-16 00:00:00-05:00,27.948445940654896,28.1623152971523,27.53781716778637,27.931339263916016,2091600,0.0,0.0
2020-11-17 00:00:00-05:00,27.80302127258973,27.931344214587643,27.246961173476734,27.281179428100586,2295500,0.0,0.0
2020-11-18 00:00:00-05:00,27.375280153240308,27.76879902223009,26.802110159764084,26.810665130615234,2508100,0.0,0.0
2020-11-19 00:00:00-05:00,26.887659232917095,26.913322514727657,26.16050300056275,26.494138717651367,2704900,0.0,0.0
2020-11-20 00:00:00-05:00,26.477029290261072,26.519802512603864,26.066398849978594,26.126283645629883,2729200,0.0,0.0
2020-11-23 00:00:00-05:00,26.194718314267387,26.511244033786078,26.169053405241428,26.357257843017578,2340800,0.0,0.0
2020-11-24 00:00:00-05:00,26.665234751668258,27.2212948214206,26.400037173483707,27.187076568603516,2570100,0.0,0.0
2020-11-25 00:00:00-05:00,27.144302658471613,27.640481211000726,27.015981350473446,27.58915138244629,2483700,0.0,0.0
2020-11-27 00:00:00-05:00,27.580591293019292,27.90567033747824,27.426605108428372,27.811567306518555,1419800,0.0,0.0
2020-11-30 00:00:00-05:00,27.939890756309993,28.282083009452318,27.486488794775518,28.016883850097656,4917300,0.0,0.0
2020-12-01 00:00:00-05:00,28.17942648223829,28.863811063975838,28.14520986386145,28.538728713989258,4304100,0.0,0.0
2020-12-02 00:00:00-05:00,28.47885118724185,28.778267053451913,28.059665711159578,28.744047164916992,2151800,0.0,0.0
2020-12-03 00:00:00-05:00,28.470291378205513,28.632834198753073,28.102435776339096,28.31630516052246,1724200,0.0,0.0
2020-12-04 00:00:00-05:00,28.29064284472018,29.548195910943022,28.29064284472018,29.531085968017578,2814300,0.0,0.0
2020-12-07 00:00:00-05:00,29.531090562917814,29.68507680981844,28.898035629727648,28.983585357666016,1555500,0.0,0.0
2020-12-08 00:00:00-05:00,28.90658666656678,29.14611933188135,28.778263731069515,29.094789505004883,1356600,0.0,0.0
2020-12-09 00:00:00-05:00,29.17177675080592,29.479749123394136,28.82958776389791,28.923690795898438,1676900,0.0,0.0
2020-12-10 00:00:00-05:00,28.718374855065804,29.03490056607077,28.35907592852836,29.00923728942871,1847600,0.0,0.0
2020-12-11 00:00:00-05:00,29.00068755995928,29.00068755995928,28.341969515962056,28.384742736816406,2279600,0.0,0.0
2020-12-14 00:00:00-05:00,28.76114923672926,28.949355308767657,27.828678741410286,27.914228439331055,2240900,0.0,0.0
2020-12-15 00:00:00-05:00,28.17087488582276,28.863812849164937,27.97411544858954,28.718379974365234,1653100,0.0,0.0
2020-12-16 00:00:00-05:00,28.88946365983271,28.957900134665067,28.461725086124886,28.555828094482422,1626900,0.0,0.0
2020-12-17 00:00:00-05:00,28.564391767256346,28.778261131507605,28.333412462258483,28.69271469116211,2500000,0.0,0.0
2020-12-18 00:00:00-05:00,28.906579971313477,29.15466918200637,28.76114712720876,28.906579971313477,4427900,0.0,0.0
2020-12-21 00:00:00-05:00,28.487401338186856,28.838146997929254,28.307751838574664,28.829593658447266,2291900,0.0,0.0
2020-12-22 00:00:00-05:00,28.838146194702,29.556747436523438,28.78681963246401,29.556747436523438,1676100,0.0,0.0
2020-12-23 00:00:00-05:00,29.75350291639305,30.412220905748843,29.75350291639305,30.224018096923828,1803000,0.0,0.0
2020-12-24 00:00:00-05:00,30.189804230620524,30.189804230620524,29.650852447734277,30.010154724121094,732700,0.0,0.0
2020-12-28 00:00:00-05:00,30.292457812778505,30.583320290129222,30.06147849870108,30.138471603393555,1107100,0.0,0.0
2020-12-29 00:00:00-05:00,30.301007028822305,30.51487637237996,30.078584347412715,30.412220001220703,1365300,0.0,0.0
2020-12-30 00:00:00-05:00,30.480670974859446,31.370365291303827,30.42078779769651,31.10516929626465,1764300,0.0,0.0
2020-12-31 00:00:00-05:00,31.10515961635505,32.20016967329751,31.10515961635505,32.12317657470703,2630000,0.0,0.0
2021-01-04 00:00:00-05:00,32.27717007502759,32.3113899628966,30.942623818629567,31.053836822509766,2887700,0.0,0.0
2021-01-05 00:00:00-05:00,30.711641318367022,31.772431513603618,30.56620845699853,31.49012565612793,2240000,0.0,0.0
2021-01-06 00:00:00-05:00,31.875092247618603,32.3028310249067,31.678332801672624,31.84087562561035,2506600,0.0,0.0
2021-01-07 00:00:00-05:00,32.080388927749844,32.4824641799278,31.618430543977624,31.994842529296875,2715500,0.0,0.0
2021-01-08 00:00:00-05:00,32.31138311723665,33.59459926996224,32.25149995784712,33.37217330932617,3321200,0.0,0.0
2021-01-11 00:00:00-05:00,33.01287425417317,34.0736677064749,32.9358811547046,33.97956466674805,3490300,0.0,0.0
2021-01-12 00:00:00-05:00,34.06510827089856,35.04890854189293,33.88545880821209,34.92058563232422,3898500,0.0,0.0
2021-01-13 00:00:00-05:00,34.732390043501375,35.69908066720591,34.61262369892328,35.41677474975586,2401500,0.0,0.0
2021-01-14 00:00:00-05:00,35.39109887935354,35.45098203586818,34.415855172243965,34.42441177368164,1837300,0.0,0.0
2021-01-15 00:00:00-05:00,34.21909445702616,35.23711134230331,34.03088839322862,34.92058563232422,2238500,0.0,0.0
2021-01-19 00:00:00-05:00,35.03179158876035,35.630626274533086,34.37307376074899,35.271324157714844,3636800,0.0,0.0
2021-01-20 00:00:00-05:00,35.194342102482395,35.37399158546218,34.62117377200762,34.74094009399414,2768500,0.0,0.0
2021-01-21 00:00:00-05:00,35.023246809910475,35.202899560646685,34.4158585831294,34.96336364746094,2071000,0.0,0.0
2021-01-22 00:00:00-05:00,34.79226587022231,35.68196318980397,34.61261639128393,35.527976989746094,1501600,0.0,0.0
2021-01-25 00:00:00-05:00,35.58786146161692,36.74275800463533,35.27989231353291,35.87017059326172,2165100,0.0,0.0
2021-01-26 00:00:00-05:00,35.82739426473512,36.08403683090427,35.04890996476922,35.14301300048828,1710400,0.0,0.0
2021-01-27 00:00:00-05:00,34.71527104651797,34.85214728652992,33.834127192015735,34.047996520996094,3206900,0.0,0.0
2021-01-28 00:00:00-05:00,34.090783919791384,35.81029586780441,33.85980782016058,35.26279067993164,2169700,0.0,0.0
2021-01-29 00:00:00-05:00,35.077387074831705,36.689842233906475,34.99978210517988,35.70684814453125,3815800,0.325,0.0
2021-02-01 00:00:00-05:00,35.93103047244209,36.75881772800799,35.23258919000101,36.41390609741211,2361700,0.0,0.0
2021-02-02 00:00:00-05:00,36.56049800626675,37.54349196646621,36.43977662208878,36.8622932434082,2677400,0.0,0.0
2021-02-03 00:00:00-05:00,36.8105629319582,36.948526966667316,36.25870679312176,36.612239837646484,2039800,0.0,0.0
2021-02-04 00:00:00-05:00,36.6294829352365,36.870919155073196,35.32744766341775,36.17247772216797,3114800,0.0,0.0
2021-02-05 00:00:00-05:00,36.38805283278438,36.663980927363106,35.92242293968691,36.077632904052734,1984600,0.0,0.0
2021-02-08 00:00:00-05:00,36.32769677039843,36.35356400349005,35.86206683881361,36.27595901489258,1694300,0.0,0.0
2021-02-09 00:00:00-05:00,36.35355689547233,36.870921192082896,36.31044375230845,36.81056213378906,924900,0.0,0.0
2021-02-10 00:00:00-05:00,37.04337890468561,37.276193836588,36.560506414211446,37.146854400634766,1365600,0.0,0.0
2021-02-11 00:00:00-05:00,37.25032380844128,37.2934369505197,36.5605036672209,36.974395751953125,2032100,0.0,0.0
2021-02-12 00:00:00-05:00,36.689841425726094,37.20720897511595,36.551877403753146,37.11235809326172,2259900,0.0,0.0
2021-02-16 00:00:00-05:00,35.05152794647921,35.69823507988789,34.11164678101904,34.99979019165039,6737600,0.0,0.0
2021-02-17 00:00:00-05:00,35.13774706687,35.51714732343615,33.749482177936514,34.29271697998047,4729000,0.0,0.0
2021-02-18 00:00:00-05:00,34.180622000068624,34.31858603610971,32.68026351928711,32.68026351928711,4648600,0.0,0.0
2021-02-19 00:00:00-05:00,33.33559151079011,34.577267821848935,32.654392651061386,34.12888717651367,5459400,0.0,0.0
2021-02-22 00:00:00-05:00,33.835709466456485,33.91331443293567,31.628281867187617,31.817983627319336,5257700,0.0,0.0
2021-02-23 00:00:00-05:00,31.947324076322584,33.27522986145881,31.378222066881598,33.0079231262207,4828100,0.0,0.0
2021-02-24 00:00:00-05:00,33.12002172300951,33.71499099133113,32.68888371396782,33.12864303588867,3443400,0.0,0.0
2021-02-25 00:00:00-05:00,33.007932953255015,33.499430140039394,32.18014856386268,32.39571762084961,2330500,0.0,0.0
2021-02-26 00:00:00-05:00,31.473073862510198,31.817985576732212,30.8867259219259,31.4816951751709,7710600,0.0,0.0
2021-03-01 00:00:00-05:00,36.19835044816306,37.11236430248237,34.77559685027585,34.80146408081055,11537800,0.0,0.0
2021-03-02 00:00:00-05:00,34.84456608838835,35.03426782318821,33.266603033120745,33.87019348144531,4541800,0.0,0.0
2021-03-03 00:00:00-05:00,33.844341648867704,33.956438478524,32.61991099484091,33.37871170043945,3713500,0.0,0.0
2021-03-04 00:00:00-05:00,33.387329335093135,34.11164134056345,32.68888455825039,33.4131965637207,3487400,0.0,0.0
2021-03-05 00:00:00-05:00,33.6546395483565,34.55140759951512,33.206255522777184,34.3617057800293,3409300,0.0,0.0
2021-03-08 00:00:00-05:00,34.46517858444754,36.405299911610285,34.318589929280904,35.89655685424805,3222800,0.0,0.0
2021-03-09 00:00:00-05:00,36.47427353433366,37.164093664974224,35.93103874237592,36.93128204345703,3652800,0.0,0.0
2021-03-10 00:00:00-05:00,36.87955082508001,37.04338210717993,34.853199926741425,35.12913131713867,4520000,0.0,0.0
2021-03-11 00:00:00-05:00,35.40505295158738,37.49175924600039,35.25846432442149,36.68122100830078,3850000,0.0,0.0
2021-03-12 00:00:00-05:00,36.72433532635591,36.92265841355323,35.594752571287465,35.784454345703125,3166600,0.0,0.0
2021-03-15 00:00:00-04:00,35.98277946190847,38.009130169340075,35.81032359265355,37.87978744506836,4394600,0.0,0.0
2021-03-16 00:00:00-04:00,37.69870343549543,37.810796934287744,36.96576694622375,37.4572639465332,2400400,0.0,0.0
2021-03-17 00:00:00-04:00,32.89583020842272,33.29247637286855,31.059181435736637,31.197145462036133,17004800,0.0,0.0
2021-03-18 00:00:00-04:00,31.257511429419406,32.257751663587925,30.82637334073776,31.38685417175293,8475400,0.0,0.0
2021-03-19 00:00:00-04:00,31.73175395659069,32.309480547246785,31.326486501242638,31.938701629638672,11378100,0.0,0.0
2021-03-22 00:00:00-04:00,31.792118778820633,31.84385652880225,30.774632721104727,30.852237701416016,6012800,0.0,0.0
2021-03-23 00:00:00-04:00,30.783261783159784,30.921225847106406,30.14517593157995,30.886734008789062,3832800,0.0,0.0
2021-03-24 00:00:00-04:00,30.895348733309877,31.81798373266054,30.886724131827144,30.98157501220703,3874800,0.0,0.0
2021-03-25 00:00:00-04:00,30.955707690900045,31.792113119451447,30.550436944826004,31.705886840820312,2747800,0.0,0.0
2021-03-26 00:00:00-04:00,31.947316498297464,32.292228120705076,31.533424525000935,32.249114990234375,2107100,0.0,0.0
2021-03-29 00:00:00-04:00,31.973200189413603,32.85271893943639,31.817990224274908,32.6285285949707,2362400,0.0,0.0
2021-03-30 00:00:00-04:00,32.36984403716091,32.79235746395737,31.697266474550144,31.98181915283203,3770100,0.0,0.0
2021-03-31 00:00:00-04:00,32.188771462845565,32.63715218301974,31.930085976707844,32.5336799621582,3391700,0.0,0.0
2021-04-01 00:00:00-04:00,32.52505498279065,32.55954352631001,31.912836462480325,32.30086135864258,2548500,0.0,0.0
2021-04-05 00:00:00-04:00,32.59402482679396,32.921690554263414,32.33534274271646,32.35258865356445,2056800,0.0,0.0
2021-04-06 00:00:00-04:00,32.56816161422138,33.21486854868331,32.31810081012559,33.1027717590332,2299700,0.0,0.0
2021-04-07 00:00:00-04:00,33.01654635171955,33.39594657909168,32.67163466187459,32.89582824707031,2215700,0.0,0.0
2021-04-08 00:00:00-04:00,32.947572569630935,33.628771552045706,32.637152613628125,33.06829071044922,3671100,0.0,0.0
2021-04-09 00:00:00-04:00,32.98205444941153,33.61151548601504,32.95618722399492,33.39594650268555,1720800,0.0,0.0
2021-04-12 00:00:00-04:00,33.439065162531016,33.740863762614524,33.21487483015434,33.25798797607422,1948000,0.0,0.0
2021-04-13 00:00:00-04:00,33.13727139462562,33.5166717014363,32.96481551359446,33.352840423583984,2614200,0.0,0.0
2021-04-14 00:00:00-04:00,33.266608549048065,33.594271049804966,32.93031815723685,33.0079231262207,1557500,0.0,0.0
2021-04-15 00:00:00-04:00,32.947573873111224,33.32697751849034,32.542306282805484,33.13727569580078,2812100,0.0,0.0
2021-04-16 00:00:00-04:00,33.41319948854654,33.646014434540255,32.99930734766516,33.352840423583984,2156000,0.0,0.0
2021-04-19 00:00:00-04:00,33.56840507342247,33.56840507342247,32.71475038280786,33.08552932739258,2270100,0.0,0.0
2021-04-20 00:00:00-04:00,33.01655726762011,33.059670420774346,32.533681400053574,32.63715362548828,1887800,0.0,0.0
2021-04-21 00:00:00-04:00,32.38709177650107,32.70613301521308,32.11116368529248,32.58541488647461,1271600,0.0,0.0
2021-04-22 00:00:00-04:00,32.766487600689224,32.766487600689224,31.947324752807617,31.947324752807617,2930700,0.0,0.0
2021-04-23 00:00:00-04:00,31.97319045109782,32.17151350407644,31.636900102842223,32.0076789855957,1914200,0.0,0.0
2021-04-26 00:00:00-04:00,32.02493050969165,32.24912411448403,31.63690564702941,32.12840270996094,2121500,0.0,0.0
2021-04-27 00:00:00-04:00,31.999062392815052,31.999062392815052,31.09367326464197,31.197145462036133,2256500,0.0,0.0
2021-04-28 00:00:00-04:00,31.23163943402204,31.43858384301066,30.912594928737963,31.22301483154297,2472300,0.0,0.0
2021-04-29 00:00:00-04:00,31.205767092474655,31.481695147884356,31.09367358137326,31.326488494873047,1826100,0.0,0.0
2021-04-30 00:00:00-04:00,31.322144051574877,31.322144051574877,30.817507915395097,31.1655330657959,2659300,0.325,0.0
2021-05-03 00:00:00-04:00,31.243832281710937,31.56575332379785,30.89580720122936,30.921911239624023,2260200,0.0,0.0
2021-05-04 00:00:00-04:00,30.817507071065247,30.88711342684388,30.27807108983576,30.58259391784668,3627600,0.0,0.0
2021-05-05 00:00:00-04:00,30.512982382955453,30.573886274417386,30.017048798757898,30.399873733520508,3665100,0.0,0.0
2021-05-06 00:00:00-04:00,30.156258632346404,30.652192224185733,29.573320428224573,30.243263244628906,3413100,0.0,0.0
2021-05-07 00:00:00-04:00,30.23456411100594,30.686995396704017,29.495014949565036,30.243263244628906,3888300,0.0,0.0
2021-05-10 00:00:00-04:00,30.182362077408133,31.530956922644656,30.14756222076096,30.85230827331543,3775500,0.0,0.0
2021-05-11 00:00:00-04:00,30.469484744441512,30.573890957366093,29.790839381911248,30.182363510131836,3389300,0.0,0.0
2021-05-12 00:00:00-04:00,30.077954076195265,30.16495869114625,29.164392343156674,29.260099411010742,4275500,0.0,0.0
2021-05-13 00:00:00-04:00,29.529813505120902,29.599419847098005,29.02518080183916,29.294897079467773,2957300,0.0,0.0
2021-05-14 00:00:00-04:00,29.486306718304725,29.91263720056992,29.451503552607043,29.8691349029541,2111100,0.0,0.0
2021-05-17 00:00:00-04:00,29.843039539558518,30.47818256251461,29.51241600739866,29.729930877685547,3427700,0.0,0.0
2021-05-18 00:00:00-04:00,29.669020649977202,29.912639509654394,29.582016048029303,29.782129287719727,2551400,0.0,0.0
2021-05-19 00:00:00-04:00,29.582017823767433,30.043148215994936,29.381904572064684,29.877838134765625,3668400,0.0,0.0
2021-05-20 00:00:00-04:00,29.825639438344716,30.112760674561766,29.608124557215564,29.6168270111084,2719300,0.0,0.0
2021-05-21 00:00:00-04:00,29.695125082380716,29.808230402621064,29.242693844380753,29.425405502319336,2528400,0.0,0.0
2021-05-24 00:00:00-04:00,29.599418653529785,29.695125710382474,29.155686538851487,29.373201370239258,2101000,0.0,0.0
2021-05-25 00:00:00-04:00,29.408005552930902,29.486311027688643,28.46834317485105,28.494443893432617,2442100,0.0,0.0
2021-05-26 00:00:00-04:00,28.450936612085236,28.790259170334686,28.25082339360511,28.572744369506836,2939100,0.0,0.0
2021-05-27 00:00:00-04:00,28.738061825452824,28.972978269136632,27.998512639754896,28.13772201538086,5624100,0.0,0.0
2021-05-28 00:00:00-04:00,28.276933511550286,28.468347662020506,27.789700660320857,27.972414016723633,3925400,0.0,0.0
2021-06-01 00:00:00-04:00,28.233427512580203,28.450942357331957,27.946306324381585,28.07681655883789,3789600,0.0,0.0
2021-06-02 00:00:00-04:00,28.094223238928386,28.833772517579018,27.99851615884128,28.729366302490234,3375200,0.0,0.0
2021-06-03 00:00:00-04:00,28.242135987863808,30.01705850470546,27.91151570416889,29.834346771240234,4478700,0.0,0.0
2021-06-04 00:00:00-04:00,29.782133984944895,29.956146535298696,29.26009965289683,29.49501609802246,3124900,0.0,0.0
2021-06-07 00:00:00-04:00,29.538519930567226,30.095357465231373,29.538519930567226,30.0257511138916,2246200,0.0,0.0
2021-06-08 00:00:00-04:00,30.182359327704233,31.452648571483806,30.11275630173743,31.36564064025879,4390000,0.0,0.0
2021-06-09 00:00:00-04:00,31.348235740955992,32.122587992448096,31.165524083213267,31.905073165893555,3398400,0.0,0.0
2021-06-10 00:00:00-04:00,31.948584212536247,31.957283346710227,30.974115234379642,31.696266174316406,2153200,0.0,0.0
2021-06-11 00:00:00-04:00,31.678864179682197,32.49671886107183,31.522253214456658,32.453216552734375,2134700,0.0,0.0
2021-06-14 00:00:00-04:00,32.548916687707994,32.68812603613634,31.931175411495506,32.26179885864258,2603100,0.0,0.0
2021-06-15 00:00:00-04:00,32.23569501405679,32.86213874518427,31.974677899091237,32.635921478271484,2390600,0.0,0.0
2021-06-16 00:00:00-04:00,32.78383606573339,32.836040820769476,31.835471256162055,32.122589111328125,3094700,0.0,0.0
2021-06-17 00:00:00-04:00,32.25309895099041,33.52338477045393,32.11388959158363,33.40157699584961,3889400,0.0,0.0
2021-06-18 00:00:00-04:00,33.010053502873376,33.21886922595543,32.00078469917231,32.00948715209961,5737700,0.0,0.0
2021-06-21 00:00:00-04:00,32.279202263020046,33.02745387459956,31.95728121583346,32.983951568603516,2368400,0.0,0.0
2021-06-22 00:00:00-04:00,33.0013548631252,33.105761066722955,32.47061807306543,32.47932052612305,1967600,0.0,0.0
2021-06-23 00:00:00-04:00,32.37491159235225,32.383614045568144,31.922480276515245,32.02688980102539,2598400,0.0,0.0
2021-06-24 00:00:00-04:00,32.13998901277739,32.77513189688795,31.783264836249188,32.653324127197266,2169000,0.0,0.0
2021-06-25 00:00:00-04:00,32.6533306323201,33.52339009659946,32.53152283836314,33.488590240478516,3800300,0.0,0.0
2021-06-28 00:00:00-04:00,34.758877410131234,35.65503762586212,34.12373437850498,35.53322982788086,7288900,0.0,0.0
2021-06-29 00:00:00-04:00,35.533218812128624,35.785536783447185,34.55875341136172,34.58485412597656,3858700,0.0,0.0
2021-06-30 00:00:00-04:00,34.724070009205846,35.30701152449679,34.306441901645684,35.063392639160156,4691800,0.0,0.0
2021-07-01 00:00:00-04:00,34.88068071918079,35.48102049726272,34.56745881095956,35.25480651855469,3329500,0.0,0.0
2021-07-02 00:00:00-04:00,35.48971989076732,36.63819790924603,35.1677955578357,36.02915573120117,3056600,0.0,0.0
2021-07-06 00:00:00-04:00,35.75074669197169,35.846453772576155,35.04599726853193,35.66374206542969,2939900,0.0,0.0
2021-07-07 00:00:00-04:00,35.79423932028332,36.18576667181308,35.55932290936546,36.02915573120117,2595300,0.0,0.0
2021-07-08 00:00:00-04:00,35.463631263444434,35.88996196901846,35.124308517688725,35.76815414428711,2799100,0.0,0.0
2021-07-09 00:00:00-04:00,36.107466572091504,36.60340018478952,35.942156474196615,36.516395568847656,2785300,0.0,0.0
2021-07-12 00:00:00-04:00,36.481592607338634,36.61210285102489,35.74204341048548,35.92475509643555,3227200,0.0,0.0
2021-07-13 00:00:00-04:00,35.846452051438796,35.95956071572359,35.16780338474363,35.34181594848633,2959000,0.0,0.0
2021-07-14 00:00:00-04:00,35.3940223409794,35.855152834942025,35.2026081801585,35.3331184387207,1748600,0.0,0.0
2021-07-15 00:00:00-04:00,35.18520154957573,35.3244109232224,34.83717977496568,35.011192321777344,1735500,0.0,0.0
2021-07-16 00:00:00-04:00,35.141702729366514,35.63763637962738,34.91548871937582,35.272212982177734,1770600,0.0,0.0
2021-07-19 00:00:00-04:00,34.80236847531088,34.819770057830034,33.479878074967566,33.949710845947266,3538700,0.0,0.0
2021-07-20 00:00:00-04:00,33.94971531904657,34.51525188987605,33.871409846899354,34.3238410949707,2555300,0.0,0.0
2021-07-21 00:00:00-04:00,34.576158962395894,35.14169553103645,34.55005492577257,34.91548156738281,2646500,0.0,0.0
2021-07-22 00:00:00-04:00,35.08080359933797,35.41142718413428,34.63707465367543,35.359222412109375,2043400,0.0,0.0
2021-07-23 00:00:00-04:00,35.367912512893,35.7246366995905,35.263503005313574,35.67243194580078,1267100,0.0,0.0
2021-07-26 00:00:00-04:00,35.69853900423201,36.020463397931884,35.089500030234376,35.42012023925781,1552300,0.0,0.0
2021-07-27 00:00:00-04:00,35.17649663075894,35.81163950100632,34.610956776381535,35.802940368652344,1764300,0.0,0.0
2021-07-28 00:00:00-04:00,35.92476436946877,36.35979420202998,35.785554955809744,36.29018783569336,2346500,0.0,0.0
2021-07-29 00:00:00-04:00,36.342389850447084,36.57730634047127,35.872556870398704,36.307586669921875,2058200,0.0,0.0
2021-07-30 00:00:00-04:00,36.09273487915064,36.601331876120625,36.04889111787571,36.16288757324219,1790000,0.325,0.0
2021-08-02 00:00:00-04:00,36.32073478132848,36.32950554311828,35.820908401406754,36.040130615234375,2027700,0.0,0.0
2021-08-03 00:00:00-04:00,36.06643340401645,36.671485406758904,35.98751328669657,36.51364517211914,1787200,0.0,0.0
2021-08-04 00:00:00-04:00,36.22427123213712,36.7328649082491,35.78582690839089,36.60133361816406,2134500,0.0,0.0
2021-08-05 00:00:00-04:00,36.90825383779449,37.960521184041895,36.26812534388486,36.80302810668945,2869000,0.0,0.0
2021-08-06 00:00:00-04:00,37.057315218449986,38.96893286383103,36.90824574416286,38.48664474487305,3919000,0.0,0.0
2021-08-09 00:00:00-04:00,38.53925927142053,38.91632168234849,38.214811387040065,38.48664474487305,3500800,0.0,0.0
2021-08-10 00:00:00-04:00,38.600657294906036,38.670806681129875,37.811455793223246,37.837764739990234,1627000,0.0,0.0
2021-08-11 00:00:00-04:00,37.92544521880973,38.056979892855004,37.64484103624113,37.86406326293945,1917300,0.0,0.0
2021-08-12 00:00:00-04:00,37.88158726055619,37.995583712380274,37.171306307741546,37.75882339477539,1649600,0.0,0.0
2021-08-13 00:00:00-04:00,37.79391156767524,38.33758511304919,37.443158002504035,38.27620315551758,1531300,0.0,0.0
2021-08-16 00:00:00-04:00,38.048200546435105,38.47787748565263,37.69744706989127,37.7763671875,2063300,0.0,0.0
2021-08-17 00:00:00-04:00,37.600992581584414,37.94297867747324,36.99593717033622,37.934207916259766,2241100,0.0,0.0
2021-08-18 00:00:00-04:00,37.916674066361985,38.127125510023795,37.45192071690017,37.73252487182617,1512200,0.0,0.0
2021-08-19 00:00:00-04:00,37.723756500721926,37.995593232392835,37.29407951776665,37.41684341430664,1470300,0.0,0.0
2021-08-20 00:00:00-04:00,37.30285391517726,38.26743034921489,37.21516301976844,38.06574630737305,1560400,0.0,0.0
2021-08-23 00:00:00-04:00,38.1972826674356,38.55680699184961,38.06574799103735,38.372657775878906,1952300,0.0,0.0
2021-08-24 00:00:00-04:00,38.53926086425781,38.67956292911822,38.03066378847317,38.53926086425781,2992600,0.0,0.0
2021-08-25 00:00:00-04:00,38.58310895495194,40.1001262465456,38.36388674498062,39.98612976074219,2893000,0.0,0.0
2021-08-26 00:00:00-04:00,39.83706022314155,40.42457413963668,39.47753593295627,39.60029983520508,1691600,0.0,0.0
2021-08-27 00:00:00-04:00,39.62660710668733,39.77567995505826,39.30215915914909,39.52138137817383,1460000,0.0,0.0
2021-08-30 00:00:00-04:00,39.6529174909633,39.687990505034044,39.19693485738642,39.24954605102539,1266800,0.0,0.0
2021-08-31 00:00:00-04:00,39.28461595180821,40.161504715665835,39.11800829089873,40.047508239746094,2311500,0.0,0.0
2021-09-01 00:00:00-04:00,40.135205413444474,40.19658736892951,39.61784082788083,39.80198669433594,2481900,0.0,0.0
2021-09-02 00:00:00-04:00,39.92474434801645,40.05627900062117,39.670449148747274,40.047508239746094,1236500,0.0,0.0
2021-09-03 00:00:00-04:00,39.740600716406966,40.09135757944645,39.530149274635555,39.837059020996094,1318500,0.0,0.0
2021-09-07 00:00:00-04:00,39.7405974589984,39.90720511549992,39.29338567309165,39.34599685668945,1676600,0.0,0.0
2021-09-08 00:00:00-04:00,39.258309867556484,39.94228202437701,39.196927922460546,39.73183059692383,1091500,0.0,0.0
2021-09-09 00:00:00-04:00,39.67045125048165,39.7932151487153,39.16185413486755,39.223236083984375,980200,0.0,0.0
2021-09-10 00:00:00-04:00,39.36354308765485,39.36354308765485,37.995598513155656,38.11836242675781,1935500,0.0,0.0
2021-09-13 00:00:00-04:00,38.486647031148564,38.86370946447568,38.11835535863286,38.662025451660156,1512000,0.0,0.0
2021-09-14 00:00:00-04:00,38.89001274654227,39.05662374141017,38.36388086132719,38.48664474487305,1602800,0.0,0.0
2021-09-15 00:00:00-04:00,38.40772532776404,39.03031551713364,38.28496144198018,38.60940933227539,1621500,0.0,0.0
2021-09-16 00:00:00-04:00,38.60940921464177,38.66202374198812,37.67113855322092,37.706214904785156,2178700,0.0,0.0
2021-09-17 00:00:00-04:00,37.49576016399474,37.58345104296036,36.71532973905821,36.899478912353516,4344100,0.0,0.0
2021-09-20 00:00:00-04:00,36.34704915820865,36.76795547030649,35.53154213318595,36.092750549316406,2428300,0.0,0.0
2021-09-21 00:00:00-04:00,36.30319348166505,36.88193988928278,36.2681171308846,36.68025588989258,1464100,0.0,0.0
2021-09-22 00:00:00-04:00,36.91702226841993,37.35546672930409,36.803029117037404,36.98717498779297,1298600,0.0,0.0
2021-09-23 00:00:00-04:00,37.206387208268076,37.71498090662799,37.03977956217972,37.46068572998047,1376600,0.0,0.0
2021-09-24 00:00:00-04:00,37.28531648051703,37.92544497698661,37.28531648051703,37.671146392822266,1133000,0.0,0.0
2021-09-27 00:00:00-04:00,37.6886843134967,38.232354491890895,37.074861417856454,37.09239959716797,1572100,0.0,0.0
2021-09-28 00:00:00-04:00,37.05732215901831,37.25023878075937,36.25935342145153,36.294429779052734,1437700,0.0,0.0
2021-09-29 00:00:00-04:00,36.34704264162727,36.86440718469026,36.154126028770264,36.373348236083984,2444900,0.0,0.0
2021-09-30 00:00:00-04:00,36.618874938712274,36.618874938712274,35.79460066817744,35.80337142944336,1815000,0.0,0.0
2021-10-01 00:00:00-04:00,36.031359309692895,36.031359309692895,34.93524835885661,35.654296875,2327700,0.0,0.0
2021-10-04 00:00:00-04:00,35.63675875995689,36.04889754860434,34.99663036497022,35.364925384521484,2336300,0.0,0.0
2021-10-05 00:00:00-04:00,35.49645490741012,36.206735973297114,35.49645490741012,35.864749908447266,2448200,0.0,0.0
2021-10-06 00:00:00-04:00,35.628000235921746,35.91737186022777,35.11940302129189,35.89983367919922,1429000,0.0,0.0
2021-10-07 00:00:00-04:00,36.092751432594774,36.82933833305859,36.04890765121149,36.18043899536133,1825500,0.0,0.0
2021-10-08 00:00:00-04:00,36.28566236218522,36.62764848613305,36.17166587251409,36.294429779052734,1556100,0.0,0.0
2021-10-11 00:00:00-04:00,36.27689122829415,36.6627244678202,35.838446797971294,35.84721755981445,1269700,0.0,0.0
2021-10-12 00:00:00-04:00,35.93490420601266,36.26812290131375,35.62799445051524,35.91736602783203,1832700,0.0,0.0
2021-10-13 00:00:00-04:00,36.16289287423174,37.10116355232419,36.08397275434242,36.79425048828125,2024500,0.0,0.0
2021-10-14 00:00:00-04:00,37.066096485536015,37.18009298617,36.373353409087336,36.46104431152344,1662500,0.0,0.0
2021-10-15 00:00:00-04:00,36.60133391167251,36.94331995172663,36.03135494820582,36.14535140991211,1441400,0.0,0.0
2021-10-18 00:00:00-04:00,35.90859611708805,36.048898187722365,35.56661002898348,35.777061462402344,2453400,0.0,0.0
2021-10-19 00:00:00-04:00,35.95243862238639,36.00505315142308,35.452612304265735,35.62799072265625,1967200,0.0,0.0
2021-10-20 00:00:00-04:00,35.987516784574375,36.662721555035674,35.73321823237494,36.32073211669922,1871200,0.0,0.0
2021-10-21 00:00:00-04:00,36.14535878295726,36.417192180467794,35.84721644580039,35.95244216918945,1787800,0.0,0.0
2021-10-22 00:00:00-04:00,36.05766310484959,36.399649169254275,35.706909625103876,36.15412139892578,1284600,0.0,0.0
2021-10-25 00:00:00-04:00,36.41719179385348,36.803025017293,36.18043140994253,36.408424377441406,1297000,0.0,0.0
2021-10-26 00:00:00-04:00,36.417189574069376,36.417189574069376,35.891057649714185,35.94367218017578,1313500,0.0,0.0
2021-10-27 00:00:00-04:00,36.171666163429975,36.43473215742362,35.56661404273803,35.58415222167969,1643200,0.0,0.0
2021-10-28 00:00:00-04:00,35.45261134848836,36.31196189586279,35.32984746244416,35.829673767089844,2719400,0.0,0.0
2021-10-29 00:00:00-04:00,35.80758507911078,35.87830027265974,35.05625469302615,35.25955581665039,1863300,0.325,0.0
2021-11-01 00:00:00-04:00,35.26838919882048,36.152308693809616,35.16231643166438,35.76338195800781,4888000,0.0,0.0
2021-11-02 00:00:00-04:00,35.825258525900516,35.98436431573235,34.464024972285,34.95018005371094,3133800,0.0,0.0
2021-11-03 00:00:00-04:00,34.80875184439647,35.48052919987822,34.746877747387046,35.356781005859375,3213700,0.0,0.0
2021-11-04 00:00:00-04:00,32.263059652058,33.11162150762683,30.751558214597562,31.43217658996582,8236000,0.0,0.0
2021-11-05 00:00:00-04:00,31.635484779532447,32.36913632861988,31.46753788963523,32.068603515625,3383400,0.0,0.0
2021-11-08 00:00:00-05:00,32.02439742246324,32.06859271527797,30.96369353548604,31.494047164916992,3397100,0.0,0.0
2021-11-09 00:00:00-05:00,31.653158248206818,31.953691010607265,30.707364660746496,30.839950561523438,3255300,0.0,0.0
2021-11-10 00:00:00-05:00,30.76039744604739,31.299588872142674,30.680844557412257,30.91066551208496,1716700,0.0,0.0
2021-11-11 00:00:00-05:00,30.884140528144112,31.299583696979802,30.6720017747829,31.034408569335938,2299600,0.0,0.0
2021-11-12 00:00:00-05:00,31.052093424141606,31.65315896250642,30.954861738246514,31.555927276611328,2474200,0.0,0.0
2021-11-15 00:00:00-05:00,31.87413956550107,32.48404282923239,31.715033779851954,32.42216873168945,2294900,0.0,0.0
2021-11-16 00:00:00-05:00,32.563584862877136,32.66081651855887,32.2895686852181,32.36912155151367,2110100,0.0,0.0
2021-11-17 00:00:00-05:00,32.21002197265625,32.554753373720956,31.98904212093743,32.21002197265625,1665600,0.0,0.0
2021-11-18 00:00:00-05:00,32.21002731116875,32.3868118962212,31.193521847916834,31.865299224853516,2011700,0.0,0.0
2021-11-19 00:00:00-05:00,31.794576831909012,32.34260582847646,31.608951224847907,32.077430725097656,1618400,0.0,0.0
2021-11-22 00:00:00-05:00,32.11279387034746,32.581270079906794,31.670834164156393,32.29841613769531,1938800,0.0,0.0
2021-11-23 00:00:00-05:00,32.45752107874657,32.76689151648255,32.21002135667291,32.59010696411133,2487000,0.0,0.0
2021-11-24 00:00:00-05:00,32.71387263442584,33.24422657517022,32.61664428191505,32.934852600097656,2837600,0.0,0.0
2021-11-26 00:00:00-05:00,32.059762535889725,32.44868592465104,31.64431926770264,32.042083740234375,1069800,0.0,0.0
2021-11-29 00:00:00-05:00,32.50171983745168,32.65198453125518,32.042081301058545,32.37797164916992,1576700,0.0,0.0
2021-11-30 00:00:00-05:00,32.042082440775026,32.19234713992334,31.52940750321765,31.838781356811523,4286400,0.0,0.0
2021-12-01 00:00:00-05:00,32.210021727883216,32.75805418373839,31.467529296875,31.467529296875,2549300,0.0,0.0
2021-12-02 00:00:00-05:00,31.635481237245898,32.61663246898207,31.54708725985926,32.30725860595703,2269300,0.0,0.0
2021-12-03 00:00:00-05:00,32.669666883257406,32.75806086443128,31.971369605469068,32.31610107421875,1996500,0.0,0.0
2021-12-06 00:00:00-05:00,32.66082374863842,33.91598772595095,32.46636039422688,33.66849136352539,2812100,0.0,0.0
2021-12-07 00:00:00-05:00,33.78340550483741,34.631967444114494,33.66849502184611,34.34911346435547,2401900,0.0,0.0
2021-12-08 00:00:00-05:00,34.55241660052757,34.92366120651912,34.27840031618694,34.3049201965332,2094900,0.0,0.0
2021-12-09 00:00:00-05:00,34.15464777854118,34.57892871948071,33.98670429313341,34.0043830871582,1620500,0.0,0.0
2021-12-10 00:00:00-05:00,34.481699370681966,34.66732503455573,34.19000767925534,34.34911346435547,1587800,0.0,0.0
2021-12-13 00:00:00-05:00,34.251878430555145,35.7457010759704,34.251878430555145,35.33026123046875,3741600,0.0,0.0
2021-12-14 00:00:00-05:00,35.330268024694874,35.82526085016529,35.02973522127966,35.2949104309082,2728900,0.0,0.0
2021-12-15 00:00:00-05:00,35.20651186671816,35.648471573574966,34.43749954903013,35.409812927246094,2621600,0.0,0.0
2021-12-16 00:00:00-05:00,35.57775889733898,36.01088092406651,35.07392506593493,35.22418975830078,2303000,0.0,0.0
2021-12-17 00:00:00-05:00,35.2772268092658,36.01088160651383,34.47286020600118,35.78990173339844,8279700,0.0,0.0
2021-12-20 00:00:00-05:00,35.31258391510242,35.66614968411872,34.58777021095099,35.63963317871094,2391800,0.0,0.0
2021-12-21 00:00:00-05:00,35.88712506794166,37.02738186432548,35.88712506794166,36.70033264160156,3055300,0.0,0.0
2021-12-22 00:00:00-05:00,36.59426472227386,37.24836319383484,36.59426472227386,37.18648910522461,1593000,0.0,0.0
2021-12-23 00:00:00-05:00,37.221846350344855,37.928981193628154,37.177651054868065,37.30139923095703,1463700,0.0,0.0
2021-12-27 00:00:00-05:00,37.20417140785442,37.62845235773115,36.992029246973416,37.45166778564453,1454200,0.0,0.0
2021-12-28 00:00:00-05:00,37.42514478143761,37.999693697982345,37.42514478143761,37.725677490234375,1081800,0.0,0.0
2021-12-29 00:00:00-05:00,37.87594307566884,37.982015826201376,37.672642028308616,37.91130065917969,853000,0.0,0.0
2021-12-30 00:00:00-05:00,38.008538485548286,38.2737136610704,37.78755861063231,37.928985595703125,954400,0.0,0.0
2021-12-31 00:00:00-05:00,37.82291668296157,38.21184005390248,37.74336379210032,38.079254150390625,944500,0.0,0.0
2022-01-03 00:00:00-05:00,38.20300748496007,38.32675569364978,37.07158806575601,37.97318649291992,2216800,0.0,0.0
2022-01-04 00:00:00-05:00,38.017373610764636,38.27371105748216,37.522380882631566,37.672645568847656,2186000,0.0,0.0
2022-01-05 00:00:00-05:00,37.09810842083167,37.3102472464674,36.40864880780096,36.6119499206543,3454700,0.0,0.0
2022-01-06 00:00:00-05:00,36.603103722136524,36.70033539963068,35.84293246742047,35.9224853515625,1855100,0.0,0.0
2022-01-07 00:00:00-05:00,35.94900826067639,36.11695514150211,35.55124714098227,35.85177993774414,1934600,0.0,0.0
2022-01-10 00:00:00-05:00,35.76338071856306,35.98436058465189,35.42749374986536,35.69266891479492,2241000,0.0,0.0
2022-01-11 00:00:00-05:00,35.692672336054756,36.34677091411948,35.692672336054756,36.1346321105957,2331100,0.0,0.0
2022-01-12 00:00:00-05:00,36.081589810080025,36.67381756428054,36.081589810080025,36.53239059448242,1908700,0.0,0.0
2022-01-13 00:00:00-05:00,36.65614327020638,36.85944435349855,36.063915443324525,36.15230941772461,1644900,0.0,0.0
2022-01-14 00:00:00-05:00,36.00203996772704,36.15230803250682,35.2949050590478,36.14346694946289,1848100,0.0,0.0
2022-01-18 00:00:00-05:00,35.82524843072873,36.02854946669568,35.48936152185354,35.58658981323242,2181800,0.0,0.0
2022-01-19 00:00:00-05:00,35.67498907388187,35.85177363594164,35.1888340571313,35.24186706542969,2263400,0.0,0.0
2022-01-20 00:00:00-05:00,35.28606249296472,35.427492840641605,33.995540917378825,34.05741500854492,3520600,0.0,0.0
2022-01-21 00:00:00-05:00,34.10161622349105,34.73803597611421,33.518226111434714,34.640804290771484,3309000,0.0,0.0
2022-01-24 00:00:00-05:00,34.16348220830417,35.25070253995867,33.94250238385688,35.19766616821289,2478600,0.0,0.0
2022-01-25 00:00:00-05:00,34.72920019832456,35.436335169436326,34.26956162413054,35.10044479370117,2454900,0.0,0.0
2022-01-26 00:00:00-05:00,35.54240306551214,35.6307970405826,34.764556316204384,35.11812210083008,2667700,0.0,0.0
2022-01-27 00:00:00-05:00,35.621956110663355,35.6926712910245,34.32259670443848,34.437503814697266,3101600,0.0,0.0
2022-01-28 00:00:00-05:00,34.419825342646746,35.330264752971594,34.216524255028496,35.26839065551758,3264400,0.0,0.0
2022-01-31 00:00:00-05:00,35.15245622637517,35.76776017727016,35.14354030612254,35.60724639892578,2368000,0.35,0.0
2022-02-01 00:00:00-05:00,35.34865399280172,35.66076574846839,34.35881978212405,34.55500411987305,3660900,0.0,0.0
2022-02-02 00:00:00-05:00,34.33205570950067,35.625081864619006,33.502735650094245,35.562660217285156,4249300,0.0,0.0
2022-02-03 00:00:00-05:00,35.045458711907095,35.55375136225209,34.67092871764264,35.143550872802734,2876500,0.0,0.0
2022-02-04 00:00:00-05:00,34.911695898423645,35.526996569869866,34.465824959244415,35.098960876464844,2025100,0.0,0.0
2022-02-07 00:00:00-05:00,35.05436996490853,35.79451386007771,34.947358503994415,35.58049774169922,3205800,0.0,0.0
2022-02-08 00:00:00-05:00,35.732098382333355,36.02637484810331,35.33081383888589,35.50916290283203,2368300,0.0,0.0
2022-02-09 00:00:00-05:00,35.856934194788934,36.69517359921261,35.69642041103652,36.454402923583984,2068000,0.0,0.0
2022-02-10 00:00:00-05:00,36.06204037506497,36.72193086252064,35.65183992699201,35.78560256958008,1814800,0.0,0.0
2022-02-11 00:00:00-05:00,35.839105196209495,36.56141734894389,35.250555687149166,35.39323425292969,2624400,0.0,0.0
2022-02-14 00:00:00-05:00,35.589414780304516,35.63400118955658,34.037782565567824,34.49257278442383,2661700,0.0,0.0
2022-02-15 00:00:00-05:00,34.70659427536791,34.97411957569124,34.4301564542312,34.73334884643555,2233600,0.0,0.0
2022-02-16 00:00:00-05:00,34.87601624084265,35.098951651840906,34.58173986549724,34.85818099975586,1033400,0.0,0.0
2022-02-17 00:00:00-05:00,34.61741785472218,34.769015735972836,34.06453886803331,34.171546936035156,2153700,0.0,0.0
2022-02-18 00:00:00-05:00,34.0645378532444,34.51932467999791,33.99319687555167,34.26963806152344,2180300,0.0,0.0
2022-02-22 00:00:00-05:00,33.97535709602767,34.064533306240165,32.97660735371991,33.2441291809082,4057700,0.0,0.0
2022-02-23 00:00:00-05:00,33.351141260362496,33.60082785020388,32.72692138403439,32.85176467895508,2767600,0.0,0.0
2022-02-24 00:00:00-05:00,33.18170523948296,34.08236619084623,32.68233210373241,34.046695709228516,3555000,0.0,0.0
2022-02-25 00:00:00-05:00,34.26963488058829,34.60849768972516,33.27088509767011,33.87726974487305,2549200,0.0,0.0
2022-02-28 00:00:00-05:00,33.627583808823715,34.03778423684377,32.994447921872094,33.74351119995117,2724200,0.0,0.0
2022-03-01 00:00:00-05:00,33.60974472740494,33.62757997029062,32.067031935903636,32.58424377441406,3868400,0.0,0.0
2022-03-02 00:00:00-05:00,32.71800772075817,33.83268504923252,32.548577991451154,33.64542007446289,2893300,0.0,0.0
2022-03-03 00:00:00-05:00,33.64542514126289,34.13588255930651,33.315481554830015,33.333316802978516,2516700,0.0,0.0
2022-03-04 00:00:00-05:00,32.949857197560995,33.56515775905321,32.709086525222816,33.49382019042969,3015000,0.0,0.0
2022-03-07 00:00:00-05:00,33.422485162732535,34.626338738473386,33.35114758142491,33.89510726928711,3822500,0.0,0.0
2022-03-08 00:00:00-05:00,33.80593001890003,34.260716820190005,33.297637487336296,33.386810302734375,4305100,0.0,0.0
2022-03-09 00:00:00-05:00,33.73459448889679,34.14479490731734,33.377896402263666,33.79701614379883,3462800,0.0,0.0
2022-03-10 00:00:00-05:00,33.556246176006056,33.59191326406569,32.83393406562753,33.57408142089844,2309700,0.0,0.0
2022-03-11 00:00:00-05:00,33.734590360773986,34.53715585490049,33.65433347118888,34.3142204284668,2701700,0.0,0.0
2022-03-14 00:00:00-04:00,34.858178091061845,35.170286279726184,34.126950276141855,34.50148010253906,2922500,0.0,0.0
2022-03-15 00:00:00-04:00,34.61742353682754,35.02762403293589,33.98428754478304,34.70659637451172,2669000,0.0,0.0
2022-03-16 00:00:00-04:00,34.813597401481424,35.455649123688985,34.465818676593024,34.956275939941406,2618900,0.0,0.0
2022-03-17 00:00:00-04:00,34.8403515390049,35.10787339624227,34.4033999659197,34.49257278442383,2516300,0.0,0.0
2022-03-18 00:00:00-04:00,34.3409748041197,34.59066481825986,33.77917992618553,33.805931091308594,10766500,0.0,0.0
2022-03-21 00:00:00-04:00,33.529493430386204,33.95753252762036,33.074706566947235,33.16387939453125,3151600,0.0,0.0
2022-03-22 00:00:00-04:00,33.28872661721706,33.93969779322121,33.28872661721706,33.502742767333984,2383500,0.0,0.0
2022-03-23 00:00:00-04:00,33.31547930613252,33.333314553077194,32.361315705808394,32.37023162841797,3503900,0.0,0.0
2022-03-24 00:00:00-04:00,32.49507085013154,32.628833484455306,32.22754898320911,32.503990173339844,2385000,0.0,0.0
2022-03-25 00:00:00-04:00,32.51290571103491,33.29763945957265,32.31672482519427,33.02119827270508,2807600,0.0,0.0
2022-03-28 00:00:00-04:00,33.146041611293526,33.80593205076576,33.065788113646626,33.53841018676758,1849300,0.0,0.0
2022-03-29 00:00:00-04:00,33.7524256066088,34.15371009501944,33.538409480606454,34.01995086669922,1802000,0.0,0.0
2022-03-30 00:00:00-04:00,34.01995342613995,34.340977639295254,33.752428145922664,33.90402603149414,1944500,0.0,0.0
2022-03-31 00:00:00-04:00,33.912945506482494,34.751185122433384,33.912945506482494,34.20722198486328,2509200,0.0,0.0
2022-04-01 00:00:00-04:00,34.385560307225916,34.47473311428144,33.90401898498716,34.242881774902344,2153600,0.0,0.0
2022-04-04 00:00:00-04:00,34.162628914200404,34.24288581069911,33.52057374221075,33.59191131591797,1910600,0.0,0.0
2022-04-05 00:00:00-04:00,33.60083468699519,33.81485083562681,33.11929324998602,33.54732894897461,2241900,0.0,0.0
2022-04-06 00:00:00-04:00,33.38681132868117,35.090038008232014,33.14604063763786,34.96519470214844,3148300,0.0,0.0
2022-04-07 00:00:00-04:00,34.95627717631891,35.090036397385965,34.46581989562342,34.8135986328125,2190600,0.0,0.0
2022-04-08 00:00:00-04:00,34.99194906516672,35.38431422510485,34.77792954046642,35.26838684082031,2081900,0.0,0.0
2022-04-11 00:00:00-04:00,35.28622605303373,35.46457511005391,34.3409784320345,34.367733001708984,1948200,0.0,0.0
2022-04-12 00:00:00-04:00,34.394476920496004,34.97411038321364,34.28746886952761,34.6619987487793,1980900,0.0,0.0
2022-04-13 00:00:00-04:00,34.53715209004587,34.78683865188168,34.10020060683321,34.57282257080078,1618200,0.0,0.0
2022-04-14 00:00:00-04:00,34.64417241663797,35.018705793938764,34.58175075404208,34.947364807128906,2020400,0.0,0.0
2022-04-18 00:00:00-04:00,35.000865968802806,35.62508591483347,34.9919500474806,35.5180778503418,1883600,0.0,0.0
2022-04-19 00:00:00-04:00,35.67859368017989,35.74101874584302,34.82252223041403,35.41107177734375,2075300,0.0,0.0
2022-04-20 00:00:00-04:00,35.66076401840823,37.025128187623494,35.56267185429261,36.80219268798828,3098100,0.0,0.0
2022-04-21 00:00:00-04:00,36.56140572836189,36.88243324976485,35.419977564906254,35.43781280517578,2928500,0.0,0.0
2022-04-22 00:00:00-04:00,35.17921426304206,35.25947116013623,33.672168462243334,33.805931091308594,2654400,0.0,0.0
2022-04-25 00:00:00-04:00,33.6989239855115,33.7524263172761,32.63774904917946,33.53841018676758,2442000,0.0,0.0
2022-04-26 00:00:00-04:00,33.38680102841511,33.886177500410184,33.235206604003906,33.235206604003906,2558500,0.0,0.0
2022-04-27 00:00:00-04:00,33.146040937146815,33.60974707945085,32.57532673176492,32.602081298828125,2774500,0.0,0.0
2022-04-28 00:00:00-04:00,32.87852950913099,33.35115512430243,32.29889919866001,33.12821960449219,2869400,0.0,0.0
2022-04-29 00:00:00-04:00,33.08319663116554,33.38927260130681,32.24598893148733,32.31800842285156,2875300,0.35,0.0
2022-05-02 00:00:00-04:00,32.60608154614837,33.20922937044811,32.32701115088932,33.16421890258789,4117600,0.0,0.0
2022-05-03 00:00:00-04:00,33.2182316069695,34.19947485962636,33.12820724236709,33.39827346801758,2978800,0.0,0.0
2022-05-04 00:00:00-04:00,33.45228571700141,34.58656515801185,33.41627597371139,34.433528900146484,2411500,0.0,0.0
2022-05-05 00:00:00-04:00,34.33449905552256,34.37050879381234,33.65033119840501,33.94740295410156,2411200,0.0,0.0
2022-05-06 00:00:00-04:00,34.78461629186401,37.31424416695462,34.43352987009206,37.26923370361328,7897800,0.0,0.0
2022-05-09 00:00:00-04:00,36.93615116156312,37.602317738917534,36.17096293194327,37.296241760253906,6928700,0.0,0.0
2022-05-10 00:00:00-04:00,37.53931192577083,37.94441309358262,36.35101745624249,37.53030776977539,3865200,0.0,0.0
2022-05-11 00:00:00-04:00,37.64732877453507,38.43052188934071,37.47628762631363,37.620323181152344,3439000,0.0,0.0
2022-05-12 00:00:00-04:00,37.68333308709716,37.86337836319917,36.37800912795512,37.26022720336914,3998900,0.0,0.0
2022-05-13 00:00:00-04:00,37.61132264882503,38.43052558973939,37.04418452870813,38.070438385009766,4249400,0.0,0.0
2022-05-16 00:00:00-04:00,38.16946153207427,39.879883393821444,38.14245250339245,39.67283248901367,4438100,0.0,0.0
2022-05-17 00:00:00-04:00,39.90689319930143,40.75310170943252,39.681837415684555,40.690086364746094,6800400,0.0,0.0
2022-05-18 00:00:00-04:00,40.71708533832354,41.3382379638238,40.3479940505779,41.1942024230957,5384500,0.0,0.0
2022-05-19 00:00:00-04:00,41.05016385287237,42.04941184533841,40.97814780486218,41.599300384521484,5579300,0.0,0.0
2022-05-20 00:00:00-04:00,42.14844720693946,42.184456956775485,40.46503089401088,41.158203125,6683900,0.0,0.0
2022-05-23 00:00:00-04:00,41.36525286738027,42.11243626794595,41.10418733955909,41.572303771972656,4061100,0.0,0.0
2022-05-24 00:00:00-04:00,41.41926919318864,41.92339543694119,40.96015685808186,41.239227294921875,5191300,0.0,0.0
2022-05-25 00:00:00-04:00,41.39225626354959,42.517535098794234,41.28423045690808,42.17544937133789,4184300,0.0,0.0
2022-05-26 00:00:00-04:00,42.35549923127155,43.04867148049018,42.02241762172559,42.04942321777344,2888200,0.0,0.0
2022-05-27 00:00:00-04:00,41.78835580872647,42.1844561814855,41.33824424628481,41.815364837646484,3274400,0.0,0.0
2022-05-31 00:00:00-04:00,41.81536130164146,42.12143727558244,41.26622469244632,41.44626998901367,15530000,0.0,0.0
2022-06-01 00:00:00-04:00,41.41025738429849,41.49127759045699,40.483028806989864,40.95114517211914,3182500,0.0,0.0
2022-06-02 00:00:00-04:00,41.02316866303664,41.383259296600244,40.54605149253184,41.3382453918457,2193700,0.0,0.0
2022-06-03 00:00:00-04:00,41.08617420411246,41.52728495325854,40.915133082729845,40.942138671875,2248300,0.0,0.0
2022-06-06 00:00:00-04:00,41.10418649416507,41.941394249559806,40.807114657713264,41.617313385009766,2463100,0.0,0.0
2022-06-07 00:00:00-04:00,41.13118439546864,41.54528955276553,40.158945417733804,41.536285400390625,3247100,0.0,0.0
2022-06-08 00:00:00-04:00,41.22122796065197,41.608324275314644,40.789121165370766,41.0861930847168,2027400,0.0,0.0
2022-06-09 00:00:00-04:00,41.18520795002344,41.58130488857501,40.87013123004818,40.97815704345703,3210000,0.0,0.0
2022-06-10 00:00:00-04:00,40.39300488740077,40.888126848610945,39.48378117202049,39.618812561035156,2631600,0.0,0.0
2022-06-13 00:00:00-04:00,39.02466332576171,39.02466332576171,36.32399448843348,36.5040397644043,3744900,0.0,0.0
2022-06-14 00:00:00-04:00,36.50404267473986,36.66608309262469,35.063687220294995,35.48678970336914,3848000,0.0,0.0
2022-06-15 00:00:00-04:00,35.79286847171787,36.008923523855564,34.58656939630556,35.207725524902344,3597400,0.0,0.0
2022-06-16 00:00:00-04:00,34.649592883031445,34.667594325251855,33.020187635763094,33.182228088378906,3926500,0.0,0.0
2022-06-17 00:00:00-04:00,33.50630278736792,34.046435239987986,32.101953602846024,32.70510482788086,9985100,0.0,0.0
2022-06-21 00:00:00-04:00,32.795123600795854,33.749361200655365,32.7051026759751,33.308250427246094,3901700,0.0,0.0
2022-06-22 00:00:00-04:00,32.939154917347196,33.335251743478594,32.71409920007483,32.84012985229492,3454400,0.0,0.0
2022-06-23 00:00:00-04:00,32.93016756850169,34.18147731508511,32.849147340028274,33.992427825927734,3472900,0.0,0.0
2022-06-24 00:00:00-04:00,34.03743920911117,34.56857101545018,33.80337926241053,34.496551513671875,5475500,0.0,0.0
2022-06-27 00:00:00-04:00,34.622571698540554,35.08168729782244,34.51454591274157,34.757606506347656,2122200,0.0,0.0
2022-06-28 00:00:00-04:00,34.829633323396315,35.02768352034049,33.857394082380765,34.04644012451172,3164900,0.0,0.0
2022-06-29 00:00:00-04:00,34.07344572079361,34.190475694813244,33.353267869286,34.04644012451172,2340100,0.0,0.0
2022-06-30 00:00:00-04:00,33.72234996288622,34.775612571374126,33.6593346328315,34.361507415771484,3783900,0.0,0.0
2022-07-01 00:00:00-04:00,34.53255402666592,35.279737313575296,34.35250874403583,34.96466064453125,2284700,0.0,0.0
2022-07-05 00:00:00-04:00,34.56856792325247,34.658588858344025,32.90315315143037,33.839385986328125,2898000,0.0,0.0
2022-07-06 00:00:00-04:00,33.848381936157686,34.19947177532629,33.04718405088379,33.57831573486328,2338300,0.0,0.0
2022-07-07 00:00:00-04:00,33.99241340992496,34.397514380490854,33.74935626166308,33.94740295410156,2393900,0.0,0.0
2022-07-08 00:00:00-04:00,34.33450978380854,34.41553000323759,33.88439821677575,34.055442810058594,1646300,0.0,0.0
2022-07-11 00:00:00-04:00,33.929410614724425,34.100455217726996,33.3622724805718,33.75836944580078,1703400,0.0,0.0
2022-07-12 00:00:00-04:00,33.776368943639405,34.46053694447802,33.668343140155066,33.929405212402344,2344800,0.0,0.0
2022-07-13 00:00:00-04:00,33.52430042418565,34.145452954032145,33.38926562313841,33.4162712097168,2337700,0.0,0.0
2022-07-14 00:00:00-04:00,32.86714563080698,33.06519582232234,32.43503893174703,32.64208984375,3196600,0.0,0.0
2022-07-15 00:00:00-04:00,32.7951194416082,33.047180746401565,32.12895300655436,32.390018463134766,4743900,0.0,0.0
2022-07-18 00:00:00-04:00,32.42603277860044,32.58807319285951,31.98492199887781,32.038936614990234,3768800,0.0,0.0
2022-07-19 00:00:00-04:00,32.14696024552468,32.38102013215141,31.930908663799364,32.17396926879883,4138000,0.0,0.0
2022-07-20 00:00:00-04:00,32.164967230571406,32.30900277254849,31.42678464867908,32.26399230957031,4039700,0.0,0.0
2022-07-21 00:00:00-04:00,32.65108543411065,33.09219273795812,32.1289544967328,32.444034576416016,2562100,0.0,0.0
2022-07-22 00:00:00-04:00,32.48005613118387,32.678102908710216,31.858899898086367,32.074954986572266,2512700,0.0,0.0
2022-07-25 00:00:00-04:00,32.137969858757,32.87615262943661,32.05694963104441,32.3630256652832,3983700,0.0,0.0
2022-07-26 00:00:00-04:00,32.38102264669849,32.939159949255334,32.309003157812064,32.73210906982422,2333300,0.0,0.0
2022-07-27 00:00:00-04:00,32.75910965671376,33.13720504745175,32.318002373943436,32.84012985229492,2692000,0.0,0.0
2022-07-28 00:00:00-04:00,33.36226311489112,33.80337042873475,33.02917815732827,33.76736068725586,2978600,0.0,0.0
2022-07-29 00:00:00-04:00,33.91276275591512,34.53068047327711,33.77645605168805,34.303504943847656,8042900,0.35,0.0
2022-08-01 00:00:00-04:00,34.07632431701251,34.24897644563977,33.567449959299516,34.185367584228516,3023700,0.0,0.0
2022-08-02 00:00:00-04:00,34.239889790252285,34.594282996506955,33.81279876403622,33.876407623291016,3379400,0.0,0.0
2022-08-03 00:00:00-04:00,34.17628475050084,34.17628475050084,33.46749825877831,33.958194732666016,3357200,0.0,0.0
2022-08-04 00:00:00-04:00,34.97594274380074,36.01186250585724,34.24897834491892,35.56659698486328,4187100,0.0,0.0
2022-08-05 00:00:00-04:00,35.43938469705292,35.684734699387974,34.739683608858215,34.94868469238281,3853700,0.0,0.0
2022-08-08 00:00:00-04:00,35.157679496995435,35.666553870189425,35.00320181927514,35.20311737060547,2650400,0.0,0.0
2022-08-09 00:00:00-04:00,35.31216599086471,35.40303481900509,34.50342163457507,34.8305549621582,2798700,0.0,0.0
2022-08-10 00:00:00-04:00,35.20312343483812,35.6756455106888,34.9486844711989,35.657474517822266,1715100,0.0,0.0
2022-08-11 00:00:00-04:00,35.793779437639,36.911482738106024,35.557518388659105,36.73883056640625,2362500,0.0,0.0
2022-08-12 00:00:00-04:00,37.04777854833442,37.89287163072792,36.984169689782036,37.86560821533203,1777800,0.0,0.0
2022-08-15 00:00:00-04:00,37.77474061671035,38.49261600497322,37.70204626164811,38.39265823364258,2591100,0.0,0.0
2022-08-16 00:00:00-04:00,38.36540053046014,39.192319232951874,38.36540053046014,38.7107048034668,2977400,0.0,0.0
2022-08-17 00:00:00-04:00,38.37448369390399,39.192316851699466,38.27452592279311,38.719791412353516,2330900,0.0,0.0
2022-08-18 00:00:00-04:00,38.88336268288318,39.828413674324175,38.837928272345756,39.546714782714844,2407500,0.0,0.0
2022-08-19 00:00:00-04:00,39.492191725446496,39.89202286078328,39.01058073034358,39.02875518798828,2358100,0.0,0.0
2022-08-22 00:00:00-04:00,38.57439923964022,38.71070245500328,38.1382227109172,38.256351470947266,2229500,0.0,0.0
2022-08-23 00:00:00-04:00,38.410840473516394,38.68345042648821,38.05644718801068,38.06553268432617,1520400,0.0,0.0
2022-08-24 00:00:00-04:00,38.00192009854339,38.17457224306077,37.67478680036452,38.120052337646484,1232100,0.0,0.0
2022-08-25 00:00:00-04:00,38.24727087232841,38.96514635096995,38.16548754607275,38.94697189331055,1455600,0.0,0.0
2022-08-26 00:00:00-04:00,38.97423249648627,38.99240695444874,37.91105270385742,37.91105270385742,1484800,0.0,0.0
2022-08-29 00:00:00-04:00,37.620262126495334,38.12913300011898,37.46578099241469,37.70204544067383,1597200,0.0,0.0
2022-08-30 00:00:00-04:00,37.692952601857044,37.93830251914918,37.20225276727276,37.32038497924805,1696300,0.0,0.0
2022-08-31 00:00:00-04:00,37.23861289347876,37.69296395874779,37.156829563073394,37.51122283935547,2780800,0.0,0.0
2022-09-01 00:00:00-04:00,37.46578476893499,37.60209146177969,36.80243269436536,37.40217590332031,1993900,0.0,0.0
2022-09-02 00:00:00-04:00,37.68387222290039,38.58348524197623,37.58391445046464,37.68387222290039,1931500,0.0,0.0
2022-09-06 00:00:00-04:00,37.72021921097766,37.83835144381912,36.9841727955129,37.065956115722656,2439000,0.0,0.0
2022-09-07 00:00:00-04:00,37.11139740585495,37.93831625625653,36.96600519478733,37.883792877197266,1999400,0.0,0.0
2022-09-08 00:00:00-04:00,37.73839664306574,38.66527318972202,37.62935336299541,38.45627212524414,1458000,0.0,0.0
2022-09-09 00:00:00-04:00,38.81975522386773,39.49219284364468,38.70162297904398,39.33771514892578,1484600,0.0,0.0
2022-09-12 00:00:00-04:00,39.48310178241677,40.34636935797237,39.374058515254646,40.310020446777344,2393800,0.0,0.0
2022-09-13 00:00:00-04:00,39.67393901481106,40.200987969326945,39.274111283623206,39.401329040527344,2277500,0.0,0.0
2022-09-14 00:00:00-04:00,39.68302272202656,40.282769491394,39.68302272202656,40.26459503173828,2685500,0.0,0.0
2022-09-15 00:00:00-04:00,40.1464636329209,40.800730328777625,39.89202812516498,40.764381408691406,3061700,0.0,0.0
2022-09-16 00:00:00-04:00,40.609889047582904,40.80980458657662,39.7375360043023,39.86475372314453,6025600,0.0,0.0
2022-09-19 00:00:00-04:00,39.54671327958565,40.128282031775804,39.45584099554144,40.00106430053711,1613300,0.0,0.0
2022-09-20 00:00:00-04:00,39.655758313006096,39.7920650119069,38.75614519281552,38.89244842529297,2002200,0.0,0.0
2022-09-21 00:00:00-04:00,39.255923054015064,39.59214178882112,38.301786745476285,38.3199577331543,2380000,0.0,0.0
2022-09-22 00:00:00-04:00,38.247266502513945,38.28361541367984,37.592999967219704,37.602088928222656,2191500,0.0,0.0
2022-09-23 00:00:00-04:00,36.993260922851015,37.2567853585482,36.41169214505263,36.92056655883789,2046900,0.0,0.0
2022-09-26 00:00:00-04:00,36.802429571913294,37.14773728911237,35.71198652094239,35.79376983642578,2077400,0.0,0.0
2022-09-27 00:00:00-04:00,36.229946363529564,36.55707962546312,35.59385429492796,35.79376983642578,2774600,0.0,0.0
2022-09-28 00:00:00-04:00,36.202696209357654,36.75700511245754,35.930086239459435,36.57526397705078,1887900,0.0,0.0
2022-09-29 00:00:00-04:00,36.36624931649474,36.37533480998459,35.2303719770231,35.60293960571289,1996400,0.0,0.0
2022-09-30 00:00:00-04:00,35.78468357871894,35.94825020619685,34.694240551007134,34.776023864746094,2667700,0.0,0.0
2022-10-03 00:00:00-04:00,35.5029830476884,36.07546621677027,34.657890001184626,35.74833297729492,3401200,0.0,0.0
2022-10-04 00:00:00-04:00,35.97551022490852,37.28403978084076,35.96642473066342,37.265865325927734,2317600,0.0,0.0
2022-10-05 00:00:00-04:00,36.55708751859212,37.98374963395195,36.35717193393005,37.71113967895508,2163300,0.0,0.0
2022-10-06 00:00:00-04:00,37.61118070030187,37.92922852645282,37.21135301001263,37.34765625,2221200,0.0,0.0
2022-10-07 00:00:00-04:00,37.21135557322616,37.58392333446606,36.9387456080498,37.3658332824707,1915000,0.0,0.0
2022-10-10 00:00:00-04:00,37.48395531846119,38.14730732388382,37.22043092185659,37.265865325927734,2320600,0.0,0.0
2022-10-11 00:00:00-04:00,37.29313154347732,37.93830914246147,37.120475942042766,37.31130599975586,1924400,0.0,0.0
2022-10-12 00:00:00-04:00,37.23860994595617,37.23860994595617,36.111821334474094,36.120906829833984,1684000,0.0,0.0
2022-10-13 00:00:00-04:00,35.50299094091589,37.82018061380694,35.47573098703992,37.420352935791016,2204400,0.0,0.0
2022-10-14 00:00:00-04:00,37.67477826976434,38.08369479989803,36.99325187501568,37.29312515258789,1517600,0.0,0.0
2022-10-17 00:00:00-04:00,37.97465501020007,38.519874789147934,37.89287169671561,38.08369827270508,1777500,0.0,0.0
2022-10-18 00:00:00-04:00,38.574409015611764,39.2105012477806,38.54714559249141,39.037845611572266,2511500,0.0,0.0
2022-10-19 00:00:00-04:00,38.55623389643437,38.710711603638664,37.738400545283014,38.12914276123047,1861200,0.0,0.0
2022-10-20 00:00:00-04:00,38.2018402616707,38.2018402616707,36.91148137087597,37.00235366821289,2249400,0.0,0.0
2022-10-21 00:00:00-04:00,37.3749191833463,38.674363492856365,37.01143694861013,38.49262237548828,2753300,0.0,0.0
2022-10-24 00:00:00-04:00,38.87427915571631,39.36497917753846,38.138232589406904,39.06510925292969,2030800,0.0,0.0
2022-10-25 00:00:00-04:00,39.03784772772155,39.75572333531819,38.92880442860053,39.655765533447266,2046100,0.0,0.0
2022-10-26 00:00:00-04:00,39.710280431257836,39.955630401673766,39.174146081035595,39.21049499511719,2060200,0.0,0.0
2022-10-27 00:00:00-04:00,39.610319784094344,40.31002073062226,39.41949319861118,39.71027755737305,2393700,0.0,0.0
2022-10-28 00:00:00-04:00,39.9192867290663,40.64624777403337,39.746634564144024,40.59172439575195,1653900,0.0,0.0
2022-10-31 00:00:00-04:00,40.40854122491668,40.97638816851024,40.3444300367364,40.66498947143555,2284000,0.35,0.0
2022-11-01 00:00:00-04:00,40.77488878022672,40.903111140593275,40.04218708256262,40.326107025146484,2459700,0.0,0.0
2022-11-02 00:00:00-04:00,40.06966858222467,41.04050066735551,39.63004749474972,39.72163391113281,2312500,0.0,0.0
2022-11-03 00:00:00-04:00,39.21790005276741,40.43601960559415,38.97061254594249,39.95976257324219,1572700,0.0,0.0
2022-11-04 00:00:00-04:00,40.13378350465188,40.8115349278262,39.7857488011949,40.619197845458984,2151800,0.0,0.0
2022-11-07 00:00:00-05:00,40.17957579030566,41.64498301149243,39.382762731900435,41.40685272216797,4695900,0.0,0.0
2022-11-08 00:00:00-05:00,41.48928220022409,41.855634881619565,40.454338845010255,40.527610778808594,4580400,0.0,0.0
2022-11-09 00:00:00-05:00,40.298640429421305,40.73826154212286,38.99809507440395,39.06220626831055,3864100,0.0,0.0
2022-11-10 00:00:00-05:00,40.371912050165406,41.718250605610514,39.904812219539096,41.29694747924805,3296100,0.0,0.0
2022-11-11 00:00:00-05:00,41.11376420088747,41.68160760113021,40.63750720611061,41.58086395263672,2916300,0.0,0.0
2022-11-14 00:00:00-05:00,41.40684577428959,41.94721396318002,40.152093824892255,40.161251068115234,3137500,0.0,0.0
2022-11-15 00:00:00-05:00,40.61919674274121,40.70162592043278,39.611732120998056,39.8040657043457,2901000,0.0,0.0
2022-11-16 00:00:00-05:00,39.68500785281933,39.950609900763126,39.22706870931834,39.34613037109375,2006400,0.0,0.0
2022-11-17 00:00:00-05:00,38.805757271250066,38.805757271250066,37.688388274259346,37.862403869628906,2502400,0.0,0.0
2022-11-18 00:00:00-05:00,38.219587742467624,38.7141626909078,37.743330772910106,38.68668746948242,2716100,0.0,0.0
2022-11-21 00:00:00-05:00,38.476039119283215,38.604264993657246,37.3861453905877,37.69754409790039,2479900,0.0,0.0
2022-11-22 00:00:00-05:00,37.94484062937848,38.86987623314915,37.87156868375773,38.778289794921875,1684300,0.0,0.0
2022-11-23 00:00:00-05:00,38.69584983574959,39.00724853039274,38.46688031009427,38.86986541748047,1527900,0.0,0.0
2022-11-25 00:00:00-05:00,38.86071759007715,38.98893999650611,38.47604687699174,38.61343002319336,916200,0.0,0.0
2022-11-28 00:00:00-05:00,38.21044119025436,38.38445679762903,37.6334369223094,37.9448356628418,2007200,0.0,0.0
2022-11-29 00:00:00-05:00,37.81660559136389,38.40276698541576,37.37698454582499,38.38444900512695,2429000,0.0,0.0
2022-11-30 00:00:00-05:00,38.44855315270731,38.915652830093514,37.55099324560458,38.8790168762207,6252200,0.0,0.0
2022-12-01 00:00:00-05:00,39.33696488796163,39.57509165544485,38.29286441843165,38.58594512939453,2811400,0.0,0.0
2022-12-02 00:00:00-05:00,38.045589091648544,38.210447481060115,37.41363076763792,37.77998352050781,1748400,0.0,0.0
2022-12-05 00:00:00-05:00,37.38614673896559,37.615116282194826,37.04727279324975,37.40446472167969,1771800,0.0,0.0
2022-12-06 00:00:00-05:00,32.59610425425707,33.933285545758984,31.002474699024777,31.76265525817871,16832700,0.0,0.0
2022-12-07 00:00:00-05:00,31.23143972583917,31.5611563788177,30.17818207748826,30.352197647094727,7768200,0.0,0.0
2022-12-08 00:00:00-05:00,30.223975419504082,31.149010705678624,29.454637723619353,29.47295570373535,7225500,0.0,0.0
2022-12-09 00:00:00-05:00,29.079126638736337,30.13238774128036,28.58455167786537,29.56454086303711,4281900,0.0,0.0
2022-12-12 00:00:00-05:00,29.67445364339165,29.930898408982628,29.015020253245822,29.921737670898438,4547200,0.0,0.0
2022-12-13 00:00:00-05:00,30.5994930267334,30.819305349995588,29.86679110552335,30.5994930267334,5181300,0.0,0.0
2022-12-14 00:00:00-05:00,30.599487708669624,30.67275963495545,29.41800410079379,29.738563537597656,4239500,0.0,0.0
2022-12-15 00:00:00-05:00,29.57370601798999,29.81183279743199,28.868479430007138,29.170719146728516,5235600,0.0,0.0
2022-12-16 00:00:00-05:00,28.749415613539988,28.923432957491208,28.0625069760946,28.438016891479492,19349100,0.0,0.0
2022-12-19 00:00:00-05:00,28.960065219358984,29.857623558002384,28.66698277080552,28.886795043945312,4932000,0.0,0.0
2022-12-20 00:00:00-05:00,28.914271118736966,29.28978099714403,28.676142604910737,28.996700286865234,4547800,0.0,0.0
2022-12-21 00:00:00-05:00,29.3080971837131,29.82099014219516,28.996698511384253,29.692764282226562,5618200,0.0,0.0
2022-12-22 00:00:00-05:00,29.3905299203488,29.45464111122957,28.758573508854624,29.207353591918945,2928800,0.0,0.0
2022-12-23 00:00:00-05:00,29.216508963514496,29.381369036196663,28.914269281877743,29.22566795349121,3090300,0.0,0.0
2022-12-27 00:00:00-05:00,29.271467671956895,29.546230444822427,29.05165710428465,29.527915954589844,3349500,0.0,0.0
2022-12-28 00:00:00-05:00,29.582861426876917,29.674451331593993,29.042493217337846,29.17987632751465,2512500,0.0,0.0
2022-12-29 00:00:00-05:00,29.427166213280543,29.83015134528633,29.30810107440237,29.674453735351562,2211500,0.0,0.0
2022-12-30 00:00:00-05:00,29.592021767579485,29.66529019657339,28.932588437646434,29.143239974975586,2329200,0.0,0.0
2023-01-03 00:00:00-05:00,29.198196892655137,29.48211865179818,28.77689374985572,29.24399185180664,4230400,0.0,0.0
2023-01-04 00:00:00-05:00,29.326414635939287,29.58285936366652,28.978380009882773,29.390525817871094,3929900,0.0,0.0
2023-01-05 00:00:00-05:00,29.253147503839717,29.482115285859972,29.033336965705214,29.079130172729492,2494800,0.0,0.0
2023-01-06 00:00:00-05:00,29.40885042188593,29.756885126337323,29.161562881391372,29.49127960205078,3177400,0.0,0.0
2023-01-09 00:00:00-05:00,29.65613553166099,30.068281398704347,29.509595167134226,29.894262313842773,3557300,0.0,0.0
2023-01-10 00:00:00-05:00,29.766041724614617,30.114076421504347,29.41800702772489,30.09575843811035,2812300,0.0,0.0
2023-01-11 00:00:00-05:00,30.132389948465736,30.233133601536082,29.353891491448447,29.57370376586914,6663100,0.0,0.0
2023-01-12 00:00:00-05:00,29.729399978011617,30.114070566903944,29.399683328617456,29.875940322875977,2810800,0.0,0.0
2023-01-13 00:00:00-05:00,29.51874834744416,29.820989772931416,28.64866527121587,29.198190689086914,3723800,0.0,0.0
2023-01-17 00:00:00-05:00,29.262305935632646,29.66529104106499,29.225669973193977,29.44548225402832,3147900,0.0,0.0
2023-01-18 00:00:00-05:00,29.610338177230275,29.738560541514655,28.9142689228331,28.969221115112305,2212500,0.0,0.0
2023-01-19 00:00:00-05:00,28.89595401034766,29.024178135141433,28.22736340146874,28.41969871520996,2648600,0.0,0.0
2023-01-20 00:00:00-05:00,28.373905151055123,29.564546067576497,28.089983408850607,29.50043487548828,3682300,0.0,0.0
2023-01-23 00:00:00-05:00,29.784354182204133,30.10491009763202,29.6469710791365,29.692764282226562,5232600,0.0,0.0
2023-01-24 00:00:00-05:00,29.839310262595824,30.196502163636488,29.289781304704444,30.13239097595215,2931300,0.0,0.0
2023-01-25 00:00:00-05:00,29.912580620780158,30.407155666599905,29.555388696731868,30.36136245727539,4950700,0.0,0.0
2023-01-26 00:00:00-05:00,30.507903564502868,30.681919161682444,30.077439700040024,30.672761917114258,5119800,0.0,0.0
2023-01-27 00:00:00-05:00,30.681915339717158,30.956678061910335,30.379673899646367,30.910884857177734,2937000,0.0,0.0
2023-01-30 00:00:00-05:00,30.773507752239805,31.158178433386887,30.62696737223098,30.72771453857422,3267900,0.0,0.0
2023-01-31 00:00:00-05:00,30.911120528200975,31.77259348129371,30.753648725442805,31.698490142822266,8191500,0.378,0.0
2023-02-01 00:00:00-05:00,31.49469635780186,32.18943230687102,31.114907513655112,32.05048370361328,3155800,0.0,0.0
2023-02-02 00:00:00-05:00,32.263538065586545,32.85637882310451,32.06900932096813,32.37469482421875,3840900,0.0,0.0
2023-02-03 00:00:00-05:00,32.18017950603816,32.439546533784444,31.67996863800397,31.893020629882812,2910300,0.0,0.0
2023-02-06 00:00:00-05:00,31.689226581146578,32.18943739155667,31.40207127168215,32.124595642089844,3641400,0.0,0.0
2023-02-07 00:00:00-05:00,32.00418235800415,32.58776179403694,31.68923511848294,32.4302864074707,3162800,0.0,0.0
2023-02-08 00:00:00-05:00,32.24501292233161,32.37469640266023,31.99490755300792,32.22648620605469,2957300,0.0,0.0
2023-02-09 00:00:00-05:00,32.23575743858285,32.54144304816293,31.763338399862857,31.855968475341797,5367300,0.0,0.0
2023-02-10 00:00:00-05:00,31.9208087081548,32.37470453695827,31.717021845125906,32.29133605957031,3164900,0.0,0.0
2023-02-13 00:00:00-05:00,32.152377364563584,32.99532346849414,32.14311577379934,32.93974685668945,2831400,0.0,0.0
2023-02-14 00:00:00-05:00,32.93048750173302,32.98606765688494,32.245016589577055,32.51364517211914,3506800,0.0,0.0
2023-02-15 00:00:00-05:00,32.217227921415365,33.22691120441781,32.20796632811541,33.18986129760742,4299800,0.0,0.0
2023-02-16 00:00:00-05:00,32.61553872896786,32.70817231626548,31.10564835892211,31.568805694580078,9220700,0.0,0.0
2023-02-17 00:00:00-05:00,31.522488088433548,31.939330409867154,31.19827935710194,31.698490142822266,5295900,0.0,0.0
2023-02-21 00:00:00-05:00,31.503959151367404,32.14311851041516,31.503959151367404,31.550277709960938,3539300,0.0,0.0
2023-02-22 00:00:00-05:00,31.40206861103059,31.51322538161124,30.62396414974599,30.707332611083984,4113600,0.0,0.0
2023-02-23 00:00:00-05:00,30.661013141260398,31.290907378547345,30.65175154965761,31.040802001953125,5426500,0.0,0.0
2023-02-24 00:00:00-05:00,30.716598783410443,31.26312465954393,30.5498618358707,31.124176025390625,3798700,0.0,0.0
2023-02-27 00:00:00-05:00,31.38354337130918,31.615122048861558,30.568385436913953,30.586912155151367,4286600,0.0,0.0
2023-02-28 00:00:00-05:00,30.559123049461014,30.883331776154453,30.234910789157475,30.373859405517578,4249000,0.0,0.0
2023-03-01 00:00:00-05:00,30.13301639236022,30.596173747464977,30.040386334783346,30.586912155151367,3057200,0.0,0.0
2023-03-02 00:00:00-05:00,30.56838785419027,30.62396801329766,30.1700722146135,30.336809158325195,3355400,0.0,0.0
2023-03-03 00:00:00-05:00,30.57764701599275,31.42985838649394,30.216384844545033,31.161226272583008,3127600,0.0,0.0
2023-03-06 00:00:00-05:00,31.355757103799093,32.05049326001571,31.32796878830589,31.84670639038086,4683100,0.0,0.0
2023-03-07 00:00:00-05:00,31.84670005652369,32.30059227615709,31.670698003775534,31.754066467285156,3823100,0.0,0.0
2023-03-08 00:00:00-05:00,31.846699565144757,31.930068027368044,31.142698432234763,31.42985725402832,2870000,0.0,0.0
2023-03-09 00:00:00-05:00,31.439123119048027,31.522491592602325,30.512808316716033,30.57765007019043,3221700,0.0,0.0
2023-03-10 00:00:00-05:00,30.457224764105028,30.623961673297607,29.234488018961063,29.29932975769043,3963200,0.0,0.0
2023-03-13 00:00:00-04:00,28.789856898559393,29.827329999169073,28.558278254984494,28.60459327697754,4084600,0.0,0.0
2023-03-14 00:00:00-04:00,29.15112224570152,29.716176530787507,28.891755266927333,29.25301742553711,8759000,0.0,0.0
2023-03-15 00:00:00-04:00,28.965861182878253,28.965861182878253,28.31744018414498,28.54901885986328,7202200,0.0,0.0
2023-03-16 00:00:00-04:00,28.234072760226415,29.623544865751,28.02102079474588,29.28080940246582,7914500,0.0,0.0
2023-03-17 00:00:00-04:00,29.530914506394094,29.586494665477154,28.789863386672312,29.160388946533203,11156100,0.0,0.0
2023-03-20 00:00:00-04:00,30.170067491423513,31.42059083987858,29.697648580605573,31.151962280273438,8578500,0.0,0.0
2023-03-21 00:00:00-04:00,31.281647067082236,31.50396061074599,30.623964494462694,30.744382858276367,5179200,0.0,0.0
2023-03-22 00:00:00-04:00,30.62396498974424,30.725856637632152,29.558701680495858,29.605016708374023,3367000,0.0,0.0
2023-03-23 00:00:00-04:00,29.66986108929389,29.85512475087111,28.493442668735774,28.725021362304688,3830600,0.0,0.0
2023-03-24 00:00:00-04:00,28.39154464992158,29.18817584181871,28.252597800982677,29.169649124145508,3571000,0.0,0.0
2023-03-27 00:00:00-04:00,29.391967881222946,29.966282061974592,29.243757656073797,29.88291358947754,3991900,0.0,0.0
2023-03-28 00:00:00-04:00,29.901438996962252,30.522071716892256,29.901438996962252,30.234912872314453,2163100,0.0,0.0
2023-03-29 00:00:00-04:00,30.485013498670057,30.827748912990867,30.383118326777705,30.735118865966797,2311200,0.0,0.0
2023-03-30 00:00:00-04:00,31.003754302969615,31.170491232536186,30.772175626750506,30.985227584838867,3919200,0.0,0.0
2023-03-31 00:00:00-04:00,31.10564603285932,31.80038198439431,30.938909121802137,31.763328552246094,3529200,0.0,0.0
2023-04-03 00:00:00-04:00,31.818909670093255,31.85596310748553,31.179753776322773,31.374279022216797,2539100,0.0,0.0
2023-04-04 00:00:00-04:00,31.263125458289554,31.35575552768467,30.605442778196537,31.077861785888672,2338500,0.0,0.0
2023-04-05 00:00:00-04:00,31.031542591078534,31.911542266801302,30.911120690120217,31.874488830566406,1992300,0.0,0.0
2023-04-06 00:00:00-04:00,32.06901642914113,32.31912184170728,31.939332926390627,32.25428009033203,2270500,0.0,0.0
2023-04-10 00:00:00-04:00,32.10606544195404,32.69890624914745,31.985643548739766,32.58774948120117,1875700,0.0,0.0
2023-04-11 00:00:00-04:00,32.81006713306502,33.30101635916895,32.71743707042448,33.05091094970703,2385400,0.0,0.0
2023-04-12 00:00:00-04:00,33.19912213795023,33.6437528120858,33.01385847365779,33.12501525878906,2973100,0.0,0.0
2023-04-13 00:00:00-04:00,33.04164849134581,33.477017594854665,32.884176665419176,33.26396560668945,2896900,0.0,0.0
2023-04-14 00:00:00-04:00,32.94900955253493,33.32879839157968,32.365430373745774,32.615535736083984,3442200,0.0,0.0
2023-04-17 00:00:00-04:00,32.874915518210216,32.893438705597234,32.23575601142573,32.52291488647461,6666000,0.0,0.0
2023-04-18 00:00:00-04:00,32.559955682201156,32.62479741370339,31.818901264559603,32.10606002807617,5163500,0.0,0.0
2023-04-19 00:00:00-04:00,31.948591752614934,32.430272229668404,31.670694548825203,32.27280044555664,3597700,0.0,0.0
2023-04-20 00:00:00-04:00,32.28206442225058,32.33764457383774,31.985644014339023,32.02269744873047,2127400,0.0,0.0
2023-04-21 00:00:00-04:00,32.06901357452604,32.14312044584997,31.652171257354233,31.86522674560547,1826500,0.0,0.0
2023-04-24 00:00:00-04:00,31.84670627679942,32.4488088232066,31.568812522026047,32.4210205078125,2497400,0.0,0.0
2023-04-25 00:00:00-04:00,32.309855427244145,32.393223885658635,31.49469755981464,31.550277709960938,2199800,0.0,0.0
2023-04-26 00:00:00-04:00,31.290912327016294,31.466914397792145,30.84628165395866,30.938915252685547,3409800,0.0,0.0
2023-04-27 00:00:00-04:00,30.99448542070288,31.63364475111481,30.99448542070288,31.559537887573242,2494000,0.0,0.0
2023-04-28 00:00:00-04:00,31.379697648663797,32.04475903975574,31.379697648663797,32.00728988647461,1901000,0.378,0.0
2023-05-01 00:00:00-04:00,31.904254800605592,32.269570108818755,31.726278110677573,31.848051071166992,2398800,0.0,0.0
2023-05-02 00:00:00-04:00,31.82931469860633,31.82931469860633,30.91134194243962,31.220457077026367,3600100,0.0,0.0
2023-05-03 00:00:00-04:00,31.47336124815037,31.96981850591132,31.2110843692797,31.323488235473633,3842000,0.0,0.0
2023-05-04 00:00:00-04:00,30.92070928470888,31.182989782984745,28.588309891191194,29.393877029418945,11045700,0.0,0.0
2023-05-05 00:00:00-04:00,29.525010926220084,29.618682002128732,28.89741704024745,29.300201416015625,5937400,0.0,0.0
2023-05-08 00:00:00-04:00,29.47817731189637,29.628050333021257,29.103494759084157,29.328304290771484,5725700,0.0,0.0
2023-05-09 00:00:00-04:00,29.169066176586085,29.63741984948761,29.09412966038694,29.318939208984375,5847900,0.0,0.0
2023-05-10 00:00:00-04:00,29.59995083152258,30.246279364284447,29.35640672082061,30.115140914916992,5739300,0.0,0.0
2023-05-11 00:00:00-04:00,30.030839433343342,30.04020493476895,28.906789879753912,29.075397491455078,5276700,0.0,0.0
2023-05-12 00:00:00-04:00,29.094128916980978,30.967545347345474,28.681978981730573,30.71463394165039,7645900,0.0,0.0
2023-05-15 00:00:00-04:00,32.887796000159426,32.94399615490842,30.78956994032533,31.6419734954834,12745400,0.0,0.0
2023-05-16 00:00:00-04:00,31.93234905854181,32.11032214277643,31.267287794383826,31.389057159423828,8308300,0.0,0.0
2023-05-17 00:00:00-04:00,31.71691201993449,31.71691201993449,30.658431694659896,31.295392990112305,6236700,0.0,0.0
2023-05-18 00:00:00-04:00,30.995639662237256,31.398424021633463,30.574120731095388,31.342220306396484,3605100,0.0,0.0
2023-05-19 00:00:00-04:00,31.492100193640283,32.03539217330618,31.173619550828718,31.370330810546875,2766700,0.0,0.0
2023-05-22 00:00:00-04:00,31.45462903391071,32.0634865611072,31.192348591910456,31.876144409179688,4913900,0.0,0.0
2023-05-23 00:00:00-04:00,31.913620627796217,31.913620627796217,31.40779777745377,31.67007827758789,5510900,0.0,0.0
2023-05-24 00:00:00-04:00,31.576409271735656,32.01666294442037,31.117424593335304,31.83868980407715,3633200,0.0,0.0
2023-05-25 00:00:00-04:00,31.801208381029674,31.801208381029674,30.855132160771902,31.342220306396484,5126300,0.0,0.0
2023-05-26 00:00:00-04:00,31.36096080976996,31.791845321655273,30.83640342143901,31.791845321655273,6586600,0.0,0.0
2023-05-30 00:00:00-04:00,31.99791674775427,32.213358967817896,31.66070159521841,31.894878387451172,4478800,0.0,0.0
2023-05-31 00:00:00-04:00,31.745011698192226,31.94171938521657,30.81767341750319,31.651342391967773,16179500,0.0,0.0
2023-06-01 00:00:00-04:00,32.25083422809317,32.25083422809317,30.05893889420088,30.349319458007812,7721000,0.0,0.0
2023-06-02 00:00:00-04:00,30.124510231500093,31.248559840719427,29.6748911024634,31.19235610961914,6747200,0.0,0.0
2023-06-05 00:00:00-04:00,31.29539440412573,32.02602503999277,30.967548240148265,31.02374839782715,3632400,0.0,0.0
2023-06-06 00:00:00-04:00,31.154886770277056,31.435901850852122,30.855140686035156,30.855140686035156,3761800,0.0,0.0
2023-06-07 00:00:00-04:00,31.061210857192314,31.951083418951654,30.798933982538607,31.91361427307129,5652000,0.0,0.0
2023-06-08 00:00:00-04:00,31.997921897693463,32.044756549027014,31.42652986096155,31.80121421813965,3307300,0.0,0.0
2023-06-09 00:00:00-04:00,31.932346761438524,32.026016046770195,31.492093259220447,31.92298126220703,2145400,0.0,0.0
2023-06-12 00:00:00-04:00,31.84804796102866,32.51310928145724,31.726275012431046,32.11032485961914,3115100,0.0,0.0
2023-06-13 00:00:00-04:00,32.1009571560178,32.19462644958506,31.651338115036843,32.1758918762207,3256300,0.0,0.0
2023-06-14 00:00:00-04:00,32.36323445743537,32.55994212043715,31.81994611582267,32.166526794433594,2583800,0.0,0.0
2023-06-15 00:00:00-04:00,32.1196987473111,32.372610183107476,31.90425646643017,32.19463348388672,4066400,0.0,0.0
2023-06-16 00:00:00-04:00,32.44753546358562,32.503739179579505,31.92298174065969,31.960447311401367,11338600,0.0,0.0
2023-06-20 00:00:00-04:00,31.9323488788622,32.21336032674518,31.36095690998929,31.398426055908203,4591200,0.0,0.0
2023-06-21 00:00:00-04:00,31.239189857718003,31.96982404776762,30.85513997283177,31.735647201538086,3333400,0.0,0.0
2023-06-22 00:00:00-04:00,33.00019651752883,33.33741170465335,32.41943901373363,32.709815979003906,9328100,0.0,0.0
2023-06-23 00:00:00-04:00,32.96273468741231,33.655899789641865,32.23210400193811,32.494380950927734,10853000,0.0,0.0
2023-06-26 00:00:00-04:00,32.906530655347694,33.80576886604553,32.70045389209214,33.63716125488281,10177800,0.0,0.0
2023-06-27 00:00:00-04:00,33.9650052059188,34.564500880867506,33.38424767905966,34.27412033081055,9541700,0.0,0.0
2023-06-28 00:00:00-04:00,34.11487924301945,34.59260198233634,33.65589465234782,34.24602127075195,8213300,0.0,0.0
2023-06-29 00:00:00-04:00,34.25539030344414,34.939186296042415,34.10551725812473,34.817413330078125,4659100,0.0,0.0
2023-06-30 00:00:00-04:00,34.92044490782138,35.14525621858083,34.51766050709934,35.02348327636719,5011600,0.0,0.0
2023-07-03 00:00:00-04:00,34.86424517577737,35.332598803293976,34.770572306321284,35.23892593383789,1704900,0.0,0.0
2023-07-05 00:00:00-04:00,34.976652820052024,36.13817151385977,34.948552742810335,35.922725677490234,5700000,0.0,0.0
2023-07-06 00:00:00-04:00,35.57614698726156,35.744754606847344,35.1827315903982,35.40753936767578,3784500,0.0,0.0
2023-07-07 00:00:00-04:00,35.201471290299324,36.147544339431576,35.201471290299324,35.70729064941406,3979800,0.0,0.0
2023-07-10 00:00:00-04:00,35.68855009300712,35.782222975863895,35.276400128202695,35.43564224243164,2909600,0.0,0.0
2023-07-11 00:00:00-04:00,35.46373731002519,35.75411427271631,35.26702964370128,35.58551025390625,2921400,0.0,0.0
2023-07-12 00:00:00-04:00,35.716651516280564,36.03513215161468,35.46374010822804,35.5012092590332,3086600,0.0,0.0
2023-07-13 00:00:00-04:00,35.43563287764569,35.80094809110527,34.71436794990958,34.911075592041016,3779200,0.0,0.0
2023-07-14 00:00:00-04:00,34.836143897758824,34.836143897758824,33.96500580546549,34.142982482910156,3320800,0.0,0.0
2023-07-17 00:00:00-04:00,34.10551632197552,34.39589690261052,33.85260489495572,34.049312591552734,5771200,0.0,0.0
2023-07-18 00:00:00-04:00,34.002477909729464,34.91108523128817,34.002477909729464,34.620704650878906,4179300,0.0,0.0
2023-07-19 00:00:00-04:00,34.65816809001722,35.64170998332625,34.583229795200936,35.59487533569336,4415900,0.0,0.0
2023-07-20 00:00:00-04:00,35.93209117369003,36.44727945359289,35.77284908091737,36.25993728637695,4545400,0.0,0.0
2023-07-21 00:00:00-04:00,36.50348007837394,36.50348007837394,35.726011401035976,35.7822151184082,2665900,0.0,0.0
2023-07-24 00:00:00-04:00,35.79158684696911,35.857156075354155,35.43564062809453,35.48247528076172,5099000,0.0,0.0
2023-07-25 00:00:00-04:00,35.49184115126115,36.08196778612141,35.36070269312664,35.922725677490234,4699300,0.0,0.0
2023-07-26 00:00:00-04:00,35.96019404323457,36.50348601306414,35.913359391103896,36.063232421875,3720200,0.0,0.0
2023-07-27 00:00:00-04:00,35.93208879139984,36.24120030954567,34.90170872665348,34.95791244506836,5118000,0.0,0.0
2023-07-28 00:00:00-04:00,35.388796145503484,35.54803822432417,34.9204425551257,35.32322692871094,5868800,0.0,0.0
2023-07-31 00:00:00-04:00,35.453803560537615,35.945823669433594,35.3591822264606,35.945823669433594,6862600,0.378,0.0
2023-08-01 00:00:00-04:00,35.88905864454568,36.135066947575275,35.55789292711436,35.784976959228516,3205500,0.0,0.0
2023-08-02 00:00:00-04:00,35.49164670205893,35.56734376551842,35.11317221306538,35.35918045043945,3017200,0.0,0.0
2023-08-03 00:00:00-04:00,35.11317454138016,35.936360309196154,34.85770234941626,35.63357925415039,3156500,0.0,0.0
2023-08-04 00:00:00-04:00,35.699813287231585,36.26753048687662,35.397032224528225,35.50111389160156,4367800,0.0,0.0
2023-08-07 00:00:00-04:00,35.78497068670659,36.04044288513161,35.49164995308491,35.50111389160156,3245900,0.0,0.0
2023-08-08 00:00:00-04:00,35.36865497008631,35.72820530078935,34.2237600040439,34.80093765258789,5218100,0.0,0.0
2023-08-09 00:00:00-04:00,35.009095111202214,36.12560167647645,34.81039570791658,35.21725845336914,4057700,0.0,0.0
2023-08-10 00:00:00-04:00,35.22672412816721,35.55789345999715,34.85770986337483,34.942867279052734,2102300,0.0,0.0
2023-08-11 00:00:00-04:00,34.980710115364374,35.31187578373859,34.535998838317504,34.6873893737793,2383000,0.0,0.0
2023-08-14 00:00:00-04:00,34.46976523741929,35.05640310320273,34.04397823425589,35.00909423828125,2694800,0.0,0.0
2023-08-15 00:00:00-04:00,34.63061887760818,35.03748164554864,34.40353486399764,34.961788177490234,2973400,0.0,0.0
2023-08-16 00:00:00-04:00,35.10371901029274,35.359191263441154,34.857710697688205,35.151031494140625,2267600,0.0,0.0
2023-08-17 00:00:00-04:00,35.19834001622522,35.652511703019876,34.5738534957031,34.79147720336914,2494200,0.0,0.0
2023-08-18 00:00:00-04:00,34.687388820462395,35.04694268998688,34.39406808355623,34.48868942260742,2340600,0.0,0.0
2023-08-21 00:00:00-04:00,34.488694287878005,34.952326281610176,34.34676406399684,34.88609313964844,2579000,0.0,0.0
2023-08-22 00:00:00-04:00,34.97125244140625,35.20780042103065,34.83878615032631,34.97125244140625,1692600,0.0,0.0
2023-08-23 00:00:00-04:00,35.311876871025824,35.36864967711024,35.05640465779873,35.255104064941406,1660700,0.0,0.0
2023-08-24 00:00:00-04:00,35.34025990216666,35.70927771119829,35.00909423828125,35.00909423828125,2246700,0.0,0.0
2023-08-25 00:00:00-04:00,35.06586658535363,35.4632653768427,35.06586658535363,35.160484313964844,1842000,0.0,0.0
2023-08-28 00:00:00-04:00,35.40649791937981,35.737667238386074,35.21726243358826,35.576812744140625,2098600,0.0,0.0
2023-08-29 00:00:00-04:00,35.51057719708694,35.94582816946023,35.028020965905284,35.12263870239258,2207600,0.0,0.0
2023-08-30 00:00:00-04:00,34.9807114933987,35.69035533310074,34.88609014911063,35.43488311767578,1688900,0.0,0.0
2023-08-31 00:00:00-04:00,35.61465263094553,35.813352008405325,35.340256190014586,35.52949523925781,3908500,0.0,0.0
2023-09-01 00:00:00-04:00,35.73766607556843,36.40000108259465,35.73766607556843,36.38107681274414,3226400,0.0,0.0
2023-09-05 00:00:00-04:00,36.37161044983035,36.4851560613684,35.44434294554731,35.926902770996094,4100100,0.0,0.0
2023-09-06 00:00:00-04:00,35.80390542711102,36.22969254903074,35.63359057834313,35.974220275878906,1625500,0.0,0.0
2023-09-07 00:00:00-04:00,36.18237898715866,36.55139324190871,35.94583101776138,36.28645706176758,3315700,0.0,0.0
2023-09-08 00:00:00-04:00,36.35268779522386,37.459734095541755,36.258070057509826,37.384037017822266,3782000,0.0,0.0
2023-09-11 00:00:00-04:00,37.38403847981972,37.38403847981972,36.570316519124525,36.759552001953125,2427300,0.0,0.0
2023-09-12 00:00:00-04:00,36.769008757171264,36.986632407449335,36.58923003040281,36.608154296875,1543200,0.0,0.0
2023-09-13 00:00:00-04:00,36.60816717834881,36.75009742211448,36.418931665909284,36.674400329589844,2513500,0.0,0.0
2023-09-14 00:00:00-04:00,36.77847476827174,37.06233159034336,36.55139075438857,37.0339469909668,2130300,0.0,0.0
2023-09-15 00:00:00-04:00,37.07180228547092,37.24211713163797,36.88256316645909,36.9961051940918,3521700,0.0,0.0
2023-09-18 00:00:00-04:00,37.03394834143871,37.63005021613116,36.90148206027049,37.61112594604492,1781700,0.0,0.0
2023-09-19 00:00:00-04:00,37.648970262345934,37.96121166014961,37.052868454530675,37.08125305175781,1591300,0.0,0.0
2023-09-20 00:00:00-04:00,37.26103317219904,37.62058344850453,36.759549076197914,36.79739761352539,2080300,0.0,0.0
2023-09-21 00:00:00-04:00,36.693321785638,36.693321785638,35.77551807057423,35.85121154785156,2221700,0.0,0.0
2023-09-22 00:00:00-04:00,35.87012858165496,36.67439011380095,35.737662316071855,36.551387786865234,1743200,0.0,0.0
2023-09-25 00:00:00-04:00,36.34322464837181,37.10017731972092,36.2107583820651,37.08125305175781,1451900,0.0,0.0
2023-09-26 00:00:00-04:00,36.882554051552475,36.99609605112518,36.059368238139,36.23914337158203,2541900,0.0,0.0
2023-09-27 00:00:00-04:00,36.42838464882045,36.89202022341152,35.97421301360376,36.50408172607422,2752100,0.0,0.0
2023-09-28 00:00:00-04:00,36.579772530351285,36.67439026059363,36.11613698951965,36.220218658447266,2606100,0.0,0.0
2023-09-29 00:00:00-04:00,36.39999871983222,36.73116439713131,36.05936910350448,36.44730758666992,1731800,0.0,0.0
2023-10-02 00:00:00-04:00,36.40000169214335,36.47569516337753,35.02802278520739,35.54842758178711,3298700,0.0,0.0
2023-10-03 00:00:00-04:00,35.17941527844963,35.993140893375625,34.83878561550985,35.81336212158203,3245600,0.0,0.0
2023-10-04 00:00:00-04:00,35.85121018360287,36.08775815642626,34.640085717766524,35.4443473815918,3235100,0.0,0.0
2023-10-05 00:00:00-04:00,35.45380291754933,36.986632407449335,35.43487865107714,36.608154296875,4142300,0.0,0.0
2023-10-06 00:00:00-04:00,36.05937092146476,37.204262160059514,35.97421351308955,36.87309646606445,3731800,0.0,0.0
2023-10-09 00:00:00-04:00,36.89202074292805,37.573276400628934,36.89202074292805,37.56381607055664,2904700,0.0,0.0
2023-10-10 00:00:00-04:00,37.50704279289879,37.80982388352163,37.355652247587365,37.715206146240234,2902700,0.0,0.0
2023-10-11 00:00:00-04:00,37.84767887181832,39.058803440697005,37.8287545992501,39.04934310913086,3097200,0.0,0.0
2023-10-12 00:00:00-04:00,38.92633154164278,39.19126410060893,38.60462617314013,39.14395523071289,2969300,0.0,0.0
2023-10-13 00:00:00-04:00,39.352114782499726,39.418347915833614,38.61408637710213,38.803321838378906,2302200,0.0,0.0
2023-10-16 00:00:00-04:00,39.0114888029751,39.52243325855558,38.70870770546861,39.3048095703125,2290100,0.0,0.0
2023-10-17 00:00:00-04:00,39.05879627847566,39.75897979736328,39.01148741044812,39.75897979736328,3206100,0.0,0.0
2023-10-18 00:00:00-04:00,39.598125265802615,39.73059514932538,39.18180217446541,39.23857498168945,2447100,0.0,0.0
2023-10-19 00:00:00-04:00,39.143949980791156,39.45619497721097,38.55731213200126,38.5667724609375,2159200,0.0,0.0
2023-10-20 00:00:00-04:00,38.58570339408019,38.78440643041724,38.197764870847735,38.34915542602539,2044000,0.0,0.0
2023-10-23 00:00:00-04:00,38.02744857825885,38.68032325494549,37.94229116866648,38.4532356262207,3559900,0.0,0.0
2023-10-24 00:00:00-04:00,38.964179528568266,39.82521394242859,38.81278898138739,39.80628967285156,3373200,0.0,0.0
2023-10-25 00:00:00-04:00,39.77790780407049,40.345621492615074,39.34266040222393,39.57920837402344,3055500,0.0,0.0
2023-10-26 00:00:00-04:00,39.607589230575314,40.14691826652779,39.56028036257577,39.92929458618164,2979500,0.0,0.0
2023-10-27 00:00:00-04:00,39.86305766274221,40.03337245891163,39.26695587614925,39.4183464050293,3215800,0.0,0.0
2023-10-30 00:00:00-04:00,39.25750026542221,40.13745533880921,39.25750026542221,39.97660446166992,2435400,0.0,0.0
2023-10-31 00:00:00-04:00,40.04152756873178,40.499799279098376,39.68827714153625,40.461612701416016,2533600,0.378,0.0
2023-11-01 00:00:00-04:00,41.053547007402216,42.15149216324533,40.910335502894036,41.87461853027344,6356500,0.0,0.0
2023-11-02 00:00:00-04:00,40.82440646816975,44.16597401371007,39.84103204164272,43.087127685546875,9339700,0.0,0.0
2023-11-03 00:00:00-04:00,43.34489990108931,43.67905515034994,42.29469092537766,42.96300506591797,8358000,0.0,0.0
2023-11-06 00:00:00-05:00,43.5740419695811,44.700627936046075,43.3449079395996,43.669517517089844,9752400,0.0,0.0
2023-11-07 00:00:00-05:00,44.02276305607816,44.34737259757201,43.0107442168281,43.36399459838867,6836000,0.0,0.0
2023-11-08 00:00:00-05:00,43.14440735651985,43.70770029073596,42.99165013581816,43.61222839355469,6638200,0.0,0.0
2023-11-09 00:00:00-05:00,43.48811020505858,43.74588868715106,42.98210261540628,43.02983856201172,3557200,0.0,0.0
2023-11-10 00:00:00-05:00,43.44037745320421,43.5740395703371,43.04893683502096,43.48811340332031,4161400,0.0,0.0
2023-11-13 00:00:00-05:00,43.59313779746325,44.16597652387667,43.37354949760411,44.0036735534668,4433800,0.0,0.0
2023-11-14 00:00:00-05:00,44.662432983865834,45.19708506719491,44.11823516780738,45.1779899597168,3864600,0.0,0.0
2023-11-15 00:00:00-05:00,44.96795342297369,45.693553035936525,44.9584076889699,45.35939407348633,3541600,0.0,0.0
2023-11-16 00:00:00-05:00,45.817665560295175,46.380958511458466,45.292559183941606,45.41667556762695,3818200,0.0,0.0
2023-11-17 00:00:00-05:00,45.66490776682201,46.0754398455603,45.454865218894,45.90359115600586,3297100,0.0,0.0
2023-11-20 00:00:00-05:00,45.69354702982755,45.855849980697286,44.45239417734476,45.149349212646484,4736200,0.0,0.0
2023-11-21 00:00:00-05:00,44.96795290928604,45.1016186779511,42.8675418185408,43.153961181640625,5221200,0.0,0.0
2023-11-22 00:00:00-05:00,43.316259563251464,43.774531224067815,43.00119938982372,43.75543975830078,2967600,0.0,0.0
2023-11-24 00:00:00-05:00,43.659964032821975,43.812721252441406,43.2398825893734,43.812721252441406,1164200,0.0,0.0
2023-11-27 00:00:00-05:00,43.82227366493959,44.566964706951744,43.402188550352506,44.3569221496582,3304200,0.0,0.0
2023-11-28 00:00:00-05:00,44.137330908157935,45.10161381852273,44.137330908157935,44.66243362426758,4800100,0.0,0.0
2023-11-29 00:00:00-05:00,44.54786904985205,45.14935222978012,44.414206930316844,44.72926712036133,2005400,0.0,0.0
2023-11-30 00:00:00-05:00,44.77700549852101,45.808115851260425,44.624248274336665,45.67445373535156,4998700,0.0,0.0
2023-12-01 00:00:00-05:00,45.55988724661169,46.199556992037884,45.55033787135544,46.18046188354492,3010200,0.0,0.0
2023-12-04 00:00:00-05:00,45.779474773864806,46.34276771801945,45.43577011071695,45.90359115600586,2762800,0.0,0.0
2023-12-05 00:00:00-05:00,45.86539675169779,46.476425589492464,45.65535422294868,46.075435638427734,3773000,0.0,0.0
2023-12-06 00:00:00-05:00,46.19955422451792,46.52416376541385,45.36893708593863,45.378482818603516,3025500,0.0,0.0
2023-12-07 00:00:00-05:00,45.35939171520982,45.70309639379428,45.082521739256464,45.321205139160156,2156800,0.0,0.0
2023-12-08 00:00:00-05:00,45.19708704792887,45.66490809659619,45.19708704792887,45.64581298828125,3289600,0.0,0.0
2023-12-11 00:00:00-05:00,45.55988925172794,45.798572655365206,45.45486797140439,45.712646484375,2127600,0.0,0.0
2023-12-12 00:00:00-05:00,45.55033752793944,46.600546635017146,45.445316253029716,46.49552536010742,3459700,0.0,0.0
2023-12-13 00:00:00-05:00,46.49552653062498,46.944248841054595,46.26638886668803,46.54326248168945,3431600,0.0,0.0
2023-12-14 00:00:00-05:00,46.753301849528015,46.94424564076889,45.712642162380035,46.02770233154297,3478500,0.0,0.0
2023-12-15 00:00:00-05:00,45.970422441054495,46.88696578597037,45.827210950027855,46.55280685424805,6301700,0.0,0.0
2023-12-18 00:00:00-05:00,46.43824053616804,47.22112177682725,46.43824053616804,47.05881881713867,4394800,0.0,0.0
2023-12-19 00:00:00-05:00,47.173381084819795,47.927621407843795,47.14474024587584,47.774864196777344,3534600,0.0,0.0
2023-12-20 00:00:00-05:00,47.6125584319194,48.061284340543665,47.11609657689281,47.14474105834961,2517700,0.0,0.0
2023-12-21 00:00:00-05:00,47.38343234032632,47.860799168057135,47.28795678956824,47.822608947753906,3504000,0.0,0.0
2023-12-22 00:00:00-05:00,47.92762269190484,47.95626353161613,47.49799188613892,47.73667526245117,2251700,0.0,0.0
2023-12-26 00:00:00-05:00,47.73667433034647,48.70095354933101,47.73667433034647,48.510009765625,1786500,0.0,0.0
2023-12-27 00:00:00-05:00,48.40499302900145,48.93964150064019,48.40499302900145,48.90145492553711,1735400,0.0,0.0
2023-12-28 00:00:00-05:00,48.920547917738176,49.56976337063945,48.80597727132671,49.512481689453125,1753700,0.0,0.0
2023-12-29 00:00:00-05:00,49.369275500728065,49.798906365830256,49.17832804490267,49.3597297668457,2387700,0.0,0.0
2024-01-02 00:00:00-05:00,49.16877906613234,49.541124577308075,48.63412695350949,48.93009567260742,4995800,0.0,0.0
2024-01-03 00:00:00-05:00,49.025566941964286,49.417007556624235,48.691411652139756,49.33108139038086,3400800,0.0,0.0
2024-01-04 00:00:00-05:00,49.52203202939059,49.751169701510996,48.958739045865144,48.96828842163086,2048900,0.0,0.0
2024-01-05 00:00:00-05:00,49.063760932253665,49.502937530379256,48.97783475940129,49.388370513916016,2502500,0.0,0.0
2024-01-08 00:00:00-05:00,49.54111578138573,50.047123320371696,49.178316067876715,49.875274658203125,2855200,0.0,0.0
2024-01-09 00:00:00-05:00,49.58885740848011,49.732068892394906,49.1878710807496,49.37881851196289,3163300,0.0,0.0
2024-01-10 00:00:00-05:00,49.48384453905416,49.6652426130374,48.60548772782762,48.63412857055664,3257200,0.0,0.0
2024-01-11 00:00:00-05:00,48.57684489275802,48.57684489275802,47.95626661760419,48.22359085083008,2933800,0.0,0.0
2024-01-12 00:00:00-05:00,48.57683709548885,48.691404085336096,48.16630143634901,48.42407989501953,2655800,0.0,0.0
2024-01-16 00:00:00-05:00,48.16631114322419,48.94919240865454,47.965817960081715,48.63412857055664,3341700,0.0,0.0
2024-01-17 00:00:00-05:00,48.35725573330089,49.674785409202066,48.22358997709025,48.9109992980957,3126700,0.0,0.0
2024-01-18 00:00:00-05:00,48.739147296075444,48.87280941116676,48.1472135112341,48.653221130371094,2982700,0.0,0.0
2024-01-19 00:00:00-05:00,48.77733931591732,50.16170375144284,48.63412782044171,50.142608642578125,3050900,0.0,0.0
2024-01-22 00:00:00-05:00,50.324007676368645,50.677261734093655,49.83709513807318,50.30491256713867,2904100,0.0,0.0
2024-01-23 00:00:00-05:00,50.31446342151349,50.40993532844961,49.92302277584371,50.209442138671875,2159800,0.0,0.0
2024-01-24 00:00:00-05:00,50.50541418462675,50.514959919137524,49.483849417032474,49.6747932434082,4963600,0.0,0.0
2024-01-25 00:00:00-05:00,50.362199066809495,51.278742479059105,50.20944183143456,51.259647369384766,3403400,0.0,0.0
2024-01-26 00:00:00-05:00,51.30738374557076,51.81339137312476,51.106886927579204,51.79429626464844,2463000,0.0,0.0
2024-01-29 00:00:00-05:00,51.85157502120049,52.21437111023064,51.03050367083495,51.98523712158203,2840900,0.0,0.0
2024-01-30 00:00:00-05:00,51.92795221683977,52.16663558142684,51.269187441706336,51.58424758911133,2397300,0.0,0.0
2024-01-31 00:00:00-05:00,51.736244660193634,52.06332408522259,50.62032726945908,51.02436828613281,7182200,0.408,0.0
2024-02-01 00:00:00-05:00,51.062852983636574,52.534708673865126,50.86083062499797,52.18838882446289,2907600,0.0,0.0
2024-02-02 00:00:00-05:00,51.88054887116616,53.256206210284226,51.659289786726795,52.650146484375,2890900,0.0,0.0
2024-02-05 00:00:00-05:00,52.217246268638,52.409646587856656,51.40916786370433,51.64004898071289,3277000,0.0,0.0
2024-02-06 00:00:00-05:00,51.64004928307216,51.89016713070928,51.110951154421066,51.48612976074219,2250900,0.0,0.0
2024-02-07 00:00:00-05:00,51.601561320756105,51.79396161438866,50.30286576076454,50.97626495361328,3920300,0.0,0.0
2024-02-08 00:00:00-05:00,50.90893043368598,51.16867032402899,49.966172870439685,50.360591888427734,2834700,0.0,0.0
2024-02-09 00:00:00-05:00,50.29324944824228,50.572229722255045,50.004650809832526,50.37982940673828,1875300,0.0,0.0
2024-02-12 00:00:00-05:00,50.427925328577786,50.6010852344456,49.312007973946635,49.793006896972656,2521600,0.0,0.0
2024-02-13 00:00:00-05:00,49.59099551851034,50.350974809322246,49.3601180565745,49.94693374633789,2265300,0.0,0.0
2024-02-14 00:00:00-05:00,50.49527871330195,50.71653782204226,49.91807768770299,50.08161926269531,2055500,0.0,0.0
2024-02-15 00:00:00-05:00,50.22591489629349,50.49527683276733,49.821877496179454,50.04313659667969,2125200,0.0,0.0
2024-02-16 00:00:00-05:00,49.869975028588755,50.67805347207382,49.83149422896303,49.927696228027344,1862200,0.0,0.0
2024-02-20 00:00:00-05:00,49.59098557557049,50.31248392148974,49.46592483475332,49.735286712646484,2388200,0.0,0.0
2024-02-21 00:00:00-05:00,49.83149085389973,50.17781068761312,49.53327385132604,49.89883041381836,1994100,0.0,0.0
2024-02-22 00:00:00-05:00,50.07198895857736,50.187427676741585,49.74490953233649,49.908451080322266,2815400,0.0,0.0
2024-02-23 00:00:00-05:00,50.34136059069717,50.34136059069717,49.53328206789894,49.590999603271484,3043800,0.0,0.0
2024-02-26 00:00:00-05:00,49.63909364862285,51.05323183497703,49.619856918638654,50.76463317871094,3759900,0.0,0.0
2024-02-27 00:00:00-05:00,50.81273514220548,52.01523266766421,50.572235637113735,51.98637390136719,3572200,0.0,0.0
2024-02-28 00:00:00-05:00,51.45726793710486,53.95846094366204,50.94740656805024,52.62128448486328,4724900,0.0,0.0
2024-02-29 00:00:00-05:00,52.62128240051922,53.294681620143585,52.06332189377229,53.21772003173828,4440800,0.0,0.0
2024-03-01 00:00:00-05:00,53.660246516654,54.60300410312651,53.39088825472788,54.55490493774414,4567800,0.0,0.0
2024-03-04 00:00:00-05:00,54.29516412759127,55.805500647521825,53.833405542172784,55.49766159057617,5358800,0.0,0.0
2024-03-05 00:00:00-05:00,55.53614916582082,58.066205164145494,55.45919122706066,57.7295036315918,7916000,0.0,0.0
2024-03-06 00:00:00-05:00,58.21049091574885,59.1628704449094,57.38317580998735,59.1243896484375,4651200,0.0,0.0
2024-03-07 00:00:00-05:00,59.51881213467882,59.53805253404514,57.96999484813367,58.316314697265625,3659300,0.0,0.0
2024-03-08 00:00:00-05:00,58.345180282220724,58.662637714582594,57.748738878845565,58.42213821411133,3058700,0.0,0.0
2024-03-11 00:00:00-04:00,58.35480114850397,58.48948028738291,57.238883565281014,58.15278244018555,2574800,0.0,0.0
2024-03-12 00:00:00-04:00,58.10467830516666,59.96133466324744,57.9411367435566,59.932472229003906,2915400,0.0,0.0
2024-03-13 00:00:00-04:00,60.11525294880235,61.25040714304937,59.778551467608025,60.0671501159668,5874800,0.0,0.0
2024-03-14 00:00:00-04:00,60.21145096902831,62.03924484583259,60.02867268226715,60.981048583984375,4970000,0.0,0.0
2024-03-15 00:00:00-04:00,60.64435264057409,62.347085810559065,60.182594057389736,61.50053024291992,17146500,0.0,0.0
2024-03-18 00:00:00-04:00,62.09697292174678,63.6361682311981,61.41395156280487,62.529869079589844,6886700,0.0,0.0
2024-03-19 00:00:00-04:00,62.25088491870286,64.40575821816975,61.413947750500235,64.12678527832031,5480100,0.0,0.0
2024-03-20 00:00:00-04:00,64.0594373369778,65.3773771165633,63.80932316466122,64.58853912353516,3537900,0.0,0.0
2024-03-21 00:00:00-04:00,65.06953735991917,65.36775436025059,64.0209631720045,64.49234008789062,3171300,0.0,0.0
2024-03-22 00:00:00-04:00,64.71359945102246,65.13688090146937,64.43462650173187,64.61740112304688,2197700,0.0,0.0
2024-03-25 00:00:00-04:00,65.1753598710405,65.96419788143623,64.90600162448513,65.5409164428711,3696800,0.0,0.0
2024-03-26 00:00:00-04:00,65.46396797096784,65.8968641426896,63.357189965807166,63.376426696777344,3471900,0.0,0.0
2024-03-27 00:00:00-04:00,63.90553587831227,64.35767617237387,63.491876390071155,64.08831787109375,2595400,0.0,0.0
2024-03-28 00:00:00-04:00,63.876674479426065,65.27156877054937,63.86705244350121,65.1176528930664,2571800,0.0,0.0
2024-04-01 00:00:00-04:00,65.03106353356871,67.52264217780781,64.3576678672675,67.48416137695312,3718100,0.0,0.0
2024-04-02 00:00:00-04:00,66.85884913583759,66.91656665696763,65.32927611020358,65.99304962158203,3194800,0.0,0.0
2024-04-03 00:00:00-04:00,66.54139760463568,70.24508830906524,66.54139760463568,69.27347564697266,5367400,0.0,0.0
2024-04-04 00:00:00-04:00,69.67750412823963,70.35089968319471,67.80161126839258,68.01324462890625,4514700,0.0,0.0
2024-04-05 00:00:00-04:00,68.30185218055277,70.30280961153835,68.05173066681415,70.00458526611328,3256300,0.0,0.0
2024-04-08 00:00:00-04:00,69.55246925315993,71.03393994697369,69.38892398949754,71.00508117675781,3315500,0.0,0.0
2024-04-09 00:00:00-04:00,71.37062788771519,71.89972233895797,68.67703078142986,70.00458526611328,3186900,0.0,0.0
2024-04-10 00:00:00-04:00,69.20612681117902,71.88047962638281,68.90790249057916,70.39900207519531,5151200,0.0,0.0
2024-04-11 00:00:00-04:00,70.88002524279433,71.99593930006658,69.9565078831493,71.75543975830078,3657200,0.0,0.0
2024-04-12 00:00:00-04:00,71.49568488703736,73.21766203894205,70.74532768620483,71.1205062866211,4281600,0.0,0.0
2024-04-15 00:00:00-04:00,71.76503996510785,73.63131819014325,69.87952501194668,70.17774200439453,3903000,0.0,0.0
2024-04-16 00:00:00-04:00,70.3028078574105,72.06326576496184,69.76408404591815,71.68807983398438,3125800,0.0,0.0
2024-04-17 00:00:00-04:00,71.50530440902241,71.72655981202692,67.67654960509657,70.6298828125,4217000,0.0,0.0
2024-04-18 00:00:00-04:00,70.85116191594972,71.255199358663,67.77276357562852,67.84010314941406,4119400,0.0,0.0
2024-04-19 00:00:00-04:00,67.60921402193067,68.73474984981108,66.48367819405024,67.31099700927734,3987100,0.0,0.0
2024-04-22 00:00:00-04:00,67.83047687999812,68.85981438336611,67.38795870784067,67.71503448486328,2871600,0.0,0.0
2024-04-23 00:00:00-04:00,68.15754584337311,69.43700473856265,67.92666841564588,68.77322387695312,2800300,0.0,0.0
2024-04-24 00:00:00-04:00,69.0906981663997,70.59141274338526,68.64817995368504,69.85067749023438,3193300,0.0,0.0
2024-04-25 00:00:00-04:00,68.85017803906696,70.21621307000052,68.50385826510347,70.09115600585938,1809400,0.0,0.0
2024-04-26 00:00:00-04:00,70.22585753936353,70.41825421327536,69.0522187458985,70.04307556152344,1681800,0.0,0.0
2024-04-29 00:00:00-04:00,70.22585247525632,71.29367081922882,69.90839138067808,71.1397476196289,2151600,0.0,0.0
2024-04-30 00:00:00-04:00,70.89597680562662,71.58278370965172,70.17047561938016,70.29622650146484,2963400,0.408,0.0
2024-05-01 00:00:00-04:00,70.55740869494532,72.26958818978207,69.16444410241411,71.25389099121094,2253300,0.0,0.0
2024-05-02 00:00:00-04:00,71.87299039581247,73.27562313409608,70.82826686899402,72.67587280273438,2097900,0.0,0.0
2024-05-03 00:00:00-04:00,73.03378831332057,75.14257878764086,72.50175114174759,74.14622497558594,4253100,0.0,0.0
2024-05-06 00:00:00-04:00,75.22964315099782,75.8293935353533,73.86570457617319,75.3457260131836,4249100,0.0,0.0
2024-05-07 00:00:00-04:00,75.30704183221043,80.31783832955922,70.59612425737434,71.00240325927734,8170300,0.0,0.0
2024-05-08 00:00:00-04:00,71.66017721109314,75.59723029115847,71.45703775057049,73.34333801269531,5877400,0.0,0.0
2024-05-09 00:00:00-04:00,73.48844638566221,79.75677350098154,73.46909555137752,79.08931732177734,5891300,0.0,0.0
2024-05-10 00:00:00-04:00,80.1146897758086,81.70111869175089,79.9018748807123,80.9175796508789,5319900,0.0,0.0
2024-05-13 00:00:00-04:00,81.34320248160766,81.68177566020158,78.77977045063702,79.76644897460938,3775500,0.0,0.0
2024-05-14 00:00:00-04:00,79.22472891201843,80.5209541212321,78.77975574854898,79.39884948730469,4112800,0.0,0.0
2024-05-15 00:00:00-04:00,80.29847387674434,83.19080322473539,80.29847387674434,81.7301254272461,3448100,0.0,0.0
2024-05-16 00:00:00-04:00,82.22346756854151,82.77484817349983,80.07598288180496,80.22108459472656,3194100,0.0,0.0
2024-05-17 00:00:00-04:00,80.2404332777798,81.5463413990463,79.33114341919489,79.6116714477539,2913500,0.0,0.0
2024-05-20 00:00:00-04:00,80.0372875884451,80.57900015116279,78.02523660465519,78.81845092773438,3271200,0.0,0.0
2024-05-21 00:00:00-04:00,78.63465698397323,80.33716851940007,78.63465698397323,80.31781768798828,2508600,0.0,0.0
2024-05-22 00:00:00-04:00,79.58265121831607,79.80514152682188,77.53190563815463,78.4218521118164,3748000,0.0,0.0
2024-05-23 00:00:00-04:00,79.68906342955722,80.11469323814437,77.59962343687182,78.44120025634766,3333800,0.0,0.0
2024-05-24 00:00:00-04:00,78.79910208388073,83.63577670759189,76.84508878318051,83.19080352783203,3639500,0.0,0.0
2024-05-28 00:00:00-04:00,83.63578314636922,84.71920100235316,80.68541582687655,81.11103820800781,3167100,0.0,0.0
2024-05-29 00:00:00-04:00,80.74345304576966,81.5366674448149,79.54395972091157,80.8014907836914,2596700,0.0,0.0
2024-05-30 00:00:00-04:00,80.79181861861589,81.98164395515603,79.86317787359509,81.87523651123047,2085100,0.0,0.0
2024-05-31 00:00:00-04:00,81.91392663782995,82.05902836128442,75.13290634202443,78.35413360595703,7793300,0.0,0.0
2024-06-03 00:00:00-04:00,77.99621917602072,78.16067173660848,74.10753568426749,75.78102111816406,4984900,0.0,0.0
2024-06-04 00:00:00-04:00,75.44245898031052,77.17398961684519,73.43040767198592,75.28768920898438,4322700,0.0,0.0
2024-06-05 00:00:00-04:00,75.72297996170362,79.31179180013406,75.72297996170362,78.88616943359375,4141400,0.0,0.0
2024-06-06 00:00:00-04:00,78.71205619417697,79.95024388550928,74.66859536331823,75.28768920898438,4747600,0.0,0.0
2024-06-07 00:00:00-04:00,74.97814135319966,76.66130226389967,74.80402075001135,75.3457260131836,2966400,0.0,0.0
2024-06-10 00:00:00-04:00,75.16192589278205,77.58993878806888,74.9684618465405,77.35778045654297,3877800,0.0,0.0
2024-06-11 00:00:00-04:00,76.58390200858754,78.42183978854766,76.23566085532438,78.40249633789062,2851700,0.0,0.0
2024-06-12 00:00:00-04:00,79.03126502284725,79.7180793541524,76.35175037183369,77.677001953125,2910200,0.0,0.0
2024-06-13 00:00:00-04:00,78.35413367011085,78.38315253878946,75.22963842586293,76.78704833984375,2802500,0.0,0.0
2024-06-14 00:00:00-04:00,76.255024049192,76.39045036628627,75.47147763722575,76.07122802734375,2393100,0.0,0.0
2024-06-17 00:00:00-04:00,75.64558824876462,76.29370825801534,74.552502439428,75.98416137695312,3680300,0.0,0.0
2024-06-18 00:00:00-04:00,75.57787213094522,77.63830016538304,75.22963098090445,77.30940246582031,3623400,0.0,0.0
2024-06-20 00:00:00-04:00,77.51255098235242,79.03126663889326,76.7773816952361,78.08328247070312,2806300,0.0,0.0
2024-06-21 00:00:00-04:00,77.49321481384897,77.97688235986965,76.30338940335841,77.4061508178711,8998600,0.0,0.0
2024-06-24 00:00:00-04:00,77.16430543657351,79.95991022178015,76.84509051315888,78.89583587646484,4374900,0.0,0.0
2024-06-25 00:00:00-04:00,79.25375126719692,81.0046251323098,78.5475935196181,79.5826416015625,2952300,0.0,0.0
2024-06-26 00:00:00-04:00,79.30212837146578,79.6213433198716,76.75803253962853,76.92247772216797,3751300,0.0,0.0
2024-06-27 00:00:00-04:00,76.92247749882993,77.4254958418414,75.77135384421548,76.090576171875,2733200,0.0,0.0
2024-06-28 00:00:00-04:00,76.05188816773773,76.77738949225,75.08455306838803,75.31671142578125,6940800,0.0,0.0
2024-07-01 00:00:00-04:00,76.25502128965555,76.68064367932894,74.74597364207378,75.3070297241211,2607600,0.0,0.0
2024-07-02 00:00:00-04:00,74.9491224826984,76.10992158383343,74.79434533311735,75.3457260131836,2016300,0.0,0.0
2024-07-03 00:00:00-04:00,75.36507407932432,77.04823492821326,74.91042544435203,76.82574462890625,1289800,0.0,0.0
2024-07-05 00:00:00-04:00,77.26104121061788,77.37711667543928,74.38805537341445,74.63956451416016,2091600,0.0,0.0
2024-07-08 00:00:00-04:00,75.1232385223041,76.20664898283367,74.65891448194841,76.00350952148438,1884900,0.0,0.0
2024-07-09 00:00:00-04:00,76.0615565223906,78.23806050500953,75.66495296769646,76.67098236083984,2541600,0.0,0.0
2024-07-10 00:00:00-04:00,77.1449580556803,77.3674483293268,75.22963171184648,76.57423400878906,1726300,0.0,0.0
2024-07-11 00:00:00-04:00,76.5742436282256,77.2610506059298,76.17763272804375,77.02888488769531,2276700,0.0,0.0
2024-07-12 00:00:00-04:00,77.06756740516319,77.88013253453691,76.06153825365159,77.31907653808594,1870700,0.0,0.0
2024-07-15 00:00:00-04:00,77.0385570805831,77.0385570805831,72.21155760536759,72.92738342285156,3501800,0.0,0.0
2024-07-16 00:00:00-04:00,73.37235460137117,74.87172672839347,73.13052086347595,73.93341064453125,2484100,0.0,0.0
2024-07-17 00:00:00-04:00,72.82097454236238,72.87901227825246,69.9673393650054,70.17047882080078,4824800,0.0,0.0
2024-07-18 00:00:00-04:00,70.93468791795982,71.96973622737532,69.48368520119897,71.22488403320312,2779300,0.0,0.0
2024-07-19 00:00:00-04:00,71.59246315256819,72.90803930138172,71.2055276887677,72.46306610107422,3455900,0.0,0.0
2024-07-22 00:00:00-04:00,72.89836411950535,74.6008757375906,72.77261322994262,74.33969116210938,1704100,0.0,0.0
2024-07-23 00:00:00-04:00,74.03982315986836,74.92976960514329,73.57549910397073,74.10753631591797,3089300,0.0,0.0
2024-07-24 00:00:00-04:00,73.63354315651571,74.25263696862068,71.62148457708437,71.76658630371094,2495900,0.0,0.0
2024-07-25 00:00:00-04:00,72.0471015970581,72.55011246285511,70.17046965969494,70.70249938964844,2921300,0.0,0.0
2024-07-26 00:00:00-04:00,72.01808717994612,72.67587526950891,70.70251100082055,71.30226135253906,2006100,0.0,0.0
2024-07-29 00:00:00-04:00,71.91166846191695,72.51141871957145,71.28290672007073,71.9020004272461,1418200,0.0,0.0
2024-07-30 00:00:00-04:00,72.29861563253749,72.79195854761635,70.57676051815362,70.93467712402344,1632400,0.0,0.0
2024-07-31 00:00:00-04:00,74.59120132540211,75.90677749615091,72.19220731398366,72.71456909179688,4500200,0.0,0.0
2024-08-01 00:00:00-04:00,72.94605800083706,74.50223908743023,71.08836149526316,71.48713684082031,2337700,0.408,0.0
2024-08-02 00:00:00-04:00,70.64096517400716,71.32179955181864,67.28544922347147,68.08299255371094,4472200,0.0,0.0
2024-08-05 00:00:00-04:00,64.62047842041758,68.02462751976361,63.32689998175661,67.00337982177734,3751700,0.0,0.0
2024-08-06 00:00:00-04:00,67.54804829440214,70.51452435619015,67.47996560218685,69.24040222167969,3804900,0.0,0.0
2024-08-07 00:00:00-04:00,70.58261295237115,71.41906176695721,69.94069143214087,70.09630584716797,4235200,0.0,0.0
2024-08-08 00:00:00-04:00,71.78864610910554,76.49610232732684,70.9521973689314,75.83472442626953,4501700,0.0,0.0
2024-08-09 00:00:00-04:00,75.56239136229586,78.25652913856236,74.22990738171255,78.0911865234375,3767100,0.0,0.0
2024-08-12 00:00:00-04:00,78.16897751652388,78.42185177389278,75.84443101696712,77.68267059326172,3414200,0.0,0.0
2024-08-13 00:00:00-04:00,78.40241938476241,80.6102500194745,77.80912421895636,79.6181869506836,3057400,0.0,0.0
2024-08-14 00:00:00-04:00,79.93914789807401,80.46436035420224,78.55803036360824,80.12393951416016,2534500,0.0,0.0
2024-08-15 00:00:00-04:00,79.9585979617893,81.05764913670944,79.36530281396392,80.48381042480469,2973200,0.0,0.0
2024-08-16 00:00:00-04:00,80.42545353185814,81.55368190616923,79.53064301790452,80.51298522949219,2529000,0.0,0.0
2024-08-19 00:00:00-04:00,80.51299745770781,80.61025738778044,78.44133200737858,80.08504486083984,1564200,0.0,0.0
2024-08-20 00:00:00-04:00,80.01694997366442,80.49353617316848,79.29721769626126,79.6765365600586,1344700,0.0,0.0
2024-08-21 00:00:00-04:00,79.67653900458903,81.27162540909973,79.29722012915393,80.48381042480469,3486000,0.0,0.0
2024-08-22 00:00:00-04:00,80.58106581183047,80.93120743415169,79.4431092495144,79.60845184326172,2093200,0.0,0.0
2024-08-23 00:00:00-04:00,80.1044926861117,81.37861470011771,79.76407925723103,81.21327209472656,3005500,0.0,0.0
2024-08-26 00:00:00-04:00,81.25218046317224,83.0417867937855,80.99929872673115,81.45642852783203,3480500,0.0,0.0
2024-08-27 00:00:00-04:00,80.9214845191996,81.78711041431033,80.49353939089768,81.31053161621094,1812100,0.0,0.0
2024-08-28 00:00:00-04:00,81.30080218002544,81.69957748911264,77.75076695168481,78.07172393798828,2885300,0.0,0.0
2024-08-29 00:00:00-04:00,78.31488064160366,80.70751775295459,77.84803004947888,80.35737609863281,1883800,0.0,0.0
2024-08-30 00:00:00-04:00,80.7269740328659,82.83754494655041,80.68806857661208,82.68193054199219,2503800,0.0,0.0
2024-09-03 00:00:00-04:00,82.47766723885233,82.47766723885233,77.32281025375318,77.56596374511719,2872900,0.0,0.0
2024-09-04 00:00:00-04:00,77.47844337034871,79.12215616622089,76.80733726158356,76.96295166015625,1993900,0.0,0.0
2024-09-05 00:00:00-04:00,77.07966256760365,77.39089876317193,75.92224948699521,76.37937927246094,1526700,0.0,0.0
2024-09-06 00:00:00-04:00,76.38910088019374,77.4200692974626,74.26880216247366,74.4146957397461,3207500,0.0,0.0
2024-09-09 00:00:00-04:00,75.26087454453324,75.93198063165323,74.04510694929064,75.78608703613281,2483600,0.0,0.0
2024-09-10 00:00:00-04:00,76.15568364641358,76.30156981862747,75.26087307424895,75.8055419921875,1239200,0.0,0.0
2024-09-11 00:00:00-04:00,76.04870064471176,77.9258461987422,75.19279546746044,77.87721252441406,2340800,0.0,0.0
2024-09-12 00:00:00-04:00,77.87721130873325,78.85955363526354,77.38117603606554,77.61460876464844,1793500,0.0,0.0
2024-09-13 00:00:00-04:00,76.59335358204494,79.16105398468272,75.36785784700453,78.82064056396484,2250700,0.0,0.0
2024-09-16 00:00:00-04:00,78.67475242478169,79.77380366503573,78.07172902314883,78.56776428222656,2381700,0.0,0.0
2024-09-17 00:00:00-04:00,79.11242844842582,80.56162882060228,78.55803870042186,79.09297943115234,2140300,0.0,0.0
2024-09-18 00:00:00-04:00,79.07352579352573,81.76766346611657,79.01516390420187,79.70571899414062,2735300,0.0,0.0
2024-09-19 00:00:00-04:00,80.72696884152732,81.17437042898943,79.02489419727826,79.5890121459961,1968400,0.0,0.0
2024-09-20 00:00:00-04:00,81.21327509448045,84.77304616343487,80.21148378657607,84.7049560546875,6334000,0.0,0.0
2024-09-23 00:00:00-04:00,85.42469188097246,88.08965224061434,84.15056245807169,85.59003448486328,4285300,0.0,0.0
2024-09-24 00:00:00-04:00,86.13468698014043,86.4848285874138,84.88974234114863,85.51221466064453,2103700,0.0,0.0
2024-09-25 00:00:00-04:00,85.69702273161963,87.25320369470548,84.93838497589377,86.79607391357422,2437500,0.0,0.0
2024-09-26 00:00:00-04:00,88.62460063395059,90.61845511301215,87.48663648237286,88.0993881225586,4386100,0.0,0.0
2024-09-27 00:00:00-04:00,87.99239462331741,89.47076471990374,87.74924110989848,88.72185516357422,2077200,0.0,0.0
2024-09-30 00:00:00-04:00,88.70240060937539,89.59721119729244,87.12677055807671,88.60514068603516,2715600,0.0,0.0
2024-10-01 00:00:00-04:00,88.32308006466317,90.36557551894853,87.4380051322017,90.1126937866211,3493900,0.0,0.0
2024-10-02 00:00:00-04:00,89.48049060084804,90.90050619166763,89.35405344853714,89.95706939697266,2229200,0.0,0.0
2024-10-03 00:00:00-04:00,90.61844490361783,92.00928322511004,90.26830326880469,91.47434997558594,3029500,0.0,0.0
2024-10-04 00:00:00-04:00,91.90230554090478,93.56547478515058,91.33819499441314,92.73875427246094,2488400,0.0,0.0
2024-10-07 00:00:00-04:00,92.96246740312054,93.76001075361562,90.2877783420086,91.70779418945312,2307700,0.0,0.0
2024-10-08 00:00:00-04:00,91.89257511798132,92.22326032023963,90.61844571636203,90.99776458740234,2039500,0.0,0.0
2024-10-09 00:00:00-04:00,90.70598739820711,90.79351909993996,84.9870120970626,86.13469696044922,3062700,0.0,0.0
2024-10-10 00:00:00-04:00,85.41496504648231,86.3584018564267,85.10372884922339,85.20098876953125,1831800,0.0,0.0
2024-10-11 00:00:00-04:00,84.6563235749951,87.37963832672789,83.28493427115876,87.29210662841797,2596200,0.0,0.0
2024-10-14 00:00:00-04:00,87.78814608186904,88.57596108648717,87.01978009321718,87.61307525634766,1989000,0.0,0.0
2024-10-15 00:00:00-04:00,87.37964893697433,87.76869606887868,86.57238485730963,86.69882202148438,1925200,0.0,0.0
2024-10-16 00:00:00-04:00,87.53526683199111,89.3735068418264,87.1462197175354,88.7899398803711,2048100,0.0,0.0
2024-10-17 00:00:00-04:00,89.54857272606851,90.27803324270982,83.61562867481045,83.64480590820312,2428600,0.0,0.0
2024-10-18 00:00:00-04:00,83.68371556506857,84.76331777758958,83.15850307623757,83.96577453613281,2102800,0.0,0.0
2024-10-21 00:00:00-04:00,84.0824966430664,84.68552013292711,82.89591352372653,84.0824966430664,1713900,0.0,0.0
2024-10-22 00:00:00-04:00,83.12931659179806,83.62535179057757,81.78710457397771,82.96397399902344,1819700,0.0,0.0
2024-10-23 00:00:00-04:00,82.57493128418508,85.59003324391355,82.57493128418508,85.32743072509766,4910300,0.0,0.0
2024-10-24 00:00:00-04:00,85.66785742537994,87.10732223397721,85.02592851472589,86.83499145507812,2869700,0.0,0.0
2024-10-25 00:00:00-04:00,87.55471873321183,87.68116331633846,84.88975815513986,85.1329116821289,3079000,0.0,0.0
2024-10-28 00:00:00-04:00,85.6970178633417,86.45565557597084,85.29824257208725,86.30004119873047,2017900,0.0,0.0
2024-10-29 00:00:00-04:00,85.53168723672734,86.6404667288639,83.80043530761786,85.68730163574219,2715600,0.0,0.0
2024-10-30 00:00:00-04:00,86.4264852842143,87.50608747594377,85.22044593704543,86.0277099609375,2137500,0.0,0.0
2024-10-31 00:00:00-04:00,85.93045452666881,88.51761160279048,85.6873010008885,87.92431640625,2187500,0.0,0.0
2024-11-01 00:00:00-04:00,87.83442092487203,88.1861500083663,84.0142551668476,84.72748565673828,2685000,0.408,0.0
2024-11-04 00:00:00-05:00,83.73092774380696,86.98441843962551,83.29127006236088,86.02693939208984,3032900,0.0,0.0
2024-11-05 00:00:00-05:00,86.10508789520468,89.41719733021375,86.10508789520468,89.15340423583984,2211800,0.0,0.0
2024-11-06 00:00:00-05:00,89.4171911212006,90.86318924053047,88.75281481568656,90.26720428466797,2474000,0.0,0.0
2024-11-07 00:00:00-05:00,91.59596731500955,95.11325096908614,90.8241177359432,94.1850814819336,4031900,0.0,0.0
2024-11-08 00:00:00-05:00,97.4581091362119,100.47710863825341,92.56321856011763,93.9310531616211,4780800,0.0,0.0
2024-11-11 00:00:00-05:00,96.28568775541372,97.0770745600234,91.66436241594542,92.1137924194336,3411200,0.0,0.0
2024-11-12 00:00:00-05:00,91.3517174617781,93.5011666557096,88.2936359136457,90.53102111816406,2968700,0.0,0.0
2024-11-13 00:00:00-05:00,90.84365245834394,92.6022903661967,89.94478513218124,90.35514068603516,2726400,0.0,0.0
2024-11-14 00:00:00-05:00,90.47238852609577,92.03562487574105,89.19248992952664,89.5344467163086,2878500,0.0,0.0
2024-11-15 00:00:00-05:00,89.514904708778,90.78503091338607,89.13386610198573,90.07180786132812,1995100,0.0,0.0
2024-11-18 00:00:00-05:00,90.12066233055384,92.32873793877711,89.08501961306024,91.08792114257812,2707900,0.0,0.0
2024-11-19 00:00:00-05:00,89.88617741277791,93.03219481488098,89.55399294378518,92.68046569824219,2787400,0.0,0.0
2024-11-20 00:00:00-05:00,93.23736164791785,93.99943885673761,91.69366258415049,92.3482666015625,1856900,0.0,0.0
2024-11-21 00:00:00-05:00,92.76838266634275,95.23048617537084,92.23102418876063,94.66381072998047,2477800,0.0,0.0
2024-11-22 00:00:00-05:00,94.99600026895709,95.51382154266213,92.3678046109848,93.28620910644531,1800900,0.0,0.0
2024-11-25 00:00:00-05:00,94.33162573728144,95.28910463186824,89.41719107127273,89.7591552734375,4385200,0.0,0.0
2024-11-26 00:00:00-05:00,91.36147676398431,99.11903889586138,90.28675232020319,98.83570861816406,4662500,0.0,0.0
2024-11-27 00:00:00-05:00,98.93341521087902,99.20698063559084,95.97303479416384,96.61786651611328,2037200,0.0,0.0
2024-11-29 00:00:00-05:00,97.5948934668904,100.77022038355332,97.23339202674852,99.27537536621094,1647400,0.0,0.0
2024-12-02 00:00:00-05:00,99.53916432020722,100.14492165172244,96.84258447975581,97.11614990234375,2114700,0.0,0.0
2024-12-03 00:00:00-05:00,98.36673619979578,99.92020014351696,96.78395528667548,96.83280944824219,1731700,0.0,0.0
2024-12-04 00:00:00-05:00,98.28858045849992,100.52596557430337,97.78053142604065,98.61100006103516,2401500,0.0,0.0
2024-12-05 00:00:00-05:00,98.20065219925345,99.94952548157411,97.44833979108746,98.95295715332031,1858700,0.0,0.0
2024-12-06 00:00:00-05:00,99.01156586593173,99.61732316806923,96.40291470035434,96.97936248779297,1433500,0.0,0.0
2024-12-09 00:00:00-05:00,96.94028930692951,97.07707202380456,92.37759057692861,93.86266326904297,2370500,0.0,0.0
2024-12-10 00:00:00-05:00,93.33506939653803,93.7454175462904,91.21492983538518,91.57643127441406,2235600,0.0,0.0
2024-12-11 00:00:00-05:00,92.65114232669279,93.94081307682346,91.47870962851168,93.28620910644531,1835200,0.0,0.0
2024-12-12 00:00:00-05:00,93.06149846153106,95.54313931499705,92.95402526855469,92.95402526855469,1793500,0.0,0.0
2024-12-13 00:00:00-05:00,93.30576327719835,94.9080815476202,92.77816958511809,92.79771423339844,1432000,0.0,0.0
2024-12-16 00:00:00-05:00,92.92471500803376,94.6735881430571,91.99654557151396,92.01608276367188,1636200,0.0,0.0
2024-12-17 00:00:00-05:00,91.21493212455528,91.48849756458904,88.58673601804675,89.31950378417969,2122000,0.0,0.0
2024-12-18 00:00:00-05:00,89.65168664651029,89.90570741279213,86.74015307042427,86.76946258544922,2281200,0.0,0.0
2024-12-19 00:00:00-05:00,87.43383965535998,88.87006553637741,85.97807658219538,87.19935607910156,3260700,0.0,0.0
2024-12-20 00:00:00-05:00,85.90969165477242,89.52467625438437,85.70451757843651,88.37178802490234,6489600,0.0,0.0
2024-12-23 00:00:00-05:00,88.46948649461162,90.38445178107429,86.89647796392832,90.12065124511719,2496000,0.0,0.0
2024-12-24 00:00:00-05:00,90.63847361485024,91.488486807093,89.98386960972564,90.89250183105469,727900,0.0,0.0
2024-12-26 00:00:00-05:00,90.74595287275201,91.57642892886906,90.1890496968952,90.70687103271484,1672900,0.0,0.0
2024-12-27 00:00:00-05:00,89.99364577678237,90.42353855270733,88.62581122492003,89.83731842041016,6117900,0.0,0.0
2024-12-30 00:00:00-05:00,88.83098021549803,90.45284290177399,88.23499524804463,90.03272247314453,1751000,0.0,0.0
2024-12-31 00:00:00-05:00,90.00341819981351,90.25743897305189,87.63901538370487,88.1470718383789,3460000,0.0,0.0
2025-01-02 00:00:00-05:00,88.91892322084196,90.92181720266325,88.30339355939105,90.61894226074219,2182400,0.0,0.0
2025-01-03 00:00:00-05:00,91.77182650799227,98.34719857723609,91.30285190293911,96.23682403564453,2701200,0.0,0.0
2025-01-06 00:00:00-05:00,97.01845776959483,98.01501867794532,95.7385516356288,96.4517822265625,4259200,0.0,0.0
2025-01-07 00:00:00-05:00,96.72533226276255,97.18453452777683,92.66091068264298,94.50749206542969,3110700,0.0,0.0
2025-01-08 00:00:00-05:00,94.32186963778263,97.3213321223191,91.20516162484397,96.27591705322266,3407500,0.0,0.0
2025-01-10 00:00:00-05:00,96.6862561946888,98.22018297443525,94.45864354171673,97.10637664794922,3233100,0.0,0.0
2025-01-13 00:00:00-05:00,96.2856933453218,96.68626920586284,93.12013103490654,94.96670532226562,2513600,0.0,0.0
2025-01-14 00:00:00-05:00,96.43221762017245,98.28856378316469,95.51382058798934,97.49717712402344,2894500,0.0,0.0
2025-01-15 00:00:00-05:00,100.63344083788303,102.50932454801314,99.87136354652387,101.6788558959961,2737800,0.0,0.0
2025-01-16 00:00:00-05:00,101.88400965490386,104.19955803945996,101.30756936635699,103.56449127197266,3465100,0.0,0.0
2025-01-17 00:00:00-05:00,103.97485301928315,103.97485301928315,101.36620171356593,102.1087417602539,2664500,0.0,0.0
2025-01-21 00:00:00-05:00,104.6685270005796,110.19848370103097,104.6685270005796,108.98697662353516,5339600,0.0,0.0
2025-01-22 00:00:00-05:00,112.36749379316264,112.72898777857115,107.01340082942758,107.81455993652344,3596900,0.0,0.0
2025-01-23 00:00:00-05:00,108.0881116461826,110.56975233455786,107.04269675558457,108.00018310546875,3558700,0.0,0.0
2025-01-24 00:00:00-05:00,108.70365771107464,110.11056675426323,107.80479025219678,109.78815460205078,4289800,0.0,0.0
2025-01-27 00:00:00-05:00,102.66564366101754,103.56450360140454,92.63160692081263,95.25003051757812,5899300,0.0,0.0
2025-01-28 00:00:00-05:00,96.63741038185624,99.36329973755471,93.35461040365527,98.55237579345703,4713000,0.0,0.0
2025-01-29 00:00:00-05:00,98.5230704740418,100.48689028079043,96.99891582324562,98.25927734375,2965800,0.0,0.0
2025-01-30 00:00:00-05:00,100.43803715551427,103.5840471395951,99.89089882663572,102.58748626708984,3363000,0.0,0.0
2025-01-31 00:00:00-05:00,102.49955328581018,102.73403687142853,100.06675906391168,100.0863037109375,2897900,0.0,0.0
2025-02-03 00:00:00-05:00,97.14258311474117,102.04877418114225,97.14258311474117,100.7535400390625,2325600,0.44,0.0
2025-02-04 00:00:00-05:00,100.04705253442667,100.95960441971914,98.36913600074448,99.752685546875,1752700,0.0,0.0
2025-02-05 00:00:00-05:00,101.31285181109506,102.25483965597607,99.17375207389006,100.94979095458984,1926500,0.0,0.0
2025-02-06 00:00:00-05:00,101.26377493465169,101.99970355332286,100.13535704169166,101.37171173095703,1430400,0.0,0.0
2025-02-07 00:00:00-05:00,102.46089647357223,103.78556661647536,100.743729532632,101.07735443115234,1230500,0.0,0.0
2025-02-10 00:00:00-05:00,101.60722645633317,103.28514300964596,100.83204732007978,103.2066421508789,1710800,0.0,0.0
2025-02-11 00:00:00-05:00,102.5197726946716,102.902455002225,100.8516632260701,102.69639587402344,2597400,0.0,0.0
2025-02-12 00:00:00-05:00,100.28254107628659,102.3529542778225,99.4484901032812,100.73391723632812,2216600,0.0,0.0
2025-02-13 00:00:00-05:00,101.02827923147501,104.48224171881346,100.91052795818405,104.25655364990234,3200000,0.0,0.0
2025-02-14 00:00:00-05:00,104.24674559572671,106.72927707545298,102.1567108982356,105.58123016357422,1661800,0.0,0.0
2025-02-18 00:00:00-05:00,106.7979629149823,110.59535747320375,106.28772234101429,109.81037139892578,3661400,0.0,0.0
2025-02-19 00:00:00-05:00,109.61412360880331,110.53648995603572,108.28945347339219,110.30099487304688,2173500,0.0,0.0
2025-02-20 00:00:00-05:00,109.75149438131696,109.75149438131696,105.34573683066628,108.98612976074219,2020800,0.0,0.0
2025-02-21 00:00:00-05:00,109.15293668746173,109.41787519719962,103.39307316996377,103.97200012207031,3350400,0.0,0.0
2025-02-24 00:00:00-05:00,104.55094529811853,105.12987230968258,100.24330970074597,101.4894790649414,2894100,0.0,0.0
2025-02-25 00:00:00-05:00,99.53680531890137,102.04877271316278,96.4262745379957,100.5180435180664,3814000,0.0,0.0
2025-02-26 00:00:00-05:00,103.54025223993445,113.18582560504029,103.33419311495169,111.20372772216797,5031700,0.0,0.0
2025-02-27 00:00:00-05:00,114.01987505132266,115.05999262673026,102.88282305614558,103.13794708251953,5401900,0.0,0.0
2025-02-28 00:00:00-05:00,102.51976583075859,104.1976821791343,100.26291507750301,103.7266845703125,3814200,0.0,0.0
2025-03-03 00:00:00-05:00,104.59999428660507,104.97286960686803,97.3290228627743,98.36913299560547,4174100,0.0,0.0
2025-03-04 00:00:00-05:00,96.26928377295368,100.70447729835507,93.53162820071059,98.36913299560547,3182800,0.0,0.0
2025-03-05 00:00:00-05:00,96.81877416969364,98.15325875880671,94.8857336625407,96.85802459716797,2643000,0.0,0.0
2025-03-06 00:00:00-05:00,93.42368512803759,94.30680097697132,88.90999105001896,89.43004608154297,3415200,0.0,0.0
2025-03-07 00:00:00-05:00,89.8225553936568,91.55934390063017,83.27769769195609,86.4372787475586,4669300,0.0,0.0
2025-03-10 00:00:00-04:00,83.49356110583383,84.78880281376806,79.38217783017086,83.22863006591797,6156600,0.0,0.0
2025-03-11 00:00:00-04:00,83.12069127418543,88.56656655717205,83.12069127418543,86.95733642578125,5214300,0.0,0.0
2025-03-12 00:00:00-04:00,89.29266338884054,92.77606149356545,88.97866750934085,90.7350845336914,4921300,0.0,0.0
2025-03-13 00:00:00-04:00,90.52904314199236,90.76453822610364,87.75213709469824,89.21417999267578,3433500,0.0,0.0
2025-03-14 00:00:00-04:00,90.8430343334813,93.83580635109611,89.6655440019784,93.60031127929688,2989800,0.0,0.0
2025-03-17 00:00:00-04:00,93.80637619421805,96.08284865882864,92.66814370503965,94.32643127441406,2483900,0.0,0.0
2025-03-18 00:00:00-04:00,92.4228209056981,93.56105323189023,91.47101873162848,92.90362548828125,1796800,0.0,0.0
2025-03-19 00:00:00-04:00,93.19801309818153,97.16220907512435,93.1195122407906,96.41647338867188,2337400,0.0,0.0
2025-03-20 00:00:00-04:00,95.22917305894393,98.6046274739245,94.76798989380397,97.77057647705078,2564100,0.0,0.0
2025-03-21 00:00:00-04:00,96.21040635495157,98.84993196332654,94.76798503537786,98.77143859863281,7623100,0.0,0.0
2025-03-24 00:00:00-04:00,100.36104816362516,102.2450238285388,99.7526852328479,100.93016815185547,2612200,0.0,0.0
2025-03-25 00:00:00-04:00,100.15498216234154,101.03809803419406,98.35931447061695,100.35122680664062,2096100,0.0,0.0
2025-03-26 00:00:00-04:00,99.58586374451122,100.2432990341549,94.68948717729727,95.54316711425781,2410200,0.0,0.0
2025-03-27 00:00:00-04:00,94.0418722783596,96.10247863600524,93.25688615348622,93.96337890625,1958500,0.0,0.0
2025-03-28 00:00:00-04:00,93.80637619593762,95.1114248789559,92.69757965674941,93.41387939453125,2403200,0.0,0.0
2025-03-31 00:00:00-04:00,91.47101977153204,94.22829652409877,91.18645981518576,93.66899108886719,2976500,0.0,0.0
2025-04-01 00:00:00-04:00,93.80637572578898,96.7402760134966,93.22744874846283,96.68140411376953,2547800,0.0,0.0
2025-04-02 00:00:00-04:00,94.74836536109936,101.54834690075182,94.6502430309302,100.94979095458984,3301800,0.0,0.0
2025-04-03 00:00:00-04:00,95.18010561082488,97.64301559443119,90.64678242173231,91.02946472167969,3435700,0.0,0.0
2025-04-04 00:00:00-04:00,89.29267829979752,89.53798785556619,80.47134877050698,82.04132843017578,6877100,0.0,0.0
2025-04-07 00:00:00-04:00,78.92098836291053,89.14548856324141,78.07712291588673,85.60321807861328,4796800,0.0,0.0
2025-04-08 00:00:00-04:00,89.63612187334272,90.36223615698609,82.79688936855746,84.28837585449219,3618400,0.0,0.0
2025-04-09 00:00:00-04:00,84.3864938956226,96.7500949923816,81.56053028347185,95.56279754638672,4840800,0.0,0.0
2025-04-10 00:00:00-04:00,92.94288451923272,94.12036737762111,89.20436933190881,91.147216796875,2577000,0.0,0.0
2025-04-11 00:00:00-04:00,91.5985813590874,93.68862344524386,89.72442035364651,92.69757080078125,1634900,0.0,0.0
2025-04-14 00:00:00-04:00,95.62166224735405,95.77866395710976,93.21763158518492,94.12036895751953,1981700,0.0,0.0
2025-04-15 00:00:00-04:00,94.19887272573573,96.6519683696351,94.19887272573573,95.28804779052734,1513700,0.0,0.0
2025-04-16 00:00:00-04:00,93.69843871579887,97.24070940927598,93.59050190903058,96.2496566772461,2217500,0.0,0.0
2025-04-17 00:00:00-04:00,97.18183294158895,98.78124852430912,95.27822842397774,96.02397155761719,1945900,0.0,0.0
2025-04-21 00:00:00-04:00,94.29698914946697,94.98386037849994,89.13567414174751,91.34346008300781,1916000,0.0,0.0
2025-04-22 00:00:00-04:00,93.30593461591786,97.47619686630809,93.30593461591786,96.94633483886719,3561500,0.0,0.0
2025-04-23 00:00:00-04:00,101.25397477172011,103.6285694780739,99.07562471574546,100.12554931640625,1816600,0.0,0.0
2025-04-24 00:00:00-04:00,99.89986645085817,104.79625083657865,99.63493541037768,104.11919403076172,1699800,0.0,0.0
2025-04-25 00:00:00-04:00,104.11918122602759,107.14139654013056,104.11918122602759,106.29753112792969,1810200,0.0,0.0
2025-04-28 00:00:00-04:00,106.10127843278775,107.60257909029225,105.60085236653921,107.3082046508789,2620800,0.0,0.0
2025-04-29 00:00:00-04:00,106.46435474811226,108.03433451903638,105.1691205013181,107.47502899169922,1745300,0.0,0.0
2025-04-30 00:00:00-04:00,104.51168496106587,107.77920254576131,103.32438761261741,107.52408599853516,2328100,0.0,0.0
2025-05-01 00:00:00-04:00,109.64225620154053,113.53377002876388,109.60284753416282,112.45005798339844,3092400,0.44,0.0
2025-05-02 00:00:00-04:00,113.2973149031301,116.15437913006106,112.67664536218572,114.91303253173828,2207600,0.0,0.0
2025-05-05 00:00:00-04:00,113.81946914162012,114.98199843912865,112.3121234246036,114.50910949707031,1764400,0.0,0.0
2025-05-06 00:00:00-04:00,113.66184726214043,116.71594750215155,112.50916444008284,115.2775650024414,2891400,0.0,0.0
2025-05-07 00:00:00-04:00,114.02636762536514,118.04596151932387,113.77022256087373,116.9129867553711,2698100,0.0,0.0
2025-05-08 00:00:00-04:00,117.76024563815189,119.12966479010984,116.12482739530726,118.5582504272461,2549200,0.0,0.0
2025-05-09 00:00:00-04:00,118.46959395740198,118.94249044633432,115.70120086145278,117.56321716308594,3028100,0.0,0.0
2025-05-12 00:00:00-04:00,134.9715891297769,148.57711698643192,134.9223264191412,148.3800811767578,10257900,0.0,0.0
2025-05-13 00:00:00-04:00,147.41459463479214,156.31089595246738,145.71019805695983,154.3897705078125,8023100,0.0,0.0
2025-05-14 00:00:00-04:00,152.45878442875323,156.025182200672,150.64603092291696,151.53269958496094,6349700,0.0,0.0
2025-05-15 00:00:00-04:00,151.22727814098306,155.07939026699006,150.5770464967884,152.7247772216797,4280200,0.0,0.0
2025-05-16 00:00:00-04:00,152.665682203591,156.88231168966482,151.7592904154125,156.8428955078125,6992300,0.0,0.0
2025-05-19 00:00:00-04:00,154.45873447557693,159.38470512483727,153.84791892558687,158.8527069091797,2878800,0.0,0.0
2025-05-20 00:00:00-04:00,157.74926843228457,158.9906225717186,156.47837470648176,157.31578063964844,3482000,0.0,0.0
2025-05-21 00:00:00-04:00,156.07444080124054,156.31089278689743,152.53759774234058,153.16812133789062,3066200,0.0,0.0
2025-05-22 00:00:00-04:00,152.399676256858,153.65087696093184,150.12388031317914,152.99078369140625,2461300,0.0,0.0
2025-05-23 00:00:00-04:00,151.44405051108222,156.21238673309782,151.01056266674078,155.4833526611328,2290700,0.0,0.0
2025-05-27 00:00:00-04:00,156.92171241837025,157.4241559891261,153.60161316746954,154.58680725097656,3851600,0.0,0.0
2025-05-28 00:00:00-04:00,155.47347933249472,155.67051514695603,153.27650068715656,153.7493896484375,1625600,0.0,0.0
2025-05-29 00:00:00-04:00,155.7591814873431,156.16309961292916,150.8233497972013,152.18292236328125,3948600,0.0,0.0
2025-05-30 00:00:00-04:00,151.39478754939415,153.80851027924024,151.37507945662787,153.59176635742188,3799300,0.0,0.0
2025-06-02 00:00:00-04:00,154.22227684894477,157.37490997580778,152.3110129343353,156.14341735839844,3746000,0.0,0.0
2025-06-03 00:00:00-04:00,158.25173674189494,159.92656374393303,155.82815258555866,158.65565490722656,3914000,0.0,0.0
2025-06-04 00:00:00-04:00,158.2911193617469,158.2911193617469,154.4291606567627,154.64590454101562,3204200,0.0,0.0
2025-06-05 00:00:00-04:00,155.02029679464047,155.85770275530854,152.7346392794477,153.71983337402344,2491200,0.0,0.0
2025-06-06 00:00:00-04:00,154.28141156345657,155.60156813077478,151.98590736530898,153.6311798095703,2327700,0.0,0.0
2025-06-09 00:00:00-04:00,154.39962110379037,156.72467978937476,152.18293437090617,152.7543487548828,2166500,0.0,0.0
2025-06-10 00:00:00-04:00,152.34056993069802,153.44398252258952,145.5033204069364,146.47865295410156,3636900,0.0,0.0
2025-06-11 00:00:00-04:00,148.28156673469056,149.74951143626072,146.0550333580635,146.86289978027344,4052800,0.0,0.0
2025-06-12 00:00:00-04:00,146.03533578996348,149.86774072461816,146.03533578996348,148.7643280029297,2881000,0.0,0.0
2025-06-13 00:00:00-04:00,147.86776928925343,149.89726659861986,146.79391139765556,149.7888946533203,2258600,0.0,0.0
2025-06-16 00:00:00-04:00,151.19775464383642,153.572076266929,151.0696745876845,151.66079711914062,2536300,0.0,0.0
2025-06-17 00:00:00-04:00,151.32582263376943,152.30115519017073,147.9170443688685,149.8283233642578,2533200,0.0,0.0
2025-06-18 00:00:00-04:00,149.80860578504408,151.91692046406112,148.89238252852715,150.38002014160156,2528400,0.0,0.0
2025-06-20 00:00:00-04:00,151.48343833780373,151.8184157544261,148.95149733571913,149.67068481445312,7964200,0.0,0.0
2025-06-23 00:00:00-04:00,149.74950437788246,152.70508670113014,147.69045230057517,149.79876708984375,2423400,0.0,0.0
2025-06-24 00:00:00-04:00,151.8972296525087,152.4095348292276,149.0500191074404,151.40463256835938,2654600,0.0,0.0
2025-06-25 00:00:00-04:00,152.0647212942292,154.25185348438063,150.37018617333945,151.0499725341797,2195500,0.0,0.0
2025-06-26 00:00:00-04:00,155.38480570753347,159.81817890225875,153.9562773513623,159.1482391357422,2708600,0.0,0.0
2025-06-27 00:00:00-04:00,161.0989413731396,166.0741745208452,159.71966063112438,160.2615203857422,9663400,0.0,0.0
2025-06-30 00:00:00-04:00,161.4043496665118,162.26146371481346,157.8182437780521,158.2024688720703,2799500,0.0,0.0
2025-07-01 00:00:00-04:00,157.8872015225214,157.8872015225214,151.42433061260908,153.65087890625,3566400,0.0,0.0
2025-07-02 00:00:00-04:00,153.23709106445312,155.19763282951396,151.71989869199584,153.23709106445312,2754700,0.0,0.0
2025-07-03 00:00:00-04:00,153.828204654302,156.42911645131457,153.34545413823423,156.04489135742188,2106100,0.0,0.0
2025-07-07 00:00:00-04:00,156.08429401457994,158.2517330604218,155.29615076103994,156.3404541015625,1929200,0.0,0.0
2025-07-08 00:00:00-04:00,156.1532685148358,156.1532685148358,147.3751852699302,149.0303192138672,3066800,0.0,0.0
2025-07-09 00:00:00-04:00,150.62632394673236,150.62632394673236,147.8086682456242,148.0451202392578,1916100,0.0,0.0
2025-07-10 00:00:00-04:00,148.15350197353888,150.42929806838995,146.93185580839983,149.11898803710938,2101900,0.0,0.0
2025-07-11 00:00:00-04:00,148.38992640543384,149.87757907610512,147.89732936913072,148.44903564453125,1973800,0.0,0.0
2025-07-14 00:00:00-04:00,148.35053631208123,149.11898654334956,146.18311219740465,148.82342529296875,1703900,0.0,0.0
2025-07-15 00:00:00-04:00,149.6115691711191,150.39972741841345,142.8531373806245,144.70530700683594,2887800,0.0,0.0
2025-07-16 00:00:00-04:00,144.76441596979123,145.59197536308844,141.2768206178173,142.81373596191406,2546800,0.0,0.0
2025-07-17 00:00:00-04:00,143.90730467083705,145.83827662493647,142.9122490415202,145.19790649414062,2263000,0.0,0.0
2025-07-18 00:00:00-04:00,147.552524241203,152.23219620589555,147.43429072711254,149.50320434570312,3408400,0.0,0.0
2025-07-21 00:00:00-04:00,149.6509831783678,152.91198839468072,145.8579947761847,150.05491638183594,2730700,0.0,0.0
2025-07-22 00:00:00-04:00,150.23224451613487,152.13366179685832,145.36538355506738,151.68048095703125,2843100,0.0,0.0
2025-07-23 00:00:00-04:00,157.63105284692125,163.22694800720998,155.85770049581964,158.17291259765625,5434500,0.0,0.0
2025-07-24 00:00:00-04:00,158.62608677918743,159.02017341443775,155.26658653177796,155.631103515625,2849700,0.0,0.0
2025-07-25 00:00:00-04:00,156.08429900383348,156.52764838920766,153.52280328221204,154.27154541015625,2026200,0.0,0.0
2025-07-28 00:00:00-04:00,155.67052103662348,157.286238828926,154.84296156485456,156.1926727294922,2071500,0.0,0.0
2025-07-29 00:00:00-04:00,157.19755246988007,157.97586414945005,154.55723976170702,157.50296020507812,1979500,0.0,0.0
2025-07-30 00:00:00-04:00,159.20736540448843,164.52740729179433,158.6162429579574,164.12347412109375,3887600,0.0,0.0
2025-07-31 00:00:00-04:00,164.81312065159767,166.73426124606127,163.04962975989582,164.72445678710938,3265800,0.0,0.0
2025-08-01 00:00:00-04:00,160.19048732363035,166.32469225061726,158.42234340028318,165.58384704589844,2560600,0.44,0.0
2025-08-04 00:00:00-04:00,167.4211398399759,172.32058757194977,166.8877228644375,171.7871856689453,3195500,0.0,0.0
2025-08-05 00:00:00-04:00,172.85399027699918,173.81215117938652,165.41590641549976,169.86097717285156,4432500,0.0,0.0
2025-08-06 00:00:00-04:00,164.04287080813313,164.04287080813313,143.23005490534743,146.74659729003906,9533000,0.0,0.0
2025-08-07 00:00:00-04:00,149.2457263257295,153.10800278765188,148.17890746534374,151.3497314453125,4884200,0.0,0.0
2025-08-08 00:00:00-04:00,151.55717531278478,153.16728381554105,149.6507407675269,150.67803955078125,2574100,0.0,0.0
2025-08-11 00:00:00-04:00,150.144638025549,153.009233643075,149.52232318946866,150.1742706298828,2779300,0.0,0.0
2025-08-12 00:00:00-04:00,150.14463489338033,155.08360314645205,149.73963587922006,154.7773895263672,2409900,0.0,0.0
2025-08-13 00:00:00-04:00,155.1823742127647,157.03941585513795,150.05572322780688,153.10800170898438,2514300,0.0,0.0
2025-08-14 00:00:00-04:00,150.73731903740472,154.55020318036108,150.0458514151179,151.9029083251953,2210900,0.0,0.0
2025-08-15 00:00:00-04:00,153.19688745914695,153.49322851816285,146.47988876909355,146.8058624267578,2789200,0.0,0.0
2025-08-18 00:00:00-04:00,147.07258515323633,149.03829979860242,146.0057662808166,148.60366821289062,2093700,0.0,0.0
2025-08-19 00:00:00-04:00,147.694885847979,148.28755289445823,145.25503473834854,146.5688018798828,2190800,0.0,0.0
2025-08-20 00:00:00-04:00,145.47235057803132,146.96391331244226,141.79775761253072,146.38111877441406,2459300,0.0,0.0
2025-08-21 00:00:00-04:00,146.7367417367409,148.32709002959714,142.93373036218298,144.1092071533203,1889200,0.0,0.0
2025-08-22 00:00:00-04:00,145.07725657376548,146.62809992483005,142.61765989569412,143.31898498535156,1900400,0.0,0.0
2025-08-25 00:00:00-04:00,143.96104491040174,145.0970015231263,142.51885962027987,143.0028839111328,2051300,0.0,0.0
2025-08-26 00:00:00-04:00,143.23007119968437,144.78091437783524,142.06448199301366,144.44505310058594,2123400,0.0,0.0
2025-08-27 00:00:00-04:00,144.9488363011995,147.4084326850283,144.58334242489136,146.31198120117188,1951300,0.0,0.0
2025-08-28 00:00:00-04:00,146.12429778001447,149.36427460523043,145.6600486618409,146.84539794921875,1752100,0.0,0.0
2025-08-29 00:00:00-04:00,146.36137553499185,146.74661443512107,142.2027729300757,143.78323364257812,1560800,0.0,0.0
2025-09-02 00:00:00-04:00,140.53341461275355,143.4671631220326,139.05172405544232,143.3387451171875,2499300,0.0,0.0
2025-09-03 00:00:00-04:00,143.1213979282832,146.40087954451596,142.42994550092462,145.1167449951172,1457700,0.0,0.0
2025-09-04 00:00:00-04:00,146.2131957474576,146.8058627944414,144.38577177272632,146.14404296875,1305000,0.0,0.0
2025-09-05 00:00:00-04:00,147.13183668636916,148.4159712323368,141.12605048437004,145.8575897216797,1672700,0.0,0.0
2025-09-08 00:00:00-04:00,146.91453610813656,147.8134318905342,143.022626960203,145.9563751220703,2334000,0.0,0.0
2025-09-09 00:00:00-04:00,146.687345085855,150.55949406998968,146.01565269334202,150.4014434814453,1755800,0.0,0.0
2025-09-10 00:00:00-04:00,153.05860556969532,160.27937391478903,153.0191004601232,159.24220275878906,3506700,0.0,0.0
2025-09-11 00:00:00-04:00,159.4891373476191,159.81509592286065,155.824417009801,155.99234008789062,2303200,0.0,0.0
2025-09-12 00:00:00-04:00,155.77505029961443,163.7959447145096,155.10335787524514,162.82789611816406,2278800,0.0,0.0
2025-09-15 00:00:00-04:00,163.09460388311837,166.95688052351522,163.09460388311837,164.05276489257812,2357700,0.0,0.0
2025-09-16 00:00:00-04:00,164.58616801755696,165.19861031082038,160.26951472461053,162.21546936035156,2536200,0.0,0.0
2025-09-17 00:00:00-04:00,163.3613133482643,165.04055948415402,160.32877970655508,162.57107543945312,2373100,0.0,0.0
2025-09-18 00:00:00-04:00,165.04054422198473,165.53444098525168,159.89413331682866,162.18582153320312,2421700,0.0,0.0
2025-09-19 00:00:00-04:00,163.02545219149627,163.75642489541605,159.91390832173556,162.353759765625,4195800,0.0,0.0
2025-09-22 00:00:00-04:00,162.93653552426605,169.93998785253808,161.50423795749816,168.883056640625,2580000,0.0,0.0
2025-09-23 00:00:00-04:00,169.07075724833123,169.47575624426645,163.1637406312496,165.3862762451172,2527300,0.0,0.0
2025-09-24 00:00:00-04:00,165.66287362914898,167.0852837723225,163.4798431103822,163.55886840820312,2133700,0.0,0.0
2025-09-25 00:00:00-04:00,158.9952533919736,162.94642751622953,155.97259252598997,160.97084045410156,2226400,0.0,0.0
2025-09-26 00:00:00-04:00,161.78084990455756,167.38163833761507,160.91158663112566,166.51239013671875,2443300,0.0,0.0
2025-09-29 00:00:00-04:00,167.24331883270128,168.02368415586068,162.65008498346734,163.32177734375,2686400,0.0,0.0
2025-09-30 00:00:00-04:00,163.38104446726248,163.8058035245287,159.084151638601,159.97315979003906,2449000,0.0,0.0
2025-10-01 00:00:00-04:00,159.70645142000183,163.43043726530286,158.61001506636026,159.93365478515625,3232900,0.0,0.0
2025-10-02 00:00:00-04:00,160.9807254063421,166.52224814684564,160.49670111259604,165.25787353515625,2642400,0.0,0.0
2025-10-03 00:00:00-04:00,166.1764995238203,170.10792858267564,163.80580110662348,164.25030517578125,2270000,0.0,0.0
2025-10-06 00:00:00-04:00,166.90748917909397,167.89528279910516,161.1091454528393,161.94876098632812,2408300,0.0,0.0
2025-10-07 00:00:00-04:00,162.31424038284362,163.7761705896222,160.09170493625732,160.62510681152344,2648500,0.0,0.0
2025-10-08 00:00:00-04:00,162.5809461037354,167.2630932254442,161.5042546898778,165.47518920898438,2587400,0.0,0.0
2025-10-09 00:00:00-04:00,166.15678394664448,167.91505551665887,164.88252164040418,166.1962890625,1973600,0.0,0.0
2025-10-10 00:00:00-04:00,165.6727335440127,166.76918497505267,158.42233258616153,158.47171020507812,1846200,0.0,0.0
2025-10-13 00:00:00-04:00,162.18581906962405,166.7197876701363,162.15618647008077,166.7099151611328,1965000,0.0,0.0
2025-10-14 00:00:00-04:00,163.54898060882329,166.91734506240974,161.09924182299116,163.58848571777344,1680700,0.0,0.0
2025-10-15 00:00:00-04:00,166.13699172243753,171.24388232551198,165.81101805766264,169.23866271972656,2111100,0.0,0.0
2025-10-16 00:00:00-04:00,170.97717450770327,171.87607021647312,163.71690127483743,167.85574340820312,2181600,0.0,0.0
2025-10-17 00:00:00-04:00,166.60125730313234,170.2955953905226,163.85519254636938,166.68028259277344,2091700,0.0,0.0
2025-10-20 00:00:00-04:00,169.7128173617246,170.78950877692756,164.2799525182736,164.97140502929688,1768500,0.0,0.0
2025-10-21 00:00:00-04:00,164.48738252355875,165.86041492475013,158.2346476818283,161.5931396484375,2071000,0.0,0.0
2025-10-22 00:00:00-04:00,162.0179161403233,163.3514285032896,156.3776078557847,158.46185302734375,2916100,0.0,0.0
2025-10-23 00:00:00-04:00,159.68670526723136,161.97837841323053,158.35317797614178,161.81045532226562,2225900,0.0,0.0
2025-10-24 00:00:00-04:00,165.40603459702874,168.48796086515154,165.0405557898051,168.280517578125,1595800,0.0,0.0
2025-10-27 00:00:00-04:00,170.17706279411675,171.234009072814,167.737211645896,170.4832763671875,1602400,0.0,0.0
2025-10-28 00:00:00-04:00,171.38218727982576,171.77729868546308,163.81568478885296,170.65121459960938,2472200,0.0,0.0
2025-10-29 00:00:00-04:00,171.55999435175534,178.3362594116114,168.4188177712491,176.3211669921875,2483100,0.0,0.0
2025-10-30 00:00:00-04:00,174.27641507530657,177.8818707063231,170.75987232212123,171.02658081054688,1769200,0.0,0.0
2025-10-31 00:00:00-04:00,173.1503318111505,174.81970539035694,168.2805166458053,169.76220703125,1567500,0.0,0.0
2025-11-03 00:00:00-05:00,171.90131246884923,175.05055148740954,169.5146159127877,172.7926025390625,1593300,0.44,0.0
2025-11-04 00:00:00-05:00,169.99989285946037,170.356411931367,165.2859167852256,166.36538696289062,1835500,0.0,0.0
2025-11-05 00:00:00-05:00,166.07816423149103,173.57496174194782,165.8404949513253,171.51507568359375,3047200,0.0,0.0
2025-11-06 00:00:00-05:00,167.63298123423664,175.37734556381992,163.35475302821098,168.4549560546875,3293200,0.0,0.0
2025-11-07 00:00:00-05:00,163.38446350868224,170.8317413330078,160.43328751273776,170.8317413330078,2530600,0.0,0.0
2025-11-10 00:00:00-05:00,173.95129747819348,175.02085470175652,162.5130086523581,165.107666015625,2225200,0.0,0.0
2025-11-11 00:00:00-05:00,162.87942371844204,165.53349837862964,159.20529621153366,161.2651824951172,2015600,0.0,0.0
2025-11-12 00:00:00-05:00,162.46346898973943,167.82115229265395,161.3245816184497,167.20713806152344,2048500,0.0,0.0
2025-11-13 00:00:00-05:00,166.11780180265313,167.59338242943377,163.3448774151093,164.5431671142578,2725300,0.0,0.0
2025-11-14 00:00:00-05:00,159.6905542517882,169.5443249647705,158.51206030184002,163.5924530029297,2085800,0.0,0.0
2025-11-17 00:00:00-05:00,163.5924388529885,167.6131719029993,160.66105856249837,161.631591796875,1492300,0.0,0.0
2025-11-18 00:00:00-05:00,159.7994996467983,167.06851140787663,159.58162604208172,164.84027099609375,2451600,0.0,0.0
2025-11-19 00:00:00-05:00,164.68180599392718,171.84189568456608,164.65209733224168,167.16754150390625,2295900,0.0,0.0
2025-11-20 00:00:00-05:00,172.2677320956109,173.0401875316797,158.7992663270302,158.908203125,2071200,0.0,0.0
2025-11-21 00:00:00-05:00,158.9775092237724,159.83909059684314,153.88721889429036,157.66036987304688,2119300,0.0,0.0
2025-11-24 00:00:00-05:00,158.7893527734289,166.34556809506782,157.4127960285191,165.2364044189453,2531800,0.0,0.0
2025-11-25 00:00:00-05:00,165.57310101764932,166.70207542608304,159.4429623456935,162.2257843017578,1628800,0.0,0.0
2025-11-26 00:00:00-05:00,164.2757856815639,168.26681049635354,164.00839261012507,166.91004943847656,1340400,0.0,0.0
2025-11-28 00:00:00-05:00,168.35593822913967,170.1088248759617,166.7813186688663,167.8508758544922,944900,0.0,0.0
2025-12-01 00:00:00-05:00,165.92962832530614,165.94943913660967,162.17627292241573,164.0579071044922,1276000,0.0,0.0
2025-12-02 00:00:00-05:00,165.325536306619,166.45451083475223,161.185952962649,162.49319458007812,1444700,0.0,0.0
2025-12-03 00:00:00-05:00,162.17628065845054,165.3849522377132,158.6705224515709,165.1571807861328,1291300,0.0,0.0
2025-12-04 00:00:00-05:00,164.53326156264694,168.544097086256,164.39461610532024,167.7221221923828,1366000,0.0,0.0
2025-12-05 00:00:00-05:00,167.23685625457188,168.60351513353595,161.2156540182479,161.4236297607422,1864800,0.0,0.0
2025-12-08 00:00:00-05:00,162.60211631469255,165.5631902695038,160.64126918146474,162.52288818359375,1639400,0.0,0.0
2025-12-09 00:00:00-05:00,163.81033753109133,169.91076831969207,162.72096949340454,165.1373748779297,1822400,0.0,0.0
2025-12-10 00:00:00-05:00,165.81078609383232,168.41535633886724,161.67121790559332,166.5337371826172,1635900,0.0,0.0
2025-12-11 00:00:00-05:00,163.42410174718043,169.18780887869994,162.6813549702017,168.98974609375,1558900,0.0,0.0
2025-12-12 00:00:00-05:00,170.33657916555296,170.73270470051952,159.0270243854656,159.8787078857422,2018000,0.0,0.0
2025-12-15 00:00:00-05:00,160.32435272057748,161.48303577590903,157.72969571348742,158.44273376464844,1674700,0.0,0.0
2025-12-16 00:00:00-05:00,158.07630787670078,160.7006887557851,155.92729579087634,158.60118103027344,1535100,0.0,0.0
2025-12-17 00:00:00-05:00,158.98741462278275,159.52220075721542,146.54888451801182,148.0343780517578,4748200,0.0,0.0
2025-12-18 00:00:00-05:00,152.79786425760142,156.67996747675275,150.61914334443603,153.1444854736328,2218200,0.0,0.0
2025-12-19 00:00:00-05:00,153.36235481096594,156.05605099236612,153.20389853883137,154.68939208984375,3893900,0.0,0.0
2025-12-22 00:00:00-05:00,156.57102157926894,156.57102157926894,152.86718566421294,155.44204711914062,1267500,0.0,0.0
2025-12-23 00:00:00-05:00,155.41230614637135,158.1654343751532,155.13501526483415,156.58090209960938,1297900,0.0,0.0
2025-12-24 00:00:00-05:00,156.34323005339917,159.5816100246246,155.42223136235773,159.00721740722656,553400,0.0,0.0
2025-12-26 00:00:00-05:00,158.55167182086922,159.9579371243401,156.85820265801826,159.32412719726562,1099500,0.0,0.0
2025-12-29 00:00:00-05:00,159.05674488655063,162.47337699146684,158.79926478077545,159.4033660888672,1377600,0.0,0.0
2025-12-30 00:00:00-05:00,159.88861884548552,160.4333028341421,158.01689758353606,158.87847900390625,719800,0.0,0.0
2025-12-31 00:00:00-05:00,159.28451429706521,159.64103334501416,157.65047747551176,157.6999969482422,776600,0.0,0.0
2026-01-02 00:00:00-05:00,160.01737627867843,165.04824987246755,159.40337707807396,164.55308532714844,1328700,0.0,0.0
2026-01-05 00:00:00-05:00,166.86054696322955,168.59362279957344,157.46231884495901,160.0272674560547,1700600,0.0,0.0
2026-01-06 00:00:00-05:00,159.65093368319353,159.65093368319353,154.32295919656215,158.08621215820312,2038600,0.0,0.0
2026-01-07 00:00:00-05:00,155.98671470736122,156.35314671148217,146.76675417313893,147.4698944091797,2619900,0.0,0.0
2026-01-08 00:00:00-05:00,146.6281112161182,147.54912505584952,140.59701115491097,142.1419219970703,2549700,0.0,0.0
2026-01-09 00:00:00-05:00,149.18316192797238,150.3220342485414,146.19236407728764,147.826416015625,2505600,0.0,0.0
2026-01-12 00:00:00-05:00,145.14260503040825,148.2918588740867,144.58802324943852,147.4500732421875,2024300,0.0,0.0
2026-01-13 00:00:00-05:00,147.8264100875826,150.87662513893966,146.95491575541743,149.13363647460938,1715100,0.0,0.0
2026-01-14 00:00:00-05:00,147.8165019175929,149.1633499694917,146.08342615800655,148.38099670410156,1775500,0.0,0.0
2026-01-15 00:00:00-05:00,150.55971793407628,157.7098945834283,149.9358058232103,156.96714782714844,2336900,0.0,0.0
2026-01-16 00:00:00-05:00,152.26308510129056,155.26378078902314,147.43027470280995,150.57952880859375,3462600,0.0,0.0
2026-01-20 00:00:00-05:00,145.17232388525846,151.11429786078006,144.11267971745883,147.4698944091797,1908400,0.0,0.0
2026-01-21 00:00:00-05:00,149.79715568176303,150.45077643354128,145.8160440726867,149.22276306152344,1702900,0.0,0.0
2026-01-22 00:00:00-05:00,151.34209485857176,152.07492869496596,148.11361243779584,149.62881469726562,1713400,0.0,0.0
2026-01-23 00:00:00-05:00,149.51987036880024,150.76769459817467,145.48923913787027,147.8561248779297,2296400,0.0,0.0
2026-01-26 00:00:00-05:00,148.75733227963366,149.86649597281152,147.5491296376126,148.4800262451172,1834100,0.0,0.0
2026-01-27 00:00:00-05:00,147.87593262847773,154.9072594187176,147.87593262847773,154.5309295654297,1539100,0.0,0.0
2026-01-28 00:00:00-05:00,155.48166087555404,155.97682540063542,151.520344674903,153.6099395751953,1608000,0.0,0.0
2026-01-29 00:00:00-05:00,153.88723088325128,155.6797240507105,149.71793892275414,152.23338317871094,1625000,0.0,0.0
2026-01-30 00:00:00-05:00,151.62928438612516,155.46185304824863,149.41094183112884,151.1539306640625,1720200,0.0,0.0
2026-02-02 00:00:00-05:00,151.1092139421347,152.31125958452182,147.6024403005866,148.1289520263672,1886500,0.475,0.0
2026-02-03 00:00:00-05:00,150.61249958861526,153.54308736227696,146.74809401434908,151.17874145507812,2038900,0.0,0.0
2026-02-04 00:00:00-05:00,150.91053823500522,152.46027206120087,139.56567595620734,143.0426483154297,3453300,0.0,0.0
2026-02-05 00:00:00-05:00,141.4432408886416,146.48981974847524,140.8769838265343,143.48968505859375,2441000,0.0,0.0
2026-02-06 00:00:00-05:00,147.97994932085416,152.5596192049951,147.0361875598822,152.31126403808594,2064000,0.0,0.0
2026-02-09 00:00:00-05:00,153.1556600461511,157.30816625242164,151.7847346961848,154.69546508789062,1744300,0.0,0.0
2026-02-10 00:00:00-05:00,155.98691706626045,157.64592775784126,152.99671116316756,155.40078735351562,1749800,0.0,0.0
2026-02-11 00:00:00-05:00,157.4074859148899,159.90098124110256,155.58952445705498,159.57315063476562,1665600,0.0,0.0
2026-02-12 00:00:00-05:00,161.14276446377113,165.15617707456576,157.41743716133732,160.73545837402344,2535100,0.0,0.0
2026-02-13 00:00:00-05:00,160.6261817920261,171.54386465815767,160.4771596046206,171.21604919433594,3348900,0.0,0.0
2026-02-17 00:00:00-05:00,171.98097674208455,176.54078901056408,169.7358515475379,172.30880737304688,2414500,0.0,0.0
2026-02-18 00:00:00-05:00,173.35189380788947,175.2791321873147,169.42788548976242,169.9345245361328,1518100,0.0,0.0
2026-02-19 00:00:00-05:00,169.35834160904855,174.12676357606506,168.5437445899608,173.85853576660156,1623300,0.0,0.0
2026-02-20 00:00:00-05:00,173.98768601535554,178.92498768771546,172.85518711987152,178.0010986328125,2185100,0.0,0.0
2026-02-23 00:00:00-05:00,176.37189017875056,180.84228296808254,173.95788534854123,175.35861206054688,2195500,0.0,0.0
2026-02-24 00:00:00-05:00,172.12999801165412,183.6238668989985,162.68255805272284,182.81919860839844,3754100,0.0,0.0
2026-02-25 00:00:00-05:00,185.33254040423927,188.7101794607931,179.6998475521289,182.382080078125,2648900,0.0,0.0
2026-02-26 00:00:00-05:00,181.79596287471082,182.471481580948,172.4379429982003,180.14688110351562,2365400,0.0,0.0
2026-02-27 00:00:00-05:00,178.79584038237033,179.89853788578174,173.06381427287835,177.78256225585938,2614100,0.0,0.0
2026-03-02 00:00:00-05:00,174.5340663002083,180.38531298297806,172.89491322774768,174.42478942871094,1770900,0.0,0.0
2026-03-03 00:00:00-05:00,161.7785546781284,162.9805851444398,156.9604585884782,160.99374389648438,11470300,0.0,0.0
2026-03-04 00:00:00-05:00,161.0036901240364,165.33498955493,160.8347952761383,162.46400451660156,9059900,0.0,0.0
2026-03-05 00:00:00-05:00,160.93414272301953,164.07335556476752,156.9902615929998,159.40428161621094,4079100,0.0,0.0
2026-03-06 00:00:00-05:00,157.74526401954944,158.38105265208955,153.20533936806694,153.3046875,4553600,0.0,0.0
2026-03-09 00:00:00-04:00,149.68861124000327,154.57625401328366,148.01967188006998,154.39743041992188,3177600,0.0,0.0
2026-03-10 00:00:00-04:00,154.97362506159084,158.3214478805037,153.9802043881191,154.12921142578125,2847100,0.0,0.0
2026-03-11 00:00:00-04:00,153.1953880377713,153.4834733244797,146.55933095276848,147.652099609375,3372200,0.0,0.0
2026-03-12 00:00:00-04:00,145.63547529267234,151.4966511423626,145.2877719971838,151.0992889404297,2596700,0.0,0.0
2026-03-13 00:00:00-04:00,153.51329397618312,153.74177648452377,150.26480416095558,151.8642120361328,1775200,0.0,0.0
2026-03-16 00:00:00-04:00,154.97362104744263,156.5233548325737,150.68203657317562,151.47677612304688,2224300,0.0,0.0
2026-03-17 00:00:00-04:00,152.80796813385888,154.78486548037972,151.61585125464325,153.73184204101562,1829300,0.0,0.0
2026-03-18 00:00:00-04:00,157.02006144080667,161.35137596879514,155.9670380044638,158.0631561279297,3329800,0.0,0.0
2026-03-19 00:00:00-04:00,155.5994685316472,161.90768004807742,153.7815070718548,160.33807373046875,1917100,0.0,0.0
2026-03-20 00:00:00-04:00,160.4473412363683,161.43083299904586,143.64861191973935,144.84071350097656,4161700,0.0,0.0
2026-03-23 00:00:00-04:00,147.0262538231173,153.68216903883598,146.01296053214764,150.77145385742188,1844900,0.0,0.0
2026-03-24 00:00:00-04:00,149.95684229632266,154.03980172543484,149.43033057077744,150.1356658935547,1776700,0.0,0.0
2026-03-25 00:00:00-04:00,151.63572850448304,153.80139341948527,149.3707306188013,150.04624938964844,1961100,0.0,0.0
2026-03-26 00:00:00-04:00,147.93026128957084,149.5594704243441,143.43006730271554,145.17848205566406,2419600,0.0,0.0
2026-03-27 00:00:00-04:00,145.32748765008955,149.56939770307687,145.04933110481772,146.76795959472656,1801200,0.0,0.0
2026-03-30 00:00:00-04:00,149.49988158348341,150.2648045827703,138.9696164534727,140.30079650878906,2471200,0.0,0.0
2026-03-31 00:00:00-04:00,141.15512569990474,145.9235474860493,140.5690111993498,145.17848205566406,3052500,0.0,0.0
2026-04-01 00:00:00-04:00,146.95670226827698,149.88730516870862,145.4169124630412,148.9137420654297,1829200,0.0,0.0
2026-04-02 00:00:00-04:00,144.89040100106587,151.79467115976777,144.89040100106587,151.68539428710938,3183300,0.0,0.0
2026-04-06 00:00:00-04:00,151.44696584762403,152.7980184557693,148.77466203634884,148.8144073486328,2126600,0.0,0.0
2026-04-07 00:00:00-04:00,148.208430166911,152.26158826439294,148.208430166911,152.05296325683594,1856400,0.0,0.0
2026-04-08 00:00:00-04:00,159.4042817501503,160.03012644244535,156.32467171851687,159.24533081054688,2312700,0.0,0.0
2026-04-09 00:00:00-04:00,159.62282265307846,165.96085124628272,159.62282265307846,160.71559143066406,2133100,0.0,0.0
2026-04-10 00:00:00-04:00,161.1129448154482,165.79196248742886,160.9341363843842,162.9905242919922,2052800,0.0,0.0
2026-04-13 00:00:00-04:00,160.91425543058105,169.3086559935013,159.83143067591965,169.1199188232422,2682500,0.0,0.0
2026-04-14 00:00:00-04:00,170.9080707113568,174.36518525994012,168.22583816451436,169.83518981933594,2486800,0.0,0.0
2026-04-15 00:00:00-04:00,168.96098583111166,169.34841927795503,164.72901932263827,167.34170532226562,3048500,0.0,0.0
2026-04-16 00:00:00-04:00,167.6000129561346,169.9146698475995,165.22573808962008,167.39138793945312,2754600,0.0,0.0
2026-04-17 00:00:00-04:00,167.88808274261206,170.22262723463973,165.19590622538857,166.62643432617188,3433200,0.0,0.0
2026-04-20 00:00:00-04:00,168.02716061804858,168.66294919927103,155.2219696187186,156.14584350585938,3831000,0.0,0.0
2026-04-21 00:00:00-04:00,155.7186753434526,157.45716135207167,148.6753270951192,148.87400817871094,3241000,0.0,0.0
2026-04-22 00:00:00-04:00,150.79130096155683,152.072821979702,147.98986284932352,148.61572265625,3165600,0.0,0.0
2026-04-23 00:00:00-04:00,149.18197580518725,153.51329040527344,147.8110504702401,153.51329040527344,3670500,0.0,0.0
2026-04-24 00:00:00-04:00,153.84111594448876,159.61288725099791,152.9768448663093,158.758544921875,1985600,0.0,0.0
2026-04-27 00:00:00-04:00,159.83143489657542,160.2983437771342,156.3544629016709,159.09629821777344,1825400,0.0,0.0
2026-04-28 00:00:00-04:00,155.52992894608093,158.20223282383307,153.70203865382365,153.79144287109375,2171700,0.0,0.0
2026-04-29 00:00:00-04:00,153.80138862196765,155.13256862304036,147.67197001901886,148.02960205078125,1820200,0.0,0.0
2026-04-30 00:00:00-04:00,150.0363143920047,154.83453778533902,149.83763330052327,154.55638122558594,2075100,0.0,0.0
2026-05-01 00:00:00-04:00,154.27239806022322,156.43472079289447,151.61182865793032,152.8275146484375,2380500,0.475,0.0
2026-05-04 00:00:00-04:00,152.4588149710771,155.80693073157576,151.80114584557535,154.2723846435547,1883500,0.0,0.0
2026-05-05 00:00:00-04:00,155.8866499420298,158.68670810438203,155.53788186426945,156.87313842773438,2431800,0.0,0.0
2026-05-06 00:00:00-04:00,152.6381714136717,157.27173276929898,148.47296401674862,150.10716247558594,3887100,0.0,0.0
2026-05-07 00:00:00-04:00,150.3263968804273,150.80469482519078,141.0493295180602,141.3582305908203,4355100,0.0,0.0
2026-05-08 00:00:00-04:00,143.04225103810234,144.44726736351038,137.2727223847532,137.62149047851562,2475000,0.0,0.0
2026-05-11 00:00:00-04:00,137.55173439990907,138.61795701962342,136.48552698501214,136.81436157226562,2886300,0.0,0.0
2026-05-12 00:00:00-04:00,135.51894571919516,137.92042480352208,133.56587187018172,136.8542022705078,3273700,0.0,0.0
2026-05-13 00:00:00-04:00,136.66488564271765,137.5019260649391,128.78287537160597,130.61636352539062,5065200,0.0,0.0
2026-05-14 00:00:00-04:00,130.4868150677486,134.42284052261874,130.2376993401642,134.2434844970703,2783800,0.0,0.0
2026-05-15 00:00:00-04:00,131.53309967006345,131.78221538913553,127.18852092125353,127.35791778564453,2722200,0.0,0.0
2026-05-18 00:00:00-04:00,126.9095128716389,127.4376369810986,123.72083469995287,125.05609130859375,2506600,0.0,0.0
2026-05-19 00:00:00-04:00,123.56139793993395,123.72083565094802,120.79123233153692,123.27242279052734,3148200,0.0,0.0
2026-05-20 00:00:00-04:00,126.72017868765407,133.7552039690956,126.55078182789548,133.50608825683594,3708300,0.0,0.0
2026-05-21 00:00:00-04:00,132.56941851645968,136.7047487052498,132.1708394354083,136.43569946289062,2709200,0.0,0.0
2026-05-22 00:00:00-04:00,136.6349923177068,139.35534706848847,135.6883555736347,137.16311645507812,2147300,0.0,0.0
2026-05-26 00:00:00-04:00,139.50480158031647,142.57390903966143,138.38876803321529,139.9332733154297,2678500,0.0,0.0
2026-05-27 00:00:00-04:00,139.20585511775647,141.02938393181515,135.5986645177675,137.51187133789062,2492300,0.0,0.0
2026-05-28 00:00:00-04:00,135.48905441906643,138.4585094435005,134.59224393938075,137.01364135742188,2251000,0.0,0.0
2026-05-29 00:00:00-04:00,135.52890944861718,137.7310990810084,133.43634654491407,133.60574340820312,3571400,0.0,0.0
2026-06-01 00:00:00-04:00,130.62631949538712,131.18433629338105,126.66040136265832,129.01205444335938,2642800,0.0,0.0
2026-06-02 00:00:00-04:00,129.3907077519589,135.36948487956917,128.6533197658197,133.03775024414062,2742900,0.0,0.0
2026-06-03 00:00:00-04:00,131.74235998197838,136.45562500131456,131.50320342443806,133.286865234375,2517500,0.0,0.0
2026-06-04 00:00:00-04:00,133.0576865674434,134.36305050175739,130.48681052372154,132.91818237304688,1389400,0.0,0.0
2026-06-05 00:00:00-04:00,131.12454180130965,131.6825585603641,127.37784698707522,128.7429962158203,1737800,0.0,0.0
2026-06-08 00:00:00-04:00,128.8825019799943,129.22129570144224,126.85968360130326,127.25827026367188,1827900,0.0,0.0
2026-06-09 00:00:00-04:00,128.93232930404582,130.95514770062783,125.00626318896416,129.5003204345703,1882300,0.0,0.0
2026-06-10 00:00:00-04:00,126.84973119991692,127.63693020693455,119.68516046028931,120.22325134277344,3836500,0.0,0.0
2026-06-11 00:00:00-04:00,120.54211931707192,123.91016121259565,120.12360671987364,123.26245880126953,2034700,0.0,0.0
2026-06-12 00:00:00-04:00,124.73722419201191,129.54017499144453,123.46175291617382,125.02619934082031,2483800,0.0,0.0
2026-06-15 00:00:00-04:00,128.23480824009755,130.96510675295053,125.9828000416077,129.93875122070312,1904900,0.0,0.0
2026-06-16 00:00:00-04:00,130.36723936013468,135.06057097226196,130.0483639428027,131.63275146484375,1866000,0.0,0.0
2026-06-17 00:00:00-04:00,131.27402352282635,134.74171004133044,130.35727951010995,131.6626434326172,1627300,0.0,0.0
2026-06-18 00:00:00-04:00,132.71889465325108,140.06282128155257,132.71889465325108,134.582275390625,3786400,0.0,0.0
2026-06-22 00:00:00-04:00,134.86127579329803,138.53822606959346,134.86127579329803,138.4186553955078,5304800,0.0,0.0
2026-06-23 00:00:00-04:00,134.03421332417145,138.3787919857346,132.52955988492616,137.17308044433594,2264100,0.0,0.0
2026-06-24 00:00:00-04:00,137.20296923329096,142.47425090379903,136.3659441068463,141.7069854736328,3252300,0.0,0.0
2026-06-25 00:00:00-04:00,143.36111531274693,146.858709890051,142.99242889820258,146.58966064453125,3247000,0.0,0.0
2026-06-26 00:00:00-04:00,144.6664728343585,149.98759614031863,144.48711681524475,148.83169555664062,6642300,0.0,0.0
2026-06-29 00:00:00-04:00,149.01105230626752,150.43600213041864,145.6629364230457,148.58258056640625,2559000,0.0,0.0
2026-06-30 00:00:00-04:00,148.64236563623658,150.22673796256282,144.65651412558927,145.54336547851562,2316200,0.0,0.0
2026-07-01 00:00:00-04:00,145.04512909787988,145.33411183725337,136.99370749611273,140.30197143554688,3426200,0.0,0.0
2026-07-02 00:00:00-04:00,140.32191395939338,141.54755907850478,134.68193025270477,136.2164764404297,3004400,0.0,0.0
2026-07-06 00:00:00-04:00,138.27916326549402,141.5475604172481,137.51188256196605,140.51123046875,2315000,0.0,0.0
2026-07-07 00:00:00-04:00,140.43150508534399,140.94967003551534,136.06700805045904,137.52183532714844,2003100,0.0,0.0
2026-07-08 00:00:00-04:00,137.37237414131835,138.2392919870334,134.7516718842774,136.99371337890625,2282200,0.0,0.0
2026-07-09 00:00:00-04:00,139.73399278734678,142.68352975809339,138.8969675730819,139.9831085205078,1815500,0.0,0.0
2026-07-10 00:00:00-04:00,141.07920986277165,142.96252401084533,139.73397895494065,139.92330932617188,1085700,0.0,0.0
2026-07-13 00:00:00-04:00,138.60798775912656,139.84359195528873,137.08340082334712,138.98663330078125,1486100,0.0,0.0
2026-07-14 00:00:00-04:00,142.15539891807128,144.21806918489222,136.37591114025307,137.87060546875,1790700,0.0,0.0
2026-07-15 00:00:00-04:00,140.14254533691948,143.02232258553403,136.02714858604426,137.4122314453125,1991400,0.0,0.0
2026-07-16 00:00:00-04:00,136.5154083309425,138.25921829137425,130.8555067291101,132.2804412841797,2204000,0.0,0.0
2026-07-17 00:00:00-04:00,130.0882292619944,131.83203926495727,128.06541087494278,128.6533203125,2965400,0.0,0.0
2026-07-20 00:00:00-04:00,129.77932457277583,131.39358949332532,128.7230611999549,130.1181182861328,1994000,0.0,0.0
2026-07-21 00:00:00-04:00,132.07118382234626,133.88475356771352,130.59642301285896,131.134521484375,1784800,0.0,0.0
2026-07-22 00:00:00-04:00,130.64624280697572,140.0927062183364,130.64624280697572,139.48486328125,2614800,0.0,0.0
2026-07-23 00:00:00-04:00,138.3489074513003,142.6835272129088,137.352444536431,142.48423767089844,2931200,0.0,0.0
2026-07-24 00:00:00-04:00,142.26500932846443,143.6799847904381,138.74749658602764,140.53115844726562,2270100,0.0,0.0
2026-07-27 00:00:00-04:00,141.48776801209897,141.51766068173484,134.92106616044683,136.01718139648438,2279000,0.0,0.0
2026-07-28 00:00:00-04:00,134.25343983478678,135.1004393664153,126.3514964788227,127.10880279541016,3166700,0.0,0.0
2026-07-29 00:00:00-04:00,126.45114247512326,128.1451339524304,122.01687804568638,123.79058837890625,2550100,0.0,0.0
2026-07-30 00:00:00-04:00,128.54371756354146,135.05061925948107,128.23481648898903,133.4961395263672,2624600,0.0,0.0
2026-07-31 00:00:00-04:00,136.09689558538162,137.462044801348,131.74235786976368,133.8149871826172,2695500,0.0,0.0
2026-08-03 00:00:00-04:00,134.6999969482422,140.72000122070312,131.52999877929688,138.47000122070312,2647400,0.475,0.0
2026-08-04 00:00:00-04:00,140.0,140.02999877929688,112.5,117.04000091552734,13780900,0.0,0.0
2026-08-05 00:00:00-04:00,118.37000274658203,124.70999908447266,117.77999877929688,120.7300033569336,6118700,0.0,0.0
2026-08-06 00:00:00-04:00,121.2699966430664,122.97000122070312,118.87000274658203,119.05000305175781,3473300,0.0,0.0
2026-08-07 00:00:00-04:00,119.0,123.30999755859375,117.86000061035156,118.12999725341797,3606500,0.0,0.0
2026-08-10 00:00:00-04:00,118.12999725341797,121.44000244140625,116.55999755859375,118.91000366210938,2206400,0.0,0.0
2026-08-11 00:00:00-04:00,119.75,122.41000366210938,119.44999694824219,119.79000091552734,1932700,0.0,0.0
2026-08-12 00:00:00-04:00,122.0,124.19000244140625,119.93000030517578,120.66000366210938,2221700,0.0,0.0
2026-08-13 00:00:00-04:00,120.0,122.06999969482422,119.41000366210938,119.75,1258300,0.0,0.0
2026-08-14 00:00:00-04:00,120.0,126.2699966430664,120.0,126.23999786376953,1447900,0.0,0.0
2026-08-17 00:00:00-04:00,127.4000015258789,127.52999877929688,121.37000274658203,122.37000274658203,1956800,0.0,0.0
2026-08-18 00:00:00-04:00,121.91999816894531,122.5199966430664,115.08000183105469,115.55999755859375,2625700,0.0,0.0
2026-08-19 00:00:00-04:00,116.19999694824219,120.79000091552734,115.5999984741211,120.58000183105469,2284300,0.0,0.0
2026-08-20 00:00:00-04:00,119.95999908447266,121.0999984741211,114.9000015258789,115.36000061035156,2791400,0.0,0.0
2026-08-21 00:00:00-04:00,116.58000183105469,117.2300033569336,113.05999755859375,113.11000061035156,2871000,0.0,0.0
2026-08-24 00:00:00-04:00,113.31999969482422,114.45999908447266,111.30000305175781,111.77999877929688,4776900,0.0,0.0
2026-08-25 00:00:00-04:00,114.01000213623047,115.62999725341797,112.9000015258789,113.61000061035156,2967100,0.0,0.0
2026-08-26 00:00:00-04:00,113.98999786376953,117.38999938964844,113.98999786376953,116.13999938964844,1643300,0.0,0.0
2026-08-27 00:00:00-04:00,116.16000366210938,117.30999755859375,113.23999786376953,114.41000366210938,2029400,0.0,0.0
2026-08-28 00:00:00-04:00,114.69999694824219,115.08999633789062,110.6500015258789,111.12000274658203,2169100,0.0,0.0
2026-08-31 00:00:00-04:00,110.30000305175781,110.9800033569336,108.54000091552734,110.12000274658203,3576400,0.0,0.0
2026-09-01 00:00:00-04:00,109.5,112.1500015258789,108.33999633789062,109.51000213623047,2180800,0.0,0.0
2026-09-02 00:00:00-04:00,110.5,111.91999816894531,108.77999877929688,111.08999633789062,2108200,0.0,0.0
2026-09-03 00:00:00-04:00,112.23999786376953,114.0,110.12000274658203,111.83999633789062,2325200,0.0,0.0
2026-09-04 00:00:00-04:00,111.29000091552734,119.25,111.29000091552734,119.0199966430664,3396000,0.0,0.0
2026-09-08 00:00:00-04:00,120.93000030517578,121.68000030517578,118.51000213623047,119.63999938964844,2571100,0.0,0.0
2026-09-09 00:00:00-04:00,118.55000305175781,118.93000030517578,114.58999633789062,115.37000274658203,2840400,0.0,0.0
2026-09-10 00:00:00-04:00,114.36000061035156,114.95999908447266,111.47000122070312,111.6500015258789,3532600,0.0,0.0
2026-09-11 00:00:00-04:00,113.58999633789062,114.98999786376953,112.16999816894531,113.45999908447266,1552000,0.0,0.0
2026-09-14 00:00:00-04:00,110.0,111.47000122070312,107.41000366210938,108.47000122070312,3061200,0.0,0.0
2026-09-15 00:00:00-04:00,109.43000030517578,109.6500015258789,105.12999725341797,105.98999786376953,3393200,0.0,0.0
2026-09-16 00:00:00-04:00,107.88999938964844,108.80999755859375,106.33999633789062,107.37999725341797,2009100,0.0,0.0
2026-09-17 00:00:00-04:00,109.73999786376953,111.25,106.02999877929688,106.2300033569336,3301800,0.0,0.0
2026-09-18 00:00:00-04:00,105.72000122070312,107.0999984741211,103.48999786376953,103.66000366210938,3691300,0.0,0.0
2026-09-21 00:00:00-04:00,104.81999969482422,104.81999969482422,101.33000183105469,103.27999877929688,3630000,0.0,0.0
2026-09-22 00:00:00-04:00,104.01000213623047,104.91000366210938,102.51000213623047,102.75,2460400,0.0,0.0
2026-09-23 00:00:00-04:00,102.0,102.41999816894531,100.12999725341797,100.72000122070312,2547300,0.0,0.0
2026-09-24 00:00:00-04:00,99.98999786376953,100.16000366210938,97.5,97.8499984741211,2642900,0.0,0.0
2026-09-25 00:00:00-04:00,98.13999938964844,100.86000061035156,98.13999938964844,100.37000274658203,2618700,0.0,0.0
2026-09-28 00:00:00-04:00,99.87999725341797,100.12000274658203,96.86000061035156,97.0,2852400,0.0,0.0
2026-09-29 00:00:00-04:00,97.81999969482422,99.80000305175781,96.7300033569336,97.16999816894531,2400600,0.0,0.0
2026-09-30 00:00:00-04:00,96.98999786376953,98.12000274658203,93.36000061035156,95.6500015258789,3675400,0.0,0.0
2026-10-01 00:00:00-04:00,95.8499984741211,97.70999908447266,94.55999755859375,96.93000030517578,2640100,0.0,0.0
2026-10-02 00:00:00-04:00,97.62999725341797,98.51000213623047,93.41999816894531,95.2300033569336,3336800,0.0,0.0
